"participantID","datetime_fetch","date","time","steps_5min"
"Salome",2026-06-08 03:16:55,2026-05-28,1899-12-31,3
"Salome",2026-06-08 03:16:55,2026-05-28,1899-12-31 00:05:00,41
"Salome",2026-06-08 03:16:55,2026-05-28,1899-12-31 00:10:00,47
"Salome",2026-06-08 03:16:55,2026-05-28,1899-12-31 00:15:00,8
"Salome",2026-06-08 03:16:55,2026-05-28,1899-12-31 04:25:00,11
"Salome",2026-06-08 03:16:55,2026-05-28,1899-12-31 06:10:00,110
"Salome",2026-06-08 03:16:55,2026-05-28,1899-12-31 06:15:00,55
"Salome",2026-06-08 03:16:55,2026-05-28,1899-12-31 06:20:00,19
"Salome",2026-06-08 03:16:55,2026-05-28,1899-12-31 06:50:00,23
"Salome",2026-06-08 03:16:55,2026-05-28,1899-12-31 06:55:00,17
"Salome",2026-06-08 03:16:55,2026-05-28,1899-12-31 07:30:00,16
"Salome",2026-06-08 03:16:55,2026-05-28,1899-12-31 07:55:00,60
"Salome",2026-06-08 03:16:55,2026-05-28,1899-12-31 08:05:00,26
"Salome",2026-06-08 03:16:55,2026-05-28,1899-12-31 08:15:00,7
"Salome",2026-06-08 03:16:55,2026-05-28,1899-12-31 08:40:00,160
"Salome",2026-06-08 03:16:55,2026-05-28,1899-12-31 08:45:00,56
"Salome",2026-06-08 03:16:55,2026-05-28,1899-12-31 08:50:00,96
"Salome",2026-06-08 03:16:55,2026-05-28,1899-12-31 09:05:00,152
"Salome",2026-06-08 03:16:55,2026-05-28,1899-12-31 09:20:00,34
"Salome",2026-06-08 03:16:55,2026-05-28,1899-12-31 09:25:00,120
"Salome",2026-06-08 03:16:55,2026-05-28,1899-12-31 09:30:00,75
"Salome",2026-06-08 03:16:55,2026-05-28,1899-12-31 09:40:00,37
"Salome",2026-06-08 03:16:55,2026-05-28,1899-12-31 09:45:00,17
"Salome",2026-06-08 03:16:55,2026-05-28,1899-12-31 09:50:00,99
"Salome",2026-06-08 03:16:55,2026-05-28,1899-12-31 09:55:00,185
"Salome",2026-06-08 03:16:55,2026-05-28,1899-12-31 10:00:00,563
"Salome",2026-06-08 03:16:55,2026-05-28,1899-12-31 10:05:00,558
"Salome",2026-06-08 03:16:55,2026-05-28,1899-12-31 10:10:00,560
"Salome",2026-06-08 03:16:55,2026-05-28,1899-12-31 10:15:00,53
"Salome",2026-06-08 03:16:55,2026-05-28,1899-12-31 10:20:00,154
"Salome",2026-06-08 03:16:55,2026-05-28,1899-12-31 10:25:00,35
"Salome",2026-06-08 03:16:55,2026-05-28,1899-12-31 10:30:00,79
"Salome",2026-06-08 03:16:55,2026-05-28,1899-12-31 10:35:00,334
"Salome",2026-06-08 03:16:55,2026-05-28,1899-12-31 10:40:00,488
"Salome",2026-06-08 03:16:55,2026-05-28,1899-12-31 10:45:00,408
"Salome",2026-06-08 03:16:55,2026-05-28,1899-12-31 10:50:00,368
"Salome",2026-06-08 03:16:55,2026-05-28,1899-12-31 10:55:00,498
"Salome",2026-06-08 03:16:55,2026-05-28,1899-12-31 11:00:00,492
"Salome",2026-06-08 03:16:55,2026-05-28,1899-12-31 11:05:00,468
"Salome",2026-06-08 03:16:55,2026-05-28,1899-12-31 11:10:00,190
"Salome",2026-06-08 03:16:55,2026-05-28,1899-12-31 11:15:00,86
"Salome",2026-06-08 03:16:55,2026-05-28,1899-12-31 11:20:00,131
"Salome",2026-06-08 03:16:55,2026-05-28,1899-12-31 12:05:00,13
"Salome",2026-06-08 03:16:55,2026-05-28,1899-12-31 12:10:00,19
"Salome",2026-06-08 03:16:55,2026-05-28,1899-12-31 12:45:00,185
"Salome",2026-06-08 03:16:55,2026-05-28,1899-12-31 12:50:00,50
"Salome",2026-06-08 03:16:55,2026-05-28,1899-12-31 12:55:00,38
"Salome",2026-06-08 03:16:55,2026-05-28,1899-12-31 13:00:00,16
"Salome",2026-06-08 03:16:55,2026-05-28,1899-12-31 13:10:00,120
"Salome",2026-06-08 03:16:55,2026-05-28,1899-12-31 13:15:00,310
"Salome",2026-06-08 03:16:55,2026-05-28,1899-12-31 13:20:00,93
"Salome",2026-06-08 03:16:55,2026-05-28,1899-12-31 13:25:00,232
"Salome",2026-06-08 03:16:55,2026-05-28,1899-12-31 13:30:00,52
"Salome",2026-06-08 03:16:55,2026-05-28,1899-12-31 13:35:00,137
"Salome",2026-06-08 03:16:55,2026-05-28,1899-12-31 13:40:00,361
"Salome",2026-06-08 03:16:55,2026-05-28,1899-12-31 13:45:00,52
"Salome",2026-06-08 03:16:55,2026-05-28,1899-12-31 13:50:00,66
"Salome",2026-06-08 03:16:55,2026-05-28,1899-12-31 13:55:00,56
"Salome",2026-06-08 03:16:55,2026-05-28,1899-12-31 14:05:00,51
"Salome",2026-06-08 03:16:55,2026-05-28,1899-12-31 14:10:00,7
"Salome",2026-06-08 03:16:55,2026-05-28,1899-12-31 16:20:00,29
"Salome",2026-06-08 03:16:55,2026-05-28,1899-12-31 16:25:00,80
"Salome",2026-06-08 03:16:55,2026-05-28,1899-12-31 16:30:00,7
"Salome",2026-06-08 03:16:55,2026-05-28,1899-12-31 17:20:00,9
"Salome",2026-06-08 03:16:55,2026-05-28,1899-12-31 17:45:00,59
"Salome",2026-06-08 03:16:55,2026-05-28,1899-12-31 17:50:00,65
"Salome",2026-06-08 03:16:55,2026-05-28,1899-12-31 17:55:00,247
"Salome",2026-06-08 03:16:55,2026-05-28,1899-12-31 18:00:00,19
"Salome",2026-06-08 03:16:55,2026-05-28,1899-12-31 18:05:00,67
"Salome",2026-06-08 03:16:55,2026-05-28,1899-12-31 18:30:00,8
"Salome",2026-06-08 03:16:55,2026-05-28,1899-12-31 18:55:00,7
"Salome",2026-06-08 03:16:55,2026-05-28,1899-12-31 19:30:00,7
"Salome",2026-06-08 03:16:55,2026-05-28,1899-12-31 19:35:00,82
"Salome",2026-06-08 03:16:55,2026-05-28,1899-12-31 19:40:00,180
"Salome",2026-06-08 03:16:55,2026-05-28,1899-12-31 19:45:00,75
"Salome",2026-06-08 03:16:55,2026-05-28,1899-12-31 19:50:00,15
"Salome",2026-06-08 03:16:55,2026-05-28,1899-12-31 19:55:00,13
"Salome",2026-06-08 03:16:55,2026-05-28,1899-12-31 20:00:00,57
"Salome",2026-06-08 03:16:55,2026-05-28,1899-12-31 20:10:00,150
"Salome",2026-06-08 03:16:55,2026-05-28,1899-12-31 20:15:00,51
"Salome",2026-06-08 03:16:55,2026-05-28,1899-12-31 20:40:00,58
"Salome",2026-06-08 03:16:55,2026-05-28,1899-12-31 21:00:00,28
"Salome",2026-06-08 03:16:55,2026-05-28,1899-12-31 21:05:00,20
"Salome",2026-06-08 03:16:55,2026-05-28,1899-12-31 21:55:00,57
"Salome",2026-06-08 03:16:55,2026-05-28,1899-12-31 22:05:00,29
"Salome",2026-06-08 03:16:55,2026-05-28,1899-12-31 22:10:00,12
"Salome",2026-06-08 03:16:55,2026-05-28,1899-12-31 22:15:00,22
"Salome",2026-06-08 03:16:55,2026-05-28,1899-12-31 22:20:00,17
"Salome",2026-06-08 03:16:55,2026-05-28,1899-12-31 22:25:00,20
"Salome",2026-06-08 03:16:55,2026-05-28,1899-12-31 22:35:00,9
"Salome",2026-06-08 03:16:55,2026-05-28,1899-12-31 22:40:00,385
"Salome",2026-06-08 03:16:55,2026-05-28,1899-12-31 22:45:00,208
"Salome",2026-06-08 03:16:55,2026-05-28,1899-12-31 22:50:00,204
"Salome",2026-06-08 03:16:55,2026-05-28,1899-12-31 22:55:00,95
"Salome",2026-06-08 03:16:55,2026-05-28,1899-12-31 23:30:00,149
"Salome",2026-06-08 03:16:55,2026-05-28,1899-12-31 23:35:00,149
"Salome",2026-06-08 03:16:55,2026-05-28,1899-12-31 23:40:00,322
"Salome",2026-06-08 03:16:55,2026-05-28,1899-12-31 23:45:00,434
"Salome",2026-06-08 03:16:55,2026-05-28,1899-12-31 23:50:00,326
"Salome",2026-06-08 03:16:55,2026-05-28,1899-12-31 23:55:00,417
"Salome",2026-06-08 03:17:42,2026-05-29,1899-12-31 00:05:00,6
"Salome",2026-06-08 03:17:42,2026-05-29,1899-12-31 00:20:00,8
"Salome",2026-06-08 03:17:42,2026-05-29,1899-12-31 00:50:00,77
"Salome",2026-06-08 03:17:42,2026-05-29,1899-12-31 01:35:00,14
"Salome",2026-06-08 03:17:42,2026-05-29,1899-12-31 01:45:00,28
"Salome",2026-06-08 03:17:42,2026-05-29,1899-12-31 02:35:00,15
"Salome",2026-06-08 03:17:42,2026-05-29,1899-12-31 02:40:00,13
"Salome",2026-06-08 03:17:42,2026-05-29,1899-12-31 08:05:00,27
"Salome",2026-06-08 03:17:42,2026-05-29,1899-12-31 08:10:00,108
"Salome",2026-06-08 03:17:42,2026-05-29,1899-12-31 08:15:00,134
"Salome",2026-06-08 03:17:42,2026-05-29,1899-12-31 08:20:00,141
"Salome",2026-06-08 03:17:42,2026-05-29,1899-12-31 08:35:00,17
"Salome",2026-06-08 03:17:42,2026-05-29,1899-12-31 08:40:00,19
"Salome",2026-06-08 03:17:42,2026-05-29,1899-12-31 08:45:00,112
"Salome",2026-06-08 03:17:42,2026-05-29,1899-12-31 08:55:00,132
"Salome",2026-06-08 03:17:42,2026-05-29,1899-12-31 09:00:00,73
"Salome",2026-06-08 03:17:42,2026-05-29,1899-12-31 09:10:00,91
"Salome",2026-06-08 03:17:42,2026-05-29,1899-12-31 09:15:00,10
"Salome",2026-06-08 03:17:42,2026-05-29,1899-12-31 09:20:00,16
"Salome",2026-06-08 03:17:42,2026-05-29,1899-12-31 09:35:00,17
"Salome",2026-06-08 03:17:42,2026-05-29,1899-12-31 09:45:00,414
"Salome",2026-06-08 03:17:42,2026-05-29,1899-12-31 09:50:00,261
"Salome",2026-06-08 03:17:42,2026-05-29,1899-12-31 09:55:00,113
"Salome",2026-06-08 03:17:42,2026-05-29,1899-12-31 10:00:00,40
"Salome",2026-06-08 03:17:42,2026-05-29,1899-12-31 10:05:00,126
"Salome",2026-06-08 03:17:42,2026-05-29,1899-12-31 10:10:00,327
"Salome",2026-06-08 03:17:42,2026-05-29,1899-12-31 10:35:00,7
"Salome",2026-06-08 03:17:42,2026-05-29,1899-12-31 11:00:00,4
"Salome",2026-06-08 03:17:42,2026-05-29,1899-12-31 11:35:00,34
"Salome",2026-06-08 03:17:42,2026-05-29,1899-12-31 11:40:00,180
"Salome",2026-06-08 03:17:42,2026-05-29,1899-12-31 11:45:00,74
"Salome",2026-06-08 03:17:42,2026-05-29,1899-12-31 12:25:00,9
"Salome",2026-06-08 03:17:42,2026-05-29,1899-12-31 12:55:00,7
"Salome",2026-06-08 03:17:42,2026-05-29,1899-12-31 13:15:00,76
"Salome",2026-06-08 03:17:42,2026-05-29,1899-12-31 13:30:00,74
"Salome",2026-06-08 03:17:42,2026-05-29,1899-12-31 13:45:00,178
"Salome",2026-06-08 03:17:42,2026-05-29,1899-12-31 13:50:00,47
"Salome",2026-06-08 03:17:42,2026-05-29,1899-12-31 13:55:00,12
"Salome",2026-06-08 03:17:42,2026-05-29,1899-12-31 14:00:00,8
"Salome",2026-06-08 03:17:42,2026-05-29,1899-12-31 14:05:00,45
"Salome",2026-06-08 03:17:42,2026-05-29,1899-12-31 14:10:00,167
"Salome",2026-06-08 03:17:42,2026-05-29,1899-12-31 14:15:00,176
"Salome",2026-06-08 03:17:42,2026-05-29,1899-12-31 14:20:00,79
"Salome",2026-06-08 03:17:42,2026-05-29,1899-12-31 14:25:00,117
"Salome",2026-06-08 03:17:42,2026-05-29,1899-12-31 14:30:00,67
"Salome",2026-06-08 03:17:42,2026-05-29,1899-12-31 14:35:00,106
"Salome",2026-06-08 03:17:42,2026-05-29,1899-12-31 14:50:00,23
"Salome",2026-06-08 03:17:42,2026-05-29,1899-12-31 14:55:00,6
"Salome",2026-06-08 03:17:42,2026-05-29,1899-12-31 15:00:00,8
"Salome",2026-06-08 03:17:42,2026-05-29,1899-12-31 15:20:00,34
"Salome",2026-06-08 03:17:42,2026-05-29,1899-12-31 15:25:00,184
"Salome",2026-06-08 03:17:42,2026-05-29,1899-12-31 15:30:00,322
"Salome",2026-06-08 03:17:42,2026-05-29,1899-12-31 15:35:00,545
"Salome",2026-06-08 03:17:42,2026-05-29,1899-12-31 15:40:00,251
"Salome",2026-06-08 03:17:42,2026-05-29,1899-12-31 15:45:00,9
"Salome",2026-06-08 03:17:42,2026-05-29,1899-12-31 16:20:00,291
"Salome",2026-06-08 03:17:42,2026-05-29,1899-12-31 16:25:00,454
"Salome",2026-06-08 03:17:42,2026-05-29,1899-12-31 16:30:00,404
"Salome",2026-06-08 03:17:42,2026-05-29,1899-12-31 16:35:00,356
"Salome",2026-06-08 03:17:42,2026-05-29,1899-12-31 16:40:00,82
"Salome",2026-06-08 03:17:42,2026-05-29,1899-12-31 16:45:00,43
"Salome",2026-06-08 03:17:42,2026-05-29,1899-12-31 16:50:00,58
"Salome",2026-06-08 03:17:42,2026-05-29,1899-12-31 16:55:00,155
"Salome",2026-06-08 03:17:42,2026-05-29,1899-12-31 17:00:00,46
"Salome",2026-06-08 03:17:42,2026-05-29,1899-12-31 17:05:00,85
"Salome",2026-06-08 03:17:42,2026-05-29,1899-12-31 17:10:00,20
"Salome",2026-06-08 03:17:42,2026-05-29,1899-12-31 18:15:00,273
"Salome",2026-06-08 03:17:42,2026-05-29,1899-12-31 18:20:00,261
"Salome",2026-06-08 03:17:42,2026-05-29,1899-12-31 18:25:00,164
"Salome",2026-06-08 03:17:42,2026-05-29,1899-12-31 18:30:00,47
"Salome",2026-06-08 03:17:42,2026-05-29,1899-12-31 18:35:00,249
"Salome",2026-06-08 03:17:42,2026-05-29,1899-12-31 18:40:00,463
"Salome",2026-06-08 03:17:42,2026-05-29,1899-12-31 18:45:00,143
"Salome",2026-06-08 03:17:42,2026-05-29,1899-12-31 18:50:00,114
"Salome",2026-06-08 03:17:42,2026-05-29,1899-12-31 18:55:00,142
"Salome",2026-06-08 03:17:42,2026-05-29,1899-12-31 19:50:00,20
"Salome",2026-06-08 03:17:42,2026-05-29,1899-12-31 19:55:00,113
"Salome",2026-06-08 03:17:42,2026-05-29,1899-12-31 20:00:00,57
"Salome",2026-06-08 03:17:42,2026-05-29,1899-12-31 20:05:00,51
"Salome",2026-06-08 03:17:42,2026-05-29,1899-12-31 20:10:00,36
"Salome",2026-06-08 03:17:42,2026-05-29,1899-12-31 20:45:00,219
"Salome",2026-06-08 03:17:42,2026-05-29,1899-12-31 20:50:00,304
"Salome",2026-06-08 03:17:42,2026-05-29,1899-12-31 20:55:00,87
"Salome",2026-06-08 03:17:42,2026-05-29,1899-12-31 21:15:00,92
"Salome",2026-06-08 03:17:42,2026-05-29,1899-12-31 21:20:00,29
"Salome",2026-06-08 03:17:42,2026-05-29,1899-12-31 21:25:00,40
"Salome",2026-06-08 03:17:42,2026-05-29,1899-12-31 21:30:00,56
"Salome",2026-06-08 03:17:42,2026-05-29,1899-12-31 21:35:00,37
"Salome",2026-06-08 03:17:42,2026-05-29,1899-12-31 21:55:00,40
"Salome",2026-06-08 03:17:42,2026-05-29,1899-12-31 22:25:00,23
"Salome",2026-06-08 03:17:42,2026-05-29,1899-12-31 22:40:00,116
"Salome",2026-06-08 03:17:42,2026-05-29,1899-12-31 23:15:00,4
"Salome",2026-06-08 03:17:42,2026-05-29,1899-12-31 23:30:00,36
"Salome",2026-06-08 03:17:42,2026-05-29,1899-12-31 23:35:00,4
"Salome",2026-06-08 03:18:25,2026-05-30,1899-12-31 00:35:00,35
"Salome",2026-06-08 03:18:25,2026-05-30,1899-12-31 00:40:00,84
"Salome",2026-06-08 03:18:25,2026-05-30,1899-12-31 01:20:00,23
"Salome",2026-06-08 03:18:25,2026-05-30,1899-12-31 01:35:00,10
"Salome",2026-06-08 03:18:25,2026-05-30,1899-12-31 01:45:00,60
"Salome",2026-06-08 03:18:25,2026-05-30,1899-12-31 07:35:00,125
"Salome",2026-06-08 03:18:25,2026-05-30,1899-12-31 07:40:00,3
"Salome",2026-06-08 03:18:25,2026-05-30,1899-12-31 08:20:00,9
"Salome",2026-06-08 03:18:25,2026-05-30,1899-12-31 08:40:00,49
"Salome",2026-06-08 03:18:25,2026-05-30,1899-12-31 08:45:00,45
"Salome",2026-06-08 03:18:25,2026-05-30,1899-12-31 09:40:00,28
"Salome",2026-06-08 03:18:25,2026-05-30,1899-12-31 10:40:00,8
"Salome",2026-06-08 03:18:25,2026-05-30,1899-12-31 14:40:00,66
"Salome",2026-06-08 03:18:25,2026-05-30,1899-12-31 14:45:00,35
"Salome",2026-06-08 03:18:25,2026-05-30,1899-12-31 15:15:00,4
"Salome",2026-06-08 03:18:25,2026-05-30,1899-12-31 15:25:00,23
"Salome",2026-06-08 03:18:25,2026-05-30,1899-12-31 15:30:00,101
"Salome",2026-06-08 03:18:25,2026-05-30,1899-12-31 15:35:00,141
"Salome",2026-06-08 03:18:25,2026-05-30,1899-12-31 15:40:00,53
"Salome",2026-06-08 03:18:25,2026-05-30,1899-12-31 15:55:00,17
"Salome",2026-06-08 03:18:25,2026-05-30,1899-12-31 16:50:00,39
"Salome",2026-06-08 03:18:25,2026-05-30,1899-12-31 17:20:00,39
"Salome",2026-06-08 03:18:25,2026-05-30,1899-12-31 17:25:00,62
"Salome",2026-06-08 03:18:25,2026-05-30,1899-12-31 18:00:00,82
"Salome",2026-06-08 03:18:25,2026-05-30,1899-12-31 18:05:00,68
"Salome",2026-06-08 03:18:25,2026-05-30,1899-12-31 18:20:00,7
"Salome",2026-06-08 03:18:25,2026-05-30,1899-12-31 19:15:00,90
"Salome",2026-06-08 03:18:25,2026-05-30,1899-12-31 19:20:00,99
"Salome",2026-06-08 03:18:25,2026-05-30,1899-12-31 19:40:00,9
"Salome",2026-06-08 03:18:25,2026-05-30,1899-12-31 19:50:00,19
"Salome",2026-06-08 03:18:25,2026-05-30,1899-12-31 20:00:00,141
"Salome",2026-06-08 03:18:25,2026-05-30,1899-12-31 20:05:00,66
"Salome",2026-06-08 03:18:25,2026-05-30,1899-12-31 21:00:00,31
"Salome",2026-06-08 03:18:25,2026-05-30,1899-12-31 21:05:00,212
"Salome",2026-06-08 03:18:25,2026-05-30,1899-12-31 21:10:00,14
"Salome",2026-06-08 03:18:25,2026-05-30,1899-12-31 21:15:00,192
"Salome",2026-06-08 03:18:25,2026-05-30,1899-12-31 22:25:00,14
"Salome",2026-06-08 03:18:25,2026-05-30,1899-12-31 22:40:00,84
"Salome",2026-06-08 03:18:25,2026-05-30,1899-12-31 22:45:00,53
"Salome",2026-06-08 03:18:25,2026-05-30,1899-12-31 23:05:00,76
"Salome",2026-06-08 03:18:25,2026-05-30,1899-12-31 23:10:00,15
"Salome",2026-06-08 03:18:25,2026-05-30,1899-12-31 23:20:00,94
"Salome",2026-06-08 03:18:25,2026-05-30,1899-12-31 23:25:00,80
"Salome",2026-06-08 03:19:58,2026-05-31,1899-12-31 00:05:00,23
"Salome",2026-06-08 03:19:58,2026-05-31,1899-12-31 00:10:00,21
"Salome",2026-06-08 03:19:58,2026-05-31,1899-12-31 01:00:00,19
"Salome",2026-06-08 03:19:58,2026-05-31,1899-12-31 01:10:00,62
"Salome",2026-06-08 03:19:58,2026-05-31,1899-12-31 02:15:00,63
"Salome",2026-06-08 03:19:58,2026-05-31,1899-12-31 02:25:00,51
"Salome",2026-06-08 03:19:58,2026-05-31,1899-12-31 02:35:00,9
"Salome",2026-06-08 03:19:58,2026-05-31,1899-12-31 03:40:00,43
"Salome",2026-06-08 03:19:58,2026-05-31,1899-12-31 03:45:00,3
"Salome",2026-06-08 03:19:58,2026-05-31,1899-12-31 06:45:00,11
"Salome",2026-06-08 03:19:58,2026-05-31,1899-12-31 10:50:00,99
"Salome",2026-06-08 03:19:58,2026-05-31,1899-12-31 10:55:00,21
"Salome",2026-06-08 03:19:58,2026-05-31,1899-12-31 11:00:00,67
"Salome",2026-06-08 03:19:58,2026-05-31,1899-12-31 11:05:00,109
"Salome",2026-06-08 03:19:58,2026-05-31,1899-12-31 11:10:00,28
"Salome",2026-06-08 03:19:58,2026-05-31,1899-12-31 11:20:00,29
"Salome",2026-06-08 03:19:58,2026-05-31,1899-12-31 11:25:00,26
"Salome",2026-06-08 03:19:58,2026-05-31,1899-12-31 11:30:00,407
"Salome",2026-06-08 03:19:58,2026-05-31,1899-12-31 11:35:00,179
"Salome",2026-06-08 03:19:58,2026-05-31,1899-12-31 11:40:00,65
"Salome",2026-06-08 03:19:58,2026-05-31,1899-12-31 11:45:00,270
"Salome",2026-06-08 03:19:58,2026-05-31,1899-12-31 11:50:00,375
"Salome",2026-06-08 03:19:58,2026-05-31,1899-12-31 11:55:00,67
"Salome",2026-06-08 03:19:58,2026-05-31,1899-12-31 12:00:00,22
"Salome",2026-06-08 03:19:58,2026-05-31,1899-12-31 12:05:00,111
"Salome",2026-06-08 03:19:58,2026-05-31,1899-12-31 12:10:00,8
"Salome",2026-06-08 03:19:58,2026-05-31,1899-12-31 12:15:00,37
"Salome",2026-06-08 03:19:58,2026-05-31,1899-12-31 12:20:00,329
"Salome",2026-06-08 03:19:58,2026-05-31,1899-12-31 12:25:00,570
"Salome",2026-06-08 03:19:58,2026-05-31,1899-12-31 12:30:00,521
"Salome",2026-06-08 03:19:58,2026-05-31,1899-12-31 12:35:00,178
"Salome",2026-06-08 03:19:58,2026-05-31,1899-12-31 12:40:00,8
"Salome",2026-06-08 03:19:58,2026-05-31,1899-12-31 13:05:00,54
"Salome",2026-06-08 03:19:58,2026-05-31,1899-12-31 13:10:00,118
"Salome",2026-06-08 03:19:58,2026-05-31,1899-12-31 13:20:00,169
"Salome",2026-06-08 03:19:58,2026-05-31,1899-12-31 13:25:00,354
"Salome",2026-06-08 03:19:58,2026-05-31,1899-12-31 13:30:00,12
"Salome",2026-06-08 03:19:58,2026-05-31,1899-12-31 13:35:00,35
"Salome",2026-06-08 03:19:58,2026-05-31,1899-12-31 13:40:00,81
"Salome",2026-06-08 03:19:58,2026-05-31,1899-12-31 13:45:00,63
"Salome",2026-06-08 03:19:58,2026-05-31,1899-12-31 13:50:00,170
"Salome",2026-06-08 03:19:58,2026-05-31,1899-12-31 13:55:00,140
"Salome",2026-06-08 03:19:58,2026-05-31,1899-12-31 14:00:00,11
"Salome",2026-06-08 03:19:58,2026-05-31,1899-12-31 14:05:00,69
"Salome",2026-06-08 03:19:58,2026-05-31,1899-12-31 14:25:00,46
"Salome",2026-06-08 03:19:58,2026-05-31,1899-12-31 14:30:00,212
"Salome",2026-06-08 03:19:58,2026-05-31,1899-12-31 14:35:00,63
"Salome",2026-06-08 03:19:58,2026-05-31,1899-12-31 14:40:00,84
"Salome",2026-06-08 03:19:58,2026-05-31,1899-12-31 14:45:00,272
"Salome",2026-06-08 03:19:58,2026-05-31,1899-12-31 14:50:00,7
"Salome",2026-06-08 03:19:58,2026-05-31,1899-12-31 15:00:00,36
"Salome",2026-06-08 03:19:58,2026-05-31,1899-12-31 15:05:00,133
"Salome",2026-06-08 03:19:58,2026-05-31,1899-12-31 15:10:00,128
"Salome",2026-06-08 03:19:58,2026-05-31,1899-12-31 15:15:00,140
"Salome",2026-06-08 03:19:58,2026-05-31,1899-12-31 15:25:00,122
"Salome",2026-06-08 03:19:58,2026-05-31,1899-12-31 15:30:00,15
"Salome",2026-06-08 03:19:58,2026-05-31,1899-12-31 15:40:00,44
"Salome",2026-06-08 03:19:58,2026-05-31,1899-12-31 15:45:00,45
"Salome",2026-06-08 03:19:58,2026-05-31,1899-12-31 15:50:00,179
"Salome",2026-06-08 03:19:58,2026-05-31,1899-12-31 15:55:00,120
"Salome",2026-06-08 03:19:58,2026-05-31,1899-12-31 16:00:00,200
"Salome",2026-06-08 03:19:58,2026-05-31,1899-12-31 16:05:00,1
"Salome",2026-06-08 03:19:58,2026-05-31,1899-12-31 16:45:00,36
"Salome",2026-06-08 03:19:58,2026-05-31,1899-12-31 16:55:00,104
"Salome",2026-06-08 03:19:58,2026-05-31,1899-12-31 17:00:00,137
"Salome",2026-06-08 03:19:58,2026-05-31,1899-12-31 17:05:00,39
"Salome",2026-06-08 03:19:58,2026-05-31,1899-12-31 17:10:00,90
"Salome",2026-06-08 03:19:58,2026-05-31,1899-12-31 17:15:00,115
"Salome",2026-06-08 03:19:58,2026-05-31,1899-12-31 17:20:00,96
"Salome",2026-06-08 03:19:58,2026-05-31,1899-12-31 17:35:00,41
"Salome",2026-06-08 03:19:58,2026-05-31,1899-12-31 17:40:00,114
"Salome",2026-06-08 03:19:58,2026-05-31,1899-12-31 17:45:00,164
"Salome",2026-06-08 03:19:58,2026-05-31,1899-12-31 17:50:00,225
"Salome",2026-06-08 03:19:58,2026-05-31,1899-12-31 17:55:00,82
"Salome",2026-06-08 03:19:58,2026-05-31,1899-12-31 18:00:00,97
"Salome",2026-06-08 03:19:58,2026-05-31,1899-12-31 18:05:00,160
"Salome",2026-06-08 03:19:58,2026-05-31,1899-12-31 18:10:00,54
"Salome",2026-06-08 03:19:58,2026-05-31,1899-12-31 18:15:00,6
"Salome",2026-06-08 03:19:58,2026-05-31,1899-12-31 18:25:00,13
"Salome",2026-06-08 03:19:58,2026-05-31,1899-12-31 18:30:00,13
"Salome",2026-06-08 03:19:58,2026-05-31,1899-12-31 18:35:00,109
"Salome",2026-06-08 03:19:58,2026-05-31,1899-12-31 18:40:00,93
"Salome",2026-06-08 03:19:58,2026-05-31,1899-12-31 18:45:00,113
"Salome",2026-06-08 03:19:58,2026-05-31,1899-12-31 18:50:00,4
"Salome",2026-06-08 03:19:58,2026-05-31,1899-12-31 18:55:00,57
"Salome",2026-06-08 03:19:58,2026-05-31,1899-12-31 19:00:00,6
"Salome",2026-06-08 03:19:58,2026-05-31,1899-12-31 19:05:00,11
"Salome",2026-06-08 03:19:58,2026-05-31,1899-12-31 19:10:00,20
"Salome",2026-06-08 03:19:58,2026-05-31,1899-12-31 19:15:00,140
"Salome",2026-06-08 03:19:58,2026-05-31,1899-12-31 19:20:00,184
"Salome",2026-06-08 03:19:58,2026-05-31,1899-12-31 19:25:00,201
"Salome",2026-06-08 03:19:58,2026-05-31,1899-12-31 19:30:00,19
"Salome",2026-06-08 03:19:58,2026-05-31,1899-12-31 19:40:00,56
"Salome",2026-06-08 03:19:58,2026-05-31,1899-12-31 19:45:00,106
"Salome",2026-06-08 03:19:58,2026-05-31,1899-12-31 19:50:00,87
"Salome",2026-06-08 03:19:58,2026-05-31,1899-12-31 19:55:00,146
"Salome",2026-06-08 03:19:58,2026-05-31,1899-12-31 20:50:00,8
"Salome",2026-06-08 03:19:58,2026-05-31,1899-12-31 21:00:00,79
"Salome",2026-06-08 03:19:58,2026-05-31,1899-12-31 21:05:00,152
"Salome",2026-06-08 03:19:58,2026-05-31,1899-12-31 21:15:00,9
"Salome",2026-06-08 03:19:58,2026-05-31,1899-12-31 21:40:00,32
"Salome",2026-06-08 03:19:58,2026-05-31,1899-12-31 21:45:00,38
"Salome",2026-06-08 03:19:58,2026-05-31,1899-12-31 21:50:00,7
"Salome",2026-06-08 03:19:58,2026-05-31,1899-12-31 22:40:00,8
"Salome",2026-06-08 03:19:58,2026-05-31,1899-12-31 22:55:00,59
"Salome",2026-06-08 03:19:58,2026-05-31,1899-12-31 23:05:00,35
"Salome",2026-06-08 03:20:21,2026-06-01,1899-12-31 00:45:00,8
"Salome",2026-06-08 03:20:21,2026-06-01,1899-12-31 00:50:00,81
"Salome",2026-06-08 03:20:21,2026-06-01,1899-12-31 01:05:00,7
"Salome",2026-06-08 03:20:21,2026-06-01,1899-12-31 01:25:00,91
"Salome",2026-06-08 03:20:21,2026-06-01,1899-12-31 01:30:00,17
"Salome",2026-06-08 03:20:21,2026-06-01,1899-12-31 05:45:00,34
"Salome",2026-06-08 03:20:21,2026-06-01,1899-12-31 05:50:00,120
"Salome",2026-06-08 03:20:21,2026-06-01,1899-12-31 05:55:00,16
"Salome",2026-06-08 03:20:21,2026-06-01,1899-12-31 06:05:00,16
"Salome",2026-06-08 03:20:21,2026-06-01,1899-12-31 06:10:00,8
"Salome",2026-06-08 03:20:21,2026-06-01,1899-12-31 06:15:00,42
"Salome",2026-06-08 03:20:21,2026-06-01,1899-12-31 07:10:00,6
"Salome",2026-06-08 03:20:21,2026-06-01,1899-12-31 07:35:00,110
"Salome",2026-06-08 03:20:21,2026-06-01,1899-12-31 07:40:00,152
"Salome",2026-06-08 03:20:21,2026-06-01,1899-12-31 08:15:00,6
"Salome",2026-06-08 03:20:21,2026-06-01,1899-12-31 08:20:00,67
"Salome",2026-06-08 03:20:21,2026-06-01,1899-12-31 08:25:00,42
"Salome",2026-06-08 03:20:21,2026-06-01,1899-12-31 08:30:00,69
"Salome",2026-06-08 03:20:21,2026-06-01,1899-12-31 09:00:00,32
"Salome",2026-06-08 03:20:21,2026-06-01,1899-12-31 09:05:00,10
"Salome",2026-06-08 03:20:21,2026-06-01,1899-12-31 09:10:00,7
"Salome",2026-06-08 03:20:21,2026-06-01,1899-12-31 09:15:00,30
"Salome",2026-06-08 03:20:21,2026-06-01,1899-12-31 09:25:00,15
"Salome",2026-06-08 03:20:21,2026-06-01,1899-12-31 11:20:00,31
"Salome",2026-06-08 03:20:21,2026-06-01,1899-12-31 11:25:00,48
"Salome",2026-06-08 03:20:21,2026-06-01,1899-12-31 11:35:00,16
"Salome",2026-06-08 03:20:21,2026-06-01,1899-12-31 11:40:00,25
"Salome",2026-06-08 03:20:21,2026-06-01,1899-12-31 12:00:00,67
"Salome",2026-06-08 03:20:21,2026-06-01,1899-12-31 12:05:00,61
"Salome",2026-06-08 03:20:21,2026-06-01,1899-12-31 12:25:00,27
"Salome",2026-06-08 03:20:21,2026-06-01,1899-12-31 13:30:00,10
"Salome",2026-06-08 03:20:21,2026-06-01,1899-12-31 14:10:00,35
"Salome",2026-06-08 03:20:21,2026-06-01,1899-12-31 14:15:00,351
"Salome",2026-06-08 03:20:21,2026-06-01,1899-12-31 14:20:00,601
"Salome",2026-06-08 03:20:21,2026-06-01,1899-12-31 14:25:00,449
"Salome",2026-06-08 03:20:21,2026-06-01,1899-12-31 14:30:00,127
"Salome",2026-06-08 03:20:21,2026-06-01,1899-12-31 14:35:00,277
"Salome",2026-06-08 03:20:21,2026-06-01,1899-12-31 14:40:00,554
"Salome",2026-06-08 03:20:21,2026-06-01,1899-12-31 14:45:00,372
"Salome",2026-06-08 03:20:21,2026-06-01,1899-12-31 14:50:00,12
"Salome",2026-06-08 03:20:21,2026-06-01,1899-12-31 14:55:00,87
"Salome",2026-06-08 03:20:21,2026-06-01,1899-12-31 15:00:00,8
"Salome",2026-06-08 03:20:21,2026-06-01,1899-12-31 15:10:00,19
"Salome",2026-06-08 03:20:21,2026-06-01,1899-12-31 15:15:00,85
"Salome",2026-06-08 03:20:21,2026-06-01,1899-12-31 15:20:00,13
"Salome",2026-06-08 03:20:21,2026-06-01,1899-12-31 15:25:00,387
"Salome",2026-06-08 03:20:21,2026-06-01,1899-12-31 15:30:00,273
"Salome",2026-06-08 03:20:21,2026-06-01,1899-12-31 15:35:00,52
"Salome",2026-06-08 03:20:21,2026-06-01,1899-12-31 15:40:00,12
"Salome",2026-06-08 03:20:21,2026-06-01,1899-12-31 16:10:00,96
"Salome",2026-06-08 03:20:21,2026-06-01,1899-12-31 16:15:00,43
"Salome",2026-06-08 03:20:21,2026-06-01,1899-12-31 16:25:00,61
"Salome",2026-06-08 03:20:21,2026-06-01,1899-12-31 16:45:00,22
"Salome",2026-06-08 03:20:21,2026-06-01,1899-12-31 16:50:00,53
"Salome",2026-06-08 03:20:21,2026-06-01,1899-12-31 16:55:00,30
"Salome",2026-06-08 03:20:21,2026-06-01,1899-12-31 17:15:00,7
"Salome",2026-06-08 03:20:21,2026-06-01,1899-12-31 17:20:00,6
"Salome",2026-06-08 03:20:21,2026-06-01,1899-12-31 17:45:00,16
"Salome",2026-06-08 03:20:21,2026-06-01,1899-12-31 17:50:00,20
"Salome",2026-06-08 03:20:21,2026-06-01,1899-12-31 18:10:00,236
"Salome",2026-06-08 03:20:21,2026-06-01,1899-12-31 18:15:00,534
"Salome",2026-06-08 03:20:21,2026-06-01,1899-12-31 18:20:00,295
"Salome",2026-06-08 03:20:21,2026-06-01,1899-12-31 18:25:00,12
"Salome",2026-06-08 03:20:21,2026-06-01,1899-12-31 18:50:00,10
"Salome",2026-06-08 03:20:21,2026-06-01,1899-12-31 18:55:00,30
"Salome",2026-06-08 03:20:21,2026-06-01,1899-12-31 19:00:00,8
"Salome",2026-06-08 03:20:21,2026-06-01,1899-12-31 19:10:00,10
"Salome",2026-06-08 03:20:21,2026-06-01,1899-12-31 19:25:00,26
"Salome",2026-06-08 03:20:21,2026-06-01,1899-12-31 19:30:00,47
"Salome",2026-06-08 03:20:21,2026-06-01,1899-12-31 19:35:00,204
"Salome",2026-06-08 03:20:21,2026-06-01,1899-12-31 19:40:00,81
"Salome",2026-06-08 03:20:21,2026-06-01,1899-12-31 20:00:00,154
"Salome",2026-06-08 03:20:21,2026-06-01,1899-12-31 20:15:00,32
"Salome",2026-06-08 03:20:21,2026-06-01,1899-12-31 20:20:00,54
"Salome",2026-06-08 03:20:21,2026-06-01,1899-12-31 20:25:00,97
"Salome",2026-06-08 03:20:21,2026-06-01,1899-12-31 20:30:00,71
"Salome",2026-06-08 03:20:21,2026-06-01,1899-12-31 20:35:00,193
"Salome",2026-06-08 03:20:21,2026-06-01,1899-12-31 20:40:00,266
"Salome",2026-06-08 03:20:21,2026-06-01,1899-12-31 20:45:00,175
"Salome",2026-06-08 03:20:21,2026-06-01,1899-12-31 20:50:00,29
"Salome",2026-06-08 03:20:21,2026-06-01,1899-12-31 20:55:00,148
"Salome",2026-06-08 03:20:21,2026-06-01,1899-12-31 21:00:00,127
"Salome",2026-06-08 03:20:21,2026-06-01,1899-12-31 21:05:00,33
"Salome",2026-06-08 03:20:21,2026-06-01,1899-12-31 21:10:00,99
"Salome",2026-06-08 03:20:21,2026-06-01,1899-12-31 21:15:00,81
"Salome",2026-06-08 03:20:21,2026-06-01,1899-12-31 21:20:00,114
"Salome",2026-06-08 03:20:21,2026-06-01,1899-12-31 21:25:00,16
"Salome",2026-06-08 03:20:21,2026-06-01,1899-12-31 21:30:00,88
"Salome",2026-06-08 03:20:21,2026-06-01,1899-12-31 21:35:00,118
"Salome",2026-06-08 03:20:21,2026-06-01,1899-12-31 21:40:00,69
"Salome",2026-06-08 03:20:21,2026-06-01,1899-12-31 21:45:00,103
"Salome",2026-06-08 03:20:21,2026-06-01,1899-12-31 21:50:00,90
"Salome",2026-06-08 03:20:21,2026-06-01,1899-12-31 21:55:00,121
"Salome",2026-06-08 03:20:21,2026-06-01,1899-12-31 22:00:00,67
"Salome",2026-06-08 03:20:21,2026-06-01,1899-12-31 22:05:00,80
"Salome",2026-06-08 03:20:21,2026-06-01,1899-12-31 22:10:00,59
"Salome",2026-06-08 03:20:21,2026-06-01,1899-12-31 22:15:00,24
"Salome",2026-06-08 03:20:21,2026-06-01,1899-12-31 22:20:00,49
"Salome",2026-06-08 03:20:21,2026-06-01,1899-12-31 22:25:00,195
"Salome",2026-06-08 03:20:21,2026-06-01,1899-12-31 22:30:00,59
"Salome",2026-06-08 03:20:21,2026-06-01,1899-12-31 22:35:00,116
"Salome",2026-06-08 03:20:21,2026-06-01,1899-12-31 22:40:00,187
"Salome",2026-06-08 03:20:21,2026-06-01,1899-12-31 22:45:00,146
"Salome",2026-06-08 03:20:21,2026-06-01,1899-12-31 22:50:00,179
"Salome",2026-06-08 03:20:21,2026-06-01,1899-12-31 22:55:00,72
"Salome",2026-06-08 03:20:21,2026-06-01,1899-12-31 23:00:00,25
"Salome",2026-06-08 03:21:29,2026-06-02,1899-12-31 00:20:00,10
"Salome",2026-06-08 03:21:29,2026-06-02,1899-12-31 01:40:00,56
"Salome",2026-06-08 03:21:29,2026-06-02,1899-12-31 01:45:00,32
"Salome",2026-06-08 03:21:29,2026-06-02,1899-12-31 03:15:00,6
"Salome",2026-06-08 03:21:29,2026-06-02,1899-12-31 05:55:00,83
"Salome",2026-06-08 03:21:29,2026-06-02,1899-12-31 09:05:00,15
"Salome",2026-06-08 03:21:29,2026-06-02,1899-12-31 09:10:00,18
"Salome",2026-06-08 03:21:29,2026-06-02,1899-12-31 09:15:00,5
"Salome",2026-06-08 03:21:29,2026-06-02,1899-12-31 09:20:00,26
"Salome",2026-06-08 03:21:29,2026-06-02,1899-12-31 09:25:00,40
"Salome",2026-06-08 03:21:29,2026-06-02,1899-12-31 09:30:00,11
"Salome",2026-06-08 03:21:29,2026-06-02,1899-12-31 09:35:00,63
"Salome",2026-06-08 03:21:29,2026-06-02,1899-12-31 09:40:00,19
"Salome",2026-06-08 03:21:29,2026-06-02,1899-12-31 09:45:00,47
"Salome",2026-06-08 03:21:29,2026-06-02,1899-12-31 10:20:00,12
"Salome",2026-06-08 03:21:29,2026-06-02,1899-12-31 10:45:00,4
"Salome",2026-06-08 03:21:29,2026-06-02,1899-12-31 11:25:00,75
"Salome",2026-06-08 03:21:29,2026-06-02,1899-12-31 11:30:00,280
"Salome",2026-06-08 03:21:29,2026-06-02,1899-12-31 11:35:00,175
"Salome",2026-06-08 03:21:29,2026-06-02,1899-12-31 11:40:00,48
"Salome",2026-06-08 03:21:29,2026-06-02,1899-12-31 12:00:00,8
"Salome",2026-06-08 03:21:29,2026-06-02,1899-12-31 12:45:00,95
"Salome",2026-06-08 03:21:29,2026-06-02,1899-12-31 12:50:00,71
"Salome",2026-06-08 03:21:29,2026-06-02,1899-12-31 12:55:00,77
"Salome",2026-06-08 03:21:29,2026-06-02,1899-12-31 13:00:00,42
"Salome",2026-06-08 03:21:29,2026-06-02,1899-12-31 13:05:00,95
"Salome",2026-06-08 03:21:29,2026-06-02,1899-12-31 13:10:00,106
"Salome",2026-06-08 03:21:29,2026-06-02,1899-12-31 13:15:00,64
"Salome",2026-06-08 03:21:29,2026-06-02,1899-12-31 13:40:00,8
"Salome",2026-06-08 03:21:29,2026-06-02,1899-12-31 14:10:00,6
"Salome",2026-06-08 03:21:29,2026-06-02,1899-12-31 14:30:00,69
"Salome",2026-06-08 03:21:29,2026-06-02,1899-12-31 14:35:00,134
"Salome",2026-06-08 03:21:29,2026-06-02,1899-12-31 14:40:00,197
"Salome",2026-06-08 03:21:29,2026-06-02,1899-12-31 14:45:00,218
"Salome",2026-06-08 03:21:29,2026-06-02,1899-12-31 14:50:00,19
"Salome",2026-06-08 03:21:29,2026-06-02,1899-12-31 15:35:00,7
"Salome",2026-06-08 03:21:29,2026-06-02,1899-12-31 16:15:00,9
"Salome",2026-06-08 03:21:29,2026-06-02,1899-12-31 16:20:00,159
"Salome",2026-06-08 03:21:29,2026-06-02,1899-12-31 16:25:00,44
"Salome",2026-06-08 03:21:29,2026-06-02,1899-12-31 16:30:00,169
"Salome",2026-06-08 03:21:29,2026-06-02,1899-12-31 16:35:00,373
"Salome",2026-06-08 03:21:29,2026-06-02,1899-12-31 16:40:00,345
"Salome",2026-06-08 03:21:29,2026-06-02,1899-12-31 16:45:00,49
"Salome",2026-06-08 03:21:29,2026-06-02,1899-12-31 16:50:00,237
"Salome",2026-06-08 03:21:29,2026-06-02,1899-12-31 16:55:00,512
"Salome",2026-06-08 03:21:29,2026-06-02,1899-12-31 17:00:00,34
"Salome",2026-06-08 03:21:29,2026-06-02,1899-12-31 17:10:00,137
"Salome",2026-06-08 03:21:29,2026-06-02,1899-12-31 17:15:00,51
"Salome",2026-06-08 03:21:29,2026-06-02,1899-12-31 17:20:00,333
"Salome",2026-06-08 03:21:29,2026-06-02,1899-12-31 17:25:00,97
"Salome",2026-06-08 03:21:29,2026-06-02,1899-12-31 17:30:00,81
"Salome",2026-06-08 03:21:29,2026-06-02,1899-12-31 17:35:00,170
"Salome",2026-06-08 03:21:29,2026-06-02,1899-12-31 17:40:00,147
"Salome",2026-06-08 03:21:29,2026-06-02,1899-12-31 17:45:00,75
"Salome",2026-06-08 03:21:29,2026-06-02,1899-12-31 17:50:00,91
"Salome",2026-06-08 03:21:29,2026-06-02,1899-12-31 17:55:00,116
"Salome",2026-06-08 03:21:29,2026-06-02,1899-12-31 18:00:00,180
"Salome",2026-06-08 03:21:29,2026-06-02,1899-12-31 18:05:00,138
"Salome",2026-06-08 03:21:29,2026-06-02,1899-12-31 18:10:00,27
"Salome",2026-06-08 03:21:29,2026-06-02,1899-12-31 18:15:00,106
"Salome",2026-06-08 03:21:29,2026-06-02,1899-12-31 18:20:00,11
"Salome",2026-06-08 03:21:29,2026-06-02,1899-12-31 18:25:00,272
"Salome",2026-06-08 03:21:29,2026-06-02,1899-12-31 18:30:00,235
"Salome",2026-06-08 03:21:29,2026-06-02,1899-12-31 18:35:00,427
"Salome",2026-06-08 03:21:29,2026-06-02,1899-12-31 18:40:00,236
"Salome",2026-06-08 03:21:29,2026-06-02,1899-12-31 18:45:00,348
"Salome",2026-06-08 03:21:29,2026-06-02,1899-12-31 18:50:00,61
"Salome",2026-06-08 03:21:29,2026-06-02,1899-12-31 18:55:00,166
"Salome",2026-06-08 03:21:29,2026-06-02,1899-12-31 19:00:00,151
"Salome",2026-06-08 03:21:29,2026-06-02,1899-12-31 19:05:00,110
"Salome",2026-06-08 03:21:29,2026-06-02,1899-12-31 19:10:00,62
"Salome",2026-06-08 03:21:29,2026-06-02,1899-12-31 19:15:00,160
"Salome",2026-06-08 03:21:29,2026-06-02,1899-12-31 19:20:00,246
"Salome",2026-06-08 03:21:29,2026-06-02,1899-12-31 19:25:00,33
"Salome",2026-06-08 03:21:29,2026-06-02,1899-12-31 20:15:00,5
"Salome",2026-06-08 03:21:29,2026-06-02,1899-12-31 20:45:00,49
"Salome",2026-06-08 03:21:29,2026-06-02,1899-12-31 20:50:00,68
"Salome",2026-06-08 03:21:29,2026-06-02,1899-12-31 21:35:00,121
"Salome",2026-06-08 03:21:29,2026-06-02,1899-12-31 21:40:00,71
"Salome",2026-06-08 03:21:29,2026-06-02,1899-12-31 21:45:00,14
"Salome",2026-06-08 03:21:29,2026-06-02,1899-12-31 21:50:00,49
"Salome",2026-06-08 03:21:29,2026-06-02,1899-12-31 22:05:00,47
"Salome",2026-06-08 03:21:29,2026-06-02,1899-12-31 22:40:00,126
"Salome",2026-06-08 03:21:29,2026-06-02,1899-12-31 22:45:00,64
"Salome",2026-06-08 03:21:29,2026-06-02,1899-12-31 23:05:00,145
"Salome",2026-06-08 03:21:29,2026-06-02,1899-12-31 23:10:00,685
"Salome",2026-06-08 03:21:29,2026-06-02,1899-12-31 23:15:00,119
"Salome",2026-06-08 03:21:29,2026-06-02,1899-12-31 23:40:00,9
"Salome",2026-06-08 03:21:29,2026-06-02,1899-12-31 23:45:00,290
"Salome",2026-06-08 03:21:29,2026-06-02,1899-12-31 23:50:00,58
"Salome",2026-06-08 03:28:03,2026-06-03,1899-12-31 00:15:00,89
"Salome",2026-06-08 03:28:03,2026-06-03,1899-12-31 00:20:00,446
"Salome",2026-06-08 03:28:03,2026-06-03,1899-12-31 00:25:00,340
"Salome",2026-06-08 03:28:03,2026-06-03,1899-12-31 00:30:00,268
"Salome",2026-06-08 03:28:03,2026-06-03,1899-12-31 00:35:00,321
"Salome",2026-06-08 03:28:03,2026-06-03,1899-12-31 00:40:00,360
"Salome",2026-06-08 03:28:03,2026-06-03,1899-12-31 00:45:00,115
"Salome",2026-06-08 03:28:03,2026-06-03,1899-12-31 02:45:00,6
"Salome",2026-06-08 03:28:03,2026-06-03,1899-12-31 04:55:00,4
"Salome",2026-06-08 03:28:03,2026-06-03,1899-12-31 05:30:00,35
"Salome",2026-06-08 03:28:03,2026-06-03,1899-12-31 05:35:00,99
"Salome",2026-06-08 03:28:03,2026-06-03,1899-12-31 05:40:00,64
"Salome",2026-06-08 03:28:03,2026-06-03,1899-12-31 05:45:00,48
"Salome",2026-06-08 03:28:03,2026-06-03,1899-12-31 05:50:00,67
"Salome",2026-06-08 03:28:03,2026-06-03,1899-12-31 05:55:00,52
"Salome",2026-06-08 03:28:03,2026-06-03,1899-12-31 06:00:00,99
"Salome",2026-06-08 03:28:03,2026-06-03,1899-12-31 06:05:00,94
"Salome",2026-06-08 03:28:03,2026-06-03,1899-12-31 06:10:00,34
"Salome",2026-06-08 03:28:03,2026-06-03,1899-12-31 06:15:00,202
"Salome",2026-06-08 03:28:03,2026-06-03,1899-12-31 06:20:00,284
"Salome",2026-06-08 03:28:03,2026-06-03,1899-12-31 06:25:00,525
"Salome",2026-06-08 03:28:03,2026-06-03,1899-12-31 06:30:00,519
"Salome",2026-06-08 03:28:03,2026-06-03,1899-12-31 06:45:00,6
"Salome",2026-06-08 03:28:03,2026-06-03,1899-12-31 06:50:00,12
"Salome",2026-06-08 03:28:03,2026-06-03,1899-12-31 06:55:00,44
"Salome",2026-06-08 03:28:03,2026-06-03,1899-12-31 07:00:00,300
"Salome",2026-06-08 03:28:03,2026-06-03,1899-12-31 07:05:00,573
"Salome",2026-06-08 03:28:03,2026-06-03,1899-12-31 07:10:00,386
"Salome",2026-06-08 03:28:03,2026-06-03,1899-12-31 07:15:00,71
"Salome",2026-06-08 03:28:03,2026-06-03,1899-12-31 07:20:00,295
"Salome",2026-06-08 03:28:03,2026-06-03,1899-12-31 07:25:00,273
"Salome",2026-06-08 03:28:03,2026-06-03,1899-12-31 07:30:00,49
"Salome",2026-06-08 03:28:03,2026-06-03,1899-12-31 07:35:00,6
"Salome",2026-06-08 03:28:03,2026-06-03,1899-12-31 07:40:00,4
"Salome",2026-06-08 03:28:03,2026-06-03,1899-12-31 07:50:00,138
"Salome",2026-06-08 03:28:03,2026-06-03,1899-12-31 07:55:00,173
"Salome",2026-06-08 03:28:03,2026-06-03,1899-12-31 08:05:00,318
"Salome",2026-06-08 03:28:03,2026-06-03,1899-12-31 08:10:00,14
"Salome",2026-06-08 03:28:03,2026-06-03,1899-12-31 08:15:00,8
"Salome",2026-06-08 03:28:03,2026-06-03,1899-12-31 08:30:00,323
"Salome",2026-06-08 03:28:03,2026-06-03,1899-12-31 08:35:00,16
"Salome",2026-06-08 03:28:03,2026-06-03,1899-12-31 08:40:00,4
"Salome",2026-06-08 03:28:03,2026-06-03,1899-12-31 08:50:00,37
"Salome",2026-06-08 03:28:03,2026-06-03,1899-12-31 08:55:00,5
"Salome",2026-06-08 03:28:03,2026-06-03,1899-12-31 09:00:00,49
"Salome",2026-06-08 03:28:03,2026-06-03,1899-12-31 09:05:00,6
"Salome",2026-06-08 03:28:03,2026-06-03,1899-12-31 09:10:00,166
"Salome",2026-06-08 03:28:03,2026-06-03,1899-12-31 09:15:00,23
"Salome",2026-06-08 03:28:03,2026-06-03,1899-12-31 09:20:00,48
"Salome",2026-06-08 03:28:03,2026-06-03,1899-12-31 09:25:00,106
"Salome",2026-06-08 03:28:03,2026-06-03,1899-12-31 09:30:00,21
"Salome",2026-06-08 03:28:03,2026-06-03,1899-12-31 09:35:00,32
"Salome",2026-06-08 03:28:03,2026-06-03,1899-12-31 09:40:00,17
"Salome",2026-06-08 03:28:03,2026-06-03,1899-12-31 09:45:00,16
"Salome",2026-06-08 03:28:03,2026-06-03,1899-12-31 09:50:00,39
"Salome",2026-06-08 03:28:03,2026-06-03,1899-12-31 09:55:00,155
"Salome",2026-06-08 03:28:03,2026-06-03,1899-12-31 10:00:00,65
"Salome",2026-06-08 03:28:03,2026-06-03,1899-12-31 10:30:00,11
"Salome",2026-06-08 03:28:03,2026-06-03,1899-12-31 11:00:00,93
"Salome",2026-06-08 03:28:03,2026-06-03,1899-12-31 11:05:00,312
"Salome",2026-06-08 03:28:03,2026-06-03,1899-12-31 11:10:00,310
"Salome",2026-06-08 03:28:03,2026-06-03,1899-12-31 11:15:00,295
"Salome",2026-06-08 03:28:03,2026-06-03,1899-12-31 11:20:00,373
"Salome",2026-06-08 03:28:03,2026-06-03,1899-12-31 11:25:00,60
"Salome",2026-06-08 03:28:03,2026-06-03,1899-12-31 11:45:00,8
"Salome",2026-06-08 03:28:03,2026-06-03,1899-12-31 11:55:00,39
"Salome",2026-06-08 03:28:03,2026-06-03,1899-12-31 12:00:00,76
"Salome",2026-06-08 03:28:03,2026-06-03,1899-12-31 12:15:00,11
"Salome",2026-06-08 03:28:03,2026-06-03,1899-12-31 12:20:00,53
"Salome",2026-06-08 03:28:03,2026-06-03,1899-12-31 12:40:00,122
"Salome",2026-06-08 03:28:03,2026-06-03,1899-12-31 13:00:00,11
"Salome",2026-06-08 03:28:03,2026-06-03,1899-12-31 13:10:00,12
"Salome",2026-06-08 03:28:03,2026-06-03,1899-12-31 13:20:00,58
"Salome",2026-06-08 03:28:03,2026-06-03,1899-12-31 13:35:00,14
"Salome",2026-06-08 03:28:03,2026-06-03,1899-12-31 13:45:00,28
"Salome",2026-06-08 03:28:03,2026-06-03,1899-12-31 13:50:00,19
"Salome",2026-06-08 03:28:03,2026-06-03,1899-12-31 14:00:00,143
"Salome",2026-06-08 03:28:03,2026-06-03,1899-12-31 14:05:00,176
"Salome",2026-06-08 03:28:03,2026-06-03,1899-12-31 14:10:00,130
"Salome",2026-06-08 03:28:03,2026-06-03,1899-12-31 14:15:00,140
"Salome",2026-06-08 03:28:03,2026-06-03,1899-12-31 14:20:00,131
"Salome",2026-06-08 03:28:03,2026-06-03,1899-12-31 14:25:00,8
"Salome",2026-06-08 03:28:03,2026-06-03,1899-12-31 14:30:00,26
"Salome",2026-06-08 03:28:03,2026-06-03,1899-12-31 14:35:00,8
"Salome",2026-06-08 03:28:03,2026-06-03,1899-12-31 14:55:00,323
"Salome",2026-06-08 03:28:03,2026-06-03,1899-12-31 15:00:00,325
"Salome",2026-06-08 03:28:03,2026-06-03,1899-12-31 15:05:00,223
"Salome",2026-06-08 03:28:03,2026-06-03,1899-12-31 15:20:00,222
"Salome",2026-06-08 03:28:03,2026-06-03,1899-12-31 15:25:00,118
"Salome",2026-06-08 03:28:03,2026-06-03,1899-12-31 15:30:00,361
"Salome",2026-06-08 03:28:03,2026-06-03,1899-12-31 15:35:00,175
"Salome",2026-06-08 03:28:03,2026-06-03,1899-12-31 15:40:00,7
"Salome",2026-06-08 03:28:03,2026-06-03,1899-12-31 15:45:00,64
"Salome",2026-06-08 03:28:03,2026-06-03,1899-12-31 15:55:00,124
"Salome",2026-06-08 03:28:03,2026-06-03,1899-12-31 16:00:00,547
"Salome",2026-06-08 03:28:03,2026-06-03,1899-12-31 16:05:00,260
"Salome",2026-06-08 03:28:03,2026-06-03,1899-12-31 16:20:00,31
"Salome",2026-06-08 03:28:03,2026-06-03,1899-12-31 16:25:00,164
"Salome",2026-06-08 03:28:03,2026-06-03,1899-12-31 16:30:00,489
"Salome",2026-06-08 03:28:03,2026-06-03,1899-12-31 16:35:00,477
"Salome",2026-06-08 03:28:03,2026-06-03,1899-12-31 16:40:00,431
"Salome",2026-06-08 03:28:03,2026-06-03,1899-12-31 16:45:00,318
"Salome",2026-06-08 03:28:03,2026-06-03,1899-12-31 16:50:00,119
"Salome",2026-06-08 03:28:03,2026-06-03,1899-12-31 16:55:00,86
"Salome",2026-06-08 03:28:03,2026-06-03,1899-12-31 17:00:00,85
"Salome",2026-06-08 03:28:03,2026-06-03,1899-12-31 17:05:00,8
"Salome",2026-06-08 03:28:03,2026-06-03,1899-12-31 17:35:00,22
"Salome",2026-06-08 03:28:03,2026-06-03,1899-12-31 17:40:00,45
"Salome",2026-06-08 03:28:03,2026-06-03,1899-12-31 18:20:00,98
"Salome",2026-06-08 03:28:03,2026-06-03,1899-12-31 18:25:00,95
"Salome",2026-06-08 03:28:03,2026-06-03,1899-12-31 20:15:00,31
"Salome",2026-06-08 03:28:03,2026-06-03,1899-12-31 20:20:00,123
"Salome",2026-06-08 03:28:03,2026-06-03,1899-12-31 20:25:00,211
"Salome",2026-06-08 03:28:03,2026-06-03,1899-12-31 20:30:00,74
"Salome",2026-06-08 03:28:03,2026-06-03,1899-12-31 20:35:00,92
"Salome",2026-06-08 03:28:03,2026-06-03,1899-12-31 20:40:00,109
"Salome",2026-06-08 03:28:03,2026-06-03,1899-12-31 20:50:00,14
"Salome",2026-06-08 03:28:03,2026-06-03,1899-12-31 20:55:00,29
"Salome",2026-06-08 03:28:03,2026-06-03,1899-12-31 21:00:00,54
"Salome",2026-06-08 03:28:03,2026-06-03,1899-12-31 21:05:00,25
"Salome",2026-06-08 03:28:03,2026-06-03,1899-12-31 21:10:00,41
"Salome",2026-06-08 03:28:03,2026-06-03,1899-12-31 21:15:00,65
"Salome",2026-06-08 03:28:03,2026-06-03,1899-12-31 21:20:00,62
"Salome",2026-06-08 03:28:03,2026-06-03,1899-12-31 21:25:00,197
"Salome",2026-06-08 03:28:03,2026-06-03,1899-12-31 21:30:00,81
"Salome",2026-06-08 03:28:03,2026-06-03,1899-12-31 21:35:00,127
"Salome",2026-06-08 03:28:03,2026-06-03,1899-12-31 21:40:00,223
"Salome",2026-06-08 03:28:03,2026-06-03,1899-12-31 21:45:00,49
"Salome",2026-06-08 03:28:03,2026-06-03,1899-12-31 22:20:00,104
"Salome",2026-06-08 03:28:03,2026-06-03,1899-12-31 22:25:00,193
"Salome",2026-06-08 03:28:03,2026-06-03,1899-12-31 22:30:00,44
"Salome",2026-06-08 03:28:03,2026-06-03,1899-12-31 22:35:00,94
"Salome",2026-06-08 03:28:03,2026-06-03,1899-12-31 22:40:00,35
"Salome",2026-06-08 03:28:03,2026-06-03,1899-12-31 22:45:00,18
"Salome",2026-06-08 03:28:03,2026-06-03,1899-12-31 22:50:00,12
"Salome",2026-06-08 03:28:03,2026-06-03,1899-12-31 22:55:00,59
"Salome",2026-06-08 03:28:03,2026-06-03,1899-12-31 23:00:00,161
"Salome",2026-06-08 03:28:03,2026-06-03,1899-12-31 23:05:00,104
"Salome",2026-06-08 04:05:48,2026-06-04,1899-12-31 02:40:00,97
"Salome",2026-06-08 04:05:48,2026-06-04,1899-12-31 02:45:00,11
"Salome",2026-06-08 04:05:48,2026-06-04,1899-12-31 04:05:00,8
"Salome",2026-06-08 04:05:48,2026-06-04,1899-12-31 07:05:00,8
"Salome",2026-06-08 04:05:48,2026-06-04,1899-12-31 08:00:00,10
"Salome",2026-06-08 04:05:48,2026-06-04,1899-12-31 11:35:00,46
"Salome",2026-06-08 04:05:48,2026-06-04,1899-12-31 11:40:00,61
"Salome",2026-06-08 04:05:48,2026-06-04,1899-12-31 11:45:00,7
"Salome",2026-06-08 04:05:48,2026-06-04,1899-12-31 12:00:00,6
"Salome",2026-06-08 04:05:48,2026-06-04,1899-12-31 12:15:00,33
"Salome",2026-06-08 04:05:48,2026-06-04,1899-12-31 12:20:00,38
"Salome",2026-06-08 04:05:48,2026-06-04,1899-12-31 14:45:00,11
"Salome",2026-06-08 04:05:48,2026-06-04,1899-12-31 14:50:00,71
"Salome",2026-06-08 04:05:48,2026-06-04,1899-12-31 16:25:00,22
"Salome",2026-06-08 04:05:48,2026-06-04,1899-12-31 16:30:00,52
"Salome",2026-06-08 04:05:48,2026-06-04,1899-12-31 16:35:00,81
"Salome",2026-06-08 04:05:48,2026-06-04,1899-12-31 17:50:00,23
"Salome",2026-06-08 04:05:48,2026-06-04,1899-12-31 19:05:00,8
"Salome",2026-06-08 04:05:48,2026-06-04,1899-12-31 19:10:00,14
"Salome",2026-06-08 04:05:48,2026-06-04,1899-12-31 20:25:00,16
"Salome",2026-06-08 04:05:48,2026-06-04,1899-12-31 20:30:00,33
"Salome",2026-06-08 04:05:48,2026-06-04,1899-12-31 20:45:00,149
"Salome",2026-06-08 04:05:48,2026-06-04,1899-12-31 20:50:00,119
"Salome",2026-06-08 04:05:48,2026-06-04,1899-12-31 20:55:00,70
"Salome",2026-06-08 04:05:48,2026-06-04,1899-12-31 21:00:00,43
"Salome",2026-06-08 04:05:48,2026-06-04,1899-12-31 21:30:00,7
"Salome",2026-06-08 04:05:48,2026-06-04,1899-12-31 21:35:00,64
"Salome",2026-06-08 04:05:48,2026-06-04,1899-12-31 23:20:00,112
"Salome",2026-06-08 04:05:48,2026-06-04,1899-12-31 23:25:00,58
"Salome",2026-06-08 04:05:48,2026-06-04,1899-12-31 23:35:00,81
"Salome",2026-06-08 04:10:00,2026-06-05,1899-12-31 01:20:00,5
"Salome",2026-06-08 04:10:00,2026-06-05,1899-12-31 01:55:00,78
"Salome",2026-06-08 04:10:00,2026-06-05,1899-12-31 02:00:00,84
"Salome",2026-06-08 04:10:00,2026-06-05,1899-12-31 06:25:00,57
"Salome",2026-06-08 04:10:00,2026-06-05,1899-12-31 06:30:00,148
"Salome",2026-06-08 04:10:00,2026-06-05,1899-12-31 06:35:00,123
"Salome",2026-06-08 04:10:00,2026-06-05,1899-12-31 06:40:00,7
"Salome",2026-06-08 04:10:00,2026-06-05,1899-12-31 07:20:00,52
"Salome",2026-06-08 04:10:00,2026-06-05,1899-12-31 07:25:00,6
"Salome",2026-06-08 04:10:00,2026-06-05,1899-12-31 07:30:00,403
"Salome",2026-06-08 04:10:00,2026-06-05,1899-12-31 07:35:00,149
"Salome",2026-06-08 04:10:00,2026-06-05,1899-12-31 07:40:00,20
"Salome",2026-06-08 04:10:00,2026-06-05,1899-12-31 07:45:00,68
"Salome",2026-06-08 04:10:00,2026-06-05,1899-12-31 07:50:00,106
"Salome",2026-06-08 04:10:00,2026-06-05,1899-12-31 07:55:00,295
"Salome",2026-06-08 04:10:00,2026-06-05,1899-12-31 08:05:00,73
"Salome",2026-06-08 04:10:00,2026-06-05,1899-12-31 08:10:00,167
"Salome",2026-06-08 04:10:00,2026-06-05,1899-12-31 08:15:00,35
"Salome",2026-06-08 04:10:00,2026-06-05,1899-12-31 08:35:00,33
"Salome",2026-06-08 04:10:00,2026-06-05,1899-12-31 08:45:00,8
"Salome",2026-06-08 04:10:00,2026-06-05,1899-12-31 08:50:00,28
"Salome",2026-06-08 04:10:00,2026-06-05,1899-12-31 08:55:00,69
"Salome",2026-06-08 04:10:00,2026-06-05,1899-12-31 09:10:00,116
"Salome",2026-06-08 04:10:00,2026-06-05,1899-12-31 09:20:00,35
"Salome",2026-06-08 04:10:00,2026-06-05,1899-12-31 09:30:00,8
"Salome",2026-06-08 04:10:00,2026-06-05,1899-12-31 09:35:00,8
"Salome",2026-06-08 04:10:00,2026-06-05,1899-12-31 09:45:00,9
"Salome",2026-06-08 04:10:00,2026-06-05,1899-12-31 09:50:00,21
"Salome",2026-06-08 04:10:00,2026-06-05,1899-12-31 09:55:00,135
"Salome",2026-06-08 04:10:00,2026-06-05,1899-12-31 10:15:00,50
"Salome",2026-06-08 04:10:00,2026-06-05,1899-12-31 10:20:00,267
"Salome",2026-06-08 04:10:00,2026-06-05,1899-12-31 10:25:00,199
"Salome",2026-06-08 04:10:00,2026-06-05,1899-12-31 10:30:00,404
"Salome",2026-06-08 04:10:00,2026-06-05,1899-12-31 10:35:00,271
"Salome",2026-06-08 04:10:00,2026-06-05,1899-12-31 10:40:00,4
"Salome",2026-06-08 04:10:00,2026-06-05,1899-12-31 11:15:00,8
"Salome",2026-06-08 04:10:00,2026-06-05,1899-12-31 11:20:00,62
"Salome",2026-06-08 04:10:00,2026-06-05,1899-12-31 11:25:00,89
"Salome",2026-06-08 04:10:00,2026-06-05,1899-12-31 11:50:00,5
"Salome",2026-06-08 04:10:00,2026-06-05,1899-12-31 12:35:00,113
"Salome",2026-06-08 04:10:00,2026-06-05,1899-12-31 12:40:00,58
"Salome",2026-06-08 04:10:00,2026-06-05,1899-12-31 13:25:00,21
"Salome",2026-06-08 04:10:00,2026-06-05,1899-12-31 13:50:00,127
"Salome",2026-06-08 04:10:00,2026-06-05,1899-12-31 13:55:00,387
"Salome",2026-06-08 04:10:00,2026-06-05,1899-12-31 14:00:00,83
"Salome",2026-06-08 04:10:00,2026-06-05,1899-12-31 14:30:00,4
"Salome",2026-06-08 04:10:00,2026-06-05,1899-12-31 14:55:00,50
"Salome",2026-06-08 04:10:00,2026-06-05,1899-12-31 15:00:00,86
"Salome",2026-06-08 04:10:00,2026-06-05,1899-12-31 15:05:00,8
"Salome",2026-06-08 04:10:00,2026-06-05,1899-12-31 15:15:00,5
"Salome",2026-06-08 04:10:00,2026-06-05,1899-12-31 15:20:00,272
"Salome",2026-06-08 04:10:00,2026-06-05,1899-12-31 15:25:00,29
"Salome",2026-06-08 04:10:00,2026-06-05,1899-12-31 15:55:00,495
"Salome",2026-06-08 04:10:00,2026-06-05,1899-12-31 16:00:00,121
"Salome",2026-06-08 04:10:00,2026-06-05,1899-12-31 16:05:00,22
"Salome",2026-06-08 04:10:00,2026-06-05,1899-12-31 16:10:00,265
"Salome",2026-06-08 04:10:00,2026-06-05,1899-12-31 16:15:00,157
"Salome",2026-06-08 04:10:00,2026-06-05,1899-12-31 16:20:00,181
"Salome",2026-06-08 04:10:00,2026-06-05,1899-12-31 16:25:00,75
"Salome",2026-06-08 04:10:00,2026-06-05,1899-12-31 16:30:00,79
"Salome",2026-06-08 04:10:00,2026-06-05,1899-12-31 16:35:00,234
"Salome",2026-06-08 04:10:00,2026-06-05,1899-12-31 16:40:00,32
"Salome",2026-06-08 04:10:00,2026-06-05,1899-12-31 16:45:00,12
"Salome",2026-06-08 04:10:00,2026-06-05,1899-12-31 16:55:00,291
"Salome",2026-06-08 04:10:00,2026-06-05,1899-12-31 17:00:00,142
"Salome",2026-06-08 04:10:00,2026-06-05,1899-12-31 20:00:00,50
"Salome",2026-06-08 04:10:00,2026-06-05,1899-12-31 20:05:00,65
"Salome",2026-06-08 04:10:00,2026-06-05,1899-12-31 20:10:00,73
"Salome",2026-06-08 04:10:00,2026-06-05,1899-12-31 20:15:00,163
"Salome",2026-06-08 04:10:00,2026-06-05,1899-12-31 20:20:00,122
"Salome",2026-06-08 04:10:00,2026-06-05,1899-12-31 20:25:00,193
"Salome",2026-06-08 04:10:00,2026-06-05,1899-12-31 20:30:00,12
"Salome",2026-06-08 04:10:00,2026-06-05,1899-12-31 21:05:00,36
"Salome",2026-06-08 04:10:00,2026-06-05,1899-12-31 21:25:00,6
"Salome",2026-06-08 04:10:00,2026-06-05,1899-12-31 21:30:00,73
"Salome",2026-06-08 04:10:00,2026-06-05,1899-12-31 21:35:00,45
"Salome",2026-06-08 04:10:00,2026-06-05,1899-12-31 22:00:00,53
"Salome",2026-06-08 04:10:00,2026-06-05,1899-12-31 23:00:00,62
"Salome",2026-06-08 04:10:00,2026-06-05,1899-12-31 23:05:00,29
"Salome",2026-06-08 04:10:00,2026-06-05,1899-12-31 23:20:00,4
"Salome",2026-06-08 04:10:00,2026-06-05,1899-12-31 23:30:00,20
"Salome",2026-06-08 04:10:00,2026-06-05,1899-12-31 23:45:00,54
"Salome",2026-06-08 04:10:00,2026-06-05,1899-12-31 23:50:00,98
"Salome",2026-06-08 04:10:00,2026-06-05,1899-12-31 23:55:00,154
"Salome",2026-06-08 10:26:30,2026-06-06,1899-12-31 03:15:00,7
"Salome",2026-06-08 10:26:30,2026-06-06,1899-12-31 05:10:00,8
"Salome",2026-06-08 10:26:30,2026-06-06,1899-12-31 11:25:00,61
"Salome",2026-06-08 10:26:30,2026-06-06,1899-12-31 11:30:00,54
"Salome",2026-06-08 10:26:30,2026-06-06,1899-12-31 11:35:00,118
"Salome",2026-06-08 10:26:30,2026-06-06,1899-12-31 11:40:00,16
"Salome",2026-06-08 10:26:30,2026-06-06,1899-12-31 13:05:00,43
"Salome",2026-06-08 10:26:30,2026-06-06,1899-12-31 13:10:00,36
"Salome",2026-06-08 10:26:30,2026-06-06,1899-12-31 13:30:00,33
"Salome",2026-06-08 10:26:30,2026-06-06,1899-12-31 13:50:00,7
"Salome",2026-06-08 10:26:30,2026-06-06,1899-12-31 14:00:00,8
"Salome",2026-06-08 10:26:30,2026-06-06,1899-12-31 14:05:00,65
"Salome",2026-06-08 10:26:30,2026-06-06,1899-12-31 14:10:00,74
"Salome",2026-06-08 10:26:30,2026-06-06,1899-12-31 14:15:00,70
"Salome",2026-06-08 10:26:30,2026-06-06,1899-12-31 14:25:00,39
"Salome",2026-06-08 10:26:30,2026-06-06,1899-12-31 14:30:00,2
"Salome",2026-06-08 10:26:30,2026-06-06,1899-12-31 15:05:00,20
"Salome",2026-06-08 10:26:30,2026-06-06,1899-12-31 15:10:00,21
"Salome",2026-06-08 10:26:30,2026-06-06,1899-12-31 15:15:00,6
"Salome",2026-06-08 10:26:30,2026-06-06,1899-12-31 15:20:00,36
"Salome",2026-06-08 10:26:30,2026-06-06,1899-12-31 15:25:00,20
"Salome",2026-06-08 10:26:30,2026-06-06,1899-12-31 15:35:00,18
"Salome",2026-06-08 10:26:30,2026-06-06,1899-12-31 15:45:00,9
"Salome",2026-06-08 10:26:30,2026-06-06,1899-12-31 15:50:00,39
"Salome",2026-06-08 10:26:30,2026-06-06,1899-12-31 15:55:00,11
"Salome",2026-06-08 10:26:30,2026-06-06,1899-12-31 16:00:00,8
"Salome",2026-06-08 10:26:30,2026-06-06,1899-12-31 16:05:00,11
"Salome",2026-06-08 10:26:30,2026-06-06,1899-12-31 16:25:00,162
"Salome",2026-06-08 10:26:30,2026-06-06,1899-12-31 16:30:00,37
"Salome",2026-06-08 10:26:30,2026-06-06,1899-12-31 16:50:00,106
"Salome",2026-06-08 10:26:30,2026-06-06,1899-12-31 16:55:00,170
"Salome",2026-06-08 10:26:30,2026-06-06,1899-12-31 17:05:00,29
"Salome",2026-06-08 10:26:30,2026-06-06,1899-12-31 17:10:00,45
"Salome",2026-06-08 10:26:30,2026-06-06,1899-12-31 17:15:00,74
"Salome",2026-06-08 10:26:30,2026-06-06,1899-12-31 17:20:00,58
"Salome",2026-06-08 10:26:30,2026-06-06,1899-12-31 17:25:00,77
"Salome",2026-06-08 10:26:30,2026-06-06,1899-12-31 17:30:00,9
"Salome",2026-06-08 10:26:30,2026-06-06,1899-12-31 17:55:00,59
"Salome",2026-06-08 10:26:30,2026-06-06,1899-12-31 18:00:00,213
"Salome",2026-06-08 10:26:30,2026-06-06,1899-12-31 18:15:00,44
"Salome",2026-06-08 10:26:30,2026-06-06,1899-12-31 18:20:00,33
"Salome",2026-06-08 10:26:30,2026-06-06,1899-12-31 18:45:00,130
"Salome",2026-06-08 10:26:30,2026-06-06,1899-12-31 18:50:00,41
"Salome",2026-06-08 10:26:30,2026-06-06,1899-12-31 18:55:00,13
"Salome",2026-06-08 10:26:30,2026-06-06,1899-12-31 19:00:00,8
"Salome",2026-06-08 10:26:30,2026-06-06,1899-12-31 19:05:00,30
"Salome",2026-06-08 10:26:30,2026-06-06,1899-12-31 19:10:00,87
"Salome",2026-06-08 10:26:30,2026-06-06,1899-12-31 19:15:00,75
"Salome",2026-06-08 10:26:30,2026-06-06,1899-12-31 19:20:00,50
"Salome",2026-06-08 10:26:30,2026-06-06,1899-12-31 19:25:00,287
"Salome",2026-06-08 10:26:30,2026-06-06,1899-12-31 19:50:00,9
"Salome",2026-06-08 10:26:30,2026-06-06,1899-12-31 19:55:00,79
"Salome",2026-06-08 10:27:06,2026-06-07,1899-12-31,35
"Salome",2026-06-08 10:27:06,2026-06-07,1899-12-31 00:05:00,33
"Salome",2026-06-08 10:27:06,2026-06-07,1899-12-31 00:10:00,29
"Salome",2026-06-08 10:27:06,2026-06-07,1899-12-31 00:15:00,13
"Salome",2026-06-08 10:27:06,2026-06-07,1899-12-31 00:20:00,14
"Salome",2026-06-08 10:27:06,2026-06-07,1899-12-31 00:25:00,26
"Salome",2026-06-08 10:27:06,2026-06-07,1899-12-31 00:30:00,34
"Salome",2026-06-08 10:27:06,2026-06-07,1899-12-31 00:35:00,106
"Salome",2026-06-08 10:27:06,2026-06-07,1899-12-31 00:40:00,60
"Salome",2026-06-08 10:27:06,2026-06-07,1899-12-31 00:45:00,28
"Salome",2026-06-08 10:27:06,2026-06-07,1899-12-31 01:05:00,11
"Salome",2026-06-08 10:27:06,2026-06-07,1899-12-31 01:10:00,9
"Salome",2026-06-08 10:27:06,2026-06-07,1899-12-31 01:15:00,34
"Salome",2026-06-08 10:27:06,2026-06-07,1899-12-31 02:00:00,8
"Salome",2026-06-08 10:27:06,2026-06-07,1899-12-31 02:05:00,13
"Salome",2026-06-08 10:27:06,2026-06-07,1899-12-31 02:10:00,8
"Salome",2026-06-08 10:27:06,2026-06-07,1899-12-31 02:15:00,8
"Salome",2026-06-08 10:27:06,2026-06-07,1899-12-31 02:45:00,41
"Salome",2026-06-08 10:27:06,2026-06-07,1899-12-31 02:50:00,34
"Salome",2026-06-08 10:27:06,2026-06-07,1899-12-31 03:00:00,10
"Salome",2026-06-08 10:27:06,2026-06-07,1899-12-31 03:05:00,22
"Salome",2026-06-08 10:27:06,2026-06-07,1899-12-31 03:10:00,9
"Salome",2026-06-08 10:27:06,2026-06-07,1899-12-31 04:20:00,6
"Salome",2026-06-08 10:27:06,2026-06-07,1899-12-31 11:00:00,12
"Salome",2026-06-08 10:27:06,2026-06-07,1899-12-31 11:05:00,92
"Salome",2026-06-08 10:27:06,2026-06-07,1899-12-31 11:10:00,100
"Salome",2026-06-08 10:27:06,2026-06-07,1899-12-31 11:15:00,30
"Salome",2026-06-08 10:27:06,2026-06-07,1899-12-31 11:30:00,14
"Salome",2026-06-08 10:27:06,2026-06-07,1899-12-31 11:35:00,16
"Salome",2026-06-08 10:27:06,2026-06-07,1899-12-31 11:40:00,106
"Salome",2026-06-08 10:27:06,2026-06-07,1899-12-31 11:45:00,8
"Salome",2026-06-08 10:27:06,2026-06-07,1899-12-31 11:50:00,58
"Salome",2026-06-08 10:27:06,2026-06-07,1899-12-31 11:55:00,40
"Salome",2026-06-08 10:27:06,2026-06-07,1899-12-31 12:20:00,14
"Salome",2026-06-08 10:27:06,2026-06-07,1899-12-31 12:25:00,91
"Salome",2026-06-08 10:27:06,2026-06-07,1899-12-31 12:30:00,17
"Salome",2026-06-08 10:27:06,2026-06-07,1899-12-31 12:35:00,31
"Salome",2026-06-08 10:27:06,2026-06-07,1899-12-31 12:45:00,51
"Salome",2026-06-08 10:27:06,2026-06-07,1899-12-31 12:50:00,45
"Salome",2026-06-08 10:27:06,2026-06-07,1899-12-31 12:55:00,123
"Salome",2026-06-08 10:27:06,2026-06-07,1899-12-31 13:05:00,146
"Salome",2026-06-08 10:27:06,2026-06-07,1899-12-31 13:10:00,46
"Salome",2026-06-08 10:27:06,2026-06-07,1899-12-31 13:50:00,44
"Salome",2026-06-08 10:27:06,2026-06-07,1899-12-31 14:20:00,9
"Salome",2026-06-08 10:27:06,2026-06-07,1899-12-31 15:40:00,43
"Salome",2026-06-08 10:27:06,2026-06-07,1899-12-31 15:45:00,26
"Salome",2026-06-08 10:27:06,2026-06-07,1899-12-31 15:50:00,89
"Salome",2026-06-08 10:27:06,2026-06-07,1899-12-31 15:55:00,41
"Salome",2026-06-08 10:27:06,2026-06-07,1899-12-31 16:00:00,65
"Salome",2026-06-08 10:27:06,2026-06-07,1899-12-31 16:05:00,79
"Salome",2026-06-08 10:27:06,2026-06-07,1899-12-31 16:10:00,149
"Salome",2026-06-08 10:27:06,2026-06-07,1899-12-31 16:15:00,46
"Salome",2026-06-08 10:27:06,2026-06-07,1899-12-31 16:20:00,6
"Salome",2026-06-08 10:27:06,2026-06-07,1899-12-31 16:25:00,80
"Salome",2026-06-08 10:27:06,2026-06-07,1899-12-31 16:30:00,40
"Salome",2026-06-08 10:27:06,2026-06-07,1899-12-31 16:45:00,29
"Salome",2026-06-08 10:27:06,2026-06-07,1899-12-31 16:50:00,49
"Salome",2026-06-08 10:27:06,2026-06-07,1899-12-31 16:55:00,49
"Salome",2026-06-08 10:27:06,2026-06-07,1899-12-31 17:00:00,32
"Salome",2026-06-08 10:27:06,2026-06-07,1899-12-31 17:25:00,41
"Salome",2026-06-08 10:27:06,2026-06-07,1899-12-31 17:30:00,43
"Salome",2026-06-08 10:27:06,2026-06-07,1899-12-31 17:35:00,75
"Salome",2026-06-08 10:27:06,2026-06-07,1899-12-31 17:40:00,34
"Salome",2026-06-08 10:27:06,2026-06-07,1899-12-31 17:55:00,15
"Salome",2026-06-08 10:27:06,2026-06-07,1899-12-31 18:00:00,29
"Salome",2026-06-08 10:27:06,2026-06-07,1899-12-31 18:05:00,141
"Salome",2026-06-08 10:27:06,2026-06-07,1899-12-31 18:10:00,126
"Salome",2026-06-08 10:27:06,2026-06-07,1899-12-31 18:15:00,214
"Salome",2026-06-08 10:27:06,2026-06-07,1899-12-31 18:20:00,192
"Salome",2026-06-08 10:27:06,2026-06-07,1899-12-31 18:25:00,17
"Salome",2026-06-08 10:27:06,2026-06-07,1899-12-31 18:35:00,32
"Salome",2026-06-08 10:27:06,2026-06-07,1899-12-31 18:45:00,7
"Salome",2026-06-08 10:27:06,2026-06-07,1899-12-31 18:50:00,16
"Salome",2026-06-08 10:27:06,2026-06-07,1899-12-31 18:55:00,12
"Salome",2026-06-08 10:27:06,2026-06-07,1899-12-31 19:20:00,28
"Salome",2026-06-08 10:27:06,2026-06-07,1899-12-31 19:25:00,55
"Salome",2026-06-08 10:27:06,2026-06-07,1899-12-31 19:40:00,11
"Salome",2026-06-08 10:27:06,2026-06-07,1899-12-31 19:50:00,6
"Salome",2026-06-08 10:27:06,2026-06-07,1899-12-31 19:55:00,46
"Salome",2026-06-08 10:27:06,2026-06-07,1899-12-31 20:00:00,482
"Salome",2026-06-08 10:27:06,2026-06-07,1899-12-31 20:05:00,16
"Salome",2026-06-08 10:27:06,2026-06-07,1899-12-31 20:10:00,15
"Salome",2026-06-08 10:27:06,2026-06-07,1899-12-31 20:15:00,5
"Salome",2026-06-08 10:27:06,2026-06-07,1899-12-31 20:20:00,155
"Salome",2026-06-08 10:27:06,2026-06-07,1899-12-31 20:25:00,491
"Salome",2026-06-08 10:27:06,2026-06-07,1899-12-31 20:30:00,12
"Salome",2026-06-08 10:27:06,2026-06-07,1899-12-31 20:35:00,9
"Salome",2026-06-08 10:27:06,2026-06-07,1899-12-31 20:40:00,35
"Salome",2026-06-08 10:27:06,2026-06-07,1899-12-31 20:45:00,238
"Salome",2026-06-08 10:27:06,2026-06-07,1899-12-31 20:50:00,34
"Salome",2026-06-08 10:27:06,2026-06-07,1899-12-31 21:05:00,45
"Salome",2026-06-08 10:27:06,2026-06-07,1899-12-31 21:10:00,24
"Salome",2026-06-08 10:27:06,2026-06-07,1899-12-31 21:20:00,464
"Salome",2026-06-08 10:27:06,2026-06-07,1899-12-31 21:25:00,465
"Salome",2026-06-08 10:27:06,2026-06-07,1899-12-31 21:30:00,534
"Salome",2026-06-08 10:27:06,2026-06-07,1899-12-31 21:35:00,326
"Salome",2026-06-08 10:27:06,2026-06-07,1899-12-31 21:40:00,134
"Salome",2026-06-08 10:27:06,2026-06-07,1899-12-31 21:45:00,63
"Salome",2026-06-08 10:27:06,2026-06-07,1899-12-31 21:50:00,110
"Salome",2026-06-08 10:27:06,2026-06-07,1899-12-31 21:55:00,105
"Salome",2026-06-08 10:27:06,2026-06-07,1899-12-31 22:00:00,69
"Salome",2026-06-08 10:27:06,2026-06-07,1899-12-31 22:05:00,158
"Salome",2026-06-08 10:27:06,2026-06-07,1899-12-31 22:10:00,32
"Salome",2026-06-08 10:27:06,2026-06-07,1899-12-31 22:15:00,18
"Salome",2026-06-08 10:27:06,2026-06-07,1899-12-31 22:20:00,14
"Salome",2026-06-08 10:27:06,2026-06-07,1899-12-31 22:30:00,7
"Salome",2026-06-08 10:27:06,2026-06-07,1899-12-31 22:45:00,40
"Salome",2026-06-08 10:27:06,2026-06-07,1899-12-31 22:50:00,59
"Salome",2026-06-08 10:27:06,2026-06-07,1899-12-31 22:55:00,78
"Salome",2026-06-08 10:27:06,2026-06-07,1899-12-31 23:00:00,1
"Salome",2026-06-08 10:27:06,2026-06-07,1899-12-31 23:15:00,53
"Salome",2026-06-08 10:27:06,2026-06-07,1899-12-31 23:20:00,16
"Salome",2026-06-08 10:27:06,2026-06-07,1899-12-31 23:25:00,141
"Salome",2026-06-08 10:27:06,2026-06-07,1899-12-31 23:30:00,81
"Salome",2026-06-08 10:27:06,2026-06-07,1899-12-31 23:45:00,18
"Salome",2026-06-08 10:27:06,2026-06-07,1899-12-31 23:50:00,34
"Salome",2026-06-08 10:27:51,2026-06-08,1899-12-31 00:05:00,87
"Salome",2026-06-08 10:27:51,2026-06-08,1899-12-31 00:10:00,90
"Salome",2026-06-08 10:27:51,2026-06-08,1899-12-31 00:45:00,23
"Salome",2026-06-08 10:27:51,2026-06-08,1899-12-31 01:40:00,6
"Salome",2026-06-08 10:27:51,2026-06-08,1899-12-31 02:15:00,67
"Salome",2026-06-08 10:27:51,2026-06-08,1899-12-31 03:10:00,6
"Salome",2026-06-08 10:27:51,2026-06-08,1899-12-31 03:50:00,37
"Salome",2026-06-08 10:27:51,2026-06-08,1899-12-31 04:15:00,7
"Salome",2026-06-08 10:27:51,2026-06-08,1899-12-31 20:25:00,27
"Salome",2026-06-08 10:27:51,2026-06-08,1899-12-31 21:15:00,14
"Salome",2026-06-08 10:27:51,2026-06-08,1899-12-31 21:20:00,18
"Salome",2026-06-08 10:27:51,2026-06-08,1899-12-31 21:25:00,59
"Salome",2026-06-08 10:27:51,2026-06-08,1899-12-31 22:00:00,58
"Salome",2026-06-08 10:27:51,2026-06-08,1899-12-31 22:05:00,4
"Salome",2026-06-08 10:27:51,2026-06-08,1899-12-31 22:20:00,4
"Salome",2026-06-08 10:27:51,2026-06-08,1899-12-31 22:30:00,9
"Salome",2026-06-08 10:27:51,2026-06-08,1899-12-31 23:00:00,54
"Josh",2026-06-08 09:32:42,2026-05-28,1899-12-31 01:15:00,6
"Josh",2026-06-08 09:32:42,2026-05-28,1899-12-31 07:30:00,24
"Josh",2026-06-08 09:32:42,2026-05-28,1899-12-31 07:35:00,13
"Josh",2026-06-08 09:32:42,2026-05-28,1899-12-31 07:40:00,25
"Josh",2026-06-08 09:32:42,2026-05-28,1899-12-31 07:45:00,43
"Josh",2026-06-08 09:32:42,2026-05-28,1899-12-31 07:55:00,28
"Josh",2026-06-08 09:32:42,2026-05-28,1899-12-31 08:00:00,51
"Josh",2026-06-08 09:32:42,2026-05-28,1899-12-31 08:05:00,40
"Josh",2026-06-08 09:32:42,2026-05-28,1899-12-31 08:10:00,18
"Josh",2026-06-08 09:32:42,2026-05-28,1899-12-31 08:15:00,36
"Josh",2026-06-08 09:32:42,2026-05-28,1899-12-31 08:20:00,256
"Josh",2026-06-08 09:32:42,2026-05-28,1899-12-31 08:25:00,217
"Josh",2026-06-08 09:32:42,2026-05-28,1899-12-31 08:30:00,183
"Josh",2026-06-08 09:32:42,2026-05-28,1899-12-31 08:35:00,253
"Josh",2026-06-08 09:32:42,2026-05-28,1899-12-31 08:40:00,118
"Josh",2026-06-08 09:32:42,2026-05-28,1899-12-31 08:45:00,129
"Josh",2026-06-08 09:32:42,2026-05-28,1899-12-31 09:10:00,28
"Josh",2026-06-08 09:32:42,2026-05-28,1899-12-31 09:30:00,10
"Josh",2026-06-08 09:32:42,2026-05-28,1899-12-31 09:55:00,20
"Josh",2026-06-08 09:32:42,2026-05-28,1899-12-31 11:30:00,20
"Josh",2026-06-08 09:32:42,2026-05-28,1899-12-31 12:00:00,245
"Josh",2026-06-08 09:32:42,2026-05-28,1899-12-31 12:05:00,300
"Josh",2026-06-08 09:32:42,2026-05-28,1899-12-31 12:10:00,262
"Josh",2026-06-08 09:32:42,2026-05-28,1899-12-31 12:15:00,333
"Josh",2026-06-08 09:32:42,2026-05-28,1899-12-31 12:20:00,290
"Josh",2026-06-08 09:32:42,2026-05-28,1899-12-31 12:25:00,337
"Josh",2026-06-08 09:32:42,2026-05-28,1899-12-31 12:30:00,249
"Josh",2026-06-08 09:32:42,2026-05-28,1899-12-31 12:35:00,253
"Josh",2026-06-08 09:32:42,2026-05-28,1899-12-31 12:40:00,231
"Josh",2026-06-08 09:32:42,2026-05-28,1899-12-31 12:45:00,341
"Josh",2026-06-08 09:32:42,2026-05-28,1899-12-31 13:30:00,25
"Josh",2026-06-08 09:32:42,2026-05-28,1899-12-31 14:20:00,7
"Josh",2026-06-08 09:32:42,2026-05-28,1899-12-31 16:10:00,20
"Josh",2026-06-08 09:32:42,2026-05-28,1899-12-31 16:40:00,20
"Josh",2026-06-08 09:32:42,2026-05-28,1899-12-31 17:00:00,12
"Josh",2026-06-08 09:32:42,2026-05-28,1899-12-31 17:15:00,20
"Josh",2026-06-08 09:32:42,2026-05-28,1899-12-31 17:30:00,344
"Josh",2026-06-08 09:32:42,2026-05-28,1899-12-31 17:35:00,294
"Josh",2026-06-08 09:32:42,2026-05-28,1899-12-31 17:40:00,351
"Josh",2026-06-08 09:32:42,2026-05-28,1899-12-31 17:45:00,300
"Josh",2026-06-08 09:32:42,2026-05-28,1899-12-31 17:50:00,267
"Josh",2026-06-08 09:32:42,2026-05-28,1899-12-31 17:55:00,279
"Josh",2026-06-08 09:32:42,2026-05-28,1899-12-31 18:00:00,333
"Josh",2026-06-08 09:32:42,2026-05-28,1899-12-31 18:05:00,266
"Josh",2026-06-08 09:32:42,2026-05-28,1899-12-31 18:10:00,333
"Josh",2026-06-08 09:32:42,2026-05-28,1899-12-31 18:15:00,344
"Josh",2026-06-08 09:32:42,2026-05-28,1899-12-31 18:20:00,279
"Josh",2026-06-08 09:32:42,2026-05-28,1899-12-31 18:25:00,248
"Josh",2026-06-08 09:32:42,2026-05-28,1899-12-31 18:30:00,339
"Josh",2026-06-08 09:32:42,2026-05-28,1899-12-31 18:40:00,28
"Josh",2026-06-08 09:32:42,2026-05-28,1899-12-31 18:55:00,31
"Josh",2026-06-08 09:32:42,2026-05-28,1899-12-31 19:25:00,18
"Josh",2026-06-08 09:32:42,2026-05-28,1899-12-31 19:45:00,44
"Josh",2026-06-08 09:32:42,2026-05-28,1899-12-31 20:00:00,31
"Josh",2026-06-08 09:32:42,2026-05-28,1899-12-31 21:05:00,17
"Josh",2026-06-08 09:32:42,2026-05-28,1899-12-31 21:35:00,25
"Josh",2026-06-08 09:32:42,2026-05-28,1899-12-31 22:30:00,21
"Josh",2026-06-08 09:32:42,2026-05-28,1899-12-31 23:00:00,20
"Josh",2026-06-08 09:32:42,2026-05-28,1899-12-31 23:25:00,36
"Josh",2026-06-08 09:32:42,2026-05-29,1899-12-31 04:55:00,12
"Josh",2026-06-08 09:32:42,2026-05-29,1899-12-31 07:30:00,25
"Josh",2026-06-08 09:32:42,2026-05-29,1899-12-31 07:35:00,38
"Josh",2026-06-08 09:32:42,2026-05-29,1899-12-31 07:40:00,9
"Josh",2026-06-08 09:32:42,2026-05-29,1899-12-31 07:45:00,38
"Josh",2026-06-08 09:32:42,2026-05-29,1899-12-31 07:55:00,33
"Josh",2026-06-08 09:32:42,2026-05-29,1899-12-31 08:00:00,25
"Josh",2026-06-08 09:32:42,2026-05-29,1899-12-31 08:05:00,23
"Josh",2026-06-08 09:32:42,2026-05-29,1899-12-31 08:10:00,31
"Josh",2026-06-08 09:32:42,2026-05-29,1899-12-31 08:15:00,44
"Josh",2026-06-08 09:32:42,2026-05-29,1899-12-31 08:20:00,240
"Josh",2026-06-08 09:32:42,2026-05-29,1899-12-31 08:25:00,241
"Josh",2026-06-08 09:32:42,2026-05-29,1899-12-31 08:30:00,260
"Josh",2026-06-08 09:32:42,2026-05-29,1899-12-31 08:35:00,233
"Josh",2026-06-08 09:32:42,2026-05-29,1899-12-31 08:40:00,155
"Josh",2026-06-08 09:32:42,2026-05-29,1899-12-31 08:45:00,184
"Josh",2026-06-08 09:32:42,2026-05-29,1899-12-31 09:10:00,19
"Josh",2026-06-08 09:32:42,2026-05-29,1899-12-31 09:30:00,5
"Josh",2026-06-08 09:32:42,2026-05-29,1899-12-31 10:20:00,5
"Josh",2026-06-08 09:32:42,2026-05-29,1899-12-31 10:45:00,11
"Josh",2026-06-08 09:32:42,2026-05-29,1899-12-31 11:05:00,23
"Josh",2026-06-08 09:32:42,2026-05-29,1899-12-31 11:30:00,15
"Josh",2026-06-08 09:32:42,2026-05-29,1899-12-31 11:50:00,22
"Josh",2026-06-08 09:32:42,2026-05-29,1899-12-31 12:00:00,304
"Josh",2026-06-08 09:32:42,2026-05-29,1899-12-31 12:05:00,319
"Josh",2026-06-08 09:32:42,2026-05-29,1899-12-31 12:10:00,314
"Josh",2026-06-08 09:32:42,2026-05-29,1899-12-31 12:15:00,331
"Josh",2026-06-08 09:32:42,2026-05-29,1899-12-31 12:20:00,329
"Josh",2026-06-08 09:32:42,2026-05-29,1899-12-31 12:25:00,354
"Josh",2026-06-08 09:32:42,2026-05-29,1899-12-31 12:30:00,331
"Josh",2026-06-08 09:32:42,2026-05-29,1899-12-31 12:35:00,353
"Josh",2026-06-08 09:32:42,2026-05-29,1899-12-31 12:40:00,327
"Josh",2026-06-08 09:32:42,2026-05-29,1899-12-31 12:45:00,354
"Josh",2026-06-08 09:32:42,2026-05-29,1899-12-31 13:30:00,10
"Josh",2026-06-08 09:32:42,2026-05-29,1899-12-31 13:55:00,9
"Josh",2026-06-08 09:32:42,2026-05-29,1899-12-31 14:20:00,8
"Josh",2026-06-08 09:32:42,2026-05-29,1899-12-31 14:50:00,21
"Josh",2026-06-08 09:32:42,2026-05-29,1899-12-31 15:15:00,32
"Josh",2026-06-08 09:32:42,2026-05-29,1899-12-31 15:45:00,30
"Josh",2026-06-08 09:32:42,2026-05-29,1899-12-31 16:10:00,14
"Josh",2026-06-08 09:32:42,2026-05-29,1899-12-31 16:40:00,22
"Josh",2026-06-08 09:32:42,2026-05-29,1899-12-31 17:30:00,322
"Josh",2026-06-08 09:32:42,2026-05-29,1899-12-31 17:35:00,301
"Josh",2026-06-08 09:32:42,2026-05-29,1899-12-31 17:40:00,267
"Josh",2026-06-08 09:32:42,2026-05-29,1899-12-31 17:45:00,268
"Josh",2026-06-08 09:32:42,2026-05-29,1899-12-31 17:50:00,320
"Josh",2026-06-08 09:32:42,2026-05-29,1899-12-31 17:55:00,361
"Josh",2026-06-08 09:32:42,2026-05-29,1899-12-31 18:00:00,362
"Josh",2026-06-08 09:32:42,2026-05-29,1899-12-31 18:05:00,310
"Josh",2026-06-08 09:32:42,2026-05-29,1899-12-31 18:10:00,316
"Josh",2026-06-08 09:32:42,2026-05-29,1899-12-31 18:15:00,339
"Josh",2026-06-08 09:32:42,2026-05-29,1899-12-31 18:20:00,365
"Josh",2026-06-08 09:32:42,2026-05-29,1899-12-31 18:25:00,275
"Josh",2026-06-08 09:32:42,2026-05-29,1899-12-31 18:30:00,306
"Josh",2026-06-08 09:32:42,2026-05-29,1899-12-31 19:10:00,44
"Josh",2026-06-08 09:32:42,2026-05-29,1899-12-31 19:45:00,52
"Josh",2026-06-08 09:32:42,2026-05-29,1899-12-31 20:00:00,51
"Josh",2026-06-08 09:32:42,2026-05-29,1899-12-31 20:15:00,7
"Josh",2026-06-08 09:32:42,2026-05-29,1899-12-31 21:05:00,26
"Josh",2026-06-08 09:32:42,2026-05-29,1899-12-31 23:25:00,28
"Josh",2026-06-08 09:32:42,2026-05-30,1899-12-31 08:00:00,29
"Josh",2026-06-08 09:32:42,2026-05-30,1899-12-31 08:10:00,59
"Josh",2026-06-08 09:32:42,2026-05-30,1899-12-31 08:20:00,80
"Josh",2026-06-08 09:32:42,2026-05-30,1899-12-31 08:30:00,23
"Josh",2026-06-08 09:32:42,2026-05-30,1899-12-31 09:00:00,539
"Josh",2026-06-08 09:32:42,2026-05-30,1899-12-31 09:05:00,444
"Josh",2026-06-08 09:32:42,2026-05-30,1899-12-31 09:10:00,447
"Josh",2026-06-08 09:32:42,2026-05-30,1899-12-31 09:15:00,525
"Josh",2026-06-08 09:32:42,2026-05-30,1899-12-31 09:20:00,569
"Josh",2026-06-08 09:32:42,2026-05-30,1899-12-31 09:25:00,495
"Josh",2026-06-08 09:32:42,2026-05-30,1899-12-31 09:30:00,582
"Josh",2026-06-08 09:32:42,2026-05-30,1899-12-31 09:35:00,630
"Josh",2026-06-08 09:32:42,2026-05-30,1899-12-31 09:40:00,511
"Josh",2026-06-08 09:32:42,2026-05-30,1899-12-31 09:45:00,476
"Josh",2026-06-08 09:32:42,2026-05-30,1899-12-31 09:50:00,551
"Josh",2026-06-08 09:32:42,2026-05-30,1899-12-31 09:55:00,449
"Josh",2026-06-08 09:32:42,2026-05-30,1899-12-31 10:00:00,619
"Josh",2026-06-08 09:32:42,2026-05-30,1899-12-31 10:05:00,630
"Josh",2026-06-08 09:32:42,2026-05-30,1899-12-31 10:10:00,544
"Josh",2026-06-08 09:32:42,2026-05-30,1899-12-31 10:15:00,495
"Josh",2026-06-08 09:32:42,2026-05-30,1899-12-31 10:20:00,35
"Josh",2026-06-08 09:32:42,2026-05-30,1899-12-31 10:30:00,55
"Josh",2026-06-08 09:32:42,2026-05-30,1899-12-31 11:00:00,94
"Josh",2026-06-08 09:32:42,2026-05-30,1899-12-31 11:20:00,94
"Josh",2026-06-08 09:32:42,2026-05-30,1899-12-31 11:55:00,138
"Josh",2026-06-08 09:32:42,2026-05-30,1899-12-31 12:15:00,129
"Josh",2026-06-08 09:32:42,2026-05-30,1899-12-31 12:40:00,126
"Josh",2026-06-08 09:32:42,2026-05-30,1899-12-31 13:00:00,266
"Josh",2026-06-08 09:32:42,2026-05-30,1899-12-31 13:05:00,359
"Josh",2026-06-08 09:32:42,2026-05-30,1899-12-31 13:10:00,397
"Josh",2026-06-08 09:32:42,2026-05-30,1899-12-31 13:15:00,365
"Josh",2026-06-08 09:32:42,2026-05-30,1899-12-31 13:20:00,421
"Josh",2026-06-08 09:32:42,2026-05-30,1899-12-31 13:55:00,49
"Josh",2026-06-08 09:32:42,2026-05-30,1899-12-31 14:15:00,141
"Josh",2026-06-08 09:32:42,2026-05-30,1899-12-31 14:55:00,102
"Josh",2026-06-08 09:32:42,2026-05-30,1899-12-31 15:10:00,203
"Josh",2026-06-08 09:32:42,2026-05-30,1899-12-31 15:50:00,131
"Josh",2026-06-08 09:32:42,2026-05-30,1899-12-31 16:10:00,156
"Josh",2026-06-08 09:32:42,2026-05-30,1899-12-31 17:15:00,45
"Josh",2026-06-08 09:32:42,2026-05-30,1899-12-31 18:10:00,27
"Josh",2026-06-08 09:32:42,2026-05-30,1899-12-31 18:40:00,46
"Josh",2026-06-08 09:32:42,2026-05-30,1899-12-31 19:10:00,25
"Josh",2026-06-08 09:32:42,2026-05-30,1899-12-31 19:45:00,36
"Josh",2026-06-08 09:32:42,2026-05-30,1899-12-31 20:15:00,37
"Josh",2026-06-08 09:32:42,2026-05-30,1899-12-31 20:50:00,64
"Josh",2026-06-08 09:32:42,2026-05-30,1899-12-31 21:55:00,92
"Josh",2026-06-08 09:32:42,2026-05-31,1899-12-31 03:10:00,8
"Josh",2026-06-08 09:32:42,2026-05-31,1899-12-31 05:05:00,10
"Josh",2026-06-08 09:32:42,2026-05-31,1899-12-31 06:45:00,10
"Josh",2026-06-08 09:32:42,2026-05-31,1899-12-31 08:00:00,37
"Josh",2026-06-08 09:32:42,2026-05-31,1899-12-31 08:10:00,26
"Josh",2026-06-08 09:32:42,2026-05-31,1899-12-31 08:20:00,50
"Josh",2026-06-08 09:32:42,2026-05-31,1899-12-31 08:30:00,46
"Josh",2026-06-08 09:32:42,2026-05-31,1899-12-31 09:00:00,435
"Josh",2026-06-08 09:32:42,2026-05-31,1899-12-31 09:05:00,427
"Josh",2026-06-08 09:32:42,2026-05-31,1899-12-31 09:10:00,506
"Josh",2026-06-08 09:32:42,2026-05-31,1899-12-31 09:15:00,458
"Josh",2026-06-08 09:32:42,2026-05-31,1899-12-31 09:20:00,571
"Josh",2026-06-08 09:32:42,2026-05-31,1899-12-31 09:25:00,590
"Josh",2026-06-08 09:32:42,2026-05-31,1899-12-31 09:30:00,497
"Josh",2026-06-08 09:32:42,2026-05-31,1899-12-31 09:35:00,501
"Josh",2026-06-08 09:32:42,2026-05-31,1899-12-31 09:40:00,585
"Josh",2026-06-08 09:32:42,2026-05-31,1899-12-31 09:45:00,499
"Josh",2026-06-08 09:32:42,2026-05-31,1899-12-31 09:50:00,425
"Josh",2026-06-08 09:32:42,2026-05-31,1899-12-31 09:55:00,512
"Josh",2026-06-08 09:32:42,2026-05-31,1899-12-31 10:00:00,485
"Josh",2026-06-08 09:32:42,2026-05-31,1899-12-31 10:05:00,572
"Josh",2026-06-08 09:32:42,2026-05-31,1899-12-31 10:10:00,474
"Josh",2026-06-08 09:32:42,2026-05-31,1899-12-31 10:15:00,556
"Josh",2026-06-08 09:32:42,2026-05-31,1899-12-31 10:30:00,55
"Josh",2026-06-08 09:32:42,2026-05-31,1899-12-31 10:45:00,72
"Josh",2026-06-08 09:32:42,2026-05-31,1899-12-31 11:00:00,48
"Josh",2026-06-08 09:32:42,2026-05-31,1899-12-31 11:35:00,35
"Josh",2026-06-08 09:32:42,2026-05-31,1899-12-31 12:15:00,49
"Josh",2026-06-08 09:32:42,2026-05-31,1899-12-31 12:40:00,41
"Josh",2026-06-08 09:32:42,2026-05-31,1899-12-31 13:00:00,101
"Josh",2026-06-08 09:32:42,2026-05-31,1899-12-31 13:35:00,90
"Josh",2026-06-08 09:32:42,2026-05-31,1899-12-31 14:15:00,115
"Josh",2026-06-08 09:32:42,2026-05-31,1899-12-31 14:55:00,85
"Josh",2026-06-08 09:32:42,2026-05-31,1899-12-31 15:10:00,149
"Josh",2026-06-08 09:32:42,2026-05-31,1899-12-31 15:15:00,305
"Josh",2026-06-08 09:32:42,2026-05-31,1899-12-31 15:20:00,328
"Josh",2026-06-08 09:32:42,2026-05-31,1899-12-31 15:25:00,251
"Josh",2026-06-08 09:32:42,2026-05-31,1899-12-31 15:30:00,339
"Josh",2026-06-08 09:32:42,2026-05-31,1899-12-31 15:35:00,373
"Josh",2026-06-08 09:32:42,2026-05-31,1899-12-31 15:50:00,48
"Josh",2026-06-08 09:32:42,2026-05-31,1899-12-31 16:10:00,153
"Josh",2026-06-08 09:32:42,2026-05-31,1899-12-31 17:45:00,43
"Josh",2026-06-08 09:32:42,2026-05-31,1899-12-31 18:10:00,76
"Josh",2026-06-08 09:32:42,2026-05-31,1899-12-31 19:10:00,69
"Josh",2026-06-08 09:32:42,2026-05-31,1899-12-31 19:45:00,36
"Josh",2026-06-08 09:32:42,2026-05-31,1899-12-31 20:50:00,45
"Josh",2026-06-08 09:32:42,2026-05-31,1899-12-31 21:55:00,35
"Josh",2026-06-09 09:02:07,2026-06-01,1899-12-31 02:40:00,6
"Josh",2026-06-09 09:02:07,2026-06-01,1899-12-31 06:30:00,14
"Josh",2026-06-09 09:02:07,2026-06-01,1899-12-31 07:30:00,48
"Josh",2026-06-09 09:02:07,2026-06-01,1899-12-31 07:35:00,61
"Josh",2026-06-09 09:02:07,2026-06-01,1899-12-31 07:40:00,64
"Josh",2026-06-09 09:02:07,2026-06-01,1899-12-31 07:45:00,18
"Josh",2026-06-09 09:02:07,2026-06-01,1899-12-31 07:55:00,33
"Josh",2026-06-09 09:02:07,2026-06-01,1899-12-31 08:00:00,35
"Josh",2026-06-09 09:02:07,2026-06-01,1899-12-31 08:05:00,42
"Josh",2026-06-09 09:02:07,2026-06-01,1899-12-31 08:10:00,65
"Josh",2026-06-09 09:02:07,2026-06-01,1899-12-31 08:15:00,42
"Josh",2026-06-09 09:02:07,2026-06-01,1899-12-31 08:20:00,229
"Josh",2026-06-09 09:02:07,2026-06-01,1899-12-31 08:25:00,171
"Josh",2026-06-09 09:02:07,2026-06-01,1899-12-31 08:30:00,153
"Josh",2026-06-09 09:02:07,2026-06-01,1899-12-31 08:35:00,287
"Josh",2026-06-09 09:02:07,2026-06-01,1899-12-31 08:40:00,255
"Josh",2026-06-09 09:02:07,2026-06-01,1899-12-31 08:45:00,140
"Josh",2026-06-09 09:02:07,2026-06-01,1899-12-31 09:10:00,26
"Josh",2026-06-09 09:02:07,2026-06-01,1899-12-31 11:30:00,18
"Josh",2026-06-09 09:02:07,2026-06-01,1899-12-31 12:00:00,364
"Josh",2026-06-09 09:02:07,2026-06-01,1899-12-31 12:05:00,319
"Josh",2026-06-09 09:02:07,2026-06-01,1899-12-31 12:10:00,300
"Josh",2026-06-09 09:02:07,2026-06-01,1899-12-31 12:15:00,401
"Josh",2026-06-09 09:02:07,2026-06-01,1899-12-31 12:20:00,332
"Josh",2026-06-09 09:02:07,2026-06-01,1899-12-31 12:25:00,284
"Josh",2026-06-09 09:02:07,2026-06-01,1899-12-31 12:30:00,292
"Josh",2026-06-09 09:02:07,2026-06-01,1899-12-31 12:35:00,328
"Josh",2026-06-09 09:02:07,2026-06-01,1899-12-31 12:40:00,337
"Josh",2026-06-09 09:02:07,2026-06-01,1899-12-31 12:45:00,289
"Josh",2026-06-09 09:02:07,2026-06-01,1899-12-31 13:05:00,32
"Josh",2026-06-09 09:02:07,2026-06-01,1899-12-31 13:55:00,8
"Josh",2026-06-09 09:02:07,2026-06-01,1899-12-31 15:45:00,8
"Josh",2026-06-09 09:02:07,2026-06-01,1899-12-31 17:15:00,10
"Josh",2026-06-09 09:02:07,2026-06-01,1899-12-31 17:30:00,289
"Josh",2026-06-09 09:02:07,2026-06-01,1899-12-31 17:35:00,290
"Josh",2026-06-09 09:02:07,2026-06-01,1899-12-31 17:40:00,319
"Josh",2026-06-09 09:02:07,2026-06-01,1899-12-31 17:45:00,325
"Josh",2026-06-09 09:02:07,2026-06-01,1899-12-31 17:50:00,327
"Josh",2026-06-09 09:02:07,2026-06-01,1899-12-31 17:55:00,350
"Josh",2026-06-09 09:02:07,2026-06-01,1899-12-31 18:00:00,403
"Josh",2026-06-09 09:02:07,2026-06-01,1899-12-31 18:05:00,334
"Josh",2026-06-09 09:02:07,2026-06-01,1899-12-31 18:10:00,430
"Josh",2026-06-09 09:02:07,2026-06-01,1899-12-31 18:15:00,298
"Josh",2026-06-09 09:02:07,2026-06-01,1899-12-31 18:20:00,409
"Josh",2026-06-09 09:02:07,2026-06-01,1899-12-31 18:25:00,285
"Josh",2026-06-09 09:02:07,2026-06-01,1899-12-31 18:30:00,368
"Josh",2026-06-09 09:02:07,2026-06-01,1899-12-31 18:55:00,50
"Josh",2026-06-09 09:02:07,2026-06-01,1899-12-31 19:10:00,51
"Josh",2026-06-09 09:02:07,2026-06-01,1899-12-31 19:25:00,39
"Josh",2026-06-09 09:02:07,2026-06-01,1899-12-31 22:30:00,18
"Josh",2026-06-09 09:02:07,2026-06-01,1899-12-31 23:00:00,35
"Josh",2026-06-09 09:02:07,2026-06-01,1899-12-31 23:25:00,15
"Josh",2026-06-09 09:02:07,2026-06-02,1899-12-31 01:15:00,14
"Josh",2026-06-09 09:02:07,2026-06-02,1899-12-31 04:55:00,5
"Josh",2026-06-09 09:02:07,2026-06-02,1899-12-31 05:50:00,5
"Josh",2026-06-09 09:02:07,2026-06-02,1899-12-31 06:30:00,9
"Josh",2026-06-09 09:02:07,2026-06-02,1899-12-31 07:30:00,50
"Josh",2026-06-09 09:02:07,2026-06-02,1899-12-31 07:35:00,46
"Josh",2026-06-09 09:02:07,2026-06-02,1899-12-31 07:40:00,44
"Josh",2026-06-09 09:02:07,2026-06-02,1899-12-31 07:45:00,36
"Josh",2026-06-09 09:02:07,2026-06-02,1899-12-31 07:55:00,52
"Josh",2026-06-09 09:02:07,2026-06-02,1899-12-31 08:00:00,29
"Josh",2026-06-09 09:02:07,2026-06-02,1899-12-31 08:05:00,53
"Josh",2026-06-09 09:02:07,2026-06-02,1899-12-31 08:10:00,18
"Josh",2026-06-09 09:02:07,2026-06-02,1899-12-31 08:15:00,33
"Josh",2026-06-09 09:02:07,2026-06-02,1899-12-31 08:20:00,182
"Josh",2026-06-09 09:02:07,2026-06-02,1899-12-31 08:25:00,245
"Josh",2026-06-09 09:02:07,2026-06-02,1899-12-31 08:30:00,151
"Josh",2026-06-09 09:02:07,2026-06-02,1899-12-31 08:35:00,128
"Josh",2026-06-09 09:02:07,2026-06-02,1899-12-31 08:40:00,215
"Josh",2026-06-09 09:02:07,2026-06-02,1899-12-31 08:45:00,270
"Josh",2026-06-09 09:02:07,2026-06-02,1899-12-31 09:30:00,18
"Josh",2026-06-09 09:02:07,2026-06-02,1899-12-31 09:55:00,8
"Josh",2026-06-09 09:02:07,2026-06-02,1899-12-31 10:20:00,7
"Josh",2026-06-09 09:02:07,2026-06-02,1899-12-31 10:45:00,31
"Josh",2026-06-09 09:02:07,2026-06-02,1899-12-31 12:00:00,337
"Josh",2026-06-09 09:02:07,2026-06-02,1899-12-31 12:05:00,336
"Josh",2026-06-09 09:02:07,2026-06-02,1899-12-31 12:10:00,325
"Josh",2026-06-09 09:02:07,2026-06-02,1899-12-31 12:15:00,323
"Josh",2026-06-09 09:02:07,2026-06-02,1899-12-31 12:20:00,230
"Josh",2026-06-09 09:02:07,2026-06-02,1899-12-31 12:25:00,230
"Josh",2026-06-09 09:02:07,2026-06-02,1899-12-31 12:30:00,247
"Josh",2026-06-09 09:02:07,2026-06-02,1899-12-31 12:35:00,360
"Josh",2026-06-09 09:02:07,2026-06-02,1899-12-31 12:40:00,280
"Josh",2026-06-09 09:02:07,2026-06-02,1899-12-31 12:45:00,263
"Josh",2026-06-09 09:02:07,2026-06-02,1899-12-31 13:30:00,10
"Josh",2026-06-09 09:02:07,2026-06-02,1899-12-31 14:20:00,18
"Josh",2026-06-09 09:02:07,2026-06-02,1899-12-31 15:45:00,18
"Josh",2026-06-09 09:02:07,2026-06-02,1899-12-31 16:10:00,35
"Josh",2026-06-09 09:02:07,2026-06-02,1899-12-31 16:40:00,18
"Josh",2026-06-09 09:02:07,2026-06-02,1899-12-31 17:00:00,23
"Josh",2026-06-09 09:02:07,2026-06-02,1899-12-31 17:30:00,262
"Josh",2026-06-09 09:02:07,2026-06-02,1899-12-31 17:35:00,259
"Josh",2026-06-09 09:02:07,2026-06-02,1899-12-31 17:40:00,291
"Josh",2026-06-09 09:02:07,2026-06-02,1899-12-31 17:45:00,334
"Josh",2026-06-09 09:02:07,2026-06-02,1899-12-31 17:50:00,297
"Josh",2026-06-09 09:02:07,2026-06-02,1899-12-31 17:55:00,288
"Josh",2026-06-09 09:02:07,2026-06-02,1899-12-31 18:00:00,368
"Josh",2026-06-09 09:02:07,2026-06-02,1899-12-31 18:05:00,273
"Josh",2026-06-09 09:02:07,2026-06-02,1899-12-31 18:10:00,371
"Josh",2026-06-09 09:02:07,2026-06-02,1899-12-31 18:15:00,292
"Josh",2026-06-09 09:02:07,2026-06-02,1899-12-31 18:20:00,368
"Josh",2026-06-09 09:02:07,2026-06-02,1899-12-31 18:25:00,267
"Josh",2026-06-09 09:02:07,2026-06-02,1899-12-31 18:30:00,252
"Josh",2026-06-09 09:02:07,2026-06-02,1899-12-31 18:40:00,18
"Josh",2026-06-09 09:02:07,2026-06-02,1899-12-31 19:25:00,52
"Josh",2026-06-09 09:02:07,2026-06-02,1899-12-31 20:00:00,54
"Josh",2026-06-09 09:02:07,2026-06-02,1899-12-31 21:35:00,24
"Josh",2026-06-09 09:02:07,2026-06-02,1899-12-31 23:25:00,14
"Josh",2026-06-09 09:02:07,2026-06-03,1899-12-31 07:30:00,10
"Josh",2026-06-09 09:02:07,2026-06-03,1899-12-31 07:35:00,41
"Josh",2026-06-09 09:02:07,2026-06-03,1899-12-31 07:40:00,47
"Josh",2026-06-09 09:02:07,2026-06-03,1899-12-31 07:45:00,64
"Josh",2026-06-09 09:02:07,2026-06-03,1899-12-31 07:55:00,18
"Josh",2026-06-09 09:02:07,2026-06-03,1899-12-31 08:00:00,11
"Josh",2026-06-09 09:02:07,2026-06-03,1899-12-31 08:05:00,49
"Josh",2026-06-09 09:02:07,2026-06-03,1899-12-31 08:10:00,18
"Josh",2026-06-09 09:02:07,2026-06-03,1899-12-31 08:15:00,49
"Josh",2026-06-09 09:02:07,2026-06-03,1899-12-31 08:20:00,214
"Josh",2026-06-09 09:02:07,2026-06-03,1899-12-31 08:25:00,149
"Josh",2026-06-09 09:02:07,2026-06-03,1899-12-31 08:30:00,145
"Josh",2026-06-09 09:02:07,2026-06-03,1899-12-31 08:35:00,130
"Josh",2026-06-09 09:02:07,2026-06-03,1899-12-31 08:40:00,165
"Josh",2026-06-09 09:02:07,2026-06-03,1899-12-31 08:45:00,290
"Josh",2026-06-09 09:02:07,2026-06-03,1899-12-31 09:10:00,16
"Josh",2026-06-09 09:02:07,2026-06-03,1899-12-31 10:20:00,19
"Josh",2026-06-09 09:02:07,2026-06-03,1899-12-31 11:05:00,35
"Josh",2026-06-09 09:02:07,2026-06-03,1899-12-31 11:50:00,20
"Josh",2026-06-09 09:02:07,2026-06-03,1899-12-31 12:00:00,257
"Josh",2026-06-09 09:02:07,2026-06-03,1899-12-31 12:05:00,293
"Josh",2026-06-09 09:02:07,2026-06-03,1899-12-31 12:10:00,308
"Josh",2026-06-09 09:02:07,2026-06-03,1899-12-31 12:15:00,327
"Josh",2026-06-09 09:02:07,2026-06-03,1899-12-31 12:20:00,314
"Josh",2026-06-09 09:02:07,2026-06-03,1899-12-31 12:25:00,346
"Josh",2026-06-09 09:02:07,2026-06-03,1899-12-31 12:30:00,260
"Josh",2026-06-09 09:02:07,2026-06-03,1899-12-31 12:35:00,334
"Josh",2026-06-09 09:02:07,2026-06-03,1899-12-31 12:40:00,373
"Josh",2026-06-09 09:02:07,2026-06-03,1899-12-31 12:45:00,299
"Josh",2026-06-09 09:02:07,2026-06-03,1899-12-31 13:05:00,35
"Josh",2026-06-09 09:02:07,2026-06-03,1899-12-31 15:15:00,38
"Josh",2026-06-09 09:02:07,2026-06-03,1899-12-31 15:45:00,16
"Josh",2026-06-09 09:02:07,2026-06-03,1899-12-31 16:10:00,36
"Josh",2026-06-09 09:02:07,2026-06-03,1899-12-31 16:40:00,26
"Josh",2026-06-09 09:02:07,2026-06-03,1899-12-31 17:00:00,14
"Josh",2026-06-09 09:02:07,2026-06-03,1899-12-31 17:15:00,32
"Josh",2026-06-09 09:02:07,2026-06-03,1899-12-31 17:30:00,307
"Josh",2026-06-09 09:02:07,2026-06-03,1899-12-31 17:35:00,409
"Josh",2026-06-09 09:02:07,2026-06-03,1899-12-31 17:40:00,370
"Josh",2026-06-09 09:02:07,2026-06-03,1899-12-31 17:45:00,422
"Josh",2026-06-09 09:02:07,2026-06-03,1899-12-31 17:50:00,373
"Josh",2026-06-09 09:02:07,2026-06-03,1899-12-31 17:55:00,331
"Josh",2026-06-09 09:02:07,2026-06-03,1899-12-31 18:00:00,278
"Josh",2026-06-09 09:02:07,2026-06-03,1899-12-31 18:05:00,277
"Josh",2026-06-09 09:02:07,2026-06-03,1899-12-31 18:10:00,387
"Josh",2026-06-09 09:02:07,2026-06-03,1899-12-31 18:15:00,384
"Josh",2026-06-09 09:02:07,2026-06-03,1899-12-31 18:20:00,338
"Josh",2026-06-09 09:02:07,2026-06-03,1899-12-31 18:25:00,303
"Josh",2026-06-09 09:02:07,2026-06-03,1899-12-31 18:30:00,298
"Josh",2026-06-09 09:02:07,2026-06-03,1899-12-31 18:40:00,20
"Josh",2026-06-09 09:02:07,2026-06-03,1899-12-31 18:55:00,41
"Josh",2026-06-09 09:02:07,2026-06-03,1899-12-31 19:10:00,30
"Josh",2026-06-09 09:02:07,2026-06-03,1899-12-31 19:25:00,23
"Josh",2026-06-09 09:02:07,2026-06-03,1899-12-31 19:45:00,41
"Josh",2026-06-09 09:02:07,2026-06-03,1899-12-31 20:15:00,25
"Josh",2026-06-09 09:02:07,2026-06-03,1899-12-31 23:00:00,30
"Josh",2026-06-09 09:02:07,2026-06-04,1899-12-31 01:15:00,12
"Josh",2026-06-09 09:02:07,2026-06-04,1899-12-31 04:55:00,11
"Josh",2026-06-09 09:02:07,2026-06-04,1899-12-31 07:30:00,18
"Josh",2026-06-09 09:02:07,2026-06-04,1899-12-31 07:35:00,10
"Josh",2026-06-09 09:02:07,2026-06-04,1899-12-31 07:40:00,42
"Josh",2026-06-09 09:02:07,2026-06-04,1899-12-31 07:45:00,43
"Josh",2026-06-09 09:02:07,2026-06-04,1899-12-31 07:55:00,37
"Josh",2026-06-09 09:02:07,2026-06-04,1899-12-31 08:00:00,61
"Josh",2026-06-09 09:02:07,2026-06-04,1899-12-31 08:05:00,30
"Josh",2026-06-09 09:02:07,2026-06-04,1899-12-31 08:10:00,61
"Josh",2026-06-09 09:02:07,2026-06-04,1899-12-31 08:15:00,20
"Josh",2026-06-09 09:02:07,2026-06-04,1899-12-31 08:20:00,226
"Josh",2026-06-09 09:02:07,2026-06-04,1899-12-31 08:25:00,237
"Josh",2026-06-09 09:02:07,2026-06-04,1899-12-31 08:30:00,172
"Josh",2026-06-09 09:02:07,2026-06-04,1899-12-31 08:35:00,283
"Josh",2026-06-09 09:02:07,2026-06-04,1899-12-31 08:40:00,169
"Josh",2026-06-09 09:02:07,2026-06-04,1899-12-31 08:45:00,192
"Josh",2026-06-09 09:02:07,2026-06-04,1899-12-31 09:10:00,10
"Josh",2026-06-09 09:02:07,2026-06-04,1899-12-31 09:30:00,10
"Josh",2026-06-09 09:02:07,2026-06-04,1899-12-31 10:20:00,6
"Josh",2026-06-09 09:02:07,2026-06-04,1899-12-31 10:45:00,28
"Josh",2026-06-09 09:02:07,2026-06-04,1899-12-31 11:50:00,10
"Josh",2026-06-09 09:02:07,2026-06-04,1899-12-31 12:00:00,283
"Josh",2026-06-09 09:02:07,2026-06-04,1899-12-31 12:05:00,290
"Josh",2026-06-09 09:02:07,2026-06-04,1899-12-31 12:10:00,313
"Josh",2026-06-09 09:02:07,2026-06-04,1899-12-31 12:15:00,366
"Josh",2026-06-09 09:02:07,2026-06-04,1899-12-31 12:20:00,304
"Josh",2026-06-09 09:02:07,2026-06-04,1899-12-31 12:25:00,253
"Josh",2026-06-09 09:02:07,2026-06-04,1899-12-31 12:30:00,297
"Josh",2026-06-09 09:02:07,2026-06-04,1899-12-31 12:35:00,242
"Josh",2026-06-09 09:02:07,2026-06-04,1899-12-31 12:40:00,322
"Josh",2026-06-09 09:02:07,2026-06-04,1899-12-31 12:45:00,277
"Josh",2026-06-09 09:02:07,2026-06-04,1899-12-31 13:05:00,9
"Josh",2026-06-09 09:02:07,2026-06-04,1899-12-31 13:30:00,19
"Josh",2026-06-09 09:02:07,2026-06-04,1899-12-31 14:20:00,8
"Josh",2026-06-09 09:02:07,2026-06-04,1899-12-31 15:15:00,9
"Josh",2026-06-09 09:02:07,2026-06-04,1899-12-31 15:45:00,30
"Josh",2026-06-09 09:02:07,2026-06-04,1899-12-31 16:10:00,34
"Josh",2026-06-09 09:02:07,2026-06-04,1899-12-31 16:40:00,21
"Josh",2026-06-09 09:02:07,2026-06-04,1899-12-31 17:00:00,29
"Josh",2026-06-09 09:02:07,2026-06-04,1899-12-31 17:15:00,9
"Josh",2026-06-09 09:02:07,2026-06-04,1899-12-31 17:30:00,260
"Josh",2026-06-09 09:02:07,2026-06-04,1899-12-31 17:35:00,295
"Josh",2026-06-09 09:02:07,2026-06-04,1899-12-31 17:40:00,383
"Josh",2026-06-09 09:02:07,2026-06-04,1899-12-31 17:45:00,385
"Josh",2026-06-09 09:02:07,2026-06-04,1899-12-31 17:50:00,260
"Josh",2026-06-09 09:02:07,2026-06-04,1899-12-31 17:55:00,336
"Josh",2026-06-09 09:02:07,2026-06-04,1899-12-31 18:00:00,292
"Josh",2026-06-09 09:02:07,2026-06-04,1899-12-31 18:05:00,369
"Josh",2026-06-09 09:02:07,2026-06-04,1899-12-31 18:10:00,349
"Josh",2026-06-09 09:02:07,2026-06-04,1899-12-31 18:15:00,390
"Josh",2026-06-09 09:02:07,2026-06-04,1899-12-31 18:20:00,337
"Josh",2026-06-09 09:02:07,2026-06-04,1899-12-31 18:25:00,344
"Josh",2026-06-09 09:02:07,2026-06-04,1899-12-31 18:30:00,368
"Josh",2026-06-09 09:02:07,2026-06-04,1899-12-31 18:40:00,31
"Josh",2026-06-09 09:02:07,2026-06-04,1899-12-31 18:55:00,32
"Josh",2026-06-09 09:02:07,2026-06-04,1899-12-31 19:25:00,29
"Josh",2026-06-09 09:02:07,2026-06-04,1899-12-31 19:45:00,52
"Josh",2026-06-09 09:02:07,2026-06-04,1899-12-31 20:15:00,38
"Josh",2026-06-09 09:02:07,2026-06-04,1899-12-31 20:40:00,40
"Josh",2026-06-10 09:10:30,2026-06-05,1899-12-31 04:55:00,7
"Josh",2026-06-10 09:10:30,2026-06-05,1899-12-31 05:50:00,5
"Josh",2026-06-10 09:10:30,2026-06-05,1899-12-31 06:30:00,12
"Josh",2026-06-10 09:10:30,2026-06-05,1899-12-31 07:30:00,61
"Josh",2026-06-10 09:10:30,2026-06-05,1899-12-31 07:35:00,29
"Josh",2026-06-10 09:10:30,2026-06-05,1899-12-31 07:40:00,50
"Josh",2026-06-10 09:10:30,2026-06-05,1899-12-31 07:45:00,35
"Josh",2026-06-10 09:10:30,2026-06-05,1899-12-31 07:55:00,27
"Josh",2026-06-10 09:10:30,2026-06-05,1899-12-31 08:00:00,58
"Josh",2026-06-10 09:10:30,2026-06-05,1899-12-31 08:05:00,34
"Josh",2026-06-10 09:10:30,2026-06-05,1899-12-31 08:10:00,55
"Josh",2026-06-10 09:10:30,2026-06-05,1899-12-31 08:15:00,18
"Josh",2026-06-10 09:10:30,2026-06-05,1899-12-31 08:20:00,205
"Josh",2026-06-10 09:10:30,2026-06-05,1899-12-31 08:25:00,265
"Josh",2026-06-10 09:10:30,2026-06-05,1899-12-31 08:30:00,209
"Josh",2026-06-10 09:10:30,2026-06-05,1899-12-31 08:35:00,267
"Josh",2026-06-10 09:10:30,2026-06-05,1899-12-31 08:40:00,180
"Josh",2026-06-10 09:10:30,2026-06-05,1899-12-31 08:45:00,246
"Josh",2026-06-10 09:10:30,2026-06-05,1899-12-31 10:20:00,17
"Josh",2026-06-10 09:10:30,2026-06-05,1899-12-31 11:05:00,6
"Josh",2026-06-10 09:10:30,2026-06-05,1899-12-31 11:50:00,19
"Josh",2026-06-10 09:10:30,2026-06-05,1899-12-31 12:00:00,305
"Josh",2026-06-10 09:10:30,2026-06-05,1899-12-31 12:05:00,317
"Josh",2026-06-10 09:10:30,2026-06-05,1899-12-31 12:10:00,330
"Josh",2026-06-10 09:10:30,2026-06-05,1899-12-31 12:15:00,324
"Josh",2026-06-10 09:10:30,2026-06-05,1899-12-31 12:20:00,332
"Josh",2026-06-10 09:10:30,2026-06-05,1899-12-31 12:25:00,287
"Josh",2026-06-10 09:10:30,2026-06-05,1899-12-31 12:30:00,306
"Josh",2026-06-10 09:10:30,2026-06-05,1899-12-31 12:35:00,327
"Josh",2026-06-10 09:10:30,2026-06-05,1899-12-31 12:40:00,404
"Josh",2026-06-10 09:10:30,2026-06-05,1899-12-31 12:45:00,288
"Josh",2026-06-10 09:10:30,2026-06-05,1899-12-31 13:30:00,28
"Josh",2026-06-10 09:10:30,2026-06-05,1899-12-31 14:20:00,36
"Josh",2026-06-10 09:10:30,2026-06-05,1899-12-31 15:15:00,22
"Josh",2026-06-10 09:10:30,2026-06-05,1899-12-31 15:45:00,39
"Josh",2026-06-10 09:10:30,2026-06-05,1899-12-31 16:10:00,30
"Josh",2026-06-10 09:10:30,2026-06-05,1899-12-31 17:00:00,13
"Josh",2026-06-10 09:10:30,2026-06-05,1899-12-31 17:15:00,28
"Josh",2026-06-10 09:10:30,2026-06-05,1899-12-31 17:30:00,319
"Josh",2026-06-10 09:10:30,2026-06-05,1899-12-31 17:35:00,373
"Josh",2026-06-10 09:10:30,2026-06-05,1899-12-31 17:40:00,301
"Josh",2026-06-10 09:10:30,2026-06-05,1899-12-31 17:45:00,428
"Josh",2026-06-10 09:10:30,2026-06-05,1899-12-31 17:50:00,408
"Josh",2026-06-10 09:10:30,2026-06-05,1899-12-31 17:55:00,353
"Josh",2026-06-10 09:10:30,2026-06-05,1899-12-31 18:00:00,341
"Josh",2026-06-10 09:10:30,2026-06-05,1899-12-31 18:05:00,424
"Josh",2026-06-10 09:10:30,2026-06-05,1899-12-31 18:10:00,358
"Josh",2026-06-10 09:10:30,2026-06-05,1899-12-31 18:15:00,379
"Josh",2026-06-10 09:10:30,2026-06-05,1899-12-31 18:20:00,338
"Josh",2026-06-10 09:10:30,2026-06-05,1899-12-31 18:25:00,341
"Josh",2026-06-10 09:10:30,2026-06-05,1899-12-31 18:30:00,319
"Josh",2026-06-10 09:10:30,2026-06-05,1899-12-31 18:40:00,22
"Josh",2026-06-10 09:10:30,2026-06-05,1899-12-31 19:10:00,37
"Josh",2026-06-10 09:10:30,2026-06-05,1899-12-31 19:25:00,50
"Josh",2026-06-10 09:10:30,2026-06-05,1899-12-31 20:40:00,21
"Josh",2026-06-10 09:10:30,2026-06-05,1899-12-31 22:30:00,23
"Josh",2026-06-10 09:10:30,2026-06-05,1899-12-31 23:25:00,26
"Josh",2026-06-10 09:10:30,2026-06-06,1899-12-31 03:10:00,15
"Josh",2026-06-10 09:10:30,2026-06-06,1899-12-31 06:45:00,14
"Josh",2026-06-10 09:10:30,2026-06-06,1899-12-31 08:00:00,70
"Josh",2026-06-10 09:10:30,2026-06-06,1899-12-31 08:10:00,56
"Josh",2026-06-10 09:10:30,2026-06-06,1899-12-31 08:20:00,43
"Josh",2026-06-10 09:10:30,2026-06-06,1899-12-31 08:30:00,37
"Josh",2026-06-10 09:10:30,2026-06-06,1899-12-31 09:00:00,457
"Josh",2026-06-10 09:10:30,2026-06-06,1899-12-31 09:05:00,567
"Josh",2026-06-10 09:10:30,2026-06-06,1899-12-31 09:10:00,432
"Josh",2026-06-10 09:10:30,2026-06-06,1899-12-31 09:15:00,540
"Josh",2026-06-10 09:10:30,2026-06-06,1899-12-31 09:20:00,425
"Josh",2026-06-10 09:10:30,2026-06-06,1899-12-31 09:25:00,507
"Josh",2026-06-10 09:10:30,2026-06-06,1899-12-31 09:30:00,527
"Josh",2026-06-10 09:10:30,2026-06-06,1899-12-31 09:35:00,480
"Josh",2026-06-10 09:10:30,2026-06-06,1899-12-31 09:40:00,556
"Josh",2026-06-10 09:10:30,2026-06-06,1899-12-31 09:45:00,423
"Josh",2026-06-10 09:10:30,2026-06-06,1899-12-31 09:50:00,507
"Josh",2026-06-10 09:10:30,2026-06-06,1899-12-31 09:55:00,497
"Josh",2026-06-10 09:10:30,2026-06-06,1899-12-31 10:00:00,502
"Josh",2026-06-10 09:10:30,2026-06-06,1899-12-31 10:05:00,435
"Josh",2026-06-10 09:10:30,2026-06-06,1899-12-31 10:10:00,500
"Josh",2026-06-10 09:10:30,2026-06-06,1899-12-31 10:15:00,555
"Josh",2026-06-10 09:10:30,2026-06-06,1899-12-31 10:20:00,89
"Josh",2026-06-10 09:10:30,2026-06-06,1899-12-31 10:30:00,82
"Josh",2026-06-10 09:10:30,2026-06-06,1899-12-31 10:45:00,73
"Josh",2026-06-10 09:10:30,2026-06-06,1899-12-31 11:00:00,75
"Josh",2026-06-10 09:10:30,2026-06-06,1899-12-31 11:35:00,108
"Josh",2026-06-10 09:10:30,2026-06-06,1899-12-31 11:55:00,42
"Josh",2026-06-10 09:10:30,2026-06-06,1899-12-31 13:00:00,65
"Josh",2026-06-10 09:10:30,2026-06-06,1899-12-31 13:35:00,84
"Josh",2026-06-10 09:10:30,2026-06-06,1899-12-31 14:00:00,215
"Josh",2026-06-10 09:10:30,2026-06-06,1899-12-31 14:05:00,388
"Josh",2026-06-10 09:10:30,2026-06-06,1899-12-31 14:10:00,253
"Josh",2026-06-10 09:10:30,2026-06-06,1899-12-31 14:15:00,213
"Josh",2026-06-10 09:10:30,2026-06-06,1899-12-31 14:20:00,251
"Josh",2026-06-10 09:10:30,2026-06-06,1899-12-31 14:35:00,166
"Josh",2026-06-10 09:10:30,2026-06-06,1899-12-31 14:55:00,37
"Josh",2026-06-10 09:10:30,2026-06-06,1899-12-31 15:30:00,82
"Josh",2026-06-10 09:10:30,2026-06-06,1899-12-31 16:30:00,42
"Josh",2026-06-10 09:10:30,2026-06-06,1899-12-31 17:45:00,38
"Josh",2026-06-10 09:10:30,2026-06-06,1899-12-31 18:40:00,35
"Josh",2026-06-10 09:10:30,2026-06-06,1899-12-31 20:15:00,55
"Josh",2026-06-10 09:10:30,2026-06-06,1899-12-31 20:50:00,54
"Josh",2026-06-10 09:10:30,2026-06-07,1899-12-31 06:45:00,9
"Josh",2026-06-10 09:10:30,2026-06-07,1899-12-31 08:00:00,68
"Josh",2026-06-10 09:10:30,2026-06-07,1899-12-31 08:10:00,72
"Josh",2026-06-10 09:10:30,2026-06-07,1899-12-31 08:20:00,43
"Josh",2026-06-10 09:10:30,2026-06-07,1899-12-31 08:30:00,75
"Josh",2026-06-10 09:10:30,2026-06-07,1899-12-31 09:00:00,474
"Josh",2026-06-10 09:10:30,2026-06-07,1899-12-31 09:05:00,594
"Josh",2026-06-10 09:10:30,2026-06-07,1899-12-31 09:10:00,495
"Josh",2026-06-10 09:10:30,2026-06-07,1899-12-31 09:15:00,488
"Josh",2026-06-10 09:10:30,2026-06-07,1899-12-31 09:20:00,450
"Josh",2026-06-10 09:10:30,2026-06-07,1899-12-31 09:25:00,579
"Josh",2026-06-10 09:10:30,2026-06-07,1899-12-31 09:30:00,571
"Josh",2026-06-10 09:10:30,2026-06-07,1899-12-31 09:35:00,520
"Josh",2026-06-10 09:10:30,2026-06-07,1899-12-31 09:40:00,486
"Josh",2026-06-10 09:10:30,2026-06-07,1899-12-31 09:45:00,565
"Josh",2026-06-10 09:10:30,2026-06-07,1899-12-31 09:50:00,479
"Josh",2026-06-10 09:10:30,2026-06-07,1899-12-31 09:55:00,564
"Josh",2026-06-10 09:10:30,2026-06-07,1899-12-31 10:00:00,522
"Josh",2026-06-10 09:10:30,2026-06-07,1899-12-31 10:05:00,564
"Josh",2026-06-10 09:10:30,2026-06-07,1899-12-31 10:10:00,526
"Josh",2026-06-10 09:10:30,2026-06-07,1899-12-31 10:15:00,407
"Josh",2026-06-10 09:10:30,2026-06-07,1899-12-31 10:20:00,50
"Josh",2026-06-10 09:10:30,2026-06-07,1899-12-31 10:30:00,29
"Josh",2026-06-10 09:10:30,2026-06-07,1899-12-31 10:45:00,22
"Josh",2026-06-10 09:10:30,2026-06-07,1899-12-31 11:00:00,64
"Josh",2026-06-10 09:10:30,2026-06-07,1899-12-31 11:20:00,19
"Josh",2026-06-10 09:10:30,2026-06-07,1899-12-31 11:55:00,101
"Josh",2026-06-10 09:10:30,2026-06-07,1899-12-31 13:15:00,348
"Josh",2026-06-10 09:10:30,2026-06-07,1899-12-31 13:20:00,273
"Josh",2026-06-10 09:10:30,2026-06-07,1899-12-31 13:25:00,409
"Josh",2026-06-10 09:10:30,2026-06-07,1899-12-31 13:30:00,349
"Josh",2026-06-10 09:10:30,2026-06-07,1899-12-31 13:35:00,309
"Josh",2026-06-10 09:10:30,2026-06-07,1899-12-31 13:55:00,187
"Josh",2026-06-10 09:10:30,2026-06-07,1899-12-31 14:15:00,114
"Josh",2026-06-10 09:10:30,2026-06-07,1899-12-31 14:35:00,170
"Josh",2026-06-10 09:10:30,2026-06-07,1899-12-31 15:10:00,55
"Josh",2026-06-10 09:10:30,2026-06-07,1899-12-31 15:30:00,87
"Josh",2026-06-10 09:10:30,2026-06-07,1899-12-31 16:10:00,117
"Josh",2026-06-10 09:10:30,2026-06-07,1899-12-31 16:30:00,98
"Josh",2026-06-10 09:10:30,2026-06-07,1899-12-31 17:45:00,55
"Josh",2026-06-10 09:10:30,2026-06-07,1899-12-31 19:45:00,34
"Josh",2026-06-10 09:10:30,2026-06-07,1899-12-31 20:15:00,85
"Josh",2026-06-10 09:10:30,2026-06-07,1899-12-31 20:50:00,16
"Josh",2026-06-10 09:10:30,2026-06-07,1899-12-31 21:20:00,32
"Josh",2026-06-11 10:05:59,2026-06-08,1899-12-31 07:30:00,34
"Josh",2026-06-11 10:05:59,2026-06-08,1899-12-31 07:35:00,28
"Josh",2026-06-11 10:05:59,2026-06-08,1899-12-31 07:40:00,13
"Josh",2026-06-11 10:05:59,2026-06-08,1899-12-31 07:45:00,29
"Josh",2026-06-11 10:05:59,2026-06-08,1899-12-31 07:55:00,29
"Josh",2026-06-11 10:05:59,2026-06-08,1899-12-31 08:00:00,44
"Josh",2026-06-11 10:05:59,2026-06-08,1899-12-31 08:05:00,18
"Josh",2026-06-11 10:05:59,2026-06-08,1899-12-31 08:10:00,15
"Josh",2026-06-11 10:05:59,2026-06-08,1899-12-31 08:15:00,54
"Josh",2026-06-11 10:05:59,2026-06-08,1899-12-31 08:20:00,142
"Josh",2026-06-11 10:05:59,2026-06-08,1899-12-31 08:25:00,114
"Josh",2026-06-11 10:05:59,2026-06-08,1899-12-31 08:30:00,217
"Josh",2026-06-11 10:05:59,2026-06-08,1899-12-31 08:35:00,210
"Josh",2026-06-11 10:05:59,2026-06-08,1899-12-31 08:40:00,225
"Josh",2026-06-11 10:05:59,2026-06-08,1899-12-31 08:45:00,145
"Josh",2026-06-11 10:05:59,2026-06-08,1899-12-31 10:20:00,13
"Josh",2026-06-11 10:05:59,2026-06-08,1899-12-31 11:30:00,15
"Josh",2026-06-11 10:05:59,2026-06-08,1899-12-31 12:00:00,254
"Josh",2026-06-11 10:05:59,2026-06-08,1899-12-31 12:05:00,294
"Josh",2026-06-11 10:05:59,2026-06-08,1899-12-31 12:10:00,259
"Josh",2026-06-11 10:05:59,2026-06-08,1899-12-31 12:15:00,344
"Josh",2026-06-11 10:05:59,2026-06-08,1899-12-31 12:20:00,268
"Josh",2026-06-11 10:05:59,2026-06-08,1899-12-31 12:25:00,306
"Josh",2026-06-11 10:05:59,2026-06-08,1899-12-31 12:30:00,228
"Josh",2026-06-11 10:05:59,2026-06-08,1899-12-31 12:35:00,338
"Josh",2026-06-11 10:05:59,2026-06-08,1899-12-31 12:40:00,257
"Josh",2026-06-11 10:05:59,2026-06-08,1899-12-31 12:45:00,277
"Josh",2026-06-11 10:05:59,2026-06-08,1899-12-31 13:05:00,14
"Josh",2026-06-11 10:05:59,2026-06-08,1899-12-31 13:55:00,7
"Josh",2026-06-11 10:05:59,2026-06-08,1899-12-31 14:50:00,17
"Josh",2026-06-11 10:05:59,2026-06-08,1899-12-31 15:15:00,23
"Josh",2026-06-11 10:05:59,2026-06-08,1899-12-31 17:30:00,254
"Josh",2026-06-11 10:05:59,2026-06-08,1899-12-31 17:35:00,243
"Josh",2026-06-11 10:05:59,2026-06-08,1899-12-31 17:40:00,358
"Josh",2026-06-11 10:05:59,2026-06-08,1899-12-31 17:45:00,284
"Josh",2026-06-11 10:05:59,2026-06-08,1899-12-31 17:50:00,371
"Josh",2026-06-11 10:05:59,2026-06-08,1899-12-31 17:55:00,374
"Josh",2026-06-11 10:05:59,2026-06-08,1899-12-31 18:00:00,301
"Josh",2026-06-11 10:05:59,2026-06-08,1899-12-31 18:05:00,367
"Josh",2026-06-11 10:05:59,2026-06-08,1899-12-31 18:10:00,301
"Josh",2026-06-11 10:05:59,2026-06-08,1899-12-31 18:15:00,269
"Josh",2026-06-11 10:05:59,2026-06-08,1899-12-31 18:20:00,313
"Josh",2026-06-11 10:05:59,2026-06-08,1899-12-31 18:25:00,303
"Josh",2026-06-11 10:05:59,2026-06-08,1899-12-31 18:30:00,338
"Josh",2026-06-11 10:05:59,2026-06-08,1899-12-31 19:25:00,18
"Josh",2026-06-11 10:05:59,2026-06-08,1899-12-31 20:00:00,37
"Josh",2026-06-11 10:05:59,2026-06-08,1899-12-31 20:15:00,30
"Josh",2026-06-11 10:05:59,2026-06-08,1899-12-31 22:30:00,29
"Josh",2026-06-11 10:05:59,2026-06-09,1899-12-31 07:30:00,25
"Josh",2026-06-11 10:05:59,2026-06-09,1899-12-31 07:35:00,26
"Josh",2026-06-11 10:05:59,2026-06-09,1899-12-31 07:40:00,20
"Josh",2026-06-11 10:05:59,2026-06-09,1899-12-31 07:45:00,24
"Josh",2026-06-11 10:05:59,2026-06-09,1899-12-31 07:55:00,46
"Josh",2026-06-11 10:05:59,2026-06-09,1899-12-31 08:00:00,16
"Josh",2026-06-11 10:05:59,2026-06-09,1899-12-31 08:05:00,60
"Josh",2026-06-11 10:05:59,2026-06-09,1899-12-31 08:10:00,32
"Josh",2026-06-11 10:05:59,2026-06-09,1899-12-31 08:15:00,16
"Josh",2026-06-11 10:05:59,2026-06-09,1899-12-31 08:20:00,253
"Josh",2026-06-11 10:05:59,2026-06-09,1899-12-31 08:25:00,160
"Josh",2026-06-11 10:05:59,2026-06-09,1899-12-31 08:30:00,155
"Josh",2026-06-11 10:05:59,2026-06-09,1899-12-31 08:35:00,262
"Josh",2026-06-11 10:05:59,2026-06-09,1899-12-31 08:40:00,208
"Josh",2026-06-11 10:05:59,2026-06-09,1899-12-31 08:45:00,251
"Josh",2026-06-11 10:05:59,2026-06-09,1899-12-31 09:10:00,6
"Josh",2026-06-11 10:05:59,2026-06-09,1899-12-31 09:30:00,24
"Josh",2026-06-11 10:05:59,2026-06-09,1899-12-31 09:55:00,24
"Josh",2026-06-11 10:05:59,2026-06-09,1899-12-31 10:20:00,29
"Josh",2026-06-11 10:05:59,2026-06-09,1899-12-31 10:45:00,27
"Josh",2026-06-11 10:05:59,2026-06-09,1899-12-31 11:30:00,24
"Josh",2026-06-11 10:05:59,2026-06-09,1899-12-31 11:50:00,25
"Josh",2026-06-11 10:05:59,2026-06-09,1899-12-31 12:00:00,361
"Josh",2026-06-11 10:05:59,2026-06-09,1899-12-31 12:05:00,275
"Josh",2026-06-11 10:05:59,2026-06-09,1899-12-31 12:10:00,368
"Josh",2026-06-11 10:05:59,2026-06-09,1899-12-31 12:15:00,321
"Josh",2026-06-11 10:05:59,2026-06-09,1899-12-31 12:20:00,337
"Josh",2026-06-11 10:05:59,2026-06-09,1899-12-31 12:25:00,251
"Josh",2026-06-11 10:05:59,2026-06-09,1899-12-31 12:30:00,256
"Josh",2026-06-11 10:05:59,2026-06-09,1899-12-31 12:35:00,245
"Josh",2026-06-11 10:05:59,2026-06-09,1899-12-31 12:40:00,343
"Josh",2026-06-11 10:05:59,2026-06-09,1899-12-31 12:45:00,245
"Josh",2026-06-11 10:05:59,2026-06-09,1899-12-31 13:55:00,12
"Josh",2026-06-11 10:05:59,2026-06-09,1899-12-31 14:20:00,24
"Josh",2026-06-11 10:05:59,2026-06-09,1899-12-31 14:50:00,18
"Josh",2026-06-11 10:05:59,2026-06-09,1899-12-31 15:15:00,18
"Josh",2026-06-11 10:05:59,2026-06-09,1899-12-31 16:10:00,32
"Josh",2026-06-11 10:05:59,2026-06-09,1899-12-31 17:00:00,28
"Josh",2026-06-11 10:05:59,2026-06-09,1899-12-31 17:15:00,22
"Josh",2026-06-11 10:05:59,2026-06-09,1899-12-31 17:30:00,275
"Josh",2026-06-11 10:05:59,2026-06-09,1899-12-31 17:35:00,279
"Josh",2026-06-11 10:05:59,2026-06-09,1899-12-31 17:40:00,361
"Josh",2026-06-11 10:05:59,2026-06-09,1899-12-31 17:45:00,386
"Josh",2026-06-11 10:05:59,2026-06-09,1899-12-31 17:50:00,335
"Josh",2026-06-11 10:05:59,2026-06-09,1899-12-31 17:55:00,313
"Josh",2026-06-11 10:05:59,2026-06-09,1899-12-31 18:00:00,350
"Josh",2026-06-11 10:05:59,2026-06-09,1899-12-31 18:05:00,332
"Josh",2026-06-11 10:05:59,2026-06-09,1899-12-31 18:10:00,282
"Josh",2026-06-11 10:05:59,2026-06-09,1899-12-31 18:15:00,311
"Josh",2026-06-11 10:05:59,2026-06-09,1899-12-31 18:20:00,317
"Josh",2026-06-11 10:05:59,2026-06-09,1899-12-31 18:25:00,368
"Josh",2026-06-11 10:05:59,2026-06-09,1899-12-31 18:30:00,295
"Josh",2026-06-11 10:05:59,2026-06-09,1899-12-31 19:25:00,22
"Josh",2026-06-11 10:05:59,2026-06-09,1899-12-31 19:45:00,54
"Josh",2026-06-11 10:05:59,2026-06-09,1899-12-31 20:00:00,24
"Josh",2026-06-11 10:05:59,2026-06-09,1899-12-31 20:40:00,24
"Josh",2026-06-11 10:05:59,2026-06-09,1899-12-31 21:05:00,12
"Josh",2026-06-11 10:05:59,2026-06-09,1899-12-31 22:00:00,37
"Josh",2026-06-11 10:05:59,2026-06-10,1899-12-31 02:40:00,6
"Josh",2026-06-11 10:05:59,2026-06-10,1899-12-31 04:55:00,8
"Josh",2026-06-11 10:05:59,2026-06-10,1899-12-31 05:50:00,6
"Josh",2026-06-11 10:05:59,2026-06-10,1899-12-31 07:30:00,49
"Josh",2026-06-11 10:05:59,2026-06-10,1899-12-31 07:35:00,54
"Josh",2026-06-11 10:05:59,2026-06-10,1899-12-31 07:40:00,23
"Josh",2026-06-11 10:05:59,2026-06-10,1899-12-31 07:45:00,51
"Josh",2026-06-11 10:05:59,2026-06-10,1899-12-31 07:55:00,38
"Josh",2026-06-11 10:05:59,2026-06-10,1899-12-31 08:00:00,24
"Josh",2026-06-11 10:05:59,2026-06-10,1899-12-31 08:05:00,21
"Josh",2026-06-11 10:05:59,2026-06-10,1899-12-31 08:10:00,11
"Josh",2026-06-11 10:05:59,2026-06-10,1899-12-31 08:15:00,49
"Josh",2026-06-11 10:05:59,2026-06-10,1899-12-31 08:20:00,128
"Josh",2026-06-11 10:05:59,2026-06-10,1899-12-31 08:25:00,189
"Josh",2026-06-11 10:05:59,2026-06-10,1899-12-31 08:30:00,128
"Josh",2026-06-11 10:05:59,2026-06-10,1899-12-31 08:35:00,208
"Josh",2026-06-11 10:05:59,2026-06-10,1899-12-31 08:40:00,252
"Josh",2026-06-11 10:05:59,2026-06-10,1899-12-31 08:45:00,181
"Josh",2026-06-11 10:05:59,2026-06-10,1899-12-31 09:30:00,20
"Josh",2026-06-11 10:05:59,2026-06-10,1899-12-31 09:55:00,25
"Josh",2026-06-11 10:05:59,2026-06-10,1899-12-31 10:20:00,4
"Josh",2026-06-11 10:05:59,2026-06-10,1899-12-31 10:45:00,23
"Josh",2026-06-11 10:05:59,2026-06-10,1899-12-31 11:05:00,28
"Josh",2026-06-11 10:05:59,2026-06-10,1899-12-31 11:30:00,14
"Josh",2026-06-11 10:05:59,2026-06-10,1899-12-31 12:00:00,234
"Josh",2026-06-11 10:05:59,2026-06-10,1899-12-31 12:05:00,328
"Josh",2026-06-11 10:05:59,2026-06-10,1899-12-31 12:10:00,326
"Josh",2026-06-11 10:05:59,2026-06-10,1899-12-31 12:15:00,222
"Josh",2026-06-11 10:05:59,2026-06-10,1899-12-31 12:20:00,320
"Josh",2026-06-11 10:05:59,2026-06-10,1899-12-31 12:25:00,237
"Josh",2026-06-11 10:05:59,2026-06-10,1899-12-31 12:30:00,344
"Josh",2026-06-11 10:05:59,2026-06-10,1899-12-31 12:35:00,243
"Josh",2026-06-11 10:05:59,2026-06-10,1899-12-31 12:40:00,337
"Josh",2026-06-11 10:05:59,2026-06-10,1899-12-31 12:45:00,257
"Josh",2026-06-11 10:05:59,2026-06-10,1899-12-31 13:05:00,28
"Josh",2026-06-11 10:05:59,2026-06-10,1899-12-31 14:20:00,7
"Josh",2026-06-11 10:05:59,2026-06-10,1899-12-31 15:45:00,16
"Josh",2026-06-11 10:05:59,2026-06-10,1899-12-31 16:10:00,8
"Josh",2026-06-11 10:05:59,2026-06-10,1899-12-31 17:00:00,9
"Josh",2026-06-11 10:05:59,2026-06-10,1899-12-31 17:30:00,321
"Josh",2026-06-11 10:05:59,2026-06-10,1899-12-31 17:35:00,306
"Josh",2026-06-11 10:05:59,2026-06-10,1899-12-31 17:40:00,346
"Josh",2026-06-11 10:05:59,2026-06-10,1899-12-31 17:45:00,336
"Josh",2026-06-11 10:05:59,2026-06-10,1899-12-31 17:50:00,260
"Josh",2026-06-11 10:05:59,2026-06-10,1899-12-31 17:55:00,270
"Josh",2026-06-11 10:05:59,2026-06-10,1899-12-31 18:00:00,327
"Josh",2026-06-11 10:05:59,2026-06-10,1899-12-31 18:05:00,305
"Josh",2026-06-11 10:05:59,2026-06-10,1899-12-31 18:10:00,284
"Josh",2026-06-11 10:05:59,2026-06-10,1899-12-31 18:15:00,366
"Josh",2026-06-11 10:05:59,2026-06-10,1899-12-31 18:20:00,253
"Josh",2026-06-11 10:05:59,2026-06-10,1899-12-31 18:25:00,250
"Josh",2026-06-11 10:05:59,2026-06-10,1899-12-31 18:30:00,247
"Josh",2026-06-11 10:05:59,2026-06-10,1899-12-31 18:40:00,51
"Josh",2026-06-11 10:05:59,2026-06-10,1899-12-31 19:10:00,18
"Josh",2026-06-11 10:05:59,2026-06-10,1899-12-31 20:40:00,33
"Josh",2026-06-11 10:05:59,2026-06-10,1899-12-31 22:00:00,17
"Josh",2026-06-11 10:05:59,2026-06-10,1899-12-31 22:30:00,22
