participantID,datetime_fetch,dateOfSleep,datetime,logId,startTime,sleep_stage
Salome,19:06.9,5/28/2026,5/28/2026 0:15,1780906748,19:08.7,asleep
Salome,19:06.9,5/28/2026,5/28/2026 0:16,1780906748,19:08.8,asleep
Salome,19:06.9,5/28/2026,5/28/2026 0:17,1780906748,19:09.1,asleep
Salome,19:06.9,5/28/2026,5/28/2026 0:18,1780906748,19:09.3,asleep
Salome,19:06.9,5/28/2026,5/28/2026 0:19,1780906748,19:09.5,asleep
Salome,19:06.9,5/28/2026,5/28/2026 0:20,1780906748,19:09.7,asleep
Salome,19:06.9,5/28/2026,5/28/2026 0:21,1780906748,19:09.9,asleep
Salome,19:06.9,5/28/2026,5/28/2026 0:22,1780906748,19:10.3,asleep
Salome,19:06.9,5/28/2026,5/28/2026 0:23,1780906748,19:10.5,asleep
Salome,19:06.9,5/28/2026,5/28/2026 0:24,1780906748,19:10.7,asleep
Salome,19:06.9,5/28/2026,5/28/2026 0:25,1780906748,19:10.9,asleep
Salome,19:06.9,5/28/2026,5/28/2026 0:26,1780906748,19:11.1,asleep
Salome,19:06.9,5/28/2026,5/28/2026 0:27,1780906748,19:11.4,asleep
Salome,19:06.9,5/28/2026,5/28/2026 0:28,1780906748,19:11.7,asleep
Salome,19:06.9,5/28/2026,5/28/2026 0:29,1780906748,19:11.9,asleep
Salome,19:06.9,5/28/2026,5/28/2026 0:30,1780906748,19:12.1,asleep
Salome,19:06.9,5/28/2026,5/28/2026 0:31,1780906748,19:12.3,asleep
Salome,19:06.9,5/28/2026,5/28/2026 0:32,1780906748,19:12.5,asleep
Salome,19:06.9,5/28/2026,5/28/2026 0:33,1780906748,19:12.6,asleep
Salome,19:06.9,5/28/2026,5/28/2026 0:34,1780906748,19:12.8,asleep
Salome,19:06.9,5/28/2026,5/28/2026 0:35,1780906748,19:13.0,asleep
Salome,19:06.9,5/28/2026,5/28/2026 0:36,1780906748,19:13.2,asleep
Salome,19:06.9,5/28/2026,5/28/2026 0:37,1780906748,19:13.4,asleep
Salome,19:06.9,5/28/2026,5/28/2026 0:38,1780906748,19:13.6,asleep
Salome,19:06.9,5/28/2026,5/28/2026 0:39,1780906748,19:13.8,asleep
Salome,19:06.9,5/28/2026,5/28/2026 0:40,1780906748,19:13.9,asleep
Salome,19:06.9,5/28/2026,5/28/2026 0:41,1780906748,19:14.2,asleep
Salome,19:06.9,5/28/2026,5/28/2026 0:42,1780906748,19:14.4,asleep
Salome,19:06.9,5/28/2026,5/28/2026 0:43,1780906748,19:14.5,asleep
Salome,19:06.9,5/28/2026,5/28/2026 0:44,1780906748,19:14.7,asleep
Salome,19:06.9,5/28/2026,5/28/2026 0:45,1780906748,19:14.9,asleep
Salome,19:06.9,5/28/2026,5/28/2026 0:46,1780906748,19:15.0,asleep
Salome,19:06.9,5/28/2026,5/28/2026 0:47,1780906748,19:15.3,asleep
Salome,19:06.9,5/28/2026,5/28/2026 0:48,1780906748,19:15.5,asleep
Salome,19:06.9,5/28/2026,5/28/2026 0:49,1780906748,19:15.7,asleep
Salome,19:06.9,5/28/2026,5/28/2026 0:50,1780906748,19:15.9,asleep
Salome,19:06.9,5/28/2026,5/28/2026 0:51,1780906748,19:16.1,asleep
Salome,19:06.9,5/28/2026,5/28/2026 0:52,1780906748,19:16.3,asleep
Salome,19:06.9,5/28/2026,5/28/2026 0:53,1780906748,19:16.5,asleep
Salome,19:06.9,5/28/2026,5/28/2026 0:54,1780906748,19:16.7,asleep
Salome,19:06.9,5/28/2026,5/28/2026 0:55,1780906748,19:16.8,asleep
Salome,19:06.9,5/28/2026,5/28/2026 0:56,1780906748,19:17.0,asleep
Salome,19:06.9,5/28/2026,5/28/2026 0:57,1780906748,19:17.2,asleep
Salome,19:06.9,5/28/2026,5/28/2026 0:58,1780906748,19:17.4,asleep
Salome,19:06.9,5/28/2026,5/28/2026 0:59,1780906748,19:17.5,asleep
Salome,19:06.9,5/28/2026,5/28/2026 1:00,1780906748,19:17.7,asleep
Salome,19:06.9,5/28/2026,5/28/2026 1:01,1780906748,19:17.9,asleep
Salome,19:06.9,5/28/2026,5/28/2026 1:02,1780906748,19:18.0,asleep
Salome,19:06.9,5/28/2026,5/28/2026 1:03,1780906748,19:18.5,asleep
Salome,19:06.9,5/28/2026,5/28/2026 1:04,1780906748,19:19.1,asleep
Salome,19:06.9,5/28/2026,5/28/2026 1:05,1780906748,19:19.3,asleep
Salome,19:06.9,5/28/2026,5/28/2026 1:06,1780906748,19:19.5,asleep
Salome,19:06.9,5/28/2026,5/28/2026 1:07,1780906748,19:20.6,asleep
Salome,19:06.9,5/28/2026,5/28/2026 1:08,1780906748,19:20.8,asleep
Salome,19:06.9,5/28/2026,5/28/2026 1:09,1780906748,19:21.0,asleep
Salome,19:06.9,5/28/2026,5/28/2026 1:10,1780906748,19:21.6,asleep
Salome,19:06.9,5/28/2026,5/28/2026 1:11,1780906748,19:21.8,asleep
Salome,19:06.9,5/28/2026,5/28/2026 1:12,1780906748,19:21.9,asleep
Salome,19:06.9,5/28/2026,5/28/2026 1:13,1780906748,19:22.1,asleep
Salome,19:06.9,5/28/2026,5/28/2026 1:14,1780906748,19:22.3,asleep
Salome,19:06.9,5/28/2026,5/28/2026 1:15,1780906748,19:22.5,asleep
Salome,19:06.9,5/28/2026,5/28/2026 1:16,1780906748,19:22.7,asleep
Salome,19:06.9,5/28/2026,5/28/2026 1:17,1780906748,19:22.8,asleep
Salome,19:06.9,5/28/2026,5/28/2026 1:18,1780906748,19:23.0,asleep
Salome,19:06.9,5/28/2026,5/28/2026 1:19,1780906748,19:23.2,asleep
Salome,19:06.9,5/28/2026,5/28/2026 1:20,1780906748,19:23.4,asleep
Salome,19:06.9,5/28/2026,5/28/2026 1:21,1780906748,19:23.6,asleep
Salome,19:06.9,5/28/2026,5/28/2026 1:22,1780906748,19:23.7,asleep
Salome,19:06.9,5/28/2026,5/28/2026 1:23,1780906748,19:24.6,asleep
Salome,19:06.9,5/28/2026,5/28/2026 1:24,1780906748,19:24.8,asleep
Salome,19:06.9,5/28/2026,5/28/2026 1:25,1780906748,19:25.0,asleep
Salome,19:06.9,5/28/2026,5/28/2026 1:26,1780906748,19:25.1,asleep
Salome,19:06.9,5/28/2026,5/28/2026 1:27,1780906748,19:25.3,asleep
Salome,19:06.9,5/28/2026,5/28/2026 1:28,1780906748,19:25.5,asleep
Salome,19:06.9,5/28/2026,5/28/2026 1:29,1780906748,19:26.0,asleep
Salome,19:06.9,5/28/2026,5/28/2026 1:30,1780906748,19:26.2,asleep
Salome,19:06.9,5/28/2026,5/28/2026 1:31,1780906748,19:26.4,asleep
Salome,19:06.9,5/28/2026,5/28/2026 1:32,1780906748,19:26.6,asleep
Salome,19:06.9,5/28/2026,5/28/2026 1:33,1780906748,19:27.6,asleep
Salome,19:06.9,5/28/2026,5/28/2026 1:34,1780906748,19:28.1,asleep
Salome,19:06.9,5/28/2026,5/28/2026 1:35,1780906748,19:28.3,asleep
Salome,19:06.9,5/28/2026,5/28/2026 1:36,1780906748,19:28.5,asleep
Salome,19:06.9,5/28/2026,5/28/2026 1:37,1780906748,19:28.7,asleep
Salome,19:06.9,5/28/2026,5/28/2026 1:38,1780906748,19:28.8,asleep
Salome,19:06.9,5/28/2026,5/28/2026 1:39,1780906748,19:29.0,asleep
Salome,19:06.9,5/28/2026,5/28/2026 1:40,1780906748,19:30.2,asleep
Salome,19:06.9,5/28/2026,5/28/2026 1:41,1780906748,19:30.9,asleep
Salome,19:06.9,5/28/2026,5/28/2026 1:42,1780906748,19:31.3,asleep
Salome,19:06.9,5/28/2026,5/28/2026 1:43,1780906748,19:31.4,asleep
Salome,19:06.9,5/28/2026,5/28/2026 1:44,1780906748,19:31.6,asleep
Salome,19:06.9,5/28/2026,5/28/2026 1:45,1780906748,19:31.8,asleep
Salome,19:06.9,5/28/2026,5/28/2026 1:46,1780906748,19:32.0,asleep
Salome,19:06.9,5/28/2026,5/28/2026 1:47,1780906748,19:32.1,asleep
Salome,19:06.9,5/28/2026,5/28/2026 1:48,1780906748,19:32.3,asleep
Salome,19:06.9,5/28/2026,5/28/2026 1:49,1780906748,19:32.5,asleep
Salome,19:06.9,5/28/2026,5/28/2026 1:50,1780906748,19:32.6,asleep
Salome,19:06.9,5/28/2026,5/28/2026 1:51,1780906748,19:32.8,asleep
Salome,19:06.9,5/28/2026,5/28/2026 1:52,1780906748,19:34.3,asleep
Salome,19:06.9,5/28/2026,5/28/2026 1:53,1780906748,19:34.5,asleep
Salome,19:06.9,5/28/2026,5/28/2026 1:54,1780906748,19:34.7,asleep
Salome,19:06.9,5/28/2026,5/28/2026 1:55,1780906748,19:35.3,asleep
Salome,19:06.9,5/28/2026,5/28/2026 1:56,1780906748,19:35.5,asleep
Salome,19:06.9,5/28/2026,5/28/2026 1:57,1780906748,19:35.6,asleep
Salome,19:06.9,5/28/2026,5/28/2026 1:58,1780906748,19:35.8,asleep
Salome,19:06.9,5/28/2026,5/28/2026 1:59,1780906748,19:36.0,asleep
Salome,19:06.9,5/28/2026,5/28/2026 2:00,1780906748,19:36.2,asleep
Salome,19:06.9,5/28/2026,5/28/2026 2:01,1780906748,19:36.3,asleep
Salome,19:06.9,5/28/2026,5/28/2026 2:02,1780906748,19:36.6,asleep
Salome,19:06.9,5/28/2026,5/28/2026 2:03,1780906748,19:36.8,asleep
Salome,19:06.9,5/28/2026,5/28/2026 2:04,1780906748,19:36.9,asleep
Salome,19:06.9,5/28/2026,5/28/2026 2:05,1780906748,19:37.1,asleep
Salome,19:06.9,5/28/2026,5/28/2026 2:06,1780906748,19:37.3,asleep
Salome,19:06.9,5/28/2026,5/28/2026 2:07,1780906748,19:37.5,asleep
Salome,19:06.9,5/28/2026,5/28/2026 2:08,1780906748,19:37.7,asleep
Salome,19:06.9,5/28/2026,5/28/2026 2:09,1780906748,19:37.9,asleep
Salome,19:06.9,5/28/2026,5/28/2026 2:10,1780906748,19:38.0,asleep
Salome,19:06.9,5/28/2026,5/28/2026 2:11,1780906748,19:38.2,asleep
Salome,19:06.9,5/28/2026,5/28/2026 2:12,1780906748,19:38.4,asleep
Salome,19:06.9,5/28/2026,5/28/2026 2:13,1780906748,19:38.6,asleep
Salome,19:06.9,5/28/2026,5/28/2026 2:14,1780906748,19:38.7,asleep
Salome,19:06.9,5/28/2026,5/28/2026 2:15,1780906748,19:38.9,asleep
Salome,19:06.9,5/28/2026,5/28/2026 2:16,1780906748,19:39.1,asleep
Salome,19:06.9,5/28/2026,5/28/2026 2:17,1780906748,19:39.3,asleep
Salome,19:06.9,5/28/2026,5/28/2026 2:18,1780906748,19:39.4,asleep
Salome,19:06.9,5/28/2026,5/28/2026 2:19,1780906748,19:39.6,asleep
Salome,19:06.9,5/28/2026,5/28/2026 2:20,1780906748,19:39.8,asleep
Salome,19:06.9,5/28/2026,5/28/2026 2:21,1780906748,19:40.2,asleep
Salome,19:06.9,5/28/2026,5/28/2026 2:22,1780906748,19:40.4,asleep
Salome,19:06.9,5/28/2026,5/28/2026 2:23,1780906748,19:40.6,asleep
Salome,19:06.9,5/28/2026,5/28/2026 2:24,1780906748,19:40.7,asleep
Salome,19:06.9,5/28/2026,5/28/2026 2:25,1780906748,19:40.9,asleep
Salome,19:06.9,5/28/2026,5/28/2026 2:26,1780906748,19:41.1,asleep
Salome,19:06.9,5/28/2026,5/28/2026 2:27,1780906748,19:41.3,asleep
Salome,19:06.9,5/28/2026,5/28/2026 2:28,1780906748,19:41.4,asleep
Salome,19:06.9,5/28/2026,5/28/2026 2:29,1780906748,19:41.6,asleep
Salome,19:06.9,5/28/2026,5/28/2026 2:30,1780906748,19:41.8,asleep
Salome,19:06.9,5/28/2026,5/28/2026 2:31,1780906748,19:42.0,asleep
Salome,19:06.9,5/28/2026,5/28/2026 2:32,1780906748,19:42.1,asleep
Salome,19:06.9,5/28/2026,5/28/2026 2:33,1780906748,19:42.3,asleep
Salome,19:06.9,5/28/2026,5/28/2026 2:34,1780906748,19:42.7,asleep
Salome,19:06.9,5/28/2026,5/28/2026 2:35,1780906748,19:42.8,asleep
Salome,19:06.9,5/28/2026,5/28/2026 2:36,1780906748,19:43.0,asleep
Salome,19:06.9,5/28/2026,5/28/2026 2:37,1780906748,19:43.2,asleep
Salome,19:06.9,5/28/2026,5/28/2026 2:38,1780906748,19:43.4,asleep
Salome,19:06.9,5/28/2026,5/28/2026 2:39,1780906748,19:43.6,asleep
Salome,19:06.9,5/28/2026,5/28/2026 2:40,1780906748,19:43.7,asleep
Salome,19:06.9,5/28/2026,5/28/2026 2:41,1780906748,19:43.9,asleep
Salome,19:06.9,5/28/2026,5/28/2026 2:42,1780906748,19:44.1,asleep
Salome,19:06.9,5/28/2026,5/28/2026 2:43,1780906748,19:44.3,asleep
Salome,19:06.9,5/28/2026,5/28/2026 2:44,1780906748,19:44.4,asleep
Salome,19:06.9,5/28/2026,5/28/2026 2:45,1780906748,19:44.6,asleep
Salome,19:06.9,5/28/2026,5/28/2026 2:46,1780906748,19:45.1,asleep
Salome,19:06.9,5/28/2026,5/28/2026 2:47,1780906748,19:45.3,asleep
Salome,19:06.9,5/28/2026,5/28/2026 2:48,1780906748,19:45.5,asleep
Salome,19:06.9,5/28/2026,5/28/2026 2:49,1780906748,19:45.6,asleep
Salome,19:06.9,5/28/2026,5/28/2026 2:50,1780906748,19:45.8,asleep
Salome,19:06.9,5/28/2026,5/28/2026 2:51,1780906748,19:46.0,asleep
Salome,19:06.9,5/28/2026,5/28/2026 2:52,1780906748,19:46.2,asleep
Salome,19:06.9,5/28/2026,5/28/2026 2:53,1780906748,19:47.8,asleep
Salome,19:06.9,5/28/2026,5/28/2026 2:54,1780906748,6/8/2026 4:19,asleep
Salome,19:06.9,5/28/2026,5/28/2026 2:55,1780906748,19:48.2,asleep
Salome,19:06.9,5/28/2026,5/28/2026 2:56,1780906748,19:48.4,asleep
Salome,19:06.9,5/28/2026,5/28/2026 2:57,1780906748,19:48.5,asleep
Salome,19:06.9,5/28/2026,5/28/2026 2:58,1780906748,19:49.2,asleep
Salome,19:06.9,5/28/2026,5/28/2026 2:59,1780906748,19:49.4,asleep
Salome,19:06.9,5/28/2026,5/28/2026 3:00,1780906748,19:49.5,asleep
Salome,19:06.9,5/28/2026,5/28/2026 3:01,1780906748,19:49.7,asleep
Salome,19:06.9,5/28/2026,5/28/2026 3:02,1780906748,19:49.9,asleep
Salome,19:06.9,5/28/2026,5/28/2026 3:03,1780906748,19:50.1,asleep
Salome,19:06.9,5/28/2026,5/28/2026 3:04,1780906748,19:50.3,asleep
Salome,19:06.9,5/28/2026,5/28/2026 3:05,1780906748,19:50.5,asleep
Salome,19:06.9,5/28/2026,5/28/2026 3:06,1780906748,19:50.7,asleep
Salome,19:06.9,5/28/2026,5/28/2026 3:07,1780906748,19:50.8,asleep
Salome,19:06.9,5/28/2026,5/28/2026 3:08,1780906748,19:51.0,asleep
Salome,19:06.9,5/28/2026,5/28/2026 3:09,1780906748,19:51.2,asleep
Salome,19:06.9,5/28/2026,5/28/2026 3:10,1780906748,19:51.6,asleep
Salome,19:06.9,5/28/2026,5/28/2026 3:11,1780906748,19:51.8,asleep
Salome,19:06.9,5/28/2026,5/28/2026 3:12,1780906748,19:51.9,asleep
Salome,19:06.9,5/28/2026,5/28/2026 3:13,1780906748,19:52.2,asleep
Salome,19:06.9,5/28/2026,5/28/2026 3:14,1780906748,19:52.4,asleep
Salome,19:06.9,5/28/2026,5/28/2026 3:15,1780906748,19:52.5,asleep
Salome,19:06.9,5/28/2026,5/28/2026 3:16,1780906748,19:52.7,asleep
Salome,19:06.9,5/28/2026,5/28/2026 3:17,1780906748,19:52.9,asleep
Salome,19:06.9,5/28/2026,5/28/2026 3:18,1780906748,19:53.0,asleep
Salome,19:06.9,5/28/2026,5/28/2026 3:19,1780906748,19:53.2,asleep
Salome,19:06.9,5/28/2026,5/28/2026 3:20,1780906748,19:53.4,asleep
Salome,19:06.9,5/28/2026,5/28/2026 3:21,1780906748,19:53.5,asleep
Salome,19:06.9,5/28/2026,5/28/2026 3:22,1780906748,19:53.7,asleep
Salome,19:06.9,5/28/2026,5/28/2026 3:23,1780906748,19:53.9,asleep
Salome,19:06.9,5/28/2026,5/28/2026 3:24,1780906748,19:54.0,asleep
Salome,19:06.9,5/28/2026,5/28/2026 3:25,1780906748,19:54.2,asleep
Salome,19:06.9,5/28/2026,5/28/2026 3:26,1780906748,19:54.3,asleep
Salome,19:06.9,5/28/2026,5/28/2026 3:27,1780906748,19:54.5,asleep
Salome,19:06.9,5/28/2026,5/28/2026 3:28,1780906748,19:54.7,asleep
Salome,19:06.9,5/28/2026,5/28/2026 3:29,1780906748,19:54.8,asleep
Salome,19:06.9,5/28/2026,5/28/2026 3:30,1780906748,19:55.0,asleep
Salome,19:06.9,5/28/2026,5/28/2026 3:31,1780906748,19:55.2,asleep
Salome,19:06.9,5/28/2026,5/28/2026 3:32,1780906748,19:55.4,asleep
Salome,19:06.9,5/28/2026,5/28/2026 3:33,1780906748,19:55.6,asleep
Salome,19:06.9,5/28/2026,5/28/2026 3:34,1780906748,19:55.8,asleep
Salome,19:06.9,5/28/2026,5/28/2026 3:35,1780906748,19:56.0,asleep
Salome,19:06.9,5/28/2026,5/28/2026 3:36,1780906748,19:56.2,asleep
Salome,19:06.9,5/28/2026,5/28/2026 3:37,1780906748,19:56.3,asleep
Salome,19:06.9,5/28/2026,5/28/2026 3:38,1780906748,19:56.5,asleep
Salome,19:06.9,5/28/2026,5/28/2026 3:39,1780906748,19:56.6,asleep
Salome,19:06.9,5/28/2026,5/28/2026 3:40,1780906748,19:56.8,asleep
Salome,19:06.9,5/28/2026,5/28/2026 3:41,1780906748,19:57.0,asleep
Salome,19:06.9,5/28/2026,5/28/2026 3:42,1780906748,19:57.2,asleep
Salome,19:06.9,5/28/2026,5/28/2026 3:43,1780906748,19:57.3,asleep
Salome,19:06.9,5/28/2026,5/28/2026 3:44,1780906748,19:57.5,asleep
Salome,19:06.9,5/28/2026,5/28/2026 3:45,1780906748,19:58.4,asleep
Salome,19:06.9,5/28/2026,5/28/2026 3:46,1780906748,19:58.9,asleep
Salome,19:06.9,5/28/2026,5/28/2026 3:47,1780906748,19:59.0,asleep
Salome,19:06.9,5/28/2026,5/28/2026 3:48,1780906748,19:59.2,asleep
Salome,19:06.9,5/28/2026,5/28/2026 3:49,1780906748,19:59.4,asleep
Salome,19:06.9,5/28/2026,5/28/2026 3:50,1780906748,19:59.5,asleep
Salome,19:06.9,5/28/2026,5/28/2026 3:51,1780906748,20:00.5,asleep
Salome,19:06.9,5/28/2026,5/28/2026 3:52,1780906748,20:00.7,asleep
Salome,19:06.9,5/28/2026,5/28/2026 3:53,1780906748,20:00.8,asleep
Salome,19:06.9,5/28/2026,5/28/2026 3:54,1780906748,20:01.0,asleep
Salome,19:06.9,5/28/2026,5/28/2026 3:55,1780906748,20:01.5,asleep
Salome,19:06.9,5/28/2026,5/28/2026 3:56,1780906748,20:01.7,asleep
Salome,19:06.9,5/28/2026,5/28/2026 3:57,1780906748,20:01.9,asleep
Salome,19:06.9,5/28/2026,5/28/2026 3:58,1780906748,20:02.0,asleep
Salome,19:06.9,5/28/2026,5/28/2026 3:59,1780906748,20:02.2,asleep
Salome,19:06.9,5/28/2026,5/28/2026 4:00,1780906748,20:02.4,asleep
Salome,19:06.9,5/28/2026,5/28/2026 4:01,1780906748,20:02.5,asleep
Salome,19:06.9,5/28/2026,5/28/2026 4:02,1780906748,20:02.7,asleep
Salome,19:06.9,5/28/2026,5/28/2026 4:03,1780906748,20:02.9,asleep
Salome,19:06.9,5/28/2026,5/28/2026 4:04,1780906748,20:03.1,asleep
Salome,19:06.9,5/28/2026,5/28/2026 4:05,1780906748,20:03.6,asleep
Salome,19:06.9,5/28/2026,5/28/2026 4:06,1780906748,20:03.8,asleep
Salome,19:06.9,5/28/2026,5/28/2026 4:07,1780906748,20:03.9,asleep
Salome,19:06.9,5/28/2026,5/28/2026 4:08,1780906748,20:04.1,asleep
Salome,19:06.9,5/28/2026,5/28/2026 4:09,1780906748,20:04.3,asleep
Salome,19:06.9,5/28/2026,5/28/2026 4:10,1780906748,20:04.5,asleep
Salome,19:06.9,5/28/2026,5/28/2026 4:11,1780906748,20:04.6,asleep
Salome,19:06.9,5/28/2026,5/28/2026 4:12,1780906748,20:04.8,asleep
Salome,19:06.9,5/28/2026,5/28/2026 4:13,1780906748,20:05.0,asleep
Salome,19:06.9,5/28/2026,5/28/2026 4:14,1780906748,20:05.2,asleep
Salome,19:06.9,5/28/2026,5/28/2026 4:15,1780906748,20:05.4,asleep
Salome,19:06.9,5/28/2026,5/28/2026 4:16,1780906748,20:05.5,asleep
Salome,19:06.9,5/28/2026,5/28/2026 4:17,1780906748,20:05.7,asleep
Salome,19:06.9,5/28/2026,5/28/2026 4:18,1780906748,20:06.1,asleep
Salome,19:06.9,5/28/2026,5/28/2026 4:19,1780906748,20:06.3,asleep
Salome,19:06.9,5/28/2026,5/28/2026 4:20,1780906748,20:06.4,asleep
Salome,19:06.9,5/28/2026,5/28/2026 4:21,1780906748,20:06.6,asleep
Salome,19:06.9,5/28/2026,5/28/2026 4:22,1780906748,20:06.8,asleep
Salome,19:06.9,5/28/2026,5/28/2026 4:23,1780906748,20:07.0,asleep
Salome,19:06.9,5/28/2026,5/28/2026 4:24,1780906748,20:07.1,asleep
Salome,19:06.9,5/28/2026,5/28/2026 4:25,1780906748,20:07.6,asleep
Salome,19:06.9,5/28/2026,5/28/2026 4:26,1780906748,20:07.9,asleep
Salome,19:06.9,5/28/2026,5/28/2026 4:27,1780906748,20:08.1,asleep
Salome,19:06.9,5/28/2026,5/28/2026 4:28,1780906748,20:08.3,asleep
Salome,19:06.9,5/28/2026,5/28/2026 4:29,1780906748,20:08.5,asleep
Salome,19:06.9,5/28/2026,5/28/2026 4:30,1780906748,20:08.6,asleep
Salome,19:06.9,5/28/2026,5/28/2026 4:31,1780906748,20:08.9,asleep
Salome,19:06.9,5/28/2026,5/28/2026 4:32,1780906748,20:09.1,asleep
Salome,19:06.9,5/28/2026,5/28/2026 4:33,1780906748,20:09.7,asleep
Salome,19:06.9,5/28/2026,5/28/2026 4:34,1780906748,20:09.8,asleep
Salome,19:06.9,5/28/2026,5/28/2026 4:35,1780906748,20:10.0,asleep
Salome,19:06.9,5/28/2026,5/28/2026 4:36,1780906748,20:10.2,asleep
Salome,19:06.9,5/28/2026,5/28/2026 4:37,1780906748,20:10.4,asleep
Salome,19:06.9,5/28/2026,5/28/2026 4:38,1780906748,20:10.6,asleep
Salome,19:06.9,5/28/2026,5/28/2026 4:39,1780906748,20:10.7,asleep
Salome,19:06.9,5/28/2026,5/28/2026 4:40,1780906748,20:10.9,asleep
Salome,19:06.9,5/28/2026,5/28/2026 4:41,1780906748,20:11.1,asleep
Salome,19:06.9,5/28/2026,5/28/2026 4:42,1780906748,20:11.3,asleep
Salome,19:06.9,5/28/2026,5/28/2026 4:43,1780906748,20:11.5,asleep
Salome,19:06.9,5/28/2026,5/28/2026 4:44,1780906748,20:11.6,asleep
Salome,19:06.9,5/28/2026,5/28/2026 4:45,1780906748,20:11.8,asleep
Salome,19:06.9,5/28/2026,5/28/2026 4:46,1780906748,20:12.0,asleep
Salome,19:06.9,5/28/2026,5/28/2026 4:47,1780906748,20:12.2,asleep
Salome,19:06.9,5/28/2026,5/28/2026 4:48,1780906748,20:12.4,asleep
Salome,19:06.9,5/28/2026,5/28/2026 4:49,1780906748,20:12.6,asleep
Salome,19:06.9,5/28/2026,5/28/2026 4:50,1780906748,20:12.8,asleep
Salome,19:06.9,5/28/2026,5/28/2026 4:51,1780906748,20:12.9,asleep
Salome,19:06.9,5/28/2026,5/28/2026 4:52,1780906748,20:13.1,asleep
Salome,19:06.9,5/28/2026,5/28/2026 4:53,1780906748,20:13.4,asleep
Salome,19:06.9,5/28/2026,5/28/2026 4:54,1780906748,20:13.6,asleep
Salome,19:06.9,5/28/2026,5/28/2026 4:55,1780906748,20:13.7,asleep
Salome,19:06.9,5/28/2026,5/28/2026 4:56,1780906748,20:13.9,asleep
Salome,19:06.9,5/28/2026,5/28/2026 4:57,1780906748,20:14.1,asleep
Salome,19:06.9,5/28/2026,5/28/2026 4:58,1780906748,20:14.3,asleep
Salome,19:06.9,5/28/2026,5/28/2026 4:59,1780906748,20:14.9,asleep
Salome,19:06.9,5/28/2026,5/28/2026 5:00,1780906748,20:15.0,asleep
Salome,19:06.9,5/28/2026,5/28/2026 5:01,1780906748,20:15.2,asleep
Salome,19:06.9,5/28/2026,5/28/2026 5:02,1780906748,20:15.3,asleep
Salome,19:06.9,5/28/2026,5/28/2026 5:03,1780906748,20:15.5,asleep
Salome,19:06.9,5/28/2026,5/28/2026 5:04,1780906748,20:15.7,asleep
Salome,19:06.9,5/28/2026,5/28/2026 5:05,1780906748,20:15.8,asleep
Salome,19:06.9,5/28/2026,5/28/2026 5:06,1780906748,20:16.0,asleep
Salome,19:06.9,5/28/2026,5/28/2026 5:07,1780906748,20:16.2,asleep
Salome,19:06.9,5/28/2026,5/28/2026 5:08,1780906748,20:16.3,asleep
Salome,19:06.9,5/28/2026,5/28/2026 5:09,1780906748,20:16.5,asleep
Salome,19:06.9,5/28/2026,5/28/2026 5:10,1780906748,20:16.7,asleep
Salome,19:06.9,5/28/2026,5/28/2026 5:11,1780906748,20:16.9,asleep
Salome,19:06.9,5/28/2026,5/28/2026 5:12,1780906748,20:17.1,asleep
Salome,19:06.9,5/28/2026,5/28/2026 5:13,1780906748,20:17.2,asleep
Salome,19:06.9,5/28/2026,5/28/2026 5:14,1780906748,20:17.4,asleep
Salome,19:06.9,5/28/2026,5/28/2026 5:15,1780906748,20:17.6,asleep
Salome,19:06.9,5/28/2026,5/28/2026 5:16,1780906748,20:17.7,asleep
Salome,19:06.9,5/28/2026,5/28/2026 5:17,1780906748,20:17.9,asleep
Salome,19:06.9,5/28/2026,5/28/2026 5:18,1780906748,20:18.1,asleep
Salome,19:06.9,5/28/2026,5/28/2026 5:19,1780906748,20:18.3,asleep
Salome,19:06.9,5/28/2026,5/28/2026 5:20,1780906748,20:18.4,asleep
Salome,19:06.9,5/28/2026,5/28/2026 5:21,1780906748,20:18.6,asleep
Salome,19:06.9,5/28/2026,5/28/2026 5:22,1780906748,20:18.8,asleep
Salome,19:06.9,5/28/2026,5/28/2026 5:23,1780906748,20:19.0,asleep
Salome,19:06.9,5/28/2026,5/28/2026 5:24,1780906748,20:19.1,asleep
Salome,19:06.9,5/28/2026,5/28/2026 5:25,1780906748,20:19.3,asleep
Salome,19:06.9,5/28/2026,5/28/2026 5:26,1780906748,20:19.5,asleep
Salome,19:06.9,5/28/2026,5/28/2026 5:27,1780906748,20:19.6,asleep
Salome,19:06.9,5/28/2026,5/28/2026 5:28,1780906748,20:19.8,asleep
Salome,19:06.9,5/28/2026,5/28/2026 5:29,1780906748,20:20.0,asleep
Salome,19:06.9,5/28/2026,5/28/2026 5:30,1780906748,20:20.2,asleep
Salome,19:06.9,5/28/2026,5/28/2026 5:31,1780906748,20:20.4,asleep
Salome,19:06.9,5/28/2026,5/28/2026 5:32,1780906748,20:20.6,asleep
Salome,19:06.9,5/28/2026,5/28/2026 5:33,1780906748,20:20.8,asleep
Salome,19:06.9,5/28/2026,5/28/2026 5:34,1780906748,20:20.9,asleep
Salome,19:06.9,5/28/2026,5/28/2026 5:35,1780906748,20:21.1,asleep
Salome,19:06.9,5/28/2026,5/28/2026 5:36,1780906748,20:21.2,asleep
Salome,19:06.9,5/28/2026,5/28/2026 5:37,1780906748,20:21.4,asleep
Salome,19:06.9,5/28/2026,5/28/2026 5:38,1780906748,20:21.6,asleep
Salome,19:06.9,5/28/2026,5/28/2026 5:39,1780906748,20:21.8,asleep
Salome,19:06.9,5/28/2026,5/28/2026 5:40,1780906748,20:21.9,asleep
Salome,19:06.9,5/28/2026,5/28/2026 5:41,1780906748,20:22.1,asleep
Salome,19:06.9,5/28/2026,5/28/2026 5:42,1780906748,20:22.3,asleep
Salome,19:06.9,5/28/2026,5/28/2026 5:43,1780906748,20:22.4,asleep
Salome,19:06.9,5/28/2026,5/28/2026 5:44,1780906748,20:22.6,asleep
Salome,19:06.9,5/28/2026,5/28/2026 5:45,1780906748,20:22.8,asleep
Salome,19:06.9,5/28/2026,5/28/2026 5:46,1780906748,20:23.0,asleep
Salome,19:06.9,5/28/2026,5/28/2026 5:47,1780906748,20:23.2,asleep
Salome,19:06.9,5/28/2026,5/28/2026 5:48,1780906748,20:23.3,asleep
Salome,19:06.9,5/28/2026,5/28/2026 5:49,1780906748,20:23.5,asleep
Salome,19:06.9,5/28/2026,5/28/2026 5:50,1780906748,20:23.7,asleep
Salome,19:06.9,5/28/2026,5/28/2026 5:51,1780906748,20:23.9,asleep
Salome,19:06.9,5/28/2026,5/28/2026 5:52,1780906748,20:24.4,asleep
Salome,19:06.9,5/28/2026,5/28/2026 5:53,1780906748,20:24.6,asleep
Salome,19:06.9,5/28/2026,5/28/2026 5:54,1780906748,20:24.7,asleep
Salome,19:06.9,5/28/2026,5/28/2026 5:55,1780906748,20:24.9,asleep
Salome,19:06.9,5/28/2026,5/28/2026 5:56,1780906748,20:25.1,asleep
Salome,19:06.9,5/28/2026,5/28/2026 5:57,1780906748,20:25.3,asleep
Salome,19:06.9,5/28/2026,5/28/2026 5:58,1780906748,20:25.4,asleep
Salome,19:06.9,5/28/2026,5/28/2026 5:59,1780906748,20:25.6,asleep
Salome,19:06.9,5/28/2026,5/28/2026 6:00,1780906748,20:25.7,asleep
Salome,19:06.9,5/28/2026,5/28/2026 6:01,1780906748,20:25.9,asleep
Salome,19:06.9,5/28/2026,5/28/2026 6:02,1780906748,20:26.1,asleep
Salome,19:06.9,5/28/2026,5/28/2026 6:03,1780906748,20:26.2,asleep
Salome,19:06.9,5/28/2026,5/28/2026 6:04,1780906748,20:26.4,asleep
Salome,19:06.9,5/28/2026,5/28/2026 6:05,1780906748,20:27.0,asleep
Salome,19:06.9,5/28/2026,5/28/2026 6:06,1780906748,20:27.1,asleep
Salome,19:06.9,5/28/2026,5/28/2026 6:07,1780906748,20:27.3,asleep
Salome,19:06.9,5/28/2026,5/28/2026 6:08,1780906748,20:27.5,asleep
Salome,19:06.9,5/28/2026,5/28/2026 6:09,1780906748,20:27.6,asleep
Salome,19:06.9,5/28/2026,5/28/2026 6:10,1780906748,20:27.8,asleep
Salome,19:06.9,5/28/2026,5/28/2026 6:11,1780906748,20:28.1,asleep
Salome,19:06.9,5/28/2026,5/28/2026 6:12,1780906748,20:28.2,asleep
Salome,19:06.9,5/28/2026,5/28/2026 6:13,1780906748,20:28.4,asleep
Salome,19:06.9,5/28/2026,5/28/2026 6:14,1780906748,20:28.6,asleep
Salome,19:06.9,5/28/2026,5/28/2026 14:11,1780906748,20:28.7,wake
Salome,19:06.9,5/28/2026,5/28/2026 14:12,1780906748,20:28.9,wake
Salome,19:06.9,5/28/2026,5/28/2026 14:13,1780906748,20:29.0,wake
Salome,19:06.9,5/28/2026,5/28/2026 14:14,1780906748,20:29.2,wake
Salome,19:06.9,5/28/2026,5/28/2026 14:15,1780906748,20:29.4,light
Salome,19:06.9,5/28/2026,5/28/2026 14:16,1780906748,20:29.5,light
Salome,19:06.9,5/28/2026,5/28/2026 14:17,1780906748,20:29.7,light
Salome,19:06.9,5/28/2026,5/28/2026 14:18,1780906748,20:29.9,light
Salome,19:06.9,5/28/2026,5/28/2026 14:19,1780906748,20:30.0,light
Salome,19:06.9,5/28/2026,5/28/2026 14:20,1780906748,20:31.0,light
Salome,19:06.9,5/28/2026,5/28/2026 14:21,1780906748,20:31.2,light
Salome,19:06.9,5/28/2026,5/28/2026 14:22,1780906748,20:31.4,light
Salome,19:06.9,5/28/2026,5/28/2026 14:23,1780906748,20:31.6,light
Salome,19:06.9,5/28/2026,5/28/2026 14:24,1780906748,20:31.7,light
Salome,19:06.9,5/28/2026,5/28/2026 14:25,1780906748,20:31.9,light
Salome,19:06.9,5/28/2026,5/28/2026 14:26,1780906748,20:32.1,deep
Salome,19:06.9,5/28/2026,5/28/2026 14:27,1780906748,20:32.2,deep
Salome,19:06.9,5/28/2026,5/28/2026 14:28,1780906748,20:32.4,deep
Salome,19:06.9,5/28/2026,5/28/2026 14:29,1780906748,20:32.7,deep
Salome,19:06.9,5/28/2026,5/28/2026 14:30,1780906748,20:33.1,deep
Salome,19:06.9,5/28/2026,5/28/2026 14:31,1780906748,20:33.3,deep
Salome,19:06.9,5/28/2026,5/28/2026 14:32,1780906748,20:33.5,deep
Salome,19:06.9,5/28/2026,5/28/2026 14:33,1780906748,20:33.6,deep
Salome,19:06.9,5/28/2026,5/28/2026 14:34,1780906748,20:33.8,deep
Salome,19:06.9,5/28/2026,5/28/2026 14:35,1780906748,20:35.0,deep
Salome,19:06.9,5/28/2026,5/28/2026 14:36,1780906748,20:35.2,deep
Salome,19:06.9,5/28/2026,5/28/2026 14:37,1780906748,20:35.6,deep
Salome,19:06.9,5/28/2026,5/28/2026 14:38,1780906748,20:36.1,deep
Salome,19:06.9,5/28/2026,5/28/2026 14:39,1780906748,20:36.2,deep
Salome,19:06.9,5/28/2026,5/28/2026 14:40,1780906748,20:36.4,deep
Salome,19:06.9,5/28/2026,5/28/2026 14:41,1780906748,20:36.6,deep
Salome,19:06.9,5/28/2026,5/28/2026 14:42,1780906748,20:36.9,deep
Salome,19:06.9,5/28/2026,5/28/2026 14:43,1780906748,20:37.1,deep
Salome,19:06.9,5/28/2026,5/28/2026 14:44,1780906748,20:37.3,deep
Salome,19:06.9,5/28/2026,5/28/2026 14:45,1780906748,20:37.5,deep
Salome,19:06.9,5/28/2026,5/28/2026 14:46,1780906748,20:37.7,deep
Salome,19:06.9,5/28/2026,5/28/2026 14:47,1780906748,20:37.8,deep
Salome,19:06.9,5/28/2026,5/28/2026 14:48,1780906748,20:38.0,deep
Salome,19:06.9,5/28/2026,5/28/2026 14:49,1780906748,20:38.1,deep
Salome,19:06.9,5/28/2026,5/28/2026 14:50,1780906748,20:38.3,deep
Salome,19:06.9,5/28/2026,5/28/2026 14:51,1780906748,20:38.5,deep
Salome,19:06.9,5/28/2026,5/28/2026 14:52,1780906748,20:38.6,deep
Salome,19:06.9,5/28/2026,5/28/2026 14:53,1780906748,20:38.8,deep
Salome,19:06.9,5/28/2026,5/28/2026 14:54,1780906748,20:38.9,deep
Salome,19:06.9,5/28/2026,5/28/2026 14:55,1780906748,20:39.1,deep
Salome,19:06.9,5/28/2026,5/28/2026 14:56,1780906748,20:39.3,deep
Salome,19:06.9,5/28/2026,5/28/2026 14:57,1780906748,20:39.5,deep
Salome,19:06.9,5/28/2026,5/28/2026 14:58,1780906748,20:39.6,deep
Salome,19:06.9,5/28/2026,5/28/2026 14:59,1780906748,20:39.8,deep
Salome,19:06.9,5/28/2026,5/28/2026 15:00,1780906748,20:40.0,deep
Salome,19:06.9,5/28/2026,5/28/2026 15:01,1780906748,20:40.1,deep
Salome,19:06.9,5/28/2026,5/28/2026 15:02,1780906748,20:40.3,deep
Salome,19:06.9,5/28/2026,5/28/2026 15:03,1780906748,20:40.8,light
Salome,19:06.9,5/28/2026,5/28/2026 15:04,1780906748,20:41.0,light
Salome,19:06.9,5/28/2026,5/28/2026 15:05,1780906748,20:41.1,light
Salome,19:06.9,5/28/2026,5/28/2026 15:06,1780906748,20:41.3,light
Salome,19:06.9,5/28/2026,5/28/2026 15:07,1780906748,20:41.4,light
Salome,19:06.9,5/28/2026,5/28/2026 15:08,1780906748,20:41.6,light
Salome,19:06.9,5/28/2026,5/28/2026 15:09,1780906748,20:41.8,light
Salome,19:06.9,5/28/2026,5/28/2026 15:10,1780906748,20:41.9,light
Salome,19:06.9,5/28/2026,5/28/2026 15:11,1780906748,20:42.1,light
Salome,19:06.9,5/28/2026,5/28/2026 15:12,1780906748,20:42.6,light
Salome,19:06.9,5/28/2026,5/28/2026 15:13,1780906748,20:42.8,light
Salome,19:06.9,5/28/2026,5/28/2026 15:14,1780906748,20:43.0,light
Salome,19:06.9,5/28/2026,5/28/2026 15:15,1780906748,20:43.8,light
Salome,19:06.9,5/28/2026,5/28/2026 15:16,1780906748,20:43.9,rem
Salome,19:06.9,5/28/2026,5/28/2026 15:17,1780906748,20:44.6,rem
Salome,19:06.9,5/28/2026,5/28/2026 15:18,1780906748,20:44.8,rem
Salome,19:06.9,5/28/2026,5/28/2026 15:19,1780906748,20:44.9,rem
Salome,19:06.9,5/28/2026,5/28/2026 15:20,1780906748,20:45.1,rem
Salome,19:06.9,5/28/2026,5/28/2026 15:21,1780906748,20:45.3,rem
Salome,19:06.9,5/28/2026,5/28/2026 15:22,1780906748,20:45.4,rem
Salome,19:06.9,5/28/2026,5/28/2026 15:23,1780906748,20:45.6,rem
Salome,19:06.9,5/28/2026,5/28/2026 15:24,1780906748,20:45.8,rem
Salome,19:06.9,5/28/2026,5/28/2026 15:25,1780906748,20:46.0,rem
Salome,19:06.9,5/28/2026,5/28/2026 15:26,1780906748,20:46.1,rem
Salome,19:06.9,5/28/2026,5/28/2026 15:27,1780906748,20:46.4,rem
Salome,19:06.9,5/28/2026,5/28/2026 15:28,1780906748,20:46.6,rem
Salome,19:06.9,5/28/2026,5/28/2026 15:29,1780906748,20:46.7,rem
Salome,19:06.9,5/28/2026,5/28/2026 15:30,1780906748,20:46.9,rem
Salome,19:06.9,5/28/2026,5/28/2026 15:31,1780906748,20:47.1,rem
Salome,19:06.9,5/28/2026,5/28/2026 15:32,1780906748,20:47.2,rem
Salome,19:06.9,5/28/2026,5/28/2026 15:33,1780906748,20:47.4,rem
Salome,19:06.9,5/28/2026,5/28/2026 15:34,1780906748,20:47.6,rem
Salome,19:06.9,5/28/2026,5/28/2026 15:35,1780906748,20:47.7,rem
Salome,19:06.9,5/28/2026,5/28/2026 15:36,1780906748,20:47.9,rem
Salome,19:06.9,5/28/2026,5/28/2026 15:37,1780906748,20:48.1,rem
Salome,19:06.9,5/28/2026,5/28/2026 15:38,1780906748,20:48.3,rem
Salome,19:06.9,5/28/2026,5/28/2026 15:39,1780906748,20:48.5,rem
Salome,19:06.9,5/28/2026,5/28/2026 15:40,1780906748,20:48.7,rem
Salome,19:06.9,5/28/2026,5/28/2026 15:41,1780906748,20:48.9,rem
Salome,19:06.9,5/28/2026,5/28/2026 15:42,1780906748,20:49.1,rem
Salome,19:06.9,5/28/2026,5/28/2026 15:43,1780906748,20:49.3,rem
Salome,19:06.9,5/28/2026,5/28/2026 15:44,1780906748,20:49.7,rem
Salome,19:06.9,5/28/2026,5/28/2026 15:45,1780906748,20:49.8,rem
Salome,19:06.9,5/28/2026,5/28/2026 15:46,1780906748,20:50.0,rem
Salome,19:06.9,5/28/2026,5/28/2026 15:47,1780906748,20:50.2,rem
Salome,19:06.9,5/28/2026,5/28/2026 15:48,1780906748,20:50.4,rem
Salome,19:06.9,5/28/2026,5/28/2026 15:49,1780906748,20:50.7,rem
Salome,19:06.9,5/28/2026,5/28/2026 15:50,1780906748,20:50.8,rem
Salome,19:06.9,5/28/2026,5/28/2026 15:51,1780906748,20:51.0,rem
Salome,19:06.9,5/28/2026,5/28/2026 15:52,1780906748,20:51.2,rem
Salome,19:06.9,5/28/2026,5/28/2026 15:53,1780906748,20:51.3,rem
Salome,19:06.9,5/28/2026,5/28/2026 15:54,1780906748,20:51.8,rem
Salome,19:06.9,5/28/2026,5/28/2026 15:55,1780906748,20:51.9,rem
Salome,19:06.9,5/28/2026,5/28/2026 15:56,1780906748,20:52.1,rem
Salome,19:06.9,5/28/2026,5/28/2026 15:57,1780906748,20:52.3,light
Salome,19:06.9,5/28/2026,5/28/2026 15:58,1780906748,20:52.4,light
Salome,19:06.9,5/28/2026,5/28/2026 15:59,1780906748,20:52.6,light
Salome,19:06.9,5/28/2026,5/28/2026 16:00,1780906748,20:52.8,light
Salome,19:06.9,5/28/2026,5/28/2026 16:01,1780906748,20:52.9,light
Salome,19:06.9,5/28/2026,5/28/2026 16:02,1780906748,20:53.1,light
Salome,19:06.9,5/28/2026,5/28/2026 16:03,1780906748,20:53.3,light
Salome,19:06.9,5/28/2026,5/28/2026 16:04,1780906748,20:53.5,light
Salome,19:06.9,5/28/2026,5/28/2026 16:05,1780906748,20:53.6,light
Salome,19:06.9,5/28/2026,5/28/2026 16:06,1780906748,20:53.8,light
Salome,19:06.9,5/28/2026,5/28/2026 16:07,1780906748,20:53.9,light
Salome,19:06.9,5/28/2026,5/28/2026 16:08,1780906748,20:54.1,light
Salome,19:06.9,5/28/2026,5/28/2026 16:09,1780906748,20:54.4,light
Salome,19:06.9,5/28/2026,5/28/2026 16:10,1780906748,20:54.6,deep
Salome,19:06.9,5/28/2026,5/28/2026 16:11,1780906748,20:54.7,deep
Salome,19:06.9,5/28/2026,5/28/2026 16:12,1780906748,20:55.7,deep
Salome,19:06.9,5/28/2026,5/28/2026 16:13,1780906748,20:55.8,deep
Salome,19:06.9,5/28/2026,5/28/2026 16:14,1780906748,20:56.0,deep
Salome,19:06.9,5/28/2026,5/28/2026 16:15,1780906748,20:56.2,deep
Salome,19:06.9,5/28/2026,5/28/2026 16:16,1780906748,20:56.3,deep
Salome,19:06.9,5/28/2026,5/28/2026 16:17,1780906748,20:57.1,deep
Salome,22:00.7,5/29/2026,5/29/2026 1:50,1780906922,22:02.7,wake
Salome,22:00.7,5/29/2026,5/29/2026 1:51,1780906922,22:03.0,wake
Salome,22:00.7,5/29/2026,5/29/2026 1:52,1780906922,22:03.3,wake
Salome,22:00.7,5/29/2026,5/29/2026 1:53,1780906922,22:03.6,wake
Salome,22:00.7,5/29/2026,5/29/2026 1:54,1780906922,22:03.9,light
Salome,22:00.7,5/29/2026,5/29/2026 1:55,1780906922,22:04.2,light
Salome,22:00.7,5/29/2026,5/29/2026 1:56,1780906922,22:04.5,light
Salome,22:00.7,5/29/2026,5/29/2026 1:57,1780906922,22:04.8,light
Salome,22:00.7,5/29/2026,5/29/2026 1:58,1780906922,22:05.1,light
Salome,22:00.7,5/29/2026,5/29/2026 1:59,1780906922,22:05.4,light
Salome,22:00.7,5/29/2026,5/29/2026 2:00,1780906922,22:05.7,light
Salome,22:00.7,5/29/2026,5/29/2026 2:01,1780906922,22:06.4,light
Salome,22:00.7,5/29/2026,5/29/2026 2:02,1780906922,22:06.6,light
Salome,22:00.7,5/29/2026,5/29/2026 2:03,1780906922,22:06.9,light
Salome,22:00.7,5/29/2026,5/29/2026 2:04,1780906922,22:07.2,light
Salome,22:00.7,5/29/2026,5/29/2026 2:05,1780906922,22:08.0,light
Salome,22:00.7,5/29/2026,5/29/2026 2:06,1780906922,22:08.3,light
Salome,22:00.7,5/29/2026,5/29/2026 2:07,1780906922,22:09.2,deep
Salome,22:00.7,5/29/2026,5/29/2026 2:08,1780906922,22:09.5,deep
Salome,22:00.7,5/29/2026,5/29/2026 2:09,1780906922,22:09.8,deep
Salome,22:00.7,5/29/2026,5/29/2026 2:10,1780906922,22:10.0,deep
Salome,22:00.7,5/29/2026,5/29/2026 2:11,1780906922,22:10.3,deep
Salome,22:00.7,5/29/2026,5/29/2026 2:12,1780906922,22:10.6,deep
Salome,22:00.7,5/29/2026,5/29/2026 2:13,1780906922,22:10.9,deep
Salome,22:00.7,5/29/2026,5/29/2026 2:14,1780906922,22:11.2,deep
Salome,22:00.7,5/29/2026,5/29/2026 2:15,1780906922,22:11.5,deep
Salome,22:00.7,5/29/2026,5/29/2026 2:16,1780906922,22:11.8,deep
Salome,22:00.7,5/29/2026,5/29/2026 2:17,1780906922,22:12.1,deep
Salome,22:00.7,5/29/2026,5/29/2026 2:18,1780906922,22:12.6,deep
Salome,22:00.7,5/29/2026,5/29/2026 2:19,1780906922,22:12.8,deep
Salome,22:00.7,5/29/2026,5/29/2026 2:20,1780906922,22:13.1,deep
Salome,22:00.7,5/29/2026,5/29/2026 2:21,1780906922,22:13.4,deep
Salome,22:00.7,5/29/2026,5/29/2026 2:22,1780906922,22:13.7,light
Salome,22:00.7,5/29/2026,5/29/2026 2:23,1780906922,22:14.0,light
Salome,22:00.7,5/29/2026,5/29/2026 2:24,1780906922,22:14.3,light
Salome,22:00.7,5/29/2026,5/29/2026 2:25,1780906922,22:14.6,light
Salome,22:00.7,5/29/2026,5/29/2026 2:26,1780906922,22:14.9,light
Salome,22:00.7,5/29/2026,5/29/2026 2:27,1780906922,22:15.2,light
Salome,22:00.7,5/29/2026,5/29/2026 2:28,1780906922,22:15.7,light
Salome,22:00.7,5/29/2026,5/29/2026 2:29,1780906922,22:16.0,light
Salome,22:00.7,5/29/2026,5/29/2026 2:30,1780906922,22:16.3,light
Salome,22:00.7,5/29/2026,5/29/2026 2:31,1780906922,22:16.5,light
Salome,22:00.7,5/29/2026,5/29/2026 2:32,1780906922,22:16.8,light
Salome,22:00.7,5/29/2026,5/29/2026 2:33,1780906922,22:17.6,light
Salome,22:00.7,5/29/2026,5/29/2026 2:34,1780906922,22:17.8,light
Salome,22:00.7,5/29/2026,5/29/2026 2:35,1780906922,22:18.1,light
Salome,22:00.7,5/29/2026,5/29/2026 2:36,1780906922,22:18.4,rem
Salome,22:00.7,5/29/2026,5/29/2026 2:37,1780906922,22:18.7,rem
Salome,22:00.7,5/29/2026,5/29/2026 2:38,1780906922,22:19.0,rem
Salome,22:00.7,5/29/2026,5/29/2026 2:39,1780906922,22:19.3,rem
Salome,22:00.7,5/29/2026,5/29/2026 2:40,1780906922,22:19.5,rem
Salome,22:00.7,5/29/2026,5/29/2026 2:41,1780906922,22:19.8,rem
Salome,22:00.7,5/29/2026,5/29/2026 2:42,1780906922,22:20.1,rem
Salome,22:00.7,5/29/2026,5/29/2026 2:43,1780906922,22:20.4,rem
Salome,22:00.7,5/29/2026,5/29/2026 2:44,1780906922,22:20.7,rem
Salome,22:00.7,5/29/2026,5/29/2026 2:45,1780906922,22:21.0,rem
Salome,22:00.7,5/29/2026,5/29/2026 2:46,1780906922,22:21.3,rem
Salome,22:00.7,5/29/2026,5/29/2026 2:47,1780906922,22:21.5,rem
Salome,22:00.7,5/29/2026,5/29/2026 2:48,1780906922,22:21.8,rem
Salome,22:00.7,5/29/2026,5/29/2026 2:49,1780906922,22:22.1,rem
Salome,22:00.7,5/29/2026,5/29/2026 2:50,1780906922,22:22.3,rem
Salome,22:00.7,5/29/2026,5/29/2026 2:51,1780906922,22:22.6,rem
Salome,22:00.7,5/29/2026,5/29/2026 2:52,1780906922,22:22.9,rem
Salome,22:00.7,5/29/2026,5/29/2026 2:53,1780906922,22:23.2,rem
Salome,22:00.7,5/29/2026,5/29/2026 2:54,1780906922,22:23.5,rem
Salome,22:00.7,5/29/2026,5/29/2026 2:55,1780906922,22:23.7,rem
Salome,22:00.7,5/29/2026,5/29/2026 2:56,1780906922,22:24.0,rem
Salome,22:00.7,5/29/2026,5/29/2026 2:57,1780906922,22:24.3,rem
Salome,22:00.7,5/29/2026,5/29/2026 2:58,1780906922,22:24.6,rem
Salome,22:00.7,5/29/2026,5/29/2026 2:59,1780906922,22:24.9,rem
Salome,22:00.7,5/29/2026,5/29/2026 3:00,1780906922,22:25.1,rem
Salome,22:00.7,5/29/2026,5/29/2026 3:01,1780906922,22:25.5,rem
Salome,22:00.7,5/29/2026,5/29/2026 3:02,1780906922,22:25.8,rem
Salome,22:00.7,5/29/2026,5/29/2026 3:03,1780906922,22:26.1,rem
Salome,22:00.7,5/29/2026,5/29/2026 3:04,1780906922,22:26.3,rem
Salome,22:00.7,5/29/2026,5/29/2026 3:05,1780906922,22:26.6,rem
Salome,22:00.7,5/29/2026,5/29/2026 3:06,1780906922,22:26.9,rem
Salome,22:00.7,5/29/2026,5/29/2026 3:07,1780906922,22:27.2,rem
Salome,22:00.7,5/29/2026,5/29/2026 3:08,1780906922,22:27.4,rem
Salome,22:00.7,5/29/2026,5/29/2026 3:09,1780906922,22:27.7,rem
Salome,22:00.7,5/29/2026,5/29/2026 3:10,1780906922,22:28.0,rem
Salome,22:00.7,5/29/2026,5/29/2026 3:11,1780906922,22:28.3,light
Salome,22:00.7,5/29/2026,5/29/2026 3:12,1780906922,22:29.6,light
Salome,22:00.7,5/29/2026,5/29/2026 3:13,1780906922,22:29.9,light
Salome,22:00.7,5/29/2026,5/29/2026 3:14,1780906922,22:30.2,light
Salome,22:00.7,5/29/2026,5/29/2026 3:15,1780906922,22:30.5,light
Salome,22:00.7,5/29/2026,5/29/2026 3:16,1780906922,22:30.9,light
Salome,22:00.7,5/29/2026,5/29/2026 3:17,1780906922,22:31.4,light
Salome,22:00.7,5/29/2026,5/29/2026 3:18,1780906922,22:31.6,light
Salome,22:00.7,5/29/2026,5/29/2026 3:19,1780906922,22:31.9,light
Salome,22:00.7,5/29/2026,5/29/2026 3:20,1780906922,22:32.4,light
Salome,22:00.7,5/29/2026,5/29/2026 3:21,1780906922,22:32.7,light
Salome,22:00.7,5/29/2026,5/29/2026 3:22,1780906922,22:32.9,light
Salome,22:00.7,5/29/2026,5/29/2026 3:23,1780906922,22:33.2,light
Salome,22:00.7,5/29/2026,5/29/2026 3:24,1780906922,22:33.5,light
Salome,22:00.7,5/29/2026,5/29/2026 3:25,1780906922,22:33.8,light
Salome,22:00.7,5/29/2026,5/29/2026 3:26,1780906922,22:34.0,light
Salome,22:00.7,5/29/2026,5/29/2026 3:27,1780906922,22:34.4,light
Salome,22:00.7,5/29/2026,5/29/2026 3:28,1780906922,22:34.7,light
Salome,22:00.7,5/29/2026,5/29/2026 3:29,1780906922,22:34.9,light
Salome,22:00.7,5/29/2026,5/29/2026 3:30,1780906922,22:35.2,deep
Salome,22:00.7,5/29/2026,5/29/2026 3:31,1780906922,22:35.5,deep
Salome,22:00.7,5/29/2026,5/29/2026 3:32,1780906922,22:35.9,deep
Salome,22:00.7,5/29/2026,5/29/2026 3:33,1780906922,22:36.1,deep
Salome,22:00.7,5/29/2026,5/29/2026 3:34,1780906922,22:36.4,deep
Salome,22:00.7,5/29/2026,5/29/2026 3:35,1780906922,22:36.7,deep
Salome,22:00.7,5/29/2026,5/29/2026 3:36,1780906922,22:37.0,deep
Salome,22:00.7,5/29/2026,5/29/2026 3:37,1780906922,22:37.2,deep
Salome,22:00.7,5/29/2026,5/29/2026 3:38,1780906922,22:37.5,deep
Salome,22:00.7,5/29/2026,5/29/2026 3:39,1780906922,22:37.8,deep
Salome,22:00.7,5/29/2026,5/29/2026 3:40,1780906922,22:38.0,deep
Salome,22:00.7,5/29/2026,5/29/2026 3:41,1780906922,22:38.3,deep
Salome,22:00.7,5/29/2026,5/29/2026 3:42,1780906922,22:38.6,deep
Salome,22:00.7,5/29/2026,5/29/2026 3:43,1780906922,22:38.9,deep
Salome,22:00.7,5/29/2026,5/29/2026 3:44,1780906922,22:39.2,deep
Salome,22:00.7,5/29/2026,5/29/2026 3:45,1780906922,22:39.8,deep
Salome,22:00.7,5/29/2026,5/29/2026 3:46,1780906922,22:40.1,deep
Salome,22:00.7,5/29/2026,5/29/2026 3:47,1780906922,22:40.4,deep
Salome,22:00.7,5/29/2026,5/29/2026 3:48,1780906922,22:40.7,deep
Salome,22:00.7,5/29/2026,5/29/2026 3:49,1780906922,22:40.9,deep
Salome,22:00.7,5/29/2026,5/29/2026 3:50,1780906922,22:41.2,deep
Salome,22:00.7,5/29/2026,5/29/2026 3:51,1780906922,22:41.5,deep
Salome,22:00.7,5/29/2026,5/29/2026 3:52,1780906922,22:41.7,deep
Salome,22:00.7,5/29/2026,5/29/2026 3:53,1780906922,22:42.0,deep
Salome,22:00.7,5/29/2026,5/29/2026 3:54,1780906922,22:42.2,deep
Salome,22:00.7,5/29/2026,5/29/2026 3:55,1780906922,22:42.5,deep
Salome,22:00.7,5/29/2026,5/29/2026 3:56,1780906922,22:42.8,light
Salome,22:00.7,5/29/2026,5/29/2026 3:57,1780906922,22:43.1,light
Salome,22:00.7,5/29/2026,5/29/2026 3:58,1780906922,22:43.3,light
Salome,22:00.7,5/29/2026,5/29/2026 3:59,1780906922,22:43.6,light
Salome,22:00.7,5/29/2026,5/29/2026 4:00,1780906922,22:43.9,light
Salome,22:00.7,5/29/2026,5/29/2026 4:01,1780906922,22:44.2,light
Salome,22:00.7,5/29/2026,5/29/2026 4:02,1780906922,22:44.5,light
Salome,22:00.7,5/29/2026,5/29/2026 4:03,1780906922,22:44.7,light
Salome,22:00.7,5/29/2026,5/29/2026 4:04,1780906922,22:45.0,light
Salome,22:00.7,5/29/2026,5/29/2026 4:05,1780906922,22:45.3,light
Salome,22:00.7,5/29/2026,5/29/2026 4:06,1780906922,22:46.8,light
Salome,22:00.7,5/29/2026,5/29/2026 4:07,1780906922,22:47.1,light
Salome,22:00.7,5/29/2026,5/29/2026 4:08,1780906922,22:47.4,light
Salome,22:00.7,5/29/2026,5/29/2026 4:09,1780906922,22:47.7,light
Salome,22:00.7,5/29/2026,5/29/2026 4:10,1780906922,22:48.0,light
Salome,22:00.7,5/29/2026,5/29/2026 4:11,1780906922,22:48.3,light
Salome,22:00.7,5/29/2026,5/29/2026 4:12,1780906922,22:48.6,light
Salome,22:00.7,5/29/2026,5/29/2026 4:13,1780906922,22:48.8,light
Salome,22:00.7,5/29/2026,5/29/2026 4:14,1780906922,22:49.1,light
Salome,22:00.7,5/29/2026,5/29/2026 4:15,1780906922,22:49.4,light
Salome,22:00.7,5/29/2026,5/29/2026 4:16,1780906922,22:49.7,light
Salome,22:00.7,5/29/2026,5/29/2026 4:17,1780906922,22:49.9,light
Salome,22:00.7,5/29/2026,5/29/2026 4:18,1780906922,22:50.2,rem
Salome,22:00.7,5/29/2026,5/29/2026 4:19,1780906922,22:50.5,rem
Salome,22:00.7,5/29/2026,5/29/2026 4:20,1780906922,22:50.7,rem
Salome,22:00.7,5/29/2026,5/29/2026 4:21,1780906922,22:51.0,rem
Salome,22:00.7,5/29/2026,5/29/2026 4:22,1780906922,22:51.3,rem
Salome,22:00.7,5/29/2026,5/29/2026 4:23,1780906922,22:52.3,rem
Salome,22:00.7,5/29/2026,5/29/2026 4:24,1780906922,22:52.5,rem
Salome,22:00.7,5/29/2026,5/29/2026 4:25,1780906922,22:52.8,rem
Salome,22:00.7,5/29/2026,5/29/2026 4:26,1780906922,22:53.1,rem
Salome,22:00.7,5/29/2026,5/29/2026 4:27,1780906922,22:53.3,rem
Salome,22:00.7,5/29/2026,5/29/2026 4:28,1780906922,22:53.6,rem
Salome,22:00.7,5/29/2026,5/29/2026 4:29,1780906922,22:53.9,rem
Salome,22:00.7,5/29/2026,5/29/2026 4:30,1780906922,22:54.2,rem
Salome,22:00.7,5/29/2026,5/29/2026 4:31,1780906922,22:54.4,rem
Salome,22:00.7,5/29/2026,5/29/2026 4:32,1780906922,22:54.7,rem
Salome,22:00.7,5/29/2026,5/29/2026 4:33,1780906922,22:55.0,rem
Salome,22:00.7,5/29/2026,5/29/2026 4:34,1780906922,22:55.3,rem
Salome,22:00.7,5/29/2026,5/29/2026 4:35,1780906922,22:55.5,rem
Salome,22:00.7,5/29/2026,5/29/2026 4:36,1780906922,22:55.8,rem
Salome,22:00.7,5/29/2026,5/29/2026 4:37,1780906922,22:56.0,rem
Salome,22:00.7,5/29/2026,5/29/2026 4:38,1780906922,22:56.3,rem
Salome,22:00.7,5/29/2026,5/29/2026 4:39,1780906922,22:56.6,rem
Salome,22:00.7,5/29/2026,5/29/2026 4:40,1780906922,22:56.8,rem
Salome,22:00.7,5/29/2026,5/29/2026 4:41,1780906922,22:57.1,rem
Salome,22:00.7,5/29/2026,5/29/2026 4:42,1780906922,22:57.4,rem
Salome,22:00.7,5/29/2026,5/29/2026 4:43,1780906922,22:58.0,rem
Salome,22:00.7,5/29/2026,5/29/2026 4:44,1780906922,22:58.2,rem
Salome,22:00.7,5/29/2026,5/29/2026 4:45,1780906922,22:58.5,rem
Salome,22:00.7,5/29/2026,5/29/2026 4:46,1780906922,22:58.7,rem
Salome,22:00.7,5/29/2026,5/29/2026 4:47,1780906922,22:59.0,rem
Salome,22:00.7,5/29/2026,5/29/2026 4:48,1780906922,22:59.3,rem
Salome,22:00.7,5/29/2026,5/29/2026 4:49,1780906922,22:59.5,rem
Salome,22:00.7,5/29/2026,5/29/2026 4:50,1780906922,22:59.8,rem
Salome,22:00.7,5/29/2026,5/29/2026 4:51,1780906922,23:00.1,rem
Salome,22:00.7,5/29/2026,5/29/2026 4:52,1780906922,23:00.3,rem
Salome,22:00.7,5/29/2026,5/29/2026 4:53,1780906922,23:00.6,rem
Salome,22:00.7,5/29/2026,5/29/2026 4:54,1780906922,23:00.9,rem
Salome,22:00.7,5/29/2026,5/29/2026 4:55,1780906922,23:01.2,rem
Salome,22:00.7,5/29/2026,5/29/2026 4:56,1780906922,23:01.6,rem
Salome,22:00.7,5/29/2026,5/29/2026 4:57,1780906922,23:01.8,rem
Salome,22:00.7,5/29/2026,5/29/2026 4:58,1780906922,23:02.1,rem
Salome,22:00.7,5/29/2026,5/29/2026 4:59,1780906922,23:02.4,rem
Salome,22:00.7,5/29/2026,5/29/2026 5:00,1780906922,23:02.8,rem
Salome,22:00.7,5/29/2026,5/29/2026 5:01,1780906922,23:03.1,rem
Salome,22:00.7,5/29/2026,5/29/2026 5:02,1780906922,23:03.4,rem
Salome,22:00.7,5/29/2026,5/29/2026 5:03,1780906922,23:03.8,rem
Salome,22:00.7,5/29/2026,5/29/2026 5:04,1780906922,23:04.1,light
Salome,22:00.7,5/29/2026,5/29/2026 5:05,1780906922,23:04.4,light
Salome,22:00.7,5/29/2026,5/29/2026 5:06,1780906922,23:04.7,light
Salome,22:00.7,5/29/2026,5/29/2026 5:07,1780906922,23:04.9,light
Salome,22:00.7,5/29/2026,5/29/2026 5:08,1780906922,23:05.2,light
Salome,22:00.7,5/29/2026,5/29/2026 5:09,1780906922,23:06.3,light
Salome,22:00.7,5/29/2026,5/29/2026 5:10,1780906922,23:06.5,light
Salome,22:00.7,5/29/2026,5/29/2026 5:11,1780906922,23:06.8,light
Salome,22:00.7,5/29/2026,5/29/2026 5:12,1780906922,23:07.1,light
Salome,22:00.7,5/29/2026,5/29/2026 5:13,1780906922,23:07.4,light
Salome,22:00.7,5/29/2026,5/29/2026 5:14,1780906922,23:07.7,light
Salome,22:00.7,5/29/2026,5/29/2026 5:15,1780906922,23:08.0,light
Salome,22:00.7,5/29/2026,5/29/2026 5:16,1780906922,23:08.6,light
Salome,22:00.7,5/29/2026,5/29/2026 5:17,1780906922,23:08.9,light
Salome,22:00.7,5/29/2026,5/29/2026 5:18,1780906922,23:09.2,light
Salome,22:00.7,5/29/2026,5/29/2026 5:19,1780906922,23:09.4,light
Salome,22:00.7,5/29/2026,5/29/2026 5:20,1780906922,23:09.7,light
Salome,22:00.7,5/29/2026,5/29/2026 5:21,1780906922,23:10.1,light
Salome,22:00.7,5/29/2026,5/29/2026 5:22,1780906922,23:10.3,light
Salome,22:00.7,5/29/2026,5/29/2026 5:23,1780906922,23:10.6,light
Salome,22:00.7,5/29/2026,5/29/2026 5:24,1780906922,23:10.9,light
Salome,22:00.7,5/29/2026,5/29/2026 5:25,1780906922,23:11.2,light
Salome,22:00.7,5/29/2026,5/29/2026 5:26,1780906922,23:11.5,light
Salome,22:00.7,5/29/2026,5/29/2026 5:27,1780906922,23:11.8,light
Salome,22:00.7,5/29/2026,5/29/2026 5:28,1780906922,23:12.0,light
Salome,22:00.7,5/29/2026,5/29/2026 5:29,1780906922,23:12.3,light
Salome,22:00.7,5/29/2026,5/29/2026 5:30,1780906922,23:12.6,light
Salome,22:00.7,5/29/2026,5/29/2026 5:31,1780906922,23:12.8,light
Salome,22:00.7,5/29/2026,5/29/2026 5:32,1780906922,23:13.9,light
Salome,22:00.7,5/29/2026,5/29/2026 5:33,1780906922,23:14.2,light
Salome,22:00.7,5/29/2026,5/29/2026 5:34,1780906922,23:14.5,light
Salome,22:00.7,5/29/2026,5/29/2026 5:35,1780906922,23:14.7,light
Salome,22:00.7,5/29/2026,5/29/2026 5:36,1780906922,23:15.0,light
Salome,22:00.7,5/29/2026,5/29/2026 5:37,1780906922,23:15.3,light
Salome,22:00.7,5/29/2026,5/29/2026 5:38,1780906922,23:15.5,light
Salome,22:00.7,5/29/2026,5/29/2026 5:39,1780906922,23:15.8,deep
Salome,22:00.7,5/29/2026,5/29/2026 5:40,1780906922,23:16.1,deep
Salome,22:00.7,5/29/2026,5/29/2026 5:41,1780906922,23:16.4,deep
Salome,22:00.7,5/29/2026,5/29/2026 5:42,1780906922,23:16.7,deep
Salome,22:00.7,5/29/2026,5/29/2026 5:43,1780906922,23:16.9,deep
Salome,22:00.7,5/29/2026,5/29/2026 5:44,1780906922,23:17.2,deep
Salome,22:00.7,5/29/2026,5/29/2026 5:45,1780906922,23:17.5,deep
Salome,22:00.7,5/29/2026,5/29/2026 5:46,1780906922,23:18.3,deep
Salome,22:00.7,5/29/2026,5/29/2026 5:47,1780906922,23:18.5,deep
Salome,22:00.7,5/29/2026,5/29/2026 5:48,1780906922,23:18.8,deep
Salome,22:00.7,5/29/2026,5/29/2026 5:49,1780906922,23:19.0,deep
Salome,22:00.7,5/29/2026,5/29/2026 5:50,1780906922,23:19.3,light
Salome,22:00.7,5/29/2026,5/29/2026 5:51,1780906922,23:19.6,light
Salome,22:00.7,5/29/2026,5/29/2026 5:52,1780906922,23:19.9,light
Salome,22:00.7,5/29/2026,5/29/2026 5:53,1780906922,23:20.1,light
Salome,22:00.7,5/29/2026,5/29/2026 5:54,1780906922,23:20.4,deep
Salome,22:00.7,5/29/2026,5/29/2026 5:55,1780906922,23:20.7,deep
Salome,22:00.7,5/29/2026,5/29/2026 5:56,1780906922,23:20.9,deep
Salome,22:00.7,5/29/2026,5/29/2026 5:57,1780906922,23:21.2,deep
Salome,22:00.7,5/29/2026,5/29/2026 5:58,1780906922,23:21.5,deep
Salome,22:00.7,5/29/2026,5/29/2026 5:59,1780906922,23:21.7,deep
Salome,22:00.7,5/29/2026,5/29/2026 6:00,1780906922,23:22.0,light
Salome,22:00.7,5/29/2026,5/29/2026 6:01,1780906922,23:22.3,light
Salome,22:00.7,5/29/2026,5/29/2026 6:02,1780906922,23:22.6,light
Salome,22:00.7,5/29/2026,5/29/2026 6:03,1780906922,23:22.9,light
Salome,22:00.7,5/29/2026,5/29/2026 6:04,1780906922,23:23.2,light
Salome,22:00.7,5/29/2026,5/29/2026 6:05,1780906922,23:23.5,light
Salome,22:00.7,5/29/2026,5/29/2026 6:06,1780906922,23:23.8,light
Salome,22:00.7,5/29/2026,5/29/2026 6:07,1780906922,23:24.0,light
Salome,22:00.7,5/29/2026,5/29/2026 6:08,1780906922,23:24.3,light
Salome,22:00.7,5/29/2026,5/29/2026 6:09,1780906922,23:24.8,light
Salome,22:00.7,5/29/2026,5/29/2026 6:10,1780906922,23:25.1,rem
Salome,22:00.7,5/29/2026,5/29/2026 6:11,1780906922,23:25.3,rem
Salome,22:00.7,5/29/2026,5/29/2026 6:12,1780906922,23:25.6,rem
Salome,22:00.7,5/29/2026,5/29/2026 6:13,1780906922,23:25.9,rem
Salome,22:00.7,5/29/2026,5/29/2026 6:14,1780906922,23:26.1,rem
Salome,22:00.7,5/29/2026,5/29/2026 6:15,1780906922,23:26.4,rem
Salome,22:00.7,5/29/2026,5/29/2026 6:16,1780906922,23:26.7,rem
Salome,22:00.7,5/29/2026,5/29/2026 6:17,1780906922,23:27.0,rem
Salome,22:00.7,5/29/2026,5/29/2026 6:18,1780906922,23:27.2,rem
Salome,22:00.7,5/29/2026,5/29/2026 6:19,1780906922,23:27.5,rem
Salome,22:00.7,5/29/2026,5/29/2026 6:20,1780906922,23:27.7,rem
Salome,22:00.7,5/29/2026,5/29/2026 6:21,1780906922,23:28.0,light
Salome,22:00.7,5/29/2026,5/29/2026 6:22,1780906922,23:28.3,light
Salome,22:00.7,5/29/2026,5/29/2026 6:23,1780906922,23:28.6,light
Salome,22:00.7,5/29/2026,5/29/2026 6:24,1780906922,23:28.9,light
Salome,22:00.7,5/29/2026,5/29/2026 6:25,1780906922,23:29.2,light
Salome,22:00.7,5/29/2026,5/29/2026 6:26,1780906922,23:29.5,light
Salome,22:00.7,5/29/2026,5/29/2026 6:27,1780906922,23:29.8,light
Salome,22:00.7,5/29/2026,5/29/2026 6:28,1780906922,23:30.1,light
Salome,22:00.7,5/29/2026,5/29/2026 6:29,1780906922,23:30.4,light
Salome,22:00.7,5/29/2026,5/29/2026 6:30,1780906922,23:30.6,light
Salome,22:00.7,5/29/2026,5/29/2026 6:31,1780906922,23:30.9,light
Salome,22:00.7,5/29/2026,5/29/2026 6:32,1780906922,23:31.2,light
Salome,22:00.7,5/29/2026,5/29/2026 6:33,1780906922,23:31.4,light
Salome,22:00.7,5/29/2026,5/29/2026 6:34,1780906922,23:31.7,light
Salome,22:00.7,5/29/2026,5/29/2026 6:35,1780906922,23:32.0,light
Salome,22:00.7,5/29/2026,5/29/2026 6:36,1780906922,23:32.3,light
Salome,22:00.7,5/29/2026,5/29/2026 6:37,1780906922,23:32.6,light
Salome,22:00.7,5/29/2026,5/29/2026 6:38,1780906922,23:32.9,light
Salome,22:00.7,5/29/2026,5/29/2026 6:39,1780906922,23:33.2,light
Salome,22:00.7,5/29/2026,5/29/2026 6:40,1780906922,23:33.5,light
Salome,22:00.7,5/29/2026,5/29/2026 6:41,1780906922,23:33.7,light
Salome,22:00.7,5/29/2026,5/29/2026 6:42,1780906922,23:34.0,light
Salome,22:00.7,5/29/2026,5/29/2026 6:43,1780906922,23:34.3,light
Salome,22:00.7,5/29/2026,5/29/2026 6:44,1780906922,23:34.6,light
Salome,22:00.7,5/29/2026,5/29/2026 6:45,1780906922,23:34.8,light
Salome,22:00.7,5/29/2026,5/29/2026 6:46,1780906922,23:35.1,light
Salome,22:00.7,5/29/2026,5/29/2026 6:47,1780906922,23:35.4,light
Salome,22:00.7,5/29/2026,5/29/2026 6:48,1780906922,23:35.6,light
Salome,22:00.7,5/29/2026,5/29/2026 6:49,1780906922,23:35.9,light
Salome,22:00.7,5/29/2026,5/29/2026 6:50,1780906922,23:37.1,light
Salome,22:00.7,5/29/2026,5/29/2026 6:51,1780906922,23:37.5,light
Salome,22:00.7,5/29/2026,5/29/2026 6:52,1780906922,23:37.8,light
Salome,22:00.7,5/29/2026,5/29/2026 6:53,1780906922,23:38.1,light
Salome,22:00.7,5/29/2026,5/29/2026 6:54,1780906922,23:38.3,light
Salome,22:00.7,5/29/2026,5/29/2026 6:55,1780906922,23:38.5,light
Salome,22:00.7,5/29/2026,5/29/2026 6:56,1780906922,23:38.8,light
Salome,22:00.7,5/29/2026,5/29/2026 6:57,1780906922,23:39.1,light
Salome,22:00.7,5/29/2026,5/29/2026 6:58,1780906922,23:39.4,light
Salome,22:00.7,5/29/2026,5/29/2026 6:59,1780906922,23:39.6,light
Salome,22:00.7,5/29/2026,5/29/2026 7:00,1780906922,23:39.9,light
Salome,22:00.7,5/29/2026,5/29/2026 7:01,1780906922,23:40.6,light
Salome,22:00.7,5/29/2026,5/29/2026 7:02,1780906922,23:40.8,light
Salome,22:00.7,5/29/2026,5/29/2026 7:03,1780906922,23:41.1,light
Salome,22:00.7,5/29/2026,5/29/2026 7:04,1780906922,23:41.4,light
Salome,22:00.7,5/29/2026,5/29/2026 7:05,1780906922,23:41.6,light
Salome,22:00.7,5/29/2026,5/29/2026 7:06,1780906922,23:41.9,light
Salome,22:00.7,5/29/2026,5/29/2026 7:07,1780906922,23:42.2,light
Salome,22:00.7,5/29/2026,5/29/2026 7:08,1780906922,23:42.4,light
Salome,22:00.7,5/29/2026,5/29/2026 7:09,1780906922,23:43.2,light
Salome,22:00.7,5/29/2026,5/29/2026 7:10,1780906922,23:43.4,light
Salome,22:00.7,5/29/2026,5/29/2026 7:11,1780906922,23:43.7,light
Salome,22:00.7,5/29/2026,5/29/2026 7:12,1780906922,23:44.0,light
Salome,22:00.7,5/29/2026,5/29/2026 7:13,1780906922,23:44.3,light
Salome,22:00.7,5/29/2026,5/29/2026 7:14,1780906922,23:44.6,light
Salome,22:00.7,5/29/2026,5/29/2026 7:15,1780906922,23:44.8,light
Salome,22:00.7,5/29/2026,5/29/2026 7:16,1780906922,23:45.1,light
Salome,22:00.7,5/29/2026,5/29/2026 7:17,1780906922,23:45.4,light
Salome,22:00.7,5/29/2026,5/29/2026 7:18,1780906922,23:45.7,light
Salome,22:00.7,5/29/2026,5/29/2026 7:19,1780906922,23:45.9,light
Salome,22:00.7,5/29/2026,5/29/2026 7:20,1780906922,23:46.2,light
Salome,22:00.7,5/29/2026,5/29/2026 7:21,1780906922,23:46.4,rem
Salome,22:00.7,5/29/2026,5/29/2026 7:22,1780906922,23:46.7,rem
Salome,22:00.7,5/29/2026,5/29/2026 7:23,1780906922,23:47.0,rem
Salome,22:00.7,5/29/2026,5/29/2026 7:24,1780906922,23:47.3,rem
Salome,22:00.7,5/29/2026,5/29/2026 7:25,1780906922,23:47.5,rem
Salome,22:00.7,5/29/2026,5/29/2026 7:26,1780906922,23:47.8,rem
Salome,22:00.7,5/29/2026,5/29/2026 7:27,1780906922,23:48.1,rem
Salome,22:00.7,5/29/2026,5/29/2026 7:28,1780906922,23:48.3,rem
Salome,22:00.7,5/29/2026,5/29/2026 7:29,1780906922,23:48.6,rem
Salome,22:00.7,5/29/2026,5/29/2026 7:30,1780906922,23:48.8,rem
Salome,22:00.7,5/29/2026,5/29/2026 7:31,1780906922,23:49.1,rem
Salome,22:00.7,5/29/2026,5/29/2026 7:32,1780906922,23:49.4,rem
Salome,22:00.7,5/29/2026,5/29/2026 7:33,1780906922,23:49.6,rem
Salome,22:00.7,5/29/2026,5/29/2026 7:34,1780906922,23:49.9,rem
Salome,22:00.7,5/29/2026,5/29/2026 7:35,1780906922,23:50.2,rem
Salome,22:00.7,5/29/2026,5/29/2026 7:36,1780906922,23:50.5,rem
Salome,22:00.7,5/29/2026,5/29/2026 7:37,1780906922,23:50.8,rem
Salome,22:00.7,5/29/2026,5/29/2026 7:38,1780906922,23:51.1,rem
Salome,22:00.7,5/29/2026,5/29/2026 7:39,1780906922,23:51.3,rem
Salome,22:00.7,5/29/2026,5/29/2026 7:40,1780906922,23:51.6,rem
Salome,22:00.7,5/29/2026,5/29/2026 7:41,1780906922,23:51.9,rem
Salome,22:00.7,5/29/2026,5/29/2026 7:42,1780906922,23:52.2,rem
Salome,22:00.7,5/29/2026,5/29/2026 7:43,1780906922,23:52.6,rem
Salome,22:00.7,5/29/2026,5/29/2026 7:44,1780906922,23:52.8,rem
Salome,22:00.7,5/29/2026,5/29/2026 7:45,1780906922,23:53.1,rem
Salome,22:00.7,5/29/2026,5/29/2026 7:46,1780906922,23:53.3,rem
Salome,22:00.7,5/29/2026,5/29/2026 7:47,1780906922,23:53.6,rem
Salome,22:00.7,5/29/2026,5/29/2026 7:48,1780906922,23:53.9,rem
Salome,22:00.7,5/29/2026,5/29/2026 7:49,1780906922,23:54.1,rem
Salome,22:00.7,5/29/2026,5/29/2026 7:50,1780906922,23:54.4,rem
Salome,22:00.7,5/29/2026,5/29/2026 7:51,1780906922,23:54.6,rem
Salome,22:00.7,5/29/2026,5/29/2026 7:52,1780906922,23:54.9,rem
Salome,22:00.7,5/29/2026,5/29/2026 7:53,1780906922,23:55.2,rem
Salome,22:00.7,5/29/2026,5/29/2026 7:54,1780906922,23:55.5,rem
Salome,22:00.7,5/29/2026,5/29/2026 7:55,1780906922,23:55.7,rem
Salome,22:00.7,5/29/2026,5/29/2026 7:56,1780906922,23:56.0,rem
Salome,22:00.7,5/29/2026,5/29/2026 7:57,1780906922,23:56.3,rem
Salome,22:00.7,5/29/2026,5/29/2026 7:58,1780906922,23:56.5,rem
Salome,22:00.7,5/29/2026,5/29/2026 7:59,1780906922,23:56.8,rem
Salome,22:00.7,5/29/2026,5/29/2026 8:00,1780906922,23:57.1,rem
Salome,22:00.7,5/29/2026,5/29/2026 8:01,1780906922,23:57.3,rem
Salome,22:00.7,5/29/2026,5/29/2026 8:02,1780906922,23:57.6,light
Salome,22:00.7,5/29/2026,5/29/2026 8:03,1780906922,23:58.2,light
Salome,22:00.7,5/29/2026,5/29/2026 8:04,1780906922,23:58.5,light
Salome,29:03.1,5/30/2026,5/30/2026 1:49,1780907343,29:04.3,wake
Salome,29:03.1,5/30/2026,5/30/2026 1:50,1780907343,29:04.8,wake
Salome,29:03.1,5/30/2026,5/30/2026 1:51,1780907343,29:04.9,light
Salome,29:03.1,5/30/2026,5/30/2026 1:52,1780907343,29:05.6,light
Salome,29:03.1,5/30/2026,5/30/2026 1:53,1780907343,29:06.0,light
Salome,29:03.1,5/30/2026,5/30/2026 1:54,1780907343,29:06.6,light
Salome,29:03.1,5/30/2026,5/30/2026 1:55,1780907343,29:07.0,light
Salome,29:03.1,5/30/2026,5/30/2026 1:56,1780907343,29:07.2,light
Salome,29:03.1,5/30/2026,5/30/2026 1:57,1780907343,29:07.4,light
Salome,29:03.1,5/30/2026,5/30/2026 1:58,1780907343,29:07.6,light
Salome,29:03.1,5/30/2026,5/30/2026 1:59,1780907343,29:07.7,light
Salome,29:03.1,5/30/2026,5/30/2026 2:00,1780907343,29:08.0,light
Salome,29:03.1,5/30/2026,5/30/2026 2:01,1780907343,29:08.2,light
Salome,29:03.1,5/30/2026,5/30/2026 2:02,1780907343,29:08.4,deep
Salome,29:03.1,5/30/2026,5/30/2026 2:03,1780907343,29:08.6,deep
Salome,29:03.1,5/30/2026,5/30/2026 2:04,1780907343,29:09.5,deep
Salome,29:03.1,5/30/2026,5/30/2026 2:05,1780907343,29:09.7,deep
Salome,29:03.1,5/30/2026,5/30/2026 2:06,1780907343,29:09.9,deep
Salome,29:03.1,5/30/2026,5/30/2026 2:07,1780907343,29:10.1,deep
Salome,29:03.1,5/30/2026,5/30/2026 2:08,1780907343,29:10.4,deep
Salome,29:03.1,5/30/2026,5/30/2026 2:09,1780907343,29:10.9,deep
Salome,29:03.1,5/30/2026,5/30/2026 2:10,1780907343,29:11.2,deep
Salome,29:03.1,5/30/2026,5/30/2026 2:11,1780907343,29:12.4,deep
Salome,29:03.1,5/30/2026,5/30/2026 2:12,1780907343,29:13.3,deep
Salome,29:03.1,5/30/2026,5/30/2026 2:13,1780907343,29:14.4,deep
Salome,29:03.1,5/30/2026,5/30/2026 2:14,1780907343,29:14.6,deep
Salome,29:03.1,5/30/2026,5/30/2026 2:15,1780907343,29:14.8,deep
Salome,29:03.1,5/30/2026,5/30/2026 2:16,1780907343,29:15.0,deep
Salome,29:03.1,5/30/2026,5/30/2026 2:17,1780907343,29:15.7,deep
Salome,29:03.1,5/30/2026,5/30/2026 2:18,1780907343,29:15.9,deep
Salome,29:03.1,5/30/2026,5/30/2026 2:19,1780907343,29:16.1,deep
Salome,29:03.1,5/30/2026,5/30/2026 2:20,1780907343,29:16.3,deep
Salome,29:03.1,5/30/2026,5/30/2026 2:21,1780907343,29:16.5,deep
Salome,29:03.1,5/30/2026,5/30/2026 2:22,1780907343,29:16.7,deep
Salome,29:03.1,5/30/2026,5/30/2026 2:23,1780907343,29:17.0,deep
Salome,29:03.1,5/30/2026,5/30/2026 2:24,1780907343,29:17.2,deep
Salome,29:03.1,5/30/2026,5/30/2026 2:25,1780907343,29:17.4,deep
Salome,29:03.1,5/30/2026,5/30/2026 2:26,1780907343,29:17.6,deep
Salome,29:03.1,5/30/2026,5/30/2026 2:27,1780907343,29:17.8,deep
Salome,29:03.1,5/30/2026,5/30/2026 2:28,1780907343,29:18.1,deep
Salome,29:03.1,5/30/2026,5/30/2026 2:29,1780907343,29:18.3,deep
Salome,29:03.1,5/30/2026,5/30/2026 2:30,1780907343,29:18.5,deep
Salome,29:03.1,5/30/2026,5/30/2026 2:31,1780907343,29:19.2,deep
Salome,29:03.1,5/30/2026,5/30/2026 2:32,1780907343,29:19.4,deep
Salome,29:03.1,5/30/2026,5/30/2026 2:33,1780907343,29:19.6,deep
Salome,29:03.1,5/30/2026,5/30/2026 2:34,1780907343,29:19.8,deep
Salome,29:03.1,5/30/2026,5/30/2026 2:35,1780907343,29:20.0,deep
Salome,29:03.1,5/30/2026,5/30/2026 2:36,1780907343,29:20.2,deep
Salome,29:03.1,5/30/2026,5/30/2026 2:37,1780907343,29:20.4,deep
Salome,29:03.1,5/30/2026,5/30/2026 2:38,1780907343,29:20.6,deep
Salome,29:03.1,5/30/2026,5/30/2026 2:39,1780907343,29:20.8,light
Salome,29:03.1,5/30/2026,5/30/2026 2:40,1780907343,29:21.0,light
Salome,29:03.1,5/30/2026,5/30/2026 2:41,1780907343,29:21.5,light
Salome,29:03.1,5/30/2026,5/30/2026 2:42,1780907343,29:21.6,light
Salome,29:03.1,5/30/2026,5/30/2026 2:43,1780907343,29:21.8,light
Salome,29:03.1,5/30/2026,5/30/2026 2:44,1780907343,29:22.0,light
Salome,29:03.1,5/30/2026,5/30/2026 2:45,1780907343,29:22.2,rem
Salome,29:03.1,5/30/2026,5/30/2026 2:46,1780907343,29:22.4,rem
Salome,29:03.1,5/30/2026,5/30/2026 2:47,1780907343,29:22.6,rem
Salome,29:03.1,5/30/2026,5/30/2026 2:48,1780907343,29:22.8,rem
Salome,29:03.1,5/30/2026,5/30/2026 2:49,1780907343,29:23.0,rem
Salome,29:03.1,5/30/2026,5/30/2026 2:50,1780907343,29:23.1,rem
Salome,29:03.1,5/30/2026,5/30/2026 2:51,1780907343,29:23.3,rem
Salome,29:03.1,5/30/2026,5/30/2026 2:52,1780907343,29:23.5,rem
Salome,29:03.1,5/30/2026,5/30/2026 2:53,1780907343,29:23.7,rem
Salome,29:03.1,5/30/2026,5/30/2026 2:54,1780907343,29:23.9,rem
Salome,29:03.1,5/30/2026,5/30/2026 2:55,1780907343,29:24.1,rem
Salome,29:03.1,5/30/2026,5/30/2026 2:56,1780907343,29:24.3,rem
Salome,29:03.1,5/30/2026,5/30/2026 2:57,1780907343,29:24.5,rem
Salome,29:03.1,5/30/2026,5/30/2026 2:58,1780907343,29:24.7,rem
Salome,29:03.1,5/30/2026,5/30/2026 2:59,1780907343,29:24.9,rem
Salome,29:03.1,5/30/2026,5/30/2026 3:00,1780907343,29:25.1,rem
Salome,29:03.1,5/30/2026,5/30/2026 3:01,1780907343,29:25.3,rem
Salome,29:03.1,5/30/2026,5/30/2026 3:02,1780907343,29:25.5,rem
Salome,29:03.1,5/30/2026,5/30/2026 3:03,1780907343,29:25.7,rem
Salome,29:03.1,5/30/2026,5/30/2026 3:04,1780907343,29:25.9,rem
Salome,29:03.1,5/30/2026,5/30/2026 3:05,1780907343,29:26.0,light
Salome,29:03.1,5/30/2026,5/30/2026 3:06,1780907343,29:26.2,light
Salome,29:03.1,5/30/2026,5/30/2026 3:07,1780907343,29:26.4,light
Salome,29:03.1,5/30/2026,5/30/2026 3:08,1780907343,29:26.6,light
Salome,29:03.1,5/30/2026,5/30/2026 3:09,1780907343,29:26.8,light
Salome,29:03.1,5/30/2026,5/30/2026 3:10,1780907343,29:27.0,light
Salome,29:03.1,5/30/2026,5/30/2026 3:11,1780907343,29:27.2,light
Salome,29:03.1,5/30/2026,5/30/2026 3:12,1780907343,29:27.4,light
Salome,29:03.1,5/30/2026,5/30/2026 3:13,1780907343,29:27.6,light
Salome,29:03.1,5/30/2026,5/30/2026 3:14,1780907343,29:27.9,light
Salome,29:03.1,5/30/2026,5/30/2026 3:15,1780907343,29:28.0,light
Salome,29:03.1,5/30/2026,5/30/2026 3:16,1780907343,29:28.3,light
Salome,29:03.1,5/30/2026,5/30/2026 3:17,1780907343,29:28.6,light
Salome,29:03.1,5/30/2026,5/30/2026 3:18,1780907343,29:28.8,light
Salome,29:03.1,5/30/2026,5/30/2026 3:19,1780907343,29:28.9,deep
Salome,29:03.1,5/30/2026,5/30/2026 3:20,1780907343,29:29.1,deep
Salome,29:03.1,5/30/2026,5/30/2026 3:21,1780907343,29:29.3,deep
Salome,29:03.1,5/30/2026,5/30/2026 3:22,1780907343,29:29.5,deep
Salome,29:03.1,5/30/2026,5/30/2026 3:23,1780907343,29:29.7,deep
Salome,29:03.1,5/30/2026,5/30/2026 3:24,1780907343,29:29.9,deep
Salome,29:03.1,5/30/2026,5/30/2026 3:25,1780907343,29:30.1,deep
Salome,29:03.1,5/30/2026,5/30/2026 3:26,1780907343,29:30.7,deep
Salome,29:03.1,5/30/2026,5/30/2026 3:27,1780907343,29:30.8,deep
Salome,29:03.1,5/30/2026,5/30/2026 3:28,1780907343,29:31.0,deep
Salome,29:03.1,5/30/2026,5/30/2026 3:29,1780907343,29:31.3,deep
Salome,29:03.1,5/30/2026,5/30/2026 3:30,1780907343,29:31.5,deep
Salome,29:03.1,5/30/2026,5/30/2026 3:31,1780907343,29:31.7,deep
Salome,29:03.1,5/30/2026,5/30/2026 3:32,1780907343,29:31.8,deep
Salome,29:03.1,5/30/2026,5/30/2026 3:33,1780907343,29:32.0,deep
Salome,29:03.1,5/30/2026,5/30/2026 3:34,1780907343,29:32.2,deep
Salome,29:03.1,5/30/2026,5/30/2026 3:35,1780907343,29:32.5,deep
Salome,29:03.1,5/30/2026,5/30/2026 3:36,1780907343,29:32.7,deep
Salome,29:03.1,5/30/2026,5/30/2026 3:37,1780907343,29:32.9,deep
Salome,29:03.1,5/30/2026,5/30/2026 3:38,1780907343,29:33.1,deep
Salome,29:03.1,5/30/2026,5/30/2026 3:39,1780907343,29:33.3,deep
Salome,29:03.1,5/30/2026,5/30/2026 3:40,1780907343,29:33.5,deep
Salome,29:03.1,5/30/2026,5/30/2026 3:41,1780907343,29:33.7,deep
Salome,29:03.1,5/30/2026,5/30/2026 3:42,1780907343,29:34.2,deep
Salome,29:03.1,5/30/2026,5/30/2026 3:43,1780907343,29:34.4,deep
Salome,29:03.1,5/30/2026,5/30/2026 3:44,1780907343,29:34.6,deep
Salome,29:03.1,5/30/2026,5/30/2026 3:45,1780907343,29:34.8,deep
Salome,29:03.1,5/30/2026,5/30/2026 3:46,1780907343,29:35.9,deep
Salome,29:03.1,5/30/2026,5/30/2026 3:47,1780907343,29:36.1,deep
Salome,29:03.1,5/30/2026,5/30/2026 3:48,1780907343,29:36.3,deep
Salome,29:03.1,5/30/2026,5/30/2026 3:49,1780907343,29:36.5,deep
Salome,29:03.1,5/30/2026,5/30/2026 3:50,1780907343,29:36.7,deep
Salome,29:03.1,5/30/2026,5/30/2026 3:51,1780907343,29:36.9,deep
Salome,29:03.1,5/30/2026,5/30/2026 3:52,1780907343,29:37.1,light
Salome,29:03.1,5/30/2026,5/30/2026 3:53,1780907343,29:37.3,light
Salome,29:03.1,5/30/2026,5/30/2026 3:54,1780907343,29:38.5,light
Salome,29:03.1,5/30/2026,5/30/2026 3:55,1780907343,29:39.0,light
Salome,29:03.1,5/30/2026,5/30/2026 3:56,1780907343,29:39.6,light
Salome,29:03.1,5/30/2026,5/30/2026 3:57,1780907343,29:39.8,light
Salome,29:03.1,5/30/2026,5/30/2026 3:58,1780907343,29:40.0,light
Salome,29:03.1,5/30/2026,5/30/2026 3:59,1780907343,29:40.2,light
Salome,29:03.1,5/30/2026,5/30/2026 4:00,1780907343,29:40.4,light
Salome,29:03.1,5/30/2026,5/30/2026 4:01,1780907343,29:40.6,light
Salome,29:03.1,5/30/2026,5/30/2026 4:02,1780907343,29:41.0,light
Salome,29:03.1,5/30/2026,5/30/2026 4:03,1780907343,29:41.2,light
Salome,29:03.1,5/30/2026,5/30/2026 4:04,1780907343,29:42.0,light
Salome,29:03.1,5/30/2026,5/30/2026 4:05,1780907343,29:43.3,light
Salome,29:03.1,5/30/2026,5/30/2026 4:06,1780907343,29:43.5,light
Salome,29:03.1,5/30/2026,5/30/2026 4:07,1780907343,29:43.7,light
Salome,29:03.1,5/30/2026,5/30/2026 4:08,1780907343,29:43.9,light
Salome,29:03.1,5/30/2026,5/30/2026 4:09,1780907343,29:44.1,light
Salome,29:03.1,5/30/2026,5/30/2026 4:10,1780907343,29:44.3,light
Salome,29:03.1,5/30/2026,5/30/2026 4:11,1780907343,29:44.5,light
Salome,29:03.1,5/30/2026,5/30/2026 4:12,1780907343,29:44.7,light
Salome,29:03.1,5/30/2026,5/30/2026 4:13,1780907343,29:45.0,light
Salome,29:03.1,5/30/2026,5/30/2026 4:14,1780907343,29:45.1,light
Salome,29:03.1,5/30/2026,5/30/2026 4:15,1780907343,29:45.4,light
Salome,29:03.1,5/30/2026,5/30/2026 4:16,1780907343,29:45.6,light
Salome,29:03.1,5/30/2026,5/30/2026 4:17,1780907343,29:45.8,light
Salome,29:03.1,5/30/2026,5/30/2026 4:18,1780907343,29:46.0,light
Salome,29:03.1,5/30/2026,5/30/2026 4:19,1780907343,29:46.2,light
Salome,29:03.1,5/30/2026,5/30/2026 4:20,1780907343,29:46.4,light
Salome,29:03.1,5/30/2026,5/30/2026 4:21,1780907343,29:47.1,light
Salome,29:03.1,5/30/2026,5/30/2026 4:22,1780907343,29:47.3,light
Salome,29:03.1,5/30/2026,5/30/2026 4:23,1780907343,29:47.5,deep
Salome,29:03.1,5/30/2026,5/30/2026 4:24,1780907343,29:48.1,deep
Salome,29:03.1,5/30/2026,5/30/2026 4:25,1780907343,29:48.3,deep
Salome,29:03.1,5/30/2026,5/30/2026 4:26,1780907343,29:48.5,deep
Salome,29:03.1,5/30/2026,5/30/2026 4:27,1780907343,29:48.7,deep
Salome,29:03.1,5/30/2026,5/30/2026 4:28,1780907343,29:49.9,deep
Salome,29:03.1,5/30/2026,5/30/2026 4:29,1780907343,29:50.2,deep
Salome,29:03.1,5/30/2026,5/30/2026 4:30,1780907343,29:50.4,deep
Salome,29:03.1,5/30/2026,5/30/2026 4:31,1780907343,29:50.6,light
Salome,29:03.1,5/30/2026,5/30/2026 4:32,1780907343,29:50.8,light
Salome,29:03.1,5/30/2026,5/30/2026 4:33,1780907343,29:51.0,light
Salome,29:03.1,5/30/2026,5/30/2026 4:34,1780907343,29:51.2,light
Salome,29:03.1,5/30/2026,5/30/2026 4:35,1780907343,29:51.4,rem
Salome,29:03.1,5/30/2026,5/30/2026 4:36,1780907343,29:51.5,rem
Salome,29:03.1,5/30/2026,5/30/2026 4:37,1780907343,29:51.8,rem
Salome,29:03.1,5/30/2026,5/30/2026 4:38,1780907343,29:51.9,rem
Salome,29:03.1,5/30/2026,5/30/2026 4:39,1780907343,29:52.1,rem
Salome,29:03.1,5/30/2026,5/30/2026 4:40,1780907343,29:52.5,rem
Salome,29:03.1,5/30/2026,5/30/2026 4:41,1780907343,29:52.7,rem
Salome,29:03.1,5/30/2026,5/30/2026 4:42,1780907343,29:52.9,rem
Salome,29:03.1,5/30/2026,5/30/2026 4:43,1780907343,29:53.1,rem
Salome,29:03.1,5/30/2026,5/30/2026 4:44,1780907343,29:53.3,rem
Salome,29:03.1,5/30/2026,5/30/2026 4:45,1780907343,29:53.4,rem
Salome,29:03.1,5/30/2026,5/30/2026 4:46,1780907343,29:53.8,rem
Salome,29:03.1,5/30/2026,5/30/2026 4:47,1780907343,29:54.1,rem
Salome,29:03.1,5/30/2026,5/30/2026 4:48,1780907343,29:54.4,rem
Salome,29:03.1,5/30/2026,5/30/2026 4:49,1780907343,29:54.6,rem
Salome,29:03.1,5/30/2026,5/30/2026 4:50,1780907343,29:54.8,rem
Salome,29:03.1,5/30/2026,5/30/2026 4:51,1780907343,29:54.9,rem
Salome,29:03.1,5/30/2026,5/30/2026 4:52,1780907343,29:55.1,rem
Salome,29:03.1,5/30/2026,5/30/2026 4:53,1780907343,29:55.3,rem
Salome,29:03.1,5/30/2026,5/30/2026 4:54,1780907343,29:55.5,rem
Salome,29:03.1,5/30/2026,5/30/2026 4:55,1780907343,29:55.7,rem
Salome,29:03.1,5/30/2026,5/30/2026 4:56,1780907343,29:55.9,rem
Salome,29:03.1,5/30/2026,5/30/2026 4:57,1780907343,29:56.7,rem
Salome,29:03.1,5/30/2026,5/30/2026 4:58,1780907343,29:56.9,rem
Salome,29:03.1,5/30/2026,5/30/2026 4:59,1780907343,29:57.1,rem
Salome,29:03.1,5/30/2026,5/30/2026 5:00,1780907343,29:57.3,rem
Salome,29:03.1,5/30/2026,5/30/2026 5:01,1780907343,29:57.5,rem
Salome,29:03.1,5/30/2026,5/30/2026 5:02,1780907343,29:57.7,rem
Salome,29:03.1,5/30/2026,5/30/2026 5:03,1780907343,29:58.2,rem
Salome,29:03.1,5/30/2026,5/30/2026 5:04,1780907343,29:58.4,rem
Salome,29:03.1,5/30/2026,5/30/2026 5:05,1780907343,29:58.8,rem
Salome,29:03.1,5/30/2026,5/30/2026 5:06,1780907343,29:59.0,rem
Salome,29:03.1,5/30/2026,5/30/2026 5:07,1780907343,29:59.2,rem
Salome,29:03.1,5/30/2026,5/30/2026 5:08,1780907343,29:59.4,rem
Salome,29:03.1,5/30/2026,5/30/2026 5:09,1780907343,29:59.6,rem
Salome,29:03.1,5/30/2026,5/30/2026 5:10,1780907343,29:59.8,rem
Salome,29:03.1,5/30/2026,5/30/2026 5:11,1780907343,30:00.0,rem
Salome,29:03.1,5/30/2026,5/30/2026 5:12,1780907343,30:00.2,rem
Salome,29:03.1,5/30/2026,5/30/2026 5:13,1780907343,30:00.4,rem
Salome,29:03.1,5/30/2026,5/30/2026 5:14,1780907343,30:00.6,rem
Salome,29:03.1,5/30/2026,5/30/2026 5:15,1780907343,30:00.9,light
Salome,29:03.1,5/30/2026,5/30/2026 5:16,1780907343,30:01.1,light
Salome,29:03.1,5/30/2026,5/30/2026 5:17,1780907343,30:02.3,light
Salome,29:03.1,5/30/2026,5/30/2026 5:18,1780907343,30:02.5,light
Salome,29:03.1,5/30/2026,5/30/2026 5:19,1780907343,30:02.7,light
Salome,29:03.1,5/30/2026,5/30/2026 5:20,1780907343,30:02.9,light
Salome,29:03.1,5/30/2026,5/30/2026 5:21,1780907343,30:03.1,light
Salome,29:03.1,5/30/2026,5/30/2026 5:22,1780907343,30:03.3,light
Salome,29:03.1,5/30/2026,5/30/2026 5:23,1780907343,30:03.4,light
Salome,29:03.1,5/30/2026,5/30/2026 5:24,1780907343,30:03.6,light
Salome,29:03.1,5/30/2026,5/30/2026 5:25,1780907343,30:03.8,light
Salome,29:03.1,5/30/2026,5/30/2026 5:26,1780907343,30:04.0,light
Salome,29:03.1,5/30/2026,5/30/2026 5:27,1780907343,30:04.2,light
Salome,29:03.1,5/30/2026,5/30/2026 5:28,1780907343,30:04.4,light
Salome,29:03.1,5/30/2026,5/30/2026 5:29,1780907343,30:04.6,light
Salome,29:03.1,5/30/2026,5/30/2026 5:30,1780907343,30:04.8,light
Salome,29:03.1,5/30/2026,5/30/2026 5:31,1780907343,30:05.9,light
Salome,29:03.1,5/30/2026,5/30/2026 5:32,1780907343,30:06.1,light
Salome,29:03.1,5/30/2026,5/30/2026 5:33,1780907343,30:06.3,light
Salome,29:03.1,5/30/2026,5/30/2026 5:34,1780907343,30:06.5,light
Salome,29:03.1,5/30/2026,5/30/2026 5:35,1780907343,30:06.7,light
Salome,29:03.1,5/30/2026,5/30/2026 5:36,1780907343,30:06.9,light
Salome,29:03.1,5/30/2026,5/30/2026 5:37,1780907343,30:07.0,light
Salome,29:03.1,5/30/2026,5/30/2026 5:38,1780907343,30:07.3,light
Salome,29:03.1,5/30/2026,5/30/2026 5:39,1780907343,30:07.4,light
Salome,29:03.1,5/30/2026,5/30/2026 5:40,1780907343,30:07.6,light
Salome,29:03.1,5/30/2026,5/30/2026 5:41,1780907343,30:07.8,light
Salome,29:03.1,5/30/2026,5/30/2026 5:42,1780907343,30:08.0,light
Salome,29:03.1,5/30/2026,5/30/2026 5:43,1780907343,30:08.5,light
Salome,29:03.1,5/30/2026,5/30/2026 5:44,1780907343,30:08.7,light
Salome,29:03.1,5/30/2026,5/30/2026 5:45,1780907343,30:08.9,light
Salome,29:03.1,5/30/2026,5/30/2026 5:46,1780907343,30:09.1,light
Salome,29:03.1,5/30/2026,5/30/2026 5:47,1780907343,30:09.2,light
Salome,29:03.1,5/30/2026,5/30/2026 5:48,1780907343,30:09.9,light
Salome,29:03.1,5/30/2026,5/30/2026 5:49,1780907343,30:10.0,light
Salome,29:03.1,5/30/2026,5/30/2026 5:50,1780907343,30:10.2,light
Salome,29:03.1,5/30/2026,5/30/2026 5:51,1780907343,30:11.0,light
Salome,29:03.1,5/30/2026,5/30/2026 5:52,1780907343,30:11.2,light
Salome,29:03.1,5/30/2026,5/30/2026 5:53,1780907343,30:11.4,light
Salome,29:03.1,5/30/2026,5/30/2026 5:54,1780907343,30:11.6,light
Salome,29:03.1,5/30/2026,5/30/2026 5:55,1780907343,30:11.8,light
Salome,29:03.1,5/30/2026,5/30/2026 5:56,1780907343,30:12.0,light
Salome,29:03.1,5/30/2026,5/30/2026 5:57,1780907343,30:12.1,light
Salome,29:03.1,5/30/2026,5/30/2026 5:58,1780907343,30:12.3,light
Salome,29:03.1,5/30/2026,5/30/2026 5:59,1780907343,30:12.5,light
Salome,29:03.1,5/30/2026,5/30/2026 6:00,1780907343,30:12.7,light
Salome,29:03.1,5/30/2026,5/30/2026 6:01,1780907343,30:12.8,light
Salome,29:03.1,5/30/2026,5/30/2026 6:02,1780907343,30:13.0,deep
Salome,29:03.1,5/30/2026,5/30/2026 6:03,1780907343,30:13.2,deep
Salome,29:03.1,5/30/2026,5/30/2026 6:04,1780907343,30:13.4,deep
Salome,29:03.1,5/30/2026,5/30/2026 6:05,1780907343,30:13.6,light
Salome,29:03.1,5/30/2026,5/30/2026 6:06,1780907343,30:13.8,light
Salome,29:03.1,5/30/2026,5/30/2026 6:07,1780907343,30:13.9,light
Salome,29:03.1,5/30/2026,5/30/2026 6:08,1780907343,30:14.1,light
Salome,29:03.1,5/30/2026,5/30/2026 6:09,1780907343,30:14.3,light
Salome,29:03.1,5/30/2026,5/30/2026 6:10,1780907343,30:14.5,light
Salome,29:03.1,5/30/2026,5/30/2026 6:11,1780907343,30:14.7,light
Salome,29:03.1,5/30/2026,5/30/2026 6:12,1780907343,30:14.8,light
Salome,29:03.1,5/30/2026,5/30/2026 6:13,1780907343,30:15.0,deep
Salome,29:03.1,5/30/2026,5/30/2026 6:14,1780907343,30:15.2,deep
Salome,29:03.1,5/30/2026,5/30/2026 6:15,1780907343,30:16.0,deep
Salome,29:03.1,5/30/2026,5/30/2026 6:16,1780907343,30:16.1,deep
Salome,29:03.1,5/30/2026,5/30/2026 6:17,1780907343,30:16.3,deep
Salome,29:03.1,5/30/2026,5/30/2026 6:18,1780907343,30:16.5,deep
Salome,29:03.1,5/30/2026,5/30/2026 6:19,1780907343,30:16.7,deep
Salome,29:03.1,5/30/2026,5/30/2026 6:20,1780907343,30:16.8,deep
Salome,29:03.1,5/30/2026,5/30/2026 6:21,1780907343,30:17.0,deep
Salome,29:03.1,5/30/2026,5/30/2026 6:22,1780907343,30:17.2,deep
Salome,29:03.1,5/30/2026,5/30/2026 6:23,1780907343,30:17.4,deep
Salome,29:03.1,5/30/2026,5/30/2026 6:24,1780907343,30:17.6,deep
Salome,29:03.1,5/30/2026,5/30/2026 6:25,1780907343,30:17.8,deep
Salome,29:03.1,5/30/2026,5/30/2026 6:26,1780907343,30:18.0,deep
Salome,29:03.1,5/30/2026,5/30/2026 6:27,1780907343,30:18.3,deep
Salome,29:03.1,5/30/2026,5/30/2026 6:28,1780907343,30:18.4,deep
Salome,29:03.1,5/30/2026,5/30/2026 6:29,1780907343,30:18.6,deep
Salome,29:03.1,5/30/2026,5/30/2026 6:30,1780907343,30:18.8,deep
Salome,29:03.1,5/30/2026,5/30/2026 6:31,1780907343,30:19.0,deep
Salome,29:03.1,5/30/2026,5/30/2026 6:32,1780907343,30:19.2,light
Salome,29:03.1,5/30/2026,5/30/2026 6:33,1780907343,30:19.8,light
Salome,29:03.1,5/30/2026,5/30/2026 6:34,1780907343,30:20.1,light
Salome,29:03.1,5/30/2026,5/30/2026 6:35,1780907343,30:20.3,light
Salome,29:03.1,5/30/2026,5/30/2026 6:36,1780907343,30:20.5,light
Salome,29:03.1,5/30/2026,5/30/2026 6:37,1780907343,30:20.7,light
Salome,29:03.1,5/30/2026,5/30/2026 6:38,1780907343,30:20.9,light
Salome,29:03.1,5/30/2026,5/30/2026 6:39,1780907343,30:21.1,light
Salome,29:03.1,5/30/2026,5/30/2026 6:40,1780907343,30:21.3,rem
Salome,29:03.1,5/30/2026,5/30/2026 6:41,1780907343,30:21.5,rem
Salome,29:03.1,5/30/2026,5/30/2026 6:42,1780907343,30:21.7,rem
Salome,29:03.1,5/30/2026,5/30/2026 6:43,1780907343,30:21.9,rem
Salome,29:03.1,5/30/2026,5/30/2026 6:44,1780907343,30:22.0,rem
Salome,29:03.1,5/30/2026,5/30/2026 6:45,1780907343,30:22.2,rem
Salome,29:03.1,5/30/2026,5/30/2026 6:46,1780907343,30:22.4,rem
Salome,29:03.1,5/30/2026,5/30/2026 6:47,1780907343,30:22.6,rem
Salome,29:03.1,5/30/2026,5/30/2026 6:48,1780907343,30:22.8,rem
Salome,29:03.1,5/30/2026,5/30/2026 6:49,1780907343,30:22.9,rem
Salome,29:03.1,5/30/2026,5/30/2026 6:50,1780907343,30:23.1,rem
Salome,29:03.1,5/30/2026,5/30/2026 6:51,1780907343,30:23.3,rem
Salome,29:03.1,5/30/2026,5/30/2026 6:52,1780907343,30:23.5,rem
Salome,29:03.1,5/30/2026,5/30/2026 6:53,1780907343,30:23.9,rem
Salome,29:03.1,5/30/2026,5/30/2026 6:54,1780907343,30:24.6,rem
Salome,29:03.1,5/30/2026,5/30/2026 6:55,1780907343,30:24.9,rem
Salome,29:03.1,5/30/2026,5/30/2026 6:56,1780907343,30:25.1,rem
Salome,29:03.1,5/30/2026,5/30/2026 6:57,1780907343,30:25.2,rem
Salome,29:03.1,5/30/2026,5/30/2026 6:58,1780907343,30:26.0,rem
Salome,29:03.1,5/30/2026,5/30/2026 6:59,1780907343,30:26.2,rem
Salome,29:03.1,5/30/2026,5/30/2026 7:00,1780907343,30:26.4,rem
Salome,29:03.1,5/30/2026,5/30/2026 7:01,1780907343,30:27.1,rem
Salome,29:03.1,5/30/2026,5/30/2026 7:02,1780907343,30:27.2,light
Salome,29:03.1,5/30/2026,5/30/2026 7:03,1780907343,30:27.4,light
Salome,29:03.1,5/30/2026,5/30/2026 7:04,1780907343,30:27.7,light
Salome,29:03.1,5/30/2026,5/30/2026 7:05,1780907343,30:27.9,light
Salome,29:03.1,5/30/2026,5/30/2026 7:06,1780907343,30:28.1,light
Salome,29:03.1,5/30/2026,5/30/2026 7:07,1780907343,30:28.7,light
Salome,29:03.1,5/30/2026,5/30/2026 7:08,1780907343,30:28.9,light
Salome,29:03.1,5/30/2026,5/30/2026 7:09,1780907343,30:29.0,light
Salome,29:03.1,5/30/2026,5/30/2026 7:10,1780907343,30:29.2,light
Salome,29:03.1,5/30/2026,5/30/2026 7:11,1780907343,30:29.4,light
Salome,29:03.1,5/30/2026,5/30/2026 7:12,1780907343,30:29.6,light
Salome,29:03.1,5/30/2026,5/30/2026 7:13,1780907343,30:29.8,light
Salome,29:03.1,5/30/2026,5/30/2026 7:14,1780907343,30:30.2,light
Salome,29:03.1,5/30/2026,5/30/2026 7:15,1780907343,30:30.4,light
Salome,29:03.1,5/30/2026,5/30/2026 7:16,1780907343,30:31.4,light
Salome,29:03.1,5/30/2026,5/30/2026 7:17,1780907343,30:31.6,light
Salome,29:03.1,5/30/2026,5/30/2026 7:18,1780907343,30:31.8,light
Salome,29:03.1,5/30/2026,5/30/2026 7:19,1780907343,30:32.0,light
Salome,29:03.1,5/30/2026,5/30/2026 7:20,1780907343,30:32.1,light
Salome,29:03.1,5/30/2026,5/30/2026 7:21,1780907343,30:32.3,light
Salome,29:03.1,5/30/2026,5/30/2026 7:22,1780907343,30:33.3,light
Salome,29:03.1,5/30/2026,5/30/2026 7:23,1780907343,30:33.4,light
Salome,29:03.1,5/30/2026,5/30/2026 7:24,1780907343,30:33.6,light
Salome,29:03.1,5/30/2026,5/30/2026 7:25,1780907343,30:33.8,light
Salome,29:03.1,5/30/2026,5/30/2026 7:26,1780907343,30:34.0,light
Salome,29:03.1,5/30/2026,5/30/2026 7:27,1780907343,30:34.2,light
Salome,29:03.1,5/30/2026,5/30/2026 7:28,1780907343,30:34.3,light
Salome,29:03.1,5/30/2026,5/30/2026 7:29,1780907343,30:34.5,light
Salome,29:03.1,5/30/2026,5/30/2026 9:53,1780907343,30:34.7,wake
Salome,29:03.1,5/30/2026,5/30/2026 9:54,1780907343,30:34.9,wake
Salome,29:03.1,5/30/2026,5/30/2026 9:55,1780907343,30:35.0,wake
Salome,29:03.1,5/30/2026,5/30/2026 9:56,1780907343,30:35.4,light
Salome,29:03.1,5/30/2026,5/30/2026 9:57,1780907343,30:35.5,light
Salome,29:03.1,5/30/2026,5/30/2026 9:58,1780907343,30:35.7,light
Salome,29:03.1,5/30/2026,5/30/2026 9:59,1780907343,30:35.9,light
Salome,29:03.1,5/30/2026,5/30/2026 10:00,1780907343,30:36.1,light
Salome,29:03.1,5/30/2026,5/30/2026 10:01,1780907343,30:36.3,light
Salome,29:03.1,5/30/2026,5/30/2026 10:02,1780907343,30:36.5,light
Salome,29:03.1,5/30/2026,5/30/2026 10:03,1780907343,30:36.7,light
Salome,29:03.1,5/30/2026,5/30/2026 10:04,1780907343,30:36.8,light
Salome,29:03.1,5/30/2026,5/30/2026 10:05,1780907343,30:37.0,light
Salome,29:03.1,5/30/2026,5/30/2026 10:06,1780907343,30:37.2,light
Salome,29:03.1,5/30/2026,5/30/2026 10:07,1780907343,30:37.4,light
Salome,29:03.1,5/30/2026,5/30/2026 10:08,1780907343,30:37.5,light
Salome,29:03.1,5/30/2026,5/30/2026 10:09,1780907343,30:37.7,light
Salome,29:03.1,5/30/2026,5/30/2026 10:10,1780907343,30:37.9,light
Salome,29:03.1,5/30/2026,5/30/2026 10:11,1780907343,30:38.1,deep
Salome,29:03.1,5/30/2026,5/30/2026 10:12,1780907343,30:38.3,deep
Salome,29:03.1,5/30/2026,5/30/2026 10:13,1780907343,30:38.5,deep
Salome,29:03.1,5/30/2026,5/30/2026 10:14,1780907343,30:38.7,light
Salome,29:03.1,5/30/2026,5/30/2026 10:15,1780907343,30:38.8,light
Salome,29:03.1,5/30/2026,5/30/2026 10:16,1780907343,30:39.1,light
Salome,29:03.1,5/30/2026,5/30/2026 10:17,1780907343,30:39.3,light
Salome,29:03.1,5/30/2026,5/30/2026 10:18,1780907343,30:39.5,light
Salome,29:03.1,5/30/2026,5/30/2026 10:19,1780907343,30:39.7,light
Salome,29:03.1,5/30/2026,5/30/2026 10:20,1780907343,30:39.8,deep
Salome,29:03.1,5/30/2026,5/30/2026 10:21,1780907343,30:40.0,deep
Salome,29:03.1,5/30/2026,5/30/2026 10:22,1780907343,30:40.9,deep
Salome,29:03.1,5/30/2026,5/30/2026 10:23,1780907343,30:41.0,deep
Salome,29:03.1,5/30/2026,5/30/2026 10:24,1780907343,30:41.2,deep
Salome,29:03.1,5/30/2026,5/30/2026 10:25,1780907343,30:41.5,deep
Salome,29:03.1,5/30/2026,5/30/2026 10:26,1780907343,30:41.7,deep
Salome,29:03.1,5/30/2026,5/30/2026 10:27,1780907343,30:41.8,deep
Salome,29:03.1,5/30/2026,5/30/2026 10:28,1780907343,30:42.1,deep
Salome,29:03.1,5/30/2026,5/30/2026 10:29,1780907343,30:42.3,deep
Salome,29:03.1,5/30/2026,5/30/2026 10:30,1780907343,30:42.4,deep
Salome,29:03.1,5/30/2026,5/30/2026 10:31,1780907343,30:42.6,deep
Salome,29:03.1,5/30/2026,5/30/2026 10:32,1780907343,30:42.8,deep
Salome,29:03.1,5/30/2026,5/30/2026 10:33,1780907343,30:43.0,deep
Salome,29:03.1,5/30/2026,5/30/2026 10:34,1780907343,30:43.2,deep
Salome,29:03.1,5/30/2026,5/30/2026 10:35,1780907343,30:43.3,deep
Salome,29:03.1,5/30/2026,5/30/2026 10:36,1780907343,30:43.5,deep
Salome,29:03.1,5/30/2026,5/30/2026 10:37,1780907343,30:43.7,deep
Salome,29:03.1,5/30/2026,5/30/2026 10:38,1780907343,30:43.9,deep
Salome,29:03.1,5/30/2026,5/30/2026 10:39,1780907343,30:44.0,deep
Salome,29:03.1,5/30/2026,5/30/2026 10:40,1780907343,30:44.2,deep
Salome,29:03.1,5/30/2026,5/30/2026 10:41,1780907343,30:44.4,deep
Salome,29:03.1,5/30/2026,5/30/2026 10:42,1780907343,30:44.9,light
Salome,29:03.1,5/30/2026,5/30/2026 10:43,1780907343,30:45.1,light
Salome,29:03.1,5/30/2026,5/30/2026 10:44,1780907343,30:45.3,light
Salome,29:03.1,5/30/2026,5/30/2026 10:45,1780907343,30:45.4,light
Salome,29:03.1,5/30/2026,5/30/2026 10:46,1780907343,30:45.6,light
Salome,29:03.1,5/30/2026,5/30/2026 10:47,1780907343,30:45.8,light
Salome,29:03.1,5/30/2026,5/30/2026 10:48,1780907343,30:46.0,rem
Salome,29:03.1,5/30/2026,5/30/2026 10:49,1780907343,30:47.0,rem
Salome,29:03.1,5/30/2026,5/30/2026 10:50,1780907343,30:47.2,rem
Salome,29:03.1,5/30/2026,5/30/2026 10:51,1780907343,30:47.4,rem
Salome,29:03.1,5/30/2026,5/30/2026 10:52,1780907343,30:47.6,rem
Salome,29:03.1,5/30/2026,5/30/2026 10:53,1780907343,30:47.8,rem
Salome,29:03.1,5/30/2026,5/30/2026 10:54,1780907343,30:48.0,rem
Salome,29:03.1,5/30/2026,5/30/2026 10:55,1780907343,30:48.2,rem
Salome,29:03.1,5/30/2026,5/30/2026 10:56,1780907343,30:48.4,rem
Salome,29:03.1,5/30/2026,5/30/2026 10:57,1780907343,30:48.5,rem
Salome,29:03.1,5/30/2026,5/30/2026 10:58,1780907343,30:48.8,rem
Salome,29:03.1,5/30/2026,5/30/2026 10:59,1780907343,30:49.0,rem
Salome,29:03.1,5/30/2026,5/30/2026 11:00,1780907343,30:49.7,rem
Salome,29:03.1,5/30/2026,5/30/2026 11:01,1780907343,30:49.9,rem
Salome,29:03.1,5/30/2026,5/30/2026 11:02,1780907343,30:50.1,rem
Salome,29:03.1,5/30/2026,5/30/2026 11:03,1780907343,30:50.4,rem
Salome,29:03.1,5/30/2026,5/30/2026 11:04,1780907343,30:50.7,rem
Salome,29:03.1,5/30/2026,5/30/2026 11:05,1780907343,30:51.3,rem
Salome,29:03.1,5/30/2026,5/30/2026 11:06,1780907343,30:51.5,rem
Salome,29:03.1,5/30/2026,5/30/2026 11:07,1780907343,30:51.7,rem
Salome,29:03.1,5/30/2026,5/30/2026 11:08,1780907343,30:52.3,rem
Salome,29:03.1,5/30/2026,5/30/2026 11:09,1780907343,30:52.5,light
Salome,29:03.1,5/30/2026,5/30/2026 11:10,1780907343,30:52.6,light
Salome,29:03.1,5/30/2026,5/30/2026 11:11,1780907343,30:53.0,light
Salome,29:03.1,5/30/2026,5/30/2026 11:12,1780907343,30:53.4,light
Salome,29:03.1,5/30/2026,5/30/2026 11:13,1780907343,30:53.6,light
Salome,29:03.1,5/30/2026,5/30/2026 11:14,1780907343,30:53.8,light
Salome,29:03.1,5/30/2026,5/30/2026 11:15,1780907343,30:54.4,light
Salome,29:03.1,5/30/2026,5/30/2026 11:16,1780907343,30:54.6,light
Salome,29:03.1,5/30/2026,5/30/2026 11:17,1780907343,30:54.8,light
Salome,29:03.1,5/30/2026,5/30/2026 11:18,1780907343,30:54.9,light
Salome,29:03.1,5/30/2026,5/30/2026 11:19,1780907343,30:55.5,light
Salome,29:03.1,5/30/2026,5/30/2026 11:20,1780907343,30:55.7,light
Salome,29:03.1,5/30/2026,5/30/2026 11:21,1780907343,30:55.9,light
Salome,29:03.1,5/30/2026,5/30/2026 11:22,1780907343,30:56.1,light
Salome,29:03.1,5/30/2026,5/30/2026 11:23,1780907343,30:56.2,light
Salome,29:03.1,5/30/2026,5/30/2026 11:24,1780907343,30:57.0,light
Salome,29:03.1,5/30/2026,5/30/2026 11:25,1780907343,30:57.2,light
Salome,29:03.1,5/30/2026,5/30/2026 11:26,1780907343,30:57.4,light
Salome,29:03.1,5/30/2026,5/30/2026 11:27,1780907343,30:57.5,light
Salome,29:03.1,5/30/2026,5/30/2026 11:28,1780907343,30:57.7,light
Salome,29:03.1,5/30/2026,5/30/2026 11:29,1780907343,30:57.9,light
Salome,29:03.1,5/30/2026,5/30/2026 11:30,1780907343,30:58.1,light
Salome,29:03.1,5/30/2026,5/30/2026 11:31,1780907343,30:58.3,deep
Salome,29:03.1,5/30/2026,5/30/2026 11:32,1780907343,30:58.5,deep
Salome,29:03.1,5/30/2026,5/30/2026 11:33,1780907343,30:59.1,deep
Salome,29:03.1,5/30/2026,5/30/2026 11:34,1780907343,30:59.3,deep
Salome,29:03.1,5/30/2026,5/30/2026 11:35,1780907343,30:59.5,deep
Salome,29:03.1,5/30/2026,5/30/2026 11:36,1780907343,30:59.7,deep
Salome,29:03.1,5/30/2026,5/30/2026 11:37,1780907343,30:59.9,deep
Salome,29:03.1,5/30/2026,5/30/2026 11:38,1780907343,31:00.1,deep
Salome,29:03.1,5/30/2026,5/30/2026 11:39,1780907343,31:00.3,deep
Salome,29:03.1,5/30/2026,5/30/2026 11:40,1780907343,31:00.5,deep
Salome,29:03.1,5/30/2026,5/30/2026 11:41,1780907343,31:00.7,deep
Salome,29:03.1,5/30/2026,5/30/2026 11:42,1780907343,31:00.9,deep
Salome,29:03.1,5/30/2026,5/30/2026 11:43,1780907343,31:01.2,deep
Salome,29:03.1,5/30/2026,5/30/2026 11:44,1780907343,31:01.4,deep
Salome,29:03.1,5/30/2026,5/30/2026 11:45,1780907343,31:01.6,deep
Salome,29:03.1,5/30/2026,5/30/2026 11:46,1780907343,31:01.8,deep
Salome,29:03.1,5/30/2026,5/30/2026 11:47,1780907343,31:02.0,deep
Salome,29:03.1,5/30/2026,5/30/2026 11:48,1780907343,31:02.2,deep
Salome,29:03.1,5/30/2026,5/30/2026 11:49,1780907343,31:02.4,deep
Salome,29:03.1,5/30/2026,5/30/2026 11:50,1780907343,31:02.6,deep
Salome,29:03.1,5/30/2026,5/30/2026 11:51,1780907343,31:02.8,deep
Salome,29:03.1,5/30/2026,5/30/2026 11:52,1780907343,31:03.0,deep
Salome,29:03.1,5/30/2026,5/30/2026 11:53,1780907343,31:03.2,deep
Salome,29:03.1,5/30/2026,5/30/2026 11:54,1780907343,31:03.4,deep
Salome,29:03.1,5/30/2026,5/30/2026 11:55,1780907343,31:03.6,deep
Salome,29:03.1,5/30/2026,5/30/2026 11:56,1780907343,31:03.8,deep
Salome,29:03.1,5/30/2026,5/30/2026 11:57,1780907343,31:04.0,deep
Salome,29:03.1,5/30/2026,5/30/2026 11:58,1780907343,31:04.2,deep
Salome,29:03.1,5/30/2026,5/30/2026 11:59,1780907343,31:04.3,deep
Salome,29:03.1,5/30/2026,5/30/2026 12:00,1780907343,31:04.5,deep
Salome,29:03.1,5/30/2026,5/30/2026 12:01,1780907343,31:04.7,light
Salome,29:03.1,5/30/2026,5/30/2026 12:02,1780907343,31:04.9,light
Salome,29:03.1,5/30/2026,5/30/2026 12:03,1780907343,31:05.1,light
Salome,29:03.1,5/30/2026,5/30/2026 12:04,1780907343,31:05.3,light
Salome,29:03.1,5/30/2026,5/30/2026 12:05,1780907343,31:05.5,light
Salome,29:03.1,5/30/2026,5/30/2026 12:06,1780907343,31:05.6,light
Salome,29:03.1,5/30/2026,5/30/2026 12:07,1780907343,31:05.8,light
Salome,29:03.1,5/30/2026,5/30/2026 12:08,1780907343,31:06.0,light
Salome,29:03.1,5/30/2026,5/30/2026 12:09,1780907343,31:06.2,light
Salome,29:03.1,5/30/2026,5/30/2026 12:10,1780907343,31:06.4,light
Salome,29:03.1,5/30/2026,5/30/2026 12:11,1780907343,31:06.8,light
Salome,29:03.1,5/30/2026,5/30/2026 12:12,1780907343,31:07.3,light
Salome,29:03.1,5/30/2026,5/30/2026 12:13,1780907343,31:07.5,rem
Salome,29:03.1,5/30/2026,5/30/2026 12:14,1780907343,31:07.6,rem
Salome,29:03.1,5/30/2026,5/30/2026 12:15,1780907343,31:07.8,rem
Salome,29:03.1,5/30/2026,5/30/2026 12:16,1780907343,31:08.8,rem
Salome,29:03.1,5/30/2026,5/30/2026 12:17,1780907343,31:09.0,rem
Salome,29:03.1,5/30/2026,5/30/2026 12:18,1780907343,31:09.2,rem
Salome,29:03.1,5/30/2026,5/30/2026 12:19,1780907343,31:09.3,rem
Salome,29:03.1,5/30/2026,5/30/2026 12:20,1780907343,31:09.5,rem
Salome,29:03.1,5/30/2026,5/30/2026 12:21,1780907343,31:09.7,rem
Salome,29:03.1,5/30/2026,5/30/2026 12:22,1780907343,31:09.9,rem
Salome,29:03.1,5/30/2026,5/30/2026 12:23,1780907343,31:10.1,rem
Salome,29:03.1,5/30/2026,5/30/2026 12:24,1780907343,31:10.3,light
Salome,29:03.1,5/30/2026,5/30/2026 12:25,1780907343,31:10.4,light
Salome,29:03.1,5/30/2026,5/30/2026 12:26,1780907343,31:10.6,light
Salome,29:03.1,5/30/2026,5/30/2026 12:27,1780907343,31:10.8,light
Salome,29:03.1,5/30/2026,5/30/2026 12:28,1780907343,31:11.0,light
Salome,29:03.1,5/30/2026,5/30/2026 12:29,1780907343,31:11.2,rem
Salome,29:03.1,5/30/2026,5/30/2026 12:30,1780907343,31:11.4,rem
Salome,29:03.1,5/30/2026,5/30/2026 12:31,1780907343,31:11.6,rem
Salome,29:03.1,5/30/2026,5/30/2026 12:32,1780907343,31:11.8,rem
Salome,29:03.1,5/30/2026,5/30/2026 12:33,1780907343,31:11.9,rem
Salome,29:03.1,5/30/2026,5/30/2026 12:34,1780907343,31:12.1,rem
Salome,29:03.1,5/30/2026,5/30/2026 12:35,1780907343,31:12.3,rem
Salome,29:03.1,5/30/2026,5/30/2026 12:36,1780907343,31:12.5,rem
Salome,29:03.1,5/30/2026,5/30/2026 12:37,1780907343,31:12.8,rem
Salome,29:03.1,5/30/2026,5/30/2026 12:38,1780907343,31:13.0,rem
Salome,29:03.1,5/30/2026,5/30/2026 12:39,1780907343,31:13.1,rem
Salome,29:03.1,5/30/2026,5/30/2026 12:40,1780907343,31:13.3,rem
Salome,29:03.1,5/30/2026,5/30/2026 12:41,1780907343,31:13.5,rem
Salome,29:03.1,5/30/2026,5/30/2026 12:42,1780907343,31:13.7,rem
Salome,29:03.1,5/30/2026,5/30/2026 12:43,1780907343,31:13.9,rem
Salome,29:03.1,5/30/2026,5/30/2026 12:44,1780907343,31:14.1,rem
Salome,29:03.1,5/30/2026,5/30/2026 12:45,1780907343,31:14.3,rem
Salome,29:03.1,5/30/2026,5/30/2026 12:46,1780907343,31:14.8,rem
Salome,29:03.1,5/30/2026,5/30/2026 12:47,1780907343,31:15.0,rem
Salome,29:03.1,5/30/2026,5/30/2026 12:48,1780907343,31:15.2,rem
Salome,29:03.1,5/30/2026,5/30/2026 12:49,1780907343,31:15.4,rem
Salome,29:03.1,5/30/2026,5/30/2026 12:50,1780907343,31:15.5,rem
Salome,29:03.1,5/30/2026,5/30/2026 12:51,1780907343,31:15.7,rem
Salome,29:03.1,5/30/2026,5/30/2026 12:52,1780907343,31:16.0,light
Salome,29:03.1,5/30/2026,5/30/2026 12:53,1780907343,31:16.1,light
Salome,29:03.1,5/30/2026,5/30/2026 12:54,1780907343,31:16.3,light
Salome,29:03.1,5/30/2026,5/30/2026 12:55,1780907343,31:16.5,light
Salome,29:03.1,5/30/2026,5/30/2026 12:56,1780907343,31:16.6,light
Salome,29:03.1,5/30/2026,5/30/2026 12:57,1780907343,31:16.8,light
Salome,29:03.1,5/30/2026,5/30/2026 12:58,1780907343,31:17.1,light
Salome,29:03.1,5/30/2026,5/30/2026 12:59,1780907343,31:17.3,light
Salome,29:03.1,5/30/2026,5/30/2026 13:00,1780907343,31:17.5,light
Salome,29:03.1,5/30/2026,5/30/2026 13:01,1780907343,31:17.7,light
Salome,29:03.1,5/30/2026,5/30/2026 13:02,1780907343,31:17.9,light
Salome,29:03.1,5/30/2026,5/30/2026 13:03,1780907343,31:18.1,light
Salome,29:03.1,5/30/2026,5/30/2026 13:04,1780907343,31:18.6,light
Salome,29:03.1,5/30/2026,5/30/2026 13:05,1780907343,31:18.8,light
Salome,29:03.1,5/30/2026,5/30/2026 13:06,1780907343,31:19.0,light
Salome,29:03.1,5/30/2026,5/30/2026 13:07,1780907343,31:19.2,light
Salome,29:03.1,5/30/2026,5/30/2026 13:08,1780907343,31:20.2,light
Salome,29:03.1,5/30/2026,5/30/2026 13:09,1780907343,31:20.4,light
Salome,29:03.1,5/30/2026,5/30/2026 13:10,1780907343,31:20.6,light
Salome,29:03.1,5/30/2026,5/30/2026 13:11,1780907343,31:20.8,light
Salome,29:03.1,5/30/2026,5/30/2026 13:12,1780907343,31:21.0,light
Salome,29:03.1,5/30/2026,5/30/2026 13:13,1780907343,31:21.1,light
Salome,29:03.1,5/30/2026,5/30/2026 13:14,1780907343,31:21.3,light
Salome,29:03.1,5/30/2026,5/30/2026 13:15,1780907343,31:21.5,light
Salome,29:03.1,5/30/2026,5/30/2026 13:16,1780907343,31:21.7,light
Salome,29:03.1,5/30/2026,5/30/2026 13:17,1780907343,31:22.1,light
Salome,29:03.1,5/30/2026,5/30/2026 13:18,1780907343,31:22.3,light
Salome,29:03.1,5/30/2026,5/30/2026 13:19,1780907343,31:22.5,light
Salome,29:03.1,5/30/2026,5/30/2026 13:20,1780907343,31:22.7,light
Salome,29:03.1,5/30/2026,5/30/2026 13:21,1780907343,31:24.2,light
Salome,29:03.1,5/30/2026,5/30/2026 13:22,1780907343,31:25.0,light
Salome,29:03.1,5/30/2026,5/30/2026 13:23,1780907343,31:25.2,light
Salome,29:03.1,5/30/2026,5/30/2026 13:24,1780907343,31:25.4,light
Salome,29:03.1,5/30/2026,5/30/2026 13:25,1780907343,31:25.5,light
Salome,29:03.1,5/30/2026,5/30/2026 13:26,1780907343,31:25.7,light
Salome,29:03.1,5/30/2026,5/30/2026 13:27,1780907343,31:25.9,light
Salome,29:03.1,5/30/2026,5/30/2026 13:28,1780907343,31:26.1,light
Salome,29:03.1,5/30/2026,5/30/2026 13:29,1780907343,31:26.3,light
Salome,29:03.1,5/30/2026,5/30/2026 13:30,1780907343,31:26.4,light
Salome,29:03.1,5/30/2026,5/30/2026 13:31,1780907343,31:26.6,light
Salome,29:03.1,5/30/2026,5/30/2026 13:32,1780907343,31:26.8,light
Salome,29:03.1,5/30/2026,5/30/2026 13:33,1780907343,31:27.1,light
Salome,29:03.1,5/30/2026,5/30/2026 13:34,1780907343,31:27.2,light
Salome,29:03.1,5/30/2026,5/30/2026 13:35,1780907343,31:27.4,light
Salome,29:03.1,5/30/2026,5/30/2026 13:36,1780907343,31:27.6,light
Salome,29:03.1,5/30/2026,5/30/2026 13:37,1780907343,31:27.7,light
Salome,29:03.1,5/30/2026,5/30/2026 13:38,1780907343,31:27.9,light
Salome,29:03.1,5/30/2026,5/30/2026 13:39,1780907343,31:28.1,light
Salome,29:03.1,5/30/2026,5/30/2026 13:40,1780907343,31:28.3,light
Salome,29:03.1,5/30/2026,5/30/2026 13:41,1780907343,31:28.4,light
Salome,29:03.1,5/30/2026,5/30/2026 13:42,1780907343,31:28.8,light
Salome,29:03.1,5/30/2026,5/30/2026 13:43,1780907343,6/8/2026 4:31,light
Salome,29:03.1,5/30/2026,5/30/2026 13:44,1780907343,31:29.2,light
Salome,29:03.1,5/30/2026,5/30/2026 13:45,1780907343,31:29.3,light
Salome,29:03.1,5/30/2026,5/30/2026 13:46,1780907343,31:29.5,light
Salome,29:03.1,5/30/2026,5/30/2026 13:47,1780907343,31:29.7,light
Salome,29:03.1,5/30/2026,5/30/2026 13:48,1780907343,31:29.8,light
Salome,29:03.1,5/30/2026,5/30/2026 13:49,1780907343,31:30.0,light
Salome,29:03.1,5/30/2026,5/30/2026 13:50,1780907343,31:30.2,light
Salome,29:03.1,5/30/2026,5/30/2026 13:51,1780907343,31:30.3,light
Salome,29:03.1,5/30/2026,5/30/2026 13:52,1780907343,31:30.5,light
Salome,29:03.1,5/30/2026,5/30/2026 13:53,1780907343,31:30.7,light
Salome,29:03.1,5/30/2026,5/30/2026 13:54,1780907343,31:31.1,light
Salome,29:03.1,5/30/2026,5/30/2026 13:55,1780907343,31:31.2,light
Salome,29:03.1,5/30/2026,5/30/2026 13:56,1780907343,31:31.4,light
Salome,29:03.1,5/30/2026,5/30/2026 13:57,1780907343,31:31.8,light
Salome,29:03.1,5/30/2026,5/30/2026 13:58,1780907343,31:32.0,light
Salome,29:03.1,5/30/2026,5/30/2026 13:59,1780907343,31:32.2,light
Salome,29:03.1,5/30/2026,5/30/2026 14:00,1780907343,31:32.4,light
Salome,29:03.1,5/30/2026,5/30/2026 14:01,1780907343,31:32.6,light
Salome,29:03.1,5/30/2026,5/30/2026 14:02,1780907343,31:32.8,light
Salome,29:03.1,5/30/2026,5/30/2026 14:03,1780907343,31:32.9,light
Salome,29:03.1,5/30/2026,5/30/2026 14:04,1780907343,31:33.1,light
Salome,29:03.1,5/30/2026,5/30/2026 14:05,1780907343,31:33.3,light
Salome,29:03.1,5/30/2026,5/30/2026 14:06,1780907343,31:33.4,light
Salome,29:03.1,5/30/2026,5/30/2026 14:07,1780907343,31:33.9,light
Salome,29:03.1,5/30/2026,5/30/2026 14:08,1780907343,31:34.2,rem
Salome,29:03.1,5/30/2026,5/30/2026 14:09,1780907343,31:34.3,rem
Salome,29:03.1,5/30/2026,5/30/2026 14:10,1780907343,31:34.5,rem
Salome,29:03.1,5/30/2026,5/30/2026 14:11,1780907343,31:34.7,rem
Salome,29:03.1,5/30/2026,5/30/2026 14:12,1780907343,31:34.9,rem
Salome,29:03.1,5/30/2026,5/30/2026 14:13,1780907343,31:35.0,rem
Salome,29:03.1,5/30/2026,5/30/2026 14:14,1780907343,31:35.7,rem
Salome,29:03.1,5/30/2026,5/30/2026 14:15,1780907343,31:35.9,rem
Salome,29:03.1,5/30/2026,5/30/2026 14:16,1780907343,31:38.0,rem
Salome,29:03.1,5/30/2026,5/30/2026 14:17,1780907343,31:38.3,rem
Salome,29:03.1,5/30/2026,5/30/2026 14:18,1780907343,31:38.5,rem
Salome,29:03.1,5/30/2026,5/30/2026 14:19,1780907343,31:38.7,rem
Salome,29:03.1,5/30/2026,5/30/2026 14:20,1780907343,31:38.8,rem
Salome,29:03.1,5/30/2026,5/30/2026 14:21,1780907343,31:39.0,rem
Salome,29:03.1,5/30/2026,5/30/2026 14:22,1780907343,31:39.3,rem
Salome,29:03.1,5/30/2026,5/30/2026 14:23,1780907343,31:39.4,rem
Salome,29:03.1,5/30/2026,5/30/2026 14:24,1780907343,31:39.6,rem
Salome,29:03.1,5/30/2026,5/30/2026 14:25,1780907343,31:39.8,rem
Salome,29:03.1,5/30/2026,5/30/2026 14:26,1780907343,31:40.0,rem
Salome,29:03.1,5/30/2026,5/30/2026 14:27,1780907343,31:40.2,rem
Salome,29:03.1,5/30/2026,5/30/2026 14:28,1780907343,31:40.3,rem
Salome,29:03.1,5/30/2026,5/30/2026 14:29,1780907343,31:40.5,rem
Salome,29:03.1,5/30/2026,5/30/2026 14:30,1780907343,31:40.7,rem
Salome,29:03.1,5/30/2026,5/30/2026 14:31,1780907343,31:40.9,rem
Salome,29:03.1,5/30/2026,5/30/2026 14:32,1780907343,31:41.1,rem
Salome,29:03.1,5/30/2026,5/30/2026 14:33,1780907343,31:41.6,rem
Salome,29:03.1,5/30/2026,5/30/2026 14:34,1780907343,31:41.8,rem
Salome,29:03.1,5/30/2026,5/30/2026 14:35,1780907343,31:42.0,rem
Salome,29:03.1,5/30/2026,5/30/2026 14:36,1780907343,31:42.2,rem
Salome,29:03.1,5/30/2026,5/30/2026 14:37,1780907343,31:42.4,rem
Salome,29:03.1,5/30/2026,5/30/2026 14:38,1780907343,31:42.5,rem
Salome,29:03.1,5/30/2026,5/30/2026 14:39,1780907343,31:42.7,rem
Salome,32:50.2,5/31/2026,5/31/2026 4:25,1780968771,32:51.4,wake
Salome,32:50.2,5/31/2026,5/31/2026 4:26,1780968771,32:52.2,wake
Salome,32:50.2,5/31/2026,5/31/2026 4:27,1780968771,32:52.4,wake
Salome,32:50.2,5/31/2026,5/31/2026 4:28,1780968771,32:52.6,wake
Salome,32:50.2,5/31/2026,5/31/2026 4:29,1780968771,32:52.8,wake
Salome,32:50.2,5/31/2026,5/31/2026 4:30,1780968771,32:52.9,wake
Salome,32:50.2,5/31/2026,5/31/2026 4:31,1780968771,32:53.1,wake
Salome,32:50.2,5/31/2026,5/31/2026 4:32,1780968771,32:53.3,wake
Salome,32:50.2,5/31/2026,5/31/2026 4:33,1780968771,32:53.7,wake
Salome,32:50.2,5/31/2026,5/31/2026 4:34,1780968771,32:53.8,light
Salome,32:50.2,5/31/2026,5/31/2026 4:35,1780968771,32:54.0,light
Salome,32:50.2,5/31/2026,5/31/2026 4:36,1780968771,32:54.1,light
Salome,32:50.2,5/31/2026,5/31/2026 4:37,1780968771,32:54.3,light
Salome,32:50.2,5/31/2026,5/31/2026 4:38,1780968771,32:54.5,light
Salome,32:50.2,5/31/2026,5/31/2026 4:39,1780968771,32:54.6,light
Salome,32:50.2,5/31/2026,5/31/2026 4:40,1780968771,32:54.8,light
Salome,32:50.2,5/31/2026,5/31/2026 4:41,1780968771,32:54.9,light
Salome,32:50.2,5/31/2026,5/31/2026 4:42,1780968771,32:55.1,light
Salome,32:50.2,5/31/2026,5/31/2026 4:43,1780968771,32:55.3,light
Salome,32:50.2,5/31/2026,5/31/2026 4:44,1780968771,32:55.5,light
Salome,32:50.2,5/31/2026,5/31/2026 4:45,1780968771,32:55.7,light
Salome,32:50.2,5/31/2026,5/31/2026 4:46,1780968771,32:55.9,light
Salome,32:50.2,5/31/2026,5/31/2026 4:47,1780968771,32:56.0,light
Salome,32:50.2,5/31/2026,5/31/2026 4:48,1780968771,32:56.2,light
Salome,32:50.2,5/31/2026,5/31/2026 4:49,1780968771,32:56.3,light
Salome,32:50.2,5/31/2026,5/31/2026 4:50,1780968771,32:56.6,light
Salome,32:50.2,5/31/2026,5/31/2026 4:51,1780968771,32:56.9,light
Salome,32:50.2,5/31/2026,5/31/2026 4:52,1780968771,32:57.2,light
Salome,32:50.2,5/31/2026,5/31/2026 4:53,1780968771,32:57.4,light
Salome,32:50.2,5/31/2026,5/31/2026 4:54,1780968771,32:57.5,light
Salome,32:50.2,5/31/2026,5/31/2026 4:55,1780968771,32:57.7,light
Salome,32:50.2,5/31/2026,5/31/2026 4:56,1780968771,32:57.9,light
Salome,32:50.2,5/31/2026,5/31/2026 4:57,1780968771,32:58.1,light
Salome,32:50.2,5/31/2026,5/31/2026 4:58,1780968771,32:58.2,light
Salome,32:50.2,5/31/2026,5/31/2026 4:59,1780968771,32:58.6,light
Salome,32:50.2,5/31/2026,5/31/2026 5:00,1780968771,32:58.8,light
Salome,32:50.2,5/31/2026,5/31/2026 5:01,1780968771,32:59.4,light
Salome,32:50.2,5/31/2026,5/31/2026 5:02,1780968771,32:59.5,deep
Salome,32:50.2,5/31/2026,5/31/2026 5:03,1780968771,32:59.7,deep
Salome,32:50.2,5/31/2026,5/31/2026 5:04,1780968771,32:59.9,deep
Salome,32:50.2,5/31/2026,5/31/2026 5:05,1780968771,33:00.1,deep
Salome,32:50.2,5/31/2026,5/31/2026 5:06,1780968771,33:00.2,deep
Salome,32:50.2,5/31/2026,5/31/2026 5:07,1780968771,33:00.4,deep
Salome,32:50.2,5/31/2026,5/31/2026 5:08,1780968771,33:00.6,deep
Salome,32:50.2,5/31/2026,5/31/2026 5:09,1780968771,33:00.8,deep
Salome,32:50.2,5/31/2026,5/31/2026 5:10,1780968771,33:00.9,deep
Salome,32:50.2,5/31/2026,5/31/2026 5:11,1780968771,33:01.1,deep
Salome,32:50.2,5/31/2026,5/31/2026 5:12,1780968771,33:01.2,deep
Salome,32:50.2,5/31/2026,5/31/2026 5:13,1780968771,33:01.4,deep
Salome,32:50.2,5/31/2026,5/31/2026 5:14,1780968771,33:01.6,deep
Salome,32:50.2,5/31/2026,5/31/2026 5:15,1780968771,33:01.7,deep
Salome,32:50.2,5/31/2026,5/31/2026 5:16,1780968771,33:01.9,deep
Salome,32:50.2,5/31/2026,5/31/2026 5:17,1780968771,33:02.1,deep
Salome,32:50.2,5/31/2026,5/31/2026 5:18,1780968771,33:02.2,deep
Salome,32:50.2,5/31/2026,5/31/2026 5:19,1780968771,33:02.4,deep
Salome,32:50.2,5/31/2026,5/31/2026 5:20,1780968771,33:02.6,deep
Salome,32:50.2,5/31/2026,5/31/2026 5:21,1780968771,33:02.7,deep
Salome,32:50.2,5/31/2026,5/31/2026 5:22,1780968771,33:02.9,light
Salome,32:50.2,5/31/2026,5/31/2026 5:23,1780968771,33:03.1,light
Salome,32:50.2,5/31/2026,5/31/2026 5:24,1780968771,33:03.2,light
Salome,32:50.2,5/31/2026,5/31/2026 5:25,1780968771,33:03.4,light
Salome,32:50.2,5/31/2026,5/31/2026 5:26,1780968771,33:04.4,light
Salome,32:50.2,5/31/2026,5/31/2026 5:27,1780968771,33:04.7,light
Salome,32:50.2,5/31/2026,5/31/2026 5:28,1780968771,33:04.9,light
Salome,32:50.2,5/31/2026,5/31/2026 5:29,1780968771,33:05.1,light
Salome,32:50.2,5/31/2026,5/31/2026 5:30,1780968771,33:05.3,light
Salome,32:50.2,5/31/2026,5/31/2026 5:31,1780968771,33:05.5,deep
Salome,32:50.2,5/31/2026,5/31/2026 5:32,1780968771,33:05.6,deep
Salome,32:50.2,5/31/2026,5/31/2026 5:33,1780968771,33:05.8,deep
Salome,32:50.2,5/31/2026,5/31/2026 5:34,1780968771,33:05.9,deep
Salome,32:50.2,5/31/2026,5/31/2026 5:35,1780968771,33:06.1,deep
Salome,32:50.2,5/31/2026,5/31/2026 5:36,1780968771,33:06.3,deep
Salome,32:50.2,5/31/2026,5/31/2026 5:37,1780968771,33:06.4,deep
Salome,32:50.2,5/31/2026,5/31/2026 5:38,1780968771,33:06.6,deep
Salome,32:50.2,5/31/2026,5/31/2026 5:39,1780968771,33:06.8,rem
Salome,32:50.2,5/31/2026,5/31/2026 5:40,1780968771,33:07.0,rem
Salome,32:50.2,5/31/2026,5/31/2026 5:41,1780968771,33:07.2,rem
Salome,32:50.2,5/31/2026,5/31/2026 5:42,1780968771,33:07.4,rem
Salome,32:50.2,5/31/2026,5/31/2026 5:43,1780968771,33:08.0,rem
Salome,32:50.2,5/31/2026,5/31/2026 5:44,1780968771,33:08.2,rem
Salome,32:50.2,5/31/2026,5/31/2026 5:45,1780968771,33:08.4,rem
Salome,32:50.2,5/31/2026,5/31/2026 5:46,1780968771,33:08.6,rem
Salome,32:50.2,5/31/2026,5/31/2026 5:47,1780968771,33:09.3,rem
Salome,32:50.2,5/31/2026,5/31/2026 5:48,1780968771,33:10.4,rem
Salome,32:50.2,5/31/2026,5/31/2026 5:49,1780968771,33:10.6,rem
Salome,32:50.2,5/31/2026,5/31/2026 5:50,1780968771,33:10.8,rem
Salome,32:50.2,5/31/2026,5/31/2026 5:51,1780968771,33:12.1,rem
Salome,32:50.2,5/31/2026,5/31/2026 5:52,1780968771,33:12.3,rem
Salome,32:50.2,5/31/2026,5/31/2026 5:53,1780968771,33:12.5,rem
Salome,32:50.2,5/31/2026,5/31/2026 5:54,1780968771,33:12.7,rem
Salome,32:50.2,5/31/2026,5/31/2026 5:55,1780968771,33:12.9,rem
Salome,32:50.2,5/31/2026,5/31/2026 5:56,1780968771,33:13.1,rem
Salome,32:50.2,5/31/2026,5/31/2026 5:57,1780968771,33:13.3,rem
Salome,32:50.2,5/31/2026,5/31/2026 5:58,1780968771,33:13.5,rem
Salome,32:50.2,5/31/2026,5/31/2026 5:59,1780968771,33:13.7,rem
Salome,32:50.2,5/31/2026,5/31/2026 6:00,1780968771,33:13.9,rem
Salome,32:50.2,5/31/2026,5/31/2026 6:01,1780968771,33:14.1,rem
Salome,32:50.2,5/31/2026,5/31/2026 6:02,1780968771,33:14.2,rem
Salome,32:50.2,5/31/2026,5/31/2026 6:03,1780968771,33:14.4,rem
Salome,32:50.2,5/31/2026,5/31/2026 6:04,1780968771,33:14.5,rem
Salome,32:50.2,5/31/2026,5/31/2026 6:05,1780968771,33:15.1,rem
Salome,32:50.2,5/31/2026,5/31/2026 6:06,1780968771,33:15.2,rem
Salome,32:50.2,5/31/2026,5/31/2026 6:07,1780968771,33:15.4,rem
Salome,32:50.2,5/31/2026,5/31/2026 6:08,1780968771,33:15.6,rem
Salome,32:50.2,5/31/2026,5/31/2026 6:09,1780968771,33:15.8,rem
Salome,32:50.2,5/31/2026,5/31/2026 6:10,1780968771,33:15.9,rem
Salome,32:50.2,5/31/2026,5/31/2026 6:11,1780968771,33:16.1,rem
Salome,32:50.2,5/31/2026,5/31/2026 6:12,1780968771,33:16.4,rem
Salome,32:50.2,5/31/2026,5/31/2026 6:13,1780968771,33:16.8,rem
Salome,32:50.2,5/31/2026,5/31/2026 6:14,1780968771,33:16.9,rem
Salome,32:50.2,5/31/2026,5/31/2026 6:15,1780968771,33:17.1,rem
Salome,32:50.2,5/31/2026,5/31/2026 6:16,1780968771,33:17.3,rem
Salome,32:50.2,5/31/2026,5/31/2026 6:17,1780968771,33:17.4,rem
Salome,32:50.2,5/31/2026,5/31/2026 6:18,1780968771,33:17.6,rem
Salome,32:50.2,5/31/2026,5/31/2026 6:19,1780968771,33:17.8,rem
Salome,32:50.2,5/31/2026,5/31/2026 6:20,1780968771,33:17.9,rem
Salome,32:50.2,5/31/2026,5/31/2026 6:21,1780968771,33:18.1,light
Salome,32:50.2,5/31/2026,5/31/2026 6:22,1780968771,33:18.2,light
Salome,32:50.2,5/31/2026,5/31/2026 6:23,1780968771,33:18.5,light
Salome,32:50.2,5/31/2026,5/31/2026 6:24,1780968771,33:18.7,light
Salome,32:50.2,5/31/2026,5/31/2026 6:25,1780968771,33:18.8,light
Salome,32:50.2,5/31/2026,5/31/2026 6:26,1780968771,33:19.0,light
Salome,32:50.2,5/31/2026,5/31/2026 6:27,1780968771,33:19.1,light
Salome,32:50.2,5/31/2026,5/31/2026 6:28,1780968771,33:19.6,light
Salome,32:50.2,5/31/2026,5/31/2026 6:29,1780968771,33:19.8,light
Salome,32:50.2,5/31/2026,5/31/2026 6:30,1780968771,33:20.0,light
Salome,32:50.2,5/31/2026,5/31/2026 6:31,1780968771,33:20.2,light
Salome,32:50.2,5/31/2026,5/31/2026 6:32,1780968771,33:20.3,light
Salome,32:50.2,5/31/2026,5/31/2026 6:33,1780968771,33:20.5,deep
Salome,32:50.2,5/31/2026,5/31/2026 6:34,1780968771,33:20.7,deep
Salome,32:50.2,5/31/2026,5/31/2026 6:35,1780968771,33:20.9,deep
Salome,32:50.2,5/31/2026,5/31/2026 6:36,1780968771,33:21.0,deep
Salome,32:50.2,5/31/2026,5/31/2026 6:37,1780968771,33:21.5,deep
Salome,32:50.2,5/31/2026,5/31/2026 6:38,1780968771,33:21.6,deep
Salome,32:50.2,5/31/2026,5/31/2026 6:39,1780968771,33:21.8,deep
Salome,32:50.2,5/31/2026,5/31/2026 6:40,1780968771,33:21.9,deep
Salome,32:50.2,5/31/2026,5/31/2026 6:41,1780968771,33:22.1,deep
Salome,32:50.2,5/31/2026,5/31/2026 6:42,1780968771,33:22.2,deep
Salome,32:50.2,5/31/2026,5/31/2026 6:43,1780968771,33:22.4,deep
Salome,32:50.2,5/31/2026,5/31/2026 6:44,1780968771,33:22.6,deep
Salome,32:50.2,5/31/2026,5/31/2026 6:45,1780968771,33:22.8,deep
Salome,32:50.2,5/31/2026,5/31/2026 6:46,1780968771,33:22.9,light
Salome,32:50.2,5/31/2026,5/31/2026 6:47,1780968771,33:23.1,light
Salome,32:50.2,5/31/2026,5/31/2026 6:48,1780968771,33:23.3,light
Salome,32:50.2,5/31/2026,5/31/2026 6:49,1780968771,33:24.1,light
Salome,32:50.2,5/31/2026,5/31/2026 6:50,1780968771,33:24.4,light
Salome,32:50.2,5/31/2026,5/31/2026 6:51,1780968771,33:24.6,light
Salome,32:50.2,5/31/2026,5/31/2026 6:52,1780968771,33:24.7,light
Salome,32:50.2,5/31/2026,5/31/2026 6:53,1780968771,33:24.9,light
Salome,32:50.2,5/31/2026,5/31/2026 6:54,1780968771,33:25.5,light
Salome,32:50.2,5/31/2026,5/31/2026 6:55,1780968771,33:25.8,light
Salome,32:50.2,5/31/2026,5/31/2026 6:56,1780968771,33:26.0,light
Salome,32:50.2,5/31/2026,5/31/2026 6:57,1780968771,33:26.1,light
Salome,32:50.2,5/31/2026,5/31/2026 6:58,1780968771,33:26.3,light
Salome,32:50.2,5/31/2026,5/31/2026 6:59,1780968771,33:26.8,light
Salome,32:50.2,5/31/2026,5/31/2026 7:00,1780968771,33:27.0,light
Salome,32:50.2,5/31/2026,5/31/2026 7:01,1780968771,33:27.1,light
Salome,32:50.2,5/31/2026,5/31/2026 7:02,1780968771,33:27.6,deep
Salome,32:50.2,5/31/2026,5/31/2026 7:03,1780968771,33:27.9,deep
Salome,32:50.2,5/31/2026,5/31/2026 7:04,1780968771,33:28.0,deep
Salome,32:50.2,5/31/2026,5/31/2026 7:05,1780968771,33:28.5,deep
Salome,32:50.2,5/31/2026,5/31/2026 7:06,1780968771,33:29.1,deep
Salome,32:50.2,5/31/2026,5/31/2026 7:07,1780968771,33:29.3,deep
Salome,32:50.2,5/31/2026,5/31/2026 7:08,1780968771,33:29.4,deep
Salome,32:50.2,5/31/2026,5/31/2026 7:09,1780968771,33:29.6,deep
Salome,32:50.2,5/31/2026,5/31/2026 7:10,1780968771,33:29.8,light
Salome,32:50.2,5/31/2026,5/31/2026 7:11,1780968771,33:29.9,light
Salome,32:50.2,5/31/2026,5/31/2026 7:12,1780968771,33:30.1,light
Salome,32:50.2,5/31/2026,5/31/2026 7:13,1780968771,33:30.2,light
Salome,32:50.2,5/31/2026,5/31/2026 7:14,1780968771,33:30.4,light
Salome,32:50.2,5/31/2026,5/31/2026 7:15,1780968771,33:30.6,light
Salome,32:50.2,5/31/2026,5/31/2026 7:16,1780968771,33:30.8,light
Salome,32:50.2,5/31/2026,5/31/2026 7:17,1780968771,33:31.5,light
Salome,32:50.2,5/31/2026,5/31/2026 7:18,1780968771,33:31.7,light
Salome,32:50.2,5/31/2026,5/31/2026 7:19,1780968771,33:31.9,light
Salome,32:50.2,5/31/2026,5/31/2026 7:20,1780968771,33:32.3,light
Salome,32:50.2,5/31/2026,5/31/2026 7:21,1780968771,33:32.5,light
Salome,32:50.2,5/31/2026,5/31/2026 7:22,1780968771,33:32.9,light
Salome,32:50.2,5/31/2026,5/31/2026 7:23,1780968771,33:33.8,light
Salome,32:50.2,5/31/2026,5/31/2026 7:24,1780968771,33:33.9,light
Salome,32:50.2,5/31/2026,5/31/2026 7:25,1780968771,33:34.1,light
Salome,32:50.2,5/31/2026,5/31/2026 7:26,1780968771,33:34.3,light
Salome,32:50.2,5/31/2026,5/31/2026 7:27,1780968771,33:34.4,deep
Salome,32:50.2,5/31/2026,5/31/2026 7:28,1780968771,33:34.6,light
Salome,32:50.2,5/31/2026,5/31/2026 7:29,1780968771,33:34.7,light
Salome,32:50.2,5/31/2026,5/31/2026 7:30,1780968771,33:34.9,light
Salome,32:50.2,5/31/2026,5/31/2026 7:31,1780968771,33:35.1,light
Salome,32:50.2,5/31/2026,5/31/2026 7:32,1780968771,33:36.1,light
Salome,32:50.2,5/31/2026,5/31/2026 7:33,1780968771,33:36.3,light
Salome,32:50.2,5/31/2026,5/31/2026 7:34,1780968771,33:36.5,deep
Salome,32:50.2,5/31/2026,5/31/2026 7:35,1780968771,33:36.7,deep
Salome,32:50.2,5/31/2026,5/31/2026 7:36,1780968771,33:36.9,deep
Salome,32:50.2,5/31/2026,5/31/2026 7:37,1780968771,33:37.1,deep
Salome,32:50.2,5/31/2026,5/31/2026 7:38,1780968771,33:37.6,deep
Salome,32:50.2,5/31/2026,5/31/2026 7:39,1780968771,33:37.8,deep
Salome,32:50.2,5/31/2026,5/31/2026 7:40,1780968771,33:37.9,deep
Salome,32:50.2,5/31/2026,5/31/2026 7:41,1780968771,33:38.2,deep
Salome,32:50.2,5/31/2026,5/31/2026 7:42,1780968771,33:38.3,deep
Salome,32:50.2,5/31/2026,5/31/2026 7:43,1780968771,33:39.8,deep
Salome,32:50.2,5/31/2026,5/31/2026 7:44,1780968771,33:40.5,deep
Salome,32:50.2,5/31/2026,5/31/2026 7:45,1780968771,33:40.6,deep
Salome,32:50.2,5/31/2026,5/31/2026 7:46,1780968771,33:41.8,deep
Salome,32:50.2,5/31/2026,5/31/2026 7:47,1780968771,33:42.0,deep
Salome,32:50.2,5/31/2026,5/31/2026 7:48,1780968771,33:42.3,deep
Salome,32:50.2,5/31/2026,5/31/2026 7:49,1780968771,33:42.5,deep
Salome,32:50.2,5/31/2026,5/31/2026 7:50,1780968771,33:42.7,deep
Salome,32:50.2,5/31/2026,5/31/2026 7:51,1780968771,33:43.1,deep
Salome,32:50.2,5/31/2026,5/31/2026 7:52,1780968771,33:43.5,deep
Salome,32:50.2,5/31/2026,5/31/2026 7:53,1780968771,33:43.7,deep
Salome,32:50.2,5/31/2026,5/31/2026 7:54,1780968771,33:44.3,deep
Salome,32:50.2,5/31/2026,5/31/2026 7:55,1780968771,33:44.6,light
Salome,32:50.2,5/31/2026,5/31/2026 7:56,1780968771,33:44.9,light
Salome,32:50.2,5/31/2026,5/31/2026 7:57,1780968771,33:45.1,light
Salome,32:50.2,5/31/2026,5/31/2026 7:58,1780968771,33:45.3,light
Salome,32:50.2,5/31/2026,5/31/2026 7:59,1780968771,33:45.5,light
Salome,32:50.2,5/31/2026,5/31/2026 8:00,1780968771,33:45.6,light
Salome,32:50.2,5/31/2026,5/31/2026 8:01,1780968771,33:45.8,light
Salome,32:50.2,5/31/2026,5/31/2026 8:02,1780968771,33:46.0,rem
Salome,32:50.2,5/31/2026,5/31/2026 8:03,1780968771,33:46.2,rem
Salome,32:50.2,5/31/2026,5/31/2026 8:04,1780968771,33:46.4,rem
Salome,32:50.2,5/31/2026,5/31/2026 8:05,1780968771,33:46.7,rem
Salome,32:50.2,5/31/2026,5/31/2026 8:06,1780968771,33:47.4,rem
Salome,32:50.2,5/31/2026,5/31/2026 8:07,1780968771,33:47.6,rem
Salome,32:50.2,5/31/2026,5/31/2026 8:08,1780968771,33:47.9,rem
Salome,32:50.2,5/31/2026,5/31/2026 8:09,1780968771,33:48.2,rem
Salome,32:50.2,5/31/2026,5/31/2026 8:10,1780968771,33:48.5,rem
Salome,32:50.2,5/31/2026,5/31/2026 8:11,1780968771,33:48.8,rem
Salome,32:50.2,5/31/2026,5/31/2026 8:12,1780968771,33:49.1,rem
Salome,32:50.2,5/31/2026,5/31/2026 8:13,1780968771,33:49.7,rem
Salome,32:50.2,5/31/2026,5/31/2026 8:14,1780968771,33:50.2,rem
Salome,32:50.2,5/31/2026,5/31/2026 8:15,1780968771,33:50.4,rem
Salome,32:50.2,5/31/2026,5/31/2026 8:16,1780968771,33:50.7,rem
Salome,32:50.2,5/31/2026,5/31/2026 8:17,1780968771,33:51.3,rem
Salome,32:50.2,5/31/2026,5/31/2026 8:18,1780968771,33:51.8,rem
Salome,32:50.2,5/31/2026,5/31/2026 8:19,1780968771,33:52.2,rem
Salome,32:50.2,5/31/2026,5/31/2026 8:20,1780968771,33:52.4,rem
Salome,32:50.2,5/31/2026,5/31/2026 8:21,1780968771,33:52.7,rem
Salome,32:50.2,5/31/2026,5/31/2026 8:22,1780968771,33:52.9,rem
Salome,32:50.2,5/31/2026,5/31/2026 8:23,1780968771,33:53.1,rem
Salome,32:50.2,5/31/2026,5/31/2026 8:24,1780968771,33:53.3,rem
Salome,32:50.2,5/31/2026,5/31/2026 8:25,1780968771,33:53.4,rem
Salome,32:50.2,5/31/2026,5/31/2026 8:26,1780968771,33:53.7,rem
Salome,32:50.2,5/31/2026,5/31/2026 8:27,1780968771,33:53.9,rem
Salome,32:50.2,5/31/2026,5/31/2026 8:28,1780968771,33:54.0,rem
Salome,32:50.2,5/31/2026,5/31/2026 8:29,1780968771,33:54.2,light
Salome,32:50.2,5/31/2026,5/31/2026 8:30,1780968771,33:54.3,light
Salome,32:50.2,5/31/2026,5/31/2026 8:31,1780968771,33:54.7,light
Salome,32:50.2,5/31/2026,5/31/2026 8:32,1780968771,33:54.8,light
Salome,32:50.2,5/31/2026,5/31/2026 8:33,1780968771,6/8/2026 21:33,light
Salome,32:50.2,5/31/2026,5/31/2026 8:34,1780968771,33:55.2,light
Salome,32:50.2,5/31/2026,5/31/2026 8:35,1780968771,33:55.4,light
Salome,32:50.2,5/31/2026,5/31/2026 8:36,1780968771,33:55.5,light
Salome,32:50.2,5/31/2026,5/31/2026 8:37,1780968771,33:55.7,light
Salome,32:50.2,5/31/2026,5/31/2026 8:38,1780968771,33:56.0,light
Salome,32:50.2,5/31/2026,5/31/2026 8:39,1780968771,33:56.2,light
Salome,32:50.2,5/31/2026,5/31/2026 8:40,1780968771,33:56.4,light
Salome,32:50.2,5/31/2026,5/31/2026 8:41,1780968771,33:56.7,light
Salome,32:50.2,5/31/2026,5/31/2026 8:42,1780968771,33:56.9,light
Salome,32:50.2,5/31/2026,5/31/2026 8:43,1780968771,33:57.1,light
Salome,32:50.2,5/31/2026,5/31/2026 8:44,1780968771,33:58.0,light
Salome,32:50.2,5/31/2026,5/31/2026 8:45,1780968771,33:58.2,light
Salome,32:50.2,5/31/2026,5/31/2026 8:46,1780968771,33:58.5,light
Salome,32:50.2,5/31/2026,5/31/2026 8:47,1780968771,33:59.3,light
Salome,32:50.2,5/31/2026,5/31/2026 8:48,1780968771,33:59.5,light
Salome,32:50.2,5/31/2026,5/31/2026 8:49,1780968771,33:59.6,light
Salome,32:50.2,5/31/2026,5/31/2026 8:50,1780968771,34:01.2,light
Salome,32:50.2,5/31/2026,5/31/2026 8:51,1780968771,34:01.3,light
Salome,32:50.2,5/31/2026,5/31/2026 8:52,1780968771,34:01.5,light
Salome,32:50.2,5/31/2026,5/31/2026 8:53,1780968771,34:01.6,light
Salome,32:50.2,5/31/2026,5/31/2026 8:54,1780968771,34:01.8,light
Salome,32:50.2,5/31/2026,5/31/2026 8:55,1780968771,34:02.3,light
Salome,32:50.2,5/31/2026,5/31/2026 8:56,1780968771,34:02.4,light
Salome,32:50.2,5/31/2026,5/31/2026 8:57,1780968771,34:02.6,light
Salome,32:50.2,5/31/2026,5/31/2026 8:58,1780968771,34:02.7,light
Salome,32:50.2,5/31/2026,5/31/2026 8:59,1780968771,34:03.3,light
Salome,32:50.2,5/31/2026,5/31/2026 9:00,1780968771,34:03.5,deep
Salome,32:50.2,5/31/2026,5/31/2026 9:01,1780968771,34:03.6,deep
Salome,32:50.2,5/31/2026,5/31/2026 9:02,1780968771,34:03.8,deep
Salome,32:50.2,5/31/2026,5/31/2026 9:03,1780968771,34:04.1,deep
Salome,32:50.2,5/31/2026,5/31/2026 9:04,1780968771,34:04.2,deep
Salome,32:50.2,5/31/2026,5/31/2026 9:05,1780968771,34:04.4,deep
Salome,32:50.2,5/31/2026,5/31/2026 9:06,1780968771,34:04.5,deep
Salome,32:50.2,5/31/2026,5/31/2026 9:07,1780968771,34:04.7,deep
Salome,32:50.2,5/31/2026,5/31/2026 9:08,1780968771,34:04.8,deep
Salome,32:50.2,5/31/2026,5/31/2026 9:09,1780968771,34:05.4,deep
Salome,32:50.2,5/31/2026,5/31/2026 9:10,1780968771,34:05.6,deep
Salome,32:50.2,5/31/2026,5/31/2026 9:11,1780968771,34:05.7,deep
Salome,32:50.2,5/31/2026,5/31/2026 9:12,1780968771,34:05.9,deep
Salome,32:50.2,5/31/2026,5/31/2026 9:13,1780968771,34:06.0,deep
Salome,32:50.2,5/31/2026,5/31/2026 9:14,1780968771,34:06.8,deep
Salome,32:50.2,5/31/2026,5/31/2026 9:15,1780968771,34:07.0,deep
Salome,32:50.2,5/31/2026,5/31/2026 9:16,1780968771,34:07.2,deep
Salome,32:50.2,5/31/2026,5/31/2026 9:17,1780968771,34:08.4,deep
Salome,32:50.2,5/31/2026,5/31/2026 9:18,1780968771,34:08.6,deep
Salome,32:50.2,5/31/2026,5/31/2026 9:19,1780968771,34:09.0,deep
Salome,32:50.2,5/31/2026,5/31/2026 9:20,1780968771,34:09.1,deep
Salome,32:50.2,5/31/2026,5/31/2026 9:21,1780968771,34:09.3,deep
Salome,32:50.2,5/31/2026,5/31/2026 9:22,1780968771,34:09.5,light
Salome,32:50.2,5/31/2026,5/31/2026 9:23,1780968771,34:09.6,light
Salome,32:50.2,5/31/2026,5/31/2026 9:24,1780968771,34:09.8,light
Salome,32:50.2,5/31/2026,5/31/2026 9:25,1780968771,34:10.0,light
Salome,32:50.2,5/31/2026,5/31/2026 9:26,1780968771,34:10.2,light
Salome,32:50.2,5/31/2026,5/31/2026 9:27,1780968771,34:10.4,light
Salome,32:50.2,5/31/2026,5/31/2026 9:28,1780968771,34:10.5,light
Salome,32:50.2,5/31/2026,5/31/2026 9:29,1780968771,34:10.7,rem
Salome,32:50.2,5/31/2026,5/31/2026 9:30,1780968771,34:10.9,rem
Salome,32:50.2,5/31/2026,5/31/2026 9:31,1780968771,34:11.0,rem
Salome,32:50.2,5/31/2026,5/31/2026 9:32,1780968771,34:11.2,rem
Salome,32:50.2,5/31/2026,5/31/2026 9:33,1780968771,34:12.1,rem
Salome,32:50.2,5/31/2026,5/31/2026 9:34,1780968771,34:12.3,rem
Salome,32:50.2,5/31/2026,5/31/2026 9:35,1780968771,34:12.4,rem
Salome,32:50.2,5/31/2026,5/31/2026 9:36,1780968771,34:12.6,rem
Salome,32:50.2,5/31/2026,5/31/2026 9:37,1780968771,34:12.7,rem
Salome,32:50.2,5/31/2026,5/31/2026 9:38,1780968771,34:12.9,rem
Salome,32:50.2,5/31/2026,5/31/2026 9:39,1780968771,34:13.1,rem
Salome,32:50.2,5/31/2026,5/31/2026 9:40,1780968771,34:13.3,rem
Salome,32:50.2,5/31/2026,5/31/2026 9:41,1780968771,34:13.5,rem
Salome,32:50.2,5/31/2026,5/31/2026 9:42,1780968771,34:13.7,rem
Salome,32:50.2,5/31/2026,5/31/2026 9:43,1780968771,34:13.9,rem
Salome,32:50.2,5/31/2026,5/31/2026 9:44,1780968771,34:14.0,rem
Salome,32:50.2,5/31/2026,5/31/2026 9:45,1780968771,34:14.2,rem
Salome,32:50.2,5/31/2026,5/31/2026 9:46,1780968771,34:14.4,rem
Salome,32:50.2,5/31/2026,5/31/2026 9:47,1780968771,34:14.6,rem
Salome,32:50.2,5/31/2026,5/31/2026 9:48,1780968771,34:14.9,rem
Salome,32:50.2,5/31/2026,5/31/2026 9:49,1780968771,34:15.1,rem
Salome,32:50.2,5/31/2026,5/31/2026 9:50,1780968771,34:15.3,rem
Salome,32:50.2,5/31/2026,5/31/2026 9:51,1780968771,34:15.4,rem
Salome,32:50.2,5/31/2026,5/31/2026 9:52,1780968771,34:15.6,rem
Salome,32:50.2,5/31/2026,5/31/2026 9:53,1780968771,34:15.8,rem
Salome,32:50.2,5/31/2026,5/31/2026 9:54,1780968771,34:16.1,rem
Salome,32:50.2,5/31/2026,5/31/2026 9:55,1780968771,34:17.0,rem
Salome,32:50.2,5/31/2026,5/31/2026 9:56,1780968771,34:17.2,rem
Salome,32:50.2,5/31/2026,5/31/2026 9:57,1780968771,34:17.5,rem
Salome,32:50.2,5/31/2026,5/31/2026 9:58,1780968771,34:17.6,light
Salome,32:50.2,5/31/2026,5/31/2026 9:59,1780968771,34:17.8,light
Salome,32:50.2,5/31/2026,5/31/2026 10:00,1780968771,34:18.0,light
Salome,32:50.2,5/31/2026,5/31/2026 10:01,1780968771,34:18.1,light
Salome,32:50.2,5/31/2026,5/31/2026 10:02,1780968771,34:18.3,light
Salome,32:50.2,5/31/2026,5/31/2026 10:03,1780968771,34:18.5,light
Salome,32:50.2,5/31/2026,5/31/2026 10:04,1780968771,34:18.8,light
Salome,32:50.2,5/31/2026,5/31/2026 10:05,1780968771,34:19.0,light
Salome,32:50.2,5/31/2026,5/31/2026 10:06,1780968771,34:19.2,light
Salome,32:50.2,5/31/2026,5/31/2026 10:07,1780968771,34:19.5,light
Salome,32:50.2,5/31/2026,5/31/2026 10:08,1780968771,34:19.7,light
Salome,32:50.2,5/31/2026,5/31/2026 10:09,1780968771,34:19.9,light
Salome,32:50.2,5/31/2026,5/31/2026 10:10,1780968771,34:20.1,light
Salome,32:50.2,5/31/2026,5/31/2026 10:11,1780968771,34:20.3,light
Salome,32:50.2,5/31/2026,5/31/2026 10:12,1780968771,34:20.6,light
Salome,32:50.2,5/31/2026,5/31/2026 10:13,1780968771,34:20.8,light
Salome,32:50.2,5/31/2026,5/31/2026 10:14,1780968771,34:21.0,light
Salome,32:50.2,5/31/2026,5/31/2026 10:15,1780968771,34:21.2,light
Salome,32:50.2,5/31/2026,5/31/2026 10:16,1780968771,34:22.3,light
Salome,32:50.2,5/31/2026,5/31/2026 10:17,1780968771,34:22.5,light
Salome,32:50.2,5/31/2026,5/31/2026 10:18,1780968771,34:22.7,light
Salome,32:50.2,5/31/2026,5/31/2026 10:19,1780968771,34:22.9,light
Salome,32:50.2,5/31/2026,5/31/2026 10:20,1780968771,34:23.1,light
Salome,32:50.2,5/31/2026,5/31/2026 10:21,1780968771,34:23.3,light
Salome,32:50.2,5/31/2026,5/31/2026 10:22,1780968771,34:23.5,light
Salome,32:50.2,5/31/2026,5/31/2026 10:23,1780968771,34:23.7,light
Salome,32:50.2,5/31/2026,5/31/2026 10:24,1780968771,34:24.0,light
Salome,32:50.2,5/31/2026,5/31/2026 10:25,1780968771,34:24.2,light
Salome,32:50.2,5/31/2026,5/31/2026 10:26,1780968771,34:24.6,light
Salome,32:50.2,5/31/2026,5/31/2026 10:27,1780968771,34:24.8,light
Salome,32:50.2,5/31/2026,5/31/2026 10:28,1780968771,34:25.2,light
Salome,32:50.2,5/31/2026,5/31/2026 10:29,1780968771,34:25.4,light
Salome,32:50.2,5/31/2026,5/31/2026 10:30,1780968771,34:26.8,light
Salome,32:50.2,5/31/2026,5/31/2026 10:31,1780968771,34:26.9,light
Salome,32:50.2,5/31/2026,5/31/2026 10:32,1780968771,34:27.3,light
Salome,32:50.2,5/31/2026,5/31/2026 10:33,1780968771,34:27.5,deep
Salome,32:50.2,5/31/2026,5/31/2026 10:34,1780968771,34:27.7,deep
Salome,32:50.2,5/31/2026,5/31/2026 10:35,1780968771,34:27.9,deep
Salome,32:50.2,5/31/2026,5/31/2026 10:36,1780968771,34:28.1,deep
Salome,32:50.2,5/31/2026,5/31/2026 10:37,1780968771,34:28.3,deep
Salome,32:50.2,5/31/2026,5/31/2026 10:38,1780968771,34:28.5,deep
Salome,32:50.2,5/31/2026,5/31/2026 10:39,1780968771,34:28.7,deep
Salome,32:50.2,5/31/2026,5/31/2026 10:40,1780968771,34:28.8,deep
Salome,32:50.2,5/31/2026,5/31/2026 10:41,1780968771,34:29.0,deep
Salome,32:50.2,5/31/2026,5/31/2026 10:42,1780968771,34:29.1,deep
Salome,32:50.2,5/31/2026,5/31/2026 10:43,1780968771,34:29.3,deep
Salome,32:50.2,5/31/2026,5/31/2026 10:44,1780968771,34:29.5,deep
Salome,32:50.2,5/31/2026,5/31/2026 10:45,1780968771,34:29.6,deep
Salome,32:50.2,5/31/2026,5/31/2026 10:46,1780968771,34:29.8,deep
Salome,32:50.2,5/31/2026,5/31/2026 10:47,1780968771,34:29.9,deep
Salome,32:50.2,5/31/2026,5/31/2026 10:48,1780968771,34:30.1,wake
Salome,48:12.2,6/1/2026,6/1/2026 1:32,1780976893,48:13.8,wake
Salome,48:12.2,6/1/2026,6/1/2026 1:33,1780976893,48:14.7,wake
Salome,48:12.2,6/1/2026,6/1/2026 1:34,1780976893,48:14.8,wake
Salome,48:12.2,6/1/2026,6/1/2026 1:35,1780976893,48:15.0,wake
Salome,48:12.2,6/1/2026,6/1/2026 1:36,1780976893,48:15.1,light
Salome,48:12.2,6/1/2026,6/1/2026 1:37,1780976893,48:15.3,light
Salome,48:12.2,6/1/2026,6/1/2026 1:38,1780976893,48:15.4,light
Salome,48:12.2,6/1/2026,6/1/2026 1:39,1780976893,48:15.6,light
Salome,48:12.2,6/1/2026,6/1/2026 1:40,1780976893,48:15.7,light
Salome,48:12.2,6/1/2026,6/1/2026 1:41,1780976893,48:15.9,light
Salome,48:12.2,6/1/2026,6/1/2026 1:42,1780976893,48:16.0,light
Salome,48:12.2,6/1/2026,6/1/2026 1:43,1780976893,48:16.2,light
Salome,48:12.2,6/1/2026,6/1/2026 1:44,1780976893,48:16.4,light
Salome,48:12.2,6/1/2026,6/1/2026 1:45,1780976893,48:16.5,light
Salome,48:12.2,6/1/2026,6/1/2026 1:46,1780976893,48:16.7,light
Salome,48:12.2,6/1/2026,6/1/2026 1:47,1780976893,48:16.8,light
Salome,48:12.2,6/1/2026,6/1/2026 1:48,1780976893,48:17.0,deep
Salome,48:12.2,6/1/2026,6/1/2026 1:49,1780976893,48:17.1,deep
Salome,48:12.2,6/1/2026,6/1/2026 1:50,1780976893,48:17.3,deep
Salome,48:12.2,6/1/2026,6/1/2026 1:51,1780976893,48:17.4,deep
Salome,48:12.2,6/1/2026,6/1/2026 1:52,1780976893,48:17.5,deep
Salome,48:12.2,6/1/2026,6/1/2026 1:53,1780976893,48:17.7,deep
Salome,48:12.2,6/1/2026,6/1/2026 1:54,1780976893,48:18.5,deep
Salome,48:12.2,6/1/2026,6/1/2026 1:55,1780976893,48:18.6,deep
Salome,48:12.2,6/1/2026,6/1/2026 1:56,1780976893,48:18.8,deep
Salome,48:12.2,6/1/2026,6/1/2026 1:57,1780976893,48:18.9,deep
Salome,48:12.2,6/1/2026,6/1/2026 1:58,1780976893,48:19.1,deep
Salome,48:12.2,6/1/2026,6/1/2026 1:59,1780976893,48:19.2,deep
Salome,48:12.2,6/1/2026,6/1/2026 2:00,1780976893,48:19.3,deep
Salome,48:12.2,6/1/2026,6/1/2026 2:01,1780976893,48:19.5,deep
Salome,48:12.2,6/1/2026,6/1/2026 2:02,1780976893,48:19.7,deep
Salome,48:12.2,6/1/2026,6/1/2026 2:03,1780976893,48:19.8,deep
Salome,48:12.2,6/1/2026,6/1/2026 2:04,1780976893,48:20.0,deep
Salome,48:12.2,6/1/2026,6/1/2026 2:05,1780976893,48:20.1,deep
Salome,48:12.2,6/1/2026,6/1/2026 2:06,1780976893,48:20.3,deep
Salome,48:12.2,6/1/2026,6/1/2026 2:07,1780976893,48:20.4,deep
Salome,48:12.2,6/1/2026,6/1/2026 2:08,1780976893,48:20.5,deep
Salome,48:12.2,6/1/2026,6/1/2026 2:09,1780976893,48:20.7,deep
Salome,48:12.2,6/1/2026,6/1/2026 2:10,1780976893,48:20.8,deep
Salome,48:12.2,6/1/2026,6/1/2026 2:11,1780976893,48:21.0,deep
Salome,48:12.2,6/1/2026,6/1/2026 2:12,1780976893,48:21.3,deep
Salome,48:12.2,6/1/2026,6/1/2026 2:13,1780976893,48:21.5,deep
Salome,48:12.2,6/1/2026,6/1/2026 2:14,1780976893,48:21.6,deep
Salome,48:12.2,6/1/2026,6/1/2026 2:15,1780976893,48:21.7,deep
Salome,48:12.2,6/1/2026,6/1/2026 2:16,1780976893,48:21.9,deep
Salome,48:12.2,6/1/2026,6/1/2026 2:17,1780976893,48:22.0,deep
Salome,48:12.2,6/1/2026,6/1/2026 2:18,1780976893,48:22.1,deep
Salome,48:12.2,6/1/2026,6/1/2026 2:19,1780976893,48:22.2,deep
Salome,48:12.2,6/1/2026,6/1/2026 2:20,1780976893,48:22.4,deep
Salome,48:12.2,6/1/2026,6/1/2026 2:21,1780976893,48:22.5,deep
Salome,48:12.2,6/1/2026,6/1/2026 2:22,1780976893,48:22.6,deep
Salome,48:12.2,6/1/2026,6/1/2026 2:23,1780976893,48:22.8,deep
Salome,48:12.2,6/1/2026,6/1/2026 2:24,1780976893,48:22.9,deep
Salome,48:12.2,6/1/2026,6/1/2026 2:25,1780976893,48:23.0,deep
Salome,48:12.2,6/1/2026,6/1/2026 2:26,1780976893,48:23.1,deep
Salome,48:12.2,6/1/2026,6/1/2026 2:27,1780976893,48:23.3,deep
Salome,48:12.2,6/1/2026,6/1/2026 2:28,1780976893,48:23.4,deep
Salome,48:12.2,6/1/2026,6/1/2026 2:29,1780976893,48:23.5,deep
Salome,48:12.2,6/1/2026,6/1/2026 2:30,1780976893,48:23.7,light
Salome,48:12.2,6/1/2026,6/1/2026 2:31,1780976893,48:23.8,light
Salome,48:12.2,6/1/2026,6/1/2026 2:32,1780976893,48:24.0,light
Salome,48:12.2,6/1/2026,6/1/2026 2:33,1780976893,48:24.1,light
Salome,48:12.2,6/1/2026,6/1/2026 2:34,1780976893,48:24.3,light
Salome,48:12.2,6/1/2026,6/1/2026 2:35,1780976893,48:24.4,light
Salome,48:12.2,6/1/2026,6/1/2026 2:36,1780976893,48:24.5,light
Salome,48:12.2,6/1/2026,6/1/2026 2:37,1780976893,48:24.6,light
Salome,48:12.2,6/1/2026,6/1/2026 2:38,1780976893,48:24.9,light
Salome,48:12.2,6/1/2026,6/1/2026 2:39,1780976893,48:25.1,rem
Salome,48:12.2,6/1/2026,6/1/2026 2:40,1780976893,48:25.2,rem
Salome,48:12.2,6/1/2026,6/1/2026 2:41,1780976893,48:25.4,rem
Salome,48:12.2,6/1/2026,6/1/2026 2:42,1780976893,48:25.5,rem
Salome,48:12.2,6/1/2026,6/1/2026 2:43,1780976893,48:25.7,rem
Salome,48:12.2,6/1/2026,6/1/2026 2:44,1780976893,48:25.8,rem
Salome,48:12.2,6/1/2026,6/1/2026 2:45,1780976893,48:26.0,rem
Salome,48:12.2,6/1/2026,6/1/2026 2:46,1780976893,48:26.1,rem
Salome,48:12.2,6/1/2026,6/1/2026 2:47,1780976893,48:26.2,rem
Salome,48:12.2,6/1/2026,6/1/2026 2:48,1780976893,48:26.4,rem
Salome,48:12.2,6/1/2026,6/1/2026 2:49,1780976893,48:26.6,rem
Salome,48:12.2,6/1/2026,6/1/2026 2:50,1780976893,48:26.7,rem
Salome,48:12.2,6/1/2026,6/1/2026 2:51,1780976893,48:26.8,rem
Salome,48:12.2,6/1/2026,6/1/2026 2:52,1780976893,48:27.0,rem
Salome,48:12.2,6/1/2026,6/1/2026 2:53,1780976893,48:27.1,rem
Salome,48:12.2,6/1/2026,6/1/2026 2:54,1780976893,48:27.4,rem
Salome,48:12.2,6/1/2026,6/1/2026 2:55,1780976893,48:27.5,rem
Salome,48:12.2,6/1/2026,6/1/2026 2:56,1780976893,48:27.8,rem
Salome,48:12.2,6/1/2026,6/1/2026 2:57,1780976893,48:27.9,rem
Salome,48:12.2,6/1/2026,6/1/2026 2:58,1780976893,48:28.2,rem
Salome,48:12.2,6/1/2026,6/1/2026 2:59,1780976893,48:28.3,rem
Salome,48:12.2,6/1/2026,6/1/2026 3:00,1780976893,48:28.5,rem
Salome,48:12.2,6/1/2026,6/1/2026 3:01,1780976893,48:28.7,rem
Salome,48:12.2,6/1/2026,6/1/2026 3:02,1780976893,48:28.8,rem
Salome,48:12.2,6/1/2026,6/1/2026 3:03,1780976893,48:28.9,rem
Salome,48:12.2,6/1/2026,6/1/2026 3:04,1780976893,48:29.1,light
Salome,48:12.2,6/1/2026,6/1/2026 3:05,1780976893,48:29.2,light
Salome,48:12.2,6/1/2026,6/1/2026 3:06,1780976893,48:29.4,rem
Salome,48:12.2,6/1/2026,6/1/2026 3:07,1780976893,48:29.5,light
Salome,48:12.2,6/1/2026,6/1/2026 3:08,1780976893,48:29.7,light
Salome,48:12.2,6/1/2026,6/1/2026 3:09,1780976893,48:29.8,light
Salome,48:12.2,6/1/2026,6/1/2026 3:10,1780976893,48:30.2,light
Salome,48:12.2,6/1/2026,6/1/2026 3:11,1780976893,48:30.3,light
Salome,48:12.2,6/1/2026,6/1/2026 3:12,1780976893,48:30.4,light
Salome,48:12.2,6/1/2026,6/1/2026 3:13,1780976893,48:30.6,light
Salome,48:12.2,6/1/2026,6/1/2026 3:14,1780976893,48:30.7,light
Salome,48:12.2,6/1/2026,6/1/2026 3:15,1780976893,48:30.8,light
Salome,48:12.2,6/1/2026,6/1/2026 3:16,1780976893,48:31.0,light
Salome,48:12.2,6/1/2026,6/1/2026 3:17,1780976893,48:31.1,light
Salome,48:12.2,6/1/2026,6/1/2026 3:18,1780976893,48:31.3,light
Salome,48:12.2,6/1/2026,6/1/2026 3:19,1780976893,48:31.4,light
Salome,48:12.2,6/1/2026,6/1/2026 3:20,1780976893,48:31.6,light
Salome,48:12.2,6/1/2026,6/1/2026 3:21,1780976893,48:31.7,light
Salome,48:12.2,6/1/2026,6/1/2026 3:22,1780976893,48:31.9,light
Salome,48:12.2,6/1/2026,6/1/2026 3:23,1780976893,48:32.0,light
Salome,48:12.2,6/1/2026,6/1/2026 3:24,1780976893,48:32.2,light
Salome,48:12.2,6/1/2026,6/1/2026 3:25,1780976893,48:32.4,deep
Salome,48:12.2,6/1/2026,6/1/2026 3:26,1780976893,48:32.6,deep
Salome,48:12.2,6/1/2026,6/1/2026 3:27,1780976893,48:32.8,deep
Salome,48:12.2,6/1/2026,6/1/2026 3:28,1780976893,48:33.0,deep
Salome,48:12.2,6/1/2026,6/1/2026 3:29,1780976893,48:33.2,deep
Salome,48:12.2,6/1/2026,6/1/2026 3:30,1780976893,48:33.7,deep
Salome,48:12.2,6/1/2026,6/1/2026 3:31,1780976893,48:33.8,deep
Salome,48:12.2,6/1/2026,6/1/2026 3:32,1780976893,48:33.9,deep
Salome,48:12.2,6/1/2026,6/1/2026 3:33,1780976893,48:34.1,deep
Salome,48:12.2,6/1/2026,6/1/2026 3:34,1780976893,48:34.2,deep
Salome,48:12.2,6/1/2026,6/1/2026 3:35,1780976893,48:34.7,deep
Salome,48:12.2,6/1/2026,6/1/2026 3:36,1780976893,48:34.9,deep
Salome,48:12.2,6/1/2026,6/1/2026 3:37,1780976893,48:35.0,deep
Salome,48:12.2,6/1/2026,6/1/2026 3:38,1780976893,48:35.1,light
Salome,48:12.2,6/1/2026,6/1/2026 3:39,1780976893,48:35.2,light
Salome,48:12.2,6/1/2026,6/1/2026 3:40,1780976893,48:35.3,light
Salome,48:12.2,6/1/2026,6/1/2026 3:41,1780976893,48:35.5,light
Salome,48:12.2,6/1/2026,6/1/2026 3:42,1780976893,48:35.7,light
Salome,48:12.2,6/1/2026,6/1/2026 3:43,1780976893,48:35.8,light
Salome,48:12.2,6/1/2026,6/1/2026 3:44,1780976893,48:35.9,light
Salome,48:12.2,6/1/2026,6/1/2026 3:45,1780976893,48:36.0,light
Salome,48:12.2,6/1/2026,6/1/2026 3:46,1780976893,48:36.2,light
Salome,48:12.2,6/1/2026,6/1/2026 3:47,1780976893,48:36.3,light
Salome,48:12.2,6/1/2026,6/1/2026 3:48,1780976893,48:36.5,light
Salome,48:12.2,6/1/2026,6/1/2026 3:49,1780976893,48:37.9,light
Salome,48:12.2,6/1/2026,6/1/2026 3:50,1780976893,48:38.0,light
Salome,48:12.2,6/1/2026,6/1/2026 3:51,1780976893,48:38.2,light
Salome,48:12.2,6/1/2026,6/1/2026 3:52,1780976893,48:38.3,light
Salome,48:12.2,6/1/2026,6/1/2026 3:53,1780976893,48:38.4,light
Salome,48:12.2,6/1/2026,6/1/2026 3:54,1780976893,48:38.7,light
Salome,48:12.2,6/1/2026,6/1/2026 3:55,1780976893,48:38.8,light
Salome,48:12.2,6/1/2026,6/1/2026 3:56,1780976893,48:38.9,light
Salome,48:12.2,6/1/2026,6/1/2026 3:57,1780976893,48:39.1,light
Salome,48:12.2,6/1/2026,6/1/2026 3:58,1780976893,48:39.2,light
Salome,48:12.2,6/1/2026,6/1/2026 3:59,1780976893,48:39.3,light
Salome,48:12.2,6/1/2026,6/1/2026 4:00,1780976893,48:39.6,light
Salome,48:12.2,6/1/2026,6/1/2026 4:01,1780976893,48:39.7,light
Salome,48:12.2,6/1/2026,6/1/2026 4:02,1780976893,48:39.8,deep
Salome,48:12.2,6/1/2026,6/1/2026 4:03,1780976893,48:39.9,deep
Salome,48:12.2,6/1/2026,6/1/2026 4:04,1780976893,48:40.1,deep
Salome,48:12.2,6/1/2026,6/1/2026 4:05,1780976893,48:40.2,deep
Salome,48:12.2,6/1/2026,6/1/2026 4:06,1780976893,48:40.4,deep
Salome,48:12.2,6/1/2026,6/1/2026 4:07,1780976893,48:40.5,deep
Salome,48:12.2,6/1/2026,6/1/2026 4:08,1780976893,48:40.7,deep
Salome,48:12.2,6/1/2026,6/1/2026 4:09,1780976893,48:40.8,deep
Salome,48:12.2,6/1/2026,6/1/2026 4:10,1780976893,48:41.0,deep
Salome,48:12.2,6/1/2026,6/1/2026 4:11,1780976893,48:41.3,deep
Salome,48:12.2,6/1/2026,6/1/2026 4:12,1780976893,48:41.4,light
Salome,48:12.2,6/1/2026,6/1/2026 4:13,1780976893,48:41.5,light
Salome,48:12.2,6/1/2026,6/1/2026 4:14,1780976893,48:41.6,light
Salome,48:12.2,6/1/2026,6/1/2026 4:15,1780976893,48:41.8,light
Salome,48:12.2,6/1/2026,6/1/2026 4:16,1780976893,48:41.9,light
Salome,48:12.2,6/1/2026,6/1/2026 4:17,1780976893,48:42.1,light
Salome,48:12.2,6/1/2026,6/1/2026 4:18,1780976893,48:42.4,light
Salome,48:12.2,6/1/2026,6/1/2026 4:19,1780976893,48:42.5,light
Salome,48:12.2,6/1/2026,6/1/2026 4:20,1780976893,48:42.6,light
Salome,48:12.2,6/1/2026,6/1/2026 4:21,1780976893,48:42.8,light
Salome,48:12.2,6/1/2026,6/1/2026 4:22,1780976893,48:42.9,light
Salome,48:12.2,6/1/2026,6/1/2026 4:23,1780976893,48:43.1,light
Salome,48:12.2,6/1/2026,6/1/2026 4:24,1780976893,48:43.2,light
Salome,48:12.2,6/1/2026,6/1/2026 4:25,1780976893,48:43.3,light
Salome,48:12.2,6/1/2026,6/1/2026 4:26,1780976893,48:43.5,light
Salome,48:12.2,6/1/2026,6/1/2026 4:27,1780976893,48:43.6,light
Salome,48:12.2,6/1/2026,6/1/2026 4:28,1780976893,48:43.7,light
Salome,48:12.2,6/1/2026,6/1/2026 4:29,1780976893,48:43.8,light
Salome,48:12.2,6/1/2026,6/1/2026 4:30,1780976893,48:43.9,light
Salome,48:12.2,6/1/2026,6/1/2026 4:31,1780976893,48:44.1,light
Salome,48:12.2,6/1/2026,6/1/2026 4:32,1780976893,48:44.2,light
Salome,48:12.2,6/1/2026,6/1/2026 4:33,1780976893,48:44.5,light
Salome,48:12.2,6/1/2026,6/1/2026 4:34,1780976893,48:44.6,light
Salome,48:12.2,6/1/2026,6/1/2026 4:35,1780976893,48:44.7,deep
Salome,48:12.2,6/1/2026,6/1/2026 4:36,1780976893,48:44.8,deep
Salome,48:12.2,6/1/2026,6/1/2026 4:37,1780976893,48:45.0,deep
Salome,48:12.2,6/1/2026,6/1/2026 4:38,1780976893,48:45.1,deep
Salome,48:12.2,6/1/2026,6/1/2026 4:39,1780976893,48:45.2,deep
Salome,48:12.2,6/1/2026,6/1/2026 4:40,1780976893,48:45.4,deep
Salome,48:12.2,6/1/2026,6/1/2026 4:41,1780976893,48:45.5,deep
Salome,48:12.2,6/1/2026,6/1/2026 4:42,1780976893,48:45.7,light
Salome,48:12.2,6/1/2026,6/1/2026 4:43,1780976893,48:45.8,light
Salome,48:12.2,6/1/2026,6/1/2026 4:44,1780976893,48:45.9,light
Salome,48:12.2,6/1/2026,6/1/2026 4:45,1780976893,48:46.0,light
Salome,48:12.2,6/1/2026,6/1/2026 4:46,1780976893,48:46.2,light
Salome,48:12.2,6/1/2026,6/1/2026 4:47,1780976893,48:46.3,light
Salome,48:12.2,6/1/2026,6/1/2026 4:48,1780976893,48:46.5,rem
Salome,48:12.2,6/1/2026,6/1/2026 4:49,1780976893,48:46.6,rem
Salome,48:12.2,6/1/2026,6/1/2026 4:50,1780976893,48:46.7,rem
Salome,48:12.2,6/1/2026,6/1/2026 4:51,1780976893,48:46.8,rem
Salome,48:12.2,6/1/2026,6/1/2026 4:52,1780976893,48:47.0,rem
Salome,48:12.2,6/1/2026,6/1/2026 4:53,1780976893,48:47.1,rem
Salome,48:12.2,6/1/2026,6/1/2026 4:54,1780976893,48:47.2,rem
Salome,48:12.2,6/1/2026,6/1/2026 4:55,1780976893,48:47.4,rem
Salome,48:12.2,6/1/2026,6/1/2026 4:56,1780976893,48:47.5,rem
Salome,48:12.2,6/1/2026,6/1/2026 4:57,1780976893,48:47.6,rem
Salome,48:12.2,6/1/2026,6/1/2026 4:58,1780976893,48:47.8,rem
Salome,48:12.2,6/1/2026,6/1/2026 4:59,1780976893,48:47.9,rem
Salome,48:12.2,6/1/2026,6/1/2026 5:00,1780976893,48:48.1,rem
Salome,48:12.2,6/1/2026,6/1/2026 5:01,1780976893,48:48.2,rem
Salome,48:12.2,6/1/2026,6/1/2026 5:02,1780976893,48:48.3,rem
Salome,48:12.2,6/1/2026,6/1/2026 5:03,1780976893,48:48.5,rem
Salome,48:12.2,6/1/2026,6/1/2026 5:04,1780976893,48:48.6,rem
Salome,48:12.2,6/1/2026,6/1/2026 5:05,1780976893,48:48.8,rem
Salome,48:12.2,6/1/2026,6/1/2026 5:06,1780976893,48:48.9,rem
Salome,48:12.2,6/1/2026,6/1/2026 5:07,1780976893,48:49.1,rem
Salome,48:12.2,6/1/2026,6/1/2026 5:08,1780976893,48:49.2,rem
Salome,48:12.2,6/1/2026,6/1/2026 5:09,1780976893,48:49.3,rem
Salome,48:12.2,6/1/2026,6/1/2026 5:10,1780976893,48:49.5,rem
Salome,48:12.2,6/1/2026,6/1/2026 5:11,1780976893,48:49.6,rem
Salome,48:12.2,6/1/2026,6/1/2026 5:12,1780976893,48:49.7,rem
Salome,48:12.2,6/1/2026,6/1/2026 5:13,1780976893,48:49.9,light
Salome,48:12.2,6/1/2026,6/1/2026 5:14,1780976893,48:50.0,light
Salome,48:12.2,6/1/2026,6/1/2026 5:15,1780976893,48:50.2,light
Salome,48:12.2,6/1/2026,6/1/2026 5:16,1780976893,48:50.3,light
Salome,48:12.2,6/1/2026,6/1/2026 5:17,1780976893,48:50.5,light
Salome,48:12.2,6/1/2026,6/1/2026 5:18,1780976893,48:50.6,light
Salome,48:12.2,6/1/2026,6/1/2026 5:19,1780976893,48:50.8,light
Salome,48:12.2,6/1/2026,6/1/2026 5:20,1780976893,48:50.9,light
Salome,48:12.2,6/1/2026,6/1/2026 5:21,1780976893,48:51.0,light
Salome,48:12.2,6/1/2026,6/1/2026 5:22,1780976893,48:51.1,light
Salome,48:12.2,6/1/2026,6/1/2026 5:23,1780976893,48:51.2,light
Salome,48:12.2,6/1/2026,6/1/2026 5:24,1780976893,48:51.4,light
Salome,48:12.2,6/1/2026,6/1/2026 5:25,1780976893,48:51.5,light
Salome,48:12.2,6/1/2026,6/1/2026 5:26,1780976893,48:51.7,light
Salome,48:12.2,6/1/2026,6/1/2026 5:27,1780976893,48:51.9,light
Salome,48:12.2,6/1/2026,6/1/2026 5:28,1780976893,48:52.1,light
Salome,48:12.2,6/1/2026,6/1/2026 5:29,1780976893,48:52.2,light
Salome,48:12.2,6/1/2026,6/1/2026 5:30,1780976893,48:52.4,light
Salome,48:12.2,6/1/2026,6/1/2026 5:31,1780976893,48:52.5,light
Salome,48:12.2,6/1/2026,6/1/2026 5:32,1780976893,48:52.7,light
Salome,48:12.2,6/1/2026,6/1/2026 5:33,1780976893,48:52.8,light
Salome,48:12.2,6/1/2026,6/1/2026 5:34,1780976893,48:53.0,light
Salome,48:12.2,6/1/2026,6/1/2026 5:35,1780976893,48:53.1,light
Salome,48:12.2,6/1/2026,6/1/2026 5:36,1780976893,48:53.2,light
Salome,48:12.2,6/1/2026,6/1/2026 5:37,1780976893,48:53.4,light
Salome,48:12.2,6/1/2026,6/1/2026 5:38,1780976893,48:53.5,light
Salome,48:12.2,6/1/2026,6/1/2026 5:39,1780976893,48:53.6,light
Salome,48:12.2,6/1/2026,6/1/2026 5:40,1780976893,48:53.8,light
Salome,48:12.2,6/1/2026,6/1/2026 5:41,1780976893,48:53.9,light
Salome,48:12.2,6/1/2026,6/1/2026 5:42,1780976893,48:54.0,light
Salome,48:12.2,6/1/2026,6/1/2026 5:43,1780976893,48:54.2,light
Salome,48:12.2,6/1/2026,6/1/2026 5:44,1780976893,48:54.3,light
Salome,48:12.2,6/1/2026,6/1/2026 5:45,1780976893,48:54.5,light
Salome,48:12.2,6/1/2026,6/1/2026 5:46,1780976893,48:54.6,light
Salome,48:12.2,6/1/2026,6/1/2026 5:47,1780976893,48:54.8,wake
Salome,48:12.2,6/1/2026,6/1/2026 9:28,1780976893,48:54.9,wake
Salome,48:12.2,6/1/2026,6/1/2026 9:29,1780976893,48:55.0,wake
Salome,48:12.2,6/1/2026,6/1/2026 9:30,1780976893,48:55.2,wake
Salome,48:12.2,6/1/2026,6/1/2026 9:31,1780976893,48:55.3,wake
Salome,48:12.2,6/1/2026,6/1/2026 9:32,1780976893,48:55.5,wake
Salome,48:12.2,6/1/2026,6/1/2026 9:33,1780976893,48:55.6,light
Salome,48:12.2,6/1/2026,6/1/2026 9:34,1780976893,48:55.8,light
Salome,48:12.2,6/1/2026,6/1/2026 9:35,1780976893,48:55.9,light
Salome,48:12.2,6/1/2026,6/1/2026 9:36,1780976893,48:56.1,light
Salome,48:12.2,6/1/2026,6/1/2026 9:37,1780976893,48:56.6,light
Salome,48:12.2,6/1/2026,6/1/2026 9:38,1780976893,48:56.9,light
Salome,48:12.2,6/1/2026,6/1/2026 9:39,1780976893,48:57.0,light
Salome,48:12.2,6/1/2026,6/1/2026 9:40,1780976893,48:57.1,light
Salome,48:12.2,6/1/2026,6/1/2026 9:41,1780976893,48:57.2,light
Salome,48:12.2,6/1/2026,6/1/2026 9:42,1780976893,48:57.4,light
Salome,48:12.2,6/1/2026,6/1/2026 9:43,1780976893,48:57.5,light
Salome,48:12.2,6/1/2026,6/1/2026 9:44,1780976893,48:57.7,light
Salome,48:12.2,6/1/2026,6/1/2026 9:45,1780976893,48:57.9,light
Salome,48:12.2,6/1/2026,6/1/2026 9:46,1780976893,48:58.0,deep
Salome,48:12.2,6/1/2026,6/1/2026 9:47,1780976893,48:58.2,deep
Salome,48:12.2,6/1/2026,6/1/2026 9:48,1780976893,48:58.4,light
Salome,48:12.2,6/1/2026,6/1/2026 9:49,1780976893,48:58.5,light
Salome,48:12.2,6/1/2026,6/1/2026 9:50,1780976893,48:59.0,light
Salome,48:12.2,6/1/2026,6/1/2026 9:51,1780976893,48:59.2,light
Salome,48:12.2,6/1/2026,6/1/2026 9:52,1780976893,48:59.3,light
Salome,48:12.2,6/1/2026,6/1/2026 9:53,1780976893,48:59.5,light
Salome,48:12.2,6/1/2026,6/1/2026 9:54,1780976893,48:59.6,light
Salome,48:12.2,6/1/2026,6/1/2026 9:55,1780976893,48:59.8,light
Salome,48:12.2,6/1/2026,6/1/2026 9:56,1780976893,49:00.0,light
Salome,48:12.2,6/1/2026,6/1/2026 9:57,1780976893,49:00.2,light
Salome,48:12.2,6/1/2026,6/1/2026 9:58,1780976893,49:00.4,light
Salome,48:12.2,6/1/2026,6/1/2026 9:59,1780976893,49:00.6,light
Salome,48:12.2,6/1/2026,6/1/2026 10:00,1780976893,49:00.7,light
Salome,48:12.2,6/1/2026,6/1/2026 10:01,1780976893,49:00.9,light
Salome,48:12.2,6/1/2026,6/1/2026 10:02,1780976893,49:01.5,light
Salome,48:12.2,6/1/2026,6/1/2026 10:03,1780976893,49:01.7,light
Salome,48:12.2,6/1/2026,6/1/2026 10:04,1780976893,49:01.9,deep
Salome,48:12.2,6/1/2026,6/1/2026 10:05,1780976893,49:02.0,deep
Salome,48:12.2,6/1/2026,6/1/2026 10:06,1780976893,49:02.1,deep
Salome,48:12.2,6/1/2026,6/1/2026 10:07,1780976893,49:02.8,deep
Salome,48:12.2,6/1/2026,6/1/2026 10:08,1780976893,49:02.9,deep
Salome,48:12.2,6/1/2026,6/1/2026 10:09,1780976893,49:03.1,deep
Salome,48:12.2,6/1/2026,6/1/2026 10:10,1780976893,49:03.3,deep
Salome,48:12.2,6/1/2026,6/1/2026 10:11,1780976893,49:03.4,deep
Salome,48:12.2,6/1/2026,6/1/2026 10:12,1780976893,49:03.6,deep
Salome,48:12.2,6/1/2026,6/1/2026 10:13,1780976893,49:03.9,deep
Salome,48:12.2,6/1/2026,6/1/2026 10:14,1780976893,49:04.0,deep
Salome,48:12.2,6/1/2026,6/1/2026 10:15,1780976893,49:04.2,deep
Salome,48:12.2,6/1/2026,6/1/2026 10:16,1780976893,49:04.4,deep
Salome,48:12.2,6/1/2026,6/1/2026 10:17,1780976893,49:04.6,deep
Salome,48:12.2,6/1/2026,6/1/2026 10:18,1780976893,49:04.7,deep
Salome,48:12.2,6/1/2026,6/1/2026 10:19,1780976893,49:04.9,deep
Salome,48:12.2,6/1/2026,6/1/2026 10:20,1780976893,49:05.1,deep
Salome,48:12.2,6/1/2026,6/1/2026 10:21,1780976893,49:05.2,deep
Salome,48:12.2,6/1/2026,6/1/2026 10:22,1780976893,49:05.4,light
Salome,48:12.2,6/1/2026,6/1/2026 10:23,1780976893,49:05.6,light
Salome,48:12.2,6/1/2026,6/1/2026 10:24,1780976893,49:05.8,light
Salome,48:12.2,6/1/2026,6/1/2026 10:25,1780976893,49:06.0,light
Salome,48:12.2,6/1/2026,6/1/2026 10:26,1780976893,49:06.1,light
Salome,48:12.2,6/1/2026,6/1/2026 10:27,1780976893,49:06.3,light
Salome,48:12.2,6/1/2026,6/1/2026 10:28,1780976893,49:06.4,light
Salome,48:12.2,6/1/2026,6/1/2026 10:29,1780976893,49:06.7,rem
Salome,48:12.2,6/1/2026,6/1/2026 10:30,1780976893,49:06.9,rem
Salome,48:12.2,6/1/2026,6/1/2026 10:31,1780976893,49:07.0,rem
Salome,48:12.2,6/1/2026,6/1/2026 10:32,1780976893,49:07.2,rem
Salome,48:12.2,6/1/2026,6/1/2026 10:33,1780976893,49:07.4,rem
Salome,48:12.2,6/1/2026,6/1/2026 10:34,1780976893,49:07.6,rem
Salome,48:12.2,6/1/2026,6/1/2026 10:35,1780976893,49:07.7,rem
Salome,48:12.2,6/1/2026,6/1/2026 10:36,1780976893,49:07.8,rem
Salome,48:12.2,6/1/2026,6/1/2026 10:37,1780976893,49:08.0,rem
Salome,48:12.2,6/1/2026,6/1/2026 10:38,1780976893,49:08.2,rem
Salome,48:12.2,6/1/2026,6/1/2026 10:39,1780976893,49:08.4,rem
Salome,48:12.2,6/1/2026,6/1/2026 10:40,1780976893,49:08.5,rem
Salome,48:12.2,6/1/2026,6/1/2026 10:41,1780976893,49:08.7,rem
Salome,48:12.2,6/1/2026,6/1/2026 10:42,1780976893,49:08.9,rem
Salome,48:12.2,6/1/2026,6/1/2026 10:43,1780976893,49:09.1,rem
Salome,48:12.2,6/1/2026,6/1/2026 10:44,1780976893,49:09.2,rem
Salome,48:12.2,6/1/2026,6/1/2026 10:45,1780976893,49:09.4,rem
Salome,48:12.2,6/1/2026,6/1/2026 10:46,1780976893,49:09.5,rem
Salome,48:12.2,6/1/2026,6/1/2026 10:47,1780976893,49:09.8,rem
Salome,48:12.2,6/1/2026,6/1/2026 10:48,1780976893,49:10.0,rem
Salome,48:12.2,6/1/2026,6/1/2026 10:49,1780976893,49:10.1,rem
Salome,48:12.2,6/1/2026,6/1/2026 10:50,1780976893,49:10.3,rem
Salome,48:12.2,6/1/2026,6/1/2026 10:51,1780976893,49:10.4,rem
Salome,48:12.2,6/1/2026,6/1/2026 10:52,1780976893,49:10.6,rem
Salome,48:12.2,6/1/2026,6/1/2026 10:53,1780976893,49:10.7,rem
Salome,48:12.2,6/1/2026,6/1/2026 10:54,1780976893,49:10.9,rem
Salome,48:12.2,6/1/2026,6/1/2026 10:55,1780976893,49:11.0,rem
Salome,48:12.2,6/1/2026,6/1/2026 10:56,1780976893,49:11.1,rem
Salome,48:12.2,6/1/2026,6/1/2026 10:57,1780976893,49:11.3,rem
Salome,48:12.2,6/1/2026,6/1/2026 10:58,1780976893,49:11.4,rem
Salome,48:12.2,6/1/2026,6/1/2026 10:59,1780976893,49:11.6,rem
Salome,48:12.2,6/1/2026,6/1/2026 11:00,1780976893,49:11.7,rem
Salome,48:12.2,6/1/2026,6/1/2026 11:01,1780976893,49:11.9,rem
Salome,48:12.2,6/1/2026,6/1/2026 11:02,1780976893,49:12.0,rem
Salome,48:12.2,6/1/2026,6/1/2026 11:03,1780976893,49:12.2,rem
Salome,48:12.2,6/1/2026,6/1/2026 11:04,1780976893,49:12.3,rem
Salome,48:12.2,6/1/2026,6/1/2026 11:05,1780976893,49:12.5,rem
Salome,48:12.2,6/1/2026,6/1/2026 11:06,1780976893,49:12.6,rem
Salome,48:12.2,6/1/2026,6/1/2026 11:07,1780976893,49:12.8,rem
Salome,48:12.2,6/1/2026,6/1/2026 11:08,1780976893,49:12.9,rem
Salome,48:12.2,6/1/2026,6/1/2026 11:09,1780976893,49:13.1,rem
Salome,48:12.2,6/1/2026,6/1/2026 11:10,1780976893,49:13.2,rem
Salome,48:12.2,6/1/2026,6/1/2026 11:11,1780976893,49:13.4,rem
Salome,48:12.2,6/1/2026,6/1/2026 11:12,1780976893,49:13.5,rem
Salome,48:12.2,6/1/2026,6/1/2026 11:13,1780976893,49:13.7,rem
Salome,48:12.2,6/1/2026,6/1/2026 11:14,1780976893,49:13.8,light
Salome,48:12.2,6/1/2026,6/1/2026 11:15,1780976893,49:13.9,light
Salome,48:12.2,6/1/2026,6/1/2026 11:16,1780976893,49:14.1,light
Salome,48:12.2,6/1/2026,6/1/2026 11:17,1780976893,49:14.2,light
Salome,48:12.2,6/1/2026,6/1/2026 11:18,1780976893,49:14.5,light
Salome,48:12.2,6/1/2026,6/1/2026 11:19,1780976893,49:14.7,light
Salome,48:12.2,6/1/2026,6/1/2026 11:20,1780976893,49:14.8,light
Salome,48:12.2,6/1/2026,6/1/2026 11:21,1780976893,49:14.9,light
Salome,46:28.9,6/2/2026,6/2/2026 1:51,1780980389,46:30.3,wake
Salome,46:28.9,6/2/2026,6/2/2026 1:52,1780980389,46:31.5,wake
Salome,46:28.9,6/2/2026,6/2/2026 1:53,1780980389,46:31.8,wake
Salome,46:28.9,6/2/2026,6/2/2026 1:54,1780980389,46:32.0,wake
Salome,46:28.9,6/2/2026,6/2/2026 1:55,1780980389,46:32.2,wake
Salome,46:28.9,6/2/2026,6/2/2026 1:56,1780980389,46:32.4,light
Salome,46:28.9,6/2/2026,6/2/2026 1:57,1780980389,46:32.6,light
Salome,46:28.9,6/2/2026,6/2/2026 1:58,1780980389,46:32.8,light
Salome,46:28.9,6/2/2026,6/2/2026 1:59,1780980389,46:33.0,light
Salome,46:28.9,6/2/2026,6/2/2026 2:00,1780980389,46:33.2,light
Salome,46:28.9,6/2/2026,6/2/2026 2:01,1780980389,46:33.4,light
Salome,46:28.9,6/2/2026,6/2/2026 2:02,1780980389,46:33.7,light
Salome,46:28.9,6/2/2026,6/2/2026 2:03,1780980389,46:33.8,light
Salome,46:28.9,6/2/2026,6/2/2026 2:04,1780980389,46:34.1,light
Salome,46:28.9,6/2/2026,6/2/2026 2:05,1780980389,46:34.2,light
Salome,46:28.9,6/2/2026,6/2/2026 2:06,1780980389,46:34.4,light
Salome,46:28.9,6/2/2026,6/2/2026 2:07,1780980389,46:34.6,deep
Salome,46:28.9,6/2/2026,6/2/2026 2:08,1780980389,46:34.8,deep
Salome,46:28.9,6/2/2026,6/2/2026 2:09,1780980389,46:35.5,deep
Salome,46:28.9,6/2/2026,6/2/2026 2:10,1780980389,46:35.8,deep
Salome,46:28.9,6/2/2026,6/2/2026 2:11,1780980389,46:36.1,deep
Salome,46:28.9,6/2/2026,6/2/2026 2:12,1780980389,46:36.3,deep
Salome,46:28.9,6/2/2026,6/2/2026 2:13,1780980389,46:36.5,deep
Salome,46:28.9,6/2/2026,6/2/2026 2:14,1780980389,46:36.7,deep
Salome,46:28.9,6/2/2026,6/2/2026 2:15,1780980389,46:36.8,deep
Salome,46:28.9,6/2/2026,6/2/2026 2:16,1780980389,46:37.0,deep
Salome,46:28.9,6/2/2026,6/2/2026 2:17,1780980389,46:37.2,deep
Salome,46:28.9,6/2/2026,6/2/2026 2:18,1780980389,46:37.4,deep
Salome,46:28.9,6/2/2026,6/2/2026 2:19,1780980389,46:37.5,deep
Salome,46:28.9,6/2/2026,6/2/2026 2:20,1780980389,46:37.7,deep
Salome,46:28.9,6/2/2026,6/2/2026 2:21,1780980389,46:37.9,deep
Salome,46:28.9,6/2/2026,6/2/2026 2:22,1780980389,46:38.0,deep
Salome,46:28.9,6/2/2026,6/2/2026 2:23,1780980389,46:38.2,deep
Salome,46:28.9,6/2/2026,6/2/2026 2:24,1780980389,46:38.3,deep
Salome,46:28.9,6/2/2026,6/2/2026 2:25,1780980389,46:38.5,deep
Salome,46:28.9,6/2/2026,6/2/2026 2:26,1780980389,46:38.6,deep
Salome,46:28.9,6/2/2026,6/2/2026 2:27,1780980389,46:38.8,deep
Salome,46:28.9,6/2/2026,6/2/2026 2:28,1780980389,46:39.0,deep
Salome,46:28.9,6/2/2026,6/2/2026 2:29,1780980389,46:39.1,deep
Salome,46:28.9,6/2/2026,6/2/2026 2:30,1780980389,46:39.3,deep
Salome,46:28.9,6/2/2026,6/2/2026 2:31,1780980389,46:39.5,deep
Salome,46:28.9,6/2/2026,6/2/2026 2:32,1780980389,46:39.7,deep
Salome,46:28.9,6/2/2026,6/2/2026 2:33,1780980389,46:39.9,deep
Salome,46:28.9,6/2/2026,6/2/2026 2:34,1780980389,46:40.0,deep
Salome,46:28.9,6/2/2026,6/2/2026 2:35,1780980389,46:40.2,deep
Salome,46:28.9,6/2/2026,6/2/2026 2:36,1780980389,46:40.4,deep
Salome,46:28.9,6/2/2026,6/2/2026 2:37,1780980389,46:40.6,deep
Salome,46:28.9,6/2/2026,6/2/2026 2:38,1780980389,46:40.8,deep
Salome,46:28.9,6/2/2026,6/2/2026 2:39,1780980389,46:40.9,deep
Salome,46:28.9,6/2/2026,6/2/2026 2:40,1780980389,46:41.1,light
Salome,46:28.9,6/2/2026,6/2/2026 2:41,1780980389,46:41.3,light
Salome,46:28.9,6/2/2026,6/2/2026 2:42,1780980389,46:41.5,light
Salome,46:28.9,6/2/2026,6/2/2026 2:43,1780980389,46:41.6,light
Salome,46:28.9,6/2/2026,6/2/2026 2:44,1780980389,46:41.8,light
Salome,46:28.9,6/2/2026,6/2/2026 2:45,1780980389,46:42.0,light
Salome,46:28.9,6/2/2026,6/2/2026 2:46,1780980389,46:42.4,light
Salome,46:28.9,6/2/2026,6/2/2026 2:47,1780980389,46:42.5,light
Salome,46:28.9,6/2/2026,6/2/2026 2:48,1780980389,46:42.7,light
Salome,46:28.9,6/2/2026,6/2/2026 2:49,1780980389,46:42.9,light
Salome,46:28.9,6/2/2026,6/2/2026 2:50,1780980389,46:43.0,light
Salome,46:28.9,6/2/2026,6/2/2026 2:51,1780980389,46:43.2,light
Salome,46:28.9,6/2/2026,6/2/2026 2:52,1780980389,46:43.3,light
Salome,46:28.9,6/2/2026,6/2/2026 2:53,1780980389,46:43.5,light
Salome,46:28.9,6/2/2026,6/2/2026 2:54,1780980389,46:43.7,deep
Salome,46:28.9,6/2/2026,6/2/2026 2:55,1780980389,46:43.8,deep
Salome,46:28.9,6/2/2026,6/2/2026 2:56,1780980389,46:44.0,deep
Salome,46:28.9,6/2/2026,6/2/2026 2:57,1780980389,46:44.2,light
Salome,46:28.9,6/2/2026,6/2/2026 2:58,1780980389,46:44.3,light
Salome,46:28.9,6/2/2026,6/2/2026 2:59,1780980389,46:44.5,light
Salome,46:28.9,6/2/2026,6/2/2026 3:00,1780980389,46:44.7,light
Salome,46:28.9,6/2/2026,6/2/2026 3:01,1780980389,46:44.8,rem
Salome,46:28.9,6/2/2026,6/2/2026 3:02,1780980389,46:45.0,rem
Salome,46:28.9,6/2/2026,6/2/2026 3:03,1780980389,46:45.2,rem
Salome,46:28.9,6/2/2026,6/2/2026 3:04,1780980389,46:45.3,rem
Salome,46:28.9,6/2/2026,6/2/2026 3:05,1780980389,46:45.5,rem
Salome,46:28.9,6/2/2026,6/2/2026 3:06,1780980389,46:45.7,rem
Salome,46:28.9,6/2/2026,6/2/2026 3:07,1780980389,46:45.9,rem
Salome,46:28.9,6/2/2026,6/2/2026 3:08,1780980389,46:46.0,rem
Salome,46:28.9,6/2/2026,6/2/2026 3:09,1780980389,46:46.2,rem
Salome,46:28.9,6/2/2026,6/2/2026 3:10,1780980389,46:46.4,rem
Salome,46:28.9,6/2/2026,6/2/2026 3:11,1780980389,46:46.6,rem
Salome,46:28.9,6/2/2026,6/2/2026 3:12,1780980389,46:46.8,rem
Salome,46:28.9,6/2/2026,6/2/2026 3:13,1780980389,46:46.9,rem
Salome,46:28.9,6/2/2026,6/2/2026 3:14,1780980389,46:47.1,rem
Salome,46:28.9,6/2/2026,6/2/2026 3:15,1780980389,46:47.3,light
Salome,46:28.9,6/2/2026,6/2/2026 3:16,1780980389,46:47.5,light
Salome,46:28.9,6/2/2026,6/2/2026 3:17,1780980389,46:47.7,light
Salome,46:28.9,6/2/2026,6/2/2026 3:18,1780980389,46:47.9,light
Salome,46:28.9,6/2/2026,6/2/2026 3:19,1780980389,46:48.0,light
Salome,46:28.9,6/2/2026,6/2/2026 3:20,1780980389,46:48.2,light
Salome,46:28.9,6/2/2026,6/2/2026 3:21,1780980389,46:48.4,light
Salome,46:28.9,6/2/2026,6/2/2026 3:22,1780980389,46:48.6,light
Salome,46:28.9,6/2/2026,6/2/2026 3:23,1780980389,46:48.8,light
Salome,46:28.9,6/2/2026,6/2/2026 3:24,1780980389,46:49.0,light
Salome,46:28.9,6/2/2026,6/2/2026 3:25,1780980389,46:49.1,light
Salome,46:28.9,6/2/2026,6/2/2026 3:26,1780980389,46:49.3,light
Salome,46:28.9,6/2/2026,6/2/2026 3:27,1780980389,46:49.5,light
Salome,46:28.9,6/2/2026,6/2/2026 3:28,1780980389,46:49.7,light
Salome,46:28.9,6/2/2026,6/2/2026 3:29,1780980389,46:49.9,light
Salome,46:28.9,6/2/2026,6/2/2026 3:30,1780980389,46:50.1,light
Salome,46:28.9,6/2/2026,6/2/2026 3:31,1780980389,46:50.5,light
Salome,46:28.9,6/2/2026,6/2/2026 3:32,1780980389,46:50.7,light
Salome,46:28.9,6/2/2026,6/2/2026 3:33,1780980389,46:50.8,deep
Salome,46:28.9,6/2/2026,6/2/2026 3:34,1780980389,46:51.0,deep
Salome,46:28.9,6/2/2026,6/2/2026 3:35,1780980389,46:51.2,deep
Salome,46:28.9,6/2/2026,6/2/2026 3:36,1780980389,46:51.4,deep
Salome,46:28.9,6/2/2026,6/2/2026 3:37,1780980389,46:51.6,deep
Salome,46:28.9,6/2/2026,6/2/2026 3:38,1780980389,46:51.8,deep
Salome,46:28.9,6/2/2026,6/2/2026 3:39,1780980389,46:52.2,deep
Salome,46:28.9,6/2/2026,6/2/2026 3:40,1780980389,46:52.4,deep
Salome,46:28.9,6/2/2026,6/2/2026 3:41,1780980389,46:52.6,deep
Salome,46:28.9,6/2/2026,6/2/2026 3:42,1780980389,46:52.7,deep
Salome,46:28.9,6/2/2026,6/2/2026 3:43,1780980389,46:52.9,deep
Salome,46:28.9,6/2/2026,6/2/2026 3:44,1780980389,46:53.1,deep
Salome,46:28.9,6/2/2026,6/2/2026 3:45,1780980389,46:53.2,deep
Salome,46:28.9,6/2/2026,6/2/2026 3:46,1780980389,46:53.4,deep
Salome,46:28.9,6/2/2026,6/2/2026 3:47,1780980389,46:53.6,light
Salome,46:28.9,6/2/2026,6/2/2026 3:48,1780980389,46:53.8,light
Salome,46:28.9,6/2/2026,6/2/2026 3:49,1780980389,46:53.9,light
Salome,46:28.9,6/2/2026,6/2/2026 3:50,1780980389,46:54.1,light
Salome,46:28.9,6/2/2026,6/2/2026 3:51,1780980389,46:54.5,light
Salome,46:28.9,6/2/2026,6/2/2026 3:52,1780980389,46:54.6,light
Salome,46:28.9,6/2/2026,6/2/2026 3:53,1780980389,46:54.8,light
Salome,46:28.9,6/2/2026,6/2/2026 3:54,1780980389,46:55.0,light
Salome,46:28.9,6/2/2026,6/2/2026 3:55,1780980389,46:55.2,light
Salome,46:28.9,6/2/2026,6/2/2026 3:56,1780980389,46:55.3,deep
Salome,46:28.9,6/2/2026,6/2/2026 3:57,1780980389,46:55.5,deep
Salome,46:28.9,6/2/2026,6/2/2026 3:58,1780980389,46:55.7,deep
Salome,46:28.9,6/2/2026,6/2/2026 3:59,1780980389,46:55.9,deep
Salome,46:28.9,6/2/2026,6/2/2026 4:00,1780980389,46:56.0,deep
Salome,46:28.9,6/2/2026,6/2/2026 4:01,1780980389,46:56.2,deep
Salome,46:28.9,6/2/2026,6/2/2026 4:02,1780980389,46:56.4,deep
Salome,46:28.9,6/2/2026,6/2/2026 4:03,1780980389,46:56.6,deep
Salome,46:28.9,6/2/2026,6/2/2026 4:04,1780980389,46:57.2,deep
Salome,46:28.9,6/2/2026,6/2/2026 4:05,1780980389,46:57.4,deep
Salome,46:28.9,6/2/2026,6/2/2026 4:06,1780980389,46:57.5,deep
Salome,46:28.9,6/2/2026,6/2/2026 4:07,1780980389,46:57.7,deep
Salome,46:28.9,6/2/2026,6/2/2026 4:08,1780980389,46:58.0,light
Salome,46:28.9,6/2/2026,6/2/2026 4:09,1780980389,46:58.2,light
Salome,46:28.9,6/2/2026,6/2/2026 4:10,1780980389,46:58.4,light
Salome,46:28.9,6/2/2026,6/2/2026 4:11,1780980389,46:58.6,light
Salome,46:28.9,6/2/2026,6/2/2026 4:12,1780980389,46:58.8,light
Salome,46:28.9,6/2/2026,6/2/2026 4:13,1780980389,46:58.9,light
Salome,46:28.9,6/2/2026,6/2/2026 4:14,1780980389,46:59.1,light
Salome,46:28.9,6/2/2026,6/2/2026 4:15,1780980389,46:59.3,light
Salome,46:28.9,6/2/2026,6/2/2026 4:16,1780980389,46:59.5,light
Salome,46:28.9,6/2/2026,6/2/2026 4:17,1780980389,46:59.7,light
Salome,46:28.9,6/2/2026,6/2/2026 4:18,1780980389,46:59.9,light
Salome,46:28.9,6/2/2026,6/2/2026 4:19,1780980389,47:00.0,light
Salome,46:28.9,6/2/2026,6/2/2026 4:20,1780980389,47:00.2,rem
Salome,46:28.9,6/2/2026,6/2/2026 4:21,1780980389,47:00.4,rem
Salome,46:28.9,6/2/2026,6/2/2026 4:22,1780980389,47:00.6,rem
Salome,46:28.9,6/2/2026,6/2/2026 4:23,1780980389,47:00.9,rem
Salome,46:28.9,6/2/2026,6/2/2026 4:24,1780980389,47:01.4,rem
Salome,46:28.9,6/2/2026,6/2/2026 4:25,1780980389,47:01.6,rem
Salome,46:28.9,6/2/2026,6/2/2026 4:26,1780980389,47:01.9,rem
Salome,46:28.9,6/2/2026,6/2/2026 4:27,1780980389,47:02.2,rem
Salome,46:28.9,6/2/2026,6/2/2026 4:28,1780980389,47:02.3,rem
Salome,46:28.9,6/2/2026,6/2/2026 4:29,1780980389,47:02.5,rem
Salome,46:28.9,6/2/2026,6/2/2026 4:30,1780980389,47:02.9,rem
Salome,46:28.9,6/2/2026,6/2/2026 4:31,1780980389,47:03.1,rem
Salome,46:28.9,6/2/2026,6/2/2026 4:32,1780980389,47:03.3,rem
Salome,46:28.9,6/2/2026,6/2/2026 4:33,1780980389,47:03.6,rem
Salome,46:28.9,6/2/2026,6/2/2026 4:34,1780980389,47:03.7,rem
Salome,46:28.9,6/2/2026,6/2/2026 4:35,1780980389,47:03.9,rem
Salome,46:28.9,6/2/2026,6/2/2026 4:36,1780980389,47:04.1,rem
Salome,46:28.9,6/2/2026,6/2/2026 4:37,1780980389,47:04.3,rem
Salome,46:28.9,6/2/2026,6/2/2026 4:38,1780980389,47:04.6,rem
Salome,46:28.9,6/2/2026,6/2/2026 4:39,1780980389,47:04.8,rem
Salome,46:28.9,6/2/2026,6/2/2026 4:40,1780980389,47:05.3,rem
Salome,46:28.9,6/2/2026,6/2/2026 4:41,1780980389,47:05.8,rem
Salome,46:28.9,6/2/2026,6/2/2026 4:42,1780980389,47:06.0,rem
Salome,46:28.9,6/2/2026,6/2/2026 4:43,1780980389,47:06.2,rem
Salome,46:28.9,6/2/2026,6/2/2026 4:44,1780980389,47:06.4,rem
Salome,46:28.9,6/2/2026,6/2/2026 4:45,1780980389,47:06.7,rem
Salome,46:28.9,6/2/2026,6/2/2026 4:46,1780980389,47:06.9,rem
Salome,46:28.9,6/2/2026,6/2/2026 4:47,1780980389,47:07.1,rem
Salome,46:28.9,6/2/2026,6/2/2026 4:48,1780980389,47:07.3,rem
Salome,46:28.9,6/2/2026,6/2/2026 4:49,1780980389,47:07.5,rem
Salome,46:28.9,6/2/2026,6/2/2026 4:50,1780980389,47:07.8,rem
Salome,46:28.9,6/2/2026,6/2/2026 4:51,1780980389,47:08.4,rem
Salome,46:28.9,6/2/2026,6/2/2026 4:52,1780980389,47:08.5,rem
Salome,46:28.9,6/2/2026,6/2/2026 4:53,1780980389,47:08.7,rem
Salome,46:28.9,6/2/2026,6/2/2026 4:54,1780980389,47:08.9,rem
Salome,46:28.9,6/2/2026,6/2/2026 4:55,1780980389,47:09.0,rem
Salome,46:28.9,6/2/2026,6/2/2026 4:56,1780980389,47:09.2,rem
Salome,46:28.9,6/2/2026,6/2/2026 4:57,1780980389,47:09.4,rem
Salome,46:28.9,6/2/2026,6/2/2026 4:58,1780980389,47:09.5,light
Salome,46:28.9,6/2/2026,6/2/2026 4:59,1780980389,47:09.7,light
Salome,46:28.9,6/2/2026,6/2/2026 5:00,1780980389,47:09.9,light
Salome,46:28.9,6/2/2026,6/2/2026 5:01,1780980389,47:10.0,light
Salome,46:28.9,6/2/2026,6/2/2026 5:02,1780980389,47:10.2,light
Salome,46:28.9,6/2/2026,6/2/2026 5:03,1780980389,47:10.4,light
Salome,46:28.9,6/2/2026,6/2/2026 5:04,1780980389,47:10.6,light
Salome,46:28.9,6/2/2026,6/2/2026 5:05,1780980389,47:10.7,light
Salome,46:28.9,6/2/2026,6/2/2026 5:06,1780980389,47:10.9,light
Salome,46:28.9,6/2/2026,6/2/2026 5:07,1780980389,47:11.1,light
Salome,46:28.9,6/2/2026,6/2/2026 5:08,1780980389,47:11.2,light
Salome,46:28.9,6/2/2026,6/2/2026 5:09,1780980389,47:11.4,light
Salome,46:28.9,6/2/2026,6/2/2026 5:10,1780980389,47:11.5,light
Salome,46:28.9,6/2/2026,6/2/2026 5:11,1780980389,47:11.7,light
Salome,46:28.9,6/2/2026,6/2/2026 5:12,1780980389,47:11.8,light
Salome,46:28.9,6/2/2026,6/2/2026 5:13,1780980389,47:12.0,light
Salome,46:28.9,6/2/2026,6/2/2026 5:14,1780980389,47:12.2,light
Salome,46:28.9,6/2/2026,6/2/2026 5:15,1780980389,47:12.4,light
Salome,46:28.9,6/2/2026,6/2/2026 5:16,1780980389,47:12.6,light
Salome,46:28.9,6/2/2026,6/2/2026 5:17,1780980389,47:12.8,light
Salome,46:28.9,6/2/2026,6/2/2026 5:18,1780980389,47:12.9,deep
Salome,46:28.9,6/2/2026,6/2/2026 5:19,1780980389,47:13.1,deep
Salome,46:28.9,6/2/2026,6/2/2026 5:20,1780980389,47:13.3,deep
Salome,46:28.9,6/2/2026,6/2/2026 5:21,1780980389,47:13.4,deep
Salome,46:28.9,6/2/2026,6/2/2026 5:22,1780980389,47:13.6,deep
Salome,46:28.9,6/2/2026,6/2/2026 5:23,1780980389,47:14.2,deep
Salome,46:28.9,6/2/2026,6/2/2026 5:24,1780980389,47:14.4,deep
Salome,46:28.9,6/2/2026,6/2/2026 5:25,1780980389,47:14.6,deep
Salome,46:28.9,6/2/2026,6/2/2026 5:26,1780980389,47:14.8,deep
Salome,46:28.9,6/2/2026,6/2/2026 5:27,1780980389,47:15.0,deep
Salome,46:28.9,6/2/2026,6/2/2026 5:28,1780980389,47:15.2,deep
Salome,46:28.9,6/2/2026,6/2/2026 5:29,1780980389,47:15.4,deep
Salome,46:28.9,6/2/2026,6/2/2026 5:30,1780980389,47:15.6,deep
Salome,46:28.9,6/2/2026,6/2/2026 5:31,1780980389,47:16.0,light
Salome,46:28.9,6/2/2026,6/2/2026 5:32,1780980389,47:16.1,light
Salome,46:28.9,6/2/2026,6/2/2026 5:33,1780980389,47:16.6,light
Salome,46:28.9,6/2/2026,6/2/2026 5:34,1780980389,47:16.8,light
Salome,46:28.9,6/2/2026,6/2/2026 5:35,1780980389,47:16.9,light
Salome,46:28.9,6/2/2026,6/2/2026 5:36,1780980389,47:17.1,light
Salome,46:28.9,6/2/2026,6/2/2026 5:37,1780980389,47:17.3,light
Salome,46:28.9,6/2/2026,6/2/2026 5:38,1780980389,47:17.5,light
Salome,46:28.9,6/2/2026,6/2/2026 5:39,1780980389,47:17.7,light
Salome,46:28.9,6/2/2026,6/2/2026 5:40,1780980389,47:17.8,light
Salome,46:28.9,6/2/2026,6/2/2026 5:41,1780980389,47:18.0,light
Salome,46:28.9,6/2/2026,6/2/2026 5:42,1780980389,47:18.2,light
Salome,46:28.9,6/2/2026,6/2/2026 5:43,1780980389,47:18.3,light
Salome,46:28.9,6/2/2026,6/2/2026 5:44,1780980389,47:18.5,light
Salome,46:28.9,6/2/2026,6/2/2026 5:45,1780980389,47:18.7,light
Salome,46:28.9,6/2/2026,6/2/2026 5:46,1780980389,47:18.8,light
Salome,46:28.9,6/2/2026,6/2/2026 5:47,1780980389,47:19.0,light
Salome,46:28.9,6/2/2026,6/2/2026 5:48,1780980389,47:19.1,light
Salome,46:28.9,6/2/2026,6/2/2026 5:49,1780980389,47:19.3,light
Salome,46:28.9,6/2/2026,6/2/2026 5:50,1780980389,47:19.4,light
Salome,46:28.9,6/2/2026,6/2/2026 5:51,1780980389,47:19.8,light
Salome,46:28.9,6/2/2026,6/2/2026 5:52,1780980389,47:20.9,light
Salome,46:28.9,6/2/2026,6/2/2026 5:53,1780980389,47:21.0,light
Salome,46:28.9,6/2/2026,6/2/2026 5:54,1780980389,47:21.2,light
Salome,46:28.9,6/2/2026,6/2/2026 5:55,1780980389,47:21.3,light
Salome,46:28.9,6/2/2026,6/2/2026 5:56,1780980389,47:21.5,light
Salome,46:28.9,6/2/2026,6/2/2026 5:57,1780980389,47:21.7,light
Salome,46:28.9,6/2/2026,6/2/2026 5:58,1780980389,47:21.9,light
Salome,46:28.9,6/2/2026,6/2/2026 5:59,1780980389,47:22.1,light
Salome,46:28.9,6/2/2026,6/2/2026 6:00,1780980389,47:22.2,light
Salome,46:28.9,6/2/2026,6/2/2026 6:01,1780980389,47:22.7,light
Salome,46:28.9,6/2/2026,6/2/2026 6:02,1780980389,47:23.0,light
Salome,46:28.9,6/2/2026,6/2/2026 6:03,1780980389,47:23.2,light
Salome,46:28.9,6/2/2026,6/2/2026 6:04,1780980389,47:23.4,light
Salome,46:28.9,6/2/2026,6/2/2026 6:05,1780980389,47:23.6,light
Salome,46:28.9,6/2/2026,6/2/2026 6:06,1780980389,47:23.8,light
Salome,46:28.9,6/2/2026,6/2/2026 6:07,1780980389,47:23.9,light
Salome,46:28.9,6/2/2026,6/2/2026 6:08,1780980389,47:24.1,light
Salome,46:28.9,6/2/2026,6/2/2026 6:09,1780980389,47:24.3,light
Salome,46:28.9,6/2/2026,6/2/2026 6:10,1780980389,47:24.5,light
Salome,46:28.9,6/2/2026,6/2/2026 6:11,1780980389,47:24.7,light
Salome,46:28.9,6/2/2026,6/2/2026 6:12,1780980389,47:24.9,light
Salome,46:28.9,6/2/2026,6/2/2026 6:13,1780980389,47:25.0,light
Salome,46:28.9,6/2/2026,6/2/2026 6:14,1780980389,47:25.1,light
Salome,46:28.9,6/2/2026,6/2/2026 6:15,1780980389,47:25.3,light
Salome,46:28.9,6/2/2026,6/2/2026 6:16,1780980389,47:25.5,light
Salome,46:28.9,6/2/2026,6/2/2026 6:17,1780980389,47:25.6,deep
Salome,46:28.9,6/2/2026,6/2/2026 6:18,1780980389,47:26.0,deep
Salome,46:28.9,6/2/2026,6/2/2026 6:19,1780980389,47:26.2,deep
Salome,46:28.9,6/2/2026,6/2/2026 6:20,1780980389,47:26.3,deep
Salome,46:28.9,6/2/2026,6/2/2026 6:21,1780980389,47:26.5,deep
Salome,46:28.9,6/2/2026,6/2/2026 6:22,1780980389,47:26.6,light
Salome,46:28.9,6/2/2026,6/2/2026 6:23,1780980389,47:26.8,light
Salome,46:28.9,6/2/2026,6/2/2026 6:24,1780980389,47:27.0,light
Salome,46:28.9,6/2/2026,6/2/2026 6:25,1780980389,47:27.1,light
Salome,46:28.9,6/2/2026,6/2/2026 6:26,1780980389,47:27.3,light
Salome,46:28.9,6/2/2026,6/2/2026 6:27,1780980389,47:27.4,light
Salome,46:28.9,6/2/2026,6/2/2026 6:28,1780980389,47:27.6,light
Salome,46:28.9,6/2/2026,6/2/2026 6:29,1780980389,47:27.7,light
Salome,46:28.9,6/2/2026,6/2/2026 6:30,1780980389,47:27.9,light
Salome,46:28.9,6/2/2026,6/2/2026 6:31,1780980389,47:28.1,light
Salome,46:28.9,6/2/2026,6/2/2026 6:32,1780980389,47:28.2,light
Salome,46:28.9,6/2/2026,6/2/2026 6:33,1780980389,47:28.4,light
Salome,46:28.9,6/2/2026,6/2/2026 6:34,1780980389,47:28.5,light
Salome,46:28.9,6/2/2026,6/2/2026 6:35,1780980389,47:28.7,light
Salome,46:28.9,6/2/2026,6/2/2026 6:36,1780980389,47:28.8,light
Salome,46:28.9,6/2/2026,6/2/2026 6:37,1780980389,47:29.0,rem
Salome,46:28.9,6/2/2026,6/2/2026 6:38,1780980389,47:29.2,rem
Salome,46:28.9,6/2/2026,6/2/2026 6:39,1780980389,47:29.3,rem
Salome,46:28.9,6/2/2026,6/2/2026 6:40,1780980389,47:29.5,rem
Salome,46:28.9,6/2/2026,6/2/2026 6:41,1780980389,47:29.6,rem
Salome,46:28.9,6/2/2026,6/2/2026 6:42,1780980389,47:29.8,rem
Salome,46:28.9,6/2/2026,6/2/2026 6:43,1780980389,47:30.1,rem
Salome,46:28.9,6/2/2026,6/2/2026 6:44,1780980389,47:30.2,rem
Salome,46:28.9,6/2/2026,6/2/2026 6:45,1780980389,47:30.5,rem
Salome,46:28.9,6/2/2026,6/2/2026 6:46,1780980389,47:30.7,rem
Salome,46:28.9,6/2/2026,6/2/2026 6:47,1780980389,47:30.9,rem
Salome,46:28.9,6/2/2026,6/2/2026 6:48,1780980389,47:31.0,rem
Salome,46:28.9,6/2/2026,6/2/2026 6:49,1780980389,47:31.2,rem
Salome,46:28.9,6/2/2026,6/2/2026 6:50,1780980389,47:31.4,rem
Salome,46:28.9,6/2/2026,6/2/2026 6:51,1780980389,47:31.6,rem
Salome,46:28.9,6/2/2026,6/2/2026 6:52,1780980389,47:31.7,rem
Salome,46:28.9,6/2/2026,6/2/2026 6:53,1780980389,47:31.9,rem
Salome,46:28.9,6/2/2026,6/2/2026 6:54,1780980389,47:32.1,rem
Salome,46:28.9,6/2/2026,6/2/2026 6:55,1780980389,47:32.2,rem
Salome,46:28.9,6/2/2026,6/2/2026 6:56,1780980389,47:32.4,rem
Salome,46:28.9,6/2/2026,6/2/2026 6:57,1780980389,47:32.6,rem
Salome,46:28.9,6/2/2026,6/2/2026 6:58,1780980389,47:32.8,rem
Salome,46:28.9,6/2/2026,6/2/2026 6:59,1780980389,47:33.0,rem
Salome,46:28.9,6/2/2026,6/2/2026 7:00,1780980389,47:33.2,rem
Salome,46:28.9,6/2/2026,6/2/2026 7:01,1780980389,47:33.4,rem
Salome,46:28.9,6/2/2026,6/2/2026 7:02,1780980389,47:33.6,rem
Salome,46:28.9,6/2/2026,6/2/2026 7:03,1780980389,47:33.8,rem
Salome,46:28.9,6/2/2026,6/2/2026 7:04,1780980389,47:34.0,rem
Salome,46:28.9,6/2/2026,6/2/2026 7:05,1780980389,47:34.2,rem
Salome,46:28.9,6/2/2026,6/2/2026 7:06,1780980389,47:34.4,rem
Salome,46:28.9,6/2/2026,6/2/2026 7:07,1780980389,47:34.6,rem
Salome,46:28.9,6/2/2026,6/2/2026 7:08,1780980389,47:34.8,rem
Salome,46:28.9,6/2/2026,6/2/2026 7:09,1780980389,47:35.0,rem
Salome,46:28.9,6/2/2026,6/2/2026 7:10,1780980389,47:35.4,rem
Salome,46:28.9,6/2/2026,6/2/2026 7:11,1780980389,47:35.9,rem
Salome,46:28.9,6/2/2026,6/2/2026 7:12,1780980389,47:36.1,rem
Salome,46:28.9,6/2/2026,6/2/2026 7:13,1780980389,47:36.3,rem
Salome,46:28.9,6/2/2026,6/2/2026 7:14,1780980389,47:36.5,rem
Salome,46:28.9,6/2/2026,6/2/2026 7:15,1780980389,47:37.2,rem
Salome,46:28.9,6/2/2026,6/2/2026 7:16,1780980389,47:37.7,rem
Salome,46:28.9,6/2/2026,6/2/2026 7:17,1780980389,47:37.9,rem
Salome,46:28.9,6/2/2026,6/2/2026 7:18,1780980389,47:38.1,rem
Salome,46:28.9,6/2/2026,6/2/2026 7:19,1780980389,47:38.3,rem
Salome,46:28.9,6/2/2026,6/2/2026 7:20,1780980389,47:38.5,rem
Salome,46:28.9,6/2/2026,6/2/2026 7:21,1780980389,47:38.7,rem
Salome,46:28.9,6/2/2026,6/2/2026 7:22,1780980389,47:39.0,rem
Salome,46:28.9,6/2/2026,6/2/2026 7:23,1780980389,47:39.2,rem
Salome,46:28.9,6/2/2026,6/2/2026 7:24,1780980389,47:39.5,rem
Salome,46:28.9,6/2/2026,6/2/2026 7:25,1780980389,47:39.7,rem
Salome,46:28.9,6/2/2026,6/2/2026 7:26,1780980389,47:39.9,rem
Salome,46:28.9,6/2/2026,6/2/2026 7:27,1780980389,47:40.1,rem
Salome,46:28.9,6/2/2026,6/2/2026 7:28,1780980389,47:40.3,rem
Salome,46:28.9,6/2/2026,6/2/2026 7:29,1780980389,47:40.5,rem
Salome,46:28.9,6/2/2026,6/2/2026 7:30,1780980389,47:40.7,rem
Salome,46:28.9,6/2/2026,6/2/2026 7:31,1780980389,47:41.0,rem
Salome,46:28.9,6/2/2026,6/2/2026 7:32,1780980389,47:41.2,rem
Salome,46:28.9,6/2/2026,6/2/2026 7:33,1780980389,47:41.4,rem
Salome,46:28.9,6/2/2026,6/2/2026 7:34,1780980389,47:41.7,light
Salome,46:28.9,6/2/2026,6/2/2026 7:35,1780980389,47:41.8,light
Salome,46:28.9,6/2/2026,6/2/2026 7:36,1780980389,47:42.0,light
Salome,46:28.9,6/2/2026,6/2/2026 7:37,1780980389,47:42.2,light
Salome,46:28.9,6/2/2026,6/2/2026 7:38,1780980389,47:42.4,light
Salome,46:28.9,6/2/2026,6/2/2026 7:39,1780980389,47:42.5,light
Salome,46:28.9,6/2/2026,6/2/2026 7:40,1780980389,47:42.7,light
Salome,46:28.9,6/2/2026,6/2/2026 7:41,1780980389,47:42.9,light
Salome,46:28.9,6/2/2026,6/2/2026 7:42,1780980389,47:43.1,light
Salome,46:28.9,6/2/2026,6/2/2026 7:43,1780980389,47:43.3,light
Salome,46:28.9,6/2/2026,6/2/2026 7:44,1780980389,47:43.5,light
Salome,46:28.9,6/2/2026,6/2/2026 7:45,1780980389,47:43.6,light
Salome,46:28.9,6/2/2026,6/2/2026 7:46,1780980389,47:43.8,light
Salome,46:28.9,6/2/2026,6/2/2026 7:47,1780980389,47:44.0,light
Salome,46:28.9,6/2/2026,6/2/2026 7:48,1780980389,47:44.2,light
Salome,46:28.9,6/2/2026,6/2/2026 7:49,1780980389,47:44.4,light
Salome,46:28.9,6/2/2026,6/2/2026 7:50,1780980389,47:44.5,light
Salome,46:28.9,6/2/2026,6/2/2026 7:51,1780980389,47:44.7,light
Salome,46:28.9,6/2/2026,6/2/2026 7:52,1780980389,47:44.9,light
Salome,46:28.9,6/2/2026,6/2/2026 7:53,1780980389,47:45.1,light
Salome,46:28.9,6/2/2026,6/2/2026 7:54,1780980389,47:45.2,light
Salome,46:28.9,6/2/2026,6/2/2026 7:55,1780980389,47:45.4,light
Salome,46:28.9,6/2/2026,6/2/2026 7:56,1780980389,47:45.6,light
Salome,46:28.9,6/2/2026,6/2/2026 7:57,1780980389,47:45.9,light
Salome,46:28.9,6/2/2026,6/2/2026 7:58,1780980389,47:46.1,light
Salome,46:28.9,6/2/2026,6/2/2026 7:59,1780980389,47:46.2,light
Salome,46:28.9,6/2/2026,6/2/2026 8:00,1780980389,47:46.5,light
Salome,46:28.9,6/2/2026,6/2/2026 8:01,1780980389,47:46.7,deep
Salome,46:28.9,6/2/2026,6/2/2026 8:02,1780980389,47:46.9,deep
Salome,46:28.9,6/2/2026,6/2/2026 8:03,1780980389,47:47.1,deep
Salome,46:28.9,6/2/2026,6/2/2026 8:04,1780980389,47:47.6,light
Salome,46:28.9,6/2/2026,6/2/2026 8:05,1780980389,47:47.8,light
Salome,46:28.9,6/2/2026,6/2/2026 8:06,1780980389,47:48.0,light
Salome,46:28.9,6/2/2026,6/2/2026 8:07,1780980389,47:48.1,light
Salome,46:28.9,6/2/2026,6/2/2026 8:08,1780980389,47:48.3,light
Salome,46:28.9,6/2/2026,6/2/2026 8:09,1780980389,47:48.5,light
Salome,46:28.9,6/2/2026,6/2/2026 8:10,1780980389,47:48.6,light
Salome,46:28.9,6/2/2026,6/2/2026 8:11,1780980389,47:49.0,light
Salome,46:28.9,6/2/2026,6/2/2026 8:12,1780980389,47:49.1,light
Salome,46:28.9,6/2/2026,6/2/2026 8:13,1780980389,47:49.3,light
Salome,46:28.9,6/2/2026,6/2/2026 8:14,1780980389,47:49.9,light
Salome,46:28.9,6/2/2026,6/2/2026 8:15,1780980389,47:50.1,light
Salome,46:28.9,6/2/2026,6/2/2026 8:16,1780980389,47:50.2,light
Salome,46:28.9,6/2/2026,6/2/2026 8:17,1780980389,47:50.4,light
Salome,46:28.9,6/2/2026,6/2/2026 8:18,1780980389,47:50.6,light
Salome,46:28.9,6/2/2026,6/2/2026 8:19,1780980389,47:50.7,light
Salome,46:28.9,6/2/2026,6/2/2026 8:20,1780980389,47:50.9,light
Salome,46:28.9,6/2/2026,6/2/2026 8:21,1780980389,47:51.1,light
Salome,46:28.9,6/2/2026,6/2/2026 8:22,1780980389,47:51.3,light
Salome,46:28.9,6/2/2026,6/2/2026 8:23,1780980389,47:51.5,light
Salome,46:28.9,6/2/2026,6/2/2026 8:24,1780980389,47:51.6,light
Salome,46:28.9,6/2/2026,6/2/2026 8:25,1780980389,47:51.8,light
Salome,46:28.9,6/2/2026,6/2/2026 8:26,1780980389,47:52.0,light
Salome,46:28.9,6/2/2026,6/2/2026 8:27,1780980389,47:52.2,light
Salome,46:28.9,6/2/2026,6/2/2026 8:28,1780980389,47:52.3,deep
Salome,46:28.9,6/2/2026,6/2/2026 8:29,1780980389,47:52.5,deep
Salome,46:28.9,6/2/2026,6/2/2026 8:30,1780980389,47:52.7,deep
Salome,46:28.9,6/2/2026,6/2/2026 8:31,1780980389,47:52.8,deep
Salome,46:28.9,6/2/2026,6/2/2026 8:32,1780980389,47:53.0,deep
Salome,46:28.9,6/2/2026,6/2/2026 8:33,1780980389,47:53.1,light
Salome,46:28.9,6/2/2026,6/2/2026 8:34,1780980389,47:53.4,light
Salome,46:28.9,6/2/2026,6/2/2026 8:35,1780980389,47:53.5,light
Salome,46:28.9,6/2/2026,6/2/2026 8:36,1780980389,47:53.7,light
Salome,46:28.9,6/2/2026,6/2/2026 8:37,1780980389,47:53.8,light
Salome,46:28.9,6/2/2026,6/2/2026 8:38,1780980389,47:54.0,light
Salome,46:28.9,6/2/2026,6/2/2026 8:39,1780980389,47:54.2,rem
Salome,46:28.9,6/2/2026,6/2/2026 8:40,1780980389,47:54.4,rem
Salome,46:28.9,6/2/2026,6/2/2026 8:41,1780980389,47:54.5,rem
Salome,46:28.9,6/2/2026,6/2/2026 8:42,1780980389,47:54.7,rem
Salome,46:28.9,6/2/2026,6/2/2026 8:43,1780980389,47:54.8,rem
Salome,46:28.9,6/2/2026,6/2/2026 8:44,1780980389,47:55.0,rem
Salome,46:28.9,6/2/2026,6/2/2026 8:45,1780980389,47:55.2,rem
Salome,46:28.9,6/2/2026,6/2/2026 8:46,1780980389,47:55.4,rem
Salome,46:28.9,6/2/2026,6/2/2026 8:47,1780980389,47:55.8,rem
Salome,46:28.9,6/2/2026,6/2/2026 8:48,1780980389,47:56.0,rem
Salome,46:28.9,6/2/2026,6/2/2026 8:49,1780980389,47:56.2,rem
Salome,46:28.9,6/2/2026,6/2/2026 8:50,1780980389,47:56.3,rem
Salome,46:28.9,6/2/2026,6/2/2026 8:51,1780980389,47:56.7,rem
Salome,46:28.9,6/2/2026,6/2/2026 8:52,1780980389,47:56.9,rem
Salome,46:28.9,6/2/2026,6/2/2026 8:53,1780980389,47:57.0,rem
Salome,46:28.9,6/2/2026,6/2/2026 8:54,1780980389,47:57.2,rem
Salome,46:28.9,6/2/2026,6/2/2026 8:55,1780980389,47:57.4,rem
Salome,46:28.9,6/2/2026,6/2/2026 8:56,1780980389,47:57.6,rem
Salome,46:28.9,6/2/2026,6/2/2026 8:57,1780980389,47:57.8,rem
Salome,46:28.9,6/2/2026,6/2/2026 8:58,1780980389,47:57.9,rem
Salome,46:28.9,6/2/2026,6/2/2026 8:59,1780980389,47:58.1,rem
Salome,46:28.9,6/2/2026,6/2/2026 9:00,1780980389,47:58.3,rem
Salome,46:28.9,6/2/2026,6/2/2026 9:01,1780980389,47:58.5,rem
Salome,46:28.9,6/2/2026,6/2/2026 9:02,1780980389,47:58.7,rem
Salome,46:28.9,6/2/2026,6/2/2026 9:03,1780980389,47:58.9,rem
Salome,46:28.9,6/2/2026,6/2/2026 9:04,1780980389,47:59.1,rem
Salome,46:28.9,6/2/2026,6/2/2026 9:05,1780980389,47:59.7,light
Salome,46:28.9,6/2/2026,6/2/2026 9:06,1780980389,47:59.9,light
Salome,46:28.9,6/2/2026,6/2/2026 9:07,1780980389,48:00.1,light
Salome,56:23.2,6/3/2026,6/3/2026 0:56,1780980984,56:25.1,wake
Salome,56:23.2,6/3/2026,6/3/2026 0:57,1780980984,56:26.5,wake
Salome,56:23.2,6/3/2026,6/3/2026 0:58,1780980984,56:26.7,wake
Salome,56:23.2,6/3/2026,6/3/2026 0:59,1780980984,56:27.0,wake
Salome,56:23.2,6/3/2026,6/3/2026 1:00,1780980984,56:27.4,wake
Salome,56:23.2,6/3/2026,6/3/2026 1:01,1780980984,56:27.6,wake
Salome,56:23.2,6/3/2026,6/3/2026 1:02,1780980984,56:27.9,wake
Salome,56:23.2,6/3/2026,6/3/2026 1:03,1780980984,56:28.1,wake
Salome,56:23.2,6/3/2026,6/3/2026 1:04,1780980984,56:28.3,wake
Salome,56:23.2,6/3/2026,6/3/2026 1:05,1780980984,56:28.5,wake
Salome,56:23.2,6/3/2026,6/3/2026 1:06,1780980984,56:28.8,light
Salome,56:23.2,6/3/2026,6/3/2026 1:07,1780980984,56:29.0,light
Salome,56:23.2,6/3/2026,6/3/2026 1:08,1780980984,56:29.2,light
Salome,56:23.2,6/3/2026,6/3/2026 1:09,1780980984,56:29.4,light
Salome,56:23.2,6/3/2026,6/3/2026 1:10,1780980984,56:29.6,light
Salome,56:23.2,6/3/2026,6/3/2026 1:11,1780980984,56:29.8,light
Salome,56:23.2,6/3/2026,6/3/2026 1:12,1780980984,56:30.0,light
Salome,56:23.2,6/3/2026,6/3/2026 1:13,1780980984,56:30.2,light
Salome,56:23.2,6/3/2026,6/3/2026 1:14,1780980984,56:30.4,light
Salome,56:23.2,6/3/2026,6/3/2026 1:15,1780980984,56:30.6,light
Salome,56:23.2,6/3/2026,6/3/2026 1:16,1780980984,56:30.8,light
Salome,56:23.2,6/3/2026,6/3/2026 1:17,1780980984,56:31.4,light
Salome,56:23.2,6/3/2026,6/3/2026 1:18,1780980984,56:31.6,light
Salome,56:23.2,6/3/2026,6/3/2026 1:19,1780980984,56:31.7,light
Salome,56:23.2,6/3/2026,6/3/2026 1:20,1780980984,56:32.1,deep
Salome,56:23.2,6/3/2026,6/3/2026 1:21,1780980984,56:32.5,deep
Salome,56:23.2,6/3/2026,6/3/2026 1:22,1780980984,56:32.6,deep
Salome,56:23.2,6/3/2026,6/3/2026 1:23,1780980984,56:32.8,deep
Salome,56:23.2,6/3/2026,6/3/2026 1:24,1780980984,56:33.0,deep
Salome,56:23.2,6/3/2026,6/3/2026 1:25,1780980984,56:33.3,deep
Salome,56:23.2,6/3/2026,6/3/2026 1:26,1780980984,56:33.5,deep
Salome,56:23.2,6/3/2026,6/3/2026 1:27,1780980984,56:33.7,deep
Salome,56:23.2,6/3/2026,6/3/2026 1:28,1780980984,56:33.9,deep
Salome,56:23.2,6/3/2026,6/3/2026 1:29,1780980984,56:34.0,deep
Salome,56:23.2,6/3/2026,6/3/2026 1:30,1780980984,56:34.2,deep
Salome,56:23.2,6/3/2026,6/3/2026 1:31,1780980984,56:34.4,deep
Salome,56:23.2,6/3/2026,6/3/2026 1:32,1780980984,56:34.6,deep
Salome,56:23.2,6/3/2026,6/3/2026 1:33,1780980984,56:34.8,deep
Salome,56:23.2,6/3/2026,6/3/2026 1:34,1780980984,56:35.1,deep
Salome,56:23.2,6/3/2026,6/3/2026 1:35,1780980984,56:35.3,deep
Salome,56:23.2,6/3/2026,6/3/2026 1:36,1780980984,56:35.4,deep
Salome,56:23.2,6/3/2026,6/3/2026 1:37,1780980984,56:35.6,deep
Salome,56:23.2,6/3/2026,6/3/2026 1:38,1780980984,56:35.8,deep
Salome,56:23.2,6/3/2026,6/3/2026 1:39,1780980984,56:36.0,deep
Salome,56:23.2,6/3/2026,6/3/2026 1:40,1780980984,56:36.1,deep
Salome,56:23.2,6/3/2026,6/3/2026 1:41,1780980984,56:36.3,deep
Salome,56:23.2,6/3/2026,6/3/2026 1:42,1780980984,56:36.5,deep
Salome,56:23.2,6/3/2026,6/3/2026 1:43,1780980984,56:37.1,deep
Salome,56:23.2,6/3/2026,6/3/2026 1:44,1780980984,56:37.2,deep
Salome,56:23.2,6/3/2026,6/3/2026 1:45,1780980984,56:37.4,deep
Salome,56:23.2,6/3/2026,6/3/2026 1:46,1780980984,56:37.7,deep
Salome,56:23.2,6/3/2026,6/3/2026 1:47,1780980984,56:37.9,deep
Salome,56:23.2,6/3/2026,6/3/2026 1:48,1780980984,56:38.1,deep
Salome,56:23.2,6/3/2026,6/3/2026 1:49,1780980984,56:38.3,deep
Salome,56:23.2,6/3/2026,6/3/2026 1:50,1780980984,56:39.7,deep
Salome,56:23.2,6/3/2026,6/3/2026 1:51,1780980984,56:40.0,deep
Salome,56:23.2,6/3/2026,6/3/2026 1:52,1780980984,56:40.2,deep
Salome,56:23.2,6/3/2026,6/3/2026 1:53,1780980984,56:40.3,light
Salome,56:23.2,6/3/2026,6/3/2026 1:54,1780980984,56:40.6,light
Salome,56:23.2,6/3/2026,6/3/2026 1:55,1780980984,56:40.7,light
Salome,56:23.2,6/3/2026,6/3/2026 1:56,1780980984,56:40.9,light
Salome,56:23.2,6/3/2026,6/3/2026 1:57,1780980984,56:41.1,light
Salome,56:23.2,6/3/2026,6/3/2026 1:58,1780980984,56:41.3,light
Salome,56:23.2,6/3/2026,6/3/2026 1:59,1780980984,56:41.5,light
Salome,56:23.2,6/3/2026,6/3/2026 2:00,1780980984,56:41.7,light
Salome,56:23.2,6/3/2026,6/3/2026 2:01,1780980984,56:41.9,light
Salome,56:23.2,6/3/2026,6/3/2026 2:02,1780980984,56:42.1,light
Salome,56:23.2,6/3/2026,6/3/2026 2:03,1780980984,56:42.3,light
Salome,56:23.2,6/3/2026,6/3/2026 2:04,1780980984,56:42.5,light
Salome,56:23.2,6/3/2026,6/3/2026 2:05,1780980984,56:42.7,light
Salome,56:23.2,6/3/2026,6/3/2026 2:06,1780980984,56:42.9,rem
Salome,56:23.2,6/3/2026,6/3/2026 2:07,1780980984,56:43.1,rem
Salome,56:23.2,6/3/2026,6/3/2026 2:08,1780980984,56:43.2,rem
Salome,56:23.2,6/3/2026,6/3/2026 2:09,1780980984,56:43.4,rem
Salome,56:23.2,6/3/2026,6/3/2026 2:10,1780980984,56:43.6,rem
Salome,56:23.2,6/3/2026,6/3/2026 2:11,1780980984,56:43.8,rem
Salome,56:23.2,6/3/2026,6/3/2026 2:12,1780980984,56:44.0,rem
Salome,56:23.2,6/3/2026,6/3/2026 2:13,1780980984,56:44.1,rem
Salome,56:23.2,6/3/2026,6/3/2026 2:14,1780980984,56:44.3,rem
Salome,56:23.2,6/3/2026,6/3/2026 2:15,1780980984,56:44.5,rem
Salome,56:23.2,6/3/2026,6/3/2026 2:16,1780980984,56:44.7,rem
Salome,56:23.2,6/3/2026,6/3/2026 2:17,1780980984,56:44.9,rem
Salome,56:23.2,6/3/2026,6/3/2026 2:18,1780980984,56:45.1,rem
Salome,56:23.2,6/3/2026,6/3/2026 2:19,1780980984,56:45.3,rem
Salome,56:23.2,6/3/2026,6/3/2026 2:20,1780980984,56:45.4,rem
Salome,56:23.2,6/3/2026,6/3/2026 2:21,1780980984,56:45.7,rem
Salome,56:23.2,6/3/2026,6/3/2026 2:22,1780980984,56:45.9,light
Salome,56:23.2,6/3/2026,6/3/2026 2:23,1780980984,56:46.1,light
Salome,56:23.2,6/3/2026,6/3/2026 2:24,1780980984,56:46.6,light
Salome,56:23.2,6/3/2026,6/3/2026 2:25,1780980984,56:46.7,light
Salome,56:23.2,6/3/2026,6/3/2026 2:26,1780980984,56:46.9,light
Salome,56:23.2,6/3/2026,6/3/2026 2:27,1780980984,56:47.1,light
Salome,56:23.2,6/3/2026,6/3/2026 2:28,1780980984,56:47.3,light
Salome,56:23.2,6/3/2026,6/3/2026 2:29,1780980984,56:47.4,light
Salome,56:23.2,6/3/2026,6/3/2026 2:30,1780980984,56:47.6,light
Salome,56:23.2,6/3/2026,6/3/2026 2:31,1780980984,56:47.8,light
Salome,56:23.2,6/3/2026,6/3/2026 2:32,1780980984,56:48.0,light
Salome,56:23.2,6/3/2026,6/3/2026 2:33,1780980984,56:48.2,light
Salome,56:23.2,6/3/2026,6/3/2026 2:34,1780980984,56:48.4,light
Salome,56:23.2,6/3/2026,6/3/2026 2:35,1780980984,56:48.5,light
Salome,56:23.2,6/3/2026,6/3/2026 2:36,1780980984,56:48.7,light
Salome,56:23.2,6/3/2026,6/3/2026 2:37,1780980984,56:49.3,deep
Salome,56:23.2,6/3/2026,6/3/2026 2:38,1780980984,56:49.5,deep
Salome,56:23.2,6/3/2026,6/3/2026 2:39,1780980984,56:50.9,deep
Salome,56:23.2,6/3/2026,6/3/2026 2:40,1780980984,56:51.4,deep
Salome,56:23.2,6/3/2026,6/3/2026 2:41,1780980984,56:51.5,deep
Salome,56:23.2,6/3/2026,6/3/2026 2:42,1780980984,56:51.7,deep
Salome,56:23.2,6/3/2026,6/3/2026 2:43,1780980984,56:51.9,light
Salome,56:23.2,6/3/2026,6/3/2026 2:44,1780980984,56:52.1,light
Salome,56:23.2,6/3/2026,6/3/2026 2:45,1780980984,56:52.8,light
Salome,56:23.2,6/3/2026,6/3/2026 2:46,1780980984,56:53.0,light
Salome,56:23.2,6/3/2026,6/3/2026 2:47,1780980984,56:53.2,light
Salome,56:23.2,6/3/2026,6/3/2026 2:48,1780980984,56:53.4,light
Salome,56:23.2,6/3/2026,6/3/2026 2:49,1780980984,56:53.6,light
Salome,56:23.2,6/3/2026,6/3/2026 2:50,1780980984,56:53.7,light
Salome,56:23.2,6/3/2026,6/3/2026 2:51,1780980984,56:55.0,light
Salome,56:23.2,6/3/2026,6/3/2026 2:52,1780980984,56:55.1,light
Salome,56:23.2,6/3/2026,6/3/2026 2:53,1780980984,56:55.3,light
Salome,56:23.2,6/3/2026,6/3/2026 2:54,1780980984,56:55.5,light
Salome,56:23.2,6/3/2026,6/3/2026 2:55,1780980984,56:55.7,light
Salome,56:23.2,6/3/2026,6/3/2026 2:56,1780980984,56:55.8,light
Salome,56:23.2,6/3/2026,6/3/2026 2:57,1780980984,56:56.0,light
Salome,56:23.2,6/3/2026,6/3/2026 2:58,1780980984,56:56.9,light
Salome,56:23.2,6/3/2026,6/3/2026 2:59,1780980984,56:57.1,light
Salome,56:23.2,6/3/2026,6/3/2026 3:00,1780980984,56:57.3,deep
Salome,56:23.2,6/3/2026,6/3/2026 3:01,1780980984,56:57.4,deep
Salome,56:23.2,6/3/2026,6/3/2026 3:02,1780980984,56:57.6,deep
Salome,56:23.2,6/3/2026,6/3/2026 3:03,1780980984,56:57.8,deep
Salome,56:23.2,6/3/2026,6/3/2026 3:04,1780980984,56:58.0,deep
Salome,56:23.2,6/3/2026,6/3/2026 3:05,1780980984,56:58.3,deep
Salome,56:23.2,6/3/2026,6/3/2026 3:06,1780980984,56:58.5,deep
Salome,56:23.2,6/3/2026,6/3/2026 3:07,1780980984,56:58.7,deep
Salome,56:23.2,6/3/2026,6/3/2026 3:08,1780980984,56:58.8,deep
Salome,56:23.2,6/3/2026,6/3/2026 3:09,1780980984,56:59.0,deep
Salome,56:23.2,6/3/2026,6/3/2026 3:10,1780980984,56:59.2,deep
Salome,56:23.2,6/3/2026,6/3/2026 3:11,1780980984,56:59.3,deep
Salome,56:23.2,6/3/2026,6/3/2026 3:12,1780980984,56:59.5,deep
Salome,56:23.2,6/3/2026,6/3/2026 3:13,1780980984,56:59.7,deep
Salome,56:23.2,6/3/2026,6/3/2026 3:14,1780980984,56:59.8,deep
Salome,56:23.2,6/3/2026,6/3/2026 3:15,1780980984,57:00.0,deep
Salome,56:23.2,6/3/2026,6/3/2026 3:16,1780980984,57:00.2,deep
Salome,56:23.2,6/3/2026,6/3/2026 3:17,1780980984,57:00.4,deep
Salome,56:23.2,6/3/2026,6/3/2026 3:18,1780980984,57:00.5,deep
Salome,56:23.2,6/3/2026,6/3/2026 3:19,1780980984,57:00.7,deep
Salome,56:23.2,6/3/2026,6/3/2026 3:20,1780980984,57:00.8,deep
Salome,56:23.2,6/3/2026,6/3/2026 3:21,1780980984,57:01.0,deep
Salome,56:23.2,6/3/2026,6/3/2026 3:22,1780980984,57:01.1,deep
Salome,56:23.2,6/3/2026,6/3/2026 3:23,1780980984,57:01.4,deep
Salome,56:23.2,6/3/2026,6/3/2026 3:24,1780980984,57:01.6,deep
Salome,56:23.2,6/3/2026,6/3/2026 3:25,1780980984,57:01.8,light
Salome,56:23.2,6/3/2026,6/3/2026 3:26,1780980984,57:02.0,light
Salome,56:23.2,6/3/2026,6/3/2026 3:27,1780980984,57:02.2,light
Salome,56:23.2,6/3/2026,6/3/2026 3:28,1780980984,57:02.4,light
Salome,56:23.2,6/3/2026,6/3/2026 3:29,1780980984,57:02.7,light
Salome,56:23.2,6/3/2026,6/3/2026 3:30,1780980984,57:02.9,light
Salome,56:23.2,6/3/2026,6/3/2026 3:31,1780980984,57:03.2,light
Salome,56:23.2,6/3/2026,6/3/2026 3:32,1780980984,57:03.5,light
Salome,56:23.2,6/3/2026,6/3/2026 3:33,1780980984,57:04.6,light
Salome,56:23.2,6/3/2026,6/3/2026 3:34,1780980984,57:04.9,light
Salome,56:23.2,6/3/2026,6/3/2026 3:35,1780980984,57:07.0,deep
Salome,56:23.2,6/3/2026,6/3/2026 3:36,1780980984,57:07.2,deep
Salome,56:23.2,6/3/2026,6/3/2026 3:37,1780980984,57:07.4,deep
Salome,56:23.2,6/3/2026,6/3/2026 3:38,1780980984,57:07.6,deep
Salome,56:23.2,6/3/2026,6/3/2026 3:39,1780980984,57:08.0,deep
Salome,56:23.2,6/3/2026,6/3/2026 3:40,1780980984,57:08.2,deep
Salome,56:23.2,6/3/2026,6/3/2026 3:41,1780980984,57:08.5,deep
Salome,56:23.2,6/3/2026,6/3/2026 3:42,1780980984,57:08.7,deep
Salome,56:23.2,6/3/2026,6/3/2026 3:43,1780980984,57:08.9,light
Salome,56:23.2,6/3/2026,6/3/2026 3:44,1780980984,57:09.0,light
Salome,56:23.2,6/3/2026,6/3/2026 3:45,1780980984,57:10.0,light
Salome,56:23.2,6/3/2026,6/3/2026 3:46,1780980984,57:10.1,light
Salome,56:23.2,6/3/2026,6/3/2026 3:47,1780980984,57:10.4,light
Salome,56:23.2,6/3/2026,6/3/2026 3:48,1780980984,57:10.5,light
Salome,56:23.2,6/3/2026,6/3/2026 3:49,1780980984,57:10.7,rem
Salome,56:23.2,6/3/2026,6/3/2026 3:50,1780980984,57:10.9,rem
Salome,56:23.2,6/3/2026,6/3/2026 3:51,1780980984,57:11.1,rem
Salome,56:23.2,6/3/2026,6/3/2026 3:52,1780980984,57:11.3,rem
Salome,56:23.2,6/3/2026,6/3/2026 3:53,1780980984,57:11.4,rem
Salome,56:23.2,6/3/2026,6/3/2026 3:54,1780980984,57:11.6,rem
Salome,56:23.2,6/3/2026,6/3/2026 3:55,1780980984,57:11.7,rem
Salome,56:23.2,6/3/2026,6/3/2026 3:56,1780980984,57:11.9,rem
Salome,56:23.2,6/3/2026,6/3/2026 3:57,1780980984,57:12.1,rem
Salome,56:23.2,6/3/2026,6/3/2026 3:58,1780980984,57:12.9,rem
Salome,56:23.2,6/3/2026,6/3/2026 3:59,1780980984,57:13.1,rem
Salome,56:23.2,6/3/2026,6/3/2026 4:00,1780980984,57:13.3,rem
Salome,56:23.2,6/3/2026,6/3/2026 4:01,1780980984,57:13.5,rem
Salome,56:23.2,6/3/2026,6/3/2026 4:02,1780980984,57:13.8,rem
Salome,56:23.2,6/3/2026,6/3/2026 4:03,1780980984,57:14.0,rem
Salome,56:23.2,6/3/2026,6/3/2026 4:04,1780980984,57:14.2,rem
Salome,56:23.2,6/3/2026,6/3/2026 4:05,1780980984,57:14.4,rem
Salome,56:23.2,6/3/2026,6/3/2026 4:06,1780980984,57:14.6,rem
Salome,56:23.2,6/3/2026,6/3/2026 4:07,1780980984,57:14.8,rem
Salome,56:23.2,6/3/2026,6/3/2026 4:08,1780980984,57:15.3,rem
Salome,56:23.2,6/3/2026,6/3/2026 4:09,1780980984,57:15.5,rem
Salome,56:23.2,6/3/2026,6/3/2026 4:10,1780980984,57:15.7,rem
Salome,56:23.2,6/3/2026,6/3/2026 4:11,1780980984,57:16.0,rem
Salome,56:23.2,6/3/2026,6/3/2026 4:12,1780980984,57:16.5,rem
Salome,56:23.2,6/3/2026,6/3/2026 4:13,1780980984,57:16.6,rem
Salome,56:23.2,6/3/2026,6/3/2026 4:14,1780980984,57:16.8,rem
Salome,56:23.2,6/3/2026,6/3/2026 4:15,1780980984,57:16.9,rem
Salome,56:23.2,6/3/2026,6/3/2026 4:16,1780980984,57:17.2,rem
Salome,56:23.2,6/3/2026,6/3/2026 4:17,1780980984,57:17.4,rem
Salome,56:23.2,6/3/2026,6/3/2026 4:18,1780980984,57:17.6,light
Salome,56:23.2,6/3/2026,6/3/2026 4:19,1780980984,57:18.8,light
Salome,56:23.2,6/3/2026,6/3/2026 4:20,1780980984,57:19.1,light
Salome,56:23.2,6/3/2026,6/3/2026 4:21,1780980984,57:19.3,light
Salome,56:23.2,6/3/2026,6/3/2026 4:22,1780980984,57:19.4,light
Salome,56:23.2,6/3/2026,6/3/2026 4:23,1780980984,57:19.6,light
Salome,56:23.2,6/3/2026,6/3/2026 4:24,1780980984,57:19.8,light
Salome,56:23.2,6/3/2026,6/3/2026 4:25,1780980984,57:19.9,light
Salome,56:23.2,6/3/2026,6/3/2026 4:26,1780980984,57:20.1,light
Salome,56:23.2,6/3/2026,6/3/2026 4:27,1780980984,57:20.3,light
Salome,56:23.2,6/3/2026,6/3/2026 4:28,1780980984,57:21.6,light
Salome,56:23.2,6/3/2026,6/3/2026 4:29,1780980984,57:21.8,light
Salome,56:23.2,6/3/2026,6/3/2026 4:30,1780980984,57:22.0,light
Salome,56:23.2,6/3/2026,6/3/2026 4:31,1780980984,57:22.2,light
Salome,56:23.2,6/3/2026,6/3/2026 4:32,1780980984,57:22.3,light
Salome,56:23.2,6/3/2026,6/3/2026 4:33,1780980984,57:22.5,light
Salome,56:23.2,6/3/2026,6/3/2026 4:34,1780980984,57:22.7,light
Salome,56:23.2,6/3/2026,6/3/2026 4:35,1780980984,57:22.9,light
Salome,56:23.2,6/3/2026,6/3/2026 4:36,1780980984,57:23.5,light
Salome,56:23.2,6/3/2026,6/3/2026 4:37,1780980984,57:23.7,light
Salome,56:23.2,6/3/2026,6/3/2026 4:38,1780980984,57:23.9,light
Salome,56:23.2,6/3/2026,6/3/2026 4:39,1780980984,57:24.9,light
Salome,56:23.2,6/3/2026,6/3/2026 4:40,1780980984,57:25.1,light
Salome,56:23.2,6/3/2026,6/3/2026 4:41,1780980984,57:25.3,light
Salome,56:23.2,6/3/2026,6/3/2026 4:42,1780980984,57:25.4,light
Salome,56:23.2,6/3/2026,6/3/2026 4:43,1780980984,57:25.7,light
Salome,56:23.2,6/3/2026,6/3/2026 4:44,1780980984,57:25.8,light
Salome,56:23.2,6/3/2026,6/3/2026 4:45,1780980984,57:26.0,light
Salome,56:23.2,6/3/2026,6/3/2026 4:46,1780980984,57:26.2,light
Salome,56:23.2,6/3/2026,6/3/2026 4:47,1780980984,57:26.4,light
Salome,56:23.2,6/3/2026,6/3/2026 4:48,1780980984,57:26.6,light
Salome,56:23.2,6/3/2026,6/3/2026 4:49,1780980984,57:26.8,light
Salome,56:23.2,6/3/2026,6/3/2026 4:50,1780980984,57:26.9,deep
Salome,56:23.2,6/3/2026,6/3/2026 4:51,1780980984,57:27.1,deep
Salome,56:23.2,6/3/2026,6/3/2026 4:52,1780980984,57:27.2,deep
Salome,56:23.2,6/3/2026,6/3/2026 4:53,1780980984,57:27.4,deep
Salome,56:23.2,6/3/2026,6/3/2026 4:54,1780980984,57:28.1,deep
Salome,56:23.2,6/3/2026,6/3/2026 4:55,1780980984,57:28.3,light
Salome,56:23.2,6/3/2026,6/3/2026 4:56,1780980984,57:28.5,light
Salome,56:23.2,6/3/2026,6/3/2026 4:57,1780980984,57:28.7,light
Salome,56:23.2,6/3/2026,6/3/2026 4:58,1780980984,57:28.9,light
Salome,56:23.2,6/3/2026,6/3/2026 4:59,1780980984,57:29.0,light
Salome,56:23.2,6/3/2026,6/3/2026 5:00,1780980984,57:29.2,light
Salome,56:23.2,6/3/2026,6/3/2026 5:01,1780980984,57:29.3,light
Salome,56:23.2,6/3/2026,6/3/2026 5:02,1780980984,57:29.9,light
Salome,56:23.2,6/3/2026,6/3/2026 5:03,1780980984,57:30.1,light
Salome,56:23.2,6/3/2026,6/3/2026 5:04,1780980984,57:30.2,light
Salome,56:23.2,6/3/2026,6/3/2026 5:05,1780980984,57:30.4,light
Salome,56:23.2,6/3/2026,6/3/2026 5:06,1780980984,57:30.5,light
Salome,56:23.2,6/3/2026,6/3/2026 5:07,1780980984,57:30.7,light
Salome,56:23.2,6/3/2026,6/3/2026 5:08,1780980984,57:30.8,light
Salome,56:23.2,6/3/2026,6/3/2026 5:09,1780980984,57:31.0,light
Salome,56:23.2,6/3/2026,6/3/2026 5:10,1780980984,57:31.1,light
Salome,56:23.2,6/3/2026,6/3/2026 5:11,1780980984,57:31.3,light
Salome,56:23.2,6/3/2026,6/3/2026 5:12,1780980984,57:31.5,light
Salome,56:23.2,6/3/2026,6/3/2026 5:13,1780980984,57:31.6,deep
Salome,56:23.2,6/3/2026,6/3/2026 5:14,1780980984,57:31.8,deep
Salome,56:23.2,6/3/2026,6/3/2026 5:15,1780980984,57:32.1,deep
Salome,56:23.2,6/3/2026,6/3/2026 5:16,1780980984,57:32.2,deep
Salome,56:23.2,6/3/2026,6/3/2026 5:17,1780980984,57:32.4,deep
Salome,56:23.2,6/3/2026,6/3/2026 5:18,1780980984,57:32.5,deep
Salome,56:23.2,6/3/2026,6/3/2026 5:19,1780980984,57:33.6,deep
Salome,56:23.2,6/3/2026,6/3/2026 5:20,1780980984,57:33.8,light
Salome,56:23.2,6/3/2026,6/3/2026 5:21,1780980984,57:33.9,light
Salome,56:23.2,6/3/2026,6/3/2026 5:22,1780980984,57:34.1,light
Salome,56:23.2,6/3/2026,6/3/2026 5:23,1780980984,57:34.3,light
Salome,56:23.2,6/3/2026,6/3/2026 5:24,1780980984,57:34.5,light
Salome,56:23.2,6/3/2026,6/3/2026 5:25,1780980984,57:34.7,light
Salome,56:23.2,6/3/2026,6/3/2026 5:26,1780980984,57:34.9,light
Salome,56:23.2,6/3/2026,6/3/2026 5:27,1780980984,57:35.1,light
Salome,56:23.2,6/3/2026,6/3/2026 5:28,1780980984,57:35.3,light
Salome,56:23.2,6/3/2026,6/3/2026 5:29,1780980984,57:35.5,light
Salome,56:23.2,6/3/2026,6/3/2026 5:30,1780980984,57:35.6,light
Salome,00:21.9,6/4/2026,6/4/2026 2:47,1780981223,00:25.8,wake
Salome,00:21.9,6/4/2026,6/4/2026 2:48,1780981223,00:26.1,wake
Salome,00:21.9,6/4/2026,6/4/2026 2:49,1780981223,00:26.4,wake
Salome,00:21.9,6/4/2026,6/4/2026 2:50,1780981223,00:26.6,light
Salome,00:21.9,6/4/2026,6/4/2026 2:51,1780981223,00:26.9,light
Salome,00:21.9,6/4/2026,6/4/2026 2:52,1780981223,00:27.1,light
Salome,00:21.9,6/4/2026,6/4/2026 2:53,1780981223,00:27.4,light
Salome,00:21.9,6/4/2026,6/4/2026 2:54,1780981223,00:27.7,light
Salome,00:21.9,6/4/2026,6/4/2026 2:55,1780981223,00:27.9,light
Salome,00:21.9,6/4/2026,6/4/2026 2:56,1780981223,00:28.2,light
Salome,00:21.9,6/4/2026,6/4/2026 2:57,1780981223,00:28.7,light
Salome,00:21.9,6/4/2026,6/4/2026 2:58,1780981223,00:29.0,light
Salome,00:21.9,6/4/2026,6/4/2026 2:59,1780981223,00:29.2,light
Salome,00:21.9,6/4/2026,6/4/2026 3:00,1780981223,00:29.5,light
Salome,00:21.9,6/4/2026,6/4/2026 3:01,1780981223,00:30.7,light
Salome,00:21.9,6/4/2026,6/4/2026 3:02,1780981223,00:31.0,light
Salome,00:21.9,6/4/2026,6/4/2026 3:03,1780981223,00:31.3,deep
Salome,00:21.9,6/4/2026,6/4/2026 3:04,1780981223,00:31.5,deep
Salome,00:21.9,6/4/2026,6/4/2026 3:05,1780981223,00:31.8,deep
Salome,00:21.9,6/4/2026,6/4/2026 3:06,1780981223,00:32.1,deep
Salome,00:21.9,6/4/2026,6/4/2026 3:07,1780981223,00:32.4,deep
Salome,00:21.9,6/4/2026,6/4/2026 3:08,1780981223,00:32.7,deep
Salome,00:21.9,6/4/2026,6/4/2026 3:09,1780981223,00:33.0,deep
Salome,00:21.9,6/4/2026,6/4/2026 3:10,1780981223,00:33.3,deep
Salome,00:21.9,6/4/2026,6/4/2026 3:11,1780981223,00:33.6,deep
Salome,00:21.9,6/4/2026,6/4/2026 3:12,1780981223,00:33.8,deep
Salome,00:21.9,6/4/2026,6/4/2026 3:13,1780981223,00:34.1,deep
Salome,00:21.9,6/4/2026,6/4/2026 3:14,1780981223,00:34.4,deep
Salome,00:21.9,6/4/2026,6/4/2026 3:15,1780981223,00:35.2,deep
Salome,00:21.9,6/4/2026,6/4/2026 3:16,1780981223,00:35.5,deep
Salome,00:21.9,6/4/2026,6/4/2026 3:17,1780981223,00:35.8,deep
Salome,00:21.9,6/4/2026,6/4/2026 3:18,1780981223,00:36.1,deep
Salome,00:21.9,6/4/2026,6/4/2026 3:19,1780981223,00:36.4,deep
Salome,00:21.9,6/4/2026,6/4/2026 3:20,1780981223,00:37.1,deep
Salome,00:21.9,6/4/2026,6/4/2026 3:21,1780981223,00:37.4,deep
Salome,00:21.9,6/4/2026,6/4/2026 3:22,1780981223,00:37.7,deep
Salome,00:21.9,6/4/2026,6/4/2026 3:23,1780981223,00:38.0,deep
Salome,00:21.9,6/4/2026,6/4/2026 3:24,1780981223,00:38.2,deep
Salome,00:21.9,6/4/2026,6/4/2026 3:25,1780981223,00:38.5,deep
Salome,00:21.9,6/4/2026,6/4/2026 3:26,1780981223,00:38.8,deep
Salome,00:21.9,6/4/2026,6/4/2026 3:27,1780981223,00:39.1,deep
Salome,00:21.9,6/4/2026,6/4/2026 3:28,1780981223,00:39.3,deep
Salome,00:21.9,6/4/2026,6/4/2026 3:29,1780981223,00:39.6,deep
Salome,00:21.9,6/4/2026,6/4/2026 3:30,1780981223,00:39.9,deep
Salome,00:21.9,6/4/2026,6/4/2026 3:31,1780981223,00:40.2,deep
Salome,00:21.9,6/4/2026,6/4/2026 3:32,1780981223,00:40.5,deep
Salome,00:21.9,6/4/2026,6/4/2026 3:33,1780981223,00:40.8,deep
Salome,00:21.9,6/4/2026,6/4/2026 3:34,1780981223,00:41.0,deep
Salome,00:21.9,6/4/2026,6/4/2026 3:35,1780981223,00:41.3,deep
Salome,00:21.9,6/4/2026,6/4/2026 3:36,1780981223,00:41.5,deep
Salome,00:21.9,6/4/2026,6/4/2026 3:37,1780981223,00:41.8,deep
Salome,00:21.9,6/4/2026,6/4/2026 3:38,1780981223,00:42.1,deep
Salome,00:21.9,6/4/2026,6/4/2026 3:39,1780981223,00:42.4,deep
Salome,00:21.9,6/4/2026,6/4/2026 3:40,1780981223,00:42.7,deep
Salome,00:21.9,6/4/2026,6/4/2026 3:41,1780981223,00:43.0,rem
Salome,00:21.9,6/4/2026,6/4/2026 3:42,1780981223,00:43.2,rem
Salome,00:21.9,6/4/2026,6/4/2026 3:43,1780981223,00:43.5,rem
Salome,00:21.9,6/4/2026,6/4/2026 3:44,1780981223,00:43.8,rem
Salome,00:21.9,6/4/2026,6/4/2026 3:45,1780981223,00:44.0,rem
Salome,00:21.9,6/4/2026,6/4/2026 3:46,1780981223,00:44.3,rem
Salome,00:21.9,6/4/2026,6/4/2026 3:47,1780981223,00:44.6,rem
Salome,00:21.9,6/4/2026,6/4/2026 3:48,1780981223,00:45.3,rem
Salome,00:21.9,6/4/2026,6/4/2026 3:49,1780981223,00:45.5,rem
Salome,00:21.9,6/4/2026,6/4/2026 3:50,1780981223,00:45.8,rem
Salome,00:21.9,6/4/2026,6/4/2026 3:51,1780981223,00:46.0,rem
Salome,00:21.9,6/4/2026,6/4/2026 3:52,1780981223,00:46.3,light
Salome,00:21.9,6/4/2026,6/4/2026 3:53,1780981223,00:46.5,light
Salome,00:21.9,6/4/2026,6/4/2026 3:54,1780981223,00:46.8,light
Salome,00:21.9,6/4/2026,6/4/2026 3:55,1780981223,00:47.1,light
Salome,00:21.9,6/4/2026,6/4/2026 3:56,1780981223,00:47.4,light
Salome,00:21.9,6/4/2026,6/4/2026 3:57,1780981223,00:47.6,light
Salome,00:21.9,6/4/2026,6/4/2026 3:58,1780981223,00:47.9,light
Salome,00:21.9,6/4/2026,6/4/2026 3:59,1780981223,00:48.2,light
Salome,00:21.9,6/4/2026,6/4/2026 4:00,1780981223,00:48.4,light
Salome,00:21.9,6/4/2026,6/4/2026 4:01,1780981223,00:48.7,light
Salome,00:21.9,6/4/2026,6/4/2026 4:02,1780981223,00:48.9,light
Salome,00:21.9,6/4/2026,6/4/2026 4:03,1780981223,00:49.2,light
Salome,00:21.9,6/4/2026,6/4/2026 4:04,1780981223,00:49.4,light
Salome,00:21.9,6/4/2026,6/4/2026 4:05,1780981223,00:49.7,light
Salome,00:21.9,6/4/2026,6/4/2026 4:06,1780981223,00:50.0,light
Salome,00:21.9,6/4/2026,6/4/2026 4:07,1780981223,00:50.2,light
Salome,00:21.9,6/4/2026,6/4/2026 4:08,1780981223,00:50.5,light
Salome,00:21.9,6/4/2026,6/4/2026 4:09,1780981223,00:50.7,light
Salome,00:21.9,6/4/2026,6/4/2026 4:10,1780981223,00:51.0,light
Salome,00:21.9,6/4/2026,6/4/2026 4:11,1780981223,00:51.3,light
Salome,00:21.9,6/4/2026,6/4/2026 4:12,1780981223,00:51.5,light
Salome,00:21.9,6/4/2026,6/4/2026 4:13,1780981223,00:51.8,light
Salome,00:21.9,6/4/2026,6/4/2026 4:14,1780981223,00:52.1,light
Salome,00:21.9,6/4/2026,6/4/2026 4:15,1780981223,00:52.3,light
Salome,00:21.9,6/4/2026,6/4/2026 4:16,1780981223,00:52.6,light
Salome,00:21.9,6/4/2026,6/4/2026 4:17,1780981223,00:52.9,light
Salome,00:21.9,6/4/2026,6/4/2026 4:18,1780981223,00:53.1,light
Salome,00:21.9,6/4/2026,6/4/2026 4:19,1780981223,00:53.9,deep
Salome,00:21.9,6/4/2026,6/4/2026 4:20,1780981223,00:54.1,deep
Salome,00:21.9,6/4/2026,6/4/2026 4:21,1780981223,00:54.4,deep
Salome,00:21.9,6/4/2026,6/4/2026 4:22,1780981223,00:54.6,deep
Salome,00:21.9,6/4/2026,6/4/2026 4:23,1780981223,00:56.2,light
Salome,00:21.9,6/4/2026,6/4/2026 4:24,1780981223,00:57.1,light
Salome,00:21.9,6/4/2026,6/4/2026 4:25,1780981223,00:57.3,light
Salome,00:21.9,6/4/2026,6/4/2026 4:26,1780981223,00:57.6,light
Salome,00:21.9,6/4/2026,6/4/2026 4:27,1780981223,00:57.9,light
Salome,00:21.9,6/4/2026,6/4/2026 4:28,1780981223,00:58.2,light
Salome,00:21.9,6/4/2026,6/4/2026 4:29,1780981223,00:58.4,light
Salome,00:21.9,6/4/2026,6/4/2026 4:30,1780981223,00:58.7,light
Salome,00:21.9,6/4/2026,6/4/2026 4:31,1780981223,00:59.0,light
Salome,00:21.9,6/4/2026,6/4/2026 4:32,1780981223,00:59.3,light
Salome,00:21.9,6/4/2026,6/4/2026 4:33,1780981223,00:59.6,light
Salome,00:21.9,6/4/2026,6/4/2026 4:34,1780981223,00:59.9,light
Salome,00:21.9,6/4/2026,6/4/2026 4:35,1780981223,01:00.1,light
Salome,00:21.9,6/4/2026,6/4/2026 4:36,1780981223,01:00.4,light
Salome,00:21.9,6/4/2026,6/4/2026 4:37,1780981223,01:00.8,light
Salome,00:21.9,6/4/2026,6/4/2026 4:38,1780981223,01:01.6,light
Salome,00:21.9,6/4/2026,6/4/2026 4:39,1780981223,01:02.8,deep
Salome,00:21.9,6/4/2026,6/4/2026 4:40,1780981223,01:03.1,rem
Salome,00:21.9,6/4/2026,6/4/2026 4:41,1780981223,01:03.4,rem
Salome,00:21.9,6/4/2026,6/4/2026 4:42,1780981223,01:03.7,rem
Salome,00:21.9,6/4/2026,6/4/2026 4:43,1780981223,01:04.0,rem
Salome,00:21.9,6/4/2026,6/4/2026 4:44,1780981223,01:04.3,rem
Salome,00:21.9,6/4/2026,6/4/2026 4:45,1780981223,01:04.5,rem
Salome,00:21.9,6/4/2026,6/4/2026 4:46,1780981223,01:04.8,rem
Salome,00:21.9,6/4/2026,6/4/2026 4:47,1780981223,01:05.1,rem
Salome,00:21.9,6/4/2026,6/4/2026 4:48,1780981223,01:05.4,rem
Salome,00:21.9,6/4/2026,6/4/2026 4:49,1780981223,01:05.7,rem
Salome,00:21.9,6/4/2026,6/4/2026 4:50,1780981223,01:06.0,rem
Salome,00:21.9,6/4/2026,6/4/2026 4:51,1780981223,01:06.2,rem
Salome,00:21.9,6/4/2026,6/4/2026 4:52,1780981223,01:06.5,rem
Salome,00:21.9,6/4/2026,6/4/2026 4:53,1780981223,01:06.8,rem
Salome,00:21.9,6/4/2026,6/4/2026 4:54,1780981223,01:07.0,rem
Salome,00:21.9,6/4/2026,6/4/2026 4:55,1780981223,01:07.3,rem
Salome,00:21.9,6/4/2026,6/4/2026 4:56,1780981223,01:07.7,rem
Salome,00:21.9,6/4/2026,6/4/2026 4:57,1780981223,01:08.0,rem
Salome,00:21.9,6/4/2026,6/4/2026 4:58,1780981223,01:08.2,rem
Salome,00:21.9,6/4/2026,6/4/2026 4:59,1780981223,01:08.5,rem
Salome,00:21.9,6/4/2026,6/4/2026 5:00,1780981223,01:08.8,rem
Salome,00:21.9,6/4/2026,6/4/2026 5:01,1780981223,01:09.0,rem
Salome,00:21.9,6/4/2026,6/4/2026 5:02,1780981223,01:09.3,rem
Salome,00:21.9,6/4/2026,6/4/2026 5:03,1780981223,01:09.6,rem
Salome,00:21.9,6/4/2026,6/4/2026 5:04,1780981223,01:09.9,rem
Salome,00:21.9,6/4/2026,6/4/2026 5:05,1780981223,01:10.2,rem
Salome,00:21.9,6/4/2026,6/4/2026 5:06,1780981223,01:10.5,light
Salome,00:21.9,6/4/2026,6/4/2026 5:07,1780981223,01:11.1,light
Salome,00:21.9,6/4/2026,6/4/2026 5:08,1780981223,01:11.5,light
Salome,00:21.9,6/4/2026,6/4/2026 5:09,1780981223,01:12.0,light
Salome,00:21.9,6/4/2026,6/4/2026 5:10,1780981223,01:12.3,light
Salome,00:21.9,6/4/2026,6/4/2026 5:11,1780981223,01:12.6,light
Salome,00:21.9,6/4/2026,6/4/2026 5:12,1780981223,01:12.9,light
Salome,00:21.9,6/4/2026,6/4/2026 5:13,1780981223,01:13.2,light
Salome,00:21.9,6/4/2026,6/4/2026 5:14,1780981223,01:13.6,light
Salome,00:21.9,6/4/2026,6/4/2026 5:15,1780981223,01:13.9,light
Salome,00:21.9,6/4/2026,6/4/2026 5:16,1780981223,01:14.2,light
Salome,00:21.9,6/4/2026,6/4/2026 5:17,1780981223,01:14.5,light
Salome,00:21.9,6/4/2026,6/4/2026 5:18,1780981223,01:14.7,light
Salome,00:21.9,6/4/2026,6/4/2026 5:19,1780981223,01:15.0,light
Salome,00:21.9,6/4/2026,6/4/2026 5:20,1780981223,01:15.3,light
Salome,00:21.9,6/4/2026,6/4/2026 5:21,1780981223,01:15.5,light
Salome,00:21.9,6/4/2026,6/4/2026 5:22,1780981223,01:15.8,light
Salome,00:21.9,6/4/2026,6/4/2026 5:23,1780981223,01:16.0,light
Salome,00:21.9,6/4/2026,6/4/2026 5:24,1780981223,01:16.3,light
Salome,00:21.9,6/4/2026,6/4/2026 5:25,1780981223,01:16.6,light
Salome,00:21.9,6/4/2026,6/4/2026 5:26,1780981223,01:17.0,light
Salome,00:21.9,6/4/2026,6/4/2026 5:27,1780981223,01:17.3,light
Salome,00:21.9,6/4/2026,6/4/2026 5:28,1780981223,01:17.7,light
Salome,00:21.9,6/4/2026,6/4/2026 5:29,1780981223,01:18.0,light
Salome,00:21.9,6/4/2026,6/4/2026 5:30,1780981223,01:18.4,light
Salome,00:21.9,6/4/2026,6/4/2026 5:31,1780981223,01:18.7,light
Salome,00:21.9,6/4/2026,6/4/2026 5:32,1780981223,01:19.0,light
Salome,00:21.9,6/4/2026,6/4/2026 5:33,1780981223,01:19.3,deep
Salome,00:21.9,6/4/2026,6/4/2026 5:34,1780981223,01:19.6,deep
Salome,00:21.9,6/4/2026,6/4/2026 5:35,1780981223,01:19.9,deep
Salome,00:21.9,6/4/2026,6/4/2026 5:36,1780981223,01:20.2,deep
Salome,00:21.9,6/4/2026,6/4/2026 5:37,1780981223,01:20.5,deep
Salome,00:21.9,6/4/2026,6/4/2026 5:38,1780981223,01:20.8,deep
Salome,00:21.9,6/4/2026,6/4/2026 5:39,1780981223,01:21.2,deep
Salome,00:21.9,6/4/2026,6/4/2026 5:40,1780981223,01:21.5,light
Salome,00:21.9,6/4/2026,6/4/2026 5:41,1780981223,01:21.8,light
Salome,00:21.9,6/4/2026,6/4/2026 5:42,1780981223,01:22.3,light
Salome,00:21.9,6/4/2026,6/4/2026 5:43,1780981223,01:22.6,light
Salome,00:21.9,6/4/2026,6/4/2026 5:44,1780981223,01:22.9,light
Salome,00:21.9,6/4/2026,6/4/2026 5:45,1780981223,01:23.2,light
Salome,00:21.9,6/4/2026,6/4/2026 5:46,1780981223,01:23.5,light
Salome,00:21.9,6/4/2026,6/4/2026 5:47,1780981223,01:24.0,light
Salome,00:21.9,6/4/2026,6/4/2026 5:48,1780981223,01:24.2,light
Salome,00:21.9,6/4/2026,6/4/2026 5:49,1780981223,01:24.5,light
Salome,00:21.9,6/4/2026,6/4/2026 5:50,1780981223,01:24.7,light
Salome,00:21.9,6/4/2026,6/4/2026 5:51,1780981223,01:25.0,light
Salome,00:21.9,6/4/2026,6/4/2026 5:52,1780981223,01:25.9,light
Salome,00:21.9,6/4/2026,6/4/2026 5:53,1780981223,01:26.2,light
Salome,00:21.9,6/4/2026,6/4/2026 5:54,1780981223,01:26.5,light
Salome,00:21.9,6/4/2026,6/4/2026 5:55,1780981223,01:26.8,light
Salome,00:21.9,6/4/2026,6/4/2026 5:56,1780981223,01:27.1,light
Salome,00:21.9,6/4/2026,6/4/2026 5:57,1780981223,01:27.4,light
Salome,00:21.9,6/4/2026,6/4/2026 5:58,1780981223,01:27.7,light
Salome,00:21.9,6/4/2026,6/4/2026 5:59,1780981223,01:28.4,light
Salome,00:21.9,6/4/2026,6/4/2026 6:00,1780981223,01:28.7,light
Salome,00:21.9,6/4/2026,6/4/2026 6:01,1780981223,01:29.0,light
Salome,00:21.9,6/4/2026,6/4/2026 6:02,1780981223,01:29.3,light
Salome,00:21.9,6/4/2026,6/4/2026 6:03,1780981223,01:29.6,light
Salome,00:21.9,6/4/2026,6/4/2026 6:04,1780981223,01:29.9,light
Salome,00:21.9,6/4/2026,6/4/2026 6:05,1780981223,01:30.1,light
Salome,00:21.9,6/4/2026,6/4/2026 6:06,1780981223,01:30.6,light
Salome,00:21.9,6/4/2026,6/4/2026 6:07,1780981223,01:30.9,light
Salome,00:21.9,6/4/2026,6/4/2026 6:08,1780981223,01:31.2,light
Salome,00:21.9,6/4/2026,6/4/2026 6:09,1780981223,01:31.5,light
Salome,00:21.9,6/4/2026,6/4/2026 6:10,1780981223,01:31.8,light
Salome,00:21.9,6/4/2026,6/4/2026 6:11,1780981223,01:32.1,light
Salome,00:21.9,6/4/2026,6/4/2026 6:12,1780981223,01:32.4,light
Salome,00:21.9,6/4/2026,6/4/2026 6:13,1780981223,01:32.6,light
Salome,00:21.9,6/4/2026,6/4/2026 6:14,1780981223,01:32.9,light
Salome,00:21.9,6/4/2026,6/4/2026 6:15,1780981223,01:33.2,light
Salome,00:21.9,6/4/2026,6/4/2026 6:16,1780981223,01:33.4,light
Salome,00:21.9,6/4/2026,6/4/2026 6:17,1780981223,01:33.9,light
Salome,00:21.9,6/4/2026,6/4/2026 6:18,1780981223,01:34.2,light
Salome,00:21.9,6/4/2026,6/4/2026 6:19,1780981223,01:34.5,light
Salome,00:21.9,6/4/2026,6/4/2026 6:20,1780981223,01:34.8,light
Salome,00:21.9,6/4/2026,6/4/2026 6:21,1780981223,01:35.1,light
Salome,00:21.9,6/4/2026,6/4/2026 6:22,1780981223,01:35.8,light
Salome,00:21.9,6/4/2026,6/4/2026 6:23,1780981223,01:36.1,light
Salome,00:21.9,6/4/2026,6/4/2026 6:24,1780981223,01:36.4,light
Salome,00:21.9,6/4/2026,6/4/2026 6:25,1780981223,01:36.7,rem
Salome,00:21.9,6/4/2026,6/4/2026 6:26,1780981223,01:37.0,rem
Salome,00:21.9,6/4/2026,6/4/2026 6:27,1780981223,01:37.3,rem
Salome,00:21.9,6/4/2026,6/4/2026 6:28,1780981223,01:37.7,rem
Salome,00:21.9,6/4/2026,6/4/2026 6:29,1780981223,01:38.0,rem
Salome,00:21.9,6/4/2026,6/4/2026 6:30,1780981223,01:38.4,rem
Salome,00:21.9,6/4/2026,6/4/2026 6:31,1780981223,01:38.6,rem
Salome,00:21.9,6/4/2026,6/4/2026 6:32,1780981223,01:39.1,rem
Salome,00:21.9,6/4/2026,6/4/2026 6:33,1780981223,01:39.4,rem
Salome,00:21.9,6/4/2026,6/4/2026 6:34,1780981223,01:39.6,rem
Salome,00:21.9,6/4/2026,6/4/2026 6:35,1780981223,01:39.9,rem
Salome,00:21.9,6/4/2026,6/4/2026 6:36,1780981223,01:40.2,rem
Salome,00:21.9,6/4/2026,6/4/2026 6:37,1780981223,01:40.5,rem
Salome,00:21.9,6/4/2026,6/4/2026 6:38,1780981223,01:40.8,rem
Salome,00:21.9,6/4/2026,6/4/2026 6:39,1780981223,01:41.1,rem
Salome,00:21.9,6/4/2026,6/4/2026 6:40,1780981223,01:41.3,rem
Salome,00:21.9,6/4/2026,6/4/2026 6:41,1780981223,01:41.6,rem
Salome,00:21.9,6/4/2026,6/4/2026 6:42,1780981223,01:41.9,rem
Salome,00:21.9,6/4/2026,6/4/2026 6:43,1780981223,01:42.2,light
Salome,00:21.9,6/4/2026,6/4/2026 6:44,1780981223,01:42.5,light
Salome,00:21.9,6/4/2026,6/4/2026 6:45,1780981223,01:42.7,light
Salome,00:21.9,6/4/2026,6/4/2026 6:46,1780981223,01:43.1,light
Salome,00:21.9,6/4/2026,6/4/2026 6:47,1780981223,01:43.5,light
Salome,00:21.9,6/4/2026,6/4/2026 6:48,1780981223,01:44.1,light
Salome,00:21.9,6/4/2026,6/4/2026 6:49,1780981223,01:44.3,light
Salome,00:21.9,6/4/2026,6/4/2026 6:50,1780981223,01:44.6,light
Salome,00:21.9,6/4/2026,6/4/2026 6:51,1780981223,01:45.1,light
Salome,00:21.9,6/4/2026,6/4/2026 6:52,1780981223,01:45.4,light
Salome,00:21.9,6/4/2026,6/4/2026 6:53,1780981223,01:45.7,light
Salome,00:21.9,6/4/2026,6/4/2026 6:54,1780981223,01:45.9,light
Salome,00:21.9,6/4/2026,6/4/2026 6:55,1780981223,01:46.2,light
Salome,00:21.9,6/4/2026,6/4/2026 6:56,1780981223,01:46.4,light
Salome,00:21.9,6/4/2026,6/4/2026 6:57,1780981223,01:46.7,light
Salome,00:21.9,6/4/2026,6/4/2026 6:58,1780981223,01:47.1,light
Salome,00:21.9,6/4/2026,6/4/2026 6:59,1780981223,01:47.7,light
Salome,00:21.9,6/4/2026,6/4/2026 7:00,1780981223,01:48.0,light
Salome,00:21.9,6/4/2026,6/4/2026 7:01,1780981223,01:48.2,light
Salome,00:21.9,6/4/2026,6/4/2026 7:02,1780981223,01:48.5,light
Salome,00:21.9,6/4/2026,6/4/2026 7:03,1780981223,01:48.8,light
Salome,00:21.9,6/4/2026,6/4/2026 7:04,1780981223,01:49.1,light
Salome,00:21.9,6/4/2026,6/4/2026 7:05,1780981223,01:49.4,light
Salome,00:21.9,6/4/2026,6/4/2026 7:06,1780981223,01:49.7,light
Salome,00:21.9,6/4/2026,6/4/2026 7:07,1780981223,01:49.9,light
Salome,00:21.9,6/4/2026,6/4/2026 7:08,1780981223,01:50.2,light
Salome,00:21.9,6/4/2026,6/4/2026 7:09,1780981223,01:50.5,light
Salome,00:21.9,6/4/2026,6/4/2026 7:10,1780981223,01:50.8,light
Salome,00:21.9,6/4/2026,6/4/2026 7:11,1780981223,01:51.1,light
Salome,00:21.9,6/4/2026,6/4/2026 7:12,1780981223,01:51.3,light
Salome,00:21.9,6/4/2026,6/4/2026 7:13,1780981223,01:51.6,light
Salome,00:21.9,6/4/2026,6/4/2026 7:14,1780981223,01:51.9,light
Salome,00:21.9,6/4/2026,6/4/2026 7:15,1780981223,01:53.6,light
Salome,00:21.9,6/4/2026,6/4/2026 7:16,1780981223,01:53.9,light
Salome,00:21.9,6/4/2026,6/4/2026 7:17,1780981223,01:54.2,light
Salome,00:21.9,6/4/2026,6/4/2026 7:18,1780981223,01:54.4,light
Salome,00:21.9,6/4/2026,6/4/2026 7:19,1780981223,01:54.7,light
Salome,00:21.9,6/4/2026,6/4/2026 7:20,1780981223,01:55.0,light
Salome,00:21.9,6/4/2026,6/4/2026 7:21,1780981223,01:55.2,light
Salome,00:21.9,6/4/2026,6/4/2026 7:22,1780981223,01:55.7,light
Salome,00:21.9,6/4/2026,6/4/2026 7:23,1780981223,01:55.9,light
Salome,00:21.9,6/4/2026,6/4/2026 7:24,1780981223,01:56.2,light
Salome,00:21.9,6/4/2026,6/4/2026 7:25,1780981223,01:56.7,light
Salome,00:21.9,6/4/2026,6/4/2026 7:26,1780981223,01:57.0,light
Salome,00:21.9,6/4/2026,6/4/2026 7:27,1780981223,01:57.2,light
Salome,00:21.9,6/4/2026,6/4/2026 7:28,1780981223,01:57.5,light
Salome,00:21.9,6/4/2026,6/4/2026 7:29,1780981223,01:57.9,light
Salome,00:21.9,6/4/2026,6/4/2026 7:30,1780981223,01:58.2,light
Salome,00:21.9,6/4/2026,6/4/2026 7:31,1780981223,01:58.5,light
Salome,00:21.9,6/4/2026,6/4/2026 7:32,1780981223,01:58.8,light
Salome,00:21.9,6/4/2026,6/4/2026 7:33,1780981223,01:59.2,deep
Salome,00:21.9,6/4/2026,6/4/2026 7:34,1780981223,01:59.5,deep
Salome,00:21.9,6/4/2026,6/4/2026 7:35,1780981223,01:59.8,deep
Salome,00:21.9,6/4/2026,6/4/2026 7:36,1780981223,02:00.1,deep
Salome,00:21.9,6/4/2026,6/4/2026 7:37,1780981223,02:00.4,deep
Salome,00:21.9,6/4/2026,6/4/2026 7:38,1780981223,02:00.7,deep
Salome,00:21.9,6/4/2026,6/4/2026 7:39,1780981223,02:01.0,deep
Salome,00:21.9,6/4/2026,6/4/2026 7:40,1780981223,02:01.3,deep
Salome,00:21.9,6/4/2026,6/4/2026 7:41,1780981223,02:01.6,deep
Salome,00:21.9,6/4/2026,6/4/2026 7:42,1780981223,02:01.8,deep
Salome,00:21.9,6/4/2026,6/4/2026 7:43,1780981223,02:02.1,deep
Salome,00:21.9,6/4/2026,6/4/2026 7:44,1780981223,02:02.4,deep
Salome,00:21.9,6/4/2026,6/4/2026 7:45,1780981223,02:02.6,deep
Salome,00:21.9,6/4/2026,6/4/2026 7:46,1780981223,02:02.9,deep
Salome,00:21.9,6/4/2026,6/4/2026 7:47,1780981223,02:03.2,deep
Salome,00:21.9,6/4/2026,6/4/2026 7:48,1780981223,02:03.5,deep
Salome,00:21.9,6/4/2026,6/4/2026 7:49,1780981223,02:03.7,deep
Salome,00:21.9,6/4/2026,6/4/2026 7:50,1780981223,02:04.0,deep
Salome,00:21.9,6/4/2026,6/4/2026 7:51,1780981223,02:04.3,deep
Salome,00:21.9,6/4/2026,6/4/2026 7:52,1780981223,02:04.5,deep
Salome,00:21.9,6/4/2026,6/4/2026 7:53,1780981223,02:04.8,deep
Salome,00:21.9,6/4/2026,6/4/2026 7:54,1780981223,02:05.1,deep
Salome,00:21.9,6/4/2026,6/4/2026 7:55,1780981223,02:05.3,deep
Salome,00:21.9,6/4/2026,6/4/2026 7:56,1780981223,02:05.6,deep
Salome,00:21.9,6/4/2026,6/4/2026 7:57,1780981223,02:06.3,light
Salome,00:21.9,6/4/2026,6/4/2026 7:58,1780981223,02:06.8,light
Salome,00:21.9,6/4/2026,6/4/2026 7:59,1780981223,02:07.2,light
Salome,00:21.9,6/4/2026,6/4/2026 8:00,1780981223,02:07.6,light
Salome,00:21.9,6/4/2026,6/4/2026 8:01,1780981223,02:07.9,light
Salome,00:21.9,6/4/2026,6/4/2026 8:02,1780981223,02:08.3,light
Salome,00:21.9,6/4/2026,6/4/2026 8:03,1780981223,02:08.6,light
Salome,00:21.9,6/4/2026,6/4/2026 8:04,1780981223,02:08.9,light
Salome,00:21.9,6/4/2026,6/4/2026 8:05,1780981223,02:09.1,light
Salome,00:21.9,6/4/2026,6/4/2026 8:06,1780981223,02:09.4,light
Salome,00:21.9,6/4/2026,6/4/2026 8:07,1780981223,02:09.7,light
Salome,00:21.9,6/4/2026,6/4/2026 8:08,1780981223,02:10.0,light
Salome,00:21.9,6/4/2026,6/4/2026 8:09,1780981223,02:10.2,light
Salome,00:21.9,6/4/2026,6/4/2026 8:10,1780981223,02:10.5,light
Salome,00:21.9,6/4/2026,6/4/2026 8:11,1780981223,02:10.8,rem
Salome,00:21.9,6/4/2026,6/4/2026 8:12,1780981223,02:11.0,rem
Salome,00:21.9,6/4/2026,6/4/2026 8:13,1780981223,02:11.3,rem
Salome,00:21.9,6/4/2026,6/4/2026 8:14,1780981223,02:11.5,rem
Salome,00:21.9,6/4/2026,6/4/2026 8:15,1780981223,02:11.9,rem
Salome,00:21.9,6/4/2026,6/4/2026 8:16,1780981223,02:12.1,rem
Salome,00:21.9,6/4/2026,6/4/2026 8:17,1780981223,02:12.4,rem
Salome,00:21.9,6/4/2026,6/4/2026 8:18,1780981223,02:12.6,rem
Salome,00:21.9,6/4/2026,6/4/2026 8:19,1780981223,02:12.9,rem
Salome,00:21.9,6/4/2026,6/4/2026 8:20,1780981223,02:13.2,rem
Salome,00:21.9,6/4/2026,6/4/2026 8:21,1780981223,02:13.5,rem
Salome,00:21.9,6/4/2026,6/4/2026 8:22,1780981223,02:13.8,rem
Salome,00:21.9,6/4/2026,6/4/2026 8:23,1780981223,02:14.1,rem
Salome,00:21.9,6/4/2026,6/4/2026 8:24,1780981223,02:14.5,rem
Salome,00:21.9,6/4/2026,6/4/2026 8:25,1780981223,02:14.7,rem
Salome,00:21.9,6/4/2026,6/4/2026 8:26,1780981223,02:15.0,rem
Salome,00:21.9,6/4/2026,6/4/2026 8:27,1780981223,02:15.3,rem
Salome,00:21.9,6/4/2026,6/4/2026 8:28,1780981223,02:17.3,rem
Salome,00:21.9,6/4/2026,6/4/2026 8:29,1780981223,02:17.6,rem
Salome,00:21.9,6/4/2026,6/4/2026 8:30,1780981223,02:17.8,rem
Salome,00:21.9,6/4/2026,6/4/2026 8:31,1780981223,02:18.1,rem
Salome,00:21.9,6/4/2026,6/4/2026 8:32,1780981223,02:18.4,rem
Salome,00:21.9,6/4/2026,6/4/2026 8:33,1780981223,02:18.6,rem
Salome,00:21.9,6/4/2026,6/4/2026 8:34,1780981223,02:18.9,rem
Salome,00:21.9,6/4/2026,6/4/2026 8:35,1780981223,02:19.2,rem
Salome,00:21.9,6/4/2026,6/4/2026 8:36,1780981223,02:19.5,light
Salome,00:21.9,6/4/2026,6/4/2026 8:37,1780981223,02:19.8,light
Salome,00:21.9,6/4/2026,6/4/2026 8:38,1780981223,02:20.0,light
Salome,00:21.9,6/4/2026,6/4/2026 8:39,1780981223,02:20.3,light
Salome,00:21.9,6/4/2026,6/4/2026 8:40,1780981223,02:20.6,light
Salome,00:21.9,6/4/2026,6/4/2026 8:41,1780981223,02:20.8,light
Salome,00:21.9,6/4/2026,6/4/2026 8:42,1780981223,02:21.1,light
Salome,00:21.9,6/4/2026,6/4/2026 8:43,1780981223,02:21.4,light
Salome,00:21.9,6/4/2026,6/4/2026 8:44,1780981223,02:21.7,light
Salome,00:21.9,6/4/2026,6/4/2026 8:45,1780981223,02:21.9,light
Salome,00:21.9,6/4/2026,6/4/2026 8:46,1780981223,02:22.2,light
Salome,00:21.9,6/4/2026,6/4/2026 8:47,1780981223,02:22.5,light
Salome,00:21.9,6/4/2026,6/4/2026 8:48,1780981223,02:22.7,light
Salome,00:21.9,6/4/2026,6/4/2026 8:49,1780981223,02:23.0,light
Salome,00:21.9,6/4/2026,6/4/2026 8:50,1780981223,02:23.2,light
Salome,00:21.9,6/4/2026,6/4/2026 8:51,1780981223,02:23.5,light
Salome,00:21.9,6/4/2026,6/4/2026 8:52,1780981223,02:23.7,light
Salome,00:21.9,6/4/2026,6/4/2026 8:53,1780981223,02:24.0,light
Salome,00:21.9,6/4/2026,6/4/2026 8:54,1780981223,02:24.4,light
Salome,00:21.9,6/4/2026,6/4/2026 8:55,1780981223,02:24.6,light
Salome,00:21.9,6/4/2026,6/4/2026 8:56,1780981223,02:24.9,light
Salome,00:21.9,6/4/2026,6/4/2026 8:57,1780981223,02:25.2,light
Salome,00:21.9,6/4/2026,6/4/2026 8:58,1780981223,02:25.4,light
Salome,00:21.9,6/4/2026,6/4/2026 8:59,1780981223,02:25.7,light
Salome,00:21.9,6/4/2026,6/4/2026 9:00,1780981223,02:25.9,light
Salome,00:21.9,6/4/2026,6/4/2026 9:01,1780981223,02:26.2,light
Salome,00:21.9,6/4/2026,6/4/2026 9:02,1780981223,02:26.4,light
Salome,00:21.9,6/4/2026,6/4/2026 9:03,1780981223,02:26.7,light
Salome,00:21.9,6/4/2026,6/4/2026 9:04,1780981223,02:27.0,light
Salome,00:21.9,6/4/2026,6/4/2026 9:05,1780981223,02:27.3,light
Salome,00:21.9,6/4/2026,6/4/2026 9:06,1780981223,02:27.5,light
Salome,00:21.9,6/4/2026,6/4/2026 9:07,1780981223,02:27.8,light
Salome,00:21.9,6/4/2026,6/4/2026 9:08,1780981223,02:28.1,light
Salome,00:21.9,6/4/2026,6/4/2026 9:09,1780981223,02:28.3,light
Salome,00:21.9,6/4/2026,6/4/2026 9:10,1780981223,02:28.6,light
Salome,00:21.9,6/4/2026,6/4/2026 9:11,1780981223,02:28.9,light
Salome,00:21.9,6/4/2026,6/4/2026 9:12,1780981223,02:29.1,light
Salome,00:21.9,6/4/2026,6/4/2026 9:13,1780981223,02:29.4,light
Salome,00:21.9,6/4/2026,6/4/2026 9:14,1780981223,02:29.7,light
Salome,00:21.9,6/4/2026,6/4/2026 9:15,1780981223,02:30.0,light
Salome,00:21.9,6/4/2026,6/4/2026 9:16,1780981223,02:30.3,light
Salome,00:21.9,6/4/2026,6/4/2026 9:17,1780981223,02:30.6,light
Salome,00:21.9,6/4/2026,6/4/2026 9:18,1780981223,02:30.9,light
Salome,00:21.9,6/4/2026,6/4/2026 9:19,1780981223,02:31.1,light
Salome,00:21.9,6/4/2026,6/4/2026 9:20,1780981223,02:31.4,light
Salome,00:21.9,6/4/2026,6/4/2026 9:21,1780981223,02:31.6,light
Salome,00:21.9,6/4/2026,6/4/2026 9:22,1780981223,02:32.5,light
Salome,00:21.9,6/4/2026,6/4/2026 9:23,1780981223,02:32.8,light
Salome,00:21.9,6/4/2026,6/4/2026 9:24,1780981223,02:33.1,light
Salome,00:21.9,6/4/2026,6/4/2026 9:25,1780981223,02:33.4,light
Salome,00:21.9,6/4/2026,6/4/2026 9:26,1780981223,02:33.6,light
Salome,00:21.9,6/4/2026,6/4/2026 9:27,1780981223,02:33.9,light
Salome,00:21.9,6/4/2026,6/4/2026 9:28,1780981223,02:34.2,light
Salome,00:21.9,6/4/2026,6/4/2026 9:29,1780981223,02:34.5,light
Salome,00:21.9,6/4/2026,6/4/2026 9:30,1780981223,02:34.8,light
Salome,00:21.9,6/4/2026,6/4/2026 9:31,1780981223,02:35.1,light
Salome,00:21.9,6/4/2026,6/4/2026 9:32,1780981223,02:35.3,light
Salome,00:21.9,6/4/2026,6/4/2026 9:33,1780981223,02:35.8,light
Salome,00:21.9,6/4/2026,6/4/2026 9:34,1780981223,02:36.1,rem
Salome,00:21.9,6/4/2026,6/4/2026 9:35,1780981223,02:36.3,rem
Salome,00:21.9,6/4/2026,6/4/2026 9:36,1780981223,02:36.6,rem
Salome,00:21.9,6/4/2026,6/4/2026 9:37,1780981223,02:37.1,rem
Salome,00:21.9,6/4/2026,6/4/2026 9:38,1780981223,02:37.4,rem
Salome,00:21.9,6/4/2026,6/4/2026 9:39,1780981223,02:37.6,rem
Salome,00:21.9,6/4/2026,6/4/2026 9:40,1780981223,02:37.9,rem
Salome,00:21.9,6/4/2026,6/4/2026 9:41,1780981223,02:38.2,rem
Salome,00:21.9,6/4/2026,6/4/2026 9:42,1780981223,02:38.5,rem
Salome,00:21.9,6/4/2026,6/4/2026 9:43,1780981223,02:39.1,rem
Salome,00:21.9,6/4/2026,6/4/2026 9:44,1780981223,02:39.4,rem
Salome,00:21.9,6/4/2026,6/4/2026 9:45,1780981223,02:39.7,rem
Salome,00:21.9,6/4/2026,6/4/2026 9:46,1780981223,02:40.0,rem
Salome,00:21.9,6/4/2026,6/4/2026 9:47,1780981223,02:40.3,rem
Salome,00:21.9,6/4/2026,6/4/2026 9:48,1780981223,02:40.6,rem
Salome,00:21.9,6/4/2026,6/4/2026 9:49,1780981223,02:40.9,rem
Salome,00:21.9,6/4/2026,6/4/2026 9:50,1780981223,02:41.2,rem
Salome,00:21.9,6/4/2026,6/4/2026 9:51,1780981223,02:41.5,rem
Salome,00:21.9,6/4/2026,6/4/2026 9:52,1780981223,02:41.8,rem
Salome,00:21.9,6/4/2026,6/4/2026 9:53,1780981223,02:42.0,rem
Salome,00:21.9,6/4/2026,6/4/2026 9:54,1780981223,02:42.4,rem
Salome,00:21.9,6/4/2026,6/4/2026 9:55,1780981223,02:42.7,rem
Salome,00:21.9,6/4/2026,6/4/2026 9:56,1780981223,02:43.0,rem
Salome,00:21.9,6/4/2026,6/4/2026 9:57,1780981223,02:43.4,rem
Salome,00:21.9,6/4/2026,6/4/2026 9:58,1780981223,02:43.7,light
Salome,00:21.9,6/4/2026,6/4/2026 9:59,1780981223,02:43.9,light
Salome,00:21.9,6/4/2026,6/4/2026 10:00,1780981223,02:44.2,light
Salome,00:21.9,6/4/2026,6/4/2026 10:01,1780981223,02:44.5,light
Salome,00:21.9,6/4/2026,6/4/2026 10:02,1780981223,02:44.8,light
Salome,00:21.9,6/4/2026,6/4/2026 10:03,1780981223,02:45.0,light
Salome,00:21.9,6/4/2026,6/4/2026 10:04,1780981223,02:45.3,light
Salome,00:21.9,6/4/2026,6/4/2026 10:05,1780981223,02:45.6,light
Salome,00:21.9,6/4/2026,6/4/2026 10:06,1780981223,02:45.9,light
Salome,00:21.9,6/4/2026,6/4/2026 10:07,1780981223,02:46.1,light
Salome,00:21.9,6/4/2026,6/4/2026 10:08,1780981223,02:46.4,light
Salome,00:21.9,6/4/2026,6/4/2026 10:09,1780981223,02:46.7,light
Salome,00:21.9,6/4/2026,6/4/2026 10:10,1780981223,02:47.0,light
Salome,00:21.9,6/4/2026,6/4/2026 10:11,1780981223,02:47.3,light
Salome,00:21.9,6/4/2026,6/4/2026 10:12,1780981223,02:47.6,light
Salome,00:21.9,6/4/2026,6/4/2026 10:13,1780981223,02:48.0,light
Salome,00:21.9,6/4/2026,6/4/2026 10:14,1780981223,02:48.3,light
Salome,00:21.9,6/4/2026,6/4/2026 10:15,1780981223,02:48.5,light
Salome,00:21.9,6/4/2026,6/4/2026 10:16,1780981223,02:48.8,light
Salome,00:21.9,6/4/2026,6/4/2026 10:17,1780981223,02:49.1,light
Salome,00:21.9,6/4/2026,6/4/2026 10:18,1780981223,02:49.4,light
Salome,00:21.9,6/4/2026,6/4/2026 10:19,1780981223,02:49.7,light
Salome,00:21.9,6/4/2026,6/4/2026 10:20,1780981223,02:50.0,light
Salome,00:21.9,6/4/2026,6/4/2026 10:21,1780981223,02:50.3,light
Salome,00:21.9,6/4/2026,6/4/2026 10:22,1780981223,02:50.6,light
Salome,00:21.9,6/4/2026,6/4/2026 10:23,1780981223,02:50.9,light
Salome,00:21.9,6/4/2026,6/4/2026 10:24,1780981223,02:51.2,light
Salome,00:21.9,6/4/2026,6/4/2026 10:25,1780981223,02:51.5,light
Salome,00:21.9,6/4/2026,6/4/2026 10:26,1780981223,02:51.9,light
Salome,00:21.9,6/4/2026,6/4/2026 10:27,1780981223,02:52.1,light
Salome,00:21.9,6/4/2026,6/4/2026 10:28,1780981223,02:52.4,light
Salome,00:21.9,6/4/2026,6/4/2026 10:29,1780981223,02:52.7,light
Salome,00:21.9,6/4/2026,6/4/2026 10:30,1780981223,02:52.9,light
Salome,00:21.9,6/4/2026,6/4/2026 10:31,1780981223,02:53.2,light
Salome,00:21.9,6/4/2026,6/4/2026 10:32,1780981223,02:53.4,light
Salome,00:21.9,6/4/2026,6/4/2026 10:33,1780981223,02:53.7,light
Salome,00:21.9,6/4/2026,6/4/2026 10:34,1780981223,02:54.1,light
Salome,00:21.9,6/4/2026,6/4/2026 10:35,1780981223,02:54.6,light
Salome,00:21.9,6/4/2026,6/4/2026 10:36,1780981223,02:54.8,light
Salome,00:21.9,6/4/2026,6/4/2026 10:37,1780981223,02:55.1,light
Salome,00:21.9,6/4/2026,6/4/2026 10:38,1780981223,02:55.4,light
Salome,00:21.9,6/4/2026,6/4/2026 10:39,1780981223,02:55.7,light
Salome,00:21.9,6/4/2026,6/4/2026 10:40,1780981223,02:55.9,light
Salome,00:21.9,6/4/2026,6/4/2026 10:41,1780981223,02:56.2,rem
Salome,00:21.9,6/4/2026,6/4/2026 10:42,1780981223,02:56.4,rem
Salome,00:21.9,6/4/2026,6/4/2026 10:43,1780981223,02:56.7,rem
Salome,00:21.9,6/4/2026,6/4/2026 10:44,1780981223,02:56.9,rem
Salome,00:21.9,6/4/2026,6/4/2026 10:45,1780981223,02:57.2,rem
Salome,00:21.9,6/4/2026,6/4/2026 10:46,1780981223,02:57.4,rem
Salome,00:21.9,6/4/2026,6/4/2026 10:47,1780981223,02:57.7,rem
Salome,00:21.9,6/4/2026,6/4/2026 10:48,1780981223,02:57.9,rem
Salome,00:21.9,6/4/2026,6/4/2026 10:49,1780981223,02:58.2,rem
Salome,00:21.9,6/4/2026,6/4/2026 10:50,1780981223,02:58.4,rem
Salome,00:21.9,6/4/2026,6/4/2026 10:51,1780981223,02:58.7,rem
Salome,00:21.9,6/4/2026,6/4/2026 10:52,1780981223,02:59.0,rem
Salome,00:21.9,6/4/2026,6/4/2026 10:53,1780981223,02:59.2,rem
Salome,00:21.9,6/4/2026,6/4/2026 10:54,1780981223,02:59.5,rem
Salome,00:21.9,6/4/2026,6/4/2026 10:55,1780981223,02:59.8,rem
Salome,00:21.9,6/4/2026,6/4/2026 10:56,1780981223,03:00.1,rem
Salome,00:21.9,6/4/2026,6/4/2026 10:57,1780981223,03:00.3,rem
Salome,00:21.9,6/4/2026,6/4/2026 10:58,1780981223,03:00.6,rem
Salome,00:21.9,6/4/2026,6/4/2026 10:59,1780981223,03:00.9,rem
Salome,00:21.9,6/4/2026,6/4/2026 11:00,1780981223,03:01.2,rem
Salome,00:21.9,6/4/2026,6/4/2026 11:01,1780981223,03:01.5,rem
Salome,00:21.9,6/4/2026,6/4/2026 11:02,1780981223,03:01.8,rem
Salome,00:21.9,6/4/2026,6/4/2026 11:03,1780981223,03:02.0,rem
Salome,00:21.9,6/4/2026,6/4/2026 11:04,1780981223,03:02.9,rem
Salome,00:21.9,6/4/2026,6/4/2026 11:05,1780981223,03:03.2,rem
Salome,00:21.9,6/4/2026,6/4/2026 11:06,1780981223,03:03.5,rem
Salome,00:21.9,6/4/2026,6/4/2026 11:07,1780981223,03:04.6,rem
Salome,00:21.9,6/4/2026,6/4/2026 11:08,1780981223,03:05.3,rem
Salome,00:21.9,6/4/2026,6/4/2026 11:09,1780981223,6/9/2026 1:03,rem
Salome,00:21.9,6/4/2026,6/4/2026 11:10,1780981223,03:06.4,rem
Salome,00:21.9,6/4/2026,6/4/2026 11:11,1780981223,03:07.0,rem
Salome,00:21.9,6/4/2026,6/4/2026 11:12,1780981223,03:07.4,rem
Salome,00:21.9,6/4/2026,6/4/2026 11:13,1780981223,03:07.9,rem
Salome,00:21.9,6/4/2026,6/4/2026 11:14,1780981223,03:08.4,light
Salome,00:21.9,6/4/2026,6/4/2026 11:15,1780981223,03:09.0,light
Salome,00:21.9,6/4/2026,6/4/2026 11:16,1780981223,03:09.4,light
Salome,00:21.9,6/4/2026,6/4/2026 11:17,1780981223,03:09.9,light
Salome,00:21.9,6/4/2026,6/4/2026 11:18,1780981223,03:10.3,light
Salome,00:21.9,6/4/2026,6/4/2026 11:19,1780981223,03:10.5,light
Salome,00:21.9,6/4/2026,6/4/2026 11:20,1780981223,03:11.1,light
Salome,00:21.9,6/4/2026,6/4/2026 11:21,1780981223,03:11.5,light
Salome,00:21.9,6/4/2026,6/4/2026 11:22,1780981223,03:11.7,light
Salome,00:21.9,6/4/2026,6/4/2026 11:23,1780981223,03:12.0,light
Salome,00:21.9,6/4/2026,6/4/2026 11:24,1780981223,03:12.3,light
Salome,00:21.9,6/4/2026,6/4/2026 11:25,1780981223,03:12.6,light
Salome,00:21.9,6/4/2026,6/4/2026 11:26,1780981223,03:12.8,light
Salome,00:21.9,6/4/2026,6/4/2026 11:27,1780981223,03:13.1,light
Salome,00:21.9,6/4/2026,6/4/2026 11:28,1780981223,03:13.4,light
Salome,00:21.9,6/4/2026,6/4/2026 11:29,1780981223,03:13.6,light
Salome,00:21.9,6/4/2026,6/4/2026 11:30,1780981223,03:13.9,light
Salome,00:21.9,6/4/2026,6/4/2026 11:31,1780981223,03:14.2,light
Salome,00:21.9,6/4/2026,6/4/2026 11:32,1780981223,03:14.4,light
Salome,00:21.9,6/4/2026,6/4/2026 11:33,1780981223,03:14.8,light
Salome,00:21.9,6/4/2026,6/4/2026 11:34,1780981223,03:15.0,light
Salome,00:21.9,6/4/2026,6/4/2026 11:35,1780981223,03:15.3,light
Salome,00:21.9,6/4/2026,6/4/2026 11:36,1780981223,03:15.6,light
Salome,00:21.9,6/4/2026,6/4/2026 11:37,1780981223,03:15.9,light
Salome,11:56.4,6/5/2026,6/5/2026 2:05,1780981917,11:59.9,wake
Salome,11:56.4,6/5/2026,6/5/2026 2:06,1780981917,12:00.2,wake
Salome,11:56.4,6/5/2026,6/5/2026 2:07,1780981917,12:00.8,wake
Salome,11:56.4,6/5/2026,6/5/2026 2:08,1780981917,12:01.0,wake
Salome,11:56.4,6/5/2026,6/5/2026 2:09,1780981917,12:01.2,wake
Salome,11:56.4,6/5/2026,6/5/2026 2:10,1780981917,12:01.4,wake
Salome,11:56.4,6/5/2026,6/5/2026 2:11,1780981917,12:01.6,wake
Salome,11:56.4,6/5/2026,6/5/2026 2:12,1780981917,12:01.8,wake
Salome,11:56.4,6/5/2026,6/5/2026 2:13,1780981917,12:02.0,wake
Salome,11:56.4,6/5/2026,6/5/2026 2:14,1780981917,12:02.2,light
Salome,11:56.4,6/5/2026,6/5/2026 2:15,1780981917,12:02.4,light
Salome,11:56.4,6/5/2026,6/5/2026 2:16,1780981917,12:02.6,light
Salome,11:56.4,6/5/2026,6/5/2026 2:17,1780981917,12:02.9,light
Salome,11:56.4,6/5/2026,6/5/2026 2:18,1780981917,12:03.1,light
Salome,11:56.4,6/5/2026,6/5/2026 2:19,1780981917,12:03.3,light
Salome,11:56.4,6/5/2026,6/5/2026 2:20,1780981917,12:03.5,light
Salome,11:56.4,6/5/2026,6/5/2026 2:21,1780981917,12:04.7,light
Salome,11:56.4,6/5/2026,6/5/2026 2:22,1780981917,12:04.9,light
Salome,11:56.4,6/5/2026,6/5/2026 2:23,1780981917,12:05.1,light
Salome,11:56.4,6/5/2026,6/5/2026 2:24,1780981917,12:05.3,light
Salome,11:56.4,6/5/2026,6/5/2026 2:25,1780981917,12:05.5,light
Salome,11:56.4,6/5/2026,6/5/2026 2:26,1780981917,12:05.7,light
Salome,11:56.4,6/5/2026,6/5/2026 2:27,1780981917,12:05.9,light
Salome,11:56.4,6/5/2026,6/5/2026 2:28,1780981917,12:06.1,deep
Salome,11:56.4,6/5/2026,6/5/2026 2:29,1780981917,12:06.3,deep
Salome,11:56.4,6/5/2026,6/5/2026 2:30,1780981917,12:06.5,deep
Salome,11:56.4,6/5/2026,6/5/2026 2:31,1780981917,12:06.7,deep
Salome,11:56.4,6/5/2026,6/5/2026 2:32,1780981917,12:06.9,deep
Salome,11:56.4,6/5/2026,6/5/2026 2:33,1780981917,12:07.2,deep
Salome,11:56.4,6/5/2026,6/5/2026 2:34,1780981917,12:07.4,deep
Salome,11:56.4,6/5/2026,6/5/2026 2:35,1780981917,12:07.7,deep
Salome,11:56.4,6/5/2026,6/5/2026 2:36,1780981917,12:07.9,deep
Salome,11:56.4,6/5/2026,6/5/2026 2:37,1780981917,12:08.1,deep
Salome,11:56.4,6/5/2026,6/5/2026 2:38,1780981917,12:08.6,deep
Salome,11:56.4,6/5/2026,6/5/2026 2:39,1780981917,12:08.8,deep
Salome,11:56.4,6/5/2026,6/5/2026 2:40,1780981917,12:09.0,deep
Salome,11:56.4,6/5/2026,6/5/2026 2:41,1780981917,12:09.3,deep
Salome,11:56.4,6/5/2026,6/5/2026 2:42,1780981917,12:09.5,deep
Salome,11:56.4,6/5/2026,6/5/2026 2:43,1780981917,12:09.7,deep
Salome,11:56.4,6/5/2026,6/5/2026 2:44,1780981917,12:09.9,light
Salome,11:56.4,6/5/2026,6/5/2026 2:45,1780981917,12:10.1,light
Salome,11:56.4,6/5/2026,6/5/2026 2:46,1780981917,12:10.3,light
Salome,11:56.4,6/5/2026,6/5/2026 2:47,1780981917,12:10.5,light
Salome,11:56.4,6/5/2026,6/5/2026 2:48,1780981917,12:10.7,light
Salome,11:56.4,6/5/2026,6/5/2026 2:49,1780981917,12:10.9,light
Salome,11:56.4,6/5/2026,6/5/2026 2:50,1780981917,12:11.2,light
Salome,11:56.4,6/5/2026,6/5/2026 2:51,1780981917,12:12.0,light
Salome,11:56.4,6/5/2026,6/5/2026 2:52,1780981917,12:12.2,light
Salome,11:56.4,6/5/2026,6/5/2026 2:53,1780981917,12:12.7,deep
Salome,11:56.4,6/5/2026,6/5/2026 2:54,1780981917,12:13.1,deep
Salome,11:56.4,6/5/2026,6/5/2026 2:55,1780981917,12:13.5,deep
Salome,11:56.4,6/5/2026,6/5/2026 2:56,1780981917,12:13.8,deep
Salome,11:56.4,6/5/2026,6/5/2026 2:57,1780981917,12:14.1,deep
Salome,11:56.4,6/5/2026,6/5/2026 2:58,1780981917,12:14.4,deep
Salome,11:56.4,6/5/2026,6/5/2026 2:59,1780981917,12:14.6,deep
Salome,11:56.4,6/5/2026,6/5/2026 3:00,1780981917,12:14.8,deep
Salome,11:56.4,6/5/2026,6/5/2026 3:01,1780981917,12:15.1,deep
Salome,11:56.4,6/5/2026,6/5/2026 3:02,1780981917,12:15.4,deep
Salome,11:56.4,6/5/2026,6/5/2026 3:03,1780981917,12:15.6,deep
Salome,11:56.4,6/5/2026,6/5/2026 3:04,1780981917,12:15.8,deep
Salome,11:56.4,6/5/2026,6/5/2026 3:05,1780981917,12:16.1,deep
Salome,11:56.4,6/5/2026,6/5/2026 3:06,1780981917,12:16.7,light
Salome,11:56.4,6/5/2026,6/5/2026 3:07,1780981917,12:17.0,light
Salome,11:56.4,6/5/2026,6/5/2026 3:08,1780981917,12:17.2,light
Salome,11:56.4,6/5/2026,6/5/2026 3:09,1780981917,12:17.4,light
Salome,11:56.4,6/5/2026,6/5/2026 3:10,1780981917,12:17.6,light
Salome,11:56.4,6/5/2026,6/5/2026 3:11,1780981917,12:17.8,rem
Salome,11:56.4,6/5/2026,6/5/2026 3:12,1780981917,12:18.0,rem
Salome,11:56.4,6/5/2026,6/5/2026 3:13,1780981917,12:18.2,rem
Salome,11:56.4,6/5/2026,6/5/2026 3:14,1780981917,12:18.4,rem
Salome,11:56.4,6/5/2026,6/5/2026 3:15,1780981917,12:18.6,rem
Salome,11:56.4,6/5/2026,6/5/2026 3:16,1780981917,12:18.8,rem
Salome,11:56.4,6/5/2026,6/5/2026 3:17,1780981917,12:19.1,rem
Salome,11:56.4,6/5/2026,6/5/2026 3:18,1780981917,12:19.3,rem
Salome,11:56.4,6/5/2026,6/5/2026 3:19,1780981917,12:19.4,rem
Salome,11:56.4,6/5/2026,6/5/2026 3:20,1780981917,12:19.7,rem
Salome,11:56.4,6/5/2026,6/5/2026 3:21,1780981917,12:19.9,rem
Salome,11:56.4,6/5/2026,6/5/2026 3:22,1780981917,12:20.1,rem
Salome,11:56.4,6/5/2026,6/5/2026 3:23,1780981917,12:20.3,rem
Salome,11:56.4,6/5/2026,6/5/2026 3:24,1780981917,12:20.5,rem
Salome,11:56.4,6/5/2026,6/5/2026 3:25,1780981917,12:20.7,rem
Salome,11:56.4,6/5/2026,6/5/2026 3:26,1780981917,12:20.9,rem
Salome,11:56.4,6/5/2026,6/5/2026 3:27,1780981917,12:21.3,rem
Salome,11:56.4,6/5/2026,6/5/2026 3:28,1780981917,12:21.5,rem
Salome,11:56.4,6/5/2026,6/5/2026 3:29,1780981917,12:21.7,rem
Salome,11:56.4,6/5/2026,6/5/2026 3:30,1780981917,12:21.9,rem
Salome,11:56.4,6/5/2026,6/5/2026 3:31,1780981917,12:22.1,rem
Salome,11:56.4,6/5/2026,6/5/2026 3:32,1780981917,12:22.3,rem
Salome,11:56.4,6/5/2026,6/5/2026 3:33,1780981917,12:22.5,rem
Salome,11:56.4,6/5/2026,6/5/2026 3:34,1780981917,12:22.8,rem
Salome,11:56.4,6/5/2026,6/5/2026 3:35,1780981917,12:23.0,light
Salome,11:56.4,6/5/2026,6/5/2026 3:36,1780981917,12:23.2,light
Salome,11:56.4,6/5/2026,6/5/2026 3:37,1780981917,12:23.4,light
Salome,11:56.4,6/5/2026,6/5/2026 3:38,1780981917,12:23.6,light
Salome,11:56.4,6/5/2026,6/5/2026 3:39,1780981917,12:23.8,light
Salome,11:56.4,6/5/2026,6/5/2026 3:40,1780981917,12:24.0,light
Salome,11:56.4,6/5/2026,6/5/2026 3:41,1780981917,12:24.2,light
Salome,11:56.4,6/5/2026,6/5/2026 3:42,1780981917,12:24.5,light
Salome,11:56.4,6/5/2026,6/5/2026 3:43,1780981917,12:24.7,light
Salome,11:56.4,6/5/2026,6/5/2026 3:44,1780981917,12:24.9,light
Salome,11:56.4,6/5/2026,6/5/2026 3:45,1780981917,12:25.0,light
Salome,11:56.4,6/5/2026,6/5/2026 3:46,1780981917,12:25.2,light
Salome,11:56.4,6/5/2026,6/5/2026 3:47,1780981917,12:25.6,light
Salome,11:56.4,6/5/2026,6/5/2026 3:48,1780981917,12:25.8,light
Salome,11:56.4,6/5/2026,6/5/2026 3:49,1780981917,12:26.2,light
Salome,11:56.4,6/5/2026,6/5/2026 3:50,1780981917,12:26.4,light
Salome,11:56.4,6/5/2026,6/5/2026 3:51,1780981917,12:26.7,light
Salome,11:56.4,6/5/2026,6/5/2026 3:52,1780981917,12:26.9,deep
Salome,11:56.4,6/5/2026,6/5/2026 3:53,1780981917,12:27.1,deep
Salome,11:56.4,6/5/2026,6/5/2026 3:54,1780981917,12:27.3,deep
Salome,11:56.4,6/5/2026,6/5/2026 3:55,1780981917,12:27.5,deep
Salome,11:56.4,6/5/2026,6/5/2026 3:56,1780981917,12:27.7,deep
Salome,11:56.4,6/5/2026,6/5/2026 3:57,1780981917,12:28.0,deep
Salome,11:56.4,6/5/2026,6/5/2026 3:58,1780981917,12:28.2,deep
Salome,11:56.4,6/5/2026,6/5/2026 3:59,1780981917,12:28.4,deep
Salome,11:56.4,6/5/2026,6/5/2026 4:00,1780981917,12:28.5,deep
Salome,11:56.4,6/5/2026,6/5/2026 4:01,1780981917,12:28.7,deep
Salome,11:56.4,6/5/2026,6/5/2026 4:02,1780981917,12:28.9,deep
Salome,11:56.4,6/5/2026,6/5/2026 4:03,1780981917,12:29.1,deep
Salome,11:56.4,6/5/2026,6/5/2026 4:04,1780981917,12:29.3,deep
Salome,11:56.4,6/5/2026,6/5/2026 4:05,1780981917,12:29.5,deep
Salome,11:56.4,6/5/2026,6/5/2026 4:06,1780981917,12:29.6,deep
Salome,11:56.4,6/5/2026,6/5/2026 4:07,1780981917,12:29.8,deep
Salome,11:56.4,6/5/2026,6/5/2026 4:08,1780981917,12:30.1,deep
Salome,11:56.4,6/5/2026,6/5/2026 4:09,1780981917,12:30.3,deep
Salome,11:56.4,6/5/2026,6/5/2026 4:10,1780981917,12:30.7,deep
Salome,11:56.4,6/5/2026,6/5/2026 4:11,1780981917,12:30.9,deep
Salome,11:56.4,6/5/2026,6/5/2026 4:12,1780981917,12:31.1,deep
Salome,11:56.4,6/5/2026,6/5/2026 4:13,1780981917,12:31.3,deep
Salome,11:56.4,6/5/2026,6/5/2026 4:14,1780981917,12:31.5,deep
Salome,11:56.4,6/5/2026,6/5/2026 4:15,1780981917,12:31.7,deep
Salome,11:56.4,6/5/2026,6/5/2026 4:16,1780981917,12:31.9,deep
Salome,11:56.4,6/5/2026,6/5/2026 4:17,1780981917,12:32.0,deep
Salome,11:56.4,6/5/2026,6/5/2026 4:18,1780981917,12:32.2,deep
Salome,11:56.4,6/5/2026,6/5/2026 4:19,1780981917,12:32.4,deep
Salome,11:56.4,6/5/2026,6/5/2026 4:20,1780981917,12:32.6,deep
Salome,11:56.4,6/5/2026,6/5/2026 4:21,1780981917,12:32.8,deep
Salome,11:56.4,6/5/2026,6/5/2026 4:22,1780981917,12:33.0,light
Salome,11:56.4,6/5/2026,6/5/2026 4:23,1780981917,12:33.2,light
Salome,11:56.4,6/5/2026,6/5/2026 4:24,1780981917,12:33.3,light
Salome,11:56.4,6/5/2026,6/5/2026 4:25,1780981917,12:33.5,light
Salome,11:56.4,6/5/2026,6/5/2026 4:26,1780981917,12:33.7,light
Salome,11:56.4,6/5/2026,6/5/2026 4:27,1780981917,12:34.1,light
Salome,11:56.4,6/5/2026,6/5/2026 4:28,1780981917,12:34.3,light
Salome,11:56.4,6/5/2026,6/5/2026 4:29,1780981917,12:34.5,light
Salome,11:56.4,6/5/2026,6/5/2026 4:30,1780981917,12:34.7,light
Salome,11:56.4,6/5/2026,6/5/2026 4:31,1780981917,12:34.9,light
Salome,11:56.4,6/5/2026,6/5/2026 4:32,1780981917,12:35.0,light
Salome,11:56.4,6/5/2026,6/5/2026 4:33,1780981917,12:35.2,light
Salome,11:56.4,6/5/2026,6/5/2026 4:34,1780981917,12:35.4,light
Salome,11:56.4,6/5/2026,6/5/2026 4:35,1780981917,12:35.6,light
Salome,11:56.4,6/5/2026,6/5/2026 4:36,1780981917,12:35.8,light
Salome,11:56.4,6/5/2026,6/5/2026 4:37,1780981917,12:36.0,light
Salome,11:56.4,6/5/2026,6/5/2026 4:38,1780981917,12:36.2,light
Salome,11:56.4,6/5/2026,6/5/2026 4:39,1780981917,12:37.2,light
Salome,11:56.4,6/5/2026,6/5/2026 4:40,1780981917,12:37.4,light
Salome,11:56.4,6/5/2026,6/5/2026 4:41,1780981917,12:37.6,light
Salome,11:56.4,6/5/2026,6/5/2026 4:42,1780981917,12:37.8,light
Salome,11:56.4,6/5/2026,6/5/2026 4:43,1780981917,12:38.0,light
Salome,11:56.4,6/5/2026,6/5/2026 4:44,1780981917,12:38.2,light
Salome,11:56.4,6/5/2026,6/5/2026 4:45,1780981917,12:38.4,light
Salome,11:56.4,6/5/2026,6/5/2026 4:46,1780981917,12:38.6,light
Salome,11:56.4,6/5/2026,6/5/2026 4:47,1780981917,12:38.7,light
Salome,11:56.4,6/5/2026,6/5/2026 4:48,1780981917,12:38.9,light
Salome,11:56.4,6/5/2026,6/5/2026 4:49,1780981917,12:39.1,deep
Salome,11:56.4,6/5/2026,6/5/2026 4:50,1780981917,12:39.3,deep
Salome,11:56.4,6/5/2026,6/5/2026 4:51,1780981917,12:39.5,deep
Salome,11:56.4,6/5/2026,6/5/2026 4:52,1780981917,12:39.7,deep
Salome,11:56.4,6/5/2026,6/5/2026 4:53,1780981917,12:39.9,light
Salome,11:56.4,6/5/2026,6/5/2026 4:54,1780981917,12:40.1,light
Salome,11:56.4,6/5/2026,6/5/2026 4:55,1780981917,12:40.3,light
Salome,11:56.4,6/5/2026,6/5/2026 4:56,1780981917,12:40.5,light
Salome,11:56.4,6/5/2026,6/5/2026 4:57,1780981917,12:40.7,light
Salome,11:56.4,6/5/2026,6/5/2026 4:58,1780981917,12:40.9,light
Salome,11:56.4,6/5/2026,6/5/2026 4:59,1780981917,12:41.3,light
Salome,11:56.4,6/5/2026,6/5/2026 5:00,1780981917,12:41.5,light
Salome,11:56.4,6/5/2026,6/5/2026 5:01,1780981917,12:41.7,light
Salome,11:56.4,6/5/2026,6/5/2026 5:02,1780981917,12:41.9,light
Salome,11:56.4,6/5/2026,6/5/2026 5:03,1780981917,12:42.1,light
Salome,11:56.4,6/5/2026,6/5/2026 5:04,1780981917,12:42.3,light
Salome,11:56.4,6/5/2026,6/5/2026 5:05,1780981917,12:42.6,light
Salome,11:56.4,6/5/2026,6/5/2026 5:06,1780981917,12:42.8,light
Salome,11:56.4,6/5/2026,6/5/2026 5:07,1780981917,12:43.0,light
Salome,11:56.4,6/5/2026,6/5/2026 5:08,1780981917,12:43.2,light
Salome,11:56.4,6/5/2026,6/5/2026 5:09,1780981917,12:43.5,light
Salome,11:56.4,6/5/2026,6/5/2026 5:10,1780981917,12:43.7,light
Salome,11:56.4,6/5/2026,6/5/2026 5:11,1780981917,12:43.9,light
Salome,11:56.4,6/5/2026,6/5/2026 5:12,1780981917,12:44.1,light
Salome,11:56.4,6/5/2026,6/5/2026 5:13,1780981917,12:44.2,light
Salome,11:56.4,6/5/2026,6/5/2026 5:14,1780981917,12:44.4,light
Salome,11:56.4,6/5/2026,6/5/2026 5:15,1780981917,12:44.6,light
Salome,11:56.4,6/5/2026,6/5/2026 5:16,1780981917,12:44.8,light
Salome,11:56.4,6/5/2026,6/5/2026 5:17,1780981917,12:45.0,light
Salome,11:56.4,6/5/2026,6/5/2026 5:18,1780981917,12:45.2,rem
Salome,11:56.4,6/5/2026,6/5/2026 5:19,1780981917,12:45.4,rem
Salome,11:56.4,6/5/2026,6/5/2026 5:20,1780981917,12:45.5,rem
Salome,11:56.4,6/5/2026,6/5/2026 5:21,1780981917,12:45.8,rem
Salome,11:56.4,6/5/2026,6/5/2026 5:22,1780981917,12:46.0,rem
Salome,11:56.4,6/5/2026,6/5/2026 5:23,1780981917,12:47.0,rem
Salome,11:56.4,6/5/2026,6/5/2026 5:24,1780981917,12:47.4,rem
Salome,11:56.4,6/5/2026,6/5/2026 5:25,1780981917,12:47.6,rem
Salome,11:56.4,6/5/2026,6/5/2026 5:26,1780981917,12:47.8,rem
Salome,11:56.4,6/5/2026,6/5/2026 5:27,1780981917,12:48.2,rem
Salome,11:56.4,6/5/2026,6/5/2026 5:28,1780981917,12:48.4,rem
Salome,11:56.4,6/5/2026,6/5/2026 5:29,1780981917,12:48.5,rem
Salome,11:56.4,6/5/2026,6/5/2026 5:30,1780981917,12:49.0,rem
Salome,11:56.4,6/5/2026,6/5/2026 5:31,1780981917,12:49.2,rem
Salome,11:56.4,6/5/2026,6/5/2026 5:32,1780981917,12:49.4,rem
Salome,11:56.4,6/5/2026,6/5/2026 5:33,1780981917,12:49.5,rem
Salome,11:56.4,6/5/2026,6/5/2026 5:34,1780981917,12:49.7,rem
Salome,11:56.4,6/5/2026,6/5/2026 5:35,1780981917,12:49.9,rem
Salome,11:56.4,6/5/2026,6/5/2026 5:36,1780981917,12:50.1,rem
Salome,11:56.4,6/5/2026,6/5/2026 5:37,1780981917,12:50.3,rem
Salome,11:56.4,6/5/2026,6/5/2026 5:38,1780981917,12:50.5,rem
Salome,11:56.4,6/5/2026,6/5/2026 5:39,1780981917,12:50.7,rem
Salome,11:56.4,6/5/2026,6/5/2026 5:40,1780981917,12:51.0,rem
Salome,11:56.4,6/5/2026,6/5/2026 5:41,1780981917,12:51.2,rem
Salome,11:56.4,6/5/2026,6/5/2026 5:42,1780981917,12:51.3,rem
Salome,11:56.4,6/5/2026,6/5/2026 5:43,1780981917,12:51.5,rem
Salome,11:56.4,6/5/2026,6/5/2026 5:44,1780981917,12:51.7,rem
Salome,11:56.4,6/5/2026,6/5/2026 5:45,1780981917,12:51.9,rem
Salome,11:56.4,6/5/2026,6/5/2026 5:46,1780981917,12:52.1,rem
Salome,11:56.4,6/5/2026,6/5/2026 5:47,1780981917,12:52.3,rem
Salome,11:56.4,6/5/2026,6/5/2026 5:48,1780981917,12:52.5,rem
Salome,11:56.4,6/5/2026,6/5/2026 5:49,1780981917,12:52.6,rem
Salome,11:56.4,6/5/2026,6/5/2026 5:50,1780981917,12:52.8,rem
Salome,11:56.4,6/5/2026,6/5/2026 5:51,1780981917,12:53.0,light
Salome,11:56.4,6/5/2026,6/5/2026 5:52,1780981917,12:53.2,light
Salome,11:56.4,6/5/2026,6/5/2026 5:53,1780981917,12:53.4,light
Salome,11:56.4,6/5/2026,6/5/2026 5:54,1780981917,12:53.9,light
Salome,11:56.4,6/5/2026,6/5/2026 5:55,1780981917,12:54.1,light
Salome,11:56.4,6/5/2026,6/5/2026 5:56,1780981917,12:54.3,light
Salome,11:56.4,6/5/2026,6/5/2026 5:57,1780981917,12:54.5,light
Salome,11:56.4,6/5/2026,6/5/2026 5:58,1780981917,12:54.7,light
Salome,11:56.4,6/5/2026,6/5/2026 5:59,1780981917,12:54.9,light
Salome,11:56.4,6/5/2026,6/5/2026 6:00,1780981917,12:55.1,light
Salome,11:56.4,6/5/2026,6/5/2026 6:01,1780981917,12:55.3,light
Salome,11:56.4,6/5/2026,6/5/2026 6:02,1780981917,12:55.5,light
Salome,11:56.4,6/5/2026,6/5/2026 6:03,1780981917,12:55.6,light
Salome,11:56.4,6/5/2026,6/5/2026 6:04,1780981917,12:55.8,light
Salome,11:56.4,6/5/2026,6/5/2026 6:05,1780981917,12:56.1,light
Salome,11:56.4,6/5/2026,6/5/2026 6:06,1780981917,12:56.3,light
Salome,11:56.4,6/5/2026,6/5/2026 6:07,1780981917,12:56.5,light
Salome,11:56.4,6/5/2026,6/5/2026 6:08,1780981917,12:56.7,light
Salome,11:56.4,6/5/2026,6/5/2026 6:09,1780981917,12:56.9,light
Salome,11:56.4,6/5/2026,6/5/2026 6:10,1780981917,12:57.1,light
Salome,11:56.4,6/5/2026,6/5/2026 6:11,1780981917,12:57.3,light
Salome,11:56.4,6/5/2026,6/5/2026 6:12,1780981917,12:58.0,light
Salome,11:56.4,6/5/2026,6/5/2026 6:13,1780981917,12:58.2,light
Salome,11:56.4,6/5/2026,6/5/2026 6:14,1780981917,12:58.4,light
Salome,11:56.4,6/5/2026,6/5/2026 6:15,1780981917,12:58.6,light
Salome,11:56.4,6/5/2026,6/5/2026 6:16,1780981917,12:58.8,light
Salome,11:56.4,6/5/2026,6/5/2026 6:17,1780981917,12:59.0,light
Salome,11:56.4,6/5/2026,6/5/2026 6:18,1780981917,12:59.2,light
Salome,11:56.4,6/5/2026,6/5/2026 6:19,1780981917,12:59.3,light
Salome,11:56.4,6/5/2026,6/5/2026 6:20,1780981917,12:59.5,light
Salome,11:56.4,6/5/2026,6/5/2026 6:21,1780981917,12:59.7,light
Salome,11:56.4,6/5/2026,6/5/2026 6:22,1780981917,12:59.9,light
Salome,11:56.4,6/5/2026,6/5/2026 6:23,1780981917,13:00.1,light
Salome,16:34.8,6/6/2026,6/6/2026 3:30,1780982195,16:37.9,wake
Salome,16:34.8,6/6/2026,6/6/2026 3:31,1780982195,16:38.4,wake
Salome,16:34.8,6/6/2026,6/6/2026 3:32,1780982195,16:38.7,wake
Salome,16:34.8,6/6/2026,6/6/2026 3:33,1780982195,16:39.0,wake
Salome,16:34.8,6/6/2026,6/6/2026 3:34,1780982195,16:39.3,wake
Salome,16:34.8,6/6/2026,6/6/2026 3:35,1780982195,16:39.5,light
Salome,16:34.8,6/6/2026,6/6/2026 3:36,1780982195,16:39.8,light
Salome,16:34.8,6/6/2026,6/6/2026 3:37,1780982195,16:40.1,light
Salome,16:34.8,6/6/2026,6/6/2026 3:38,1780982195,16:40.3,light
Salome,16:34.8,6/6/2026,6/6/2026 3:39,1780982195,16:40.6,light
Salome,16:34.8,6/6/2026,6/6/2026 3:40,1780982195,16:40.9,light
Salome,16:34.8,6/6/2026,6/6/2026 3:41,1780982195,16:41.2,light
Salome,16:34.8,6/6/2026,6/6/2026 3:42,1780982195,16:41.5,light
Salome,16:34.8,6/6/2026,6/6/2026 3:43,1780982195,16:41.7,light
Salome,16:34.8,6/6/2026,6/6/2026 3:44,1780982195,16:42.0,light
Salome,16:34.8,6/6/2026,6/6/2026 3:45,1780982195,16:42.5,light
Salome,16:34.8,6/6/2026,6/6/2026 3:46,1780982195,16:42.7,light
Salome,16:34.8,6/6/2026,6/6/2026 3:47,1780982195,16:43.0,light
Salome,16:34.8,6/6/2026,6/6/2026 3:48,1780982195,16:43.4,light
Salome,16:34.8,6/6/2026,6/6/2026 3:49,1780982195,16:43.6,deep
Salome,16:34.8,6/6/2026,6/6/2026 3:50,1780982195,16:43.9,deep
Salome,16:34.8,6/6/2026,6/6/2026 3:51,1780982195,16:44.1,deep
Salome,16:34.8,6/6/2026,6/6/2026 3:52,1780982195,16:44.5,deep
Salome,16:34.8,6/6/2026,6/6/2026 3:53,1780982195,16:44.7,deep
Salome,16:34.8,6/6/2026,6/6/2026 3:54,1780982195,16:45.0,deep
Salome,16:34.8,6/6/2026,6/6/2026 3:55,1780982195,16:45.3,deep
Salome,16:34.8,6/6/2026,6/6/2026 3:56,1780982195,16:45.7,deep
Salome,16:34.8,6/6/2026,6/6/2026 3:57,1780982195,16:46.0,deep
Salome,16:34.8,6/6/2026,6/6/2026 3:58,1780982195,16:46.4,deep
Salome,16:34.8,6/6/2026,6/6/2026 3:59,1780982195,16:46.7,deep
Salome,16:34.8,6/6/2026,6/6/2026 4:00,1780982195,16:47.0,deep
Salome,16:34.8,6/6/2026,6/6/2026 4:01,1780982195,16:47.3,deep
Salome,16:34.8,6/6/2026,6/6/2026 4:02,1780982195,16:47.5,deep
Salome,16:34.8,6/6/2026,6/6/2026 4:03,1780982195,16:47.8,deep
Salome,16:34.8,6/6/2026,6/6/2026 4:04,1780982195,16:48.7,deep
Salome,16:34.8,6/6/2026,6/6/2026 4:05,1780982195,16:48.9,deep
Salome,16:34.8,6/6/2026,6/6/2026 4:06,1780982195,16:49.2,deep
Salome,16:34.8,6/6/2026,6/6/2026 4:07,1780982195,16:49.4,deep
Salome,16:34.8,6/6/2026,6/6/2026 4:08,1780982195,16:49.8,deep
Salome,16:34.8,6/6/2026,6/6/2026 4:09,1780982195,16:50.1,deep
Salome,16:34.8,6/6/2026,6/6/2026 4:10,1780982195,16:50.4,deep
Salome,16:34.8,6/6/2026,6/6/2026 4:11,1780982195,16:50.6,deep
Salome,16:34.8,6/6/2026,6/6/2026 4:12,1780982195,16:50.9,deep
Salome,16:34.8,6/6/2026,6/6/2026 4:13,1780982195,16:51.2,deep
Salome,16:34.8,6/6/2026,6/6/2026 4:14,1780982195,16:51.5,deep
Salome,16:34.8,6/6/2026,6/6/2026 4:15,1780982195,16:51.8,deep
Salome,16:34.8,6/6/2026,6/6/2026 4:16,1780982195,16:52.1,deep
Salome,16:34.8,6/6/2026,6/6/2026 4:17,1780982195,16:52.4,deep
Salome,16:34.8,6/6/2026,6/6/2026 4:18,1780982195,16:52.7,deep
Salome,16:34.8,6/6/2026,6/6/2026 4:19,1780982195,16:53.0,light
Salome,16:34.8,6/6/2026,6/6/2026 4:20,1780982195,16:53.2,light
Salome,16:34.8,6/6/2026,6/6/2026 4:21,1780982195,16:53.5,light
Salome,16:34.8,6/6/2026,6/6/2026 4:22,1780982195,16:53.8,light
Salome,16:34.8,6/6/2026,6/6/2026 4:23,1780982195,16:54.0,light
Salome,16:34.8,6/6/2026,6/6/2026 4:24,1780982195,16:54.3,rem
Salome,16:34.8,6/6/2026,6/6/2026 4:25,1780982195,16:54.6,rem
Salome,16:34.8,6/6/2026,6/6/2026 4:26,1780982195,16:54.9,rem
Salome,16:34.8,6/6/2026,6/6/2026 4:27,1780982195,16:55.2,rem
Salome,16:34.8,6/6/2026,6/6/2026 4:28,1780982195,16:55.6,rem
Salome,16:34.8,6/6/2026,6/6/2026 4:29,1780982195,16:55.9,rem
Salome,16:34.8,6/6/2026,6/6/2026 4:30,1780982195,16:56.2,rem
Salome,16:34.8,6/6/2026,6/6/2026 4:31,1780982195,16:56.5,rem
Salome,16:34.8,6/6/2026,6/6/2026 4:32,1780982195,16:56.8,rem
Salome,16:34.8,6/6/2026,6/6/2026 4:33,1780982195,16:57.1,rem
Salome,16:34.8,6/6/2026,6/6/2026 4:34,1780982195,16:57.4,rem
Salome,16:34.8,6/6/2026,6/6/2026 4:35,1780982195,16:58.0,rem
Salome,16:34.8,6/6/2026,6/6/2026 4:36,1780982195,16:58.3,rem
Salome,16:34.8,6/6/2026,6/6/2026 4:37,1780982195,16:58.5,rem
Salome,16:34.8,6/6/2026,6/6/2026 4:38,1780982195,16:59.1,rem
Salome,16:34.8,6/6/2026,6/6/2026 4:39,1780982195,16:59.5,rem
Salome,16:34.8,6/6/2026,6/6/2026 4:40,1780982195,16:59.8,rem
Salome,16:34.8,6/6/2026,6/6/2026 4:41,1780982195,17:00.1,rem
Salome,16:34.8,6/6/2026,6/6/2026 4:42,1780982195,17:00.3,rem
Salome,16:34.8,6/6/2026,6/6/2026 4:43,1780982195,17:00.6,rem
Salome,16:34.8,6/6/2026,6/6/2026 4:44,1780982195,17:00.9,rem
Salome,16:34.8,6/6/2026,6/6/2026 4:45,1780982195,17:01.2,rem
Salome,16:34.8,6/6/2026,6/6/2026 4:46,1780982195,17:01.5,rem
Salome,16:34.8,6/6/2026,6/6/2026 4:47,1780982195,17:01.7,rem
Salome,16:34.8,6/6/2026,6/6/2026 4:48,1780982195,17:02.0,rem
Salome,16:34.8,6/6/2026,6/6/2026 4:49,1780982195,17:02.3,rem
Salome,16:34.8,6/6/2026,6/6/2026 4:50,1780982195,17:02.5,rem
Salome,16:34.8,6/6/2026,6/6/2026 4:51,1780982195,17:02.8,rem
Salome,16:34.8,6/6/2026,6/6/2026 4:52,1780982195,17:03.0,light
Salome,16:34.8,6/6/2026,6/6/2026 4:53,1780982195,17:03.3,light
Salome,16:34.8,6/6/2026,6/6/2026 4:54,1780982195,17:03.6,light
Salome,16:34.8,6/6/2026,6/6/2026 4:55,1780982195,17:03.8,light
Salome,16:34.8,6/6/2026,6/6/2026 4:56,1780982195,17:04.1,light
Salome,16:34.8,6/6/2026,6/6/2026 4:57,1780982195,17:04.4,light
Salome,16:34.8,6/6/2026,6/6/2026 4:58,1780982195,17:04.7,light
Salome,16:34.8,6/6/2026,6/6/2026 4:59,1780982195,17:05.0,light
Salome,16:34.8,6/6/2026,6/6/2026 5:00,1780982195,17:05.3,light
Salome,16:34.8,6/6/2026,6/6/2026 5:01,1780982195,17:05.6,light
Salome,16:34.8,6/6/2026,6/6/2026 5:02,1780982195,17:05.9,light
Salome,16:34.8,6/6/2026,6/6/2026 5:03,1780982195,17:06.3,light
Salome,16:34.8,6/6/2026,6/6/2026 5:04,1780982195,17:06.6,light
Salome,16:34.8,6/6/2026,6/6/2026 5:05,1780982195,17:06.9,light
Salome,16:34.8,6/6/2026,6/6/2026 5:06,1780982195,17:07.2,light
Salome,16:34.8,6/6/2026,6/6/2026 5:07,1780982195,17:07.5,light
Salome,16:34.8,6/6/2026,6/6/2026 5:08,1780982195,17:07.8,light
Salome,16:34.8,6/6/2026,6/6/2026 5:09,1780982195,17:08.2,light
Salome,16:34.8,6/6/2026,6/6/2026 5:10,1780982195,17:08.5,light
Salome,16:34.8,6/6/2026,6/6/2026 5:11,1780982195,17:08.7,light
Salome,16:34.8,6/6/2026,6/6/2026 5:12,1780982195,17:09.0,light
Salome,16:34.8,6/6/2026,6/6/2026 5:13,1780982195,17:09.3,light
Salome,16:34.8,6/6/2026,6/6/2026 5:14,1780982195,17:09.6,light
Salome,16:34.8,6/6/2026,6/6/2026 5:15,1780982195,17:09.9,light
Salome,16:34.8,6/6/2026,6/6/2026 5:16,1780982195,17:10.1,light
Salome,16:34.8,6/6/2026,6/6/2026 5:17,1780982195,17:10.9,light
Salome,16:34.8,6/6/2026,6/6/2026 5:18,1780982195,17:11.1,light
Salome,16:34.8,6/6/2026,6/6/2026 5:19,1780982195,17:11.5,light
Salome,16:34.8,6/6/2026,6/6/2026 5:20,1780982195,17:11.7,light
Salome,16:34.8,6/6/2026,6/6/2026 5:21,1780982195,17:12.0,light
Salome,16:34.8,6/6/2026,6/6/2026 5:22,1780982195,17:12.3,light
Salome,16:34.8,6/6/2026,6/6/2026 5:23,1780982195,17:12.5,light
Salome,16:34.8,6/6/2026,6/6/2026 5:24,1780982195,17:12.8,light
Salome,16:34.8,6/6/2026,6/6/2026 5:25,1780982195,17:13.0,light
Salome,16:34.8,6/6/2026,6/6/2026 5:26,1780982195,17:13.3,light
Salome,16:34.8,6/6/2026,6/6/2026 5:27,1780982195,17:13.6,deep
Salome,16:34.8,6/6/2026,6/6/2026 5:28,1780982195,17:13.8,deep
Salome,16:34.8,6/6/2026,6/6/2026 5:29,1780982195,17:14.1,deep
Salome,16:34.8,6/6/2026,6/6/2026 5:30,1780982195,17:14.4,deep
Salome,16:34.8,6/6/2026,6/6/2026 5:31,1780982195,17:14.6,deep
Salome,16:34.8,6/6/2026,6/6/2026 5:32,1780982195,17:14.9,deep
Salome,16:34.8,6/6/2026,6/6/2026 5:33,1780982195,17:15.3,deep
Salome,16:34.8,6/6/2026,6/6/2026 5:34,1780982195,17:15.5,deep
Salome,16:34.8,6/6/2026,6/6/2026 5:35,1780982195,17:15.8,deep
Salome,16:34.8,6/6/2026,6/6/2026 5:36,1780982195,17:16.1,deep
Salome,16:34.8,6/6/2026,6/6/2026 5:37,1780982195,17:16.4,deep
Salome,16:34.8,6/6/2026,6/6/2026 5:38,1780982195,17:16.6,deep
Salome,16:34.8,6/6/2026,6/6/2026 5:39,1780982195,17:17.0,deep
Salome,16:34.8,6/6/2026,6/6/2026 5:40,1780982195,17:17.3,deep
Salome,16:34.8,6/6/2026,6/6/2026 5:41,1780982195,17:17.6,deep
Salome,16:34.8,6/6/2026,6/6/2026 5:42,1780982195,17:17.8,deep
Salome,16:34.8,6/6/2026,6/6/2026 5:43,1780982195,17:18.1,deep
Salome,16:34.8,6/6/2026,6/6/2026 5:44,1780982195,17:18.4,deep
Salome,16:34.8,6/6/2026,6/6/2026 5:45,1780982195,17:18.6,deep
Salome,16:34.8,6/6/2026,6/6/2026 5:46,1780982195,17:18.9,deep
Salome,16:34.8,6/6/2026,6/6/2026 5:47,1780982195,17:19.2,deep
Salome,16:34.8,6/6/2026,6/6/2026 5:48,1780982195,17:19.5,deep
Salome,16:34.8,6/6/2026,6/6/2026 5:49,1780982195,17:19.8,deep
Salome,16:34.8,6/6/2026,6/6/2026 5:50,1780982195,17:20.1,deep
Salome,16:34.8,6/6/2026,6/6/2026 5:51,1780982195,17:20.3,deep
Salome,16:34.8,6/6/2026,6/6/2026 5:52,1780982195,17:20.6,deep
Salome,16:34.8,6/6/2026,6/6/2026 5:53,1780982195,17:20.9,deep
Salome,16:34.8,6/6/2026,6/6/2026 5:54,1780982195,17:21.1,deep
Salome,16:34.8,6/6/2026,6/6/2026 5:55,1780982195,17:21.4,deep
Salome,16:34.8,6/6/2026,6/6/2026 5:56,1780982195,17:21.7,deep
Salome,16:34.8,6/6/2026,6/6/2026 5:57,1780982195,17:22.0,deep
Salome,16:34.8,6/6/2026,6/6/2026 5:58,1780982195,17:22.2,deep
Salome,16:34.8,6/6/2026,6/6/2026 5:59,1780982195,17:22.5,deep
Salome,16:34.8,6/6/2026,6/6/2026 6:00,1780982195,17:22.9,deep
Salome,16:34.8,6/6/2026,6/6/2026 6:01,1780982195,17:23.2,deep
Salome,16:34.8,6/6/2026,6/6/2026 6:02,1780982195,17:23.5,deep
Salome,16:34.8,6/6/2026,6/6/2026 6:03,1780982195,17:23.8,deep
Salome,16:34.8,6/6/2026,6/6/2026 6:04,1780982195,17:24.1,deep
Salome,16:34.8,6/6/2026,6/6/2026 6:05,1780982195,17:24.4,deep
Salome,16:34.8,6/6/2026,6/6/2026 6:06,1780982195,17:24.6,light
Salome,16:34.8,6/6/2026,6/6/2026 6:07,1780982195,17:24.9,rem
Salome,16:34.8,6/6/2026,6/6/2026 6:08,1780982195,17:25.2,rem
Salome,16:34.8,6/6/2026,6/6/2026 6:09,1780982195,17:25.6,rem
Salome,16:34.8,6/6/2026,6/6/2026 6:10,1780982195,17:25.8,rem
Salome,16:34.8,6/6/2026,6/6/2026 6:11,1780982195,17:26.1,rem
Salome,16:34.8,6/6/2026,6/6/2026 6:12,1780982195,17:26.3,rem
Salome,16:34.8,6/6/2026,6/6/2026 6:13,1780982195,17:26.6,rem
Salome,16:34.8,6/6/2026,6/6/2026 6:14,1780982195,17:26.9,rem
Salome,16:34.8,6/6/2026,6/6/2026 6:15,1780982195,17:27.3,rem
Salome,16:34.8,6/6/2026,6/6/2026 6:16,1780982195,17:27.5,rem
Salome,16:34.8,6/6/2026,6/6/2026 6:17,1780982195,17:27.8,rem
Salome,16:34.8,6/6/2026,6/6/2026 6:18,1780982195,17:28.1,rem
Salome,16:34.8,6/6/2026,6/6/2026 6:19,1780982195,17:28.6,rem
Salome,16:34.8,6/6/2026,6/6/2026 6:20,1780982195,17:28.8,rem
Salome,16:34.8,6/6/2026,6/6/2026 6:21,1780982195,17:29.1,rem
Salome,16:34.8,6/6/2026,6/6/2026 6:22,1780982195,17:29.3,rem
Salome,16:34.8,6/6/2026,6/6/2026 6:23,1780982195,17:29.6,rem
Salome,16:34.8,6/6/2026,6/6/2026 6:24,1780982195,17:29.9,rem
Salome,16:34.8,6/6/2026,6/6/2026 6:25,1780982195,17:30.2,rem
Salome,16:34.8,6/6/2026,6/6/2026 6:26,1780982195,17:30.5,rem
Salome,16:34.8,6/6/2026,6/6/2026 6:27,1780982195,17:30.8,rem
Salome,16:34.8,6/6/2026,6/6/2026 6:28,1780982195,17:31.1,rem
Salome,16:34.8,6/6/2026,6/6/2026 6:29,1780982195,17:31.4,rem
Salome,16:34.8,6/6/2026,6/6/2026 6:30,1780982195,17:31.6,rem
Salome,16:34.8,6/6/2026,6/6/2026 6:31,1780982195,17:31.9,rem
Salome,16:34.8,6/6/2026,6/6/2026 6:32,1780982195,17:32.1,rem
Salome,16:34.8,6/6/2026,6/6/2026 6:33,1780982195,17:32.4,rem
Salome,16:34.8,6/6/2026,6/6/2026 6:34,1780982195,17:32.8,rem
Salome,16:34.8,6/6/2026,6/6/2026 6:35,1780982195,17:33.0,rem
Salome,16:34.8,6/6/2026,6/6/2026 6:36,1780982195,17:33.3,rem
Salome,16:34.8,6/6/2026,6/6/2026 6:37,1780982195,17:33.5,rem
Salome,16:34.8,6/6/2026,6/6/2026 6:38,1780982195,17:33.8,rem
Salome,16:34.8,6/6/2026,6/6/2026 6:39,1780982195,17:34.0,rem
Salome,16:34.8,6/6/2026,6/6/2026 6:40,1780982195,17:34.3,rem
Salome,16:34.8,6/6/2026,6/6/2026 6:41,1780982195,17:34.6,rem
Salome,16:34.8,6/6/2026,6/6/2026 6:42,1780982195,17:35.1,rem
Salome,16:34.8,6/6/2026,6/6/2026 6:43,1780982195,17:35.4,rem
Salome,16:34.8,6/6/2026,6/6/2026 6:44,1780982195,17:35.7,rem
Salome,16:34.8,6/6/2026,6/6/2026 6:45,1780982195,17:35.9,rem
Salome,16:34.8,6/6/2026,6/6/2026 6:46,1780982195,17:36.2,rem
Salome,16:34.8,6/6/2026,6/6/2026 6:47,1780982195,17:36.5,rem
Salome,16:34.8,6/6/2026,6/6/2026 6:48,1780982195,17:36.7,light
Salome,16:34.8,6/6/2026,6/6/2026 6:49,1780982195,17:37.0,light
Salome,16:34.8,6/6/2026,6/6/2026 6:50,1780982195,17:37.2,light
Salome,16:34.8,6/6/2026,6/6/2026 6:51,1780982195,17:37.5,light
Salome,16:34.8,6/6/2026,6/6/2026 6:52,1780982195,17:37.7,light
Salome,16:34.8,6/6/2026,6/6/2026 6:53,1780982195,17:38.0,light
Salome,16:34.8,6/6/2026,6/6/2026 6:54,1780982195,17:38.3,light
Salome,16:34.8,6/6/2026,6/6/2026 6:55,1780982195,17:38.6,light
Salome,16:34.8,6/6/2026,6/6/2026 6:56,1780982195,17:38.8,light
Salome,16:34.8,6/6/2026,6/6/2026 6:57,1780982195,17:39.0,light
Salome,16:34.8,6/6/2026,6/6/2026 6:58,1780982195,17:39.3,light
Salome,16:34.8,6/6/2026,6/6/2026 6:59,1780982195,17:39.5,light
Salome,16:34.8,6/6/2026,6/6/2026 7:00,1780982195,17:39.8,light
Salome,16:34.8,6/6/2026,6/6/2026 7:01,1780982195,17:40.2,light
Salome,16:34.8,6/6/2026,6/6/2026 7:02,1780982195,17:40.4,light
Salome,16:34.8,6/6/2026,6/6/2026 7:03,1780982195,17:40.7,light
Salome,16:34.8,6/6/2026,6/6/2026 7:04,1780982195,17:40.9,light
Salome,16:34.8,6/6/2026,6/6/2026 7:05,1780982195,17:41.2,light
Salome,16:34.8,6/6/2026,6/6/2026 7:06,1780982195,17:41.5,light
Salome,16:34.8,6/6/2026,6/6/2026 7:07,1780982195,17:42.0,light
Salome,16:34.8,6/6/2026,6/6/2026 7:08,1780982195,17:42.2,light
Salome,16:34.8,6/6/2026,6/6/2026 7:09,1780982195,17:42.5,light
Salome,16:34.8,6/6/2026,6/6/2026 7:10,1780982195,17:42.8,light
Salome,16:34.8,6/6/2026,6/6/2026 7:11,1780982195,17:43.1,light
Salome,16:34.8,6/6/2026,6/6/2026 7:12,1780982195,17:43.4,light
Salome,16:34.8,6/6/2026,6/6/2026 7:13,1780982195,17:43.6,light
Salome,16:34.8,6/6/2026,6/6/2026 7:14,1780982195,17:43.8,light
Salome,16:34.8,6/6/2026,6/6/2026 7:15,1780982195,17:44.1,light
Salome,16:34.8,6/6/2026,6/6/2026 7:16,1780982195,17:44.4,light
Salome,16:34.8,6/6/2026,6/6/2026 7:17,1780982195,17:44.6,light
Salome,16:34.8,6/6/2026,6/6/2026 7:18,1780982195,17:44.9,light
Salome,16:34.8,6/6/2026,6/6/2026 7:19,1780982195,17:45.2,light
Salome,16:34.8,6/6/2026,6/6/2026 7:20,1780982195,17:45.5,light
Salome,16:34.8,6/6/2026,6/6/2026 7:21,1780982195,17:45.7,light
Salome,16:34.8,6/6/2026,6/6/2026 7:22,1780982195,17:46.0,light
Salome,16:34.8,6/6/2026,6/6/2026 7:23,1780982195,17:46.2,light
Salome,16:34.8,6/6/2026,6/6/2026 7:24,1780982195,17:46.5,light
Salome,16:34.8,6/6/2026,6/6/2026 7:25,1780982195,17:46.7,light
Salome,16:34.8,6/6/2026,6/6/2026 7:26,1780982195,17:47.0,light
Salome,16:34.8,6/6/2026,6/6/2026 7:27,1780982195,17:47.2,light
Salome,16:34.8,6/6/2026,6/6/2026 7:28,1780982195,17:47.5,light
Salome,16:34.8,6/6/2026,6/6/2026 7:29,1780982195,17:47.7,light
Salome,16:34.8,6/6/2026,6/6/2026 7:30,1780982195,17:48.0,deep
Salome,16:34.8,6/6/2026,6/6/2026 7:31,1780982195,17:48.2,deep
Salome,16:34.8,6/6/2026,6/6/2026 7:32,1780982195,17:49.0,deep
Salome,16:34.8,6/6/2026,6/6/2026 7:33,1780982195,17:49.3,deep
Salome,16:34.8,6/6/2026,6/6/2026 7:34,1780982195,17:49.6,deep
Salome,16:34.8,6/6/2026,6/6/2026 7:35,1780982195,17:49.8,deep
Salome,16:34.8,6/6/2026,6/6/2026 7:36,1780982195,17:50.1,deep
Salome,16:34.8,6/6/2026,6/6/2026 7:37,1780982195,17:50.3,deep
Salome,16:34.8,6/6/2026,6/6/2026 7:38,1780982195,17:50.6,deep
Salome,16:34.8,6/6/2026,6/6/2026 7:39,1780982195,17:50.8,deep
Salome,16:34.8,6/6/2026,6/6/2026 7:40,1780982195,17:51.1,deep
Salome,16:34.8,6/6/2026,6/6/2026 7:41,1780982195,17:51.3,deep
Salome,16:34.8,6/6/2026,6/6/2026 7:42,1780982195,17:51.6,deep
Salome,16:34.8,6/6/2026,6/6/2026 7:43,1780982195,17:51.8,deep
Salome,16:34.8,6/6/2026,6/6/2026 7:44,1780982195,17:52.1,deep
Salome,16:34.8,6/6/2026,6/6/2026 7:45,1780982195,17:52.4,deep
Salome,16:34.8,6/6/2026,6/6/2026 7:46,1780982195,17:52.6,deep
Salome,16:34.8,6/6/2026,6/6/2026 7:47,1780982195,17:52.9,deep
Salome,16:34.8,6/6/2026,6/6/2026 7:48,1780982195,17:53.1,deep
Salome,16:34.8,6/6/2026,6/6/2026 7:49,1780982195,17:53.4,deep
Salome,16:34.8,6/6/2026,6/6/2026 7:50,1780982195,17:53.7,deep
Salome,16:34.8,6/6/2026,6/6/2026 7:51,1780982195,17:53.9,deep
Salome,16:34.8,6/6/2026,6/6/2026 7:52,1780982195,17:54.2,deep
Salome,16:34.8,6/6/2026,6/6/2026 7:53,1780982195,17:54.5,deep
Salome,16:34.8,6/6/2026,6/6/2026 7:54,1780982195,17:54.7,deep
Salome,16:34.8,6/6/2026,6/6/2026 7:55,1780982195,17:55.0,deep
Salome,16:34.8,6/6/2026,6/6/2026 7:56,1780982195,17:55.2,deep
Salome,16:34.8,6/6/2026,6/6/2026 7:57,1780982195,17:55.5,deep
Salome,16:34.8,6/6/2026,6/6/2026 7:58,1780982195,17:55.8,rem
Salome,16:34.8,6/6/2026,6/6/2026 7:59,1780982195,17:56.3,rem
Salome,16:34.8,6/6/2026,6/6/2026 8:00,1780982195,17:56.5,rem
Salome,16:34.8,6/6/2026,6/6/2026 8:01,1780982195,17:56.8,rem
Salome,16:34.8,6/6/2026,6/6/2026 8:02,1780982195,17:57.1,rem
Salome,16:34.8,6/6/2026,6/6/2026 8:03,1780982195,17:57.4,rem
Salome,16:34.8,6/6/2026,6/6/2026 8:04,1780982195,17:57.7,rem
Salome,16:34.8,6/6/2026,6/6/2026 8:05,1780982195,17:57.9,rem
Salome,16:34.8,6/6/2026,6/6/2026 8:06,1780982195,17:58.2,rem
Salome,16:34.8,6/6/2026,6/6/2026 8:07,1780982195,17:58.4,rem
Salome,16:34.8,6/6/2026,6/6/2026 8:08,1780982195,17:58.7,rem
Salome,16:34.8,6/6/2026,6/6/2026 8:09,1780982195,17:59.0,rem
Salome,16:34.8,6/6/2026,6/6/2026 8:10,1780982195,17:59.3,rem
Salome,16:34.8,6/6/2026,6/6/2026 8:11,1780982195,17:59.5,rem
Salome,16:34.8,6/6/2026,6/6/2026 8:12,1780982195,17:59.8,rem
Salome,16:34.8,6/6/2026,6/6/2026 8:13,1780982195,18:00.1,rem
Salome,16:34.8,6/6/2026,6/6/2026 8:14,1780982195,18:00.4,rem
Salome,16:34.8,6/6/2026,6/6/2026 8:15,1780982195,18:00.7,rem
Salome,16:34.8,6/6/2026,6/6/2026 8:16,1780982195,18:00.9,rem
Salome,16:34.8,6/6/2026,6/6/2026 8:17,1780982195,18:01.2,rem
Salome,16:34.8,6/6/2026,6/6/2026 8:18,1780982195,18:01.5,rem
Salome,16:34.8,6/6/2026,6/6/2026 8:19,1780982195,18:01.7,rem
Salome,16:34.8,6/6/2026,6/6/2026 8:20,1780982195,18:02.0,rem
Salome,16:34.8,6/6/2026,6/6/2026 8:21,1780982195,18:02.2,rem
Salome,16:34.8,6/6/2026,6/6/2026 8:22,1780982195,18:02.5,rem
Salome,16:34.8,6/6/2026,6/6/2026 8:23,1780982195,18:02.8,rem
Salome,16:34.8,6/6/2026,6/6/2026 8:24,1780982195,18:03.0,rem
Salome,16:34.8,6/6/2026,6/6/2026 8:25,1780982195,18:03.3,rem
Salome,16:34.8,6/6/2026,6/6/2026 8:26,1780982195,18:04.3,light
Salome,16:34.8,6/6/2026,6/6/2026 8:27,1780982195,18:04.6,light
Salome,16:34.8,6/6/2026,6/6/2026 8:28,1780982195,18:04.8,light
Salome,16:34.8,6/6/2026,6/6/2026 8:29,1780982195,18:05.1,light
Salome,16:34.8,6/6/2026,6/6/2026 8:30,1780982195,18:05.3,light
Salome,16:34.8,6/6/2026,6/6/2026 8:31,1780982195,18:05.6,light
Salome,16:34.8,6/6/2026,6/6/2026 8:32,1780982195,18:06.2,light
Salome,16:34.8,6/6/2026,6/6/2026 8:33,1780982195,18:06.4,light
Salome,16:34.8,6/6/2026,6/6/2026 8:34,1780982195,18:06.7,light
Salome,16:34.8,6/6/2026,6/6/2026 8:35,1780982195,18:06.9,light
Salome,16:34.8,6/6/2026,6/6/2026 8:36,1780982195,18:07.2,light
Salome,16:34.8,6/6/2026,6/6/2026 8:37,1780982195,18:07.5,light
Salome,16:34.8,6/6/2026,6/6/2026 8:38,1780982195,18:07.8,light
Salome,16:34.8,6/6/2026,6/6/2026 8:39,1780982195,18:08.1,light
Salome,16:34.8,6/6/2026,6/6/2026 8:40,1780982195,18:08.3,light
Salome,16:34.8,6/6/2026,6/6/2026 8:41,1780982195,18:09.1,light
Salome,16:34.8,6/6/2026,6/6/2026 8:42,1780982195,18:09.4,light
Salome,16:34.8,6/6/2026,6/6/2026 8:43,1780982195,18:09.6,light
Salome,16:34.8,6/6/2026,6/6/2026 8:44,1780982195,18:09.9,light
Salome,16:34.8,6/6/2026,6/6/2026 8:45,1780982195,18:10.2,light
Salome,16:34.8,6/6/2026,6/6/2026 8:46,1780982195,18:10.4,light
Salome,16:34.8,6/6/2026,6/6/2026 8:47,1780982195,18:10.7,light
Salome,16:34.8,6/6/2026,6/6/2026 8:48,1780982195,18:11.0,light
Salome,16:34.8,6/6/2026,6/6/2026 8:49,1780982195,18:11.3,light
Salome,16:34.8,6/6/2026,6/6/2026 8:50,1780982195,18:11.5,light
Salome,16:34.8,6/6/2026,6/6/2026 8:51,1780982195,18:12.3,light
Salome,16:34.8,6/6/2026,6/6/2026 8:52,1780982195,18:12.6,light
Salome,16:34.8,6/6/2026,6/6/2026 8:53,1780982195,18:12.9,light
Salome,16:34.8,6/6/2026,6/6/2026 8:54,1780982195,18:13.2,light
Salome,16:34.8,6/6/2026,6/6/2026 8:55,1780982195,18:13.4,light
Salome,16:34.8,6/6/2026,6/6/2026 8:56,1780982195,18:14.1,light
Salome,16:34.8,6/6/2026,6/6/2026 8:57,1780982195,18:14.4,light
Salome,16:34.8,6/6/2026,6/6/2026 8:58,1780982195,18:14.7,light
Salome,16:34.8,6/6/2026,6/6/2026 8:59,1780982195,18:15.0,light
Salome,16:34.8,6/6/2026,6/6/2026 9:00,1780982195,18:15.3,light
Salome,16:34.8,6/6/2026,6/6/2026 9:01,1780982195,18:15.6,deep
Salome,16:34.8,6/6/2026,6/6/2026 9:02,1780982195,18:15.9,deep
Salome,16:34.8,6/6/2026,6/6/2026 9:03,1780982195,18:16.1,light
Salome,16:34.8,6/6/2026,6/6/2026 9:04,1780982195,18:16.4,light
Salome,16:34.8,6/6/2026,6/6/2026 9:05,1780982195,18:16.7,light
Salome,16:34.8,6/6/2026,6/6/2026 9:06,1780982195,18:17.0,light
Salome,16:34.8,6/6/2026,6/6/2026 9:07,1780982195,18:17.2,light
Salome,16:34.8,6/6/2026,6/6/2026 9:08,1780982195,18:17.5,light
Salome,16:34.8,6/6/2026,6/6/2026 9:09,1780982195,18:17.7,light
Salome,16:34.8,6/6/2026,6/6/2026 9:10,1780982195,18:18.0,light
Salome,16:34.8,6/6/2026,6/6/2026 9:11,1780982195,18:18.3,rem
Salome,16:34.8,6/6/2026,6/6/2026 9:12,1780982195,18:18.6,rem
Salome,16:34.8,6/6/2026,6/6/2026 9:13,1780982195,18:18.8,rem
Salome,16:34.8,6/6/2026,6/6/2026 9:14,1780982195,18:19.1,rem
Salome,16:34.8,6/6/2026,6/6/2026 9:15,1780982195,18:19.4,rem
Salome,16:34.8,6/6/2026,6/6/2026 9:16,1780982195,18:19.6,rem
Salome,16:34.8,6/6/2026,6/6/2026 9:17,1780982195,18:19.9,rem
Salome,16:34.8,6/6/2026,6/6/2026 9:18,1780982195,18:20.1,rem
Salome,16:34.8,6/6/2026,6/6/2026 9:19,1780982195,18:20.4,rem
Salome,16:34.8,6/6/2026,6/6/2026 9:20,1780982195,18:20.6,rem
Salome,16:34.8,6/6/2026,6/6/2026 9:21,1780982195,18:20.9,rem
Salome,16:34.8,6/6/2026,6/6/2026 9:22,1780982195,18:21.1,rem
Salome,16:34.8,6/6/2026,6/6/2026 9:23,1780982195,18:21.4,rem
Salome,16:34.8,6/6/2026,6/6/2026 9:24,1780982195,18:21.7,rem
Salome,16:34.8,6/6/2026,6/6/2026 9:25,1780982195,18:22.1,rem
Salome,16:34.8,6/6/2026,6/6/2026 9:26,1780982195,18:22.3,rem
Salome,16:34.8,6/6/2026,6/6/2026 9:27,1780982195,18:22.7,rem
Salome,16:34.8,6/6/2026,6/6/2026 9:28,1780982195,18:23.0,rem
Salome,16:34.8,6/6/2026,6/6/2026 9:29,1780982195,18:23.3,rem
Salome,16:34.8,6/6/2026,6/6/2026 9:30,1780982195,18:23.5,rem
Salome,16:34.8,6/6/2026,6/6/2026 9:31,1780982195,18:23.8,rem
Salome,16:34.8,6/6/2026,6/6/2026 9:32,1780982195,18:24.1,rem
Salome,16:34.8,6/6/2026,6/6/2026 9:33,1780982195,18:24.4,rem
Salome,16:34.8,6/6/2026,6/6/2026 9:34,1780982195,18:24.7,rem
Salome,16:34.8,6/6/2026,6/6/2026 9:35,1780982195,18:25.0,rem
Salome,16:34.8,6/6/2026,6/6/2026 9:36,1780982195,18:25.2,rem
Salome,16:34.8,6/6/2026,6/6/2026 9:37,1780982195,18:25.5,rem
Salome,16:34.8,6/6/2026,6/6/2026 9:38,1780982195,18:25.8,rem
Salome,16:34.8,6/6/2026,6/6/2026 9:39,1780982195,18:26.3,rem
Salome,16:34.8,6/6/2026,6/6/2026 9:40,1780982195,18:26.6,rem
Salome,16:34.8,6/6/2026,6/6/2026 9:41,1780982195,18:26.8,rem
Salome,16:34.8,6/6/2026,6/6/2026 9:42,1780982195,18:27.1,rem
Salome,16:34.8,6/6/2026,6/6/2026 9:43,1780982195,18:27.3,rem
Salome,16:34.8,6/6/2026,6/6/2026 9:44,1780982195,18:27.6,rem
Salome,16:34.8,6/6/2026,6/6/2026 9:45,1780982195,18:27.9,rem
Salome,16:34.8,6/6/2026,6/6/2026 9:46,1780982195,18:28.2,rem
Salome,16:34.8,6/6/2026,6/6/2026 9:47,1780982195,18:28.5,rem
Salome,16:34.8,6/6/2026,6/6/2026 9:48,1780982195,18:28.7,rem
Salome,16:34.8,6/6/2026,6/6/2026 9:49,1780982195,6/9/2026 1:18,rem
Salome,16:34.8,6/6/2026,6/6/2026 9:50,1780982195,18:29.3,rem
Salome,16:34.8,6/6/2026,6/6/2026 9:51,1780982195,18:29.5,rem
Salome,16:34.8,6/6/2026,6/6/2026 9:52,1780982195,18:29.8,rem
Salome,16:34.8,6/6/2026,6/6/2026 9:53,1780982195,18:30.0,rem
Salome,16:34.8,6/6/2026,6/6/2026 9:54,1780982195,18:30.3,light
Salome,16:34.8,6/6/2026,6/6/2026 9:55,1780982195,18:30.5,light
Salome,16:34.8,6/6/2026,6/6/2026 9:56,1780982195,18:30.9,light
Salome,16:34.8,6/6/2026,6/6/2026 9:57,1780982195,18:31.2,light
Salome,16:34.8,6/6/2026,6/6/2026 9:58,1780982195,18:31.4,light
Salome,16:34.8,6/6/2026,6/6/2026 9:59,1780982195,18:32.0,light
Salome,16:34.8,6/6/2026,6/6/2026 10:00,1780982195,18:32.4,light
Salome,16:34.8,6/6/2026,6/6/2026 10:01,1780982195,18:32.6,light
Salome,16:34.8,6/6/2026,6/6/2026 10:02,1780982195,18:32.9,light
Salome,16:34.8,6/6/2026,6/6/2026 10:03,1780982195,18:33.2,light
Salome,16:34.8,6/6/2026,6/6/2026 10:04,1780982195,18:33.5,light
Salome,16:34.8,6/6/2026,6/6/2026 10:05,1780982195,18:33.8,light
Salome,16:34.8,6/6/2026,6/6/2026 10:06,1780982195,18:34.1,light
Salome,16:34.8,6/6/2026,6/6/2026 10:07,1780982195,18:34.4,light
Salome,16:34.8,6/6/2026,6/6/2026 10:08,1780982195,18:34.7,light
Salome,16:34.8,6/6/2026,6/6/2026 10:09,1780982195,18:35.0,light
Salome,16:34.8,6/6/2026,6/6/2026 10:10,1780982195,18:35.3,light
Salome,16:34.8,6/6/2026,6/6/2026 10:11,1780982195,18:35.7,light
Salome,16:34.8,6/6/2026,6/6/2026 10:12,1780982195,18:36.1,light
Salome,16:34.8,6/6/2026,6/6/2026 10:13,1780982195,18:36.5,light
Salome,16:34.8,6/6/2026,6/6/2026 10:14,1780982195,18:36.9,light
Salome,16:34.8,6/6/2026,6/6/2026 10:15,1780982195,18:37.2,light
Salome,16:34.8,6/6/2026,6/6/2026 10:16,1780982195,18:38.1,light
Salome,16:34.8,6/6/2026,6/6/2026 10:17,1780982195,18:38.4,light
Salome,16:34.8,6/6/2026,6/6/2026 10:18,1780982195,18:38.9,light
Salome,16:34.8,6/6/2026,6/6/2026 10:19,1780982195,18:39.2,light
Salome,16:34.8,6/6/2026,6/6/2026 10:20,1780982195,18:39.5,light
Salome,16:34.8,6/6/2026,6/6/2026 10:21,1780982195,18:39.7,light
Salome,16:34.8,6/6/2026,6/6/2026 10:22,1780982195,18:40.0,light
Salome,16:34.8,6/6/2026,6/6/2026 10:23,1780982195,18:40.2,deep
Salome,16:34.8,6/6/2026,6/6/2026 10:24,1780982195,18:40.5,deep
Salome,16:34.8,6/6/2026,6/6/2026 10:25,1780982195,18:40.8,deep
Salome,16:34.8,6/6/2026,6/6/2026 10:26,1780982195,18:41.0,light
Salome,16:34.8,6/6/2026,6/6/2026 10:27,1780982195,18:41.4,light
Salome,16:34.8,6/6/2026,6/6/2026 10:28,1780982195,18:41.8,deep
Salome,16:34.8,6/6/2026,6/6/2026 10:29,1780982195,18:42.0,light
Salome,16:34.8,6/6/2026,6/6/2026 10:30,1780982195,18:42.3,deep
Salome,16:34.8,6/6/2026,6/6/2026 10:31,1780982195,18:42.5,deep
Salome,16:34.8,6/6/2026,6/6/2026 10:32,1780982195,18:42.8,deep
Salome,16:34.8,6/6/2026,6/6/2026 10:33,1780982195,18:43.1,deep
Salome,16:34.8,6/6/2026,6/6/2026 10:34,1780982195,18:43.4,deep
Salome,16:34.8,6/6/2026,6/6/2026 10:35,1780982195,18:43.7,deep
Salome,16:34.8,6/6/2026,6/6/2026 10:36,1780982195,18:43.9,deep
Salome,16:34.8,6/6/2026,6/6/2026 10:37,1780982195,18:44.2,deep
Salome,16:34.8,6/6/2026,6/6/2026 10:38,1780982195,18:44.4,deep
Salome,16:34.8,6/6/2026,6/6/2026 10:39,1780982195,18:44.7,deep
Salome,16:34.8,6/6/2026,6/6/2026 10:40,1780982195,18:45.0,deep
Salome,16:34.8,6/6/2026,6/6/2026 10:41,1780982195,18:45.2,deep
Salome,16:34.8,6/6/2026,6/6/2026 10:42,1780982195,18:45.5,deep
Salome,16:34.8,6/6/2026,6/6/2026 10:43,1780982195,18:45.8,deep
Salome,16:34.8,6/6/2026,6/6/2026 10:44,1780982195,18:46.0,deep
Salome,16:34.8,6/6/2026,6/6/2026 10:45,1780982195,18:46.3,deep
Salome,16:34.8,6/6/2026,6/6/2026 10:46,1780982195,18:46.5,deep
Salome,16:34.8,6/6/2026,6/6/2026 10:47,1780982195,18:46.8,light
Salome,16:34.8,6/6/2026,6/6/2026 10:48,1780982195,18:47.0,light
Salome,16:34.8,6/6/2026,6/6/2026 10:49,1780982195,18:47.3,light
Salome,16:34.8,6/6/2026,6/6/2026 10:50,1780982195,18:47.6,light
Salome,16:34.8,6/6/2026,6/6/2026 10:51,1780982195,18:47.9,light
Salome,16:34.8,6/6/2026,6/6/2026 10:52,1780982195,18:48.2,light
Salome,16:34.8,6/6/2026,6/6/2026 10:53,1780982195,18:48.7,light
Salome,16:34.8,6/6/2026,6/6/2026 10:54,1780982195,18:48.9,light
Salome,16:34.8,6/6/2026,6/6/2026 10:55,1780982195,18:49.2,light
Salome,16:34.8,6/6/2026,6/6/2026 10:56,1780982195,18:49.4,light
Salome,16:34.8,6/6/2026,6/6/2026 10:57,1780982195,18:49.7,light
Salome,16:34.8,6/6/2026,6/6/2026 10:58,1780982195,18:49.9,light
Salome,16:34.8,6/6/2026,6/6/2026 10:59,1780982195,18:50.2,light
Salome,16:34.8,6/6/2026,6/6/2026 11:00,1780982195,18:50.5,light
Salome,16:34.8,6/6/2026,6/6/2026 11:01,1780982195,18:50.7,light
Salome,16:34.8,6/6/2026,6/6/2026 11:02,1780982195,18:51.0,light
Salome,16:34.8,6/6/2026,6/6/2026 11:03,1780982195,18:51.2,light
Salome,16:34.8,6/6/2026,6/6/2026 11:04,1780982195,18:51.5,light
Salome,16:34.8,6/6/2026,6/6/2026 11:05,1780982195,18:51.7,light
Salome,16:34.8,6/6/2026,6/6/2026 11:06,1780982195,18:52.0,light
Salome,16:34.8,6/6/2026,6/6/2026 11:07,1780982195,18:52.2,light
Salome,16:34.8,6/6/2026,6/6/2026 11:08,1780982195,18:52.9,light
Salome,16:34.8,6/6/2026,6/6/2026 11:09,1780982195,18:53.2,light
Salome,16:34.8,6/6/2026,6/6/2026 11:10,1780982195,18:53.4,light
Salome,16:34.8,6/6/2026,6/6/2026 11:11,1780982195,18:53.7,light
Salome,16:34.8,6/6/2026,6/6/2026 11:12,1780982195,18:54.4,light
Salome,16:34.8,6/6/2026,6/6/2026 11:13,1780982195,18:54.7,light
Salome,16:34.8,6/6/2026,6/6/2026 11:14,1780982195,18:54.9,light
Salome,16:34.8,6/6/2026,6/6/2026 11:15,1780982195,18:55.2,light
Salome,16:34.8,6/6/2026,6/6/2026 11:16,1780982195,18:55.4,light
Salome,16:34.8,6/6/2026,6/6/2026 11:17,1780982195,18:55.8,light
Salome,16:34.8,6/6/2026,6/6/2026 11:18,1780982195,18:56.0,light
Salome,16:34.8,6/6/2026,6/6/2026 11:19,1780982195,18:56.5,light
Salome,16:34.8,6/6/2026,6/6/2026 11:20,1780982195,18:56.8,light
Salome,16:34.8,6/6/2026,6/6/2026 11:21,1780982195,18:57.0,light
Salome,16:34.8,6/6/2026,6/6/2026 11:22,1780982195,18:57.3,light
Salome,16:34.8,6/6/2026,6/6/2026 11:23,1780982195,18:57.6,wake
Salome,16:34.8,6/6/2026,6/6/2026 11:24,1780982195,18:57.9,wake
Salome,35:28.2,6/7/2026,6/7/2026 3:13,1780983329,35:31.6,wake
Salome,35:28.2,6/7/2026,6/7/2026 3:14,1780983329,35:32.4,wake
Salome,35:28.2,6/7/2026,6/7/2026 3:15,1780983329,35:32.6,wake
Salome,35:28.2,6/7/2026,6/7/2026 3:16,1780983329,35:32.8,light
Salome,35:28.2,6/7/2026,6/7/2026 3:17,1780983329,35:33.0,light
Salome,35:28.2,6/7/2026,6/7/2026 3:18,1780983329,35:33.1,light
Salome,35:28.2,6/7/2026,6/7/2026 3:19,1780983329,35:33.3,light
Salome,35:28.2,6/7/2026,6/7/2026 3:20,1780983329,35:33.5,light
Salome,35:28.2,6/7/2026,6/7/2026 3:21,1780983329,35:33.6,light
Salome,35:28.2,6/7/2026,6/7/2026 3:22,1780983329,35:33.8,light
Salome,35:28.2,6/7/2026,6/7/2026 3:23,1780983329,35:34.2,light
Salome,35:28.2,6/7/2026,6/7/2026 3:24,1780983329,35:34.4,light
Salome,35:28.2,6/7/2026,6/7/2026 3:25,1780983329,35:34.6,light
Salome,35:28.2,6/7/2026,6/7/2026 3:26,1780983329,35:34.8,light
Salome,35:28.2,6/7/2026,6/7/2026 3:27,1780983329,35:35.0,light
Salome,35:28.2,6/7/2026,6/7/2026 3:28,1780983329,35:35.1,light
Salome,35:28.2,6/7/2026,6/7/2026 3:29,1780983329,35:35.3,deep
Salome,35:28.2,6/7/2026,6/7/2026 3:30,1780983329,35:35.5,deep
Salome,35:28.2,6/7/2026,6/7/2026 3:31,1780983329,35:35.7,deep
Salome,35:28.2,6/7/2026,6/7/2026 3:32,1780983329,35:35.9,deep
Salome,35:28.2,6/7/2026,6/7/2026 3:33,1780983329,35:36.1,deep
Salome,35:28.2,6/7/2026,6/7/2026 3:34,1780983329,35:36.3,deep
Salome,35:28.2,6/7/2026,6/7/2026 3:35,1780983329,35:36.5,deep
Salome,35:28.2,6/7/2026,6/7/2026 3:36,1780983329,35:36.7,deep
Salome,35:28.2,6/7/2026,6/7/2026 3:37,1780983329,35:36.9,deep
Salome,35:28.2,6/7/2026,6/7/2026 3:38,1780983329,35:37.1,deep
Salome,35:28.2,6/7/2026,6/7/2026 3:39,1780983329,35:37.3,deep
Salome,35:28.2,6/7/2026,6/7/2026 3:40,1780983329,35:37.5,deep
Salome,35:28.2,6/7/2026,6/7/2026 3:41,1780983329,35:37.6,deep
Salome,35:28.2,6/7/2026,6/7/2026 3:42,1780983329,35:37.8,deep
Salome,35:28.2,6/7/2026,6/7/2026 3:43,1780983329,35:38.0,deep
Salome,35:28.2,6/7/2026,6/7/2026 3:44,1780983329,35:38.7,deep
Salome,35:28.2,6/7/2026,6/7/2026 3:45,1780983329,35:38.9,deep
Salome,35:28.2,6/7/2026,6/7/2026 3:46,1780983329,35:39.1,deep
Salome,35:28.2,6/7/2026,6/7/2026 3:47,1780983329,35:39.3,deep
Salome,35:28.2,6/7/2026,6/7/2026 3:48,1780983329,35:39.4,deep
Salome,35:28.2,6/7/2026,6/7/2026 3:49,1780983329,35:39.6,deep
Salome,35:28.2,6/7/2026,6/7/2026 3:50,1780983329,35:39.7,deep
Salome,35:28.2,6/7/2026,6/7/2026 3:51,1780983329,35:39.9,deep
Salome,35:28.2,6/7/2026,6/7/2026 3:52,1780983329,35:40.1,deep
Salome,35:28.2,6/7/2026,6/7/2026 3:53,1780983329,35:40.3,deep
Salome,35:28.2,6/7/2026,6/7/2026 3:54,1780983329,35:40.4,deep
Salome,35:28.2,6/7/2026,6/7/2026 3:55,1780983329,35:40.6,deep
Salome,35:28.2,6/7/2026,6/7/2026 3:56,1780983329,35:40.8,deep
Salome,35:28.2,6/7/2026,6/7/2026 3:57,1780983329,35:40.9,deep
Salome,35:28.2,6/7/2026,6/7/2026 3:58,1780983329,35:41.1,deep
Salome,35:28.2,6/7/2026,6/7/2026 3:59,1780983329,35:41.3,deep
Salome,35:28.2,6/7/2026,6/7/2026 4:00,1780983329,35:41.4,light
Salome,35:28.2,6/7/2026,6/7/2026 4:01,1780983329,35:41.6,light
Salome,35:28.2,6/7/2026,6/7/2026 4:02,1780983329,35:41.9,light
Salome,35:28.2,6/7/2026,6/7/2026 4:03,1780983329,35:42.1,light
Salome,35:28.2,6/7/2026,6/7/2026 4:04,1780983329,35:42.2,light
Salome,35:28.2,6/7/2026,6/7/2026 4:05,1780983329,35:42.4,light
Salome,35:28.2,6/7/2026,6/7/2026 4:06,1780983329,35:42.6,light
Salome,35:28.2,6/7/2026,6/7/2026 4:07,1780983329,35:43.0,light
Salome,35:28.2,6/7/2026,6/7/2026 4:08,1780983329,35:43.2,light
Salome,35:28.2,6/7/2026,6/7/2026 4:09,1780983329,35:43.4,light
Salome,35:28.2,6/7/2026,6/7/2026 4:10,1780983329,35:43.6,rem
Salome,35:28.2,6/7/2026,6/7/2026 4:11,1780983329,35:43.7,rem
Salome,35:28.2,6/7/2026,6/7/2026 4:12,1780983329,35:43.9,rem
Salome,35:28.2,6/7/2026,6/7/2026 4:13,1780983329,35:44.1,rem
Salome,35:28.2,6/7/2026,6/7/2026 4:14,1780983329,35:44.3,rem
Salome,35:28.2,6/7/2026,6/7/2026 4:15,1780983329,35:44.5,rem
Salome,35:28.2,6/7/2026,6/7/2026 4:16,1780983329,35:44.7,rem
Salome,35:28.2,6/7/2026,6/7/2026 4:17,1780983329,35:44.9,rem
Salome,35:28.2,6/7/2026,6/7/2026 4:18,1780983329,35:45.1,rem
Salome,35:28.2,6/7/2026,6/7/2026 4:19,1780983329,35:45.6,rem
Salome,35:28.2,6/7/2026,6/7/2026 4:20,1780983329,35:45.7,rem
Salome,35:28.2,6/7/2026,6/7/2026 4:21,1780983329,35:45.9,light
Salome,35:28.2,6/7/2026,6/7/2026 4:22,1780983329,35:46.1,light
Salome,35:28.2,6/7/2026,6/7/2026 4:23,1780983329,35:46.3,light
Salome,35:28.2,6/7/2026,6/7/2026 4:24,1780983329,35:46.5,light
Salome,35:28.2,6/7/2026,6/7/2026 4:25,1780983329,35:46.6,light
Salome,35:28.2,6/7/2026,6/7/2026 4:26,1780983329,35:47.3,light
Salome,35:28.2,6/7/2026,6/7/2026 4:27,1780983329,35:47.5,light
Salome,35:28.2,6/7/2026,6/7/2026 4:28,1780983329,35:47.6,light
Salome,35:28.2,6/7/2026,6/7/2026 4:29,1780983329,35:47.8,light
Salome,35:28.2,6/7/2026,6/7/2026 4:30,1780983329,35:48.0,light
Salome,35:28.2,6/7/2026,6/7/2026 4:31,1780983329,35:48.2,light
Salome,35:28.2,6/7/2026,6/7/2026 4:32,1780983329,35:48.4,light
Salome,35:28.2,6/7/2026,6/7/2026 4:33,1780983329,35:49.0,light
Salome,35:28.2,6/7/2026,6/7/2026 4:34,1780983329,35:49.1,light
Salome,35:28.2,6/7/2026,6/7/2026 4:35,1780983329,35:49.3,light
Salome,35:28.2,6/7/2026,6/7/2026 4:36,1780983329,35:49.5,light
Salome,35:28.2,6/7/2026,6/7/2026 4:37,1780983329,35:49.6,deep
Salome,35:28.2,6/7/2026,6/7/2026 4:38,1780983329,35:49.8,deep
Salome,35:28.2,6/7/2026,6/7/2026 4:39,1780983329,35:50.0,deep
Salome,35:28.2,6/7/2026,6/7/2026 4:40,1780983329,35:50.4,deep
Salome,35:28.2,6/7/2026,6/7/2026 4:41,1780983329,35:50.6,deep
Salome,35:28.2,6/7/2026,6/7/2026 4:42,1780983329,35:50.7,deep
Salome,35:28.2,6/7/2026,6/7/2026 4:43,1780983329,35:50.9,deep
Salome,35:28.2,6/7/2026,6/7/2026 4:44,1780983329,35:51.0,deep
Salome,35:28.2,6/7/2026,6/7/2026 4:45,1780983329,35:51.2,deep
Salome,35:28.2,6/7/2026,6/7/2026 4:46,1780983329,35:51.4,deep
Salome,35:28.2,6/7/2026,6/7/2026 4:47,1780983329,35:51.6,deep
Salome,35:28.2,6/7/2026,6/7/2026 4:48,1780983329,35:51.8,deep
Salome,35:28.2,6/7/2026,6/7/2026 4:49,1780983329,35:52.0,deep
Salome,35:28.2,6/7/2026,6/7/2026 4:50,1780983329,35:52.2,deep
Salome,35:28.2,6/7/2026,6/7/2026 4:51,1780983329,35:52.4,deep
Salome,35:28.2,6/7/2026,6/7/2026 4:52,1780983329,35:52.5,deep
Salome,35:28.2,6/7/2026,6/7/2026 4:53,1780983329,35:52.7,deep
Salome,35:28.2,6/7/2026,6/7/2026 4:54,1780983329,35:52.9,deep
Salome,35:28.2,6/7/2026,6/7/2026 4:55,1780983329,35:53.1,deep
Salome,35:28.2,6/7/2026,6/7/2026 4:56,1780983329,35:53.3,deep
Salome,35:28.2,6/7/2026,6/7/2026 4:57,1780983329,35:53.5,deep
Salome,35:28.2,6/7/2026,6/7/2026 4:58,1780983329,35:53.6,deep
Salome,35:28.2,6/7/2026,6/7/2026 4:59,1780983329,35:53.8,deep
Salome,35:28.2,6/7/2026,6/7/2026 5:00,1780983329,35:53.9,deep
Salome,35:28.2,6/7/2026,6/7/2026 5:01,1780983329,35:54.1,deep
Salome,35:28.2,6/7/2026,6/7/2026 5:02,1780983329,35:54.3,deep
Salome,35:28.2,6/7/2026,6/7/2026 5:03,1780983329,35:54.5,deep
Salome,35:28.2,6/7/2026,6/7/2026 5:04,1780983329,35:54.6,deep
Salome,35:28.2,6/7/2026,6/7/2026 5:05,1780983329,35:54.8,deep
Salome,35:28.2,6/7/2026,6/7/2026 5:06,1780983329,35:55.1,deep
Salome,35:28.2,6/7/2026,6/7/2026 5:07,1780983329,35:55.3,deep
Salome,35:28.2,6/7/2026,6/7/2026 5:08,1780983329,35:55.4,deep
Salome,35:28.2,6/7/2026,6/7/2026 5:09,1780983329,35:55.7,deep
Salome,35:28.2,6/7/2026,6/7/2026 5:10,1780983329,35:55.9,deep
Salome,35:28.2,6/7/2026,6/7/2026 5:11,1780983329,35:56.1,deep
Salome,35:28.2,6/7/2026,6/7/2026 5:12,1780983329,35:56.2,deep
Salome,35:28.2,6/7/2026,6/7/2026 5:13,1780983329,35:56.4,deep
Salome,35:28.2,6/7/2026,6/7/2026 5:14,1780983329,35:56.6,deep
Salome,35:28.2,6/7/2026,6/7/2026 5:15,1780983329,35:56.8,deep
Salome,35:28.2,6/7/2026,6/7/2026 5:16,1780983329,35:57.0,deep
Salome,35:28.2,6/7/2026,6/7/2026 5:17,1780983329,35:57.4,deep
Salome,35:28.2,6/7/2026,6/7/2026 5:18,1780983329,35:57.6,deep
Salome,35:28.2,6/7/2026,6/7/2026 5:19,1780983329,35:57.8,deep
Salome,35:28.2,6/7/2026,6/7/2026 5:20,1780983329,35:58.0,deep
Salome,35:28.2,6/7/2026,6/7/2026 5:21,1780983329,35:58.2,deep
Salome,35:28.2,6/7/2026,6/7/2026 5:22,1780983329,35:58.5,deep
Salome,35:28.2,6/7/2026,6/7/2026 5:23,1780983329,35:58.8,deep
Salome,35:28.2,6/7/2026,6/7/2026 5:24,1780983329,35:59.1,deep
Salome,35:28.2,6/7/2026,6/7/2026 5:25,1780983329,35:59.2,deep
Salome,35:28.2,6/7/2026,6/7/2026 5:26,1780983329,35:59.4,deep
Salome,35:28.2,6/7/2026,6/7/2026 5:27,1780983329,35:59.6,deep
Salome,35:28.2,6/7/2026,6/7/2026 5:28,1780983329,35:59.8,deep
Salome,35:28.2,6/7/2026,6/7/2026 5:29,1780983329,36:00.0,deep
Salome,35:28.2,6/7/2026,6/7/2026 5:30,1780983329,36:00.2,deep
Salome,35:28.2,6/7/2026,6/7/2026 5:31,1780983329,36:00.3,deep
Salome,35:28.2,6/7/2026,6/7/2026 5:32,1780983329,36:00.5,deep
Salome,35:28.2,6/7/2026,6/7/2026 5:33,1780983329,36:00.7,deep
Salome,35:28.2,6/7/2026,6/7/2026 5:34,1780983329,36:00.9,deep
Salome,35:28.2,6/7/2026,6/7/2026 5:35,1780983329,36:01.2,light
Salome,35:28.2,6/7/2026,6/7/2026 5:36,1780983329,36:01.3,light
Salome,35:28.2,6/7/2026,6/7/2026 5:37,1780983329,36:01.6,light
Salome,35:28.2,6/7/2026,6/7/2026 5:38,1780983329,36:01.8,light
Salome,35:28.2,6/7/2026,6/7/2026 5:39,1780983329,36:02.0,rem
Salome,35:28.2,6/7/2026,6/7/2026 5:40,1780983329,36:02.2,rem
Salome,35:28.2,6/7/2026,6/7/2026 5:41,1780983329,36:02.4,rem
Salome,35:28.2,6/7/2026,6/7/2026 5:42,1780983329,36:02.5,rem
Salome,35:28.2,6/7/2026,6/7/2026 5:43,1780983329,36:02.7,rem
Salome,35:28.2,6/7/2026,6/7/2026 5:44,1780983329,36:03.0,rem
Salome,35:28.2,6/7/2026,6/7/2026 5:45,1780983329,36:03.4,rem
Salome,35:28.2,6/7/2026,6/7/2026 5:46,1780983329,36:04.4,rem
Salome,35:28.2,6/7/2026,6/7/2026 5:47,1780983329,36:04.7,rem
Salome,35:28.2,6/7/2026,6/7/2026 5:48,1780983329,36:04.9,rem
Salome,35:28.2,6/7/2026,6/7/2026 5:49,1780983329,36:05.5,rem
Salome,35:28.2,6/7/2026,6/7/2026 5:50,1780983329,36:05.6,rem
Salome,35:28.2,6/7/2026,6/7/2026 5:51,1780983329,36:06.4,rem
Salome,35:28.2,6/7/2026,6/7/2026 5:52,1780983329,36:06.7,rem
Salome,35:28.2,6/7/2026,6/7/2026 5:53,1780983329,36:07.3,rem
Salome,35:28.2,6/7/2026,6/7/2026 5:54,1780983329,36:07.6,rem
Salome,35:28.2,6/7/2026,6/7/2026 5:55,1780983329,36:07.9,rem
Salome,35:28.2,6/7/2026,6/7/2026 5:56,1780983329,36:08.3,rem
Salome,35:28.2,6/7/2026,6/7/2026 5:57,1780983329,36:08.7,rem
Salome,35:28.2,6/7/2026,6/7/2026 5:58,1780983329,36:08.9,rem
Salome,35:28.2,6/7/2026,6/7/2026 5:59,1780983329,36:09.3,rem
Salome,35:28.2,6/7/2026,6/7/2026 6:00,1780983329,36:09.6,rem
Salome,35:28.2,6/7/2026,6/7/2026 6:01,1780983329,36:09.9,rem
Salome,35:28.2,6/7/2026,6/7/2026 6:02,1780983329,36:10.4,rem
Salome,35:28.2,6/7/2026,6/7/2026 6:03,1780983329,36:10.8,rem
Salome,35:28.2,6/7/2026,6/7/2026 6:04,1780983329,36:11.2,rem
Salome,35:28.2,6/7/2026,6/7/2026 6:05,1780983329,36:11.5,rem
Salome,35:28.2,6/7/2026,6/7/2026 6:06,1780983329,36:11.7,rem
Salome,35:28.2,6/7/2026,6/7/2026 6:07,1780983329,36:11.9,rem
Salome,35:28.2,6/7/2026,6/7/2026 6:08,1780983329,36:12.1,rem
Salome,35:28.2,6/7/2026,6/7/2026 6:09,1780983329,36:12.3,rem
Salome,35:28.2,6/7/2026,6/7/2026 6:10,1780983329,36:12.5,light
Salome,35:28.2,6/7/2026,6/7/2026 6:11,1780983329,36:13.1,light
Salome,35:28.2,6/7/2026,6/7/2026 6:12,1780983329,36:13.3,light
Salome,35:28.2,6/7/2026,6/7/2026 6:13,1780983329,36:13.5,light
Salome,35:28.2,6/7/2026,6/7/2026 6:14,1780983329,36:13.7,light
Salome,35:28.2,6/7/2026,6/7/2026 6:15,1780983329,36:13.9,light
Salome,35:28.2,6/7/2026,6/7/2026 6:16,1780983329,36:14.1,light
Salome,35:28.2,6/7/2026,6/7/2026 6:17,1780983329,36:14.3,light
Salome,35:28.2,6/7/2026,6/7/2026 6:18,1780983329,36:14.5,light
Salome,35:28.2,6/7/2026,6/7/2026 6:19,1780983329,36:14.7,light
Salome,35:28.2,6/7/2026,6/7/2026 6:20,1780983329,36:15.2,light
Salome,35:28.2,6/7/2026,6/7/2026 6:21,1780983329,36:15.4,light
Salome,35:28.2,6/7/2026,6/7/2026 6:22,1780983329,36:15.6,light
Salome,35:28.2,6/7/2026,6/7/2026 6:23,1780983329,36:15.8,light
Salome,35:28.2,6/7/2026,6/7/2026 6:24,1780983329,36:16.0,light
Salome,35:28.2,6/7/2026,6/7/2026 6:25,1780983329,36:16.1,light
Salome,35:28.2,6/7/2026,6/7/2026 6:26,1780983329,36:16.3,light
Salome,35:28.2,6/7/2026,6/7/2026 6:27,1780983329,36:16.5,light
Salome,35:28.2,6/7/2026,6/7/2026 6:28,1780983329,36:16.7,light
Salome,35:28.2,6/7/2026,6/7/2026 6:29,1780983329,36:17.2,light
Salome,35:28.2,6/7/2026,6/7/2026 6:30,1780983329,36:17.3,light
Salome,35:28.2,6/7/2026,6/7/2026 6:31,1780983329,36:17.5,light
Salome,35:28.2,6/7/2026,6/7/2026 6:32,1780983329,36:17.7,light
Salome,35:28.2,6/7/2026,6/7/2026 6:33,1780983329,36:17.9,light
Salome,35:28.2,6/7/2026,6/7/2026 6:34,1780983329,36:18.1,light
Salome,35:28.2,6/7/2026,6/7/2026 6:35,1780983329,36:18.3,light
Salome,35:28.2,6/7/2026,6/7/2026 6:36,1780983329,36:18.5,light
Salome,35:28.2,6/7/2026,6/7/2026 6:37,1780983329,36:18.7,light
Salome,35:28.2,6/7/2026,6/7/2026 6:38,1780983329,36:18.9,light
Salome,35:28.2,6/7/2026,6/7/2026 6:39,1780983329,36:19.1,light
Salome,35:28.2,6/7/2026,6/7/2026 6:40,1780983329,36:19.3,light
Salome,35:28.2,6/7/2026,6/7/2026 6:41,1780983329,36:19.5,light
Salome,35:28.2,6/7/2026,6/7/2026 6:42,1780983329,36:19.6,light
Salome,35:28.2,6/7/2026,6/7/2026 6:43,1780983329,36:19.8,light
Salome,35:28.2,6/7/2026,6/7/2026 6:44,1780983329,36:20.2,light
Salome,35:28.2,6/7/2026,6/7/2026 6:45,1780983329,36:20.4,light
Salome,35:28.2,6/7/2026,6/7/2026 6:46,1780983329,36:20.6,light
Salome,35:28.2,6/7/2026,6/7/2026 6:47,1780983329,36:20.8,light
Salome,35:28.2,6/7/2026,6/7/2026 6:48,1780983329,36:21.0,light
Salome,35:28.2,6/7/2026,6/7/2026 6:49,1780983329,36:21.2,light
Salome,35:28.2,6/7/2026,6/7/2026 6:50,1780983329,36:21.3,light
Salome,35:28.2,6/7/2026,6/7/2026 6:51,1780983329,36:21.5,light
Salome,35:28.2,6/7/2026,6/7/2026 6:52,1780983329,36:21.7,light
Salome,35:28.2,6/7/2026,6/7/2026 6:53,1780983329,36:21.9,light
Salome,35:28.2,6/7/2026,6/7/2026 6:54,1780983329,36:22.1,light
Salome,35:28.2,6/7/2026,6/7/2026 6:55,1780983329,36:22.3,light
Salome,35:28.2,6/7/2026,6/7/2026 6:56,1780983329,36:22.4,light
Salome,35:28.2,6/7/2026,6/7/2026 6:57,1780983329,36:22.6,light
Salome,35:28.2,6/7/2026,6/7/2026 6:58,1780983329,36:22.8,light
Salome,35:28.2,6/7/2026,6/7/2026 6:59,1780983329,36:23.0,light
Salome,35:28.2,6/7/2026,6/7/2026 7:00,1780983329,36:23.2,deep
Salome,35:28.2,6/7/2026,6/7/2026 7:01,1780983329,36:23.4,deep
Salome,35:28.2,6/7/2026,6/7/2026 7:02,1780983329,36:23.6,deep
Salome,35:28.2,6/7/2026,6/7/2026 7:03,1780983329,36:23.7,deep
Salome,35:28.2,6/7/2026,6/7/2026 7:04,1780983329,36:23.9,deep
Salome,35:28.2,6/7/2026,6/7/2026 7:05,1780983329,36:24.1,deep
Salome,35:28.2,6/7/2026,6/7/2026 7:06,1780983329,36:24.2,deep
Salome,35:28.2,6/7/2026,6/7/2026 7:07,1780983329,36:24.4,deep
Salome,35:28.2,6/7/2026,6/7/2026 7:08,1780983329,36:24.6,deep
Salome,35:28.2,6/7/2026,6/7/2026 7:09,1780983329,36:24.8,deep
Salome,35:28.2,6/7/2026,6/7/2026 7:10,1780983329,36:24.9,deep
Salome,35:28.2,6/7/2026,6/7/2026 7:11,1780983329,36:25.2,deep
Salome,35:28.2,6/7/2026,6/7/2026 7:12,1780983329,36:25.3,deep
Salome,35:28.2,6/7/2026,6/7/2026 7:13,1780983329,36:25.5,deep
Salome,35:28.2,6/7/2026,6/7/2026 7:14,1780983329,36:25.7,deep
Salome,35:28.2,6/7/2026,6/7/2026 7:15,1780983329,36:26.2,deep
Salome,35:28.2,6/7/2026,6/7/2026 7:16,1780983329,36:26.4,deep
Salome,35:28.2,6/7/2026,6/7/2026 7:17,1780983329,36:26.7,light
Salome,35:28.2,6/7/2026,6/7/2026 7:18,1780983329,36:26.8,light
Salome,35:28.2,6/7/2026,6/7/2026 7:19,1780983329,36:27.0,light
Salome,35:28.2,6/7/2026,6/7/2026 7:20,1780983329,36:27.2,light
Salome,35:28.2,6/7/2026,6/7/2026 7:21,1780983329,36:27.4,rem
Salome,35:28.2,6/7/2026,6/7/2026 7:22,1780983329,36:28.1,rem
Salome,35:28.2,6/7/2026,6/7/2026 7:23,1780983329,36:28.3,rem
Salome,35:28.2,6/7/2026,6/7/2026 7:24,1780983329,36:28.5,rem
Salome,35:28.2,6/7/2026,6/7/2026 7:25,1780983329,36:28.7,rem
Salome,35:28.2,6/7/2026,6/7/2026 7:26,1780983329,36:28.8,rem
Salome,35:28.2,6/7/2026,6/7/2026 7:27,1780983329,36:29.0,rem
Salome,35:28.2,6/7/2026,6/7/2026 7:28,1780983329,36:29.2,rem
Salome,35:28.2,6/7/2026,6/7/2026 7:29,1780983329,36:29.4,rem
Salome,35:28.2,6/7/2026,6/7/2026 7:30,1780983329,36:29.6,rem
Salome,35:28.2,6/7/2026,6/7/2026 7:31,1780983329,36:29.7,rem
Salome,35:28.2,6/7/2026,6/7/2026 7:32,1780983329,36:29.9,rem
Salome,35:28.2,6/7/2026,6/7/2026 7:33,1780983329,36:30.1,rem
Salome,35:28.2,6/7/2026,6/7/2026 7:34,1780983329,36:30.5,rem
Salome,35:28.2,6/7/2026,6/7/2026 7:35,1780983329,36:31.0,rem
Salome,35:28.2,6/7/2026,6/7/2026 7:36,1780983329,36:31.2,rem
Salome,35:28.2,6/7/2026,6/7/2026 7:37,1780983329,36:31.7,rem
Salome,35:28.2,6/7/2026,6/7/2026 7:38,1780983329,36:31.9,rem
Salome,35:28.2,6/7/2026,6/7/2026 7:39,1780983329,36:32.0,rem
Salome,35:28.2,6/7/2026,6/7/2026 7:40,1780983329,36:32.2,rem
Salome,35:28.2,6/7/2026,6/7/2026 7:41,1780983329,36:32.4,rem
Salome,35:28.2,6/7/2026,6/7/2026 7:42,1780983329,36:32.6,rem
Salome,35:28.2,6/7/2026,6/7/2026 7:43,1780983329,36:32.8,rem
Salome,35:28.2,6/7/2026,6/7/2026 7:44,1780983329,36:32.9,rem
Salome,35:28.2,6/7/2026,6/7/2026 7:45,1780983329,36:33.2,rem
Salome,35:28.2,6/7/2026,6/7/2026 7:46,1780983329,36:34.1,rem
Salome,35:28.2,6/7/2026,6/7/2026 7:47,1780983329,36:34.2,rem
Salome,35:28.2,6/7/2026,6/7/2026 7:48,1780983329,36:34.4,rem
Salome,35:28.2,6/7/2026,6/7/2026 7:49,1780983329,36:34.6,light
Salome,35:28.2,6/7/2026,6/7/2026 7:50,1780983329,36:34.8,light
Salome,35:28.2,6/7/2026,6/7/2026 7:51,1780983329,36:35.0,light
Salome,35:28.2,6/7/2026,6/7/2026 7:52,1780983329,36:35.1,light
Salome,35:28.2,6/7/2026,6/7/2026 7:53,1780983329,36:35.4,light
Salome,35:28.2,6/7/2026,6/7/2026 7:54,1780983329,36:35.6,light
Salome,35:28.2,6/7/2026,6/7/2026 7:55,1780983329,36:35.8,light
Salome,35:28.2,6/7/2026,6/7/2026 7:56,1780983329,36:35.9,light
Salome,35:28.2,6/7/2026,6/7/2026 7:57,1780983329,36:36.1,light
Salome,35:28.2,6/7/2026,6/7/2026 7:58,1780983329,36:36.3,light
Salome,35:28.2,6/7/2026,6/7/2026 7:59,1780983329,36:36.4,light
Salome,35:28.2,6/7/2026,6/7/2026 8:00,1780983329,36:36.9,light
Salome,35:28.2,6/7/2026,6/7/2026 8:01,1780983329,36:37.1,light
Salome,35:28.2,6/7/2026,6/7/2026 8:02,1780983329,36:37.3,light
Salome,35:28.2,6/7/2026,6/7/2026 8:03,1780983329,36:39.0,light
Salome,35:28.2,6/7/2026,6/7/2026 8:04,1780983329,36:39.2,light
Salome,35:28.2,6/7/2026,6/7/2026 8:05,1780983329,36:39.4,light
Salome,35:28.2,6/7/2026,6/7/2026 8:06,1780983329,36:39.7,light
Salome,35:28.2,6/7/2026,6/7/2026 8:07,1780983329,36:39.9,light
Salome,35:28.2,6/7/2026,6/7/2026 8:08,1780983329,36:40.1,light
Salome,35:28.2,6/7/2026,6/7/2026 8:09,1780983329,36:40.3,light
Salome,35:28.2,6/7/2026,6/7/2026 8:10,1780983329,36:40.5,light
Salome,35:28.2,6/7/2026,6/7/2026 8:11,1780983329,36:40.7,light
Salome,35:28.2,6/7/2026,6/7/2026 8:12,1780983329,36:40.8,light
Salome,35:28.2,6/7/2026,6/7/2026 8:13,1780983329,6/9/2026 1:36,light
Salome,35:28.2,6/7/2026,6/7/2026 8:14,1780983329,36:41.4,light
Salome,35:28.2,6/7/2026,6/7/2026 8:15,1780983329,36:41.6,light
Salome,35:28.2,6/7/2026,6/7/2026 8:16,1780983329,36:41.8,light
Salome,35:28.2,6/7/2026,6/7/2026 8:17,1780983329,36:41.9,light
Salome,35:28.2,6/7/2026,6/7/2026 8:18,1780983329,36:42.1,light
Salome,35:28.2,6/7/2026,6/7/2026 8:19,1780983329,36:42.3,light
Salome,35:28.2,6/7/2026,6/7/2026 8:20,1780983329,36:42.5,light
Salome,35:28.2,6/7/2026,6/7/2026 8:21,1780983329,36:42.7,light
Salome,35:28.2,6/7/2026,6/7/2026 8:22,1780983329,36:43.4,light
Salome,35:28.2,6/7/2026,6/7/2026 8:23,1780983329,36:43.5,light
Salome,35:28.2,6/7/2026,6/7/2026 8:24,1780983329,36:43.7,light
Salome,35:28.2,6/7/2026,6/7/2026 8:25,1780983329,36:43.9,light
Salome,35:28.2,6/7/2026,6/7/2026 8:26,1780983329,36:44.0,light
Salome,35:28.2,6/7/2026,6/7/2026 8:27,1780983329,36:44.2,light
Salome,35:28.2,6/7/2026,6/7/2026 8:28,1780983329,36:44.4,light
Salome,35:28.2,6/7/2026,6/7/2026 8:29,1780983329,36:44.5,light
Salome,35:28.2,6/7/2026,6/7/2026 8:30,1780983329,36:44.7,light
Salome,35:28.2,6/7/2026,6/7/2026 8:31,1780983329,36:45.2,light
Salome,35:28.2,6/7/2026,6/7/2026 8:32,1780983329,36:45.4,light
Salome,35:28.2,6/7/2026,6/7/2026 8:33,1780983329,36:45.6,light
Salome,35:28.2,6/7/2026,6/7/2026 8:34,1780983329,36:45.7,light
Salome,35:28.2,6/7/2026,6/7/2026 8:35,1780983329,36:45.9,light
Salome,35:28.2,6/7/2026,6/7/2026 8:36,1780983329,36:46.1,light
Salome,35:28.2,6/7/2026,6/7/2026 8:37,1780983329,36:46.2,light
Salome,35:28.2,6/7/2026,6/7/2026 8:38,1780983329,36:46.4,light
Salome,35:28.2,6/7/2026,6/7/2026 8:39,1780983329,36:46.6,light
Salome,35:28.2,6/7/2026,6/7/2026 8:40,1780983329,36:46.8,light
Salome,35:28.2,6/7/2026,6/7/2026 8:41,1780983329,36:46.9,light
Salome,35:28.2,6/7/2026,6/7/2026 8:42,1780983329,36:47.1,light
Salome,35:28.2,6/7/2026,6/7/2026 8:43,1780983329,36:47.3,light
Salome,35:28.2,6/7/2026,6/7/2026 8:44,1780983329,36:47.5,light
Salome,35:28.2,6/7/2026,6/7/2026 8:45,1780983329,36:47.6,light
Salome,35:28.2,6/7/2026,6/7/2026 8:46,1780983329,36:47.8,light
Salome,35:28.2,6/7/2026,6/7/2026 8:47,1780983329,36:48.1,light
Salome,35:28.2,6/7/2026,6/7/2026 8:48,1780983329,36:48.2,light
Salome,35:28.2,6/7/2026,6/7/2026 8:49,1780983329,36:48.4,light
Salome,35:28.2,6/7/2026,6/7/2026 8:50,1780983329,36:48.6,light
Salome,35:28.2,6/7/2026,6/7/2026 8:51,1780983329,36:48.8,rem
Salome,35:28.2,6/7/2026,6/7/2026 8:52,1780983329,36:49.0,rem
Salome,35:28.2,6/7/2026,6/7/2026 8:53,1780983329,36:49.2,rem
Salome,35:28.2,6/7/2026,6/7/2026 8:54,1780983329,36:49.3,light
Salome,35:28.2,6/7/2026,6/7/2026 8:55,1780983329,36:49.5,light
Salome,35:28.2,6/7/2026,6/7/2026 8:56,1780983329,36:49.7,light
Salome,35:28.2,6/7/2026,6/7/2026 8:57,1780983329,36:49.9,light
Salome,35:28.2,6/7/2026,6/7/2026 8:58,1780983329,36:50.1,light
Salome,35:28.2,6/7/2026,6/7/2026 8:59,1780983329,36:50.2,rem
Salome,35:28.2,6/7/2026,6/7/2026 9:00,1780983329,36:50.4,rem
Salome,35:28.2,6/7/2026,6/7/2026 9:01,1780983329,36:50.6,rem
Salome,35:28.2,6/7/2026,6/7/2026 9:02,1780983329,36:50.8,rem
Salome,35:28.2,6/7/2026,6/7/2026 9:03,1780983329,36:50.9,rem
Salome,35:28.2,6/7/2026,6/7/2026 9:04,1780983329,36:51.1,rem
Salome,35:28.2,6/7/2026,6/7/2026 9:05,1780983329,36:51.3,rem
Salome,35:28.2,6/7/2026,6/7/2026 9:06,1780983329,36:51.4,rem
Salome,35:28.2,6/7/2026,6/7/2026 9:07,1780983329,36:51.6,rem
Salome,35:28.2,6/7/2026,6/7/2026 9:08,1780983329,36:51.8,rem
Salome,35:28.2,6/7/2026,6/7/2026 9:09,1780983329,36:51.9,rem
Salome,35:28.2,6/7/2026,6/7/2026 9:10,1780983329,36:52.1,rem
Salome,35:28.2,6/7/2026,6/7/2026 9:11,1780983329,36:52.3,rem
Salome,35:28.2,6/7/2026,6/7/2026 9:12,1780983329,36:52.5,rem
Salome,35:28.2,6/7/2026,6/7/2026 9:13,1780983329,36:52.7,rem
Salome,35:28.2,6/7/2026,6/7/2026 9:14,1780983329,36:52.8,rem
Salome,35:28.2,6/7/2026,6/7/2026 9:15,1780983329,36:53.0,rem
Salome,35:28.2,6/7/2026,6/7/2026 9:16,1780983329,36:53.1,rem
Salome,35:28.2,6/7/2026,6/7/2026 9:17,1780983329,36:53.3,rem
Salome,35:28.2,6/7/2026,6/7/2026 9:18,1780983329,36:53.5,rem
Salome,35:28.2,6/7/2026,6/7/2026 9:19,1780983329,36:53.6,rem
Salome,35:28.2,6/7/2026,6/7/2026 9:20,1780983329,36:53.8,rem
Salome,35:28.2,6/7/2026,6/7/2026 9:21,1780983329,36:54.0,rem
Salome,35:28.2,6/7/2026,6/7/2026 9:22,1780983329,36:54.1,rem
Salome,35:28.2,6/7/2026,6/7/2026 9:23,1780983329,36:54.3,rem
Salome,35:28.2,6/7/2026,6/7/2026 9:24,1780983329,36:54.5,rem
Salome,35:28.2,6/7/2026,6/7/2026 9:25,1780983329,36:54.6,rem
Salome,35:28.2,6/7/2026,6/7/2026 9:26,1780983329,36:54.8,rem
Salome,35:28.2,6/7/2026,6/7/2026 9:27,1780983329,36:55.0,rem
Salome,35:28.2,6/7/2026,6/7/2026 9:28,1780983329,36:55.1,rem
Salome,35:28.2,6/7/2026,6/7/2026 9:29,1780983329,36:55.3,rem
Salome,35:28.2,6/7/2026,6/7/2026 9:30,1780983329,36:55.5,rem
Salome,35:28.2,6/7/2026,6/7/2026 9:31,1780983329,36:55.7,rem
Salome,35:28.2,6/7/2026,6/7/2026 9:32,1780983329,36:55.9,rem
Salome,35:28.2,6/7/2026,6/7/2026 9:33,1780983329,36:56.0,rem
Salome,35:28.2,6/7/2026,6/7/2026 9:34,1780983329,36:56.2,rem
Salome,35:28.2,6/7/2026,6/7/2026 9:35,1780983329,36:56.4,rem
Salome,35:28.2,6/7/2026,6/7/2026 9:36,1780983329,36:56.6,rem
Salome,35:28.2,6/7/2026,6/7/2026 9:37,1780983329,36:56.7,rem
Salome,35:28.2,6/7/2026,6/7/2026 9:38,1780983329,36:56.9,rem
Salome,35:28.2,6/7/2026,6/7/2026 9:39,1780983329,36:57.1,rem
Salome,35:28.2,6/7/2026,6/7/2026 9:40,1780983329,36:57.5,rem
Salome,35:28.2,6/7/2026,6/7/2026 9:41,1780983329,36:57.7,rem
Salome,35:28.2,6/7/2026,6/7/2026 9:42,1780983329,36:57.9,rem
Salome,35:28.2,6/7/2026,6/7/2026 9:43,1780983329,36:58.0,light
Salome,35:28.2,6/7/2026,6/7/2026 9:44,1780983329,36:58.2,light
Salome,35:28.2,6/7/2026,6/7/2026 9:45,1780983329,36:58.6,light
Salome,35:28.2,6/7/2026,6/7/2026 9:46,1780983329,36:58.7,light
Salome,35:28.2,6/7/2026,6/7/2026 9:47,1780983329,36:58.9,light
Salome,35:28.2,6/7/2026,6/7/2026 9:48,1780983329,36:59.1,light
Salome,35:28.2,6/7/2026,6/7/2026 9:49,1780983329,36:59.3,light
Salome,35:28.2,6/7/2026,6/7/2026 9:50,1780983329,36:59.4,light
Salome,35:28.2,6/7/2026,6/7/2026 9:51,1780983329,36:59.6,light
Salome,35:28.2,6/7/2026,6/7/2026 9:52,1780983329,36:59.8,light
Salome,35:28.2,6/7/2026,6/7/2026 9:53,1780983329,36:59.9,light
Salome,35:28.2,6/7/2026,6/7/2026 9:54,1780983329,37:00.2,light
Salome,35:28.2,6/7/2026,6/7/2026 9:55,1780983329,37:00.3,light
Salome,35:28.2,6/7/2026,6/7/2026 9:56,1780983329,37:00.7,light
Salome,35:28.2,6/7/2026,6/7/2026 9:57,1780983329,37:00.9,light
Salome,35:28.2,6/7/2026,6/7/2026 9:58,1780983329,37:01.1,light
Salome,35:28.2,6/7/2026,6/7/2026 9:59,1780983329,37:01.2,light
Salome,35:28.2,6/7/2026,6/7/2026 10:00,1780983329,37:01.4,light
Salome,35:28.2,6/7/2026,6/7/2026 10:01,1780983329,37:01.6,light
Salome,35:28.2,6/7/2026,6/7/2026 10:02,1780983329,37:01.8,light
Salome,35:28.2,6/7/2026,6/7/2026 10:03,1780983329,37:02.0,light
Salome,35:28.2,6/7/2026,6/7/2026 10:04,1780983329,37:02.1,light
Salome,35:28.2,6/7/2026,6/7/2026 10:05,1780983329,37:02.4,light
Salome,35:28.2,6/7/2026,6/7/2026 10:06,1780983329,37:02.5,light
Salome,35:28.2,6/7/2026,6/7/2026 10:07,1780983329,37:02.7,light
Salome,35:28.2,6/7/2026,6/7/2026 10:08,1780983329,37:02.9,light
Salome,35:28.2,6/7/2026,6/7/2026 10:09,1780983329,37:03.1,light
Salome,35:28.2,6/7/2026,6/7/2026 10:10,1780983329,37:03.3,light
Salome,35:28.2,6/7/2026,6/7/2026 10:11,1780983329,37:03.5,light
Salome,35:28.2,6/7/2026,6/7/2026 10:12,1780983329,37:03.7,light
Salome,35:28.2,6/7/2026,6/7/2026 10:13,1780983329,37:03.9,light
Salome,35:28.2,6/7/2026,6/7/2026 10:14,1780983329,37:04.1,light
Salome,35:28.2,6/7/2026,6/7/2026 10:15,1780983329,37:04.3,light
Salome,35:28.2,6/7/2026,6/7/2026 10:16,1780983329,37:04.5,light
Salome,35:28.2,6/7/2026,6/7/2026 10:17,1780983329,37:04.7,light
Salome,35:28.2,6/7/2026,6/7/2026 10:18,1780983329,37:04.9,light
Salome,35:28.2,6/7/2026,6/7/2026 10:19,1780983329,37:05.1,light
Salome,35:28.2,6/7/2026,6/7/2026 10:20,1780983329,37:05.3,light
Salome,35:28.2,6/7/2026,6/7/2026 10:21,1780983329,37:05.4,light
Salome,35:28.2,6/7/2026,6/7/2026 10:22,1780983329,37:05.6,light
Salome,35:28.2,6/7/2026,6/7/2026 10:23,1780983329,37:05.8,light
Salome,35:28.2,6/7/2026,6/7/2026 10:24,1780983329,37:06.0,light
Salome,35:28.2,6/7/2026,6/7/2026 10:25,1780983329,37:06.2,light
Salome,35:28.2,6/7/2026,6/7/2026 10:26,1780983329,37:06.4,light
Salome,35:28.2,6/7/2026,6/7/2026 10:27,1780983329,37:06.7,light
Salome,35:28.2,6/7/2026,6/7/2026 10:28,1780983329,37:07.1,light
Salome,35:28.2,6/7/2026,6/7/2026 10:29,1780983329,37:07.3,light
Salome,35:28.2,6/7/2026,6/7/2026 10:30,1780983329,37:07.5,light
Salome,35:28.2,6/7/2026,6/7/2026 10:31,1780983329,37:07.9,light
Salome,35:28.2,6/7/2026,6/7/2026 10:32,1780983329,37:08.1,light
Salome,35:28.2,6/7/2026,6/7/2026 10:33,1780983329,37:08.3,light
Salome,35:28.2,6/7/2026,6/7/2026 10:34,1780983329,37:08.5,light
Salome,35:28.2,6/7/2026,6/7/2026 10:35,1780983329,37:08.7,light
Salome,35:28.2,6/7/2026,6/7/2026 10:36,1780983329,37:08.9,light
Salome,35:28.2,6/7/2026,6/7/2026 10:37,1780983329,37:09.1,light
Salome,35:28.2,6/7/2026,6/7/2026 10:38,1780983329,37:09.3,light
Salome,35:28.2,6/7/2026,6/7/2026 10:39,1780983329,37:09.5,light
Salome,35:28.2,6/7/2026,6/7/2026 10:40,1780983329,37:09.6,light
Salome,35:28.2,6/7/2026,6/7/2026 10:41,1780983329,37:09.8,light
Salome,35:28.2,6/7/2026,6/7/2026 10:42,1780983329,37:10.1,light
Salome,35:28.2,6/7/2026,6/7/2026 10:43,1780983329,37:10.3,light
Salome,35:28.2,6/7/2026,6/7/2026 10:44,1780983329,37:10.6,light
Salome,35:28.2,6/7/2026,6/7/2026 10:45,1780983329,37:10.8,light
Salome,35:28.2,6/7/2026,6/7/2026 10:46,1780983329,37:10.9,light
Salome,35:28.2,6/7/2026,6/7/2026 10:47,1780983329,37:11.1,light
Salome,35:28.2,6/7/2026,6/7/2026 10:48,1780983329,37:11.3,light
Salome,35:28.2,6/7/2026,6/7/2026 10:49,1780983329,37:11.5,light
Salome,35:28.2,6/7/2026,6/7/2026 10:50,1780983329,37:11.7,light
Salome,35:28.2,6/7/2026,6/7/2026 10:51,1780983329,37:11.9,light
Salome,35:28.2,6/7/2026,6/7/2026 10:52,1780983329,37:12.0,light
Salome,35:28.2,6/7/2026,6/7/2026 10:53,1780983329,37:12.2,light
Salome,35:28.2,6/7/2026,6/7/2026 10:54,1780983329,37:12.4,light
Salome,35:28.2,6/7/2026,6/7/2026 10:55,1780983329,37:13.2,rem
Salome,35:28.2,6/7/2026,6/7/2026 10:56,1780983329,37:13.4,rem
Salome,35:28.2,6/7/2026,6/7/2026 10:57,1780983329,37:14.0,rem
Salome,35:28.2,6/7/2026,6/7/2026 10:58,1780983329,37:15.0,rem
Salome,35:28.2,6/7/2026,6/7/2026 10:59,1780983329,37:15.7,rem
Salome,35:28.2,6/7/2026,6/7/2026 11:00,1780983329,37:15.9,wake
Salome,35:28.2,6/7/2026,6/7/2026 11:01,1780983329,37:16.6,wake
Josh,6/8/2026 9:40,5/28/2026,5/28/2026 23:19,1781200209,6/8/2026 9:40,light
Josh,6/8/2026 9:40,5/28/2026,5/28/2026 23:20,1781200209,40:52.2,light
Josh,6/8/2026 9:40,5/28/2026,5/28/2026 23:21,1781200209,40:52.3,light
Josh,6/8/2026 9:40,5/28/2026,5/28/2026 23:22,1781200209,40:52.5,light
Josh,6/8/2026 9:40,5/28/2026,5/28/2026 23:23,1781200209,40:52.7,light
Josh,6/8/2026 9:40,5/28/2026,5/28/2026 23:24,1781200209,40:52.8,light
Josh,6/8/2026 9:40,5/28/2026,5/28/2026 23:25,1781200209,6/8/2026 9:40,light
Josh,6/8/2026 9:40,5/28/2026,5/28/2026 23:26,1781200209,40:53.2,light
Josh,6/8/2026 9:40,5/28/2026,5/28/2026 23:27,1781200209,40:53.3,light
Josh,6/8/2026 9:40,5/28/2026,5/28/2026 23:28,1781200209,40:53.5,light
Josh,6/8/2026 9:40,5/28/2026,5/28/2026 23:29,1781200209,40:53.7,light
Josh,6/8/2026 9:40,5/28/2026,5/28/2026 23:30,1781200209,40:53.8,light
Josh,6/8/2026 9:40,5/28/2026,5/28/2026 23:31,1781200209,40:54.1,light
Josh,6/8/2026 9:40,5/28/2026,5/28/2026 23:32,1781200209,40:54.2,light
Josh,6/8/2026 9:40,5/28/2026,5/28/2026 23:33,1781200209,40:54.3,light
Josh,6/8/2026 9:40,5/28/2026,5/28/2026 23:34,1781200209,40:54.5,light
Josh,6/8/2026 9:40,5/28/2026,5/28/2026 23:35,1781200209,40:54.7,light
Josh,6/8/2026 9:40,5/28/2026,5/28/2026 23:36,1781200209,40:54.8,light
Josh,6/8/2026 9:40,5/28/2026,5/28/2026 23:37,1781200209,40:55.2,light
Josh,6/8/2026 9:40,5/28/2026,5/28/2026 23:38,1781200209,40:55.2,light
Josh,6/8/2026 9:40,5/28/2026,5/28/2026 23:39,1781200209,40:55.3,light
Josh,6/8/2026 9:40,5/28/2026,5/28/2026 23:40,1781200209,40:55.5,light
Josh,6/8/2026 9:40,5/28/2026,5/28/2026 23:41,1781200209,40:55.7,light
Josh,6/8/2026 9:40,5/28/2026,5/28/2026 23:42,1781200209,40:55.8,light
Josh,6/8/2026 9:40,5/28/2026,5/28/2026 23:43,1781200209,40:56.2,light
Josh,6/8/2026 9:40,5/28/2026,5/28/2026 23:44,1781200209,40:56.2,deep
Josh,6/8/2026 9:40,5/28/2026,5/28/2026 23:45,1781200209,40:56.3,deep
Josh,6/8/2026 9:40,5/28/2026,5/28/2026 23:46,1781200209,40:56.5,deep
Josh,6/8/2026 9:40,5/28/2026,5/28/2026 23:47,1781200209,40:56.7,deep
Josh,6/8/2026 9:40,5/28/2026,5/28/2026 23:48,1781200209,40:56.8,deep
Josh,6/8/2026 9:40,5/28/2026,5/28/2026 23:49,1781200209,40:57.3,deep
Josh,6/8/2026 9:40,5/28/2026,5/28/2026 23:50,1781200209,40:57.2,deep
Josh,6/8/2026 9:40,5/28/2026,5/28/2026 23:51,1781200209,40:57.3,deep
Josh,6/8/2026 9:40,5/28/2026,5/28/2026 23:52,1781200209,40:57.5,deep
Josh,6/8/2026 9:40,5/28/2026,5/28/2026 23:53,1781200209,40:57.7,deep
Josh,6/8/2026 9:40,5/28/2026,5/28/2026 23:54,1781200209,40:57.8,deep
Josh,6/8/2026 9:40,5/28/2026,5/28/2026 23:55,1781200209,40:58.4,deep
Josh,6/8/2026 9:40,5/28/2026,5/28/2026 23:56,1781200209,40:58.2,deep
Josh,6/8/2026 9:40,5/28/2026,5/28/2026 23:57,1781200209,40:58.3,deep
Josh,6/8/2026 9:40,5/28/2026,5/28/2026 23:58,1781200209,40:58.5,deep
Josh,6/8/2026 9:40,5/28/2026,5/28/2026 23:59,1781200209,40:58.7,deep
Josh,6/8/2026 9:40,5/28/2026,5/29/2026 0:00,1781200209,40:58.8,deep
Josh,6/8/2026 9:40,5/28/2026,5/29/2026 0:01,1781200209,40:59.4,deep
Josh,6/8/2026 9:40,5/28/2026,5/29/2026 0:02,1781200209,40:59.2,deep
Josh,6/8/2026 9:40,5/28/2026,5/29/2026 0:03,1781200209,40:59.3,deep
Josh,6/8/2026 9:40,5/28/2026,5/29/2026 0:04,1781200209,40:59.5,deep
Josh,6/8/2026 9:40,5/28/2026,5/29/2026 0:05,1781200209,40:59.7,deep
Josh,6/8/2026 9:40,5/28/2026,5/29/2026 0:06,1781200209,40:59.8,deep
Josh,6/8/2026 9:40,5/28/2026,5/29/2026 0:07,1781200209,41:00.5,deep
Josh,6/8/2026 9:40,5/28/2026,5/29/2026 0:08,1781200209,41:00.2,deep
Josh,6/8/2026 9:40,5/28/2026,5/29/2026 0:09,1781200209,41:00.3,deep
Josh,6/8/2026 9:40,5/28/2026,5/29/2026 0:10,1781200209,41:00.5,deep
Josh,6/8/2026 9:40,5/28/2026,5/29/2026 0:11,1781200209,41:00.7,deep
Josh,6/8/2026 9:40,5/28/2026,5/29/2026 0:12,1781200209,41:00.8,light
Josh,6/8/2026 9:40,5/28/2026,5/29/2026 0:13,1781200209,41:01.6,light
Josh,6/8/2026 9:40,5/28/2026,5/29/2026 0:14,1781200209,41:01.2,light
Josh,6/8/2026 9:40,5/28/2026,5/29/2026 0:15,1781200209,41:01.3,light
Josh,6/8/2026 9:40,5/28/2026,5/29/2026 0:16,1781200209,41:01.5,light
Josh,6/8/2026 9:40,5/28/2026,5/29/2026 0:17,1781200209,41:01.7,light
Josh,6/8/2026 9:40,5/28/2026,5/29/2026 0:18,1781200209,41:01.8,light
Josh,6/8/2026 9:40,5/28/2026,5/29/2026 0:19,1781200209,41:02.6,light
Josh,6/8/2026 9:40,5/28/2026,5/29/2026 0:20,1781200209,41:02.2,rem
Josh,6/8/2026 9:40,5/28/2026,5/29/2026 0:21,1781200209,41:02.3,rem
Josh,6/8/2026 9:40,5/28/2026,5/29/2026 0:22,1781200209,41:02.5,rem
Josh,6/8/2026 9:40,5/28/2026,5/29/2026 0:23,1781200209,41:02.7,rem
Josh,6/8/2026 9:40,5/28/2026,5/29/2026 0:24,1781200209,41:02.8,rem
Josh,6/8/2026 9:40,5/28/2026,5/29/2026 0:25,1781200209,41:03.7,rem
Josh,6/8/2026 9:40,5/28/2026,5/29/2026 0:26,1781200209,41:03.2,rem
Josh,6/8/2026 9:40,5/28/2026,5/29/2026 0:27,1781200209,41:03.3,rem
Josh,6/8/2026 9:40,5/28/2026,5/29/2026 0:28,1781200209,41:03.5,rem
Josh,6/8/2026 9:40,5/28/2026,5/29/2026 0:29,1781200209,41:03.7,light
Josh,6/8/2026 9:40,5/28/2026,5/29/2026 0:30,1781200209,41:03.8,light
Josh,6/8/2026 9:40,5/28/2026,5/29/2026 0:31,1781200209,41:04.8,light
Josh,6/8/2026 9:40,5/28/2026,5/29/2026 0:32,1781200209,41:04.2,light
Josh,6/8/2026 9:40,5/28/2026,5/29/2026 0:33,1781200209,41:04.3,light
Josh,6/8/2026 9:40,5/28/2026,5/29/2026 0:34,1781200209,41:04.5,light
Josh,6/8/2026 9:40,5/28/2026,5/29/2026 0:35,1781200209,41:04.7,light
Josh,6/8/2026 9:40,5/28/2026,5/29/2026 0:36,1781200209,41:04.8,light
Josh,6/8/2026 9:40,5/28/2026,5/29/2026 0:37,1781200209,41:05.8,light
Josh,6/8/2026 9:40,5/28/2026,5/29/2026 0:38,1781200209,41:05.2,light
Josh,6/8/2026 9:40,5/28/2026,5/29/2026 0:39,1781200209,41:05.3,light
Josh,6/8/2026 9:40,5/28/2026,5/29/2026 0:40,1781200209,41:05.5,light
Josh,6/8/2026 9:40,5/28/2026,5/29/2026 0:41,1781200209,41:05.7,light
Josh,6/8/2026 9:40,5/28/2026,5/29/2026 0:42,1781200209,41:05.8,light
Josh,6/8/2026 9:40,5/28/2026,5/29/2026 0:43,1781200209,41:06.9,light
Josh,6/8/2026 9:40,5/28/2026,5/29/2026 0:44,1781200209,41:06.2,light
Josh,6/8/2026 9:40,5/28/2026,5/29/2026 0:45,1781200209,41:06.3,light
Josh,6/8/2026 9:40,5/28/2026,5/29/2026 0:46,1781200209,41:06.5,light
Josh,6/8/2026 9:40,5/28/2026,5/29/2026 0:47,1781200209,41:06.7,light
Josh,6/8/2026 9:40,5/28/2026,5/29/2026 0:48,1781200209,41:06.8,deep
Josh,6/8/2026 9:40,5/28/2026,5/29/2026 0:49,1781200209,41:07.1,deep
Josh,6/8/2026 9:40,5/28/2026,5/29/2026 0:50,1781200209,41:07.2,deep
Josh,6/8/2026 9:40,5/28/2026,5/29/2026 0:51,1781200209,41:07.3,deep
Josh,6/8/2026 9:40,5/28/2026,5/29/2026 0:52,1781200209,41:07.5,deep
Josh,6/8/2026 9:40,5/28/2026,5/29/2026 0:53,1781200209,41:07.7,deep
Josh,6/8/2026 9:40,5/28/2026,5/29/2026 0:54,1781200209,41:07.8,deep
Josh,6/8/2026 9:40,5/28/2026,5/29/2026 0:55,1781200209,41:08.1,deep
Josh,6/8/2026 9:40,5/28/2026,5/29/2026 0:56,1781200209,41:08.2,deep
Josh,6/8/2026 9:40,5/28/2026,5/29/2026 0:57,1781200209,41:08.3,deep
Josh,6/8/2026 9:40,5/28/2026,5/29/2026 0:58,1781200209,41:08.5,deep
Josh,6/8/2026 9:40,5/28/2026,5/29/2026 0:59,1781200209,41:08.7,deep
Josh,6/8/2026 9:40,5/28/2026,5/29/2026 1:00,1781200209,41:08.8,deep
Josh,6/8/2026 9:40,5/28/2026,5/29/2026 1:01,1781200209,41:09.1,deep
Josh,6/8/2026 9:40,5/28/2026,5/29/2026 1:02,1781200209,41:09.2,deep
Josh,6/8/2026 9:40,5/28/2026,5/29/2026 1:03,1781200209,41:09.3,deep
Josh,6/8/2026 9:40,5/28/2026,5/29/2026 1:04,1781200209,41:09.5,deep
Josh,6/8/2026 9:40,5/28/2026,5/29/2026 1:05,1781200209,41:09.7,deep
Josh,6/8/2026 9:40,5/28/2026,5/29/2026 1:06,1781200209,41:09.8,deep
Josh,6/8/2026 9:40,5/28/2026,5/29/2026 1:07,1781200209,41:10.1,deep
Josh,6/8/2026 9:40,5/28/2026,5/29/2026 1:08,1781200209,41:10.2,deep
Josh,6/8/2026 9:40,5/28/2026,5/29/2026 1:09,1781200209,41:10.3,deep
Josh,6/8/2026 9:40,5/28/2026,5/29/2026 1:10,1781200209,41:10.5,deep
Josh,6/8/2026 9:40,5/28/2026,5/29/2026 1:11,1781200209,41:10.7,deep
Josh,6/8/2026 9:40,5/28/2026,5/29/2026 1:12,1781200209,41:10.8,deep
Josh,6/8/2026 9:40,5/28/2026,5/29/2026 1:13,1781200209,41:11.1,light
Josh,6/8/2026 9:40,5/28/2026,5/29/2026 1:14,1781200209,41:11.2,light
Josh,6/8/2026 9:40,5/28/2026,5/29/2026 1:15,1781200209,41:11.3,light
Josh,6/8/2026 9:40,5/28/2026,5/29/2026 1:16,1781200209,41:11.5,light
Josh,6/8/2026 9:40,5/28/2026,5/29/2026 1:17,1781200209,41:11.7,light
Josh,6/8/2026 9:40,5/28/2026,5/29/2026 1:18,1781200209,41:11.8,light
Josh,6/8/2026 9:40,5/28/2026,5/29/2026 1:19,1781200209,41:12.1,light
Josh,6/8/2026 9:40,5/28/2026,5/29/2026 1:20,1781200209,41:12.2,rem
Josh,6/8/2026 9:40,5/28/2026,5/29/2026 1:21,1781200209,41:12.3,rem
Josh,6/8/2026 9:40,5/28/2026,5/29/2026 1:22,1781200209,41:12.5,rem
Josh,6/8/2026 9:40,5/28/2026,5/29/2026 1:23,1781200209,41:12.7,rem
Josh,6/8/2026 9:40,5/28/2026,5/29/2026 1:24,1781200209,41:12.8,rem
Josh,6/8/2026 9:40,5/28/2026,5/29/2026 1:25,1781200209,41:13.1,rem
Josh,6/8/2026 9:40,5/28/2026,5/29/2026 1:26,1781200209,41:13.2,rem
Josh,6/8/2026 9:40,5/28/2026,5/29/2026 1:27,1781200209,41:13.3,rem
Josh,6/8/2026 9:40,5/28/2026,5/29/2026 1:28,1781200209,41:13.5,rem
Josh,6/8/2026 9:40,5/28/2026,5/29/2026 1:29,1781200209,41:13.7,rem
Josh,6/8/2026 9:40,5/28/2026,5/29/2026 1:30,1781200209,41:13.8,rem
Josh,6/8/2026 9:40,5/28/2026,5/29/2026 1:31,1781200209,41:14.1,rem
Josh,6/8/2026 9:40,5/28/2026,5/29/2026 1:32,1781200209,41:14.2,light
Josh,6/8/2026 9:40,5/28/2026,5/29/2026 1:33,1781200209,41:14.3,light
Josh,6/8/2026 9:40,5/28/2026,5/29/2026 1:34,1781200209,41:14.5,light
Josh,6/8/2026 9:40,5/28/2026,5/29/2026 1:35,1781200209,41:14.7,light
Josh,6/8/2026 9:40,5/28/2026,5/29/2026 1:36,1781200209,41:14.8,light
Josh,6/8/2026 9:40,5/28/2026,5/29/2026 1:37,1781200209,41:15.1,light
Josh,6/8/2026 9:40,5/28/2026,5/29/2026 1:38,1781200209,41:15.2,light
Josh,6/8/2026 9:40,5/28/2026,5/29/2026 1:39,1781200209,41:15.3,light
Josh,6/8/2026 9:40,5/28/2026,5/29/2026 1:40,1781200209,41:15.5,light
Josh,6/8/2026 9:40,5/28/2026,5/29/2026 1:41,1781200209,41:15.7,light
Josh,6/8/2026 9:40,5/28/2026,5/29/2026 1:42,1781200209,41:15.8,light
Josh,6/8/2026 9:40,5/28/2026,5/29/2026 1:43,1781200209,41:16.2,light
Josh,6/8/2026 9:40,5/28/2026,5/29/2026 1:44,1781200209,41:16.2,light
Josh,6/8/2026 9:40,5/28/2026,5/29/2026 1:45,1781200209,41:16.3,light
Josh,6/8/2026 9:40,5/28/2026,5/29/2026 1:46,1781200209,41:16.5,light
Josh,6/8/2026 9:40,5/28/2026,5/29/2026 1:47,1781200209,41:16.7,light
Josh,6/8/2026 9:40,5/28/2026,5/29/2026 1:48,1781200209,41:16.8,light
Josh,6/8/2026 9:40,5/28/2026,5/29/2026 1:49,1781200209,41:17.2,light
Josh,6/8/2026 9:40,5/28/2026,5/29/2026 1:50,1781200209,41:17.2,light
Josh,6/8/2026 9:40,5/28/2026,5/29/2026 1:51,1781200209,41:17.3,light
Josh,6/8/2026 9:40,5/28/2026,5/29/2026 1:52,1781200209,41:17.5,deep
Josh,6/8/2026 9:40,5/28/2026,5/29/2026 1:53,1781200209,41:17.7,deep
Josh,6/8/2026 9:40,5/28/2026,5/29/2026 1:54,1781200209,41:17.8,deep
Josh,6/8/2026 9:40,5/28/2026,5/29/2026 1:55,1781200209,41:18.2,deep
Josh,6/8/2026 9:40,5/28/2026,5/29/2026 1:56,1781200209,41:18.2,deep
Josh,6/8/2026 9:40,5/28/2026,5/29/2026 1:57,1781200209,41:18.3,deep
Josh,6/8/2026 9:40,5/28/2026,5/29/2026 1:58,1781200209,41:18.5,deep
Josh,6/8/2026 9:40,5/28/2026,5/29/2026 1:59,1781200209,41:18.7,deep
Josh,6/8/2026 9:40,5/28/2026,5/29/2026 2:00,1781200209,41:18.9,deep
Josh,6/8/2026 9:40,5/28/2026,5/29/2026 2:01,1781200209,41:19.2,deep
Josh,6/8/2026 9:40,5/28/2026,5/29/2026 2:02,1781200209,41:19.2,deep
Josh,6/8/2026 9:40,5/28/2026,5/29/2026 2:03,1781200209,41:19.4,deep
Josh,6/8/2026 9:40,5/28/2026,5/29/2026 2:04,1781200209,41:19.5,deep
Josh,6/8/2026 9:40,5/28/2026,5/29/2026 2:05,1781200209,41:19.7,deep
Josh,6/8/2026 9:40,5/28/2026,5/29/2026 2:06,1781200209,41:19.9,deep
Josh,6/8/2026 9:40,5/28/2026,5/29/2026 2:07,1781200209,41:20.2,deep
Josh,6/8/2026 9:40,5/28/2026,5/29/2026 2:08,1781200209,41:20.2,deep
Josh,6/8/2026 9:40,5/28/2026,5/29/2026 2:09,1781200209,41:20.4,deep
Josh,6/8/2026 9:40,5/28/2026,5/29/2026 2:10,1781200209,41:20.5,deep
Josh,6/8/2026 9:40,5/28/2026,5/29/2026 2:11,1781200209,41:20.7,deep
Josh,6/8/2026 9:40,5/28/2026,5/29/2026 2:12,1781200209,41:20.9,deep
Josh,6/8/2026 9:40,5/28/2026,5/29/2026 2:13,1781200209,41:21.2,deep
Josh,6/8/2026 9:40,5/28/2026,5/29/2026 2:14,1781200209,41:21.2,deep
Josh,6/8/2026 9:40,5/28/2026,5/29/2026 2:15,1781200209,41:21.4,deep
Josh,6/8/2026 9:40,5/28/2026,5/29/2026 2:16,1781200209,41:21.5,deep
Josh,6/8/2026 9:40,5/28/2026,5/29/2026 2:17,1781200209,41:21.7,deep
Josh,6/8/2026 9:40,5/28/2026,5/29/2026 2:18,1781200209,41:21.9,deep
Josh,6/8/2026 9:40,5/28/2026,5/29/2026 2:19,1781200209,41:22.2,deep
Josh,6/8/2026 9:40,5/28/2026,5/29/2026 2:20,1781200209,41:22.2,deep
Josh,6/8/2026 9:40,5/28/2026,5/29/2026 2:21,1781200209,41:22.4,deep
Josh,6/8/2026 9:40,5/28/2026,5/29/2026 2:22,1781200209,41:22.5,deep
Josh,6/8/2026 9:40,5/28/2026,5/29/2026 2:23,1781200209,41:22.7,deep
Josh,6/8/2026 9:40,5/28/2026,5/29/2026 2:24,1781200209,41:22.9,light
Josh,6/8/2026 9:40,5/28/2026,5/29/2026 2:25,1781200209,41:23.2,light
Josh,6/8/2026 9:40,5/28/2026,5/29/2026 2:26,1781200209,41:23.2,light
Josh,6/8/2026 9:40,5/28/2026,5/29/2026 2:27,1781200209,41:23.4,light
Josh,6/8/2026 9:40,5/28/2026,5/29/2026 2:28,1781200209,41:23.5,light
Josh,6/8/2026 9:40,5/28/2026,5/29/2026 2:29,1781200209,41:23.7,light
Josh,6/8/2026 9:40,5/28/2026,5/29/2026 2:30,1781200209,41:23.9,light
Josh,6/8/2026 9:40,5/28/2026,5/29/2026 2:31,1781200209,41:24.2,light
Josh,6/8/2026 9:40,5/28/2026,5/29/2026 2:32,1781200209,41:24.2,light
Josh,6/8/2026 9:40,5/28/2026,5/29/2026 2:33,1781200209,41:24.4,light
Josh,6/8/2026 9:40,5/28/2026,5/29/2026 2:34,1781200209,41:24.5,rem
Josh,6/8/2026 9:40,5/28/2026,5/29/2026 2:35,1781200209,41:24.7,rem
Josh,6/8/2026 9:40,5/28/2026,5/29/2026 2:36,1781200209,41:24.9,rem
Josh,6/8/2026 9:40,5/28/2026,5/29/2026 2:37,1781200209,41:25.2,rem
Josh,6/8/2026 9:40,5/28/2026,5/29/2026 2:38,1781200209,41:25.2,rem
Josh,6/8/2026 9:40,5/28/2026,5/29/2026 2:39,1781200209,41:25.4,rem
Josh,6/8/2026 9:40,5/28/2026,5/29/2026 2:40,1781200209,41:25.5,rem
Josh,6/8/2026 9:40,5/28/2026,5/29/2026 2:41,1781200209,41:25.7,rem
Josh,6/8/2026 9:40,5/28/2026,5/29/2026 2:42,1781200209,41:25.9,rem
Josh,6/8/2026 9:40,5/28/2026,5/29/2026 2:43,1781200209,41:26.2,rem
Josh,6/8/2026 9:40,5/28/2026,5/29/2026 2:44,1781200209,41:26.2,light
Josh,6/8/2026 9:40,5/28/2026,5/29/2026 2:45,1781200209,41:26.4,light
Josh,6/8/2026 9:40,5/28/2026,5/29/2026 2:46,1781200209,41:26.5,light
Josh,6/8/2026 9:40,5/28/2026,5/29/2026 2:47,1781200209,41:26.7,light
Josh,6/8/2026 9:40,5/28/2026,5/29/2026 2:48,1781200209,41:26.9,light
Josh,6/8/2026 9:40,5/28/2026,5/29/2026 2:49,1781200209,41:27.2,light
Josh,6/8/2026 9:40,5/28/2026,5/29/2026 2:50,1781200209,41:27.2,light
Josh,6/8/2026 9:40,5/28/2026,5/29/2026 2:51,1781200209,41:27.4,light
Josh,6/8/2026 9:40,5/28/2026,5/29/2026 2:52,1781200209,41:27.5,light
Josh,6/8/2026 9:40,5/28/2026,5/29/2026 2:53,1781200209,41:27.7,light
Josh,6/8/2026 9:40,5/28/2026,5/29/2026 2:54,1781200209,41:27.9,light
Josh,6/8/2026 9:40,5/28/2026,5/29/2026 2:55,1781200209,41:28.2,light
Josh,6/8/2026 9:40,5/28/2026,5/29/2026 2:56,1781200209,41:28.2,light
Josh,6/8/2026 9:40,5/28/2026,5/29/2026 2:57,1781200209,41:28.4,light
Josh,6/8/2026 9:40,5/28/2026,5/29/2026 2:58,1781200209,41:28.5,light
Josh,6/8/2026 9:40,5/28/2026,5/29/2026 2:59,1781200209,41:28.7,light
Josh,6/8/2026 9:40,5/28/2026,5/29/2026 3:00,1781200209,41:28.9,light
Josh,6/8/2026 9:40,5/28/2026,5/29/2026 3:01,1781200209,41:29.2,light
Josh,6/8/2026 9:40,5/28/2026,5/29/2026 3:02,1781200209,41:29.2,light
Josh,6/8/2026 9:40,5/28/2026,5/29/2026 3:03,1781200209,41:29.4,light
Josh,6/8/2026 9:40,5/28/2026,5/29/2026 3:04,1781200209,41:29.5,light
Josh,6/8/2026 9:40,5/28/2026,5/29/2026 3:05,1781200209,41:29.7,light
Josh,6/8/2026 9:40,5/28/2026,5/29/2026 3:06,1781200209,41:29.9,light
Josh,6/8/2026 9:40,5/28/2026,5/29/2026 3:07,1781200209,41:30.2,deep
Josh,6/8/2026 9:40,5/28/2026,5/29/2026 3:08,1781200209,41:30.2,deep
Josh,6/8/2026 9:40,5/28/2026,5/29/2026 3:09,1781200209,41:30.4,deep
Josh,6/8/2026 9:40,5/28/2026,5/29/2026 3:10,1781200209,41:30.5,deep
Josh,6/8/2026 9:40,5/28/2026,5/29/2026 3:11,1781200209,41:30.7,deep
Josh,6/8/2026 9:40,5/28/2026,5/29/2026 3:12,1781200209,41:30.9,deep
Josh,6/8/2026 9:40,5/28/2026,5/29/2026 3:13,1781200209,41:31.3,deep
Josh,6/8/2026 9:40,5/28/2026,5/29/2026 3:14,1781200209,41:31.2,deep
Josh,6/8/2026 9:40,5/28/2026,5/29/2026 3:15,1781200209,41:31.4,deep
Josh,6/8/2026 9:40,5/28/2026,5/29/2026 3:16,1781200209,41:31.5,deep
Josh,6/8/2026 9:40,5/28/2026,5/29/2026 3:17,1781200209,41:31.7,deep
Josh,6/8/2026 9:40,5/28/2026,5/29/2026 3:18,1781200209,41:31.9,deep
Josh,6/8/2026 9:40,5/28/2026,5/29/2026 3:19,1781200209,41:32.3,deep
Josh,6/8/2026 9:40,5/28/2026,5/29/2026 3:20,1781200209,41:32.2,deep
Josh,6/8/2026 9:40,5/28/2026,5/29/2026 3:21,1781200209,41:32.4,deep
Josh,6/8/2026 9:40,5/28/2026,5/29/2026 3:22,1781200209,41:32.5,deep
Josh,6/8/2026 9:40,5/28/2026,5/29/2026 3:23,1781200209,41:32.7,deep
Josh,6/8/2026 9:40,5/28/2026,5/29/2026 3:24,1781200209,41:32.9,deep
Josh,6/8/2026 9:40,5/28/2026,5/29/2026 3:25,1781200209,41:33.3,deep
Josh,6/8/2026 9:40,5/28/2026,5/29/2026 3:26,1781200209,41:33.2,deep
Josh,6/8/2026 9:40,5/28/2026,5/29/2026 3:27,1781200209,41:33.4,light
Josh,6/8/2026 9:40,5/28/2026,5/29/2026 3:28,1781200209,41:33.5,light
Josh,6/8/2026 9:40,5/28/2026,5/29/2026 3:29,1781200209,41:33.7,light
Josh,6/8/2026 9:40,5/28/2026,5/29/2026 3:30,1781200209,41:33.9,light
Josh,6/8/2026 9:40,5/28/2026,5/29/2026 3:31,1781200209,41:34.3,light
Josh,6/8/2026 9:40,5/28/2026,5/29/2026 3:32,1781200209,41:34.2,light
Josh,6/8/2026 9:40,5/28/2026,5/29/2026 3:33,1781200209,41:34.4,light
Josh,6/8/2026 9:40,5/28/2026,5/29/2026 3:34,1781200209,41:34.5,light
Josh,6/8/2026 9:40,5/28/2026,5/29/2026 3:35,1781200209,41:34.7,light
Josh,6/8/2026 9:40,5/28/2026,5/29/2026 3:36,1781200209,41:34.9,light
Josh,6/8/2026 9:40,5/28/2026,5/29/2026 3:37,1781200209,41:35.3,wake
Josh,6/8/2026 9:40,5/28/2026,5/29/2026 3:38,1781200209,41:35.2,rem
Josh,6/8/2026 9:40,5/28/2026,5/29/2026 3:39,1781200209,41:35.4,rem
Josh,6/8/2026 9:40,5/28/2026,5/29/2026 3:40,1781200209,41:35.5,rem
Josh,6/8/2026 9:40,5/28/2026,5/29/2026 3:41,1781200209,41:35.7,rem
Josh,6/8/2026 9:40,5/28/2026,5/29/2026 3:42,1781200209,41:35.9,rem
Josh,6/8/2026 9:40,5/28/2026,5/29/2026 3:43,1781200209,41:36.3,rem
Josh,6/8/2026 9:40,5/28/2026,5/29/2026 3:44,1781200209,41:36.2,rem
Josh,6/8/2026 9:40,5/28/2026,5/29/2026 3:45,1781200209,41:36.4,rem
Josh,6/8/2026 9:40,5/28/2026,5/29/2026 3:46,1781200209,41:36.5,rem
Josh,6/8/2026 9:40,5/28/2026,5/29/2026 3:47,1781200209,41:36.7,rem
Josh,6/8/2026 9:40,5/28/2026,5/29/2026 3:48,1781200209,41:36.9,rem
Josh,6/8/2026 9:40,5/28/2026,5/29/2026 3:49,1781200209,41:37.3,rem
Josh,6/8/2026 9:40,5/28/2026,5/29/2026 3:50,1781200209,41:37.2,rem
Josh,6/8/2026 9:40,5/28/2026,5/29/2026 3:51,1781200209,41:37.4,rem
Josh,6/8/2026 9:40,5/28/2026,5/29/2026 3:52,1781200209,41:37.5,rem
Josh,6/8/2026 9:40,5/28/2026,5/29/2026 3:53,1781200209,41:37.7,rem
Josh,6/8/2026 9:40,5/28/2026,5/29/2026 3:54,1781200209,41:37.9,rem
Josh,6/8/2026 9:40,5/28/2026,5/29/2026 3:55,1781200209,41:38.3,rem
Josh,6/8/2026 9:40,5/28/2026,5/29/2026 3:56,1781200209,41:38.2,rem
Josh,6/8/2026 9:40,5/28/2026,5/29/2026 3:57,1781200209,41:38.4,rem
Josh,6/8/2026 9:40,5/28/2026,5/29/2026 3:58,1781200209,41:38.5,rem
Josh,6/8/2026 9:40,5/28/2026,5/29/2026 3:59,1781200209,41:38.7,rem
Josh,6/8/2026 9:40,5/28/2026,5/29/2026 4:00,1781200209,41:38.9,rem
Josh,6/8/2026 9:40,5/28/2026,5/29/2026 4:01,1781200209,41:39.3,rem
Josh,6/8/2026 9:40,5/28/2026,5/29/2026 4:02,1781200209,41:39.2,rem
Josh,6/8/2026 9:40,5/28/2026,5/29/2026 4:03,1781200209,41:39.4,rem
Josh,6/8/2026 9:40,5/28/2026,5/29/2026 4:04,1781200209,41:39.5,rem
Josh,6/8/2026 9:40,5/28/2026,5/29/2026 4:05,1781200209,41:39.7,rem
Josh,6/8/2026 9:40,5/28/2026,5/29/2026 4:06,1781200209,41:39.9,light
Josh,6/8/2026 9:40,5/28/2026,5/29/2026 4:07,1781200209,41:40.3,light
Josh,6/8/2026 9:40,5/28/2026,5/29/2026 4:08,1781200209,41:40.2,light
Josh,6/8/2026 9:40,5/28/2026,5/29/2026 4:09,1781200209,41:40.4,light
Josh,6/8/2026 9:40,5/28/2026,5/29/2026 4:10,1781200209,41:40.5,light
Josh,6/8/2026 9:40,5/28/2026,5/29/2026 4:11,1781200209,41:40.7,light
Josh,6/8/2026 9:40,5/28/2026,5/29/2026 4:12,1781200209,41:40.9,light
Josh,6/8/2026 9:40,5/28/2026,5/29/2026 4:13,1781200209,41:41.3,light
Josh,6/8/2026 9:40,5/28/2026,5/29/2026 4:14,1781200209,41:41.2,light
Josh,6/8/2026 9:40,5/28/2026,5/29/2026 4:15,1781200209,41:41.4,light
Josh,6/8/2026 9:40,5/28/2026,5/29/2026 4:16,1781200209,41:41.5,light
Josh,6/8/2026 9:40,5/28/2026,5/29/2026 4:17,1781200209,41:41.7,light
Josh,6/8/2026 9:40,5/28/2026,5/29/2026 4:18,1781200209,41:41.9,light
Josh,6/8/2026 9:40,5/28/2026,5/29/2026 4:19,1781200209,41:42.3,light
Josh,6/8/2026 9:40,5/28/2026,5/29/2026 4:20,1781200209,41:42.2,light
Josh,6/8/2026 9:40,5/28/2026,5/29/2026 4:21,1781200209,41:42.4,light
Josh,6/8/2026 9:40,5/28/2026,5/29/2026 4:22,1781200209,41:42.5,deep
Josh,6/8/2026 9:40,5/28/2026,5/29/2026 4:23,1781200209,41:42.7,deep
Josh,6/8/2026 9:40,5/28/2026,5/29/2026 4:24,1781200209,41:42.9,deep
Josh,6/8/2026 9:40,5/28/2026,5/29/2026 4:25,1781200209,41:43.3,deep
Josh,6/8/2026 9:40,5/28/2026,5/29/2026 4:26,1781200209,41:43.2,deep
Josh,6/8/2026 9:40,5/28/2026,5/29/2026 4:27,1781200209,41:43.4,deep
Josh,6/8/2026 9:40,5/28/2026,5/29/2026 4:28,1781200209,41:43.5,deep
Josh,6/8/2026 9:40,5/28/2026,5/29/2026 4:29,1781200209,41:43.7,deep
Josh,6/8/2026 9:40,5/28/2026,5/29/2026 4:30,1781200209,41:43.9,deep
Josh,6/8/2026 9:40,5/28/2026,5/29/2026 4:31,1781200209,41:44.3,deep
Josh,6/8/2026 9:40,5/28/2026,5/29/2026 4:32,1781200209,41:44.2,deep
Josh,6/8/2026 9:40,5/28/2026,5/29/2026 4:33,1781200209,41:44.4,light
Josh,6/8/2026 9:40,5/28/2026,5/29/2026 4:34,1781200209,41:44.5,light
Josh,6/8/2026 9:40,5/28/2026,5/29/2026 4:35,1781200209,41:44.7,light
Josh,6/8/2026 9:40,5/28/2026,5/29/2026 4:36,1781200209,41:44.9,light
Josh,6/8/2026 9:40,5/28/2026,5/29/2026 4:37,1781200209,41:45.4,light
Josh,6/8/2026 9:40,5/28/2026,5/29/2026 4:38,1781200209,41:45.2,light
Josh,6/8/2026 9:40,5/28/2026,5/29/2026 4:39,1781200209,41:45.4,light
Josh,6/8/2026 9:40,5/28/2026,5/29/2026 4:40,1781200209,41:45.5,light
Josh,6/8/2026 9:40,5/28/2026,5/29/2026 4:41,1781200209,41:45.7,light
Josh,6/8/2026 9:40,5/28/2026,5/29/2026 4:42,1781200209,41:45.9,rem
Josh,6/8/2026 9:40,5/28/2026,5/29/2026 4:43,1781200209,41:46.4,rem
Josh,6/8/2026 9:40,5/28/2026,5/29/2026 4:44,1781200209,41:46.2,rem
Josh,6/8/2026 9:40,5/28/2026,5/29/2026 4:45,1781200209,41:46.4,rem
Josh,6/8/2026 9:40,5/28/2026,5/29/2026 4:46,1781200209,41:46.5,rem
Josh,6/8/2026 9:40,5/28/2026,5/29/2026 4:47,1781200209,41:46.7,rem
Josh,6/8/2026 9:40,5/28/2026,5/29/2026 4:48,1781200209,41:46.9,rem
Josh,6/8/2026 9:40,5/28/2026,5/29/2026 4:49,1781200209,41:47.4,rem
Josh,6/8/2026 9:40,5/28/2026,5/29/2026 4:50,1781200209,41:47.2,rem
Josh,6/8/2026 9:40,5/28/2026,5/29/2026 4:51,1781200209,41:47.4,rem
Josh,6/8/2026 9:40,5/28/2026,5/29/2026 4:52,1781200209,41:47.5,rem
Josh,6/8/2026 9:40,5/28/2026,5/29/2026 4:53,1781200209,41:47.7,rem
Josh,6/8/2026 9:40,5/28/2026,5/29/2026 4:54,1781200209,41:47.9,rem
Josh,6/8/2026 9:40,5/28/2026,5/29/2026 4:55,1781200209,41:48.4,rem
Josh,6/8/2026 9:40,5/28/2026,5/29/2026 4:56,1781200209,41:48.2,rem
Josh,6/8/2026 9:40,5/28/2026,5/29/2026 4:57,1781200209,41:48.4,rem
Josh,6/8/2026 9:40,5/28/2026,5/29/2026 4:58,1781200209,41:48.5,rem
Josh,6/8/2026 9:40,5/28/2026,5/29/2026 4:59,1781200209,41:48.7,rem
Josh,6/8/2026 9:40,5/28/2026,5/29/2026 5:00,1781200209,41:48.9,rem
Josh,6/8/2026 9:40,5/28/2026,5/29/2026 5:01,1781200209,41:49.4,light
Josh,6/8/2026 9:40,5/28/2026,5/29/2026 5:02,1781200209,41:49.2,light
Josh,6/8/2026 9:40,5/28/2026,5/29/2026 5:03,1781200209,41:49.4,light
Josh,6/8/2026 9:40,5/28/2026,5/29/2026 5:04,1781200209,41:49.5,light
Josh,6/8/2026 9:40,5/28/2026,5/29/2026 5:05,1781200209,41:49.7,light
Josh,6/8/2026 9:40,5/28/2026,5/29/2026 5:06,1781200209,41:49.9,light
Josh,6/8/2026 9:40,5/28/2026,5/29/2026 5:07,1781200209,41:50.4,light
Josh,6/8/2026 9:40,5/28/2026,5/29/2026 5:08,1781200209,41:50.2,light
Josh,6/8/2026 9:40,5/28/2026,5/29/2026 5:09,1781200209,41:50.4,light
Josh,6/8/2026 9:40,5/28/2026,5/29/2026 5:10,1781200209,41:50.5,light
Josh,6/8/2026 9:40,5/28/2026,5/29/2026 5:11,1781200209,41:50.7,light
Josh,6/8/2026 9:40,5/28/2026,5/29/2026 5:12,1781200209,41:50.9,light
Josh,6/8/2026 9:40,5/28/2026,5/29/2026 5:13,1781200209,41:51.4,light
Josh,6/8/2026 9:40,5/28/2026,5/29/2026 5:14,1781200209,41:51.2,light
Josh,6/8/2026 9:40,5/28/2026,5/29/2026 5:15,1781200209,41:51.4,light
Josh,6/8/2026 9:40,5/28/2026,5/29/2026 5:16,1781200209,41:51.5,light
Josh,6/8/2026 9:40,5/28/2026,5/29/2026 5:17,1781200209,41:51.7,light
Josh,6/8/2026 9:40,5/28/2026,5/29/2026 5:18,1781200209,41:51.9,light
Josh,6/8/2026 9:40,5/28/2026,5/29/2026 5:19,1781200209,41:52.4,light
Josh,6/8/2026 9:40,5/28/2026,5/29/2026 5:20,1781200209,41:52.2,deep
Josh,6/8/2026 9:40,5/28/2026,5/29/2026 5:21,1781200209,41:52.4,deep
Josh,6/8/2026 9:40,5/28/2026,5/29/2026 5:22,1781200209,41:52.5,deep
Josh,6/8/2026 9:40,5/28/2026,5/29/2026 5:23,1781200209,41:52.7,deep
Josh,6/8/2026 9:40,5/28/2026,5/29/2026 5:24,1781200209,41:52.9,deep
Josh,6/8/2026 9:40,5/28/2026,5/29/2026 5:25,1781200209,41:53.4,deep
Josh,6/8/2026 9:40,5/28/2026,5/29/2026 5:26,1781200209,41:53.2,light
Josh,6/8/2026 9:40,5/28/2026,5/29/2026 5:27,1781200209,41:53.4,light
Josh,6/8/2026 9:40,5/28/2026,5/29/2026 5:28,1781200209,41:53.5,light
Josh,6/8/2026 9:40,5/28/2026,5/29/2026 5:29,1781200209,41:53.7,light
Josh,6/8/2026 9:40,5/28/2026,5/29/2026 5:30,1781200209,41:53.9,light
Josh,6/8/2026 9:40,5/28/2026,5/29/2026 5:31,1781200209,41:54.4,light
Josh,6/8/2026 9:40,5/28/2026,5/29/2026 5:32,1781200209,41:54.2,light
Josh,6/8/2026 9:40,5/28/2026,5/29/2026 5:33,1781200209,41:54.4,light
Josh,6/8/2026 9:40,5/28/2026,5/29/2026 5:34,1781200209,41:54.5,rem
Josh,6/8/2026 9:40,5/28/2026,5/29/2026 5:35,1781200209,41:54.7,rem
Josh,6/8/2026 9:40,5/28/2026,5/29/2026 5:36,1781200209,41:54.9,rem
Josh,6/8/2026 9:40,5/28/2026,5/29/2026 5:37,1781200209,41:55.4,rem
Josh,6/8/2026 9:40,5/28/2026,5/29/2026 5:38,1781200209,41:55.2,rem
Josh,6/8/2026 9:40,5/28/2026,5/29/2026 5:39,1781200209,41:55.4,rem
Josh,6/8/2026 9:40,5/28/2026,5/29/2026 5:40,1781200209,41:55.5,rem
Josh,6/8/2026 9:40,5/28/2026,5/29/2026 5:41,1781200209,41:55.7,rem
Josh,6/8/2026 9:40,5/28/2026,5/29/2026 5:42,1781200209,41:55.9,rem
Josh,6/8/2026 9:40,5/28/2026,5/29/2026 5:43,1781200209,41:56.4,rem
Josh,6/8/2026 9:40,5/28/2026,5/29/2026 5:44,1781200209,41:56.2,rem
Josh,6/8/2026 9:40,5/28/2026,5/29/2026 5:45,1781200209,41:56.4,rem
Josh,6/8/2026 9:40,5/28/2026,5/29/2026 5:46,1781200209,41:56.5,rem
Josh,6/8/2026 9:40,5/28/2026,5/29/2026 5:47,1781200209,41:56.7,rem
Josh,6/8/2026 9:40,5/28/2026,5/29/2026 5:48,1781200209,41:56.9,rem
Josh,6/8/2026 9:40,5/28/2026,5/29/2026 5:49,1781200209,41:57.4,rem
Josh,6/8/2026 9:40,5/28/2026,5/29/2026 5:50,1781200209,41:57.2,rem
Josh,6/8/2026 9:40,5/28/2026,5/29/2026 5:51,1781200209,41:57.4,rem
Josh,6/8/2026 9:40,5/28/2026,5/29/2026 5:52,1781200209,41:57.5,rem
Josh,6/8/2026 9:40,5/28/2026,5/29/2026 5:53,1781200209,41:57.7,rem
Josh,6/8/2026 9:40,5/28/2026,5/29/2026 5:54,1781200209,41:57.9,rem
Josh,6/8/2026 9:40,5/28/2026,5/29/2026 5:55,1781200209,41:58.4,rem
Josh,6/8/2026 9:40,5/28/2026,5/29/2026 5:56,1781200209,41:58.2,rem
Josh,6/8/2026 9:40,5/28/2026,5/29/2026 5:57,1781200209,41:58.4,rem
Josh,6/8/2026 9:40,5/28/2026,5/29/2026 5:58,1781200209,41:58.5,rem
Josh,6/8/2026 9:40,5/28/2026,5/29/2026 5:59,1781200209,41:58.7,rem
Josh,6/8/2026 9:40,5/28/2026,5/29/2026 6:00,1781200209,41:58.9,rem
Josh,6/8/2026 9:40,5/28/2026,5/29/2026 6:01,1781200209,41:59.4,rem
Josh,6/8/2026 9:40,5/28/2026,5/29/2026 6:02,1781200209,41:59.2,rem
Josh,6/8/2026 9:40,5/28/2026,5/29/2026 6:03,1781200209,41:59.4,rem
Josh,6/8/2026 9:40,5/28/2026,5/29/2026 6:04,1781200209,41:59.5,rem
Josh,6/8/2026 9:40,5/28/2026,5/29/2026 6:05,1781200209,41:59.7,rem
Josh,6/8/2026 9:40,5/28/2026,5/29/2026 6:06,1781200209,41:59.9,light
Josh,6/8/2026 9:40,5/28/2026,5/29/2026 6:07,1781200209,42:00.4,light
Josh,6/8/2026 9:40,5/28/2026,5/29/2026 6:08,1781200209,42:00.2,light
Josh,6/8/2026 9:40,5/28/2026,5/29/2026 6:09,1781200209,42:00.4,light
Josh,6/8/2026 9:40,5/28/2026,5/29/2026 6:10,1781200209,42:00.5,light
Josh,6/8/2026 9:40,5/28/2026,5/29/2026 6:11,1781200209,42:00.7,light
Josh,6/8/2026 9:40,5/28/2026,5/29/2026 6:12,1781200209,42:00.9,light
Josh,6/8/2026 9:40,5/28/2026,5/29/2026 6:13,1781200209,42:01.5,light
Josh,6/8/2026 9:40,5/28/2026,5/29/2026 6:14,1781200209,42:01.2,light
Josh,6/8/2026 9:40,5/28/2026,5/29/2026 6:15,1781200209,42:01.4,light
Josh,6/8/2026 9:40,5/28/2026,5/29/2026 6:16,1781200209,42:01.5,light
Josh,6/8/2026 9:40,5/28/2026,5/29/2026 6:17,1781200209,42:01.7,light
Josh,6/8/2026 9:40,5/28/2026,5/29/2026 6:18,1781200209,42:01.9,light
Josh,6/8/2026 9:40,5/28/2026,5/29/2026 6:19,1781200209,42:02.5,light
Josh,6/8/2026 9:40,5/28/2026,5/29/2026 6:20,1781200209,42:02.2,light
Josh,6/8/2026 9:40,5/28/2026,5/29/2026 6:21,1781200209,42:02.4,light
Josh,6/8/2026 9:40,5/28/2026,5/29/2026 6:22,1781200209,42:02.5,light
Josh,6/8/2026 9:40,5/28/2026,5/29/2026 6:23,1781200209,42:02.7,light
Josh,6/8/2026 9:40,5/28/2026,5/29/2026 6:24,1781200209,42:02.9,light
Josh,6/8/2026 9:40,5/28/2026,5/29/2026 6:25,1781200209,42:03.5,light
Josh,6/8/2026 9:40,5/28/2026,5/29/2026 6:26,1781200209,42:03.2,light
Josh,6/8/2026 9:40,5/28/2026,5/29/2026 6:27,1781200209,42:03.4,light
Josh,6/8/2026 9:40,5/28/2026,5/29/2026 6:28,1781200209,42:03.5,light
Josh,6/8/2026 9:40,5/28/2026,5/29/2026 6:29,1781200209,42:03.7,light
Josh,6/8/2026 9:40,5/28/2026,5/29/2026 6:30,1781200209,42:03.9,deep
Josh,6/8/2026 9:40,5/28/2026,5/29/2026 6:31,1781200209,42:04.5,deep
Josh,6/8/2026 9:40,5/28/2026,5/29/2026 6:32,1781200209,42:04.2,deep
Josh,6/8/2026 9:40,5/28/2026,5/29/2026 6:33,1781200209,42:04.4,deep
Josh,6/8/2026 9:40,5/28/2026,5/29/2026 6:34,1781200209,42:04.5,light
Josh,6/8/2026 9:40,5/28/2026,5/29/2026 6:35,1781200209,42:04.7,light
Josh,6/8/2026 9:40,5/28/2026,5/29/2026 6:36,1781200209,42:04.9,light
Josh,6/8/2026 9:40,5/28/2026,5/29/2026 6:37,1781200209,42:05.5,light
Josh,6/8/2026 9:40,5/28/2026,5/29/2026 6:38,1781200209,42:05.2,light
Josh,6/8/2026 9:40,5/28/2026,5/29/2026 6:39,1781200209,42:05.4,light
Josh,6/8/2026 9:40,5/28/2026,5/29/2026 6:40,1781200209,42:05.5,light
Josh,6/8/2026 9:40,5/28/2026,5/29/2026 6:41,1781200209,42:05.7,light
Josh,6/8/2026 9:40,5/28/2026,5/29/2026 6:42,1781200209,42:05.9,light
Josh,6/8/2026 9:40,5/28/2026,5/29/2026 6:43,1781200209,42:06.5,light
Josh,6/8/2026 9:40,5/28/2026,5/29/2026 6:44,1781200209,42:06.2,rem
Josh,6/8/2026 9:40,5/28/2026,5/29/2026 6:45,1781200209,42:06.4,rem
Josh,6/8/2026 9:40,5/28/2026,5/29/2026 6:46,1781200209,42:06.5,rem
Josh,6/8/2026 9:40,5/28/2026,5/29/2026 6:47,1781200209,42:06.7,rem
Josh,6/8/2026 9:40,5/28/2026,5/29/2026 6:48,1781200209,42:06.9,rem
Josh,6/8/2026 9:40,5/28/2026,5/29/2026 6:49,1781200209,42:07.5,rem
Josh,6/8/2026 9:40,5/28/2026,5/29/2026 6:50,1781200209,42:07.2,rem
Josh,6/8/2026 9:40,5/28/2026,5/29/2026 6:51,1781200209,42:07.4,rem
Josh,6/8/2026 9:40,5/28/2026,5/29/2026 6:52,1781200209,42:07.5,rem
Josh,6/8/2026 9:40,5/28/2026,5/29/2026 6:53,1781200209,42:07.7,rem
Josh,6/8/2026 9:40,5/28/2026,5/29/2026 6:54,1781200209,42:07.9,rem
Josh,6/8/2026 9:40,5/28/2026,5/29/2026 6:55,1781200209,42:08.5,rem
Josh,6/8/2026 9:40,5/28/2026,5/29/2026 6:56,1781200209,42:08.2,rem
Josh,6/8/2026 9:40,5/28/2026,5/29/2026 6:57,1781200209,42:08.4,rem
Josh,6/8/2026 9:40,5/28/2026,5/29/2026 6:58,1781200209,42:08.6,rem
Josh,6/8/2026 9:40,5/28/2026,5/29/2026 6:59,1781200209,42:08.7,rem
Josh,6/8/2026 9:40,5/28/2026,5/29/2026 7:00,1781200209,42:08.9,rem
Josh,6/8/2026 9:40,5/28/2026,5/29/2026 7:01,1781200209,42:09.5,rem
Josh,6/8/2026 9:40,5/28/2026,5/29/2026 7:02,1781200209,42:09.2,rem
Josh,6/8/2026 9:40,5/28/2026,5/29/2026 7:03,1781200209,42:09.4,rem
Josh,6/8/2026 9:40,5/28/2026,5/29/2026 7:04,1781200209,42:09.6,rem
Josh,6/8/2026 9:40,5/28/2026,5/29/2026 7:05,1781200209,42:09.7,rem
Josh,6/8/2026 9:40,5/28/2026,5/29/2026 7:06,1781200209,42:09.9,rem
Josh,6/8/2026 9:40,5/28/2026,5/29/2026 7:07,1781200209,42:10.5,rem
Josh,6/8/2026 9:40,5/28/2026,5/29/2026 7:08,1781200209,42:10.2,rem
Josh,6/8/2026 9:40,5/28/2026,5/29/2026 7:09,1781200209,42:10.4,rem
Josh,6/8/2026 9:40,5/28/2026,5/29/2026 7:10,1781200209,42:10.6,light
Josh,6/8/2026 9:40,5/28/2026,5/29/2026 7:11,1781200209,42:10.7,light
Josh,6/8/2026 9:40,5/28/2026,5/29/2026 7:12,1781200209,42:10.9,light
Josh,6/8/2026 9:40,5/28/2026,5/29/2026 7:13,1781200209,42:11.5,light
Josh,6/8/2026 9:40,5/28/2026,5/29/2026 7:14,1781200209,42:11.2,light
Josh,6/8/2026 9:40,5/28/2026,5/29/2026 7:15,1781200209,42:11.4,light
Josh,6/8/2026 9:40,5/28/2026,5/29/2026 7:16,1781200209,42:11.6,light
Josh,6/8/2026 9:40,5/28/2026,5/29/2026 7:17,1781200209,42:11.7,light
Josh,6/8/2026 9:40,5/28/2026,5/29/2026 7:18,1781200209,42:11.9,light
Josh,6/8/2026 9:40,5/28/2026,5/29/2026 7:19,1781200209,42:12.5,light
Josh,6/8/2026 9:40,5/28/2026,5/29/2026 7:20,1781200209,42:12.2,light
Josh,6/8/2026 9:40,5/28/2026,5/29/2026 7:21,1781200209,42:12.4,light
Josh,6/8/2026 9:40,5/28/2026,5/29/2026 7:22,1781200209,42:12.6,light
Josh,6/8/2026 9:40,5/28/2026,5/29/2026 7:23,1781200209,42:12.7,light
Josh,6/8/2026 9:40,5/28/2026,5/29/2026 7:24,1781200209,42:12.9,light
Josh,6/8/2026 9:40,5/28/2026,5/29/2026 7:25,1781200209,42:13.5,light
Josh,6/8/2026 9:40,5/28/2026,5/29/2026 7:26,1781200209,42:13.2,light
Josh,6/8/2026 9:40,5/28/2026,5/29/2026 7:27,1781200209,42:13.4,light
Josh,6/8/2026 9:40,5/28/2026,5/29/2026 7:28,1781200209,42:13.6,light
Josh,6/8/2026 9:40,5/28/2026,5/29/2026 7:29,1781200209,42:13.7,light
Josh,6/8/2026 9:40,5/28/2026,5/29/2026 7:30,1781200209,42:13.9,light
Josh,6/8/2026 9:40,5/28/2026,5/29/2026 7:31,1781200209,42:14.5,light
Josh,6/8/2026 9:40,5/28/2026,5/29/2026 7:32,1781200209,42:14.2,light
Josh,6/8/2026 9:40,5/28/2026,5/29/2026 7:33,1781200209,42:14.4,light
Josh,6/8/2026 9:40,5/28/2026,5/29/2026 7:34,1781200209,42:14.6,deep
Josh,6/8/2026 9:40,5/28/2026,5/29/2026 7:35,1781200209,42:14.7,deep
Josh,6/8/2026 9:40,5/28/2026,5/29/2026 7:36,1781200209,42:14.9,deep
Josh,6/8/2026 9:40,5/28/2026,5/29/2026 7:37,1781200209,42:15.5,deep
Josh,6/8/2026 9:40,5/28/2026,5/29/2026 7:38,1781200209,42:15.2,deep
Josh,6/8/2026 9:40,5/28/2026,5/29/2026 7:39,1781200209,42:15.4,deep
Josh,6/8/2026 9:40,5/28/2026,5/29/2026 7:40,1781200209,42:15.6,deep
Josh,6/8/2026 9:34,5/29/2026,5/29/2026 23:31,1781201730,6/8/2026 9:34,light
Josh,6/8/2026 9:34,5/29/2026,5/29/2026 23:32,1781201730,34:48.2,light
Josh,6/8/2026 9:34,5/29/2026,5/29/2026 23:33,1781201730,34:48.4,light
Josh,6/8/2026 9:34,5/29/2026,5/29/2026 23:34,1781201730,34:48.6,light
Josh,6/8/2026 9:34,5/29/2026,5/29/2026 23:35,1781201730,34:48.8,light
Josh,6/8/2026 9:34,5/29/2026,5/29/2026 23:36,1781201730,34:49.3,light
Josh,6/8/2026 9:34,5/29/2026,5/29/2026 23:37,1781201730,34:49.2,light
Josh,6/8/2026 9:34,5/29/2026,5/29/2026 23:38,1781201730,34:49.4,light
Josh,6/8/2026 9:34,5/29/2026,5/29/2026 23:39,1781201730,34:49.6,light
Josh,6/8/2026 9:34,5/29/2026,5/29/2026 23:40,1781201730,34:49.8,light
Josh,6/8/2026 9:34,5/29/2026,5/29/2026 23:41,1781201730,34:50.7,light
Josh,6/8/2026 9:34,5/29/2026,5/29/2026 23:42,1781201730,34:50.2,light
Josh,6/8/2026 9:34,5/29/2026,5/29/2026 23:43,1781201730,34:50.4,light
Josh,6/8/2026 9:34,5/29/2026,5/29/2026 23:44,1781201730,34:50.6,light
Josh,6/8/2026 9:34,5/29/2026,5/29/2026 23:45,1781201730,34:50.8,light
Josh,6/8/2026 9:34,5/29/2026,5/29/2026 23:46,1781201730,34:51.1,light
Josh,6/8/2026 9:34,5/29/2026,5/29/2026 23:47,1781201730,34:51.2,light
Josh,6/8/2026 9:34,5/29/2026,5/29/2026 23:48,1781201730,34:51.4,light
Josh,6/8/2026 9:34,5/29/2026,5/29/2026 23:49,1781201730,34:51.6,light
Josh,6/8/2026 9:34,5/29/2026,5/29/2026 23:50,1781201730,34:51.8,light
Josh,6/8/2026 9:34,5/29/2026,5/29/2026 23:51,1781201730,34:52.1,light
Josh,6/8/2026 9:34,5/29/2026,5/29/2026 23:52,1781201730,34:52.2,light
Josh,6/8/2026 9:34,5/29/2026,5/29/2026 23:53,1781201730,34:52.4,light
Josh,6/8/2026 9:34,5/29/2026,5/29/2026 23:54,1781201730,34:52.6,light
Josh,6/8/2026 9:34,5/29/2026,5/29/2026 23:55,1781201730,34:52.8,light
Josh,6/8/2026 9:34,5/29/2026,5/29/2026 23:56,1781201730,34:53.2,deep
Josh,6/8/2026 9:34,5/29/2026,5/29/2026 23:57,1781201730,34:53.2,deep
Josh,6/8/2026 9:34,5/29/2026,5/29/2026 23:58,1781201730,34:53.4,deep
Josh,6/8/2026 9:34,5/29/2026,5/29/2026 23:59,1781201730,34:53.6,deep
Josh,6/8/2026 9:34,5/29/2026,5/30/2026 0:00,1781201730,34:53.8,deep
Josh,6/8/2026 9:34,5/29/2026,5/30/2026 0:01,1781201730,34:54.2,deep
Josh,6/8/2026 9:34,5/29/2026,5/30/2026 0:02,1781201730,34:54.2,deep
Josh,6/8/2026 9:34,5/29/2026,5/30/2026 0:03,1781201730,34:54.4,deep
Josh,6/8/2026 9:34,5/29/2026,5/30/2026 0:04,1781201730,34:54.6,deep
Josh,6/8/2026 9:34,5/29/2026,5/30/2026 0:05,1781201730,34:54.8,deep
Josh,6/8/2026 9:34,5/29/2026,5/30/2026 0:06,1781201730,34:55.2,deep
Josh,6/8/2026 9:34,5/29/2026,5/30/2026 0:07,1781201730,34:55.2,deep
Josh,6/8/2026 9:34,5/29/2026,5/30/2026 0:08,1781201730,34:55.4,deep
Josh,6/8/2026 9:34,5/29/2026,5/30/2026 0:09,1781201730,34:55.6,deep
Josh,6/8/2026 9:34,5/29/2026,5/30/2026 0:10,1781201730,34:55.8,deep
Josh,6/8/2026 9:34,5/29/2026,5/30/2026 0:11,1781201730,34:56.3,deep
Josh,6/8/2026 9:34,5/29/2026,5/30/2026 0:12,1781201730,34:56.2,deep
Josh,6/8/2026 9:34,5/29/2026,5/30/2026 0:13,1781201730,34:56.4,deep
Josh,6/8/2026 9:34,5/29/2026,5/30/2026 0:14,1781201730,34:56.6,deep
Josh,6/8/2026 9:34,5/29/2026,5/30/2026 0:15,1781201730,34:56.8,deep
Josh,6/8/2026 9:34,5/29/2026,5/30/2026 0:16,1781201730,34:57.3,deep
Josh,6/8/2026 9:34,5/29/2026,5/30/2026 0:17,1781201730,34:57.2,deep
Josh,6/8/2026 9:34,5/29/2026,5/30/2026 0:18,1781201730,34:57.4,deep
Josh,6/8/2026 9:34,5/29/2026,5/30/2026 0:19,1781201730,34:57.6,deep
Josh,6/8/2026 9:34,5/29/2026,5/30/2026 0:20,1781201730,34:57.8,deep
Josh,6/8/2026 9:34,5/29/2026,5/30/2026 0:21,1781201730,34:58.4,light
Josh,6/8/2026 9:34,5/29/2026,5/30/2026 0:22,1781201730,34:58.2,light
Josh,6/8/2026 9:34,5/29/2026,5/30/2026 0:23,1781201730,34:58.4,light
Josh,6/8/2026 9:34,5/29/2026,5/30/2026 0:24,1781201730,34:58.6,light
Josh,6/8/2026 9:34,5/29/2026,5/30/2026 0:25,1781201730,34:58.8,light
Josh,6/8/2026 9:34,5/29/2026,5/30/2026 0:26,1781201730,34:59.4,light
Josh,6/8/2026 9:34,5/29/2026,5/30/2026 0:27,1781201730,34:59.2,light
Josh,6/8/2026 9:34,5/29/2026,5/30/2026 0:28,1781201730,34:59.4,rem
Josh,6/8/2026 9:34,5/29/2026,5/30/2026 0:29,1781201730,34:59.6,rem
Josh,6/8/2026 9:34,5/29/2026,5/30/2026 0:30,1781201730,34:59.8,rem
Josh,6/8/2026 9:34,5/29/2026,5/30/2026 0:31,1781201730,35:00.4,rem
Josh,6/8/2026 9:34,5/29/2026,5/30/2026 0:32,1781201730,35:00.2,rem
Josh,6/8/2026 9:34,5/29/2026,5/30/2026 0:33,1781201730,35:00.4,rem
Josh,6/8/2026 9:34,5/29/2026,5/30/2026 0:34,1781201730,35:00.6,rem
Josh,6/8/2026 9:34,5/29/2026,5/30/2026 0:35,1781201730,35:00.8,rem
Josh,6/8/2026 9:34,5/29/2026,5/30/2026 0:36,1781201730,35:01.5,rem
Josh,6/8/2026 9:34,5/29/2026,5/30/2026 0:37,1781201730,35:01.2,rem
Josh,6/8/2026 9:34,5/29/2026,5/30/2026 0:38,1781201730,35:01.4,rem
Josh,6/8/2026 9:34,5/29/2026,5/30/2026 0:39,1781201730,35:01.6,light
Josh,6/8/2026 9:34,5/29/2026,5/30/2026 0:40,1781201730,35:01.8,light
Josh,6/8/2026 9:34,5/29/2026,5/30/2026 0:41,1781201730,35:02.5,light
Josh,6/8/2026 9:34,5/29/2026,5/30/2026 0:42,1781201730,35:02.3,light
Josh,6/8/2026 9:34,5/29/2026,5/30/2026 0:43,1781201730,35:02.5,light
Josh,6/8/2026 9:34,5/29/2026,5/30/2026 0:44,1781201730,35:02.7,light
Josh,6/8/2026 9:34,5/29/2026,5/30/2026 0:45,1781201730,35:02.9,light
Josh,6/8/2026 9:34,5/29/2026,5/30/2026 0:46,1781201730,35:03.5,light
Josh,6/8/2026 9:34,5/29/2026,5/30/2026 0:47,1781201730,35:03.3,light
Josh,6/8/2026 9:34,5/29/2026,5/30/2026 0:48,1781201730,35:03.5,light
Josh,6/8/2026 9:34,5/29/2026,5/30/2026 0:49,1781201730,35:03.7,light
Josh,6/8/2026 9:34,5/29/2026,5/30/2026 0:50,1781201730,35:03.9,light
Josh,6/8/2026 9:34,5/29/2026,5/30/2026 0:51,1781201730,35:04.6,light
Josh,6/8/2026 9:34,5/29/2026,5/30/2026 0:52,1781201730,35:04.3,light
Josh,6/8/2026 9:34,5/29/2026,5/30/2026 0:53,1781201730,35:04.5,light
Josh,6/8/2026 9:34,5/29/2026,5/30/2026 0:54,1781201730,35:04.7,light
Josh,6/8/2026 9:34,5/29/2026,5/30/2026 0:55,1781201730,35:04.9,light
Josh,6/8/2026 9:34,5/29/2026,5/30/2026 0:56,1781201730,35:05.6,light
Josh,6/8/2026 9:34,5/29/2026,5/30/2026 0:57,1781201730,35:05.3,light
Josh,6/8/2026 9:34,5/29/2026,5/30/2026 0:58,1781201730,35:05.5,light
Josh,6/8/2026 9:34,5/29/2026,5/30/2026 0:59,1781201730,35:05.7,light
Josh,6/8/2026 9:34,5/29/2026,5/30/2026 1:00,1781201730,35:05.9,light
Josh,6/8/2026 9:34,5/29/2026,5/30/2026 1:01,1781201730,35:06.6,deep
Josh,6/8/2026 9:34,5/29/2026,5/30/2026 1:02,1781201730,35:06.3,deep
Josh,6/8/2026 9:34,5/29/2026,5/30/2026 1:03,1781201730,35:06.5,deep
Josh,6/8/2026 9:34,5/29/2026,5/30/2026 1:04,1781201730,35:06.7,deep
Josh,6/8/2026 9:34,5/29/2026,5/30/2026 1:05,1781201730,35:06.9,deep
Josh,6/8/2026 9:34,5/29/2026,5/30/2026 1:06,1781201730,35:07.7,deep
Josh,6/8/2026 9:34,5/29/2026,5/30/2026 1:07,1781201730,35:07.3,deep
Josh,6/8/2026 9:34,5/29/2026,5/30/2026 1:08,1781201730,35:07.5,deep
Josh,6/8/2026 9:34,5/29/2026,5/30/2026 1:09,1781201730,35:07.7,deep
Josh,6/8/2026 9:34,5/29/2026,5/30/2026 1:10,1781201730,35:07.9,deep
Josh,6/8/2026 9:34,5/29/2026,5/30/2026 1:11,1781201730,35:08.7,deep
Josh,6/8/2026 9:34,5/29/2026,5/30/2026 1:12,1781201730,35:08.3,deep
Josh,6/8/2026 9:34,5/29/2026,5/30/2026 1:13,1781201730,35:08.5,deep
Josh,6/8/2026 9:34,5/29/2026,5/30/2026 1:14,1781201730,35:08.7,deep
Josh,6/8/2026 9:34,5/29/2026,5/30/2026 1:15,1781201730,35:08.9,deep
Josh,6/8/2026 9:34,5/29/2026,5/30/2026 1:16,1781201730,35:09.8,deep
Josh,6/8/2026 9:34,5/29/2026,5/30/2026 1:17,1781201730,35:09.3,deep
Josh,6/8/2026 9:34,5/29/2026,5/30/2026 1:18,1781201730,35:09.5,deep
Josh,6/8/2026 9:34,5/29/2026,5/30/2026 1:19,1781201730,35:09.7,deep
Josh,6/8/2026 9:34,5/29/2026,5/30/2026 1:20,1781201730,35:09.9,deep
Josh,6/8/2026 9:34,5/29/2026,5/30/2026 1:21,1781201730,35:10.8,deep
Josh,6/8/2026 9:34,5/29/2026,5/30/2026 1:22,1781201730,35:10.3,deep
Josh,6/8/2026 9:34,5/29/2026,5/30/2026 1:23,1781201730,35:10.5,deep
Josh,6/8/2026 9:34,5/29/2026,5/30/2026 1:24,1781201730,35:10.7,deep
Josh,6/8/2026 9:34,5/29/2026,5/30/2026 1:25,1781201730,35:10.9,deep
Josh,6/8/2026 9:34,5/29/2026,5/30/2026 1:26,1781201730,35:11.8,deep
Josh,6/8/2026 9:34,5/29/2026,5/30/2026 1:27,1781201730,35:11.3,light
Josh,6/8/2026 9:34,5/29/2026,5/30/2026 1:28,1781201730,35:11.5,light
Josh,6/8/2026 9:34,5/29/2026,5/30/2026 1:29,1781201730,35:11.7,light
Josh,6/8/2026 9:34,5/29/2026,5/30/2026 1:30,1781201730,35:11.9,light
Josh,6/8/2026 9:34,5/29/2026,5/30/2026 1:31,1781201730,35:12.9,light
Josh,6/8/2026 9:34,5/29/2026,5/30/2026 1:32,1781201730,35:12.3,light
Josh,6/8/2026 9:34,5/29/2026,5/30/2026 1:33,1781201730,35:12.5,light
Josh,6/8/2026 9:34,5/29/2026,5/30/2026 1:34,1781201730,35:12.7,light
Josh,6/8/2026 9:34,5/29/2026,5/30/2026 1:35,1781201730,35:12.9,light
Josh,6/8/2026 9:34,5/29/2026,5/30/2026 1:36,1781201730,35:13.9,wake
Josh,6/8/2026 9:34,5/29/2026,5/30/2026 1:37,1781201730,35:13.3,rem
Josh,6/8/2026 9:34,5/29/2026,5/30/2026 1:38,1781201730,35:13.5,rem
Josh,6/8/2026 9:34,5/29/2026,5/30/2026 1:39,1781201730,35:13.7,rem
Josh,6/8/2026 9:34,5/29/2026,5/30/2026 1:40,1781201730,35:13.9,rem
Josh,6/8/2026 9:34,5/29/2026,5/30/2026 1:41,1781201730,35:14.9,rem
Josh,6/8/2026 9:34,5/29/2026,5/30/2026 1:42,1781201730,35:14.3,rem
Josh,6/8/2026 9:34,5/29/2026,5/30/2026 1:43,1781201730,35:14.5,rem
Josh,6/8/2026 9:34,5/29/2026,5/30/2026 1:44,1781201730,35:14.7,rem
Josh,6/8/2026 9:34,5/29/2026,5/30/2026 1:45,1781201730,35:14.9,rem
Josh,6/8/2026 9:34,5/29/2026,5/30/2026 1:46,1781201730,35:16.0,light
Josh,6/8/2026 9:34,5/29/2026,5/30/2026 1:47,1781201730,35:15.3,light
Josh,6/8/2026 9:34,5/29/2026,5/30/2026 1:48,1781201730,35:15.5,light
Josh,6/8/2026 9:34,5/29/2026,5/30/2026 1:49,1781201730,35:15.7,light
Josh,6/8/2026 9:34,5/29/2026,5/30/2026 1:50,1781201730,35:15.9,light
Josh,6/8/2026 9:34,5/29/2026,5/30/2026 1:51,1781201730,35:16.1,light
Josh,6/8/2026 9:34,5/29/2026,5/30/2026 1:52,1781201730,35:16.3,light
Josh,6/8/2026 9:34,5/29/2026,5/30/2026 1:53,1781201730,35:16.5,light
Josh,6/8/2026 9:34,5/29/2026,5/30/2026 1:54,1781201730,35:16.7,light
Josh,6/8/2026 9:34,5/29/2026,5/30/2026 1:55,1781201730,35:16.9,light
Josh,6/8/2026 9:34,5/29/2026,5/30/2026 1:56,1781201730,35:17.1,light
Josh,6/8/2026 9:34,5/29/2026,5/30/2026 1:57,1781201730,35:17.3,light
Josh,6/8/2026 9:34,5/29/2026,5/30/2026 1:58,1781201730,35:17.5,light
Josh,6/8/2026 9:34,5/29/2026,5/30/2026 1:59,1781201730,35:17.7,light
Josh,6/8/2026 9:34,5/29/2026,5/30/2026 2:00,1781201730,35:17.9,light
Josh,6/8/2026 9:34,5/29/2026,5/30/2026 2:01,1781201730,35:18.1,light
Josh,6/8/2026 9:34,5/29/2026,5/30/2026 2:02,1781201730,35:18.3,light
Josh,6/8/2026 9:34,5/29/2026,5/30/2026 2:03,1781201730,35:18.5,light
Josh,6/8/2026 9:34,5/29/2026,5/30/2026 2:04,1781201730,35:18.7,light
Josh,6/8/2026 9:34,5/29/2026,5/30/2026 2:05,1781201730,35:18.9,deep
Josh,6/8/2026 9:34,5/29/2026,5/30/2026 2:06,1781201730,35:19.1,deep
Josh,6/8/2026 9:34,5/29/2026,5/30/2026 2:07,1781201730,35:19.3,deep
Josh,6/8/2026 9:34,5/29/2026,5/30/2026 2:08,1781201730,35:19.5,deep
Josh,6/8/2026 9:34,5/29/2026,5/30/2026 2:09,1781201730,35:19.7,deep
Josh,6/8/2026 9:34,5/29/2026,5/30/2026 2:10,1781201730,35:19.9,deep
Josh,6/8/2026 9:34,5/29/2026,5/30/2026 2:11,1781201730,35:20.1,deep
Josh,6/8/2026 9:34,5/29/2026,5/30/2026 2:12,1781201730,35:20.3,deep
Josh,6/8/2026 9:34,5/29/2026,5/30/2026 2:13,1781201730,35:20.5,deep
Josh,6/8/2026 9:34,5/29/2026,5/30/2026 2:14,1781201730,35:20.7,deep
Josh,6/8/2026 9:34,5/29/2026,5/30/2026 2:15,1781201730,35:20.9,deep
Josh,6/8/2026 9:34,5/29/2026,5/30/2026 2:16,1781201730,35:21.1,deep
Josh,6/8/2026 9:34,5/29/2026,5/30/2026 2:17,1781201730,35:21.3,deep
Josh,6/8/2026 9:34,5/29/2026,5/30/2026 2:18,1781201730,35:21.5,deep
Josh,6/8/2026 9:34,5/29/2026,5/30/2026 2:19,1781201730,35:21.7,deep
Josh,6/8/2026 9:34,5/29/2026,5/30/2026 2:20,1781201730,35:21.9,deep
Josh,6/8/2026 9:34,5/29/2026,5/30/2026 2:21,1781201730,35:22.1,deep
Josh,6/8/2026 9:34,5/29/2026,5/30/2026 2:22,1781201730,35:22.3,deep
Josh,6/8/2026 9:34,5/29/2026,5/30/2026 2:23,1781201730,35:22.5,deep
Josh,6/8/2026 9:34,5/29/2026,5/30/2026 2:24,1781201730,35:22.7,deep
Josh,6/8/2026 9:34,5/29/2026,5/30/2026 2:25,1781201730,35:22.9,deep
Josh,6/8/2026 9:34,5/29/2026,5/30/2026 2:26,1781201730,35:23.1,deep
Josh,6/8/2026 9:34,5/29/2026,5/30/2026 2:27,1781201730,35:23.3,deep
Josh,6/8/2026 9:34,5/29/2026,5/30/2026 2:28,1781201730,35:23.5,deep
Josh,6/8/2026 9:34,5/29/2026,5/30/2026 2:29,1781201730,35:23.7,deep
Josh,6/8/2026 9:34,5/29/2026,5/30/2026 2:30,1781201730,35:23.9,deep
Josh,6/8/2026 9:34,5/29/2026,5/30/2026 2:31,1781201730,35:24.1,light
Josh,6/8/2026 9:34,5/29/2026,5/30/2026 2:32,1781201730,35:24.3,light
Josh,6/8/2026 9:34,5/29/2026,5/30/2026 2:33,1781201730,35:24.5,light
Josh,6/8/2026 9:34,5/29/2026,5/30/2026 2:34,1781201730,35:24.7,light
Josh,6/8/2026 9:34,5/29/2026,5/30/2026 2:35,1781201730,35:24.9,light
Josh,6/8/2026 9:34,5/29/2026,5/30/2026 2:36,1781201730,35:25.1,wake
Josh,6/8/2026 9:34,5/29/2026,5/30/2026 2:37,1781201730,35:25.3,wake
Josh,6/8/2026 9:34,5/29/2026,5/30/2026 2:38,1781201730,35:25.5,wake
Josh,6/8/2026 9:34,5/29/2026,5/30/2026 2:39,1781201730,35:25.7,rem
Josh,6/8/2026 9:34,5/29/2026,5/30/2026 2:40,1781201730,35:25.9,rem
Josh,6/8/2026 9:34,5/29/2026,5/30/2026 2:41,1781201730,35:26.1,rem
Josh,6/8/2026 9:34,5/29/2026,5/30/2026 2:42,1781201730,35:26.3,rem
Josh,6/8/2026 9:34,5/29/2026,5/30/2026 2:43,1781201730,35:26.5,rem
Josh,6/8/2026 9:34,5/29/2026,5/30/2026 2:44,1781201730,35:26.7,rem
Josh,6/8/2026 9:34,5/29/2026,5/30/2026 2:45,1781201730,35:26.9,rem
Josh,6/8/2026 9:34,5/29/2026,5/30/2026 2:46,1781201730,35:27.1,rem
Josh,6/8/2026 9:34,5/29/2026,5/30/2026 2:47,1781201730,35:27.3,rem
Josh,6/8/2026 9:34,5/29/2026,5/30/2026 2:48,1781201730,35:27.5,rem
Josh,6/8/2026 9:34,5/29/2026,5/30/2026 2:49,1781201730,35:27.7,rem
Josh,6/8/2026 9:34,5/29/2026,5/30/2026 2:50,1781201730,35:27.9,rem
Josh,6/8/2026 9:34,5/29/2026,5/30/2026 2:51,1781201730,35:28.1,rem
Josh,6/8/2026 9:34,5/29/2026,5/30/2026 2:52,1781201730,35:28.3,rem
Josh,6/8/2026 9:34,5/29/2026,5/30/2026 2:53,1781201730,35:28.5,light
Josh,6/8/2026 9:34,5/29/2026,5/30/2026 2:54,1781201730,35:28.7,light
Josh,6/8/2026 9:34,5/29/2026,5/30/2026 2:55,1781201730,35:28.9,light
Josh,6/8/2026 9:34,5/29/2026,5/30/2026 2:56,1781201730,35:29.1,light
Josh,6/8/2026 9:34,5/29/2026,5/30/2026 2:57,1781201730,35:29.3,light
Josh,6/8/2026 9:34,5/29/2026,5/30/2026 2:58,1781201730,35:29.5,light
Josh,6/8/2026 9:34,5/29/2026,5/30/2026 2:59,1781201730,35:29.7,light
Josh,6/8/2026 9:34,5/29/2026,5/30/2026 3:00,1781201730,35:30.0,light
Josh,6/8/2026 9:34,5/29/2026,5/30/2026 3:01,1781201730,35:30.2,light
Josh,6/8/2026 9:34,5/29/2026,5/30/2026 3:02,1781201730,35:30.4,light
Josh,6/8/2026 9:34,5/29/2026,5/30/2026 3:03,1781201730,35:30.6,light
Josh,6/8/2026 9:34,5/29/2026,5/30/2026 3:04,1781201730,35:30.8,light
Josh,6/8/2026 9:34,5/29/2026,5/30/2026 3:05,1781201730,35:31.0,light
Josh,6/8/2026 9:34,5/29/2026,5/30/2026 3:06,1781201730,35:31.2,light
Josh,6/8/2026 9:34,5/29/2026,5/30/2026 3:07,1781201730,35:31.4,light
Josh,6/8/2026 9:34,5/29/2026,5/30/2026 3:08,1781201730,35:31.6,light
Josh,6/8/2026 9:34,5/29/2026,5/30/2026 3:09,1781201730,35:31.8,deep
Josh,6/8/2026 9:34,5/29/2026,5/30/2026 3:10,1781201730,35:32.0,deep
Josh,6/8/2026 9:34,5/29/2026,5/30/2026 3:11,1781201730,35:32.2,deep
Josh,6/8/2026 9:34,5/29/2026,5/30/2026 3:12,1781201730,35:32.4,deep
Josh,6/8/2026 9:34,5/29/2026,5/30/2026 3:13,1781201730,35:32.6,deep
Josh,6/8/2026 9:34,5/29/2026,5/30/2026 3:14,1781201730,35:32.8,deep
Josh,6/8/2026 9:34,5/29/2026,5/30/2026 3:15,1781201730,35:33.0,deep
Josh,6/8/2026 9:34,5/29/2026,5/30/2026 3:16,1781201730,35:33.2,deep
Josh,6/8/2026 9:34,5/29/2026,5/30/2026 3:17,1781201730,35:33.4,deep
Josh,6/8/2026 9:34,5/29/2026,5/30/2026 3:18,1781201730,35:33.6,deep
Josh,6/8/2026 9:34,5/29/2026,5/30/2026 3:19,1781201730,35:33.8,deep
Josh,6/8/2026 9:34,5/29/2026,5/30/2026 3:20,1781201730,35:34.0,deep
Josh,6/8/2026 9:34,5/29/2026,5/30/2026 3:21,1781201730,35:34.2,deep
Josh,6/8/2026 9:34,5/29/2026,5/30/2026 3:22,1781201730,35:34.4,deep
Josh,6/8/2026 9:34,5/29/2026,5/30/2026 3:23,1781201730,35:34.6,deep
Josh,6/8/2026 9:34,5/29/2026,5/30/2026 3:24,1781201730,35:34.8,deep
Josh,6/8/2026 9:34,5/29/2026,5/30/2026 3:25,1781201730,35:35.0,deep
Josh,6/8/2026 9:34,5/29/2026,5/30/2026 3:26,1781201730,35:35.2,deep
Josh,6/8/2026 9:34,5/29/2026,5/30/2026 3:27,1781201730,35:35.4,deep
Josh,6/8/2026 9:34,5/29/2026,5/30/2026 3:28,1781201730,35:35.6,deep
Josh,6/8/2026 9:34,5/29/2026,5/30/2026 3:29,1781201730,35:35.8,light
Josh,6/8/2026 9:34,5/29/2026,5/30/2026 3:30,1781201730,35:36.0,light
Josh,6/8/2026 9:34,5/29/2026,5/30/2026 3:31,1781201730,35:36.2,light
Josh,6/8/2026 9:34,5/29/2026,5/30/2026 3:32,1781201730,35:36.4,light
Josh,6/8/2026 9:34,5/29/2026,5/30/2026 3:33,1781201730,35:36.6,light
Josh,6/8/2026 9:34,5/29/2026,5/30/2026 3:34,1781201730,35:36.8,light
Josh,6/8/2026 9:34,5/29/2026,5/30/2026 3:35,1781201730,35:37.0,light
Josh,6/8/2026 9:34,5/29/2026,5/30/2026 3:36,1781201730,35:37.2,light
Josh,6/8/2026 9:34,5/29/2026,5/30/2026 3:37,1781201730,35:37.4,light
Josh,6/8/2026 9:34,5/29/2026,5/30/2026 3:38,1781201730,35:37.6,rem
Josh,6/8/2026 9:34,5/29/2026,5/30/2026 3:39,1781201730,35:37.8,rem
Josh,6/8/2026 9:34,5/29/2026,5/30/2026 3:40,1781201730,35:38.0,rem
Josh,6/8/2026 9:34,5/29/2026,5/30/2026 3:41,1781201730,35:38.2,rem
Josh,6/8/2026 9:34,5/29/2026,5/30/2026 3:42,1781201730,35:38.4,rem
Josh,6/8/2026 9:34,5/29/2026,5/30/2026 3:43,1781201730,35:38.6,rem
Josh,6/8/2026 9:34,5/29/2026,5/30/2026 3:44,1781201730,35:38.8,rem
Josh,6/8/2026 9:34,5/29/2026,5/30/2026 3:45,1781201730,35:39.0,rem
Josh,6/8/2026 9:34,5/29/2026,5/30/2026 3:46,1781201730,35:39.2,rem
Josh,6/8/2026 9:34,5/29/2026,5/30/2026 3:47,1781201730,35:39.4,rem
Josh,6/8/2026 9:34,5/29/2026,5/30/2026 3:48,1781201730,35:39.6,rem
Josh,6/8/2026 9:34,5/29/2026,5/30/2026 3:49,1781201730,35:39.8,rem
Josh,6/8/2026 9:34,5/29/2026,5/30/2026 3:50,1781201730,35:40.0,rem
Josh,6/8/2026 9:34,5/29/2026,5/30/2026 3:51,1781201730,35:40.2,rem
Josh,6/8/2026 9:34,5/29/2026,5/30/2026 3:52,1781201730,35:40.4,rem
Josh,6/8/2026 9:34,5/29/2026,5/30/2026 3:53,1781201730,35:40.6,rem
Josh,6/8/2026 9:34,5/29/2026,5/30/2026 3:54,1781201730,35:40.8,rem
Josh,6/8/2026 9:34,5/29/2026,5/30/2026 3:55,1781201730,35:41.0,rem
Josh,6/8/2026 9:34,5/29/2026,5/30/2026 3:56,1781201730,35:41.2,rem
Josh,6/8/2026 9:34,5/29/2026,5/30/2026 3:57,1781201730,35:41.4,rem
Josh,6/8/2026 9:34,5/29/2026,5/30/2026 3:58,1781201730,35:41.6,rem
Josh,6/8/2026 9:34,5/29/2026,5/30/2026 3:59,1781201730,35:41.8,rem
Josh,6/8/2026 9:34,5/29/2026,5/30/2026 4:00,1781201730,35:42.0,rem
Josh,6/8/2026 9:34,5/29/2026,5/30/2026 4:01,1781201730,35:42.2,rem
Josh,6/8/2026 9:34,5/29/2026,5/30/2026 4:02,1781201730,35:42.4,light
Josh,6/8/2026 9:34,5/29/2026,5/30/2026 4:03,1781201730,35:42.6,light
Josh,6/8/2026 9:34,5/29/2026,5/30/2026 4:04,1781201730,35:42.8,light
Josh,6/8/2026 9:34,5/29/2026,5/30/2026 4:05,1781201730,35:43.0,light
Josh,6/8/2026 9:34,5/29/2026,5/30/2026 4:06,1781201730,35:43.2,light
Josh,6/8/2026 9:34,5/29/2026,5/30/2026 4:07,1781201730,35:43.4,light
Josh,6/8/2026 9:34,5/29/2026,5/30/2026 4:08,1781201730,35:43.6,light
Josh,6/8/2026 9:34,5/29/2026,5/30/2026 4:09,1781201730,35:43.8,light
Josh,6/8/2026 9:34,5/29/2026,5/30/2026 4:10,1781201730,35:44.2,light
Josh,6/8/2026 9:34,5/29/2026,5/30/2026 4:11,1781201730,35:44.2,light
Josh,6/8/2026 9:34,5/29/2026,5/30/2026 4:12,1781201730,35:44.4,light
Josh,6/8/2026 9:34,5/29/2026,5/30/2026 4:13,1781201730,35:44.6,light
Josh,6/8/2026 9:34,5/29/2026,5/30/2026 4:14,1781201730,35:44.8,light
Josh,6/8/2026 9:34,5/29/2026,5/30/2026 4:15,1781201730,35:45.6,light
Josh,6/8/2026 9:34,5/29/2026,5/30/2026 4:16,1781201730,35:45.2,light
Josh,6/8/2026 9:34,5/29/2026,5/30/2026 4:17,1781201730,35:45.4,light
Josh,6/8/2026 9:34,5/29/2026,5/30/2026 4:18,1781201730,35:45.6,light
Josh,6/8/2026 9:34,5/29/2026,5/30/2026 4:19,1781201730,35:45.8,light
Josh,6/8/2026 9:34,5/29/2026,5/30/2026 4:20,1781201730,35:46.9,light
Josh,6/8/2026 9:34,5/29/2026,5/30/2026 4:21,1781201730,35:46.2,light
Josh,6/8/2026 9:34,5/29/2026,5/30/2026 4:22,1781201730,35:46.4,light
Josh,6/8/2026 9:34,5/29/2026,5/30/2026 4:23,1781201730,35:46.6,light
Josh,6/8/2026 9:34,5/29/2026,5/30/2026 4:24,1781201730,35:46.8,deep
Josh,6/8/2026 9:34,5/29/2026,5/30/2026 4:25,1781201730,35:47.1,deep
Josh,6/8/2026 9:34,5/29/2026,5/30/2026 4:26,1781201730,35:47.2,deep
Josh,6/8/2026 9:34,5/29/2026,5/30/2026 4:27,1781201730,35:47.4,deep
Josh,6/8/2026 9:34,5/29/2026,5/30/2026 4:28,1781201730,35:47.6,deep
Josh,6/8/2026 9:34,5/29/2026,5/30/2026 4:29,1781201730,35:47.8,deep
Josh,6/8/2026 9:34,5/29/2026,5/30/2026 4:30,1781201730,35:48.2,deep
Josh,6/8/2026 9:34,5/29/2026,5/30/2026 4:31,1781201730,35:48.2,deep
Josh,6/8/2026 9:34,5/29/2026,5/30/2026 4:32,1781201730,35:48.4,deep
Josh,6/8/2026 9:34,5/29/2026,5/30/2026 4:33,1781201730,35:48.6,deep
Josh,6/8/2026 9:34,5/29/2026,5/30/2026 4:34,1781201730,35:48.8,deep
Josh,6/8/2026 9:34,5/29/2026,5/30/2026 4:35,1781201730,35:49.2,deep
Josh,6/8/2026 9:34,5/29/2026,5/30/2026 4:36,1781201730,35:49.2,deep
Josh,6/8/2026 9:34,5/29/2026,5/30/2026 4:37,1781201730,35:49.4,deep
Josh,6/8/2026 9:34,5/29/2026,5/30/2026 4:38,1781201730,35:49.6,deep
Josh,6/8/2026 9:34,5/29/2026,5/30/2026 4:39,1781201730,35:49.8,deep
Josh,6/8/2026 9:34,5/29/2026,5/30/2026 4:40,1781201730,35:50.2,deep
Josh,6/8/2026 9:34,5/29/2026,5/30/2026 4:41,1781201730,35:50.2,deep
Josh,6/8/2026 9:34,5/29/2026,5/30/2026 4:42,1781201730,35:50.4,deep
Josh,6/8/2026 9:34,5/29/2026,5/30/2026 4:43,1781201730,35:50.6,deep
Josh,6/8/2026 9:34,5/29/2026,5/30/2026 4:44,1781201730,35:50.8,light
Josh,6/8/2026 9:34,5/29/2026,5/30/2026 4:45,1781201730,35:51.3,light
Josh,6/8/2026 9:34,5/29/2026,5/30/2026 4:46,1781201730,35:51.2,light
Josh,6/8/2026 9:34,5/29/2026,5/30/2026 4:47,1781201730,35:51.4,light
Josh,6/8/2026 9:34,5/29/2026,5/30/2026 4:48,1781201730,35:51.6,light
Josh,6/8/2026 9:34,5/29/2026,5/30/2026 4:49,1781201730,35:51.8,light
Josh,6/8/2026 9:34,5/29/2026,5/30/2026 4:50,1781201730,35:52.3,rem
Josh,6/8/2026 9:34,5/29/2026,5/30/2026 4:51,1781201730,35:52.2,rem
Josh,6/8/2026 9:34,5/29/2026,5/30/2026 4:52,1781201730,35:52.4,rem
Josh,6/8/2026 9:34,5/29/2026,5/30/2026 4:53,1781201730,35:52.6,rem
Josh,6/8/2026 9:34,5/29/2026,5/30/2026 4:54,1781201730,35:52.8,rem
Josh,6/8/2026 9:34,5/29/2026,5/30/2026 4:55,1781201730,35:53.3,rem
Josh,6/8/2026 9:34,5/29/2026,5/30/2026 4:56,1781201730,35:53.2,rem
Josh,6/8/2026 9:34,5/29/2026,5/30/2026 4:57,1781201730,35:53.4,rem
Josh,6/8/2026 9:34,5/29/2026,5/30/2026 4:58,1781201730,35:53.6,rem
Josh,6/8/2026 9:34,5/29/2026,5/30/2026 4:59,1781201730,35:53.8,rem
Josh,6/8/2026 9:34,5/29/2026,5/30/2026 5:00,1781201730,35:54.4,rem
Josh,6/8/2026 9:34,5/29/2026,5/30/2026 5:01,1781201730,35:54.2,rem
Josh,6/8/2026 9:34,5/29/2026,5/30/2026 5:02,1781201730,35:54.4,rem
Josh,6/8/2026 9:34,5/29/2026,5/30/2026 5:03,1781201730,35:54.6,rem
Josh,6/8/2026 9:34,5/29/2026,5/30/2026 5:04,1781201730,35:54.8,rem
Josh,6/8/2026 9:34,5/29/2026,5/30/2026 5:05,1781201730,35:55.4,rem
Josh,6/8/2026 9:34,5/29/2026,5/30/2026 5:06,1781201730,35:55.2,rem
Josh,6/8/2026 9:34,5/29/2026,5/30/2026 5:07,1781201730,35:55.4,rem
Josh,6/8/2026 9:34,5/29/2026,5/30/2026 5:08,1781201730,35:55.6,rem
Josh,6/8/2026 9:34,5/29/2026,5/30/2026 5:09,1781201730,35:55.8,rem
Josh,6/8/2026 9:34,5/29/2026,5/30/2026 5:10,1781201730,35:56.4,rem
Josh,6/8/2026 9:34,5/29/2026,5/30/2026 5:11,1781201730,35:56.2,rem
Josh,6/8/2026 9:34,5/29/2026,5/30/2026 5:12,1781201730,35:56.4,rem
Josh,6/8/2026 9:34,5/29/2026,5/30/2026 5:13,1781201730,35:56.6,rem
Josh,6/8/2026 9:34,5/29/2026,5/30/2026 5:14,1781201730,35:56.8,rem
Josh,6/8/2026 9:34,5/29/2026,5/30/2026 5:15,1781201730,35:57.5,light
Josh,6/8/2026 9:34,5/29/2026,5/30/2026 5:16,1781201730,35:57.2,light
Josh,6/8/2026 9:34,5/29/2026,5/30/2026 5:17,1781201730,35:57.5,light
Josh,6/8/2026 9:34,5/29/2026,5/30/2026 5:18,1781201730,35:57.7,light
Josh,6/8/2026 9:34,5/29/2026,5/30/2026 5:19,1781201730,35:57.9,light
Josh,6/8/2026 9:34,5/29/2026,5/30/2026 5:20,1781201730,35:58.5,light
Josh,6/8/2026 9:34,5/29/2026,5/30/2026 5:21,1781201730,35:58.3,light
Josh,6/8/2026 9:34,5/29/2026,5/30/2026 5:22,1781201730,35:58.5,light
Josh,6/8/2026 9:34,5/29/2026,5/30/2026 5:23,1781201730,35:58.7,light
Josh,6/8/2026 9:34,5/29/2026,5/30/2026 5:24,1781201730,35:58.9,light
Josh,6/8/2026 9:34,5/29/2026,5/30/2026 5:25,1781201730,35:59.6,light
Josh,6/8/2026 9:34,5/29/2026,5/30/2026 5:26,1781201730,35:59.3,light
Josh,6/8/2026 9:34,5/29/2026,5/30/2026 5:27,1781201730,35:59.5,light
Josh,6/8/2026 9:34,5/29/2026,5/30/2026 5:28,1781201730,35:59.7,light
Josh,6/8/2026 9:34,5/29/2026,5/30/2026 5:29,1781201730,35:59.9,light
Josh,6/8/2026 9:34,5/29/2026,5/30/2026 5:30,1781201730,36:00.6,light
Josh,6/8/2026 9:34,5/29/2026,5/30/2026 5:31,1781201730,36:00.3,light
Josh,6/8/2026 9:34,5/29/2026,5/30/2026 5:32,1781201730,36:00.5,light
Josh,6/8/2026 9:34,5/29/2026,5/30/2026 5:33,1781201730,36:00.7,light
Josh,6/8/2026 9:34,5/29/2026,5/30/2026 5:34,1781201730,36:00.9,deep
Josh,6/8/2026 9:34,5/29/2026,5/30/2026 5:35,1781201730,36:01.6,deep
Josh,6/8/2026 9:34,5/29/2026,5/30/2026 5:36,1781201730,36:01.3,deep
Josh,6/8/2026 9:34,5/29/2026,5/30/2026 5:37,1781201730,36:01.5,deep
Josh,6/8/2026 9:34,5/29/2026,5/30/2026 5:38,1781201730,36:01.7,deep
Josh,6/8/2026 9:34,5/29/2026,5/30/2026 5:39,1781201730,36:01.9,deep
Josh,6/8/2026 9:34,5/29/2026,5/30/2026 5:40,1781201730,36:02.7,deep
Josh,6/8/2026 9:34,5/29/2026,5/30/2026 5:41,1781201730,36:02.3,deep
Josh,6/8/2026 9:34,5/29/2026,5/30/2026 5:42,1781201730,36:02.5,deep
Josh,6/8/2026 9:34,5/29/2026,5/30/2026 5:43,1781201730,36:02.7,deep
Josh,6/8/2026 9:34,5/29/2026,5/30/2026 5:44,1781201730,36:02.9,deep
Josh,6/8/2026 9:34,5/29/2026,5/30/2026 5:45,1781201730,36:03.7,deep
Josh,6/8/2026 9:34,5/29/2026,5/30/2026 5:46,1781201730,36:03.3,deep
Josh,6/8/2026 9:34,5/29/2026,5/30/2026 5:47,1781201730,36:03.5,deep
Josh,6/8/2026 9:34,5/29/2026,5/30/2026 5:48,1781201730,36:03.7,deep
Josh,6/8/2026 9:34,5/29/2026,5/30/2026 5:49,1781201730,36:03.9,deep
Josh,6/8/2026 9:34,5/29/2026,5/30/2026 5:50,1781201730,36:04.7,deep
Josh,6/8/2026 9:34,5/29/2026,5/30/2026 5:51,1781201730,36:04.3,light
Josh,6/8/2026 9:34,5/29/2026,5/30/2026 5:52,1781201730,36:04.5,light
Josh,6/8/2026 9:34,5/29/2026,5/30/2026 5:53,1781201730,36:04.7,light
Josh,6/8/2026 9:34,5/29/2026,5/30/2026 5:54,1781201730,36:04.9,light
Josh,6/8/2026 9:34,5/29/2026,5/30/2026 5:55,1781201730,36:05.8,light
Josh,6/8/2026 9:34,5/29/2026,5/30/2026 5:56,1781201730,36:05.3,light
Josh,6/8/2026 9:34,5/29/2026,5/30/2026 5:57,1781201730,36:05.5,light
Josh,6/8/2026 9:34,5/29/2026,5/30/2026 5:58,1781201730,36:05.7,light
Josh,6/8/2026 9:34,5/29/2026,5/30/2026 5:59,1781201730,36:05.9,rem
Josh,6/8/2026 9:34,5/29/2026,5/30/2026 6:00,1781201730,36:06.8,rem
Josh,6/8/2026 9:34,5/29/2026,5/30/2026 6:01,1781201730,36:06.3,rem
Josh,6/8/2026 9:34,5/29/2026,5/30/2026 6:02,1781201730,36:06.5,rem
Josh,6/8/2026 9:34,5/29/2026,5/30/2026 6:03,1781201730,36:06.7,rem
Josh,6/8/2026 9:34,5/29/2026,5/30/2026 6:04,1781201730,36:06.9,rem
Josh,6/8/2026 9:34,5/29/2026,5/30/2026 6:05,1781201730,36:07.9,rem
Josh,6/8/2026 9:34,5/29/2026,5/30/2026 6:06,1781201730,36:07.3,rem
Josh,6/8/2026 9:34,5/29/2026,5/30/2026 6:07,1781201730,36:07.5,rem
Josh,6/8/2026 9:34,5/29/2026,5/30/2026 6:08,1781201730,36:07.7,rem
Josh,6/8/2026 9:34,5/29/2026,5/30/2026 6:09,1781201730,36:07.9,rem
Josh,6/8/2026 9:34,5/29/2026,5/30/2026 6:10,1781201730,36:08.9,rem
Josh,6/8/2026 9:34,5/29/2026,5/30/2026 6:11,1781201730,36:08.3,rem
Josh,6/8/2026 9:34,5/29/2026,5/30/2026 6:12,1781201730,36:08.5,rem
Josh,6/8/2026 9:34,5/29/2026,5/30/2026 6:13,1781201730,36:08.7,rem
Josh,6/8/2026 9:34,5/29/2026,5/30/2026 6:14,1781201730,36:08.9,rem
Josh,6/8/2026 9:34,5/29/2026,5/30/2026 6:15,1781201730,36:09.9,rem
Josh,6/8/2026 9:34,5/29/2026,5/30/2026 6:16,1781201730,36:09.3,rem
Josh,6/8/2026 9:34,5/29/2026,5/30/2026 6:17,1781201730,36:09.5,rem
Josh,6/8/2026 9:34,5/29/2026,5/30/2026 6:18,1781201730,36:09.7,rem
Josh,6/8/2026 9:34,5/29/2026,5/30/2026 6:19,1781201730,36:09.9,rem
Josh,6/8/2026 9:34,5/29/2026,5/30/2026 6:20,1781201730,36:11.0,rem
Josh,6/8/2026 9:34,5/29/2026,5/30/2026 6:21,1781201730,36:10.3,rem
Josh,6/8/2026 9:34,5/29/2026,5/30/2026 6:22,1781201730,36:10.5,rem
Josh,6/8/2026 9:34,5/29/2026,5/30/2026 6:23,1781201730,36:10.7,rem
Josh,6/8/2026 9:34,5/29/2026,5/30/2026 6:24,1781201730,36:10.9,rem
Josh,6/8/2026 9:34,5/29/2026,5/30/2026 6:25,1781201730,36:11.1,rem
Josh,6/8/2026 9:34,5/29/2026,5/30/2026 6:26,1781201730,36:11.3,light
Josh,6/8/2026 9:34,5/29/2026,5/30/2026 6:27,1781201730,36:11.5,light
Josh,6/8/2026 9:34,5/29/2026,5/30/2026 6:28,1781201730,36:11.7,light
Josh,6/8/2026 9:34,5/29/2026,5/30/2026 6:29,1781201730,36:11.9,light
Josh,6/8/2026 9:34,5/29/2026,5/30/2026 6:30,1781201730,36:12.1,light
Josh,6/8/2026 9:34,5/29/2026,5/30/2026 6:31,1781201730,36:12.3,light
Josh,6/8/2026 9:34,5/29/2026,5/30/2026 6:32,1781201730,36:12.5,light
Josh,6/8/2026 9:34,5/29/2026,5/30/2026 6:33,1781201730,36:12.7,light
Josh,6/8/2026 9:34,5/29/2026,5/30/2026 6:34,1781201730,36:12.9,light
Josh,6/8/2026 9:34,5/29/2026,5/30/2026 6:35,1781201730,36:13.1,light
Josh,6/8/2026 9:34,5/29/2026,5/30/2026 6:36,1781201730,36:13.3,light
Josh,6/8/2026 9:34,5/29/2026,5/30/2026 6:37,1781201730,36:13.5,light
Josh,6/8/2026 9:34,5/29/2026,5/30/2026 6:38,1781201730,36:13.7,light
Josh,6/8/2026 9:34,5/29/2026,5/30/2026 6:39,1781201730,36:13.9,light
Josh,6/8/2026 9:34,5/29/2026,5/30/2026 6:40,1781201730,36:14.1,light
Josh,6/8/2026 9:34,5/29/2026,5/30/2026 6:41,1781201730,36:14.3,light
Josh,6/8/2026 9:34,5/29/2026,5/30/2026 6:42,1781201730,36:14.5,deep
Josh,6/8/2026 9:34,5/29/2026,5/30/2026 6:43,1781201730,36:14.7,deep
Josh,6/8/2026 9:34,5/29/2026,5/30/2026 6:44,1781201730,36:14.9,deep
Josh,6/8/2026 9:34,5/29/2026,5/30/2026 6:45,1781201730,36:15.1,deep
Josh,6/8/2026 9:34,5/29/2026,5/30/2026 6:46,1781201730,36:15.3,deep
Josh,6/8/2026 9:34,5/29/2026,5/30/2026 6:47,1781201730,36:15.5,deep
Josh,6/8/2026 9:34,5/29/2026,5/30/2026 6:48,1781201730,36:15.7,deep
Josh,6/8/2026 9:34,5/29/2026,5/30/2026 6:49,1781201730,36:15.9,light
Josh,6/8/2026 9:34,5/29/2026,5/30/2026 6:50,1781201730,36:16.1,light
Josh,6/8/2026 9:34,5/29/2026,5/30/2026 6:51,1781201730,36:16.3,light
Josh,6/8/2026 9:34,5/29/2026,5/30/2026 6:52,1781201730,36:16.5,light
Josh,6/8/2026 9:34,5/29/2026,5/30/2026 6:53,1781201730,36:16.7,light
Josh,6/8/2026 9:34,5/29/2026,5/30/2026 6:54,1781201730,36:16.9,light
Josh,6/8/2026 9:34,5/29/2026,5/30/2026 6:55,1781201730,36:17.1,light
Josh,6/8/2026 9:34,5/29/2026,5/30/2026 6:56,1781201730,36:17.3,light
Josh,6/8/2026 9:34,5/29/2026,5/30/2026 6:57,1781201730,36:17.5,rem
Josh,6/8/2026 9:34,5/29/2026,5/30/2026 6:58,1781201730,36:17.7,rem
Josh,6/8/2026 9:34,5/29/2026,5/30/2026 6:59,1781201730,36:17.9,rem
Josh,6/8/2026 9:34,5/29/2026,5/30/2026 7:00,1781201730,36:18.1,rem
Josh,6/8/2026 9:34,5/29/2026,5/30/2026 7:01,1781201730,36:18.3,rem
Josh,6/8/2026 9:34,5/29/2026,5/30/2026 7:02,1781201730,36:18.5,rem
Josh,6/8/2026 9:34,5/29/2026,5/30/2026 7:03,1781201730,36:18.7,rem
Josh,6/8/2026 9:34,5/29/2026,5/30/2026 7:04,1781201730,36:18.9,rem
Josh,6/8/2026 9:34,5/29/2026,5/30/2026 7:05,1781201730,36:19.1,rem
Josh,6/8/2026 9:34,5/29/2026,5/30/2026 7:06,1781201730,36:19.3,rem
Josh,6/8/2026 9:34,5/29/2026,5/30/2026 7:07,1781201730,36:19.5,rem
Josh,6/8/2026 9:34,5/29/2026,5/30/2026 7:08,1781201730,36:19.7,rem
Josh,6/8/2026 9:34,5/29/2026,5/30/2026 7:09,1781201730,36:19.9,rem
Josh,6/8/2026 9:34,5/29/2026,5/30/2026 7:10,1781201730,36:20.1,rem
Josh,6/8/2026 9:34,5/29/2026,5/30/2026 7:11,1781201730,36:20.3,rem
Josh,6/8/2026 9:34,5/29/2026,5/30/2026 7:12,1781201730,36:20.5,rem
Josh,6/8/2026 9:34,5/29/2026,5/30/2026 7:13,1781201730,36:20.7,rem
Josh,6/8/2026 9:34,5/29/2026,5/30/2026 7:14,1781201730,36:20.9,rem
Josh,6/8/2026 9:34,5/29/2026,5/30/2026 7:15,1781201730,36:21.1,rem
Josh,6/8/2026 9:34,5/29/2026,5/30/2026 7:16,1781201730,36:21.3,rem
Josh,6/8/2026 9:34,5/29/2026,5/30/2026 7:17,1781201730,36:21.5,rem
Josh,6/8/2026 9:34,5/29/2026,5/30/2026 7:18,1781201730,36:21.7,rem
Josh,6/8/2026 9:34,5/29/2026,5/30/2026 7:19,1781201730,36:21.9,rem
Josh,6/8/2026 9:34,5/29/2026,5/30/2026 7:20,1781201730,36:22.1,rem
Josh,6/8/2026 9:34,5/29/2026,5/30/2026 7:21,1781201730,36:22.3,rem
Josh,6/8/2026 9:34,5/29/2026,5/30/2026 7:22,1781201730,36:22.5,rem
Josh,6/8/2026 9:34,5/29/2026,5/30/2026 7:23,1781201730,36:22.7,rem
Josh,6/8/2026 9:34,5/29/2026,5/30/2026 7:24,1781201730,36:22.9,rem
Josh,6/8/2026 9:34,5/29/2026,5/30/2026 7:25,1781201730,36:23.1,rem
Josh,6/8/2026 9:34,5/29/2026,5/30/2026 7:26,1781201730,36:23.3,rem
Josh,6/8/2026 9:34,5/29/2026,5/30/2026 7:27,1781201730,36:23.5,rem
Josh,6/8/2026 9:34,5/29/2026,5/30/2026 7:28,1781201730,36:23.7,rem
Josh,6/8/2026 9:34,5/29/2026,5/30/2026 7:29,1781201730,36:23.9,light
Josh,6/8/2026 9:34,5/29/2026,5/30/2026 7:30,1781201730,36:24.1,light
Josh,6/8/2026 9:34,5/29/2026,5/30/2026 7:31,1781201730,36:24.3,light
Josh,6/8/2026 9:34,5/29/2026,5/30/2026 7:32,1781201730,36:24.5,light
Josh,6/8/2026 9:34,5/29/2026,5/30/2026 7:33,1781201730,36:24.7,light
Josh,6/8/2026 9:34,5/29/2026,5/30/2026 7:34,1781201730,36:24.9,light
Josh,6/8/2026 9:34,5/29/2026,5/30/2026 7:35,1781201730,36:25.2,light
Josh,6/8/2026 9:34,5/29/2026,5/30/2026 7:36,1781201730,36:25.4,light
Josh,6/8/2026 9:34,5/29/2026,5/30/2026 7:37,1781201730,36:25.6,light
Josh,6/8/2026 9:34,5/29/2026,5/30/2026 7:38,1781201730,36:25.8,light
Josh,6/8/2026 9:34,5/29/2026,5/30/2026 7:39,1781201730,36:26.0,light
Josh,6/8/2026 9:34,5/29/2026,5/30/2026 7:40,1781201730,36:26.2,light
Josh,6/8/2026 9:34,5/29/2026,5/30/2026 7:41,1781201730,36:26.4,light
Josh,6/8/2026 9:34,5/29/2026,5/30/2026 7:42,1781201730,36:26.6,light
Josh,6/8/2026 9:34,5/29/2026,5/30/2026 7:43,1781201730,36:26.8,light
Josh,6/8/2026 9:34,5/29/2026,5/30/2026 7:44,1781201730,36:27.0,light
Josh,6/8/2026 9:34,5/29/2026,5/30/2026 7:45,1781201730,36:27.2,light
Josh,6/8/2026 9:34,5/29/2026,5/30/2026 7:46,1781201730,36:27.4,light
Josh,6/8/2026 9:34,5/29/2026,5/30/2026 7:47,1781201730,36:27.6,light
Josh,6/8/2026 9:34,5/29/2026,5/30/2026 7:48,1781201730,36:27.8,light
Josh,6/8/2026 9:34,5/29/2026,5/30/2026 7:49,1781201730,36:28.0,light
Josh,6/8/2026 9:34,5/29/2026,5/30/2026 7:50,1781201730,36:28.2,light
Josh,6/8/2026 9:34,5/29/2026,5/30/2026 7:51,1781201730,36:28.4,light
Josh,6/8/2026 9:34,5/29/2026,5/30/2026 7:52,1781201730,36:28.6,light
Josh,6/8/2026 9:34,5/29/2026,5/30/2026 7:53,1781201730,36:28.8,deep
Josh,6/8/2026 9:34,5/29/2026,5/30/2026 7:54,1781201730,36:29.0,deep
Josh,6/8/2026 9:34,5/29/2026,5/30/2026 7:55,1781201730,36:29.2,deep
Josh,6/8/2026 9:34,5/29/2026,5/30/2026 7:56,1781201730,36:29.4,deep
Josh,6/8/2026 9:34,5/29/2026,5/30/2026 7:57,1781201730,36:29.6,deep
Josh,6/8/2026 9:34,5/29/2026,5/30/2026 7:58,1781201730,36:29.8,deep
Josh,6/8/2026 9:34,5/29/2026,5/30/2026 7:59,1781201730,36:30.0,deep
Josh,6/8/2026 9:34,5/29/2026,5/30/2026 8:00,1781201730,36:30.2,deep
Josh,6/8/2026 9:34,5/29/2026,5/30/2026 8:01,1781201730,36:30.4,deep
Josh,6/8/2026 9:34,5/29/2026,5/30/2026 8:02,1781201730,36:30.6,deep
Josh,6/8/2026 9:34,5/29/2026,5/30/2026 8:03,1781201730,36:30.8,light
Josh,6/8/2026 9:34,5/29/2026,5/30/2026 8:04,1781201730,36:31.0,light
Josh,6/8/2026 9:34,5/29/2026,5/30/2026 8:05,1781201730,36:31.2,light
Josh,6/8/2026 9:34,5/29/2026,5/30/2026 8:06,1781201730,36:31.4,light
Josh,6/8/2026 9:34,5/29/2026,5/30/2026 8:07,1781201730,36:31.6,light
Josh,6/8/2026 9:34,5/29/2026,5/30/2026 8:08,1781201730,36:31.8,rem
Josh,6/8/2026 9:34,5/29/2026,5/30/2026 8:09,1781201730,36:32.0,rem
Josh,6/8/2026 9:34,5/29/2026,5/30/2026 8:10,1781201730,36:32.2,rem
Josh,6/8/2026 9:34,5/29/2026,5/30/2026 8:11,1781201730,36:32.4,rem
Josh,6/8/2026 9:34,5/29/2026,5/30/2026 8:12,1781201730,36:32.6,rem
Josh,6/8/2026 9:34,5/29/2026,5/30/2026 8:13,1781201730,36:32.8,rem
Josh,6/8/2026 9:34,5/29/2026,5/30/2026 8:14,1781201730,36:33.0,rem
Josh,6/8/2026 9:34,5/29/2026,5/30/2026 8:15,1781201730,36:33.2,rem
Josh,6/8/2026 9:34,5/29/2026,5/30/2026 8:16,1781201730,36:33.4,rem
Josh,6/8/2026 9:34,5/29/2026,5/30/2026 8:17,1781201730,36:33.6,rem
Josh,6/8/2026 9:34,5/29/2026,5/30/2026 8:18,1781201730,36:33.8,rem
Josh,6/8/2026 9:34,5/29/2026,5/30/2026 8:19,1781201730,36:34.0,rem
Josh,6/8/2026 9:34,5/29/2026,5/30/2026 8:20,1781201730,36:34.2,rem
Josh,6/8/2026 9:34,5/29/2026,5/30/2026 8:21,1781201730,36:34.4,rem
Josh,6/8/2026 9:42,5/30/2026,5/30/2026 23:38,1781202819,6/8/2026 9:42,light
Josh,6/8/2026 9:42,5/30/2026,5/30/2026 23:39,1781202819,42:57.2,light
Josh,6/8/2026 9:42,5/30/2026,5/30/2026 23:40,1781202819,42:57.3,light
Josh,6/8/2026 9:42,5/30/2026,5/30/2026 23:41,1781202819,42:57.5,light
Josh,6/8/2026 9:42,5/30/2026,5/30/2026 23:42,1781202819,42:57.6,light
Josh,6/8/2026 9:42,5/30/2026,5/30/2026 23:43,1781202819,42:57.8,light
Josh,6/8/2026 9:42,5/30/2026,5/30/2026 23:44,1781202819,42:57.9,light
Josh,6/8/2026 9:42,5/30/2026,5/30/2026 23:45,1781202819,42:59.0,light
Josh,6/8/2026 9:42,5/30/2026,5/30/2026 23:46,1781202819,42:58.3,light
Josh,6/8/2026 9:42,5/30/2026,5/30/2026 23:47,1781202819,42:58.4,light
Josh,6/8/2026 9:42,5/30/2026,5/30/2026 23:48,1781202819,42:58.6,light
Josh,6/8/2026 9:42,5/30/2026,5/30/2026 23:49,1781202819,42:58.7,light
Josh,6/8/2026 9:42,5/30/2026,5/30/2026 23:50,1781202819,42:58.9,light
Josh,6/8/2026 9:42,5/30/2026,5/30/2026 23:51,1781202819,42:59.4,light
Josh,6/8/2026 9:42,5/30/2026,5/30/2026 23:52,1781202819,42:59.2,light
Josh,6/8/2026 9:42,5/30/2026,5/30/2026 23:53,1781202819,42:59.4,light
Josh,6/8/2026 9:42,5/30/2026,5/30/2026 23:54,1781202819,42:59.5,light
Josh,6/8/2026 9:42,5/30/2026,5/30/2026 23:55,1781202819,42:59.7,light
Josh,6/8/2026 9:42,5/30/2026,5/30/2026 23:56,1781202819,42:59.8,light
Josh,6/8/2026 9:42,5/30/2026,5/30/2026 23:57,1781202819,43:00.0,light
Josh,6/8/2026 9:42,5/30/2026,5/30/2026 23:58,1781202819,43:00.1,light
Josh,6/8/2026 9:42,5/30/2026,5/30/2026 23:59,1781202819,43:00.3,deep
Josh,6/8/2026 9:42,5/30/2026,5/31/2026 0:00,1781202819,43:00.5,deep
Josh,6/8/2026 9:42,5/30/2026,5/31/2026 0:01,1781202819,43:00.6,deep
Josh,6/8/2026 9:42,5/30/2026,5/31/2026 0:02,1781202819,43:00.8,deep
Josh,6/8/2026 9:42,5/30/2026,5/31/2026 0:03,1781202819,43:00.9,deep
Josh,6/8/2026 9:42,5/30/2026,5/31/2026 0:04,1781202819,43:01.8,deep
Josh,6/8/2026 9:42,5/30/2026,5/31/2026 0:05,1781202819,43:01.2,deep
Josh,6/8/2026 9:42,5/30/2026,5/31/2026 0:06,1781202819,43:01.4,deep
Josh,6/8/2026 9:42,5/30/2026,5/31/2026 0:07,1781202819,43:01.6,deep
Josh,6/8/2026 9:42,5/30/2026,5/31/2026 0:08,1781202819,43:01.7,deep
Josh,6/8/2026 9:42,5/30/2026,5/31/2026 0:09,1781202819,43:01.9,deep
Josh,6/8/2026 9:42,5/30/2026,5/31/2026 0:10,1781202819,43:02.2,deep
Josh,6/8/2026 9:42,5/30/2026,5/31/2026 0:11,1781202819,43:02.2,deep
Josh,6/8/2026 9:42,5/30/2026,5/31/2026 0:12,1781202819,43:02.3,deep
Josh,6/8/2026 9:42,5/30/2026,5/31/2026 0:13,1781202819,43:02.5,deep
Josh,6/8/2026 9:42,5/30/2026,5/31/2026 0:14,1781202819,43:02.7,deep
Josh,6/8/2026 9:42,5/30/2026,5/31/2026 0:15,1781202819,43:02.8,deep
Josh,6/8/2026 9:42,5/30/2026,5/31/2026 0:16,1781202819,43:03.0,deep
Josh,6/8/2026 9:42,5/30/2026,5/31/2026 0:17,1781202819,43:03.1,deep
Josh,6/8/2026 9:42,5/30/2026,5/31/2026 0:18,1781202819,43:03.3,deep
Josh,6/8/2026 9:42,5/30/2026,5/31/2026 0:19,1781202819,43:03.4,deep
Josh,6/8/2026 9:42,5/30/2026,5/31/2026 0:20,1781202819,43:03.6,deep
Josh,6/8/2026 9:42,5/30/2026,5/31/2026 0:21,1781202819,43:03.8,deep
Josh,6/8/2026 9:42,5/30/2026,5/31/2026 0:22,1781202819,43:03.9,deep
Josh,6/8/2026 9:42,5/30/2026,5/31/2026 0:23,1781202819,43:04.7,deep
Josh,6/8/2026 9:42,5/30/2026,5/31/2026 0:24,1781202819,43:04.2,deep
Josh,6/8/2026 9:42,5/30/2026,5/31/2026 0:25,1781202819,43:04.4,deep
Josh,6/8/2026 9:42,5/30/2026,5/31/2026 0:26,1781202819,43:04.5,deep
Josh,6/8/2026 9:42,5/30/2026,5/31/2026 0:27,1781202819,43:04.7,light
Josh,6/8/2026 9:42,5/30/2026,5/31/2026 0:28,1781202819,43:04.9,light
Josh,6/8/2026 9:42,5/30/2026,5/31/2026 0:29,1781202819,43:05.9,light
Josh,6/8/2026 9:42,5/30/2026,5/31/2026 0:30,1781202819,43:05.2,light
Josh,6/8/2026 9:42,5/30/2026,5/31/2026 0:31,1781202819,43:05.3,light
Josh,6/8/2026 9:42,5/30/2026,5/31/2026 0:32,1781202819,43:05.5,rem
Josh,6/8/2026 9:42,5/30/2026,5/31/2026 0:33,1781202819,43:05.6,rem
Josh,6/8/2026 9:42,5/30/2026,5/31/2026 0:34,1781202819,43:05.8,rem
Josh,6/8/2026 9:42,5/30/2026,5/31/2026 0:35,1781202819,43:06.0,rem
Josh,6/8/2026 9:42,5/30/2026,5/31/2026 0:36,1781202819,43:06.1,rem
Josh,6/8/2026 9:42,5/30/2026,5/31/2026 0:37,1781202819,43:06.3,rem
Josh,6/8/2026 9:42,5/30/2026,5/31/2026 0:38,1781202819,43:06.4,rem
Josh,6/8/2026 9:42,5/30/2026,5/31/2026 0:39,1781202819,43:06.6,rem
Josh,6/8/2026 9:42,5/30/2026,5/31/2026 0:40,1781202819,43:06.7,rem
Josh,6/8/2026 9:42,5/30/2026,5/31/2026 0:41,1781202819,43:06.9,rem
Josh,6/8/2026 9:42,5/30/2026,5/31/2026 0:42,1781202819,43:07.5,rem
Josh,6/8/2026 9:42,5/30/2026,5/31/2026 0:43,1781202819,43:07.2,rem
Josh,6/8/2026 9:42,5/30/2026,5/31/2026 0:44,1781202819,43:07.4,rem
Josh,6/8/2026 9:42,5/30/2026,5/31/2026 0:45,1781202819,43:07.5,light
Josh,6/8/2026 9:42,5/30/2026,5/31/2026 0:46,1781202819,43:07.7,light
Josh,6/8/2026 9:42,5/30/2026,5/31/2026 0:47,1781202819,43:07.8,light
Josh,6/8/2026 9:42,5/30/2026,5/31/2026 0:48,1781202819,43:08.0,light
Josh,6/8/2026 9:42,5/30/2026,5/31/2026 0:49,1781202819,43:08.1,light
Josh,6/8/2026 9:42,5/30/2026,5/31/2026 0:50,1781202819,43:08.3,light
Josh,6/8/2026 9:42,5/30/2026,5/31/2026 0:51,1781202819,43:08.5,light
Josh,6/8/2026 9:42,5/30/2026,5/31/2026 0:52,1781202819,43:08.6,light
Josh,6/8/2026 9:42,5/30/2026,5/31/2026 0:53,1781202819,43:08.8,light
Josh,6/8/2026 9:42,5/30/2026,5/31/2026 0:54,1781202819,43:08.9,light
Josh,6/8/2026 9:42,5/30/2026,5/31/2026 0:55,1781202819,43:09.9,light
Josh,6/8/2026 9:42,5/30/2026,5/31/2026 0:56,1781202819,43:09.2,light
Josh,6/8/2026 9:42,5/30/2026,5/31/2026 0:57,1781202819,43:09.4,light
Josh,6/8/2026 9:42,5/30/2026,5/31/2026 0:58,1781202819,43:09.6,light
Josh,6/8/2026 9:42,5/30/2026,5/31/2026 0:59,1781202819,43:09.7,light
Josh,6/8/2026 9:42,5/30/2026,5/31/2026 1:00,1781202819,43:09.9,light
Josh,6/8/2026 9:42,5/30/2026,5/31/2026 1:01,1781202819,43:10.3,light
Josh,6/8/2026 9:42,5/30/2026,5/31/2026 1:02,1781202819,43:10.2,light
Josh,6/8/2026 9:42,5/30/2026,5/31/2026 1:03,1781202819,43:10.3,light
Josh,6/8/2026 9:42,5/30/2026,5/31/2026 1:04,1781202819,43:10.5,light
Josh,6/8/2026 9:42,5/30/2026,5/31/2026 1:05,1781202819,43:10.7,light
Josh,6/8/2026 9:42,5/30/2026,5/31/2026 1:06,1781202819,43:10.8,light
Josh,6/8/2026 9:42,5/30/2026,5/31/2026 1:07,1781202819,43:11.0,deep
Josh,6/8/2026 9:42,5/30/2026,5/31/2026 1:08,1781202819,43:11.1,deep
Josh,6/8/2026 9:42,5/30/2026,5/31/2026 1:09,1781202819,43:11.3,deep
Josh,6/8/2026 9:42,5/30/2026,5/31/2026 1:10,1781202819,43:11.4,deep
Josh,6/8/2026 9:42,5/30/2026,5/31/2026 1:11,1781202819,43:11.6,deep
Josh,6/8/2026 9:42,5/30/2026,5/31/2026 1:12,1781202819,43:11.8,deep
Josh,6/8/2026 9:42,5/30/2026,5/31/2026 1:13,1781202819,43:11.9,deep
Josh,6/8/2026 9:42,5/30/2026,5/31/2026 1:14,1781202819,43:12.8,deep
Josh,6/8/2026 9:42,5/30/2026,5/31/2026 1:15,1781202819,43:12.2,deep
Josh,6/8/2026 9:42,5/30/2026,5/31/2026 1:16,1781202819,43:12.4,deep
Josh,6/8/2026 9:42,5/30/2026,5/31/2026 1:17,1781202819,43:12.5,deep
Josh,6/8/2026 9:42,5/30/2026,5/31/2026 1:18,1781202819,43:12.7,deep
Josh,6/8/2026 9:42,5/30/2026,5/31/2026 1:19,1781202819,43:12.9,deep
Josh,6/8/2026 9:42,5/30/2026,5/31/2026 1:20,1781202819,43:13.2,deep
Josh,6/8/2026 9:42,5/30/2026,5/31/2026 1:21,1781202819,43:13.2,deep
Josh,6/8/2026 9:42,5/30/2026,5/31/2026 1:22,1781202819,43:13.3,deep
Josh,6/8/2026 9:42,5/30/2026,5/31/2026 1:23,1781202819,43:13.5,deep
Josh,6/8/2026 9:42,5/30/2026,5/31/2026 1:24,1781202819,43:13.6,deep
Josh,6/8/2026 9:42,5/30/2026,5/31/2026 1:25,1781202819,43:13.8,deep
Josh,6/8/2026 9:42,5/30/2026,5/31/2026 1:26,1781202819,43:14.0,deep
Josh,6/8/2026 9:42,5/30/2026,5/31/2026 1:27,1781202819,43:14.1,deep
Josh,6/8/2026 9:42,5/30/2026,5/31/2026 1:28,1781202819,43:14.3,deep
Josh,6/8/2026 9:42,5/30/2026,5/31/2026 1:29,1781202819,43:14.4,deep
Josh,6/8/2026 9:42,5/30/2026,5/31/2026 1:30,1781202819,43:14.6,deep
Josh,6/8/2026 9:42,5/30/2026,5/31/2026 1:31,1781202819,43:14.7,deep
Josh,6/8/2026 9:42,5/30/2026,5/31/2026 1:32,1781202819,43:14.9,deep
Josh,6/8/2026 9:42,5/30/2026,5/31/2026 1:33,1781202819,43:15.6,light
Josh,6/8/2026 9:42,5/30/2026,5/31/2026 1:34,1781202819,43:15.2,light
Josh,6/8/2026 9:42,5/30/2026,5/31/2026 1:35,1781202819,43:15.4,light
Josh,6/8/2026 9:42,5/30/2026,5/31/2026 1:36,1781202819,43:15.5,light
Josh,6/8/2026 9:42,5/30/2026,5/31/2026 1:37,1781202819,43:15.7,light
Josh,6/8/2026 9:42,5/30/2026,5/31/2026 1:38,1781202819,43:15.8,light
Josh,6/8/2026 9:42,5/30/2026,5/31/2026 1:39,1781202819,43:16.2,light
Josh,6/8/2026 9:42,5/30/2026,5/31/2026 1:40,1781202819,43:16.2,rem
Josh,6/8/2026 9:42,5/30/2026,5/31/2026 1:41,1781202819,43:16.3,rem
Josh,6/8/2026 9:42,5/30/2026,5/31/2026 1:42,1781202819,43:16.5,rem
Josh,6/8/2026 9:42,5/30/2026,5/31/2026 1:43,1781202819,43:16.6,rem
Josh,6/8/2026 9:42,5/30/2026,5/31/2026 1:44,1781202819,43:16.8,rem
Josh,6/8/2026 9:42,5/30/2026,5/31/2026 1:45,1781202819,43:16.9,rem
Josh,6/8/2026 9:42,5/30/2026,5/31/2026 1:46,1781202819,43:17.1,rem
Josh,6/8/2026 9:42,5/30/2026,5/31/2026 1:47,1781202819,43:17.3,rem
Josh,6/8/2026 9:42,5/30/2026,5/31/2026 1:48,1781202819,43:17.4,rem
Josh,6/8/2026 9:42,5/30/2026,5/31/2026 1:49,1781202819,43:17.6,rem
Josh,6/8/2026 9:42,5/30/2026,5/31/2026 1:50,1781202819,43:17.7,rem
Josh,6/8/2026 9:42,5/30/2026,5/31/2026 1:51,1781202819,43:17.9,light
Josh,6/8/2026 9:42,5/30/2026,5/31/2026 1:52,1781202819,43:18.4,light
Josh,6/8/2026 9:42,5/30/2026,5/31/2026 1:53,1781202819,43:18.2,light
Josh,6/8/2026 9:42,5/30/2026,5/31/2026 1:54,1781202819,43:18.4,light
Josh,6/8/2026 9:42,5/30/2026,5/31/2026 1:55,1781202819,43:18.5,light
Josh,6/8/2026 9:42,5/30/2026,5/31/2026 1:56,1781202819,43:18.7,light
Josh,6/8/2026 9:42,5/30/2026,5/31/2026 1:57,1781202819,43:18.8,light
Josh,6/8/2026 9:42,5/30/2026,5/31/2026 1:58,1781202819,43:19.0,light
Josh,6/8/2026 9:42,5/30/2026,5/31/2026 1:59,1781202819,43:19.1,light
Josh,6/8/2026 9:42,5/30/2026,5/31/2026 2:00,1781202819,43:19.3,light
Josh,6/8/2026 9:42,5/30/2026,5/31/2026 2:01,1781202819,43:19.5,light
Josh,6/8/2026 9:42,5/30/2026,5/31/2026 2:02,1781202819,43:19.6,light
Josh,6/8/2026 9:42,5/30/2026,5/31/2026 2:03,1781202819,43:19.8,light
Josh,6/8/2026 9:42,5/30/2026,5/31/2026 2:04,1781202819,43:19.9,light
Josh,6/8/2026 9:42,5/30/2026,5/31/2026 2:05,1781202819,43:20.9,light
Josh,6/8/2026 9:42,5/30/2026,5/31/2026 2:06,1781202819,43:20.2,deep
Josh,6/8/2026 9:42,5/30/2026,5/31/2026 2:07,1781202819,43:20.4,deep
Josh,6/8/2026 9:42,5/30/2026,5/31/2026 2:08,1781202819,43:20.6,deep
Josh,6/8/2026 9:42,5/30/2026,5/31/2026 2:09,1781202819,43:20.7,deep
Josh,6/8/2026 9:42,5/30/2026,5/31/2026 2:10,1781202819,43:20.9,deep
Josh,6/8/2026 9:42,5/30/2026,5/31/2026 2:11,1781202819,43:21.3,deep
Josh,6/8/2026 9:42,5/30/2026,5/31/2026 2:12,1781202819,43:21.2,deep
Josh,6/8/2026 9:42,5/30/2026,5/31/2026 2:13,1781202819,43:21.3,deep
Josh,6/8/2026 9:42,5/30/2026,5/31/2026 2:14,1781202819,43:21.5,deep
Josh,6/8/2026 9:42,5/30/2026,5/31/2026 2:15,1781202819,43:21.7,deep
Josh,6/8/2026 9:42,5/30/2026,5/31/2026 2:16,1781202819,43:21.8,deep
Josh,6/8/2026 9:42,5/30/2026,5/31/2026 2:17,1781202819,43:22.0,deep
Josh,6/8/2026 9:42,5/30/2026,5/31/2026 2:18,1781202819,43:22.1,deep
Josh,6/8/2026 9:42,5/30/2026,5/31/2026 2:19,1781202819,43:22.3,deep
Josh,6/8/2026 9:42,5/30/2026,5/31/2026 2:20,1781202819,43:22.4,deep
Josh,6/8/2026 9:42,5/30/2026,5/31/2026 2:21,1781202819,43:22.6,deep
Josh,6/8/2026 9:42,5/30/2026,5/31/2026 2:22,1781202819,43:22.8,deep
Josh,6/8/2026 9:42,5/30/2026,5/31/2026 2:23,1781202819,43:22.9,deep
Josh,6/8/2026 9:42,5/30/2026,5/31/2026 2:24,1781202819,43:23.7,deep
Josh,6/8/2026 9:42,5/30/2026,5/31/2026 2:25,1781202819,43:23.2,deep
Josh,6/8/2026 9:42,5/30/2026,5/31/2026 2:26,1781202819,43:23.4,deep
Josh,6/8/2026 9:42,5/30/2026,5/31/2026 2:27,1781202819,43:23.5,deep
Josh,6/8/2026 9:42,5/30/2026,5/31/2026 2:28,1781202819,43:23.7,deep
Josh,6/8/2026 9:42,5/30/2026,5/31/2026 2:29,1781202819,43:23.9,deep
Josh,6/8/2026 9:42,5/30/2026,5/31/2026 2:30,1781202819,43:24.1,deep
Josh,6/8/2026 9:42,5/30/2026,5/31/2026 2:31,1781202819,43:24.2,deep
Josh,6/8/2026 9:42,5/30/2026,5/31/2026 2:32,1781202819,43:24.3,deep
Josh,6/8/2026 9:42,5/30/2026,5/31/2026 2:33,1781202819,43:24.5,deep
Josh,6/8/2026 9:42,5/30/2026,5/31/2026 2:34,1781202819,43:24.6,deep
Josh,6/8/2026 9:42,5/30/2026,5/31/2026 2:35,1781202819,43:24.8,deep
Josh,6/8/2026 9:42,5/30/2026,5/31/2026 2:36,1781202819,43:25.0,deep
Josh,6/8/2026 9:42,5/30/2026,5/31/2026 2:37,1781202819,43:25.1,deep
Josh,6/8/2026 9:42,5/30/2026,5/31/2026 2:38,1781202819,43:25.3,light
Josh,6/8/2026 9:42,5/30/2026,5/31/2026 2:39,1781202819,43:25.4,light
Josh,6/8/2026 9:42,5/30/2026,5/31/2026 2:40,1781202819,43:25.6,light
Josh,6/8/2026 9:42,5/30/2026,5/31/2026 2:41,1781202819,43:25.7,light
Josh,6/8/2026 9:42,5/30/2026,5/31/2026 2:42,1781202819,43:25.9,light
Josh,6/8/2026 9:42,5/30/2026,5/31/2026 2:43,1781202819,43:26.5,light
Josh,6/8/2026 9:42,5/30/2026,5/31/2026 2:44,1781202819,43:26.2,light
Josh,6/8/2026 9:42,5/30/2026,5/31/2026 2:45,1781202819,43:26.4,light
Josh,6/8/2026 9:42,5/30/2026,5/31/2026 2:46,1781202819,43:26.5,light
Josh,6/8/2026 9:42,5/30/2026,5/31/2026 2:47,1781202819,43:26.7,rem
Josh,6/8/2026 9:42,5/30/2026,5/31/2026 2:48,1781202819,43:26.8,rem
Josh,6/8/2026 9:42,5/30/2026,5/31/2026 2:49,1781202819,43:27.0,rem
Josh,6/8/2026 9:42,5/30/2026,5/31/2026 2:50,1781202819,43:27.2,rem
Josh,6/8/2026 9:42,5/30/2026,5/31/2026 2:51,1781202819,43:27.3,rem
Josh,6/8/2026 9:42,5/30/2026,5/31/2026 2:52,1781202819,43:27.5,rem
Josh,6/8/2026 9:42,5/30/2026,5/31/2026 2:53,1781202819,43:27.6,rem
Josh,6/8/2026 9:42,5/30/2026,5/31/2026 2:54,1781202819,43:27.8,rem
Josh,6/8/2026 9:42,5/30/2026,5/31/2026 2:55,1781202819,43:27.9,rem
Josh,6/8/2026 9:42,5/30/2026,5/31/2026 2:56,1781202819,43:28.9,rem
Josh,6/8/2026 9:42,5/30/2026,5/31/2026 2:57,1781202819,43:28.3,rem
Josh,6/8/2026 9:42,5/30/2026,5/31/2026 2:58,1781202819,43:28.4,rem
Josh,6/8/2026 9:42,5/30/2026,5/31/2026 2:59,1781202819,43:28.6,light
Josh,6/8/2026 9:42,5/30/2026,5/31/2026 3:00,1781202819,43:28.7,light
Josh,6/8/2026 9:42,5/30/2026,5/31/2026 3:01,1781202819,43:28.9,light
Josh,6/8/2026 9:42,5/30/2026,5/31/2026 3:02,1781202819,43:29.4,light
Josh,6/8/2026 9:42,5/30/2026,5/31/2026 3:03,1781202819,43:29.2,light
Josh,6/8/2026 9:42,5/30/2026,5/31/2026 3:04,1781202819,43:29.4,light
Josh,6/8/2026 9:42,5/30/2026,5/31/2026 3:05,1781202819,43:29.5,light
Josh,6/8/2026 9:42,5/30/2026,5/31/2026 3:06,1781202819,43:29.7,light
Josh,6/8/2026 9:42,5/30/2026,5/31/2026 3:07,1781202819,43:29.8,light
Josh,6/8/2026 9:42,5/30/2026,5/31/2026 3:08,1781202819,43:30.0,light
Josh,6/8/2026 9:42,5/30/2026,5/31/2026 3:09,1781202819,43:30.1,light
Josh,6/8/2026 9:42,5/30/2026,5/31/2026 3:10,1781202819,43:30.3,light
Josh,6/8/2026 9:42,5/30/2026,5/31/2026 3:11,1781202819,43:30.5,light
Josh,6/8/2026 9:42,5/30/2026,5/31/2026 3:12,1781202819,43:30.6,light
Josh,6/8/2026 9:42,5/30/2026,5/31/2026 3:13,1781202819,43:30.8,light
Josh,6/8/2026 9:42,5/30/2026,5/31/2026 3:14,1781202819,43:30.9,light
Josh,6/8/2026 9:42,5/30/2026,5/31/2026 3:15,1781202819,43:31.8,deep
Josh,6/8/2026 9:42,5/30/2026,5/31/2026 3:16,1781202819,43:31.2,deep
Josh,6/8/2026 9:42,5/30/2026,5/31/2026 3:17,1781202819,43:31.4,deep
Josh,6/8/2026 9:42,5/30/2026,5/31/2026 3:18,1781202819,43:31.5,deep
Josh,6/8/2026 9:42,5/30/2026,5/31/2026 3:19,1781202819,43:31.7,deep
Josh,6/8/2026 9:42,5/30/2026,5/31/2026 3:20,1781202819,43:31.9,deep
Josh,6/8/2026 9:42,5/30/2026,5/31/2026 3:21,1781202819,43:32.2,deep
Josh,6/8/2026 9:42,5/30/2026,5/31/2026 3:22,1781202819,43:32.2,deep
Josh,6/8/2026 9:42,5/30/2026,5/31/2026 3:23,1781202819,43:32.3,deep
Josh,6/8/2026 9:42,5/30/2026,5/31/2026 3:24,1781202819,43:32.5,deep
Josh,6/8/2026 9:42,5/30/2026,5/31/2026 3:25,1781202819,43:32.6,deep
Josh,6/8/2026 9:42,5/30/2026,5/31/2026 3:26,1781202819,43:32.8,deep
Josh,6/8/2026 9:42,5/30/2026,5/31/2026 3:27,1781202819,43:33.0,deep
Josh,6/8/2026 9:42,5/30/2026,5/31/2026 3:28,1781202819,43:33.1,deep
Josh,6/8/2026 9:42,5/30/2026,5/31/2026 3:29,1781202819,43:33.3,deep
Josh,6/8/2026 9:42,5/30/2026,5/31/2026 3:30,1781202819,43:33.4,deep
Josh,6/8/2026 9:42,5/30/2026,5/31/2026 3:31,1781202819,43:33.6,light
Josh,6/8/2026 9:42,5/30/2026,5/31/2026 3:32,1781202819,43:33.7,light
Josh,6/8/2026 9:42,5/30/2026,5/31/2026 3:33,1781202819,43:33.9,light
Josh,6/8/2026 9:42,5/30/2026,5/31/2026 3:34,1781202819,43:34.6,light
Josh,6/8/2026 9:42,5/30/2026,5/31/2026 3:35,1781202819,43:34.2,light
Josh,6/8/2026 9:42,5/30/2026,5/31/2026 3:36,1781202819,43:34.4,wake
Josh,6/8/2026 9:42,5/30/2026,5/31/2026 3:37,1781202819,43:34.5,wake
Josh,6/8/2026 9:42,5/30/2026,5/31/2026 3:38,1781202819,43:34.7,rem
Josh,6/8/2026 9:42,5/30/2026,5/31/2026 3:39,1781202819,43:34.8,rem
Josh,6/8/2026 9:42,5/30/2026,5/31/2026 3:40,1781202819,43:35.5,rem
Josh,6/8/2026 9:42,5/30/2026,5/31/2026 3:41,1781202819,43:35.2,rem
Josh,6/8/2026 9:42,5/30/2026,5/31/2026 3:42,1781202819,43:35.3,rem
Josh,6/8/2026 9:42,5/30/2026,5/31/2026 3:43,1781202819,43:35.5,rem
Josh,6/8/2026 9:42,5/30/2026,5/31/2026 3:44,1781202819,43:35.6,rem
Josh,6/8/2026 9:42,5/30/2026,5/31/2026 3:45,1781202819,43:35.8,rem
Josh,6/8/2026 9:42,5/30/2026,5/31/2026 3:46,1781202819,43:35.9,rem
Josh,6/8/2026 9:42,5/30/2026,5/31/2026 3:47,1781202819,43:36.1,rem
Josh,6/8/2026 9:42,5/30/2026,5/31/2026 3:48,1781202819,43:36.3,rem
Josh,6/8/2026 9:42,5/30/2026,5/31/2026 3:49,1781202819,43:36.4,rem
Josh,6/8/2026 9:42,5/30/2026,5/31/2026 3:50,1781202819,43:36.6,rem
Josh,6/8/2026 9:42,5/30/2026,5/31/2026 3:51,1781202819,43:36.7,rem
Josh,6/8/2026 9:42,5/30/2026,5/31/2026 3:52,1781202819,43:36.9,rem
Josh,6/8/2026 9:42,5/30/2026,5/31/2026 3:53,1781202819,43:37.5,rem
Josh,6/8/2026 9:42,5/30/2026,5/31/2026 3:54,1781202819,43:37.2,rem
Josh,6/8/2026 9:42,5/30/2026,5/31/2026 3:55,1781202819,43:37.4,rem
Josh,6/8/2026 9:42,5/30/2026,5/31/2026 3:56,1781202819,43:37.5,light
Josh,6/8/2026 9:42,5/30/2026,5/31/2026 3:57,1781202819,43:37.7,light
Josh,6/8/2026 9:42,5/30/2026,5/31/2026 3:58,1781202819,43:37.8,light
Josh,6/8/2026 9:42,5/30/2026,5/31/2026 3:59,1781202819,43:38.0,light
Josh,6/8/2026 9:42,5/30/2026,5/31/2026 4:00,1781202819,43:38.1,light
Josh,6/8/2026 9:42,5/30/2026,5/31/2026 4:01,1781202819,43:38.3,light
Josh,6/8/2026 9:42,5/30/2026,5/31/2026 4:02,1781202819,43:38.5,light
Josh,6/8/2026 9:42,5/30/2026,5/31/2026 4:03,1781202819,43:38.6,light
Josh,6/8/2026 9:42,5/30/2026,5/31/2026 4:04,1781202819,43:38.8,light
Josh,6/8/2026 9:42,5/30/2026,5/31/2026 4:05,1781202819,43:38.9,light
Josh,6/8/2026 9:42,5/30/2026,5/31/2026 4:06,1781202819,43:39.9,light
Josh,6/8/2026 9:42,5/30/2026,5/31/2026 4:07,1781202819,43:39.2,light
Josh,6/8/2026 9:42,5/30/2026,5/31/2026 4:08,1781202819,43:39.4,light
Josh,6/8/2026 9:42,5/30/2026,5/31/2026 4:09,1781202819,43:39.6,light
Josh,6/8/2026 9:42,5/30/2026,5/31/2026 4:10,1781202819,43:39.7,light
Josh,6/8/2026 9:42,5/30/2026,5/31/2026 4:11,1781202819,43:39.9,deep
Josh,6/8/2026 9:42,5/30/2026,5/31/2026 4:12,1781202819,43:40.3,deep
Josh,6/8/2026 9:42,5/30/2026,5/31/2026 4:13,1781202819,43:40.2,deep
Josh,6/8/2026 9:42,5/30/2026,5/31/2026 4:14,1781202819,43:40.3,deep
Josh,6/8/2026 9:42,5/30/2026,5/31/2026 4:15,1781202819,43:40.5,deep
Josh,6/8/2026 9:42,5/30/2026,5/31/2026 4:16,1781202819,43:40.7,deep
Josh,6/8/2026 9:42,5/30/2026,5/31/2026 4:17,1781202819,43:40.8,deep
Josh,6/8/2026 9:42,5/30/2026,5/31/2026 4:18,1781202819,43:41.0,deep
Josh,6/8/2026 9:42,5/30/2026,5/31/2026 4:19,1781202819,43:41.1,deep
Josh,6/8/2026 9:42,5/30/2026,5/31/2026 4:20,1781202819,43:41.3,deep
Josh,6/8/2026 9:42,5/30/2026,5/31/2026 4:21,1781202819,43:41.4,deep
Josh,6/8/2026 9:42,5/30/2026,5/31/2026 4:22,1781202819,43:41.6,deep
Josh,6/8/2026 9:42,5/30/2026,5/31/2026 4:23,1781202819,43:41.8,deep
Josh,6/8/2026 9:42,5/30/2026,5/31/2026 4:24,1781202819,43:41.9,deep
Josh,6/8/2026 9:42,5/30/2026,5/31/2026 4:25,1781202819,43:42.7,deep
Josh,6/8/2026 9:42,5/30/2026,5/31/2026 4:26,1781202819,43:42.2,deep
Josh,6/8/2026 9:42,5/30/2026,5/31/2026 4:27,1781202819,43:42.4,deep
Josh,6/8/2026 9:42,5/30/2026,5/31/2026 4:28,1781202819,43:42.5,deep
Josh,6/8/2026 9:42,5/30/2026,5/31/2026 4:29,1781202819,43:42.7,deep
Josh,6/8/2026 9:42,5/30/2026,5/31/2026 4:30,1781202819,43:42.9,light
Josh,6/8/2026 9:42,5/30/2026,5/31/2026 4:31,1781202819,43:43.1,light
Josh,6/8/2026 9:42,5/30/2026,5/31/2026 4:32,1781202819,43:43.2,light
Josh,6/8/2026 9:42,5/30/2026,5/31/2026 4:33,1781202819,43:43.3,light
Josh,6/8/2026 9:42,5/30/2026,5/31/2026 4:34,1781202819,43:43.5,light
Josh,6/8/2026 9:42,5/30/2026,5/31/2026 4:35,1781202819,43:43.6,light
Josh,6/8/2026 9:42,5/30/2026,5/31/2026 4:36,1781202819,43:43.8,light
Josh,6/8/2026 9:42,5/30/2026,5/31/2026 4:37,1781202819,43:44.0,light
Josh,6/8/2026 9:42,5/30/2026,5/31/2026 4:38,1781202819,43:44.1,light
Josh,6/8/2026 9:42,5/30/2026,5/31/2026 4:39,1781202819,43:44.3,rem
Josh,6/8/2026 9:42,5/30/2026,5/31/2026 4:40,1781202819,43:44.4,rem
Josh,6/8/2026 9:42,5/30/2026,5/31/2026 4:41,1781202819,43:44.6,rem
Josh,6/8/2026 9:42,5/30/2026,5/31/2026 4:42,1781202819,43:44.7,rem
Josh,6/8/2026 9:42,5/30/2026,5/31/2026 4:43,1781202819,43:44.9,rem
Josh,6/8/2026 9:42,5/30/2026,5/31/2026 4:44,1781202819,43:45.6,rem
Josh,6/8/2026 9:42,5/30/2026,5/31/2026 4:45,1781202819,43:45.2,rem
Josh,6/8/2026 9:42,5/30/2026,5/31/2026 4:46,1781202819,43:45.4,rem
Josh,6/8/2026 9:42,5/30/2026,5/31/2026 4:47,1781202819,43:45.5,rem
Josh,6/8/2026 9:42,5/30/2026,5/31/2026 4:48,1781202819,43:45.7,rem
Josh,6/8/2026 9:42,5/30/2026,5/31/2026 4:49,1781202819,43:45.8,rem
Josh,6/8/2026 9:42,5/30/2026,5/31/2026 4:50,1781202819,43:46.0,rem
Josh,6/8/2026 9:42,5/30/2026,5/31/2026 4:51,1781202819,43:46.2,rem
Josh,6/8/2026 9:42,5/30/2026,5/31/2026 4:52,1781202819,43:46.3,rem
Josh,6/8/2026 9:42,5/30/2026,5/31/2026 4:53,1781202819,43:46.5,rem
Josh,6/8/2026 9:42,5/30/2026,5/31/2026 4:54,1781202819,43:46.6,rem
Josh,6/8/2026 9:42,5/30/2026,5/31/2026 4:55,1781202819,43:46.8,rem
Josh,6/8/2026 9:42,5/30/2026,5/31/2026 4:56,1781202819,43:46.9,rem
Josh,6/8/2026 9:42,5/30/2026,5/31/2026 4:57,1781202819,43:48.0,rem
Josh,6/8/2026 9:42,5/30/2026,5/31/2026 4:58,1781202819,43:47.3,rem
Josh,6/8/2026 9:42,5/30/2026,5/31/2026 4:59,1781202819,43:47.4,rem
Josh,6/8/2026 9:42,5/30/2026,5/31/2026 5:00,1781202819,43:47.6,rem
Josh,6/8/2026 9:42,5/30/2026,5/31/2026 5:01,1781202819,43:47.7,rem
Josh,6/8/2026 9:42,5/30/2026,5/31/2026 5:02,1781202819,43:47.9,light
Josh,6/8/2026 9:42,5/30/2026,5/31/2026 5:03,1781202819,43:48.4,light
Josh,6/8/2026 9:42,5/30/2026,5/31/2026 5:04,1781202819,43:48.2,light
Josh,6/8/2026 9:42,5/30/2026,5/31/2026 5:05,1781202819,43:48.4,light
Josh,6/8/2026 9:42,5/30/2026,5/31/2026 5:06,1781202819,43:48.5,light
Josh,6/8/2026 9:42,5/30/2026,5/31/2026 5:07,1781202819,43:48.7,light
Josh,6/8/2026 9:42,5/30/2026,5/31/2026 5:08,1781202819,43:48.8,light
Josh,6/8/2026 9:42,5/30/2026,5/31/2026 5:09,1781202819,43:49.0,light
Josh,6/8/2026 9:42,5/30/2026,5/31/2026 5:10,1781202819,43:49.1,light
Josh,6/8/2026 9:42,5/30/2026,5/31/2026 5:11,1781202819,43:49.3,light
Josh,6/8/2026 9:42,5/30/2026,5/31/2026 5:12,1781202819,43:49.5,light
Josh,6/8/2026 9:42,5/30/2026,5/31/2026 5:13,1781202819,43:49.6,light
Josh,6/8/2026 9:42,5/30/2026,5/31/2026 5:14,1781202819,43:49.8,light
Josh,6/8/2026 9:42,5/30/2026,5/31/2026 5:15,1781202819,43:49.9,light
Josh,6/8/2026 9:42,5/30/2026,5/31/2026 5:16,1781202819,43:50.8,light
Josh,6/8/2026 9:42,5/30/2026,5/31/2026 5:17,1781202819,43:50.2,light
Josh,6/8/2026 9:42,5/30/2026,5/31/2026 5:18,1781202819,43:50.4,light
Josh,6/8/2026 9:42,5/30/2026,5/31/2026 5:19,1781202819,43:50.6,light
Josh,6/8/2026 9:42,5/30/2026,5/31/2026 5:20,1781202819,43:50.7,light
Josh,6/8/2026 9:42,5/30/2026,5/31/2026 5:21,1781202819,43:50.9,deep
Josh,6/8/2026 9:42,5/30/2026,5/31/2026 5:22,1781202819,43:51.2,deep
Josh,6/8/2026 9:42,5/30/2026,5/31/2026 5:23,1781202819,43:51.2,deep
Josh,6/8/2026 9:42,5/30/2026,5/31/2026 5:24,1781202819,43:51.3,deep
Josh,6/8/2026 9:42,5/30/2026,5/31/2026 5:25,1781202819,43:51.5,deep
Josh,6/8/2026 9:42,5/30/2026,5/31/2026 5:26,1781202819,43:51.7,deep
Josh,6/8/2026 9:42,5/30/2026,5/31/2026 5:27,1781202819,43:51.8,deep
Josh,6/8/2026 9:42,5/30/2026,5/31/2026 5:28,1781202819,43:52.0,deep
Josh,6/8/2026 9:42,5/30/2026,5/31/2026 5:29,1781202819,43:52.1,deep
Josh,6/8/2026 9:42,5/30/2026,5/31/2026 5:30,1781202819,43:52.3,deep
Josh,6/8/2026 9:42,5/30/2026,5/31/2026 5:31,1781202819,43:52.4,deep
Josh,6/8/2026 9:42,5/30/2026,5/31/2026 5:32,1781202819,43:52.6,light
Josh,6/8/2026 9:42,5/30/2026,5/31/2026 5:33,1781202819,43:52.8,light
Josh,6/8/2026 9:42,5/30/2026,5/31/2026 5:34,1781202819,43:52.9,light
Josh,6/8/2026 9:42,5/30/2026,5/31/2026 5:35,1781202819,43:53.7,light
Josh,6/8/2026 9:42,5/30/2026,5/31/2026 5:36,1781202819,43:53.2,light
Josh,6/8/2026 9:42,5/30/2026,5/31/2026 5:37,1781202819,43:53.4,rem
Josh,6/8/2026 9:42,5/30/2026,5/31/2026 5:38,1781202819,43:53.5,rem
Josh,6/8/2026 9:42,5/30/2026,5/31/2026 5:39,1781202819,43:53.7,rem
Josh,6/8/2026 9:42,5/30/2026,5/31/2026 5:40,1781202819,43:53.9,rem
Josh,6/8/2026 9:42,5/30/2026,5/31/2026 5:41,1781202819,43:54.8,rem
Josh,6/8/2026 9:42,5/30/2026,5/31/2026 5:42,1781202819,43:54.2,rem
Josh,6/8/2026 9:42,5/30/2026,5/31/2026 5:43,1781202819,43:54.3,rem
Josh,6/8/2026 9:42,5/30/2026,5/31/2026 5:44,1781202819,43:54.5,rem
Josh,6/8/2026 9:42,5/30/2026,5/31/2026 5:45,1781202819,43:54.6,rem
Josh,6/8/2026 9:42,5/30/2026,5/31/2026 5:46,1781202819,43:54.8,rem
Josh,6/8/2026 9:42,5/30/2026,5/31/2026 5:47,1781202819,43:55.0,rem
Josh,6/8/2026 9:42,5/30/2026,5/31/2026 5:48,1781202819,43:55.1,rem
Josh,6/8/2026 9:42,5/30/2026,5/31/2026 5:49,1781202819,43:55.3,rem
Josh,6/8/2026 9:42,5/30/2026,5/31/2026 5:50,1781202819,43:55.4,rem
Josh,6/8/2026 9:42,5/30/2026,5/31/2026 5:51,1781202819,43:55.6,rem
Josh,6/8/2026 9:42,5/30/2026,5/31/2026 5:52,1781202819,43:55.7,rem
Josh,6/8/2026 9:42,5/30/2026,5/31/2026 5:53,1781202819,43:55.9,rem
Josh,6/8/2026 9:42,5/30/2026,5/31/2026 5:54,1781202819,43:56.5,rem
Josh,6/8/2026 9:42,5/30/2026,5/31/2026 5:55,1781202819,43:56.2,rem
Josh,6/8/2026 9:42,5/30/2026,5/31/2026 5:56,1781202819,43:56.4,rem
Josh,6/8/2026 9:42,5/30/2026,5/31/2026 5:57,1781202819,43:56.5,rem
Josh,6/8/2026 9:42,5/30/2026,5/31/2026 5:58,1781202819,43:56.7,light
Josh,6/8/2026 9:42,5/30/2026,5/31/2026 5:59,1781202819,43:56.8,light
Josh,6/8/2026 9:42,5/30/2026,5/31/2026 6:00,1781202819,43:57.0,light
Josh,6/8/2026 9:42,5/30/2026,5/31/2026 6:01,1781202819,43:57.1,light
Josh,6/8/2026 9:42,5/30/2026,5/31/2026 6:02,1781202819,43:57.3,light
Josh,6/8/2026 9:42,5/30/2026,5/31/2026 6:03,1781202819,43:57.5,light
Josh,6/8/2026 9:42,5/30/2026,5/31/2026 6:04,1781202819,43:57.6,light
Josh,6/8/2026 9:42,5/30/2026,5/31/2026 6:05,1781202819,43:57.8,light
Josh,6/8/2026 9:42,5/30/2026,5/31/2026 6:06,1781202819,43:57.9,light
Josh,6/8/2026 9:42,5/30/2026,5/31/2026 6:07,1781202819,43:58.9,light
Josh,6/8/2026 9:42,5/30/2026,5/31/2026 6:08,1781202819,43:58.2,light
Josh,6/8/2026 9:42,5/30/2026,5/31/2026 6:09,1781202819,43:58.4,light
Josh,6/8/2026 9:42,5/30/2026,5/31/2026 6:10,1781202819,43:58.6,light
Josh,6/8/2026 9:42,5/30/2026,5/31/2026 6:11,1781202819,43:58.7,light
Josh,6/8/2026 9:42,5/30/2026,5/31/2026 6:12,1781202819,43:58.9,light
Josh,6/8/2026 9:42,5/30/2026,5/31/2026 6:13,1781202819,43:59.3,deep
Josh,6/8/2026 9:42,5/30/2026,5/31/2026 6:14,1781202819,43:59.2,deep
Josh,6/8/2026 9:42,5/30/2026,5/31/2026 6:15,1781202819,43:59.3,deep
Josh,6/8/2026 9:42,5/30/2026,5/31/2026 6:16,1781202819,43:59.5,deep
Josh,6/8/2026 9:42,5/30/2026,5/31/2026 6:17,1781202819,43:59.7,deep
Josh,6/8/2026 9:42,5/30/2026,5/31/2026 6:18,1781202819,43:59.8,deep
Josh,6/8/2026 9:42,5/30/2026,5/31/2026 6:19,1781202819,44:00.0,light
Josh,6/8/2026 9:42,5/30/2026,5/31/2026 6:20,1781202819,44:00.1,light
Josh,6/8/2026 9:42,5/30/2026,5/31/2026 6:21,1781202819,44:00.3,light
Josh,6/8/2026 9:42,5/30/2026,5/31/2026 6:22,1781202819,44:00.4,light
Josh,6/8/2026 9:42,5/30/2026,5/31/2026 6:23,1781202819,44:00.6,light
Josh,6/8/2026 9:42,5/30/2026,5/31/2026 6:24,1781202819,44:00.8,light
Josh,6/8/2026 9:42,5/30/2026,5/31/2026 6:25,1781202819,44:00.9,light
Josh,6/8/2026 9:42,5/30/2026,5/31/2026 6:26,1781202819,44:01.8,rem
Josh,6/8/2026 9:42,5/30/2026,5/31/2026 6:27,1781202819,44:01.2,rem
Josh,6/8/2026 9:42,5/30/2026,5/31/2026 6:28,1781202819,44:01.4,rem
Josh,6/8/2026 9:42,5/30/2026,5/31/2026 6:29,1781202819,44:01.5,rem
Josh,6/8/2026 9:42,5/30/2026,5/31/2026 6:30,1781202819,44:01.7,rem
Josh,6/8/2026 9:42,5/30/2026,5/31/2026 6:31,1781202819,44:01.9,rem
Josh,6/8/2026 9:42,5/30/2026,5/31/2026 6:32,1781202819,44:02.2,rem
Josh,6/8/2026 9:42,5/30/2026,5/31/2026 6:33,1781202819,44:02.2,rem
Josh,6/8/2026 9:42,5/30/2026,5/31/2026 6:34,1781202819,44:02.3,rem
Josh,6/8/2026 9:42,5/30/2026,5/31/2026 6:35,1781202819,44:02.5,rem
Josh,6/8/2026 9:42,5/30/2026,5/31/2026 6:36,1781202819,44:02.6,rem
Josh,6/8/2026 9:42,5/30/2026,5/31/2026 6:37,1781202819,44:02.8,rem
Josh,6/8/2026 9:42,5/30/2026,5/31/2026 6:38,1781202819,44:03.0,rem
Josh,6/8/2026 9:42,5/30/2026,5/31/2026 6:39,1781202819,44:03.1,rem
Josh,6/8/2026 9:42,5/30/2026,5/31/2026 6:40,1781202819,44:03.3,rem
Josh,6/8/2026 9:42,5/30/2026,5/31/2026 6:41,1781202819,44:03.4,rem
Josh,6/8/2026 9:42,5/30/2026,5/31/2026 6:42,1781202819,44:03.6,rem
Josh,6/8/2026 9:42,5/30/2026,5/31/2026 6:43,1781202819,44:03.7,rem
Josh,6/8/2026 9:42,5/30/2026,5/31/2026 6:44,1781202819,44:03.9,rem
Josh,6/8/2026 9:42,5/30/2026,5/31/2026 6:45,1781202819,44:04.6,rem
Josh,6/8/2026 9:42,5/30/2026,5/31/2026 6:46,1781202819,44:04.2,rem
Josh,6/8/2026 9:42,5/30/2026,5/31/2026 6:47,1781202819,44:04.4,rem
Josh,6/8/2026 9:42,5/30/2026,5/31/2026 6:48,1781202819,44:04.5,rem
Josh,6/8/2026 9:42,5/30/2026,5/31/2026 6:49,1781202819,44:04.7,rem
Josh,6/8/2026 9:42,5/30/2026,5/31/2026 6:50,1781202819,44:04.8,rem
Josh,6/8/2026 9:42,5/30/2026,5/31/2026 6:51,1781202819,44:05.2,rem
Josh,6/8/2026 9:42,5/30/2026,5/31/2026 6:52,1781202819,44:05.2,rem
Josh,6/8/2026 9:42,5/30/2026,5/31/2026 6:53,1781202819,44:05.3,rem
Josh,6/8/2026 9:42,5/30/2026,5/31/2026 6:54,1781202819,44:05.5,rem
Josh,6/8/2026 9:42,5/30/2026,5/31/2026 6:55,1781202819,44:05.6,light
Josh,6/8/2026 9:42,5/30/2026,5/31/2026 6:56,1781202819,44:05.8,light
Josh,6/8/2026 9:42,5/30/2026,5/31/2026 6:57,1781202819,44:05.9,light
Josh,6/8/2026 9:42,5/30/2026,5/31/2026 6:58,1781202819,44:06.1,light
Josh,6/8/2026 9:42,5/30/2026,5/31/2026 6:59,1781202819,44:06.3,light
Josh,6/8/2026 9:42,5/30/2026,5/31/2026 7:00,1781202819,44:06.4,light
Josh,6/8/2026 9:42,5/30/2026,5/31/2026 7:01,1781202819,44:06.6,light
Josh,6/8/2026 9:42,5/30/2026,5/31/2026 7:02,1781202819,44:06.7,light
Josh,6/8/2026 9:42,5/30/2026,5/31/2026 7:03,1781202819,44:06.9,light
Josh,6/8/2026 9:42,5/30/2026,5/31/2026 7:04,1781202819,44:07.4,light
Josh,6/8/2026 9:42,5/30/2026,5/31/2026 7:05,1781202819,44:07.2,light
Josh,6/8/2026 9:42,5/30/2026,5/31/2026 7:06,1781202819,44:07.4,light
Josh,6/8/2026 9:42,5/30/2026,5/31/2026 7:07,1781202819,44:07.5,light
Josh,6/8/2026 9:42,5/30/2026,5/31/2026 7:08,1781202819,44:07.7,light
Josh,6/8/2026 9:42,5/30/2026,5/31/2026 7:09,1781202819,44:07.8,light
Josh,6/8/2026 9:42,5/30/2026,5/31/2026 7:10,1781202819,44:08.0,light
Josh,6/8/2026 9:42,5/30/2026,5/31/2026 7:11,1781202819,44:08.1,light
Josh,6/8/2026 9:42,5/30/2026,5/31/2026 7:12,1781202819,44:08.3,deep
Josh,6/8/2026 9:42,5/30/2026,5/31/2026 7:13,1781202819,44:08.5,deep
Josh,6/8/2026 9:42,5/30/2026,5/31/2026 7:14,1781202819,44:08.6,deep
Josh,6/8/2026 9:42,5/30/2026,5/31/2026 7:15,1781202819,44:08.8,deep
Josh,6/8/2026 9:42,5/30/2026,5/31/2026 7:16,1781202819,44:08.9,deep
Josh,6/8/2026 9:42,5/30/2026,5/31/2026 7:17,1781202819,44:09.8,deep
Josh,6/8/2026 9:42,5/30/2026,5/31/2026 7:18,1781202819,44:09.2,light
Josh,6/8/2026 9:42,5/30/2026,5/31/2026 7:19,1781202819,44:09.4,light
Josh,6/8/2026 9:42,5/30/2026,5/31/2026 7:20,1781202819,44:09.6,light
Josh,6/8/2026 9:42,5/30/2026,5/31/2026 7:21,1781202819,44:09.7,light
Josh,6/8/2026 9:42,5/30/2026,5/31/2026 7:22,1781202819,44:09.9,light
Josh,6/8/2026 9:42,5/30/2026,5/31/2026 7:23,1781202819,44:10.3,light
Josh,6/8/2026 9:42,5/30/2026,5/31/2026 7:24,1781202819,44:10.2,rem
Josh,6/8/2026 9:42,5/30/2026,5/31/2026 7:25,1781202819,44:10.3,rem
Josh,6/8/2026 9:42,5/30/2026,5/31/2026 7:26,1781202819,44:10.5,rem
Josh,6/8/2026 9:42,5/30/2026,5/31/2026 7:27,1781202819,44:10.7,rem
Josh,6/8/2026 9:42,5/30/2026,5/31/2026 7:28,1781202819,44:10.8,rem
Josh,6/8/2026 9:42,5/30/2026,5/31/2026 7:29,1781202819,44:11.0,rem
Josh,6/8/2026 9:42,5/30/2026,5/31/2026 7:30,1781202819,44:11.1,rem
Josh,6/8/2026 9:42,5/30/2026,5/31/2026 7:31,1781202819,44:11.3,rem
Josh,6/8/2026 9:42,5/30/2026,5/31/2026 7:32,1781202819,44:11.4,rem
Josh,6/8/2026 9:42,5/30/2026,5/31/2026 7:33,1781202819,44:11.6,rem
Josh,6/8/2026 9:42,5/30/2026,5/31/2026 7:34,1781202819,44:11.8,rem
Josh,6/8/2026 9:42,5/30/2026,5/31/2026 7:35,1781202819,44:11.9,rem
Josh,6/8/2026 9:42,5/30/2026,5/31/2026 7:36,1781202819,44:12.7,rem
Josh,6/8/2026 9:42,5/30/2026,5/31/2026 7:37,1781202819,44:12.2,rem
Josh,6/8/2026 9:42,5/30/2026,5/31/2026 7:38,1781202819,44:12.4,rem
Josh,6/8/2026 9:42,5/30/2026,5/31/2026 7:39,1781202819,44:12.5,rem
Josh,6/8/2026 9:42,5/30/2026,5/31/2026 7:40,1781202819,44:12.7,rem
Josh,6/8/2026 9:42,5/30/2026,5/31/2026 7:41,1781202819,44:12.9,rem
Josh,6/8/2026 9:42,5/30/2026,5/31/2026 7:42,1781202819,44:13.1,rem
Josh,6/8/2026 9:42,5/30/2026,5/31/2026 7:43,1781202819,44:13.2,rem
Josh,6/8/2026 9:42,5/30/2026,5/31/2026 7:44,1781202819,44:13.3,rem
Josh,6/8/2026 9:42,5/30/2026,5/31/2026 7:45,1781202819,44:13.5,rem
Josh,6/8/2026 9:42,5/30/2026,5/31/2026 7:46,1781202819,44:13.6,rem
Josh,6/8/2026 9:42,5/30/2026,5/31/2026 7:47,1781202819,44:13.8,rem
Josh,6/8/2026 9:42,5/30/2026,5/31/2026 7:48,1781202819,44:14.0,rem
Josh,6/8/2026 9:42,5/30/2026,5/31/2026 7:49,1781202819,44:14.1,rem
Josh,6/8/2026 9:42,5/30/2026,5/31/2026 7:50,1781202819,44:14.3,rem
Josh,6/8/2026 9:42,5/30/2026,5/31/2026 7:51,1781202819,44:14.4,rem
Josh,6/8/2026 9:42,5/30/2026,5/31/2026 7:52,1781202819,44:14.6,rem
Josh,6/8/2026 9:42,5/30/2026,5/31/2026 7:53,1781202819,44:14.7,rem
Josh,6/8/2026 9:42,5/30/2026,5/31/2026 7:54,1781202819,44:14.9,light
Josh,6/8/2026 9:42,5/30/2026,5/31/2026 7:55,1781202819,44:15.5,light
Josh,6/8/2026 9:42,5/30/2026,5/31/2026 7:56,1781202819,44:15.2,light
Josh,6/8/2026 9:42,5/30/2026,5/31/2026 7:57,1781202819,44:15.4,light
Josh,6/8/2026 9:42,5/30/2026,5/31/2026 7:58,1781202819,44:15.5,light
Josh,6/8/2026 9:42,5/30/2026,5/31/2026 7:59,1781202819,44:15.7,light
Josh,6/8/2026 9:42,5/30/2026,5/31/2026 8:00,1781202819,44:15.8,light
Josh,6/8/2026 9:42,5/30/2026,5/31/2026 8:01,1781202819,44:16.0,light
Josh,6/8/2026 9:42,5/30/2026,5/31/2026 8:02,1781202819,44:16.2,light
Josh,6/8/2026 9:42,5/30/2026,5/31/2026 8:03,1781202819,44:16.3,light
Josh,6/8/2026 9:42,5/30/2026,5/31/2026 8:04,1781202819,44:16.5,light
Josh,6/8/2026 9:42,5/30/2026,5/31/2026 8:05,1781202819,44:16.6,light
Josh,6/8/2026 9:42,5/30/2026,5/31/2026 8:06,1781202819,44:16.8,light
Josh,6/8/2026 9:42,5/30/2026,5/31/2026 8:07,1781202819,44:16.9,light
Josh,6/8/2026 9:42,5/30/2026,5/31/2026 8:08,1781202819,44:17.9,light
Josh,6/8/2026 9:42,5/30/2026,5/31/2026 8:09,1781202819,44:17.3,light
Josh,6/8/2026 9:42,5/30/2026,5/31/2026 8:10,1781202819,44:17.4,light
Josh,6/8/2026 9:42,5/30/2026,5/31/2026 8:11,1781202819,44:17.6,light
Josh,6/8/2026 9:42,5/30/2026,5/31/2026 8:12,1781202819,44:17.7,light
Josh,6/8/2026 9:42,5/30/2026,5/31/2026 8:13,1781202819,44:17.9,deep
Josh,6/8/2026 9:42,5/30/2026,5/31/2026 8:14,1781202819,44:18.4,deep
Josh,6/8/2026 9:42,5/30/2026,5/31/2026 8:15,1781202819,44:18.2,deep
Josh,6/8/2026 9:43,5/31/2026,5/31/2026 23:20,1781203873,6/8/2026 9:43,light
Josh,6/8/2026 9:43,5/31/2026,5/31/2026 23:21,1781203873,43:22.2,light
Josh,6/8/2026 9:43,5/31/2026,5/31/2026 23:22,1781203873,43:22.3,light
Josh,6/8/2026 9:43,5/31/2026,5/31/2026 23:23,1781203873,43:22.5,light
Josh,6/8/2026 9:43,5/31/2026,5/31/2026 23:24,1781203873,43:22.7,light
Josh,6/8/2026 9:43,5/31/2026,5/31/2026 23:25,1781203873,43:22.8,light
Josh,6/8/2026 9:43,5/31/2026,5/31/2026 23:26,1781203873,43:23.2,light
Josh,6/8/2026 9:43,5/31/2026,5/31/2026 23:27,1781203873,43:23.2,light
Josh,6/8/2026 9:43,5/31/2026,5/31/2026 23:28,1781203873,43:23.4,light
Josh,6/8/2026 9:43,5/31/2026,5/31/2026 23:29,1781203873,43:23.5,light
Josh,6/8/2026 9:43,5/31/2026,5/31/2026 23:30,1781203873,43:23.7,light
Josh,6/8/2026 9:43,5/31/2026,5/31/2026 23:31,1781203873,43:23.9,light
Josh,6/8/2026 9:43,5/31/2026,5/31/2026 23:32,1781203873,43:24.3,light
Josh,6/8/2026 9:43,5/31/2026,5/31/2026 23:33,1781203873,43:24.2,light
Josh,6/8/2026 9:43,5/31/2026,5/31/2026 23:34,1781203873,43:24.4,light
Josh,6/8/2026 9:43,5/31/2026,5/31/2026 23:35,1781203873,43:24.5,light
Josh,6/8/2026 9:43,5/31/2026,5/31/2026 23:36,1781203873,43:24.7,light
Josh,6/8/2026 9:43,5/31/2026,5/31/2026 23:37,1781203873,43:24.9,light
Josh,6/8/2026 9:43,5/31/2026,5/31/2026 23:38,1781203873,43:25.5,light
Josh,6/8/2026 9:43,5/31/2026,5/31/2026 23:39,1781203873,43:25.2,light
Josh,6/8/2026 9:43,5/31/2026,5/31/2026 23:40,1781203873,43:25.4,light
Josh,6/8/2026 9:43,5/31/2026,5/31/2026 23:41,1781203873,43:25.6,light
Josh,6/8/2026 9:43,5/31/2026,5/31/2026 23:42,1781203873,43:25.7,light
Josh,6/8/2026 9:43,5/31/2026,5/31/2026 23:43,1781203873,43:25.9,light
Josh,6/8/2026 9:43,5/31/2026,5/31/2026 23:44,1781203873,43:26.7,light
Josh,6/8/2026 9:43,5/31/2026,5/31/2026 23:45,1781203873,43:26.2,deep
Josh,6/8/2026 9:43,5/31/2026,5/31/2026 23:46,1781203873,43:26.4,deep
Josh,6/8/2026 9:43,5/31/2026,5/31/2026 23:47,1781203873,43:26.6,deep
Josh,6/8/2026 9:43,5/31/2026,5/31/2026 23:48,1781203873,43:26.7,deep
Josh,6/8/2026 9:43,5/31/2026,5/31/2026 23:49,1781203873,43:26.9,deep
Josh,6/8/2026 9:43,5/31/2026,5/31/2026 23:50,1781203873,43:27.8,deep
Josh,6/8/2026 9:43,5/31/2026,5/31/2026 23:51,1781203873,43:27.3,deep
Josh,6/8/2026 9:43,5/31/2026,5/31/2026 23:52,1781203873,43:27.4,deep
Josh,6/8/2026 9:43,5/31/2026,5/31/2026 23:53,1781203873,43:27.6,deep
Josh,6/8/2026 9:43,5/31/2026,5/31/2026 23:54,1781203873,43:27.8,deep
Josh,6/8/2026 9:43,5/31/2026,5/31/2026 23:55,1781203873,43:27.9,deep
Josh,6/8/2026 9:43,5/31/2026,5/31/2026 23:56,1781203873,43:28.1,deep
Josh,6/8/2026 9:43,5/31/2026,5/31/2026 23:57,1781203873,43:28.3,deep
Josh,6/8/2026 9:43,5/31/2026,5/31/2026 23:58,1781203873,43:28.4,deep
Josh,6/8/2026 9:43,5/31/2026,5/31/2026 23:59,1781203873,43:28.6,deep
Josh,6/8/2026 9:43,5/31/2026,6/1/2026 0:00,1781203873,43:28.8,deep
Josh,6/8/2026 9:43,5/31/2026,6/1/2026 0:01,1781203873,43:28.9,deep
Josh,6/8/2026 9:43,5/31/2026,6/1/2026 0:02,1781203873,43:29.1,deep
Josh,6/8/2026 9:43,5/31/2026,6/1/2026 0:03,1781203873,43:29.3,deep
Josh,6/8/2026 9:43,5/31/2026,6/1/2026 0:04,1781203873,43:29.5,deep
Josh,6/8/2026 9:43,5/31/2026,6/1/2026 0:05,1781203873,43:29.6,deep
Josh,6/8/2026 9:43,5/31/2026,6/1/2026 0:06,1781203873,43:29.8,deep
Josh,6/8/2026 9:43,5/31/2026,6/1/2026 0:07,1781203873,43:30.0,deep
Josh,6/8/2026 9:43,5/31/2026,6/1/2026 0:08,1781203873,43:30.1,deep
Josh,6/8/2026 9:43,5/31/2026,6/1/2026 0:09,1781203873,43:30.3,deep
Josh,6/8/2026 9:43,5/31/2026,6/1/2026 0:10,1781203873,43:30.5,light
Josh,6/8/2026 9:43,5/31/2026,6/1/2026 0:11,1781203873,43:30.6,light
Josh,6/8/2026 9:43,5/31/2026,6/1/2026 0:12,1781203873,43:30.8,light
Josh,6/8/2026 9:43,5/31/2026,6/1/2026 0:13,1781203873,43:31.0,light
Josh,6/8/2026 9:43,5/31/2026,6/1/2026 0:14,1781203873,43:31.1,light
Josh,6/8/2026 9:43,5/31/2026,6/1/2026 0:15,1781203873,43:31.3,light
Josh,6/8/2026 9:43,5/31/2026,6/1/2026 0:16,1781203873,43:31.5,light
Josh,6/8/2026 9:43,5/31/2026,6/1/2026 0:17,1781203873,43:31.7,rem
Josh,6/8/2026 9:43,5/31/2026,6/1/2026 0:18,1781203873,43:31.8,rem
Josh,6/8/2026 9:43,5/31/2026,6/1/2026 0:19,1781203873,43:32.0,rem
Josh,6/8/2026 9:43,5/31/2026,6/1/2026 0:20,1781203873,43:32.2,rem
Josh,6/8/2026 9:43,5/31/2026,6/1/2026 0:21,1781203873,43:32.3,rem
Josh,6/8/2026 9:43,5/31/2026,6/1/2026 0:22,1781203873,43:32.5,rem
Josh,6/8/2026 9:43,5/31/2026,6/1/2026 0:23,1781203873,43:32.7,rem
Josh,6/8/2026 9:43,5/31/2026,6/1/2026 0:24,1781203873,43:32.8,rem
Josh,6/8/2026 9:43,5/31/2026,6/1/2026 0:25,1781203873,43:33.1,rem
Josh,6/8/2026 9:43,5/31/2026,6/1/2026 0:26,1781203873,43:33.2,rem
Josh,6/8/2026 9:43,5/31/2026,6/1/2026 0:27,1781203873,43:33.4,rem
Josh,6/8/2026 9:43,5/31/2026,6/1/2026 0:28,1781203873,43:33.5,light
Josh,6/8/2026 9:43,5/31/2026,6/1/2026 0:29,1781203873,43:33.7,light
Josh,6/8/2026 9:43,5/31/2026,6/1/2026 0:30,1781203873,43:33.9,light
Josh,6/8/2026 9:43,5/31/2026,6/1/2026 0:31,1781203873,43:34.3,light
Josh,6/8/2026 9:43,5/31/2026,6/1/2026 0:32,1781203873,43:34.2,light
Josh,6/8/2026 9:43,5/31/2026,6/1/2026 0:33,1781203873,43:34.4,light
Josh,6/8/2026 9:43,5/31/2026,6/1/2026 0:34,1781203873,43:34.5,light
Josh,6/8/2026 9:43,5/31/2026,6/1/2026 0:35,1781203873,43:34.7,light
Josh,6/8/2026 9:43,5/31/2026,6/1/2026 0:36,1781203873,43:34.9,light
Josh,6/8/2026 9:43,5/31/2026,6/1/2026 0:37,1781203873,43:35.5,light
Josh,6/8/2026 9:43,5/31/2026,6/1/2026 0:38,1781203873,43:35.2,light
Josh,6/8/2026 9:43,5/31/2026,6/1/2026 0:39,1781203873,43:35.4,light
Josh,6/8/2026 9:43,5/31/2026,6/1/2026 0:40,1781203873,43:35.6,light
Josh,6/8/2026 9:43,5/31/2026,6/1/2026 0:41,1781203873,43:35.7,light
Josh,6/8/2026 9:43,5/31/2026,6/1/2026 0:42,1781203873,43:35.9,light
Josh,6/8/2026 9:43,5/31/2026,6/1/2026 0:43,1781203873,43:36.6,light
Josh,6/8/2026 9:43,5/31/2026,6/1/2026 0:44,1781203873,43:36.2,light
Josh,6/8/2026 9:43,5/31/2026,6/1/2026 0:45,1781203873,43:36.4,light
Josh,6/8/2026 9:43,5/31/2026,6/1/2026 0:46,1781203873,43:36.6,light
Josh,6/8/2026 9:43,5/31/2026,6/1/2026 0:47,1781203873,43:36.7,light
Josh,6/8/2026 9:43,5/31/2026,6/1/2026 0:48,1781203873,43:36.9,light
Josh,6/8/2026 9:43,5/31/2026,6/1/2026 0:49,1781203873,43:37.8,deep
Josh,6/8/2026 9:43,5/31/2026,6/1/2026 0:50,1781203873,43:37.2,deep
Josh,6/8/2026 9:43,5/31/2026,6/1/2026 0:51,1781203873,43:37.4,deep
Josh,6/8/2026 9:43,5/31/2026,6/1/2026 0:52,1781203873,43:37.6,deep
Josh,6/8/2026 9:43,5/31/2026,6/1/2026 0:53,1781203873,43:37.8,deep
Josh,6/8/2026 9:43,5/31/2026,6/1/2026 0:54,1781203873,43:37.9,deep
Josh,6/8/2026 9:43,5/31/2026,6/1/2026 0:55,1781203873,43:39.0,deep
Josh,6/8/2026 9:43,5/31/2026,6/1/2026 0:56,1781203873,43:38.3,deep
Josh,6/8/2026 9:43,5/31/2026,6/1/2026 0:57,1781203873,43:38.4,deep
Josh,6/8/2026 9:43,5/31/2026,6/1/2026 0:58,1781203873,43:38.6,deep
Josh,6/8/2026 9:43,5/31/2026,6/1/2026 0:59,1781203873,43:38.8,deep
Josh,6/8/2026 9:43,5/31/2026,6/1/2026 1:00,1781203873,43:38.9,deep
Josh,6/8/2026 9:43,5/31/2026,6/1/2026 1:01,1781203873,43:39.1,deep
Josh,6/8/2026 9:43,5/31/2026,6/1/2026 1:02,1781203873,43:39.3,deep
Josh,6/8/2026 9:43,5/31/2026,6/1/2026 1:03,1781203873,43:39.5,deep
Josh,6/8/2026 9:43,5/31/2026,6/1/2026 1:04,1781203873,43:39.6,deep
Josh,6/8/2026 9:43,5/31/2026,6/1/2026 1:05,1781203873,43:39.8,deep
Josh,6/8/2026 9:43,5/31/2026,6/1/2026 1:06,1781203873,43:40.0,deep
Josh,6/8/2026 9:43,5/31/2026,6/1/2026 1:07,1781203873,43:40.1,deep
Josh,6/8/2026 9:43,5/31/2026,6/1/2026 1:08,1781203873,43:40.3,deep
Josh,6/8/2026 9:43,5/31/2026,6/1/2026 1:09,1781203873,43:40.5,deep
Josh,6/8/2026 9:43,5/31/2026,6/1/2026 1:10,1781203873,43:40.6,deep
Josh,6/8/2026 9:43,5/31/2026,6/1/2026 1:11,1781203873,43:40.8,deep
Josh,6/8/2026 9:43,5/31/2026,6/1/2026 1:12,1781203873,43:41.0,deep
Josh,6/8/2026 9:43,5/31/2026,6/1/2026 1:13,1781203873,43:41.1,deep
Josh,6/8/2026 9:43,5/31/2026,6/1/2026 1:14,1781203873,43:41.3,deep
Josh,6/8/2026 9:43,5/31/2026,6/1/2026 1:15,1781203873,43:41.5,deep
Josh,6/8/2026 9:43,5/31/2026,6/1/2026 1:16,1781203873,43:41.7,deep
Josh,6/8/2026 9:43,5/31/2026,6/1/2026 1:17,1781203873,43:41.8,deep
Josh,6/8/2026 9:43,5/31/2026,6/1/2026 1:18,1781203873,43:42.0,deep
Josh,6/8/2026 9:43,5/31/2026,6/1/2026 1:19,1781203873,43:42.2,light
Josh,6/8/2026 9:43,5/31/2026,6/1/2026 1:20,1781203873,43:42.3,light
Josh,6/8/2026 9:43,5/31/2026,6/1/2026 1:21,1781203873,43:42.5,light
Josh,6/8/2026 9:43,5/31/2026,6/1/2026 1:22,1781203873,43:42.7,light
Josh,6/8/2026 9:43,5/31/2026,6/1/2026 1:23,1781203873,43:42.8,light
Josh,6/8/2026 9:43,5/31/2026,6/1/2026 1:24,1781203873,43:43.1,light
Josh,6/8/2026 9:43,5/31/2026,6/1/2026 1:25,1781203873,43:43.2,light
Josh,6/8/2026 9:43,5/31/2026,6/1/2026 1:26,1781203873,43:43.3,light
Josh,6/8/2026 9:43,5/31/2026,6/1/2026 1:27,1781203873,43:43.5,light
Josh,6/8/2026 9:43,5/31/2026,6/1/2026 1:28,1781203873,43:43.7,rem
Josh,6/8/2026 9:43,5/31/2026,6/1/2026 1:29,1781203873,43:43.9,rem
Josh,6/8/2026 9:43,5/31/2026,6/1/2026 1:30,1781203873,43:44.3,rem
Josh,6/8/2026 9:43,5/31/2026,6/1/2026 1:31,1781203873,43:44.2,rem
Josh,6/8/2026 9:43,5/31/2026,6/1/2026 1:32,1781203873,43:44.4,rem
Josh,6/8/2026 9:43,5/31/2026,6/1/2026 1:33,1781203873,43:44.5,rem
Josh,6/8/2026 9:43,5/31/2026,6/1/2026 1:34,1781203873,43:44.7,rem
Josh,6/8/2026 9:43,5/31/2026,6/1/2026 1:35,1781203873,43:44.9,rem
Josh,6/8/2026 9:43,5/31/2026,6/1/2026 1:36,1781203873,43:45.4,rem
Josh,6/8/2026 9:43,5/31/2026,6/1/2026 1:37,1781203873,43:45.2,rem
Josh,6/8/2026 9:43,5/31/2026,6/1/2026 1:38,1781203873,43:45.4,rem
Josh,6/8/2026 9:43,5/31/2026,6/1/2026 1:39,1781203873,43:45.6,rem
Josh,6/8/2026 9:43,5/31/2026,6/1/2026 1:40,1781203873,43:45.7,rem
Josh,6/8/2026 9:43,5/31/2026,6/1/2026 1:41,1781203873,43:45.9,light
Josh,6/8/2026 9:43,5/31/2026,6/1/2026 1:42,1781203873,43:46.6,light
Josh,6/8/2026 9:43,5/31/2026,6/1/2026 1:43,1781203873,43:46.2,light
Josh,6/8/2026 9:43,5/31/2026,6/1/2026 1:44,1781203873,43:46.4,light
Josh,6/8/2026 9:43,5/31/2026,6/1/2026 1:45,1781203873,43:46.6,light
Josh,6/8/2026 9:43,5/31/2026,6/1/2026 1:46,1781203873,43:46.7,light
Josh,6/8/2026 9:43,5/31/2026,6/1/2026 1:47,1781203873,43:46.9,light
Josh,6/8/2026 9:43,5/31/2026,6/1/2026 1:48,1781203873,43:47.8,light
Josh,6/8/2026 9:43,5/31/2026,6/1/2026 1:49,1781203873,43:47.2,light
Josh,6/8/2026 9:43,5/31/2026,6/1/2026 1:50,1781203873,43:47.4,light
Josh,6/8/2026 9:43,5/31/2026,6/1/2026 1:51,1781203873,43:47.6,light
Josh,6/8/2026 9:43,5/31/2026,6/1/2026 1:52,1781203873,43:47.8,light
Josh,6/8/2026 9:43,5/31/2026,6/1/2026 1:53,1781203873,43:47.9,light
Josh,6/8/2026 9:43,5/31/2026,6/1/2026 1:54,1781203873,43:48.9,light
Josh,6/8/2026 9:43,5/31/2026,6/1/2026 1:55,1781203873,43:48.3,light
Josh,6/8/2026 9:43,5/31/2026,6/1/2026 1:56,1781203873,43:48.4,light
Josh,6/8/2026 9:43,5/31/2026,6/1/2026 1:57,1781203873,43:48.6,light
Josh,6/8/2026 9:43,5/31/2026,6/1/2026 1:58,1781203873,43:48.8,light
Josh,6/8/2026 9:43,5/31/2026,6/1/2026 1:59,1781203873,43:48.9,light
Josh,6/8/2026 9:43,5/31/2026,6/1/2026 2:00,1781203873,43:49.1,light
Josh,6/8/2026 9:43,5/31/2026,6/1/2026 2:01,1781203873,43:49.3,light
Josh,6/8/2026 9:43,5/31/2026,6/1/2026 2:02,1781203873,43:49.4,light
Josh,6/8/2026 9:43,5/31/2026,6/1/2026 2:03,1781203873,43:49.6,deep
Josh,6/8/2026 9:43,5/31/2026,6/1/2026 2:04,1781203873,43:49.8,deep
Josh,6/8/2026 9:43,5/31/2026,6/1/2026 2:05,1781203873,43:50.0,deep
Josh,6/8/2026 9:43,5/31/2026,6/1/2026 2:06,1781203873,43:50.1,deep
Josh,6/8/2026 9:43,5/31/2026,6/1/2026 2:07,1781203873,43:50.3,deep
Josh,6/8/2026 9:43,5/31/2026,6/1/2026 2:08,1781203873,43:50.5,deep
Josh,6/8/2026 9:43,5/31/2026,6/1/2026 2:09,1781203873,43:50.6,deep
Josh,6/8/2026 9:43,5/31/2026,6/1/2026 2:10,1781203873,43:50.8,deep
Josh,6/8/2026 9:43,5/31/2026,6/1/2026 2:11,1781203873,43:51.0,deep
Josh,6/8/2026 9:43,5/31/2026,6/1/2026 2:12,1781203873,43:51.1,deep
Josh,6/8/2026 9:43,5/31/2026,6/1/2026 2:13,1781203873,43:51.3,deep
Josh,6/8/2026 9:43,5/31/2026,6/1/2026 2:14,1781203873,43:51.5,deep
Josh,6/8/2026 9:43,5/31/2026,6/1/2026 2:15,1781203873,43:51.7,deep
Josh,6/8/2026 9:43,5/31/2026,6/1/2026 2:16,1781203873,43:51.8,deep
Josh,6/8/2026 9:43,5/31/2026,6/1/2026 2:17,1781203873,43:52.0,deep
Josh,6/8/2026 9:43,5/31/2026,6/1/2026 2:18,1781203873,43:52.2,deep
Josh,6/8/2026 9:43,5/31/2026,6/1/2026 2:19,1781203873,43:52.3,deep
Josh,6/8/2026 9:43,5/31/2026,6/1/2026 2:20,1781203873,43:52.5,deep
Josh,6/8/2026 9:43,5/31/2026,6/1/2026 2:21,1781203873,43:52.7,deep
Josh,6/8/2026 9:43,5/31/2026,6/1/2026 2:22,1781203873,43:52.8,deep
Josh,6/8/2026 9:43,5/31/2026,6/1/2026 2:23,1781203873,43:53.9,deep
Josh,6/8/2026 9:43,5/31/2026,6/1/2026 2:24,1781203873,43:53.2,deep
Josh,6/8/2026 9:43,5/31/2026,6/1/2026 2:25,1781203873,43:53.3,deep
Josh,6/8/2026 9:43,5/31/2026,6/1/2026 2:26,1781203873,43:53.5,deep
Josh,6/8/2026 9:43,5/31/2026,6/1/2026 2:27,1781203873,43:53.7,deep
Josh,6/8/2026 9:43,5/31/2026,6/1/2026 2:28,1781203873,43:53.9,deep
Josh,6/8/2026 9:43,5/31/2026,6/1/2026 2:29,1781203873,43:54.3,deep
Josh,6/8/2026 9:43,5/31/2026,6/1/2026 2:30,1781203873,43:54.2,deep
Josh,6/8/2026 9:43,5/31/2026,6/1/2026 2:31,1781203873,43:54.4,deep
Josh,6/8/2026 9:43,5/31/2026,6/1/2026 2:32,1781203873,43:54.5,deep
Josh,6/8/2026 9:43,5/31/2026,6/1/2026 2:33,1781203873,43:54.7,deep
Josh,6/8/2026 9:43,5/31/2026,6/1/2026 2:34,1781203873,43:54.9,light
Josh,6/8/2026 9:43,5/31/2026,6/1/2026 2:35,1781203873,43:55.4,light
Josh,6/8/2026 9:43,5/31/2026,6/1/2026 2:36,1781203873,43:55.2,light
Josh,6/8/2026 9:43,5/31/2026,6/1/2026 2:37,1781203873,43:55.4,light
Josh,6/8/2026 9:43,5/31/2026,6/1/2026 2:38,1781203873,43:55.6,light
Josh,6/8/2026 9:43,5/31/2026,6/1/2026 2:39,1781203873,43:55.7,wake
Josh,6/8/2026 9:43,5/31/2026,6/1/2026 2:40,1781203873,43:55.9,wake
Josh,6/8/2026 9:43,5/31/2026,6/1/2026 2:41,1781203873,43:56.6,rem
Josh,6/8/2026 9:43,5/31/2026,6/1/2026 2:42,1781203873,43:56.2,rem
Josh,6/8/2026 9:43,5/31/2026,6/1/2026 2:43,1781203873,43:56.4,rem
Josh,6/8/2026 9:43,5/31/2026,6/1/2026 2:44,1781203873,43:56.6,rem
Josh,6/8/2026 9:43,5/31/2026,6/1/2026 2:45,1781203873,43:56.7,rem
Josh,6/8/2026 9:43,5/31/2026,6/1/2026 2:46,1781203873,43:56.9,rem
Josh,6/8/2026 9:43,5/31/2026,6/1/2026 2:47,1781203873,43:57.8,rem
Josh,6/8/2026 9:43,5/31/2026,6/1/2026 2:48,1781203873,43:57.2,rem
Josh,6/8/2026 9:43,5/31/2026,6/1/2026 2:49,1781203873,43:57.4,rem
Josh,6/8/2026 9:43,5/31/2026,6/1/2026 2:50,1781203873,43:57.6,rem
Josh,6/8/2026 9:43,5/31/2026,6/1/2026 2:51,1781203873,43:57.8,rem
Josh,6/8/2026 9:43,5/31/2026,6/1/2026 2:52,1781203873,43:57.9,rem
Josh,6/8/2026 9:43,5/31/2026,6/1/2026 2:53,1781203873,43:58.9,rem
Josh,6/8/2026 9:43,5/31/2026,6/1/2026 2:54,1781203873,43:58.3,rem
Josh,6/8/2026 9:43,5/31/2026,6/1/2026 2:55,1781203873,43:58.4,rem
Josh,6/8/2026 9:43,5/31/2026,6/1/2026 2:56,1781203873,43:58.6,light
Josh,6/8/2026 9:43,5/31/2026,6/1/2026 2:57,1781203873,43:58.8,light
Josh,6/8/2026 9:43,5/31/2026,6/1/2026 2:58,1781203873,43:58.9,light
Josh,6/8/2026 9:43,5/31/2026,6/1/2026 2:59,1781203873,43:59.1,light
Josh,6/8/2026 9:43,5/31/2026,6/1/2026 3:00,1781203873,43:59.3,light
Josh,6/8/2026 9:43,5/31/2026,6/1/2026 3:01,1781203873,43:59.4,light
Josh,6/8/2026 9:43,5/31/2026,6/1/2026 3:02,1781203873,43:59.6,light
Josh,6/8/2026 9:43,5/31/2026,6/1/2026 3:03,1781203873,43:59.8,light
Josh,6/8/2026 9:43,5/31/2026,6/1/2026 3:04,1781203873,44:00.0,light
Josh,6/8/2026 9:43,5/31/2026,6/1/2026 3:05,1781203873,44:00.1,light
Josh,6/8/2026 9:43,5/31/2026,6/1/2026 3:06,1781203873,44:00.3,light
Josh,6/8/2026 9:43,5/31/2026,6/1/2026 3:07,1781203873,44:00.5,light
Josh,6/8/2026 9:43,5/31/2026,6/1/2026 3:08,1781203873,44:00.6,light
Josh,6/8/2026 9:43,5/31/2026,6/1/2026 3:09,1781203873,44:00.8,light
Josh,6/8/2026 9:43,5/31/2026,6/1/2026 3:10,1781203873,44:01.0,light
Josh,6/8/2026 9:43,5/31/2026,6/1/2026 3:11,1781203873,44:01.1,light
Josh,6/8/2026 9:43,5/31/2026,6/1/2026 3:12,1781203873,44:01.3,light
Josh,6/8/2026 9:43,5/31/2026,6/1/2026 3:13,1781203873,44:01.5,light
Josh,6/8/2026 9:43,5/31/2026,6/1/2026 3:14,1781203873,44:01.7,light
Josh,6/8/2026 9:43,5/31/2026,6/1/2026 3:15,1781203873,44:01.8,light
Josh,6/8/2026 9:43,5/31/2026,6/1/2026 3:16,1781203873,44:02.0,deep
Josh,6/8/2026 9:43,5/31/2026,6/1/2026 3:17,1781203873,44:02.2,deep
Josh,6/8/2026 9:43,5/31/2026,6/1/2026 3:18,1781203873,44:02.3,deep
Josh,6/8/2026 9:43,5/31/2026,6/1/2026 3:19,1781203873,44:02.5,deep
Josh,6/8/2026 9:43,5/31/2026,6/1/2026 3:20,1781203873,44:02.7,deep
Josh,6/8/2026 9:43,5/31/2026,6/1/2026 3:21,1781203873,44:02.8,deep
Josh,6/8/2026 9:43,5/31/2026,6/1/2026 3:22,1781203873,44:03.6,deep
Josh,6/8/2026 9:43,5/31/2026,6/1/2026 3:23,1781203873,44:03.2,deep
Josh,6/8/2026 9:43,5/31/2026,6/1/2026 3:24,1781203873,44:03.3,deep
Josh,6/8/2026 9:43,5/31/2026,6/1/2026 3:25,1781203873,44:03.5,deep
Josh,6/8/2026 9:43,5/31/2026,6/1/2026 3:26,1781203873,44:03.7,deep
Josh,6/8/2026 9:43,5/31/2026,6/1/2026 3:27,1781203873,44:03.9,light
Josh,6/8/2026 9:43,5/31/2026,6/1/2026 3:28,1781203873,44:04.2,light
Josh,6/8/2026 9:43,5/31/2026,6/1/2026 3:29,1781203873,44:04.2,light
Josh,6/8/2026 9:43,5/31/2026,6/1/2026 3:30,1781203873,44:04.4,light
Josh,6/8/2026 9:43,5/31/2026,6/1/2026 3:31,1781203873,44:04.5,light
Josh,6/8/2026 9:43,5/31/2026,6/1/2026 3:32,1781203873,44:04.7,light
Josh,6/8/2026 9:43,5/31/2026,6/1/2026 3:33,1781203873,44:04.9,light
Josh,6/8/2026 9:43,5/31/2026,6/1/2026 3:34,1781203873,44:05.4,rem
Josh,6/8/2026 9:43,5/31/2026,6/1/2026 3:35,1781203873,44:05.2,rem
Josh,6/8/2026 9:43,5/31/2026,6/1/2026 3:36,1781203873,44:05.4,rem
Josh,6/8/2026 9:43,5/31/2026,6/1/2026 3:37,1781203873,44:05.5,rem
Josh,6/8/2026 9:43,5/31/2026,6/1/2026 3:38,1781203873,44:05.7,rem
Josh,6/8/2026 9:43,5/31/2026,6/1/2026 3:39,1781203873,44:05.9,rem
Josh,6/8/2026 9:43,5/31/2026,6/1/2026 3:40,1781203873,44:06.6,rem
Josh,6/8/2026 9:43,5/31/2026,6/1/2026 3:41,1781203873,44:06.2,rem
Josh,6/8/2026 9:43,5/31/2026,6/1/2026 3:42,1781203873,44:06.4,rem
Josh,6/8/2026 9:43,5/31/2026,6/1/2026 3:43,1781203873,44:06.6,rem
Josh,6/8/2026 9:43,5/31/2026,6/1/2026 3:44,1781203873,44:06.7,rem
Josh,6/8/2026 9:43,5/31/2026,6/1/2026 3:45,1781203873,44:06.9,rem
Josh,6/8/2026 9:43,5/31/2026,6/1/2026 3:46,1781203873,44:07.7,rem
Josh,6/8/2026 9:43,5/31/2026,6/1/2026 3:47,1781203873,44:07.2,rem
Josh,6/8/2026 9:43,5/31/2026,6/1/2026 3:48,1781203873,44:07.4,rem
Josh,6/8/2026 9:43,5/31/2026,6/1/2026 3:49,1781203873,44:07.6,rem
Josh,6/8/2026 9:43,5/31/2026,6/1/2026 3:50,1781203873,44:07.8,rem
Josh,6/8/2026 9:43,5/31/2026,6/1/2026 3:51,1781203873,44:07.9,rem
Josh,6/8/2026 9:43,5/31/2026,6/1/2026 3:52,1781203873,44:08.9,rem
Josh,6/8/2026 9:43,5/31/2026,6/1/2026 3:53,1781203873,44:08.3,rem
Josh,6/8/2026 9:43,5/31/2026,6/1/2026 3:54,1781203873,44:08.4,light
Josh,6/8/2026 9:43,5/31/2026,6/1/2026 3:55,1781203873,44:08.6,light
Josh,6/8/2026 9:43,5/31/2026,6/1/2026 3:56,1781203873,44:08.8,light
Josh,6/8/2026 9:43,5/31/2026,6/1/2026 3:57,1781203873,44:08.9,light
Josh,6/8/2026 9:43,5/31/2026,6/1/2026 3:58,1781203873,44:09.1,light
Josh,6/8/2026 9:43,5/31/2026,6/1/2026 3:59,1781203873,44:09.3,light
Josh,6/8/2026 9:43,5/31/2026,6/1/2026 4:00,1781203873,44:09.4,light
Josh,6/8/2026 9:43,5/31/2026,6/1/2026 4:01,1781203873,44:09.6,light
Josh,6/8/2026 9:43,5/31/2026,6/1/2026 4:02,1781203873,44:09.8,light
Josh,6/8/2026 9:43,5/31/2026,6/1/2026 4:03,1781203873,44:10.0,light
Josh,6/8/2026 9:43,5/31/2026,6/1/2026 4:04,1781203873,44:10.1,light
Josh,6/8/2026 9:43,5/31/2026,6/1/2026 4:05,1781203873,44:10.3,light
Josh,6/8/2026 9:43,5/31/2026,6/1/2026 4:06,1781203873,44:10.5,light
Josh,6/8/2026 9:43,5/31/2026,6/1/2026 4:07,1781203873,44:10.6,light
Josh,6/8/2026 9:43,5/31/2026,6/1/2026 4:08,1781203873,44:10.8,light
Josh,6/8/2026 9:43,5/31/2026,6/1/2026 4:09,1781203873,44:11.0,light
Josh,6/8/2026 9:43,5/31/2026,6/1/2026 4:10,1781203873,44:11.1,light
Josh,6/8/2026 9:43,5/31/2026,6/1/2026 4:11,1781203873,44:11.3,light
Josh,6/8/2026 9:43,5/31/2026,6/1/2026 4:12,1781203873,44:11.5,deep
Josh,6/8/2026 9:43,5/31/2026,6/1/2026 4:13,1781203873,44:11.6,deep
Josh,6/8/2026 9:43,5/31/2026,6/1/2026 4:14,1781203873,44:11.8,deep
Josh,6/8/2026 9:43,5/31/2026,6/1/2026 4:15,1781203873,44:12.0,deep
Josh,6/8/2026 9:43,5/31/2026,6/1/2026 4:16,1781203873,44:12.2,deep
Josh,6/8/2026 9:43,5/31/2026,6/1/2026 4:17,1781203873,44:12.3,deep
Josh,6/8/2026 9:43,5/31/2026,6/1/2026 4:18,1781203873,44:12.5,deep
Josh,6/8/2026 9:43,5/31/2026,6/1/2026 4:19,1781203873,44:12.7,deep
Josh,6/8/2026 9:43,5/31/2026,6/1/2026 4:20,1781203873,44:12.8,deep
Josh,6/8/2026 9:43,5/31/2026,6/1/2026 4:21,1781203873,44:13.4,deep
Josh,6/8/2026 9:43,5/31/2026,6/1/2026 4:22,1781203873,44:13.2,light
Josh,6/8/2026 9:43,5/31/2026,6/1/2026 4:23,1781203873,44:13.3,light
Josh,6/8/2026 9:43,5/31/2026,6/1/2026 4:24,1781203873,44:13.5,light
Josh,6/8/2026 9:43,5/31/2026,6/1/2026 4:25,1781203873,44:13.7,light
Josh,6/8/2026 9:43,5/31/2026,6/1/2026 4:26,1781203873,44:13.9,light
Josh,6/8/2026 9:43,5/31/2026,6/1/2026 4:27,1781203873,44:14.2,light
Josh,6/8/2026 9:43,5/31/2026,6/1/2026 4:28,1781203873,44:14.2,light
Josh,6/8/2026 9:43,5/31/2026,6/1/2026 4:29,1781203873,44:14.4,light
Josh,6/8/2026 9:43,5/31/2026,6/1/2026 4:30,1781203873,44:14.5,light
Josh,6/8/2026 9:43,5/31/2026,6/1/2026 4:31,1781203873,44:14.7,light
Josh,6/8/2026 9:43,5/31/2026,6/1/2026 4:32,1781203873,44:14.9,rem
Josh,6/8/2026 9:43,5/31/2026,6/1/2026 4:33,1781203873,44:15.4,rem
Josh,6/8/2026 9:43,5/31/2026,6/1/2026 4:34,1781203873,44:15.2,rem
Josh,6/8/2026 9:43,5/31/2026,6/1/2026 4:35,1781203873,44:15.4,rem
Josh,6/8/2026 9:43,5/31/2026,6/1/2026 4:36,1781203873,44:15.5,rem
Josh,6/8/2026 9:43,5/31/2026,6/1/2026 4:37,1781203873,44:15.7,rem
Josh,6/8/2026 9:43,5/31/2026,6/1/2026 4:38,1781203873,44:15.9,rem
Josh,6/8/2026 9:43,5/31/2026,6/1/2026 4:39,1781203873,44:16.5,rem
Josh,6/8/2026 9:43,5/31/2026,6/1/2026 4:40,1781203873,44:16.2,rem
Josh,6/8/2026 9:43,5/31/2026,6/1/2026 4:41,1781203873,44:16.4,rem
Josh,6/8/2026 9:43,5/31/2026,6/1/2026 4:42,1781203873,44:16.6,rem
Josh,6/8/2026 9:43,5/31/2026,6/1/2026 4:43,1781203873,44:16.7,rem
Josh,6/8/2026 9:43,5/31/2026,6/1/2026 4:44,1781203873,44:16.9,rem
Josh,6/8/2026 9:43,5/31/2026,6/1/2026 4:45,1781203873,44:17.7,rem
Josh,6/8/2026 9:43,5/31/2026,6/1/2026 4:46,1781203873,44:17.2,rem
Josh,6/8/2026 9:43,5/31/2026,6/1/2026 4:47,1781203873,44:17.4,rem
Josh,6/8/2026 9:43,5/31/2026,6/1/2026 4:48,1781203873,44:17.6,rem
Josh,6/8/2026 9:43,5/31/2026,6/1/2026 4:49,1781203873,44:17.7,rem
Josh,6/8/2026 9:43,5/31/2026,6/1/2026 4:50,1781203873,44:17.9,rem
Josh,6/8/2026 9:43,5/31/2026,6/1/2026 4:51,1781203873,44:18.9,rem
Josh,6/8/2026 9:43,5/31/2026,6/1/2026 4:52,1781203873,44:18.3,rem
Josh,6/8/2026 9:43,5/31/2026,6/1/2026 4:53,1781203873,44:18.4,light
Josh,6/8/2026 9:43,5/31/2026,6/1/2026 4:54,1781203873,44:18.6,light
Josh,6/8/2026 9:43,5/31/2026,6/1/2026 4:55,1781203873,44:18.8,light
Josh,6/8/2026 9:43,5/31/2026,6/1/2026 4:56,1781203873,44:18.9,light
Josh,6/8/2026 9:43,5/31/2026,6/1/2026 4:57,1781203873,44:19.1,light
Josh,6/8/2026 9:43,5/31/2026,6/1/2026 4:58,1781203873,44:19.3,light
Josh,6/8/2026 9:43,5/31/2026,6/1/2026 4:59,1781203873,44:19.4,light
Josh,6/8/2026 9:43,5/31/2026,6/1/2026 5:00,1781203873,44:19.6,light
Josh,6/8/2026 9:43,5/31/2026,6/1/2026 5:01,1781203873,44:19.8,light
Josh,6/8/2026 9:43,5/31/2026,6/1/2026 5:02,1781203873,44:20.0,light
Josh,6/8/2026 9:43,5/31/2026,6/1/2026 5:03,1781203873,44:20.1,light
Josh,6/8/2026 9:43,5/31/2026,6/1/2026 5:04,1781203873,44:20.3,light
Josh,6/8/2026 9:43,5/31/2026,6/1/2026 5:05,1781203873,44:20.5,light
Josh,6/8/2026 9:43,5/31/2026,6/1/2026 5:06,1781203873,44:20.6,light
Josh,6/8/2026 9:43,5/31/2026,6/1/2026 5:07,1781203873,44:20.8,light
Josh,6/8/2026 9:43,5/31/2026,6/1/2026 5:08,1781203873,44:21.0,light
Josh,6/8/2026 9:43,5/31/2026,6/1/2026 5:09,1781203873,44:21.1,light
Josh,6/8/2026 9:43,5/31/2026,6/1/2026 5:10,1781203873,44:21.3,light
Josh,6/8/2026 9:43,5/31/2026,6/1/2026 5:11,1781203873,44:21.5,light
Josh,6/8/2026 9:43,5/31/2026,6/1/2026 5:12,1781203873,44:21.6,deep
Josh,6/8/2026 9:43,5/31/2026,6/1/2026 5:13,1781203873,44:21.8,deep
Josh,6/8/2026 9:43,5/31/2026,6/1/2026 5:14,1781203873,44:22.0,deep
Josh,6/8/2026 9:43,5/31/2026,6/1/2026 5:15,1781203873,44:22.2,deep
Josh,6/8/2026 9:43,5/31/2026,6/1/2026 5:16,1781203873,44:22.3,deep
Josh,6/8/2026 9:43,5/31/2026,6/1/2026 5:17,1781203873,44:22.5,deep
Josh,6/8/2026 9:43,5/31/2026,6/1/2026 5:18,1781203873,44:22.7,deep
Josh,6/8/2026 9:43,5/31/2026,6/1/2026 5:19,1781203873,44:22.8,deep
Josh,6/8/2026 9:43,5/31/2026,6/1/2026 5:20,1781203873,44:23.2,deep
Josh,6/8/2026 9:43,5/31/2026,6/1/2026 5:21,1781203873,44:23.2,deep
Josh,6/8/2026 9:43,5/31/2026,6/1/2026 5:22,1781203873,44:23.3,light
Josh,6/8/2026 9:43,5/31/2026,6/1/2026 5:23,1781203873,44:23.5,light
Josh,6/8/2026 9:43,5/31/2026,6/1/2026 5:24,1781203873,44:23.7,light
Josh,6/8/2026 9:43,5/31/2026,6/1/2026 5:25,1781203873,44:23.8,light
Josh,6/8/2026 9:43,5/31/2026,6/1/2026 5:26,1781203873,44:24.2,light
Josh,6/8/2026 9:43,5/31/2026,6/1/2026 5:27,1781203873,44:24.2,light
Josh,6/8/2026 9:43,5/31/2026,6/1/2026 5:28,1781203873,44:24.4,light
Josh,6/8/2026 9:43,5/31/2026,6/1/2026 5:29,1781203873,44:24.5,light
Josh,6/8/2026 9:43,5/31/2026,6/1/2026 5:30,1781203873,44:24.7,wake
Josh,6/8/2026 9:43,5/31/2026,6/1/2026 5:31,1781203873,44:24.9,wake
Josh,6/8/2026 9:43,5/31/2026,6/1/2026 5:32,1781203873,44:25.3,rem
Josh,6/8/2026 9:43,5/31/2026,6/1/2026 5:33,1781203873,44:25.2,rem
Josh,6/8/2026 9:43,5/31/2026,6/1/2026 5:34,1781203873,44:25.4,rem
Josh,6/8/2026 9:43,5/31/2026,6/1/2026 5:35,1781203873,44:25.5,rem
Josh,6/8/2026 9:43,5/31/2026,6/1/2026 5:36,1781203873,44:25.7,rem
Josh,6/8/2026 9:43,5/31/2026,6/1/2026 5:37,1781203873,44:25.9,rem
Josh,6/8/2026 9:43,5/31/2026,6/1/2026 5:38,1781203873,44:26.5,rem
Josh,6/8/2026 9:43,5/31/2026,6/1/2026 5:39,1781203873,44:26.2,rem
Josh,6/8/2026 9:43,5/31/2026,6/1/2026 5:40,1781203873,44:26.4,rem
Josh,6/8/2026 9:43,5/31/2026,6/1/2026 5:41,1781203873,44:26.6,rem
Josh,6/8/2026 9:43,5/31/2026,6/1/2026 5:42,1781203873,44:26.7,rem
Josh,6/8/2026 9:43,5/31/2026,6/1/2026 5:43,1781203873,44:26.9,rem
Josh,6/8/2026 9:43,5/31/2026,6/1/2026 5:44,1781203873,44:27.7,rem
Josh,6/8/2026 9:43,5/31/2026,6/1/2026 5:45,1781203873,44:27.2,rem
Josh,6/8/2026 9:43,5/31/2026,6/1/2026 5:46,1781203873,44:27.4,rem
Josh,6/8/2026 9:43,5/31/2026,6/1/2026 5:47,1781203873,44:27.6,rem
Josh,6/8/2026 9:43,5/31/2026,6/1/2026 5:48,1781203873,44:27.7,rem
Josh,6/8/2026 9:43,5/31/2026,6/1/2026 5:49,1781203873,44:27.9,rem
Josh,6/8/2026 9:43,5/31/2026,6/1/2026 5:50,1781203873,44:28.8,rem
Josh,6/8/2026 9:43,5/31/2026,6/1/2026 5:51,1781203873,44:28.3,rem
Josh,6/8/2026 9:43,5/31/2026,6/1/2026 5:52,1781203873,44:28.4,rem
Josh,6/8/2026 9:43,5/31/2026,6/1/2026 5:53,1781203873,44:28.6,rem
Josh,6/8/2026 9:43,5/31/2026,6/1/2026 5:54,1781203873,44:28.8,rem
Josh,6/8/2026 9:43,5/31/2026,6/1/2026 5:55,1781203873,44:28.9,rem
Josh,6/8/2026 9:43,5/31/2026,6/1/2026 5:56,1781203873,44:29.1,rem
Josh,6/8/2026 9:43,5/31/2026,6/1/2026 5:57,1781203873,44:29.3,light
Josh,6/8/2026 9:43,5/31/2026,6/1/2026 5:58,1781203873,44:29.4,light
Josh,6/8/2026 9:43,5/31/2026,6/1/2026 5:59,1781203873,44:29.6,light
Josh,6/8/2026 9:43,5/31/2026,6/1/2026 6:00,1781203873,44:29.8,light
Josh,6/8/2026 9:43,5/31/2026,6/1/2026 6:01,1781203873,44:29.9,light
Josh,6/8/2026 9:43,5/31/2026,6/1/2026 6:02,1781203873,44:30.1,light
Josh,6/8/2026 9:43,5/31/2026,6/1/2026 6:03,1781203873,44:30.3,light
Josh,6/8/2026 9:43,5/31/2026,6/1/2026 6:04,1781203873,44:30.5,light
Josh,6/8/2026 9:43,5/31/2026,6/1/2026 6:05,1781203873,44:30.6,light
Josh,6/8/2026 9:43,5/31/2026,6/1/2026 6:06,1781203873,44:30.8,light
Josh,6/8/2026 9:43,5/31/2026,6/1/2026 6:07,1781203873,44:31.0,light
Josh,6/8/2026 9:43,5/31/2026,6/1/2026 6:08,1781203873,44:31.1,light
Josh,6/8/2026 9:43,5/31/2026,6/1/2026 6:09,1781203873,44:31.3,light
Josh,6/8/2026 9:43,5/31/2026,6/1/2026 6:10,1781203873,44:31.5,light
Josh,6/8/2026 9:43,5/31/2026,6/1/2026 6:11,1781203873,44:31.6,light
Josh,6/8/2026 9:43,5/31/2026,6/1/2026 6:12,1781203873,44:31.8,light
Josh,6/8/2026 9:43,5/31/2026,6/1/2026 6:13,1781203873,44:32.0,deep
Josh,6/8/2026 9:43,5/31/2026,6/1/2026 6:14,1781203873,44:32.2,deep
Josh,6/8/2026 9:43,5/31/2026,6/1/2026 6:15,1781203873,44:32.3,deep
Josh,6/8/2026 9:43,5/31/2026,6/1/2026 6:16,1781203873,44:32.5,deep
Josh,6/8/2026 9:43,5/31/2026,6/1/2026 6:17,1781203873,44:32.7,deep
Josh,6/8/2026 9:43,5/31/2026,6/1/2026 6:18,1781203873,44:32.8,deep
Josh,6/8/2026 9:43,5/31/2026,6/1/2026 6:19,1781203873,44:33.0,deep
Josh,6/8/2026 9:43,5/31/2026,6/1/2026 6:20,1781203873,44:33.2,light
Josh,6/8/2026 9:43,5/31/2026,6/1/2026 6:21,1781203873,44:33.3,light
Josh,6/8/2026 9:43,5/31/2026,6/1/2026 6:22,1781203873,44:33.5,light
Josh,6/8/2026 9:43,5/31/2026,6/1/2026 6:23,1781203873,44:33.7,light
Josh,6/8/2026 9:43,5/31/2026,6/1/2026 6:24,1781203873,44:33.8,light
Josh,6/8/2026 9:43,5/31/2026,6/1/2026 6:25,1781203873,44:34.2,light
Josh,6/8/2026 9:43,5/31/2026,6/1/2026 6:26,1781203873,44:34.2,light
Josh,6/8/2026 9:43,5/31/2026,6/1/2026 6:27,1781203873,44:34.4,light
Josh,6/8/2026 9:43,5/31/2026,6/1/2026 6:28,1781203873,44:34.5,light
Josh,6/8/2026 9:43,5/31/2026,6/1/2026 6:29,1781203873,44:34.7,light
Josh,6/8/2026 9:43,5/31/2026,6/1/2026 6:30,1781203873,44:34.9,rem
Josh,6/8/2026 9:43,5/31/2026,6/1/2026 6:31,1781203873,44:35.3,rem
Josh,6/8/2026 9:43,5/31/2026,6/1/2026 6:32,1781203873,44:35.2,rem
Josh,6/8/2026 9:43,5/31/2026,6/1/2026 6:33,1781203873,44:35.4,rem
Josh,6/8/2026 9:43,5/31/2026,6/1/2026 6:34,1781203873,44:35.5,rem
Josh,6/8/2026 9:43,5/31/2026,6/1/2026 6:35,1781203873,44:35.7,rem
Josh,6/8/2026 9:43,5/31/2026,6/1/2026 6:36,1781203873,44:35.9,rem
Josh,6/8/2026 9:43,5/31/2026,6/1/2026 6:37,1781203873,44:36.5,rem
Josh,6/8/2026 9:43,5/31/2026,6/1/2026 6:38,1781203873,44:36.2,rem
Josh,6/8/2026 9:43,5/31/2026,6/1/2026 6:39,1781203873,44:36.4,rem
Josh,6/8/2026 9:43,5/31/2026,6/1/2026 6:40,1781203873,44:36.6,rem
Josh,6/8/2026 9:43,5/31/2026,6/1/2026 6:41,1781203873,44:36.7,rem
Josh,6/8/2026 9:43,5/31/2026,6/1/2026 6:42,1781203873,44:36.9,rem
Josh,6/8/2026 9:43,5/31/2026,6/1/2026 6:43,1781203873,44:37.7,rem
Josh,6/8/2026 9:43,5/31/2026,6/1/2026 6:44,1781203873,44:37.2,rem
Josh,6/8/2026 9:43,5/31/2026,6/1/2026 6:45,1781203873,44:37.4,rem
Josh,6/8/2026 9:43,5/31/2026,6/1/2026 6:46,1781203873,44:37.6,rem
Josh,6/8/2026 9:43,5/31/2026,6/1/2026 6:47,1781203873,44:37.7,rem
Josh,6/8/2026 9:43,5/31/2026,6/1/2026 6:48,1781203873,44:37.9,rem
Josh,6/8/2026 9:43,5/31/2026,6/1/2026 6:49,1781203873,44:38.8,rem
Josh,6/8/2026 9:43,5/31/2026,6/1/2026 6:50,1781203873,44:38.3,rem
Josh,6/8/2026 9:43,5/31/2026,6/1/2026 6:51,1781203873,44:38.4,rem
Josh,6/8/2026 9:43,5/31/2026,6/1/2026 6:52,1781203873,44:38.6,rem
Josh,6/8/2026 9:43,5/31/2026,6/1/2026 6:53,1781203873,44:38.8,rem
Josh,6/8/2026 9:43,5/31/2026,6/1/2026 6:54,1781203873,44:38.9,rem
Josh,6/8/2026 9:43,5/31/2026,6/1/2026 6:55,1781203873,44:40.0,rem
Josh,6/8/2026 9:43,5/31/2026,6/1/2026 6:56,1781203873,44:39.3,rem
Josh,6/8/2026 9:43,5/31/2026,6/1/2026 6:57,1781203873,44:39.4,rem
Josh,6/8/2026 9:43,5/31/2026,6/1/2026 6:58,1781203873,44:39.6,rem
Josh,6/8/2026 9:43,5/31/2026,6/1/2026 6:59,1781203873,44:39.8,rem
Josh,6/8/2026 9:43,5/31/2026,6/1/2026 7:00,1781203873,44:39.9,rem
Josh,6/8/2026 9:43,5/31/2026,6/1/2026 7:01,1781203873,44:40.1,light
Josh,6/8/2026 9:43,5/31/2026,6/1/2026 7:02,1781203873,44:40.3,light
Josh,6/8/2026 9:43,5/31/2026,6/1/2026 7:03,1781203873,44:40.5,light
Josh,6/8/2026 9:43,5/31/2026,6/1/2026 7:04,1781203873,44:40.6,light
Josh,6/8/2026 9:43,5/31/2026,6/1/2026 7:05,1781203873,44:40.8,light
Josh,6/8/2026 9:43,5/31/2026,6/1/2026 7:06,1781203873,44:41.0,light
Josh,6/8/2026 9:43,5/31/2026,6/1/2026 7:07,1781203873,44:41.1,light
Josh,6/8/2026 9:43,5/31/2026,6/1/2026 7:08,1781203873,44:41.3,light
Josh,6/8/2026 9:43,5/31/2026,6/1/2026 7:09,1781203873,44:41.5,light
Josh,6/8/2026 9:43,5/31/2026,6/1/2026 7:10,1781203873,44:41.6,light
Josh,6/8/2026 9:43,5/31/2026,6/1/2026 7:11,1781203873,44:41.8,light
Josh,6/8/2026 9:43,5/31/2026,6/1/2026 7:12,1781203873,44:42.0,light
Josh,6/8/2026 9:43,5/31/2026,6/1/2026 7:13,1781203873,44:42.1,light
Josh,6/8/2026 9:43,5/31/2026,6/1/2026 7:14,1781203873,44:42.3,light
Josh,6/8/2026 9:43,5/31/2026,6/1/2026 7:15,1781203873,44:42.5,light
Josh,6/8/2026 9:43,5/31/2026,6/1/2026 7:16,1781203873,44:42.7,light
Josh,6/8/2026 9:43,5/31/2026,6/1/2026 7:17,1781203873,44:42.8,light
Josh,6/8/2026 9:43,5/31/2026,6/1/2026 7:18,1781203873,44:43.0,light
Josh,6/8/2026 9:43,5/31/2026,6/1/2026 7:19,1781203873,44:43.2,light
Josh,6/8/2026 9:43,5/31/2026,6/1/2026 7:20,1781203873,44:43.3,light
Josh,6/8/2026 9:43,5/31/2026,6/1/2026 7:21,1781203873,44:43.5,light
Josh,6/8/2026 9:43,5/31/2026,6/1/2026 7:22,1781203873,44:43.7,deep
Josh,6/8/2026 9:43,5/31/2026,6/1/2026 7:23,1781203873,44:43.8,deep
Josh,6/8/2026 9:43,5/31/2026,6/1/2026 7:24,1781203873,44:44.1,deep
Josh,6/8/2026 9:43,5/31/2026,6/1/2026 7:25,1781203873,44:44.2,deep
Josh,6/8/2026 9:43,5/31/2026,6/1/2026 7:26,1781203873,44:44.4,deep
Josh,6/8/2026 9:43,5/31/2026,6/1/2026 7:27,1781203873,44:44.5,light
Josh,6/8/2026 9:43,5/31/2026,6/1/2026 7:28,1781203873,44:44.7,light
Josh,6/8/2026 9:43,5/31/2026,6/1/2026 7:29,1781203873,44:44.9,light
Josh,6/8/2026 9:43,5/31/2026,6/1/2026 7:30,1781203873,44:45.3,light
Josh,6/8/2026 9:43,5/31/2026,6/1/2026 7:31,1781203873,44:45.2,light
Josh,6/8/2026 9:43,5/31/2026,6/1/2026 7:32,1781203873,44:45.4,light
Josh,6/8/2026 9:43,5/31/2026,6/1/2026 7:33,1781203873,44:45.5,light
Josh,6/8/2026 9:43,5/31/2026,6/1/2026 7:34,1781203873,44:45.7,light
Josh,6/9/2026 9:05,6/1/2026,6/1/2026 23:11,1781204767,6/9/2026 9:05,light
Josh,6/9/2026 9:05,6/1/2026,6/1/2026 23:12,1781204767,05:07.2,light
Josh,6/9/2026 9:05,6/1/2026,6/1/2026 23:13,1781204767,05:07.4,light
Josh,6/9/2026 9:05,6/1/2026,6/1/2026 23:14,1781204767,05:07.6,light
Josh,6/9/2026 9:05,6/1/2026,6/1/2026 23:15,1781204767,05:07.8,light
Josh,6/9/2026 9:05,6/1/2026,6/1/2026 23:16,1781204767,05:08.8,light
Josh,6/9/2026 9:05,6/1/2026,6/1/2026 23:17,1781204767,05:08.2,light
Josh,6/9/2026 9:05,6/1/2026,6/1/2026 23:18,1781204767,05:08.4,light
Josh,6/9/2026 9:05,6/1/2026,6/1/2026 23:19,1781204767,05:08.6,light
Josh,6/9/2026 9:05,6/1/2026,6/1/2026 23:20,1781204767,05:08.8,light
Josh,6/9/2026 9:05,6/1/2026,6/1/2026 23:21,1781204767,05:09.2,light
Josh,6/9/2026 9:05,6/1/2026,6/1/2026 23:22,1781204767,05:09.2,light
Josh,6/9/2026 9:05,6/1/2026,6/1/2026 23:23,1781204767,05:09.4,light
Josh,6/9/2026 9:05,6/1/2026,6/1/2026 23:24,1781204767,05:09.6,light
Josh,6/9/2026 9:05,6/1/2026,6/1/2026 23:25,1781204767,05:09.8,light
Josh,6/9/2026 9:05,6/1/2026,6/1/2026 23:26,1781204767,05:10.2,deep
Josh,6/9/2026 9:05,6/1/2026,6/1/2026 23:27,1781204767,05:10.2,deep
Josh,6/9/2026 9:05,6/1/2026,6/1/2026 23:28,1781204767,05:10.4,deep
Josh,6/9/2026 9:05,6/1/2026,6/1/2026 23:29,1781204767,05:10.6,deep
Josh,6/9/2026 9:05,6/1/2026,6/1/2026 23:30,1781204767,05:10.8,deep
Josh,6/9/2026 9:05,6/1/2026,6/1/2026 23:31,1781204767,05:11.3,deep
Josh,6/9/2026 9:05,6/1/2026,6/1/2026 23:32,1781204767,05:11.2,deep
Josh,6/9/2026 9:05,6/1/2026,6/1/2026 23:33,1781204767,05:11.4,deep
Josh,6/9/2026 9:05,6/1/2026,6/1/2026 23:34,1781204767,05:11.6,deep
Josh,6/9/2026 9:05,6/1/2026,6/1/2026 23:35,1781204767,05:11.8,deep
Josh,6/9/2026 9:05,6/1/2026,6/1/2026 23:36,1781204767,05:12.4,deep
Josh,6/9/2026 9:05,6/1/2026,6/1/2026 23:37,1781204767,05:12.2,deep
Josh,6/9/2026 9:05,6/1/2026,6/1/2026 23:38,1781204767,05:12.4,deep
Josh,6/9/2026 9:05,6/1/2026,6/1/2026 23:39,1781204767,05:12.6,deep
Josh,6/9/2026 9:05,6/1/2026,6/1/2026 23:40,1781204767,05:12.8,deep
Josh,6/9/2026 9:05,6/1/2026,6/1/2026 23:41,1781204767,05:13.5,deep
Josh,6/9/2026 9:05,6/1/2026,6/1/2026 23:42,1781204767,05:13.3,deep
Josh,6/9/2026 9:05,6/1/2026,6/1/2026 23:43,1781204767,05:13.5,deep
Josh,6/9/2026 9:05,6/1/2026,6/1/2026 23:44,1781204767,05:13.7,deep
Josh,6/9/2026 9:05,6/1/2026,6/1/2026 23:45,1781204767,05:13.9,deep
Josh,6/9/2026 9:05,6/1/2026,6/1/2026 23:46,1781204767,05:14.6,deep
Josh,6/9/2026 9:05,6/1/2026,6/1/2026 23:47,1781204767,05:14.3,deep
Josh,6/9/2026 9:05,6/1/2026,6/1/2026 23:48,1781204767,05:14.5,deep
Josh,6/9/2026 9:05,6/1/2026,6/1/2026 23:49,1781204767,05:14.7,deep
Josh,6/9/2026 9:05,6/1/2026,6/1/2026 23:50,1781204767,05:14.9,deep
Josh,6/9/2026 9:05,6/1/2026,6/1/2026 23:51,1781204767,05:15.7,deep
Josh,6/9/2026 9:05,6/1/2026,6/1/2026 23:52,1781204767,05:15.3,deep
Josh,6/9/2026 9:05,6/1/2026,6/1/2026 23:53,1781204767,05:15.5,deep
Josh,6/9/2026 9:05,6/1/2026,6/1/2026 23:54,1781204767,05:15.7,deep
Josh,6/9/2026 9:05,6/1/2026,6/1/2026 23:55,1781204767,05:15.9,deep
Josh,6/9/2026 9:05,6/1/2026,6/1/2026 23:56,1781204767,05:16.7,deep
Josh,6/9/2026 9:05,6/1/2026,6/1/2026 23:57,1781204767,05:16.3,deep
Josh,6/9/2026 9:05,6/1/2026,6/1/2026 23:58,1781204767,05:16.5,light
Josh,6/9/2026 9:05,6/1/2026,6/1/2026 23:59,1781204767,05:16.7,light
Josh,6/9/2026 9:05,6/1/2026,6/2/2026 0:00,1781204767,05:16.9,light
Josh,6/9/2026 9:05,6/1/2026,6/2/2026 0:01,1781204767,05:17.8,light
Josh,6/9/2026 9:05,6/1/2026,6/2/2026 0:02,1781204767,05:17.3,light
Josh,6/9/2026 9:05,6/1/2026,6/2/2026 0:03,1781204767,05:17.5,light
Josh,6/9/2026 9:05,6/1/2026,6/2/2026 0:04,1781204767,05:17.7,rem
Josh,6/9/2026 9:05,6/1/2026,6/2/2026 0:05,1781204767,05:17.9,rem
Josh,6/9/2026 9:05,6/1/2026,6/2/2026 0:06,1781204767,05:18.9,rem
Josh,6/9/2026 9:05,6/1/2026,6/2/2026 0:07,1781204767,05:18.3,rem
Josh,6/9/2026 9:05,6/1/2026,6/2/2026 0:08,1781204767,05:18.5,rem
Josh,6/9/2026 9:05,6/1/2026,6/2/2026 0:09,1781204767,05:18.7,rem
Josh,6/9/2026 9:05,6/1/2026,6/2/2026 0:10,1781204767,05:18.9,rem
Josh,6/9/2026 9:05,6/1/2026,6/2/2026 0:11,1781204767,05:19.1,rem
Josh,6/9/2026 9:05,6/1/2026,6/2/2026 0:12,1781204767,05:19.3,rem
Josh,6/9/2026 9:05,6/1/2026,6/2/2026 0:13,1781204767,05:19.5,rem
Josh,6/9/2026 9:05,6/1/2026,6/2/2026 0:14,1781204767,05:19.7,rem
Josh,6/9/2026 9:05,6/1/2026,6/2/2026 0:15,1781204767,05:19.9,rem
Josh,6/9/2026 9:05,6/1/2026,6/2/2026 0:16,1781204767,05:20.1,rem
Josh,6/9/2026 9:05,6/1/2026,6/2/2026 0:17,1781204767,05:20.3,light
Josh,6/9/2026 9:05,6/1/2026,6/2/2026 0:18,1781204767,05:20.5,light
Josh,6/9/2026 9:05,6/1/2026,6/2/2026 0:19,1781204767,05:20.7,light
Josh,6/9/2026 9:05,6/1/2026,6/2/2026 0:20,1781204767,05:20.9,light
Josh,6/9/2026 9:05,6/1/2026,6/2/2026 0:21,1781204767,05:21.1,light
Josh,6/9/2026 9:05,6/1/2026,6/2/2026 0:22,1781204767,05:21.3,light
Josh,6/9/2026 9:05,6/1/2026,6/2/2026 0:23,1781204767,05:21.5,light
Josh,6/9/2026 9:05,6/1/2026,6/2/2026 0:24,1781204767,05:21.7,light
Josh,6/9/2026 9:05,6/1/2026,6/2/2026 0:25,1781204767,05:21.9,light
Josh,6/9/2026 9:05,6/1/2026,6/2/2026 0:26,1781204767,05:22.1,light
Josh,6/9/2026 9:05,6/1/2026,6/2/2026 0:27,1781204767,05:22.3,light
Josh,6/9/2026 9:05,6/1/2026,6/2/2026 0:28,1781204767,05:22.5,light
Josh,6/9/2026 9:05,6/1/2026,6/2/2026 0:29,1781204767,05:22.7,light
Josh,6/9/2026 9:05,6/1/2026,6/2/2026 0:30,1781204767,05:22.9,light
Josh,6/9/2026 9:05,6/1/2026,6/2/2026 0:31,1781204767,05:23.1,light
Josh,6/9/2026 9:05,6/1/2026,6/2/2026 0:32,1781204767,05:23.3,light
Josh,6/9/2026 9:05,6/1/2026,6/2/2026 0:33,1781204767,05:23.5,light
Josh,6/9/2026 9:05,6/1/2026,6/2/2026 0:34,1781204767,05:23.7,light
Josh,6/9/2026 9:05,6/1/2026,6/2/2026 0:35,1781204767,05:23.9,light
Josh,6/9/2026 9:05,6/1/2026,6/2/2026 0:36,1781204767,05:24.1,light
Josh,6/9/2026 9:05,6/1/2026,6/2/2026 0:37,1781204767,05:24.3,light
Josh,6/9/2026 9:05,6/1/2026,6/2/2026 0:38,1781204767,05:24.5,light
Josh,6/9/2026 9:05,6/1/2026,6/2/2026 0:39,1781204767,05:24.7,light
Josh,6/9/2026 9:05,6/1/2026,6/2/2026 0:40,1781204767,05:24.9,light
Josh,6/9/2026 9:05,6/1/2026,6/2/2026 0:41,1781204767,05:25.2,deep
Josh,6/9/2026 9:05,6/1/2026,6/2/2026 0:42,1781204767,05:25.4,deep
Josh,6/9/2026 9:05,6/1/2026,6/2/2026 0:43,1781204767,05:25.6,deep
Josh,6/9/2026 9:05,6/1/2026,6/2/2026 0:44,1781204767,05:25.8,deep
Josh,6/9/2026 9:05,6/1/2026,6/2/2026 0:45,1781204767,05:26.0,deep
Josh,6/9/2026 9:05,6/1/2026,6/2/2026 0:46,1781204767,05:26.2,deep
Josh,6/9/2026 9:05,6/1/2026,6/2/2026 0:47,1781204767,05:26.4,deep
Josh,6/9/2026 9:05,6/1/2026,6/2/2026 0:48,1781204767,05:26.6,deep
Josh,6/9/2026 9:05,6/1/2026,6/2/2026 0:49,1781204767,05:26.8,deep
Josh,6/9/2026 9:05,6/1/2026,6/2/2026 0:50,1781204767,05:27.0,deep
Josh,6/9/2026 9:05,6/1/2026,6/2/2026 0:51,1781204767,05:27.2,deep
Josh,6/9/2026 9:05,6/1/2026,6/2/2026 0:52,1781204767,05:27.4,deep
Josh,6/9/2026 9:05,6/1/2026,6/2/2026 0:53,1781204767,05:27.6,deep
Josh,6/9/2026 9:05,6/1/2026,6/2/2026 0:54,1781204767,05:27.8,deep
Josh,6/9/2026 9:05,6/1/2026,6/2/2026 0:55,1781204767,05:28.0,deep
Josh,6/9/2026 9:05,6/1/2026,6/2/2026 0:56,1781204767,05:28.2,deep
Josh,6/9/2026 9:05,6/1/2026,6/2/2026 0:57,1781204767,05:28.4,deep
Josh,6/9/2026 9:05,6/1/2026,6/2/2026 0:58,1781204767,05:28.6,deep
Josh,6/9/2026 9:05,6/1/2026,6/2/2026 0:59,1781204767,05:28.8,deep
Josh,6/9/2026 9:05,6/1/2026,6/2/2026 1:00,1781204767,05:29.0,deep
Josh,6/9/2026 9:05,6/1/2026,6/2/2026 1:01,1781204767,05:29.2,deep
Josh,6/9/2026 9:05,6/1/2026,6/2/2026 1:02,1781204767,05:29.4,deep
Josh,6/9/2026 9:05,6/1/2026,6/2/2026 1:03,1781204767,05:29.6,deep
Josh,6/9/2026 9:05,6/1/2026,6/2/2026 1:04,1781204767,05:29.8,deep
Josh,6/9/2026 9:05,6/1/2026,6/2/2026 1:05,1781204767,05:30.0,deep
Josh,6/9/2026 9:05,6/1/2026,6/2/2026 1:06,1781204767,05:30.2,deep
Josh,6/9/2026 9:05,6/1/2026,6/2/2026 1:07,1781204767,05:30.4,deep
Josh,6/9/2026 9:05,6/1/2026,6/2/2026 1:08,1781204767,05:30.6,deep
Josh,6/9/2026 9:05,6/1/2026,6/2/2026 1:09,1781204767,05:30.8,deep
Josh,6/9/2026 9:05,6/1/2026,6/2/2026 1:10,1781204767,6/9/2026 9:05,deep
Josh,6/9/2026 9:05,6/1/2026,6/2/2026 1:11,1781204767,05:31.2,deep
Josh,6/9/2026 9:05,6/1/2026,6/2/2026 1:12,1781204767,05:31.4,deep
Josh,6/9/2026 9:05,6/1/2026,6/2/2026 1:13,1781204767,05:31.6,light
Josh,6/9/2026 9:05,6/1/2026,6/2/2026 1:14,1781204767,05:31.8,light
Josh,6/9/2026 9:05,6/1/2026,6/2/2026 1:15,1781204767,05:32.9,light
Josh,6/9/2026 9:05,6/1/2026,6/2/2026 1:16,1781204767,05:32.2,light
Josh,6/9/2026 9:05,6/1/2026,6/2/2026 1:17,1781204767,05:32.4,light
Josh,6/9/2026 9:05,6/1/2026,6/2/2026 1:18,1781204767,05:32.6,light
Josh,6/9/2026 9:05,6/1/2026,6/2/2026 1:19,1781204767,05:32.8,light
Josh,6/9/2026 9:05,6/1/2026,6/2/2026 1:20,1781204767,05:33.2,light
Josh,6/9/2026 9:05,6/1/2026,6/2/2026 1:21,1781204767,05:33.2,light
Josh,6/9/2026 9:05,6/1/2026,6/2/2026 1:22,1781204767,05:33.4,rem
Josh,6/9/2026 9:05,6/1/2026,6/2/2026 1:23,1781204767,05:33.6,rem
Josh,6/9/2026 9:05,6/1/2026,6/2/2026 1:24,1781204767,05:33.8,rem
Josh,6/9/2026 9:05,6/1/2026,6/2/2026 1:25,1781204767,05:34.3,rem
Josh,6/9/2026 9:05,6/1/2026,6/2/2026 1:26,1781204767,05:34.2,rem
Josh,6/9/2026 9:05,6/1/2026,6/2/2026 1:27,1781204767,05:34.4,rem
Josh,6/9/2026 9:05,6/1/2026,6/2/2026 1:28,1781204767,05:34.6,rem
Josh,6/9/2026 9:05,6/1/2026,6/2/2026 1:29,1781204767,05:34.8,rem
Josh,6/9/2026 9:05,6/1/2026,6/2/2026 1:30,1781204767,05:35.3,rem
Josh,6/9/2026 9:05,6/1/2026,6/2/2026 1:31,1781204767,05:35.2,rem
Josh,6/9/2026 9:05,6/1/2026,6/2/2026 1:32,1781204767,05:35.4,rem
Josh,6/9/2026 9:05,6/1/2026,6/2/2026 1:33,1781204767,05:35.6,rem
Josh,6/9/2026 9:05,6/1/2026,6/2/2026 1:34,1781204767,05:35.8,rem
Josh,6/9/2026 9:05,6/1/2026,6/2/2026 1:35,1781204767,05:36.4,rem
Josh,6/9/2026 9:05,6/1/2026,6/2/2026 1:36,1781204767,05:36.2,light
Josh,6/9/2026 9:05,6/1/2026,6/2/2026 1:37,1781204767,05:36.4,light
Josh,6/9/2026 9:05,6/1/2026,6/2/2026 1:38,1781204767,05:36.6,light
Josh,6/9/2026 9:05,6/1/2026,6/2/2026 1:39,1781204767,05:36.8,light
Josh,6/9/2026 9:05,6/1/2026,6/2/2026 1:40,1781204767,05:37.5,light
Josh,6/9/2026 9:05,6/1/2026,6/2/2026 1:41,1781204767,05:37.3,light
Josh,6/9/2026 9:05,6/1/2026,6/2/2026 1:42,1781204767,05:37.5,light
Josh,6/9/2026 9:05,6/1/2026,6/2/2026 1:43,1781204767,05:37.7,light
Josh,6/9/2026 9:05,6/1/2026,6/2/2026 1:44,1781204767,05:37.9,light
Josh,6/9/2026 9:05,6/1/2026,6/2/2026 1:45,1781204767,05:38.6,light
Josh,6/9/2026 9:05,6/1/2026,6/2/2026 1:46,1781204767,05:38.3,light
Josh,6/9/2026 9:05,6/1/2026,6/2/2026 1:47,1781204767,05:38.5,light
Josh,6/9/2026 9:05,6/1/2026,6/2/2026 1:48,1781204767,05:38.7,light
Josh,6/9/2026 9:05,6/1/2026,6/2/2026 1:49,1781204767,05:38.9,light
Josh,6/9/2026 9:05,6/1/2026,6/2/2026 1:50,1781204767,05:39.7,light
Josh,6/9/2026 9:05,6/1/2026,6/2/2026 1:51,1781204767,05:39.3,light
Josh,6/9/2026 9:05,6/1/2026,6/2/2026 1:52,1781204767,05:39.5,light
Josh,6/9/2026 9:05,6/1/2026,6/2/2026 1:53,1781204767,05:39.7,light
Josh,6/9/2026 9:05,6/1/2026,6/2/2026 1:54,1781204767,05:39.9,light
Josh,6/9/2026 9:05,6/1/2026,6/2/2026 1:55,1781204767,05:40.8,light
Josh,6/9/2026 9:05,6/1/2026,6/2/2026 1:56,1781204767,05:40.3,light
Josh,6/9/2026 9:05,6/1/2026,6/2/2026 1:57,1781204767,05:40.5,light
Josh,6/9/2026 9:05,6/1/2026,6/2/2026 1:58,1781204767,05:40.7,deep
Josh,6/9/2026 9:05,6/1/2026,6/2/2026 1:59,1781204767,05:40.9,deep
Josh,6/9/2026 9:05,6/1/2026,6/2/2026 2:00,1781204767,05:41.9,deep
Josh,6/9/2026 9:05,6/1/2026,6/2/2026 2:01,1781204767,05:41.3,deep
Josh,6/9/2026 9:05,6/1/2026,6/2/2026 2:02,1781204767,05:41.5,deep
Josh,6/9/2026 9:05,6/1/2026,6/2/2026 2:03,1781204767,05:41.7,deep
Josh,6/9/2026 9:05,6/1/2026,6/2/2026 2:04,1781204767,05:41.9,deep
Josh,6/9/2026 9:05,6/1/2026,6/2/2026 2:05,1781204767,05:42.9,deep
Josh,6/9/2026 9:05,6/1/2026,6/2/2026 2:06,1781204767,05:42.3,deep
Josh,6/9/2026 9:05,6/1/2026,6/2/2026 2:07,1781204767,05:42.5,deep
Josh,6/9/2026 9:05,6/1/2026,6/2/2026 2:08,1781204767,05:42.7,deep
Josh,6/9/2026 9:05,6/1/2026,6/2/2026 2:09,1781204767,05:42.9,deep
Josh,6/9/2026 9:05,6/1/2026,6/2/2026 2:10,1781204767,05:43.1,deep
Josh,6/9/2026 9:05,6/1/2026,6/2/2026 2:11,1781204767,05:43.3,deep
Josh,6/9/2026 9:05,6/1/2026,6/2/2026 2:12,1781204767,05:43.5,deep
Josh,6/9/2026 9:05,6/1/2026,6/2/2026 2:13,1781204767,05:43.7,deep
Josh,6/9/2026 9:05,6/1/2026,6/2/2026 2:14,1781204767,05:43.9,deep
Josh,6/9/2026 9:05,6/1/2026,6/2/2026 2:15,1781204767,05:44.1,deep
Josh,6/9/2026 9:05,6/1/2026,6/2/2026 2:16,1781204767,05:44.3,deep
Josh,6/9/2026 9:05,6/1/2026,6/2/2026 2:17,1781204767,05:44.5,deep
Josh,6/9/2026 9:05,6/1/2026,6/2/2026 2:18,1781204767,05:44.7,deep
Josh,6/9/2026 9:05,6/1/2026,6/2/2026 2:19,1781204767,05:44.9,deep
Josh,6/9/2026 9:05,6/1/2026,6/2/2026 2:20,1781204767,05:45.1,deep
Josh,6/9/2026 9:05,6/1/2026,6/2/2026 2:21,1781204767,05:45.3,deep
Josh,6/9/2026 9:05,6/1/2026,6/2/2026 2:22,1781204767,05:45.5,deep
Josh,6/9/2026 9:05,6/1/2026,6/2/2026 2:23,1781204767,05:45.7,deep
Josh,6/9/2026 9:05,6/1/2026,6/2/2026 2:24,1781204767,05:45.9,light
Josh,6/9/2026 9:05,6/1/2026,6/2/2026 2:25,1781204767,05:46.1,light
Josh,6/9/2026 9:05,6/1/2026,6/2/2026 2:26,1781204767,05:46.3,light
Josh,6/9/2026 9:05,6/1/2026,6/2/2026 2:27,1781204767,05:46.5,light
Josh,6/9/2026 9:05,6/1/2026,6/2/2026 2:28,1781204767,05:46.7,light
Josh,6/9/2026 9:05,6/1/2026,6/2/2026 2:29,1781204767,05:46.9,light
Josh,6/9/2026 9:05,6/1/2026,6/2/2026 2:30,1781204767,05:47.1,light
Josh,6/9/2026 9:05,6/1/2026,6/2/2026 2:31,1781204767,05:47.3,light
Josh,6/9/2026 9:05,6/1/2026,6/2/2026 2:32,1781204767,05:47.5,rem
Josh,6/9/2026 9:05,6/1/2026,6/2/2026 2:33,1781204767,05:47.7,rem
Josh,6/9/2026 9:05,6/1/2026,6/2/2026 2:34,1781204767,05:47.9,rem
Josh,6/9/2026 9:05,6/1/2026,6/2/2026 2:35,1781204767,05:48.1,rem
Josh,6/9/2026 9:05,6/1/2026,6/2/2026 2:36,1781204767,05:48.3,rem
Josh,6/9/2026 9:05,6/1/2026,6/2/2026 2:37,1781204767,05:48.5,rem
Josh,6/9/2026 9:05,6/1/2026,6/2/2026 2:38,1781204767,05:48.7,rem
Josh,6/9/2026 9:05,6/1/2026,6/2/2026 2:39,1781204767,05:49.0,rem
Josh,6/9/2026 9:05,6/1/2026,6/2/2026 2:40,1781204767,05:49.2,rem
Josh,6/9/2026 9:05,6/1/2026,6/2/2026 2:41,1781204767,05:49.4,light
Josh,6/9/2026 9:05,6/1/2026,6/2/2026 2:42,1781204767,05:49.6,light
Josh,6/9/2026 9:05,6/1/2026,6/2/2026 2:43,1781204767,05:49.8,light
Josh,6/9/2026 9:05,6/1/2026,6/2/2026 2:44,1781204767,05:50.0,light
Josh,6/9/2026 9:05,6/1/2026,6/2/2026 2:45,1781204767,05:50.2,light
Josh,6/9/2026 9:05,6/1/2026,6/2/2026 2:46,1781204767,05:50.4,light
Josh,6/9/2026 9:05,6/1/2026,6/2/2026 2:47,1781204767,05:50.6,light
Josh,6/9/2026 9:05,6/1/2026,6/2/2026 2:48,1781204767,05:50.8,light
Josh,6/9/2026 9:05,6/1/2026,6/2/2026 2:49,1781204767,05:51.0,light
Josh,6/9/2026 9:05,6/1/2026,6/2/2026 2:50,1781204767,05:51.2,light
Josh,6/9/2026 9:05,6/1/2026,6/2/2026 2:51,1781204767,05:51.4,light
Josh,6/9/2026 9:05,6/1/2026,6/2/2026 2:52,1781204767,05:51.6,light
Josh,6/9/2026 9:05,6/1/2026,6/2/2026 2:53,1781204767,05:51.8,light
Josh,6/9/2026 9:05,6/1/2026,6/2/2026 2:54,1781204767,05:52.0,light
Josh,6/9/2026 9:05,6/1/2026,6/2/2026 2:55,1781204767,05:52.2,light
Josh,6/9/2026 9:05,6/1/2026,6/2/2026 2:56,1781204767,05:52.4,light
Josh,6/9/2026 9:05,6/1/2026,6/2/2026 2:57,1781204767,05:52.6,light
Josh,6/9/2026 9:05,6/1/2026,6/2/2026 2:58,1781204767,05:52.8,light
Josh,6/9/2026 9:05,6/1/2026,6/2/2026 2:59,1781204767,05:53.0,light
Josh,6/9/2026 9:05,6/1/2026,6/2/2026 3:00,1781204767,05:53.2,light
Josh,6/9/2026 9:05,6/1/2026,6/2/2026 3:01,1781204767,05:53.4,deep
Josh,6/9/2026 9:05,6/1/2026,6/2/2026 3:02,1781204767,05:53.6,deep
Josh,6/9/2026 9:05,6/1/2026,6/2/2026 3:03,1781204767,05:53.8,deep
Josh,6/9/2026 9:05,6/1/2026,6/2/2026 3:04,1781204767,05:54.0,deep
Josh,6/9/2026 9:05,6/1/2026,6/2/2026 3:05,1781204767,05:54.2,deep
Josh,6/9/2026 9:05,6/1/2026,6/2/2026 3:06,1781204767,05:54.4,deep
Josh,6/9/2026 9:05,6/1/2026,6/2/2026 3:07,1781204767,05:54.6,deep
Josh,6/9/2026 9:05,6/1/2026,6/2/2026 3:08,1781204767,05:54.8,deep
Josh,6/9/2026 9:05,6/1/2026,6/2/2026 3:09,1781204767,05:55.1,deep
Josh,6/9/2026 9:05,6/1/2026,6/2/2026 3:10,1781204767,05:55.2,deep
Josh,6/9/2026 9:05,6/1/2026,6/2/2026 3:11,1781204767,05:55.4,light
Josh,6/9/2026 9:05,6/1/2026,6/2/2026 3:12,1781204767,05:55.6,light
Josh,6/9/2026 9:05,6/1/2026,6/2/2026 3:13,1781204767,05:55.8,light
Josh,6/9/2026 9:05,6/1/2026,6/2/2026 3:14,1781204767,05:56.1,light
Josh,6/9/2026 9:05,6/1/2026,6/2/2026 3:15,1781204767,05:56.2,light
Josh,6/9/2026 9:05,6/1/2026,6/2/2026 3:16,1781204767,05:56.4,light
Josh,6/9/2026 9:05,6/1/2026,6/2/2026 3:17,1781204767,05:56.6,light
Josh,6/9/2026 9:05,6/1/2026,6/2/2026 3:18,1781204767,05:56.8,light
Josh,6/9/2026 9:05,6/1/2026,6/2/2026 3:19,1781204767,05:57.2,light
Josh,6/9/2026 9:05,6/1/2026,6/2/2026 3:20,1781204767,05:57.2,light
Josh,6/9/2026 9:05,6/1/2026,6/2/2026 3:21,1781204767,05:57.4,rem
Josh,6/9/2026 9:05,6/1/2026,6/2/2026 3:22,1781204767,05:57.6,rem
Josh,6/9/2026 9:05,6/1/2026,6/2/2026 3:23,1781204767,05:57.8,rem
Josh,6/9/2026 9:05,6/1/2026,6/2/2026 3:24,1781204767,05:58.3,rem
Josh,6/9/2026 9:05,6/1/2026,6/2/2026 3:25,1781204767,05:58.2,rem
Josh,6/9/2026 9:05,6/1/2026,6/2/2026 3:26,1781204767,05:58.4,rem
Josh,6/9/2026 9:05,6/1/2026,6/2/2026 3:27,1781204767,05:58.6,rem
Josh,6/9/2026 9:05,6/1/2026,6/2/2026 3:28,1781204767,05:58.8,rem
Josh,6/9/2026 9:05,6/1/2026,6/2/2026 3:29,1781204767,05:59.4,rem
Josh,6/9/2026 9:05,6/1/2026,6/2/2026 3:30,1781204767,05:59.2,rem
Josh,6/9/2026 9:05,6/1/2026,6/2/2026 3:31,1781204767,05:59.4,rem
Josh,6/9/2026 9:05,6/1/2026,6/2/2026 3:32,1781204767,05:59.6,rem
Josh,6/9/2026 9:05,6/1/2026,6/2/2026 3:33,1781204767,05:59.8,rem
Josh,6/9/2026 9:05,6/1/2026,6/2/2026 3:34,1781204767,06:00.4,rem
Josh,6/9/2026 9:05,6/1/2026,6/2/2026 3:35,1781204767,06:00.2,rem
Josh,6/9/2026 9:05,6/1/2026,6/2/2026 3:36,1781204767,06:00.4,rem
Josh,6/9/2026 9:05,6/1/2026,6/2/2026 3:37,1781204767,06:00.6,rem
Josh,6/9/2026 9:05,6/1/2026,6/2/2026 3:38,1781204767,06:00.8,rem
Josh,6/9/2026 9:05,6/1/2026,6/2/2026 3:39,1781204767,06:01.5,rem
Josh,6/9/2026 9:05,6/1/2026,6/2/2026 3:40,1781204767,06:01.3,rem
Josh,6/9/2026 9:05,6/1/2026,6/2/2026 3:41,1781204767,06:01.5,rem
Josh,6/9/2026 9:05,6/1/2026,6/2/2026 3:42,1781204767,06:01.7,rem
Josh,6/9/2026 9:05,6/1/2026,6/2/2026 3:43,1781204767,06:01.9,rem
Josh,6/9/2026 9:05,6/1/2026,6/2/2026 3:44,1781204767,06:02.6,rem
Josh,6/9/2026 9:05,6/1/2026,6/2/2026 3:45,1781204767,06:02.3,rem
Josh,6/9/2026 9:05,6/1/2026,6/2/2026 3:46,1781204767,06:02.5,rem
Josh,6/9/2026 9:05,6/1/2026,6/2/2026 3:47,1781204767,06:02.7,rem
Josh,6/9/2026 9:05,6/1/2026,6/2/2026 3:48,1781204767,06:02.9,rem
Josh,6/9/2026 9:05,6/1/2026,6/2/2026 3:49,1781204767,06:03.7,light
Josh,6/9/2026 9:05,6/1/2026,6/2/2026 3:50,1781204767,06:03.3,light
Josh,6/9/2026 9:05,6/1/2026,6/2/2026 3:51,1781204767,06:03.5,light
Josh,6/9/2026 9:05,6/1/2026,6/2/2026 3:52,1781204767,06:03.7,light
Josh,6/9/2026 9:05,6/1/2026,6/2/2026 3:53,1781204767,06:03.9,light
Josh,6/9/2026 9:05,6/1/2026,6/2/2026 3:54,1781204767,06:04.8,light
Josh,6/9/2026 9:05,6/1/2026,6/2/2026 3:55,1781204767,06:04.3,light
Josh,6/9/2026 9:05,6/1/2026,6/2/2026 3:56,1781204767,06:04.5,light
Josh,6/9/2026 9:05,6/1/2026,6/2/2026 3:57,1781204767,06:04.7,light
Josh,6/9/2026 9:05,6/1/2026,6/2/2026 3:58,1781204767,06:04.9,light
Josh,6/9/2026 9:05,6/1/2026,6/2/2026 3:59,1781204767,06:05.9,light
Josh,6/9/2026 9:05,6/1/2026,6/2/2026 4:00,1781204767,06:05.3,light
Josh,6/9/2026 9:05,6/1/2026,6/2/2026 4:01,1781204767,06:05.5,light
Josh,6/9/2026 9:05,6/1/2026,6/2/2026 4:02,1781204767,06:05.7,light
Josh,6/9/2026 9:05,6/1/2026,6/2/2026 4:03,1781204767,06:05.9,light
Josh,6/9/2026 9:05,6/1/2026,6/2/2026 4:04,1781204767,06:06.9,light
Josh,6/9/2026 9:05,6/1/2026,6/2/2026 4:05,1781204767,06:06.3,light
Josh,6/9/2026 9:05,6/1/2026,6/2/2026 4:06,1781204767,06:06.5,light
Josh,6/9/2026 9:05,6/1/2026,6/2/2026 4:07,1781204767,06:06.7,light
Josh,6/9/2026 9:05,6/1/2026,6/2/2026 4:08,1781204767,06:06.9,light
Josh,6/9/2026 9:05,6/1/2026,6/2/2026 4:09,1781204767,06:07.1,light
Josh,6/9/2026 9:05,6/1/2026,6/2/2026 4:10,1781204767,06:07.3,light
Josh,6/9/2026 9:05,6/1/2026,6/2/2026 4:11,1781204767,06:07.5,light
Josh,6/9/2026 9:05,6/1/2026,6/2/2026 4:12,1781204767,06:07.7,deep
Josh,6/9/2026 9:05,6/1/2026,6/2/2026 4:13,1781204767,06:07.9,deep
Josh,6/9/2026 9:05,6/1/2026,6/2/2026 4:14,1781204767,06:08.1,deep
Josh,6/9/2026 9:05,6/1/2026,6/2/2026 4:15,1781204767,06:08.3,deep
Josh,6/9/2026 9:05,6/1/2026,6/2/2026 4:16,1781204767,06:08.5,deep
Josh,6/9/2026 9:05,6/1/2026,6/2/2026 4:17,1781204767,06:08.7,deep
Josh,6/9/2026 9:05,6/1/2026,6/2/2026 4:18,1781204767,06:08.9,deep
Josh,6/9/2026 9:05,6/1/2026,6/2/2026 4:19,1781204767,06:09.1,deep
Josh,6/9/2026 9:05,6/1/2026,6/2/2026 4:20,1781204767,06:09.3,deep
Josh,6/9/2026 9:05,6/1/2026,6/2/2026 4:21,1781204767,06:09.5,deep
Josh,6/9/2026 9:05,6/1/2026,6/2/2026 4:22,1781204767,06:09.7,deep
Josh,6/9/2026 9:05,6/1/2026,6/2/2026 4:23,1781204767,06:09.9,light
Josh,6/9/2026 9:05,6/1/2026,6/2/2026 4:24,1781204767,06:10.1,light
Josh,6/9/2026 9:05,6/1/2026,6/2/2026 4:25,1781204767,06:10.3,light
Josh,6/9/2026 9:05,6/1/2026,6/2/2026 4:26,1781204767,06:10.5,light
Josh,6/9/2026 9:05,6/1/2026,6/2/2026 4:27,1781204767,06:10.7,light
Josh,6/9/2026 9:05,6/1/2026,6/2/2026 4:28,1781204767,06:10.9,rem
Josh,6/9/2026 9:05,6/1/2026,6/2/2026 4:29,1781204767,06:11.1,rem
Josh,6/9/2026 9:05,6/1/2026,6/2/2026 4:30,1781204767,06:11.3,rem
Josh,6/9/2026 9:05,6/1/2026,6/2/2026 4:31,1781204767,06:11.5,rem
Josh,6/9/2026 9:05,6/1/2026,6/2/2026 4:32,1781204767,06:11.7,rem
Josh,6/9/2026 9:05,6/1/2026,6/2/2026 4:33,1781204767,06:11.9,rem
Josh,6/9/2026 9:05,6/1/2026,6/2/2026 4:34,1781204767,06:12.1,rem
Josh,6/9/2026 9:05,6/1/2026,6/2/2026 4:35,1781204767,06:12.3,rem
Josh,6/9/2026 9:05,6/1/2026,6/2/2026 4:36,1781204767,06:12.5,rem
Josh,6/9/2026 9:05,6/1/2026,6/2/2026 4:37,1781204767,06:12.7,rem
Josh,6/9/2026 9:05,6/1/2026,6/2/2026 4:38,1781204767,06:13.0,rem
Josh,6/9/2026 9:05,6/1/2026,6/2/2026 4:39,1781204767,06:13.2,rem
Josh,6/9/2026 9:05,6/1/2026,6/2/2026 4:40,1781204767,06:13.4,rem
Josh,6/9/2026 9:05,6/1/2026,6/2/2026 4:41,1781204767,06:13.6,rem
Josh,6/9/2026 9:05,6/1/2026,6/2/2026 4:42,1781204767,06:13.8,rem
Josh,6/9/2026 9:05,6/1/2026,6/2/2026 4:43,1781204767,06:14.0,rem
Josh,6/9/2026 9:05,6/1/2026,6/2/2026 4:44,1781204767,06:14.2,rem
Josh,6/9/2026 9:05,6/1/2026,6/2/2026 4:45,1781204767,06:14.4,rem
Josh,6/9/2026 9:05,6/1/2026,6/2/2026 4:46,1781204767,06:14.6,rem
Josh,6/9/2026 9:05,6/1/2026,6/2/2026 4:47,1781204767,06:14.8,light
Josh,6/9/2026 9:05,6/1/2026,6/2/2026 4:48,1781204767,06:15.0,light
Josh,6/9/2026 9:05,6/1/2026,6/2/2026 4:49,1781204767,06:15.2,light
Josh,6/9/2026 9:05,6/1/2026,6/2/2026 4:50,1781204767,06:15.4,light
Josh,6/9/2026 9:05,6/1/2026,6/2/2026 4:51,1781204767,06:15.6,light
Josh,6/9/2026 9:05,6/1/2026,6/2/2026 4:52,1781204767,06:15.8,light
Josh,6/9/2026 9:05,6/1/2026,6/2/2026 4:53,1781204767,06:16.0,light
Josh,6/9/2026 9:05,6/1/2026,6/2/2026 4:54,1781204767,06:16.2,light
Josh,6/9/2026 9:05,6/1/2026,6/2/2026 4:55,1781204767,06:16.4,light
Josh,6/9/2026 9:05,6/1/2026,6/2/2026 4:56,1781204767,06:16.6,light
Josh,6/9/2026 9:05,6/1/2026,6/2/2026 4:57,1781204767,06:16.8,light
Josh,6/9/2026 9:05,6/1/2026,6/2/2026 4:58,1781204767,06:17.0,light
Josh,6/9/2026 9:05,6/1/2026,6/2/2026 4:59,1781204767,06:17.2,light
Josh,6/9/2026 9:05,6/1/2026,6/2/2026 5:00,1781204767,06:17.4,light
Josh,6/9/2026 9:05,6/1/2026,6/2/2026 5:01,1781204767,06:17.6,light
Josh,6/9/2026 9:05,6/1/2026,6/2/2026 5:02,1781204767,06:17.8,deep
Josh,6/9/2026 9:05,6/1/2026,6/2/2026 5:03,1781204767,06:18.0,deep
Josh,6/9/2026 9:05,6/1/2026,6/2/2026 5:04,1781204767,06:18.2,deep
Josh,6/9/2026 9:05,6/1/2026,6/2/2026 5:05,1781204767,06:18.4,deep
Josh,6/9/2026 9:05,6/1/2026,6/2/2026 5:06,1781204767,06:18.6,deep
Josh,6/9/2026 9:05,6/1/2026,6/2/2026 5:07,1781204767,06:18.8,light
Josh,6/9/2026 9:05,6/1/2026,6/2/2026 5:08,1781204767,06:19.2,light
Josh,6/9/2026 9:05,6/1/2026,6/2/2026 5:09,1781204767,06:19.2,light
Josh,6/9/2026 9:05,6/1/2026,6/2/2026 5:10,1781204767,06:19.4,light
Josh,6/9/2026 9:05,6/1/2026,6/2/2026 5:11,1781204767,06:19.6,light
Josh,6/9/2026 9:05,6/1/2026,6/2/2026 5:12,1781204767,06:19.8,wake
Josh,6/9/2026 9:05,6/1/2026,6/2/2026 5:13,1781204767,06:20.1,wake
Josh,6/9/2026 9:05,6/1/2026,6/2/2026 5:14,1781204767,06:20.2,wake
Josh,6/9/2026 9:05,6/1/2026,6/2/2026 5:15,1781204767,06:20.4,rem
Josh,6/9/2026 9:05,6/1/2026,6/2/2026 5:16,1781204767,06:20.6,rem
Josh,6/9/2026 9:05,6/1/2026,6/2/2026 5:17,1781204767,06:20.8,rem
Josh,6/9/2026 9:05,6/1/2026,6/2/2026 5:18,1781204767,06:21.2,rem
Josh,6/9/2026 9:05,6/1/2026,6/2/2026 5:19,1781204767,06:21.2,rem
Josh,6/9/2026 9:05,6/1/2026,6/2/2026 5:20,1781204767,06:21.4,rem
Josh,6/9/2026 9:05,6/1/2026,6/2/2026 5:21,1781204767,06:21.6,rem
Josh,6/9/2026 9:05,6/1/2026,6/2/2026 5:22,1781204767,06:21.8,rem
Josh,6/9/2026 9:05,6/1/2026,6/2/2026 5:23,1781204767,06:22.3,rem
Josh,6/9/2026 9:05,6/1/2026,6/2/2026 5:24,1781204767,06:22.2,rem
Josh,6/9/2026 9:05,6/1/2026,6/2/2026 5:25,1781204767,06:22.4,rem
Josh,6/9/2026 9:05,6/1/2026,6/2/2026 5:26,1781204767,06:22.6,rem
Josh,6/9/2026 9:05,6/1/2026,6/2/2026 5:27,1781204767,06:22.8,rem
Josh,6/9/2026 9:05,6/1/2026,6/2/2026 5:28,1781204767,06:23.4,rem
Josh,6/9/2026 9:05,6/1/2026,6/2/2026 5:29,1781204767,06:23.2,rem
Josh,6/9/2026 9:05,6/1/2026,6/2/2026 5:30,1781204767,06:23.4,rem
Josh,6/9/2026 9:05,6/1/2026,6/2/2026 5:31,1781204767,06:23.6,rem
Josh,6/9/2026 9:05,6/1/2026,6/2/2026 5:32,1781204767,06:23.8,rem
Josh,6/9/2026 9:05,6/1/2026,6/2/2026 5:33,1781204767,06:24.4,rem
Josh,6/9/2026 9:05,6/1/2026,6/2/2026 5:34,1781204767,06:24.2,rem
Josh,6/9/2026 9:05,6/1/2026,6/2/2026 5:35,1781204767,06:24.4,rem
Josh,6/9/2026 9:05,6/1/2026,6/2/2026 5:36,1781204767,06:24.6,rem
Josh,6/9/2026 9:05,6/1/2026,6/2/2026 5:37,1781204767,06:24.9,rem
Josh,6/9/2026 9:05,6/1/2026,6/2/2026 5:38,1781204767,06:25.5,rem
Josh,6/9/2026 9:05,6/1/2026,6/2/2026 5:39,1781204767,06:25.3,rem
Josh,6/9/2026 9:05,6/1/2026,6/2/2026 5:40,1781204767,06:25.5,rem
Josh,6/9/2026 9:05,6/1/2026,6/2/2026 5:41,1781204767,06:25.7,rem
Josh,6/9/2026 9:05,6/1/2026,6/2/2026 5:42,1781204767,06:25.9,rem
Josh,6/9/2026 9:05,6/1/2026,6/2/2026 5:43,1781204767,06:26.6,rem
Josh,6/9/2026 9:05,6/1/2026,6/2/2026 5:44,1781204767,06:26.3,light
Josh,6/9/2026 9:05,6/1/2026,6/2/2026 5:45,1781204767,06:26.5,light
Josh,6/9/2026 9:05,6/1/2026,6/2/2026 5:46,1781204767,06:26.7,light
Josh,6/9/2026 9:05,6/1/2026,6/2/2026 5:47,1781204767,06:26.9,light
Josh,6/9/2026 9:05,6/1/2026,6/2/2026 5:48,1781204767,06:27.7,light
Josh,6/9/2026 9:05,6/1/2026,6/2/2026 5:49,1781204767,06:27.3,light
Josh,6/9/2026 9:05,6/1/2026,6/2/2026 5:50,1781204767,06:27.5,light
Josh,6/9/2026 9:05,6/1/2026,6/2/2026 5:51,1781204767,06:27.7,light
Josh,6/9/2026 9:05,6/1/2026,6/2/2026 5:52,1781204767,06:27.9,light
Josh,6/9/2026 9:05,6/1/2026,6/2/2026 5:53,1781204767,06:28.8,light
Josh,6/9/2026 9:05,6/1/2026,6/2/2026 5:54,1781204767,06:28.3,light
Josh,6/9/2026 9:05,6/1/2026,6/2/2026 5:55,1781204767,06:28.5,light
Josh,6/9/2026 9:05,6/1/2026,6/2/2026 5:56,1781204767,06:28.7,light
Josh,6/9/2026 9:05,6/1/2026,6/2/2026 5:57,1781204767,06:28.9,light
Josh,6/9/2026 9:05,6/1/2026,6/2/2026 5:58,1781204767,06:29.9,light
Josh,6/9/2026 9:05,6/1/2026,6/2/2026 5:59,1781204767,06:29.3,deep
Josh,6/9/2026 9:05,6/1/2026,6/2/2026 6:00,1781204767,06:29.5,deep
Josh,6/9/2026 9:05,6/1/2026,6/2/2026 6:01,1781204767,06:29.7,deep
Josh,6/9/2026 9:05,6/1/2026,6/2/2026 6:02,1781204767,06:29.9,deep
Josh,6/9/2026 9:05,6/1/2026,6/2/2026 6:03,1781204767,06:30.9,deep
Josh,6/9/2026 9:05,6/1/2026,6/2/2026 6:04,1781204767,06:30.3,light
Josh,6/9/2026 9:05,6/1/2026,6/2/2026 6:05,1781204767,06:30.5,light
Josh,6/9/2026 9:05,6/1/2026,6/2/2026 6:06,1781204767,06:30.7,light
Josh,6/9/2026 9:05,6/1/2026,6/2/2026 6:07,1781204767,06:30.9,light
Josh,6/9/2026 9:05,6/1/2026,6/2/2026 6:08,1781204767,06:31.1,light
Josh,6/9/2026 9:05,6/1/2026,6/2/2026 6:09,1781204767,06:31.3,light
Josh,6/9/2026 9:05,6/1/2026,6/2/2026 6:10,1781204767,06:31.5,light
Josh,6/9/2026 9:05,6/1/2026,6/2/2026 6:11,1781204767,06:31.7,light
Josh,6/9/2026 9:05,6/1/2026,6/2/2026 6:12,1781204767,06:31.9,rem
Josh,6/9/2026 9:05,6/1/2026,6/2/2026 6:13,1781204767,06:32.1,rem
Josh,6/9/2026 9:05,6/1/2026,6/2/2026 6:14,1781204767,06:32.3,rem
Josh,6/9/2026 9:05,6/1/2026,6/2/2026 6:15,1781204767,06:32.5,rem
Josh,6/9/2026 9:05,6/1/2026,6/2/2026 6:16,1781204767,06:32.7,rem
Josh,6/9/2026 9:05,6/1/2026,6/2/2026 6:17,1781204767,06:32.9,rem
Josh,6/9/2026 9:05,6/1/2026,6/2/2026 6:18,1781204767,06:33.1,rem
Josh,6/9/2026 9:05,6/1/2026,6/2/2026 6:19,1781204767,06:33.3,rem
Josh,6/9/2026 9:05,6/1/2026,6/2/2026 6:20,1781204767,06:33.5,rem
Josh,6/9/2026 9:05,6/1/2026,6/2/2026 6:21,1781204767,06:33.7,rem
Josh,6/9/2026 9:05,6/1/2026,6/2/2026 6:22,1781204767,06:33.9,rem
Josh,6/9/2026 9:05,6/1/2026,6/2/2026 6:23,1781204767,06:34.1,rem
Josh,6/9/2026 9:05,6/1/2026,6/2/2026 6:24,1781204767,06:34.3,rem
Josh,6/9/2026 9:05,6/1/2026,6/2/2026 6:25,1781204767,06:34.5,rem
Josh,6/9/2026 9:05,6/1/2026,6/2/2026 6:26,1781204767,06:34.7,rem
Josh,6/9/2026 9:05,6/1/2026,6/2/2026 6:27,1781204767,06:34.9,rem
Josh,6/9/2026 9:05,6/1/2026,6/2/2026 6:28,1781204767,06:35.1,rem
Josh,6/9/2026 9:05,6/1/2026,6/2/2026 6:29,1781204767,06:35.3,rem
Josh,6/9/2026 9:05,6/1/2026,6/2/2026 6:30,1781204767,06:35.5,rem
Josh,6/9/2026 9:05,6/1/2026,6/2/2026 6:31,1781204767,06:35.7,rem
Josh,6/9/2026 9:05,6/1/2026,6/2/2026 6:32,1781204767,06:35.9,rem
Josh,6/9/2026 9:05,6/1/2026,6/2/2026 6:33,1781204767,06:36.1,rem
Josh,6/9/2026 9:05,6/1/2026,6/2/2026 6:34,1781204767,06:36.3,rem
Josh,6/9/2026 9:05,6/1/2026,6/2/2026 6:35,1781204767,06:36.5,rem
Josh,6/9/2026 9:05,6/1/2026,6/2/2026 6:36,1781204767,06:36.8,rem
Josh,6/9/2026 9:05,6/1/2026,6/2/2026 6:37,1781204767,06:37.0,rem
Josh,6/9/2026 9:05,6/1/2026,6/2/2026 6:38,1781204767,06:37.2,rem
Josh,6/9/2026 9:05,6/1/2026,6/2/2026 6:39,1781204767,06:37.4,light
Josh,6/9/2026 9:05,6/1/2026,6/2/2026 6:40,1781204767,06:37.6,light
Josh,6/9/2026 9:05,6/1/2026,6/2/2026 6:41,1781204767,06:37.8,light
Josh,6/9/2026 9:05,6/1/2026,6/2/2026 6:42,1781204767,06:38.0,light
Josh,6/9/2026 9:05,6/1/2026,6/2/2026 6:43,1781204767,06:38.2,light
Josh,6/9/2026 9:05,6/1/2026,6/2/2026 6:44,1781204767,06:38.4,light
Josh,6/9/2026 9:05,6/1/2026,6/2/2026 6:45,1781204767,06:38.6,light
Josh,6/9/2026 9:05,6/1/2026,6/2/2026 6:46,1781204767,06:38.8,light
Josh,6/9/2026 9:05,6/1/2026,6/2/2026 6:47,1781204767,06:39.0,light
Josh,6/9/2026 9:05,6/1/2026,6/2/2026 6:48,1781204767,06:39.2,light
Josh,6/9/2026 9:05,6/1/2026,6/2/2026 6:49,1781204767,06:39.4,light
Josh,6/9/2026 9:05,6/1/2026,6/2/2026 6:50,1781204767,06:39.6,light
Josh,6/9/2026 9:05,6/1/2026,6/2/2026 6:51,1781204767,06:39.8,light
Josh,6/9/2026 9:05,6/1/2026,6/2/2026 6:52,1781204767,06:40.0,light
Josh,6/9/2026 9:05,6/1/2026,6/2/2026 6:53,1781204767,06:40.2,light
Josh,6/9/2026 9:05,6/1/2026,6/2/2026 6:54,1781204767,06:40.4,deep
Josh,6/9/2026 9:05,6/1/2026,6/2/2026 6:55,1781204767,06:40.6,deep
Josh,6/9/2026 9:05,6/1/2026,6/2/2026 6:56,1781204767,06:40.8,deep
Josh,6/9/2026 9:05,6/1/2026,6/2/2026 6:57,1781204767,06:41.0,deep
Josh,6/9/2026 9:05,6/1/2026,6/2/2026 6:58,1781204767,06:41.2,deep
Josh,6/9/2026 9:05,6/1/2026,6/2/2026 6:59,1781204767,06:41.4,deep
Josh,6/9/2026 9:05,6/1/2026,6/2/2026 7:00,1781204767,06:41.6,deep
Josh,6/9/2026 9:05,6/1/2026,6/2/2026 7:01,1781204767,06:41.8,deep
Josh,6/9/2026 9:05,6/1/2026,6/2/2026 7:02,1781204767,06:42.0,deep
Josh,6/9/2026 9:05,6/1/2026,6/2/2026 7:03,1781204767,06:42.2,deep
Josh,6/9/2026 9:05,6/1/2026,6/2/2026 7:04,1781204767,06:42.4,light
Josh,6/9/2026 9:05,6/1/2026,6/2/2026 7:05,1781204767,06:42.6,light
Josh,6/9/2026 9:05,6/1/2026,6/2/2026 7:06,1781204767,06:42.8,light
Josh,6/9/2026 9:05,6/1/2026,6/2/2026 7:07,1781204767,06:43.3,light
Josh,6/9/2026 9:05,6/1/2026,6/2/2026 7:08,1781204767,06:43.2,light
Josh,6/9/2026 9:05,6/1/2026,6/2/2026 7:09,1781204767,06:43.4,light
Josh,6/9/2026 9:05,6/1/2026,6/2/2026 7:10,1781204767,06:43.6,light
Josh,6/9/2026 9:05,6/1/2026,6/2/2026 7:11,1781204767,06:43.8,light
Josh,6/9/2026 9:05,6/1/2026,6/2/2026 7:12,1781204767,06:44.1,rem
Josh,6/9/2026 9:05,6/1/2026,6/2/2026 7:13,1781204767,06:44.2,rem
Josh,6/9/2026 9:05,6/1/2026,6/2/2026 7:14,1781204767,06:44.4,rem
Josh,6/9/2026 9:05,6/1/2026,6/2/2026 7:15,1781204767,06:44.6,rem
Josh,6/9/2026 9:05,6/1/2026,6/2/2026 7:16,1781204767,06:44.8,rem
Josh,6/9/2026 9:05,6/1/2026,6/2/2026 7:17,1781204767,06:45.2,rem
Josh,6/9/2026 9:05,6/1/2026,6/2/2026 7:18,1781204767,06:45.2,rem
Josh,6/9/2026 9:05,6/1/2026,6/2/2026 7:19,1781204767,06:45.4,rem
Josh,6/9/2026 9:05,6/1/2026,6/2/2026 7:20,1781204767,06:45.6,rem
Josh,6/9/2026 9:05,6/1/2026,6/2/2026 7:21,1781204767,06:45.8,rem
Josh,6/9/2026 9:05,6/1/2026,6/2/2026 7:22,1781204767,06:46.3,rem
Josh,6/9/2026 9:05,6/1/2026,6/2/2026 7:23,1781204767,06:46.2,rem
Josh,6/9/2026 9:05,6/1/2026,6/2/2026 7:24,1781204767,06:46.4,rem
Josh,6/9/2026 9:05,6/1/2026,6/2/2026 7:25,1781204767,06:46.6,rem
Josh,6/9/2026 9:05,6/1/2026,6/2/2026 7:26,1781204767,06:46.8,rem
Josh,6/9/2026 9:05,6/1/2026,6/2/2026 7:27,1781204767,06:47.4,rem
Josh,6/9/2026 9:05,6/1/2026,6/2/2026 7:28,1781204767,06:47.2,rem
Josh,6/9/2026 9:05,6/1/2026,6/2/2026 7:29,1781204767,06:47.4,rem
Josh,6/9/2026 9:05,6/1/2026,6/2/2026 7:30,1781204767,06:47.6,rem
Josh,6/9/2026 9:05,6/1/2026,6/2/2026 7:31,1781204767,06:47.8,rem
Josh,6/9/2026 9:05,6/1/2026,6/2/2026 7:32,1781204767,06:48.5,rem
Josh,6/9/2026 9:05,6/1/2026,6/2/2026 7:33,1781204767,06:48.2,rem
Josh,6/9/2026 9:05,6/1/2026,6/2/2026 7:34,1781204767,06:48.4,rem
Josh,6/9/2026 9:05,6/1/2026,6/2/2026 7:35,1781204767,06:48.7,rem
Josh,6/9/2026 9:05,6/1/2026,6/2/2026 7:36,1781204767,06:48.9,rem
Josh,6/9/2026 9:05,6/1/2026,6/2/2026 7:37,1781204767,06:49.5,rem
Josh,6/9/2026 9:05,6/1/2026,6/2/2026 7:38,1781204767,06:49.3,rem
Josh,6/9/2026 9:05,6/1/2026,6/2/2026 7:39,1781204767,06:49.5,rem
Josh,6/9/2026 9:02,6/2/2026,6/2/2026 23:18,1781205639,6/9/2026 9:02,light
Josh,6/9/2026 9:02,6/2/2026,6/2/2026 23:19,1781205639,02:57.2,light
Josh,6/9/2026 9:02,6/2/2026,6/2/2026 23:20,1781205639,02:57.4,light
Josh,6/9/2026 9:02,6/2/2026,6/2/2026 23:21,1781205639,02:57.7,light
Josh,6/9/2026 9:02,6/2/2026,6/2/2026 23:22,1781205639,02:57.9,light
Josh,6/9/2026 9:02,6/2/2026,6/2/2026 23:23,1781205639,02:58.9,light
Josh,6/9/2026 9:02,6/2/2026,6/2/2026 23:24,1781205639,02:58.3,light
Josh,6/9/2026 9:02,6/2/2026,6/2/2026 23:25,1781205639,02:58.5,light
Josh,6/9/2026 9:02,6/2/2026,6/2/2026 23:26,1781205639,02:58.7,light
Josh,6/9/2026 9:02,6/2/2026,6/2/2026 23:27,1781205639,02:59.0,light
Josh,6/9/2026 9:02,6/2/2026,6/2/2026 23:28,1781205639,02:59.2,light
Josh,6/9/2026 9:02,6/2/2026,6/2/2026 23:29,1781205639,02:59.4,light
Josh,6/9/2026 9:02,6/2/2026,6/2/2026 23:30,1781205639,02:59.6,light
Josh,6/9/2026 9:02,6/2/2026,6/2/2026 23:31,1781205639,02:59.8,light
Josh,6/9/2026 9:02,6/2/2026,6/2/2026 23:32,1781205639,03:00.5,light
Josh,6/9/2026 9:02,6/2/2026,6/2/2026 23:33,1781205639,03:00.3,light
Josh,6/9/2026 9:02,6/2/2026,6/2/2026 23:34,1781205639,03:00.5,light
Josh,6/9/2026 9:02,6/2/2026,6/2/2026 23:35,1781205639,03:00.7,light
Josh,6/9/2026 9:02,6/2/2026,6/2/2026 23:36,1781205639,03:00.9,light
Josh,6/9/2026 9:02,6/2/2026,6/2/2026 23:37,1781205639,03:01.1,deep
Josh,6/9/2026 9:02,6/2/2026,6/2/2026 23:38,1781205639,03:01.4,deep
Josh,6/9/2026 9:02,6/2/2026,6/2/2026 23:39,1781205639,03:01.6,deep
Josh,6/9/2026 9:02,6/2/2026,6/2/2026 23:40,1781205639,03:01.8,deep
Josh,6/9/2026 9:02,6/2/2026,6/2/2026 23:41,1781205639,03:02.2,deep
Josh,6/9/2026 9:02,6/2/2026,6/2/2026 23:42,1781205639,03:02.2,deep
Josh,6/9/2026 9:02,6/2/2026,6/2/2026 23:43,1781205639,03:02.5,deep
Josh,6/9/2026 9:02,6/2/2026,6/2/2026 23:44,1781205639,03:02.7,deep
Josh,6/9/2026 9:02,6/2/2026,6/2/2026 23:45,1781205639,03:02.9,deep
Josh,6/9/2026 9:02,6/2/2026,6/2/2026 23:46,1781205639,03:03.1,deep
Josh,6/9/2026 9:02,6/2/2026,6/2/2026 23:47,1781205639,03:03.3,deep
Josh,6/9/2026 9:02,6/2/2026,6/2/2026 23:48,1781205639,03:03.5,deep
Josh,6/9/2026 9:02,6/2/2026,6/2/2026 23:49,1781205639,03:03.8,deep
Josh,6/9/2026 9:02,6/2/2026,6/2/2026 23:50,1781205639,03:04.0,deep
Josh,6/9/2026 9:02,6/2/2026,6/2/2026 23:51,1781205639,03:04.2,deep
Josh,6/9/2026 9:02,6/2/2026,6/2/2026 23:52,1781205639,03:04.4,deep
Josh,6/9/2026 9:02,6/2/2026,6/2/2026 23:53,1781205639,03:04.6,deep
Josh,6/9/2026 9:02,6/2/2026,6/2/2026 23:54,1781205639,03:04.9,deep
Josh,6/9/2026 9:02,6/2/2026,6/2/2026 23:55,1781205639,03:05.7,deep
Josh,6/9/2026 9:02,6/2/2026,6/2/2026 23:56,1781205639,03:05.3,deep
Josh,6/9/2026 9:02,6/2/2026,6/2/2026 23:57,1781205639,03:05.5,deep
Josh,6/9/2026 9:02,6/2/2026,6/2/2026 23:58,1781205639,03:05.7,deep
Josh,6/9/2026 9:02,6/2/2026,6/2/2026 23:59,1781205639,03:05.9,deep
Josh,6/9/2026 9:02,6/2/2026,6/3/2026 0:00,1781205639,03:06.2,deep
Josh,6/9/2026 9:02,6/2/2026,6/3/2026 0:01,1781205639,03:06.4,deep
Josh,6/9/2026 9:02,6/2/2026,6/3/2026 0:02,1781205639,03:06.6,light
Josh,6/9/2026 9:02,6/2/2026,6/3/2026 0:03,1781205639,03:06.8,light
Josh,6/9/2026 9:02,6/2/2026,6/3/2026 0:04,1781205639,03:07.3,light
Josh,6/9/2026 9:02,6/2/2026,6/3/2026 0:05,1781205639,03:07.3,light
Josh,6/9/2026 9:02,6/2/2026,6/3/2026 0:06,1781205639,03:07.5,light
Josh,6/9/2026 9:02,6/2/2026,6/3/2026 0:07,1781205639,03:07.7,light
Josh,6/9/2026 9:02,6/2/2026,6/3/2026 0:08,1781205639,03:07.9,light
Josh,6/9/2026 9:02,6/2/2026,6/3/2026 0:09,1781205639,03:08.1,rem
Josh,6/9/2026 9:02,6/2/2026,6/3/2026 0:10,1781205639,03:08.3,rem
Josh,6/9/2026 9:02,6/2/2026,6/3/2026 0:11,1781205639,03:08.6,rem
Josh,6/9/2026 9:02,6/2/2026,6/3/2026 0:12,1781205639,03:08.8,rem
Josh,6/9/2026 9:02,6/2/2026,6/3/2026 0:13,1781205639,03:09.0,rem
Josh,6/9/2026 9:02,6/2/2026,6/3/2026 0:14,1781205639,03:09.2,rem
Josh,6/9/2026 9:02,6/2/2026,6/3/2026 0:15,1781205639,03:09.4,rem
Josh,6/9/2026 9:02,6/2/2026,6/3/2026 0:16,1781205639,03:09.7,rem
Josh,6/9/2026 9:02,6/2/2026,6/3/2026 0:17,1781205639,03:09.9,rem
Josh,6/9/2026 9:02,6/2/2026,6/3/2026 0:18,1781205639,03:10.9,rem
Josh,6/9/2026 9:02,6/2/2026,6/3/2026 0:19,1781205639,03:10.3,rem
Josh,6/9/2026 9:02,6/2/2026,6/3/2026 0:20,1781205639,03:10.5,rem
Josh,6/9/2026 9:02,6/2/2026,6/3/2026 0:21,1781205639,03:10.7,rem
Josh,6/9/2026 9:02,6/2/2026,6/3/2026 0:22,1781205639,03:11.0,rem
Josh,6/9/2026 9:02,6/2/2026,6/3/2026 0:23,1781205639,03:11.2,rem
Josh,6/9/2026 9:02,6/2/2026,6/3/2026 0:24,1781205639,03:11.4,rem
Josh,6/9/2026 9:02,6/2/2026,6/3/2026 0:25,1781205639,03:11.6,light
Josh,6/9/2026 9:02,6/2/2026,6/3/2026 0:26,1781205639,03:11.8,light
Josh,6/9/2026 9:02,6/2/2026,6/3/2026 0:27,1781205639,03:12.5,light
Josh,6/9/2026 9:02,6/2/2026,6/3/2026 0:28,1781205639,03:12.3,light
Josh,6/9/2026 9:02,6/2/2026,6/3/2026 0:29,1781205639,03:12.5,light
Josh,6/9/2026 9:02,6/2/2026,6/3/2026 0:30,1781205639,03:12.7,light
Josh,6/9/2026 9:02,6/2/2026,6/3/2026 0:31,1781205639,03:12.9,light
Josh,6/9/2026 9:02,6/2/2026,6/3/2026 0:32,1781205639,03:13.1,light
Josh,6/9/2026 9:02,6/2/2026,6/3/2026 0:33,1781205639,03:13.4,light
Josh,6/9/2026 9:02,6/2/2026,6/3/2026 0:34,1781205639,03:13.6,light
Josh,6/9/2026 9:02,6/2/2026,6/3/2026 0:35,1781205639,03:13.8,light
Josh,6/9/2026 9:02,6/2/2026,6/3/2026 0:36,1781205639,03:14.1,light
Josh,6/9/2026 9:02,6/2/2026,6/3/2026 0:37,1781205639,03:14.2,light
Josh,6/9/2026 9:02,6/2/2026,6/3/2026 0:38,1781205639,03:14.5,light
Josh,6/9/2026 9:02,6/2/2026,6/3/2026 0:39,1781205639,03:14.7,light
Josh,6/9/2026 9:02,6/2/2026,6/3/2026 0:40,1781205639,03:14.9,deep
Josh,6/9/2026 9:02,6/2/2026,6/3/2026 0:41,1781205639,03:15.1,deep
Josh,6/9/2026 9:02,6/2/2026,6/3/2026 0:42,1781205639,03:15.3,deep
Josh,6/9/2026 9:02,6/2/2026,6/3/2026 0:43,1781205639,03:15.5,deep
Josh,6/9/2026 9:02,6/2/2026,6/3/2026 0:44,1781205639,03:15.8,deep
Josh,6/9/2026 9:02,6/2/2026,6/3/2026 0:45,1781205639,03:16.0,deep
Josh,6/9/2026 9:02,6/2/2026,6/3/2026 0:46,1781205639,03:16.2,deep
Josh,6/9/2026 9:02,6/2/2026,6/3/2026 0:47,1781205639,03:16.4,deep
Josh,6/9/2026 9:02,6/2/2026,6/3/2026 0:48,1781205639,03:16.6,deep
Josh,6/9/2026 9:02,6/2/2026,6/3/2026 0:49,1781205639,03:16.9,deep
Josh,6/9/2026 9:02,6/2/2026,6/3/2026 0:50,1781205639,03:17.7,deep
Josh,6/9/2026 9:02,6/2/2026,6/3/2026 0:51,1781205639,03:17.3,deep
Josh,6/9/2026 9:02,6/2/2026,6/3/2026 0:52,1781205639,03:17.5,deep
Josh,6/9/2026 9:02,6/2/2026,6/3/2026 0:53,1781205639,03:17.7,deep
Josh,6/9/2026 9:02,6/2/2026,6/3/2026 0:54,1781205639,03:17.9,deep
Josh,6/9/2026 9:02,6/2/2026,6/3/2026 0:55,1781205639,03:18.2,deep
Josh,6/9/2026 9:02,6/2/2026,6/3/2026 0:56,1781205639,03:18.4,deep
Josh,6/9/2026 9:02,6/2/2026,6/3/2026 0:57,1781205639,03:18.6,deep
Josh,6/9/2026 9:02,6/2/2026,6/3/2026 0:58,1781205639,03:18.8,deep
Josh,6/9/2026 9:02,6/2/2026,6/3/2026 0:59,1781205639,03:19.3,deep
Josh,6/9/2026 9:02,6/2/2026,6/3/2026 1:00,1781205639,03:19.2,deep
Josh,6/9/2026 9:02,6/2/2026,6/3/2026 1:01,1781205639,03:19.5,deep
Josh,6/9/2026 9:02,6/2/2026,6/3/2026 1:02,1781205639,03:19.7,deep
Josh,6/9/2026 9:02,6/2/2026,6/3/2026 1:03,1781205639,03:19.9,deep
Josh,6/9/2026 9:02,6/2/2026,6/3/2026 1:04,1781205639,03:20.1,deep
Josh,6/9/2026 9:02,6/2/2026,6/3/2026 1:05,1781205639,03:20.3,deep
Josh,6/9/2026 9:02,6/2/2026,6/3/2026 1:06,1781205639,03:20.6,deep
Josh,6/9/2026 9:02,6/2/2026,6/3/2026 1:07,1781205639,03:20.8,deep
Josh,6/9/2026 9:02,6/2/2026,6/3/2026 1:08,1781205639,03:21.0,deep
Josh,6/9/2026 9:02,6/2/2026,6/3/2026 1:09,1781205639,03:21.2,deep
Josh,6/9/2026 9:02,6/2/2026,6/3/2026 1:10,1781205639,03:21.4,light
Josh,6/9/2026 9:02,6/2/2026,6/3/2026 1:11,1781205639,03:21.6,light
Josh,6/9/2026 9:02,6/2/2026,6/3/2026 1:12,1781205639,03:21.9,light
Josh,6/9/2026 9:02,6/2/2026,6/3/2026 1:13,1781205639,03:22.9,light
Josh,6/9/2026 9:02,6/2/2026,6/3/2026 1:14,1781205639,03:22.3,light
Josh,6/9/2026 9:02,6/2/2026,6/3/2026 1:15,1781205639,03:22.5,light
Josh,6/9/2026 9:02,6/2/2026,6/3/2026 1:16,1781205639,03:22.7,rem
Josh,6/9/2026 9:02,6/2/2026,6/3/2026 1:17,1781205639,03:23.0,rem
Josh,6/9/2026 9:02,6/2/2026,6/3/2026 1:18,1781205639,03:23.2,rem
Josh,6/9/2026 9:02,6/2/2026,6/3/2026 1:19,1781205639,03:23.4,rem
Josh,6/9/2026 9:02,6/2/2026,6/3/2026 1:20,1781205639,03:23.6,rem
Josh,6/9/2026 9:02,6/2/2026,6/3/2026 1:21,1781205639,03:23.8,rem
Josh,6/9/2026 9:02,6/2/2026,6/3/2026 1:22,1781205639,03:24.5,rem
Josh,6/9/2026 9:02,6/2/2026,6/3/2026 1:23,1781205639,03:24.3,rem
Josh,6/9/2026 9:02,6/2/2026,6/3/2026 1:24,1781205639,03:24.5,light
Josh,6/9/2026 9:02,6/2/2026,6/3/2026 1:25,1781205639,03:24.7,light
Josh,6/9/2026 9:02,6/2/2026,6/3/2026 1:26,1781205639,03:24.9,light
Josh,6/9/2026 9:02,6/2/2026,6/3/2026 1:27,1781205639,03:25.1,light
Josh,6/9/2026 9:02,6/2/2026,6/3/2026 1:28,1781205639,03:25.4,light
Josh,6/9/2026 9:02,6/2/2026,6/3/2026 1:29,1781205639,03:25.6,light
Josh,6/9/2026 9:02,6/2/2026,6/3/2026 1:30,1781205639,03:25.8,light
Josh,6/9/2026 9:02,6/2/2026,6/3/2026 1:31,1781205639,03:26.1,light
Josh,6/9/2026 9:02,6/2/2026,6/3/2026 1:32,1781205639,03:26.2,light
Josh,6/9/2026 9:02,6/2/2026,6/3/2026 1:33,1781205639,03:26.4,light
Josh,6/9/2026 9:02,6/2/2026,6/3/2026 1:34,1781205639,03:26.7,light
Josh,6/9/2026 9:02,6/2/2026,6/3/2026 1:35,1781205639,03:26.9,light
Josh,6/9/2026 9:02,6/2/2026,6/3/2026 1:36,1781205639,03:27.1,light
Josh,6/9/2026 9:02,6/2/2026,6/3/2026 1:37,1781205639,03:27.3,light
Josh,6/9/2026 9:02,6/2/2026,6/3/2026 1:38,1781205639,03:27.5,light
Josh,6/9/2026 9:02,6/2/2026,6/3/2026 1:39,1781205639,03:27.8,light
Josh,6/9/2026 9:02,6/2/2026,6/3/2026 1:40,1781205639,03:28.0,light
Josh,6/9/2026 9:02,6/2/2026,6/3/2026 1:41,1781205639,03:28.2,light
Josh,6/9/2026 9:02,6/2/2026,6/3/2026 1:42,1781205639,03:28.4,light
Josh,6/9/2026 9:02,6/2/2026,6/3/2026 1:43,1781205639,03:28.6,light
Josh,6/9/2026 9:02,6/2/2026,6/3/2026 1:44,1781205639,03:28.8,deep
Josh,6/9/2026 9:02,6/2/2026,6/3/2026 1:45,1781205639,03:29.7,deep
Josh,6/9/2026 9:02,6/2/2026,6/3/2026 1:46,1781205639,03:29.3,deep
Josh,6/9/2026 9:02,6/2/2026,6/3/2026 1:47,1781205639,03:29.5,deep
Josh,6/9/2026 9:02,6/2/2026,6/3/2026 1:48,1781205639,03:29.7,deep
Josh,6/9/2026 9:02,6/2/2026,6/3/2026 1:49,1781205639,03:29.9,deep
Josh,6/9/2026 9:02,6/2/2026,6/3/2026 1:50,1781205639,03:30.2,deep
Josh,6/9/2026 9:02,6/2/2026,6/3/2026 1:51,1781205639,03:30.4,deep
Josh,6/9/2026 9:02,6/2/2026,6/3/2026 1:52,1781205639,03:30.6,deep
Josh,6/9/2026 9:02,6/2/2026,6/3/2026 1:53,1781205639,03:30.8,deep
Josh,6/9/2026 9:02,6/2/2026,6/3/2026 1:54,1781205639,03:31.3,deep
Josh,6/9/2026 9:02,6/2/2026,6/3/2026 1:55,1781205639,03:31.2,deep
Josh,6/9/2026 9:02,6/2/2026,6/3/2026 1:56,1781205639,03:31.5,deep
Josh,6/9/2026 9:02,6/2/2026,6/3/2026 1:57,1781205639,03:31.7,deep
Josh,6/9/2026 9:02,6/2/2026,6/3/2026 1:58,1781205639,03:31.9,deep
Josh,6/9/2026 9:02,6/2/2026,6/3/2026 1:59,1781205639,03:32.1,deep
Josh,6/9/2026 9:02,6/2/2026,6/3/2026 2:00,1781205639,03:32.3,deep
Josh,6/9/2026 9:02,6/2/2026,6/3/2026 2:01,1781205639,03:32.6,deep
Josh,6/9/2026 9:02,6/2/2026,6/3/2026 2:02,1781205639,03:32.8,deep
Josh,6/9/2026 9:02,6/2/2026,6/3/2026 2:03,1781205639,03:33.0,deep
Josh,6/9/2026 9:02,6/2/2026,6/3/2026 2:04,1781205639,03:33.2,deep
Josh,6/9/2026 9:02,6/2/2026,6/3/2026 2:05,1781205639,03:33.4,deep
Josh,6/9/2026 9:02,6/2/2026,6/3/2026 2:06,1781205639,03:33.6,deep
Josh,6/9/2026 9:02,6/2/2026,6/3/2026 2:07,1781205639,03:33.9,light
Josh,6/9/2026 9:02,6/2/2026,6/3/2026 2:08,1781205639,03:34.8,light
Josh,6/9/2026 9:02,6/2/2026,6/3/2026 2:09,1781205639,03:34.3,light
Josh,6/9/2026 9:02,6/2/2026,6/3/2026 2:10,1781205639,03:34.5,light
Josh,6/9/2026 9:02,6/2/2026,6/3/2026 2:11,1781205639,03:34.7,light
Josh,6/9/2026 9:02,6/2/2026,6/3/2026 2:12,1781205639,03:35.0,rem
Josh,6/9/2026 9:02,6/2/2026,6/3/2026 2:13,1781205639,03:35.2,rem
Josh,6/9/2026 9:02,6/2/2026,6/3/2026 2:14,1781205639,03:35.4,rem
Josh,6/9/2026 9:02,6/2/2026,6/3/2026 2:15,1781205639,03:35.6,rem
Josh,6/9/2026 9:02,6/2/2026,6/3/2026 2:16,1781205639,03:35.8,rem
Josh,6/9/2026 9:02,6/2/2026,6/3/2026 2:17,1781205639,03:36.5,rem
Josh,6/9/2026 9:02,6/2/2026,6/3/2026 2:18,1781205639,03:36.3,rem
Josh,6/9/2026 9:02,6/2/2026,6/3/2026 2:19,1781205639,03:36.5,rem
Josh,6/9/2026 9:02,6/2/2026,6/3/2026 2:20,1781205639,03:36.7,rem
Josh,6/9/2026 9:02,6/2/2026,6/3/2026 2:21,1781205639,03:36.9,rem
Josh,6/9/2026 9:02,6/2/2026,6/3/2026 2:22,1781205639,03:37.1,rem
Josh,6/9/2026 9:02,6/2/2026,6/3/2026 2:23,1781205639,03:37.4,rem
Josh,6/9/2026 9:02,6/2/2026,6/3/2026 2:24,1781205639,03:37.6,rem
Josh,6/9/2026 9:02,6/2/2026,6/3/2026 2:25,1781205639,03:37.8,rem
Josh,6/9/2026 9:02,6/2/2026,6/3/2026 2:26,1781205639,03:38.1,rem
Josh,6/9/2026 9:02,6/2/2026,6/3/2026 2:27,1781205639,03:38.2,light
Josh,6/9/2026 9:02,6/2/2026,6/3/2026 2:28,1781205639,03:38.4,light
Josh,6/9/2026 9:02,6/2/2026,6/3/2026 2:29,1781205639,03:38.7,light
Josh,6/9/2026 9:02,6/2/2026,6/3/2026 2:30,1781205639,03:38.9,light
Josh,6/9/2026 9:02,6/2/2026,6/3/2026 2:31,1781205639,03:39.1,light
Josh,6/9/2026 9:02,6/2/2026,6/3/2026 2:32,1781205639,03:39.3,light
Josh,6/9/2026 9:02,6/2/2026,6/3/2026 2:33,1781205639,03:39.5,light
Josh,6/9/2026 9:02,6/2/2026,6/3/2026 2:34,1781205639,03:39.8,light
Josh,6/9/2026 9:02,6/2/2026,6/3/2026 2:35,1781205639,03:40.0,light
Josh,6/9/2026 9:02,6/2/2026,6/3/2026 2:36,1781205639,03:40.2,light
Josh,6/9/2026 9:02,6/2/2026,6/3/2026 2:37,1781205639,03:40.4,light
Josh,6/9/2026 9:02,6/2/2026,6/3/2026 2:38,1781205639,03:40.6,light
Josh,6/9/2026 9:02,6/2/2026,6/3/2026 2:39,1781205639,03:40.8,light
Josh,6/9/2026 9:02,6/2/2026,6/3/2026 2:40,1781205639,03:41.6,light
Josh,6/9/2026 9:02,6/2/2026,6/3/2026 2:41,1781205639,03:41.3,light
Josh,6/9/2026 9:02,6/2/2026,6/3/2026 2:42,1781205639,03:41.5,light
Josh,6/9/2026 9:02,6/2/2026,6/3/2026 2:43,1781205639,03:41.7,light
Josh,6/9/2026 9:02,6/2/2026,6/3/2026 2:44,1781205639,03:41.9,light
Josh,6/9/2026 9:02,6/2/2026,6/3/2026 2:45,1781205639,03:42.2,light
Josh,6/9/2026 9:02,6/2/2026,6/3/2026 2:46,1781205639,03:42.4,deep
Josh,6/9/2026 9:02,6/2/2026,6/3/2026 2:47,1781205639,03:42.6,deep
Josh,6/9/2026 9:02,6/2/2026,6/3/2026 2:48,1781205639,03:42.8,deep
Josh,6/9/2026 9:02,6/2/2026,6/3/2026 2:49,1781205639,03:43.3,deep
Josh,6/9/2026 9:02,6/2/2026,6/3/2026 2:50,1781205639,03:43.2,deep
Josh,6/9/2026 9:02,6/2/2026,6/3/2026 2:51,1781205639,03:43.5,deep
Josh,6/9/2026 9:02,6/2/2026,6/3/2026 2:52,1781205639,03:43.7,deep
Josh,6/9/2026 9:02,6/2/2026,6/3/2026 2:53,1781205639,03:43.9,deep
Josh,6/9/2026 9:02,6/2/2026,6/3/2026 2:54,1781205639,03:44.1,deep
Josh,6/9/2026 9:02,6/2/2026,6/3/2026 2:55,1781205639,03:44.3,deep
Josh,6/9/2026 9:02,6/2/2026,6/3/2026 2:56,1781205639,03:44.6,deep
Josh,6/9/2026 9:02,6/2/2026,6/3/2026 2:57,1781205639,03:44.8,deep
Josh,6/9/2026 9:02,6/2/2026,6/3/2026 2:58,1781205639,03:45.0,deep
Josh,6/9/2026 9:02,6/2/2026,6/3/2026 2:59,1781205639,03:45.2,deep
Josh,6/9/2026 9:02,6/2/2026,6/3/2026 3:00,1781205639,03:45.4,deep
Josh,6/9/2026 9:02,6/2/2026,6/3/2026 3:01,1781205639,03:45.6,light
Josh,6/9/2026 9:02,6/2/2026,6/3/2026 3:02,1781205639,03:45.9,light
Josh,6/9/2026 9:02,6/2/2026,6/3/2026 3:03,1781205639,03:46.8,light
Josh,6/9/2026 9:02,6/2/2026,6/3/2026 3:04,1781205639,03:46.3,light
Josh,6/9/2026 9:02,6/2/2026,6/3/2026 3:05,1781205639,03:46.5,light
Josh,6/9/2026 9:02,6/2/2026,6/3/2026 3:06,1781205639,03:46.7,light
Josh,6/9/2026 9:02,6/2/2026,6/3/2026 3:07,1781205639,03:47.0,light
Josh,6/9/2026 9:02,6/2/2026,6/3/2026 3:08,1781205639,03:47.2,light
Josh,6/9/2026 9:02,6/2/2026,6/3/2026 3:09,1781205639,03:47.4,light
Josh,6/9/2026 9:02,6/2/2026,6/3/2026 3:10,1781205639,03:47.6,light
Josh,6/9/2026 9:02,6/2/2026,6/3/2026 3:11,1781205639,03:47.8,rem
Josh,6/9/2026 9:02,6/2/2026,6/3/2026 3:12,1781205639,03:48.5,rem
Josh,6/9/2026 9:02,6/2/2026,6/3/2026 3:13,1781205639,03:48.3,rem
Josh,6/9/2026 9:02,6/2/2026,6/3/2026 3:14,1781205639,03:48.5,rem
Josh,6/9/2026 9:02,6/2/2026,6/3/2026 3:15,1781205639,03:48.7,rem
Josh,6/9/2026 9:02,6/2/2026,6/3/2026 3:16,1781205639,03:48.9,rem
Josh,6/9/2026 9:02,6/2/2026,6/3/2026 3:17,1781205639,03:49.1,rem
Josh,6/9/2026 9:02,6/2/2026,6/3/2026 3:18,1781205639,03:49.4,rem
Josh,6/9/2026 9:02,6/2/2026,6/3/2026 3:19,1781205639,03:49.6,rem
Josh,6/9/2026 9:02,6/2/2026,6/3/2026 3:20,1781205639,03:49.8,rem
Josh,6/9/2026 9:02,6/2/2026,6/3/2026 3:21,1781205639,03:50.9,rem
Josh,6/9/2026 9:02,6/2/2026,6/3/2026 3:22,1781205639,03:50.2,rem
Josh,6/9/2026 9:02,6/2/2026,6/3/2026 3:23,1781205639,03:50.4,rem
Josh,6/9/2026 9:02,6/2/2026,6/3/2026 3:24,1781205639,03:50.7,rem
Josh,6/9/2026 9:02,6/2/2026,6/3/2026 3:25,1781205639,03:50.9,rem
Josh,6/9/2026 9:02,6/2/2026,6/3/2026 3:26,1781205639,03:51.1,rem
Josh,6/9/2026 9:02,6/2/2026,6/3/2026 3:27,1781205639,03:51.3,rem
Josh,6/9/2026 9:02,6/2/2026,6/3/2026 3:28,1781205639,03:51.5,rem
Josh,6/9/2026 9:02,6/2/2026,6/3/2026 3:29,1781205639,03:51.8,light
Josh,6/9/2026 9:02,6/2/2026,6/3/2026 3:30,1781205639,03:52.0,light
Josh,6/9/2026 9:02,6/2/2026,6/3/2026 3:31,1781205639,03:52.2,light
Josh,6/9/2026 9:02,6/2/2026,6/3/2026 3:32,1781205639,03:52.4,light
Josh,6/9/2026 9:02,6/2/2026,6/3/2026 3:33,1781205639,03:52.6,light
Josh,6/9/2026 9:02,6/2/2026,6/3/2026 3:34,1781205639,03:52.8,light
Josh,6/9/2026 9:02,6/2/2026,6/3/2026 3:35,1781205639,03:53.6,light
Josh,6/9/2026 9:02,6/2/2026,6/3/2026 3:36,1781205639,03:53.3,light
Josh,6/9/2026 9:02,6/2/2026,6/3/2026 3:37,1781205639,03:53.5,light
Josh,6/9/2026 9:02,6/2/2026,6/3/2026 3:38,1781205639,03:53.7,light
Josh,6/9/2026 9:02,6/2/2026,6/3/2026 3:39,1781205639,03:53.9,light
Josh,6/9/2026 9:02,6/2/2026,6/3/2026 3:40,1781205639,03:54.2,light
Josh,6/9/2026 9:02,6/2/2026,6/3/2026 3:41,1781205639,03:54.4,light
Josh,6/9/2026 9:02,6/2/2026,6/3/2026 3:42,1781205639,03:54.6,light
Josh,6/9/2026 9:02,6/2/2026,6/3/2026 3:43,1781205639,03:54.8,light
Josh,6/9/2026 9:02,6/2/2026,6/3/2026 3:44,1781205639,03:55.3,light
Josh,6/9/2026 9:02,6/2/2026,6/3/2026 3:45,1781205639,03:55.2,light
Josh,6/9/2026 9:02,6/2/2026,6/3/2026 3:46,1781205639,03:55.5,light
Josh,6/9/2026 9:02,6/2/2026,6/3/2026 3:47,1781205639,03:55.7,light
Josh,6/9/2026 9:02,6/2/2026,6/3/2026 3:48,1781205639,03:55.9,deep
Josh,6/9/2026 9:02,6/2/2026,6/3/2026 3:49,1781205639,03:56.1,deep
Josh,6/9/2026 9:02,6/2/2026,6/3/2026 3:50,1781205639,03:56.3,deep
Josh,6/9/2026 9:02,6/2/2026,6/3/2026 3:51,1781205639,03:56.6,deep
Josh,6/9/2026 9:02,6/2/2026,6/3/2026 3:52,1781205639,03:56.8,deep
Josh,6/9/2026 9:02,6/2/2026,6/3/2026 3:53,1781205639,03:57.0,deep
Josh,6/9/2026 9:02,6/2/2026,6/3/2026 3:54,1781205639,03:57.2,deep
Josh,6/9/2026 9:02,6/2/2026,6/3/2026 3:55,1781205639,03:57.4,deep
Josh,6/9/2026 9:02,6/2/2026,6/3/2026 3:56,1781205639,03:57.6,deep
Josh,6/9/2026 9:02,6/2/2026,6/3/2026 3:57,1781205639,03:57.9,deep
Josh,6/9/2026 9:02,6/2/2026,6/3/2026 3:58,1781205639,03:58.8,deep
Josh,6/9/2026 9:02,6/2/2026,6/3/2026 3:59,1781205639,03:58.3,deep
Josh,6/9/2026 9:02,6/2/2026,6/3/2026 4:00,1781205639,03:58.5,light
Josh,6/9/2026 9:02,6/2/2026,6/3/2026 4:01,1781205639,03:58.7,light
Josh,6/9/2026 9:02,6/2/2026,6/3/2026 4:02,1781205639,03:59.0,light
Josh,6/9/2026 9:02,6/2/2026,6/3/2026 4:03,1781205639,03:59.2,light
Josh,6/9/2026 9:02,6/2/2026,6/3/2026 4:04,1781205639,03:59.4,light
Josh,6/9/2026 9:02,6/2/2026,6/3/2026 4:05,1781205639,03:59.6,light
Josh,6/9/2026 9:02,6/2/2026,6/3/2026 4:06,1781205639,03:59.8,light
Josh,6/9/2026 9:02,6/2/2026,6/3/2026 4:07,1781205639,04:00.4,rem
Josh,6/9/2026 9:02,6/2/2026,6/3/2026 4:08,1781205639,04:00.3,rem
Josh,6/9/2026 9:02,6/2/2026,6/3/2026 4:09,1781205639,04:00.5,rem
Josh,6/9/2026 9:02,6/2/2026,6/3/2026 4:10,1781205639,04:00.7,rem
Josh,6/9/2026 9:02,6/2/2026,6/3/2026 4:11,1781205639,04:00.9,rem
Josh,6/9/2026 9:02,6/2/2026,6/3/2026 4:12,1781205639,04:01.1,rem
Josh,6/9/2026 9:02,6/2/2026,6/3/2026 4:13,1781205639,04:01.4,rem
Josh,6/9/2026 9:02,6/2/2026,6/3/2026 4:14,1781205639,04:01.6,rem
Josh,6/9/2026 9:02,6/2/2026,6/3/2026 4:15,1781205639,04:01.8,rem
Josh,6/9/2026 9:02,6/2/2026,6/3/2026 4:16,1781205639,04:02.7,rem
Josh,6/9/2026 9:02,6/2/2026,6/3/2026 4:17,1781205639,04:02.2,rem
Josh,6/9/2026 9:02,6/2/2026,6/3/2026 4:18,1781205639,04:02.4,rem
Josh,6/9/2026 9:02,6/2/2026,6/3/2026 4:19,1781205639,04:02.7,rem
Josh,6/9/2026 9:02,6/2/2026,6/3/2026 4:20,1781205639,04:02.9,rem
Josh,6/9/2026 9:02,6/2/2026,6/3/2026 4:21,1781205639,04:04.0,rem
Josh,6/9/2026 9:02,6/2/2026,6/3/2026 4:22,1781205639,04:03.3,rem
Josh,6/9/2026 9:02,6/2/2026,6/3/2026 4:23,1781205639,04:03.5,rem
Josh,6/9/2026 9:02,6/2/2026,6/3/2026 4:24,1781205639,04:03.8,rem
Josh,6/9/2026 9:02,6/2/2026,6/3/2026 4:25,1781205639,04:04.0,rem
Josh,6/9/2026 9:02,6/2/2026,6/3/2026 4:26,1781205639,04:04.2,rem
Josh,6/9/2026 9:02,6/2/2026,6/3/2026 4:27,1781205639,04:04.4,rem
Josh,6/9/2026 9:02,6/2/2026,6/3/2026 4:28,1781205639,04:04.6,rem
Josh,6/9/2026 9:02,6/2/2026,6/3/2026 4:29,1781205639,04:04.8,light
Josh,6/9/2026 9:02,6/2/2026,6/3/2026 4:30,1781205639,04:05.6,light
Josh,6/9/2026 9:02,6/2/2026,6/3/2026 4:31,1781205639,04:05.3,light
Josh,6/9/2026 9:02,6/2/2026,6/3/2026 4:32,1781205639,04:05.5,light
Josh,6/9/2026 9:02,6/2/2026,6/3/2026 4:33,1781205639,04:05.7,light
Josh,6/9/2026 9:02,6/2/2026,6/3/2026 4:34,1781205639,04:05.9,light
Josh,6/9/2026 9:02,6/2/2026,6/3/2026 4:35,1781205639,04:06.2,light
Josh,6/9/2026 9:02,6/2/2026,6/3/2026 4:36,1781205639,04:06.4,light
Josh,6/9/2026 9:02,6/2/2026,6/3/2026 4:37,1781205639,04:06.6,light
Josh,6/9/2026 9:02,6/2/2026,6/3/2026 4:38,1781205639,04:06.8,light
Josh,6/9/2026 9:02,6/2/2026,6/3/2026 4:39,1781205639,04:07.2,light
Josh,6/9/2026 9:02,6/2/2026,6/3/2026 4:40,1781205639,04:07.2,light
Josh,6/9/2026 9:02,6/2/2026,6/3/2026 4:41,1781205639,04:07.5,light
Josh,6/9/2026 9:02,6/2/2026,6/3/2026 4:42,1781205639,04:07.7,light
Josh,6/9/2026 9:02,6/2/2026,6/3/2026 4:43,1781205639,04:07.9,light
Josh,6/9/2026 9:02,6/2/2026,6/3/2026 4:44,1781205639,04:08.1,light
Josh,6/9/2026 9:02,6/2/2026,6/3/2026 4:45,1781205639,04:08.3,light
Josh,6/9/2026 9:02,6/2/2026,6/3/2026 4:46,1781205639,04:08.6,light
Josh,6/9/2026 9:02,6/2/2026,6/3/2026 4:47,1781205639,04:08.8,deep
Josh,6/9/2026 9:02,6/2/2026,6/3/2026 4:48,1781205639,04:09.0,deep
Josh,6/9/2026 9:02,6/2/2026,6/3/2026 4:49,1781205639,04:09.2,deep
Josh,6/9/2026 9:02,6/2/2026,6/3/2026 4:50,1781205639,04:09.4,deep
Josh,6/9/2026 9:02,6/2/2026,6/3/2026 4:51,1781205639,04:09.6,deep
Josh,6/9/2026 9:02,6/2/2026,6/3/2026 4:52,1781205639,04:09.9,deep
Josh,6/9/2026 9:02,6/2/2026,6/3/2026 4:53,1781205639,04:10.8,deep
Josh,6/9/2026 9:02,6/2/2026,6/3/2026 4:54,1781205639,04:10.3,deep
Josh,6/9/2026 9:02,6/2/2026,6/3/2026 4:55,1781205639,04:10.5,deep
Josh,6/9/2026 9:02,6/2/2026,6/3/2026 4:56,1781205639,04:10.7,deep
Josh,6/9/2026 9:02,6/2/2026,6/3/2026 4:57,1781205639,04:11.0,deep
Josh,6/9/2026 9:02,6/2/2026,6/3/2026 4:58,1781205639,04:11.2,deep
Josh,6/9/2026 9:02,6/2/2026,6/3/2026 4:59,1781205639,04:11.4,deep
Josh,6/9/2026 9:02,6/2/2026,6/3/2026 5:00,1781205639,04:11.6,deep
Josh,6/9/2026 9:02,6/2/2026,6/3/2026 5:01,1781205639,04:11.8,deep
Josh,6/9/2026 9:02,6/2/2026,6/3/2026 5:02,1781205639,04:12.4,deep
Josh,6/9/2026 9:02,6/2/2026,6/3/2026 5:03,1781205639,04:12.3,deep
Josh,6/9/2026 9:02,6/2/2026,6/3/2026 5:04,1781205639,04:12.5,deep
Josh,6/9/2026 9:02,6/2/2026,6/3/2026 5:05,1781205639,04:12.7,light
Josh,6/9/2026 9:02,6/2/2026,6/3/2026 5:06,1781205639,04:12.9,light
Josh,6/9/2026 9:02,6/2/2026,6/3/2026 5:07,1781205639,04:13.1,light
Josh,6/9/2026 9:02,6/2/2026,6/3/2026 5:08,1781205639,04:13.4,light
Josh,6/9/2026 9:02,6/2/2026,6/3/2026 5:09,1781205639,04:13.6,light
Josh,6/9/2026 9:02,6/2/2026,6/3/2026 5:10,1781205639,04:13.8,light
Josh,6/9/2026 9:02,6/2/2026,6/3/2026 5:11,1781205639,04:14.5,light
Josh,6/9/2026 9:02,6/2/2026,6/3/2026 5:12,1781205639,04:14.2,light
Josh,6/9/2026 9:02,6/2/2026,6/3/2026 5:13,1781205639,04:14.4,light
Josh,6/9/2026 9:02,6/2/2026,6/3/2026 5:14,1781205639,04:14.7,rem
Josh,6/9/2026 9:02,6/2/2026,6/3/2026 5:15,1781205639,04:14.9,rem
Josh,6/9/2026 9:02,6/2/2026,6/3/2026 5:16,1781205639,04:16.0,rem
Josh,6/9/2026 9:02,6/2/2026,6/3/2026 5:17,1781205639,04:15.3,rem
Josh,6/9/2026 9:02,6/2/2026,6/3/2026 5:18,1781205639,04:15.5,rem
Josh,6/9/2026 9:02,6/2/2026,6/3/2026 5:19,1781205639,04:15.7,rem
Josh,6/9/2026 9:02,6/2/2026,6/3/2026 5:20,1781205639,04:16.0,rem
Josh,6/9/2026 9:02,6/2/2026,6/3/2026 5:21,1781205639,04:16.2,rem
Josh,6/9/2026 9:02,6/2/2026,6/3/2026 5:22,1781205639,04:16.4,rem
Josh,6/9/2026 9:02,6/2/2026,6/3/2026 5:23,1781205639,04:16.6,rem
Josh,6/9/2026 9:02,6/2/2026,6/3/2026 5:24,1781205639,04:16.8,rem
Josh,6/9/2026 9:02,6/2/2026,6/3/2026 5:25,1781205639,04:17.6,rem
Josh,6/9/2026 9:02,6/2/2026,6/3/2026 5:26,1781205639,04:17.3,rem
Josh,6/9/2026 9:02,6/2/2026,6/3/2026 5:27,1781205639,04:17.5,rem
Josh,6/9/2026 9:02,6/2/2026,6/3/2026 5:28,1781205639,04:17.7,rem
Josh,6/9/2026 9:02,6/2/2026,6/3/2026 5:29,1781205639,04:17.9,rem
Josh,6/9/2026 9:02,6/2/2026,6/3/2026 5:30,1781205639,04:18.1,rem
Josh,6/9/2026 9:02,6/2/2026,6/3/2026 5:31,1781205639,04:18.4,rem
Josh,6/9/2026 9:02,6/2/2026,6/3/2026 5:32,1781205639,04:18.6,rem
Josh,6/9/2026 9:02,6/2/2026,6/3/2026 5:33,1781205639,04:18.8,rem
Josh,6/9/2026 9:02,6/2/2026,6/3/2026 5:34,1781205639,04:19.2,rem
Josh,6/9/2026 9:02,6/2/2026,6/3/2026 5:35,1781205639,04:19.2,rem
Josh,6/9/2026 9:02,6/2/2026,6/3/2026 5:36,1781205639,04:19.5,rem
Josh,6/9/2026 9:02,6/2/2026,6/3/2026 5:37,1781205639,04:19.7,rem
Josh,6/9/2026 9:02,6/2/2026,6/3/2026 5:38,1781205639,04:19.9,rem
Josh,6/9/2026 9:02,6/2/2026,6/3/2026 5:39,1781205639,04:20.1,light
Josh,6/9/2026 9:02,6/2/2026,6/3/2026 5:40,1781205639,04:20.3,light
Josh,6/9/2026 9:02,6/2/2026,6/3/2026 5:41,1781205639,04:20.5,light
Josh,6/9/2026 9:02,6/2/2026,6/3/2026 5:42,1781205639,04:20.8,light
Josh,6/9/2026 9:02,6/2/2026,6/3/2026 5:43,1781205639,04:21.0,light
Josh,6/9/2026 9:02,6/2/2026,6/3/2026 5:44,1781205639,04:21.2,light
Josh,6/9/2026 9:02,6/2/2026,6/3/2026 5:45,1781205639,04:21.4,light
Josh,6/9/2026 9:02,6/2/2026,6/3/2026 5:46,1781205639,04:21.6,light
Josh,6/9/2026 9:02,6/2/2026,6/3/2026 5:47,1781205639,04:21.9,light
Josh,6/9/2026 9:02,6/2/2026,6/3/2026 5:48,1781205639,04:22.8,light
Josh,6/9/2026 9:02,6/2/2026,6/3/2026 5:49,1781205639,04:22.3,light
Josh,6/9/2026 9:02,6/2/2026,6/3/2026 5:50,1781205639,04:22.5,light
Josh,6/9/2026 9:02,6/2/2026,6/3/2026 5:51,1781205639,04:22.7,light
Josh,6/9/2026 9:02,6/2/2026,6/3/2026 5:52,1781205639,04:22.9,light
Josh,6/9/2026 9:02,6/2/2026,6/3/2026 5:53,1781205639,04:23.2,light
Josh,6/9/2026 9:02,6/2/2026,6/3/2026 5:54,1781205639,04:23.4,deep
Josh,6/9/2026 9:02,6/2/2026,6/3/2026 5:55,1781205639,04:23.6,deep
Josh,6/9/2026 9:02,6/2/2026,6/3/2026 5:56,1781205639,04:23.8,deep
Josh,6/9/2026 9:02,6/2/2026,6/3/2026 5:57,1781205639,04:24.4,deep
Josh,6/9/2026 9:02,6/2/2026,6/3/2026 5:58,1781205639,04:24.3,light
Josh,6/9/2026 9:02,6/2/2026,6/3/2026 5:59,1781205639,04:24.5,light
Josh,6/9/2026 9:02,6/2/2026,6/3/2026 6:00,1781205639,04:24.7,light
Josh,6/9/2026 9:02,6/2/2026,6/3/2026 6:01,1781205639,04:24.9,light
Josh,6/9/2026 9:02,6/2/2026,6/3/2026 6:02,1781205639,04:25.1,light
Josh,6/9/2026 9:02,6/2/2026,6/3/2026 6:03,1781205639,04:25.3,light
Josh,6/9/2026 9:02,6/2/2026,6/3/2026 6:04,1781205639,04:25.6,light
Josh,6/9/2026 9:02,6/2/2026,6/3/2026 6:05,1781205639,04:25.8,light
Josh,6/9/2026 9:02,6/2/2026,6/3/2026 6:06,1781205639,04:26.3,rem
Josh,6/9/2026 9:02,6/2/2026,6/3/2026 6:07,1781205639,04:26.2,rem
Josh,6/9/2026 9:02,6/2/2026,6/3/2026 6:08,1781205639,04:26.4,rem
Josh,6/9/2026 9:02,6/2/2026,6/3/2026 6:09,1781205639,04:26.7,rem
Josh,6/9/2026 9:02,6/2/2026,6/3/2026 6:10,1781205639,04:26.9,rem
Josh,6/9/2026 9:02,6/2/2026,6/3/2026 6:11,1781205639,04:27.9,rem
Josh,6/9/2026 9:02,6/2/2026,6/3/2026 6:12,1781205639,04:27.3,rem
Josh,6/9/2026 9:02,6/2/2026,6/3/2026 6:13,1781205639,04:27.5,rem
Josh,6/9/2026 9:02,6/2/2026,6/3/2026 6:14,1781205639,04:27.7,rem
Josh,6/9/2026 9:02,6/2/2026,6/3/2026 6:15,1781205639,04:28.0,rem
Josh,6/9/2026 9:02,6/2/2026,6/3/2026 6:16,1781205639,04:28.2,rem
Josh,6/9/2026 9:02,6/2/2026,6/3/2026 6:17,1781205639,04:28.4,rem
Josh,6/9/2026 9:02,6/2/2026,6/3/2026 6:18,1781205639,04:28.6,rem
Josh,6/9/2026 9:02,6/2/2026,6/3/2026 6:19,1781205639,04:28.8,rem
Josh,6/9/2026 9:02,6/2/2026,6/3/2026 6:20,1781205639,04:29.6,rem
Josh,6/9/2026 9:02,6/2/2026,6/3/2026 6:21,1781205639,04:29.3,rem
Josh,6/9/2026 9:02,6/2/2026,6/3/2026 6:22,1781205639,04:29.5,rem
Josh,6/9/2026 9:02,6/2/2026,6/3/2026 6:23,1781205639,04:29.7,rem
Josh,6/9/2026 9:02,6/2/2026,6/3/2026 6:24,1781205639,04:29.9,rem
Josh,6/9/2026 9:02,6/2/2026,6/3/2026 6:25,1781205639,04:30.1,rem
Josh,6/9/2026 9:02,6/2/2026,6/3/2026 6:26,1781205639,04:30.4,rem
Josh,6/9/2026 9:02,6/2/2026,6/3/2026 6:27,1781205639,04:30.6,rem
Josh,6/9/2026 9:02,6/2/2026,6/3/2026 6:28,1781205639,04:30.8,rem
Josh,6/9/2026 9:02,6/2/2026,6/3/2026 6:29,1781205639,04:31.2,rem
Josh,6/9/2026 9:02,6/2/2026,6/3/2026 6:30,1781205639,04:31.2,rem
Josh,6/9/2026 9:02,6/2/2026,6/3/2026 6:31,1781205639,04:31.5,rem
Josh,6/9/2026 9:02,6/2/2026,6/3/2026 6:32,1781205639,04:31.7,rem
Josh,6/9/2026 9:02,6/2/2026,6/3/2026 6:33,1781205639,04:31.9,rem
Josh,6/9/2026 9:02,6/2/2026,6/3/2026 6:34,1781205639,04:32.1,rem
Josh,6/9/2026 9:02,6/2/2026,6/3/2026 6:35,1781205639,04:32.3,rem
Josh,6/9/2026 9:02,6/2/2026,6/3/2026 6:36,1781205639,04:32.5,rem
Josh,6/9/2026 9:02,6/2/2026,6/3/2026 6:37,1781205639,04:32.8,light
Josh,6/9/2026 9:02,6/2/2026,6/3/2026 6:38,1781205639,04:33.0,light
Josh,6/9/2026 9:02,6/2/2026,6/3/2026 6:39,1781205639,04:33.2,light
Josh,6/9/2026 9:02,6/2/2026,6/3/2026 6:40,1781205639,04:33.4,light
Josh,6/9/2026 9:02,6/2/2026,6/3/2026 6:41,1781205639,04:33.6,light
Josh,6/9/2026 9:02,6/2/2026,6/3/2026 6:42,1781205639,04:33.9,light
Josh,6/9/2026 9:02,6/2/2026,6/3/2026 6:43,1781205639,04:34.7,light
Josh,6/9/2026 9:02,6/2/2026,6/3/2026 6:44,1781205639,04:34.3,light
Josh,6/9/2026 9:02,6/2/2026,6/3/2026 6:45,1781205639,04:34.5,light
Josh,6/9/2026 9:02,6/2/2026,6/3/2026 6:46,1781205639,04:34.7,light
Josh,6/9/2026 9:02,6/2/2026,6/3/2026 6:47,1781205639,04:34.9,light
Josh,6/9/2026 9:02,6/2/2026,6/3/2026 6:48,1781205639,04:35.2,light
Josh,6/9/2026 9:02,6/2/2026,6/3/2026 6:49,1781205639,04:35.4,light
Josh,6/9/2026 9:02,6/2/2026,6/3/2026 6:50,1781205639,04:35.6,light
Josh,6/9/2026 9:02,6/2/2026,6/3/2026 6:51,1781205639,04:35.8,light
Josh,6/9/2026 9:02,6/2/2026,6/3/2026 6:52,1781205639,04:36.4,light
Josh,6/9/2026 9:02,6/2/2026,6/3/2026 6:53,1781205639,04:36.3,light
Josh,6/9/2026 9:02,6/2/2026,6/3/2026 6:54,1781205639,04:36.5,light
Josh,6/9/2026 9:02,6/2/2026,6/3/2026 6:55,1781205639,04:36.7,light
Josh,6/9/2026 9:02,6/2/2026,6/3/2026 6:56,1781205639,04:36.9,light
Josh,6/9/2026 9:02,6/2/2026,6/3/2026 6:57,1781205639,04:37.1,light
Josh,6/9/2026 9:02,6/2/2026,6/3/2026 6:58,1781205639,04:37.3,light
Josh,6/9/2026 9:02,6/2/2026,6/3/2026 6:59,1781205639,04:37.6,light
Josh,6/9/2026 9:02,6/2/2026,6/3/2026 7:00,1781205639,04:37.8,light
Josh,6/9/2026 9:02,6/2/2026,6/3/2026 7:01,1781205639,04:38.1,deep
Josh,6/9/2026 9:02,6/2/2026,6/3/2026 7:02,1781205639,04:38.2,deep
Josh,6/9/2026 9:02,6/2/2026,6/3/2026 7:03,1781205639,04:38.4,deep
Josh,6/9/2026 9:02,6/2/2026,6/3/2026 7:04,1781205639,04:38.7,deep
Josh,6/9/2026 9:02,6/2/2026,6/3/2026 7:05,1781205639,04:38.9,deep
Josh,6/9/2026 9:02,6/2/2026,6/3/2026 7:06,1781205639,04:39.9,deep
Josh,6/9/2026 9:02,6/2/2026,6/3/2026 7:07,1781205639,04:39.3,deep
Josh,6/9/2026 9:02,6/2/2026,6/3/2026 7:08,1781205639,04:39.5,deep
Josh,6/9/2026 9:02,6/2/2026,6/3/2026 7:09,1781205639,04:39.7,deep
Josh,6/9/2026 9:02,6/2/2026,6/3/2026 7:10,1781205639,04:40.0,light
Josh,6/9/2026 9:02,6/2/2026,6/3/2026 7:11,1781205639,04:40.2,light
Josh,6/9/2026 9:02,6/2/2026,6/3/2026 7:12,1781205639,04:40.4,light
Josh,6/9/2026 9:02,6/2/2026,6/3/2026 7:13,1781205639,04:40.6,light
Josh,6/9/2026 9:02,6/2/2026,6/3/2026 7:14,1781205639,04:40.8,light
Josh,6/9/2026 9:02,6/2/2026,6/3/2026 7:15,1781205639,04:41.5,light
Josh,6/9/2026 9:02,6/2/2026,6/3/2026 7:16,1781205639,04:41.3,light
Josh,6/9/2026 9:02,6/2/2026,6/3/2026 7:17,1781205639,04:41.5,rem
Josh,6/9/2026 9:02,6/2/2026,6/3/2026 7:18,1781205639,04:41.7,rem
Josh,6/9/2026 9:02,6/2/2026,6/3/2026 7:19,1781205639,04:41.9,rem
Josh,6/9/2026 9:02,6/2/2026,6/3/2026 7:20,1781205639,04:42.1,rem
Josh,6/9/2026 9:02,6/2/2026,6/3/2026 7:21,1781205639,04:42.4,rem
Josh,6/9/2026 9:02,6/2/2026,6/3/2026 7:22,1781205639,04:42.6,rem
Josh,6/9/2026 9:02,6/2/2026,6/3/2026 7:23,1781205639,04:42.8,rem
Josh,6/9/2026 9:02,6/2/2026,6/3/2026 7:24,1781205639,04:43.2,rem
Josh,6/9/2026 9:02,6/2/2026,6/3/2026 7:25,1781205639,04:43.2,rem
Josh,6/9/2026 9:02,6/2/2026,6/3/2026 7:26,1781205639,04:43.5,rem
Josh,6/9/2026 9:02,6/2/2026,6/3/2026 7:27,1781205639,04:43.7,rem
Josh,6/9/2026 9:02,6/2/2026,6/3/2026 7:28,1781205639,04:43.9,rem
Josh,6/9/2026 9:02,6/2/2026,6/3/2026 7:29,1781205639,04:44.1,rem
Josh,6/9/2026 9:02,6/2/2026,6/3/2026 7:30,1781205639,04:44.3,rem
Josh,6/9/2026 9:02,6/2/2026,6/3/2026 7:31,1781205639,04:44.5,rem
Josh,6/9/2026 9:02,6/2/2026,6/3/2026 7:32,1781205639,04:44.8,rem
Josh,6/9/2026 9:02,6/2/2026,6/3/2026 7:33,1781205639,04:45.0,rem
Josh,6/9/2026 9:02,6/2/2026,6/3/2026 7:34,1781205639,04:45.2,rem
Josh,6/9/2026 9:15,6/3/2026,6/3/2026 23:01,1781206352,6/9/2026 9:15,light
Josh,6/9/2026 9:15,6/3/2026,6/3/2026 23:02,1781206352,15:57.2,light
Josh,6/9/2026 9:15,6/3/2026,6/3/2026 23:03,1781206352,15:57.3,light
Josh,6/9/2026 9:15,6/3/2026,6/3/2026 23:04,1781206352,15:57.5,light
Josh,6/9/2026 9:15,6/3/2026,6/3/2026 23:05,1781206352,15:57.6,light
Josh,6/9/2026 9:15,6/3/2026,6/3/2026 23:06,1781206352,15:57.8,light
Josh,6/9/2026 9:15,6/3/2026,6/3/2026 23:07,1781206352,15:57.9,light
Josh,6/9/2026 9:15,6/3/2026,6/3/2026 23:08,1781206352,15:58.1,light
Josh,6/9/2026 9:15,6/3/2026,6/3/2026 23:09,1781206352,15:58.3,light
Josh,6/9/2026 9:15,6/3/2026,6/3/2026 23:10,1781206352,15:58.4,light
Josh,6/9/2026 9:15,6/3/2026,6/3/2026 23:11,1781206352,15:58.6,light
Josh,6/9/2026 9:15,6/3/2026,6/3/2026 23:12,1781206352,15:58.7,light
Josh,6/9/2026 9:15,6/3/2026,6/3/2026 23:13,1781206352,15:58.9,light
Josh,6/9/2026 9:15,6/3/2026,6/3/2026 23:14,1781206352,15:59.6,light
Josh,6/9/2026 9:15,6/3/2026,6/3/2026 23:15,1781206352,15:59.2,light
Josh,6/9/2026 9:15,6/3/2026,6/3/2026 23:16,1781206352,15:59.4,light
Josh,6/9/2026 9:15,6/3/2026,6/3/2026 23:17,1781206352,15:59.5,light
Josh,6/9/2026 9:15,6/3/2026,6/3/2026 23:18,1781206352,15:59.7,light
Josh,6/9/2026 9:15,6/3/2026,6/3/2026 23:19,1781206352,15:59.8,light
Josh,6/9/2026 9:15,6/3/2026,6/3/2026 23:20,1781206352,16:00.6,light
Josh,6/9/2026 9:15,6/3/2026,6/3/2026 23:21,1781206352,16:00.2,light
Josh,6/9/2026 9:15,6/3/2026,6/3/2026 23:22,1781206352,16:00.3,light
Josh,6/9/2026 9:15,6/3/2026,6/3/2026 23:23,1781206352,16:00.5,deep
Josh,6/9/2026 9:15,6/3/2026,6/3/2026 23:24,1781206352,16:00.6,deep
Josh,6/9/2026 9:15,6/3/2026,6/3/2026 23:25,1781206352,16:00.8,deep
Josh,6/9/2026 9:15,6/3/2026,6/3/2026 23:26,1781206352,16:01.0,deep
Josh,6/9/2026 9:15,6/3/2026,6/3/2026 23:27,1781206352,16:01.1,deep
Josh,6/9/2026 9:15,6/3/2026,6/3/2026 23:28,1781206352,16:01.3,deep
Josh,6/9/2026 9:15,6/3/2026,6/3/2026 23:29,1781206352,16:01.4,deep
Josh,6/9/2026 9:15,6/3/2026,6/3/2026 23:30,1781206352,16:01.6,deep
Josh,6/9/2026 9:15,6/3/2026,6/3/2026 23:31,1781206352,16:01.7,deep
Josh,6/9/2026 9:15,6/3/2026,6/3/2026 23:32,1781206352,16:01.9,deep
Josh,6/9/2026 9:15,6/3/2026,6/3/2026 23:33,1781206352,16:02.6,deep
Josh,6/9/2026 9:15,6/3/2026,6/3/2026 23:34,1781206352,16:02.2,deep
Josh,6/9/2026 9:15,6/3/2026,6/3/2026 23:35,1781206352,16:02.4,deep
Josh,6/9/2026 9:15,6/3/2026,6/3/2026 23:36,1781206352,16:02.5,deep
Josh,6/9/2026 9:15,6/3/2026,6/3/2026 23:37,1781206352,16:02.7,deep
Josh,6/9/2026 9:15,6/3/2026,6/3/2026 23:38,1781206352,16:02.9,deep
Josh,6/9/2026 9:15,6/3/2026,6/3/2026 23:39,1781206352,16:03.1,deep
Josh,6/9/2026 9:15,6/3/2026,6/3/2026 23:40,1781206352,16:03.2,deep
Josh,6/9/2026 9:15,6/3/2026,6/3/2026 23:41,1781206352,16:03.3,deep
Josh,6/9/2026 9:15,6/3/2026,6/3/2026 23:42,1781206352,16:03.5,deep
Josh,6/9/2026 9:15,6/3/2026,6/3/2026 23:43,1781206352,16:03.6,deep
Josh,6/9/2026 9:15,6/3/2026,6/3/2026 23:44,1781206352,16:03.8,deep
Josh,6/9/2026 9:15,6/3/2026,6/3/2026 23:45,1781206352,16:04.0,deep
Josh,6/9/2026 9:15,6/3/2026,6/3/2026 23:46,1781206352,16:04.1,deep
Josh,6/9/2026 9:15,6/3/2026,6/3/2026 23:47,1781206352,16:04.3,deep
Josh,6/9/2026 9:15,6/3/2026,6/3/2026 23:48,1781206352,16:04.4,light
Josh,6/9/2026 9:15,6/3/2026,6/3/2026 23:49,1781206352,16:04.6,light
Josh,6/9/2026 9:15,6/3/2026,6/3/2026 23:50,1781206352,16:04.8,light
Josh,6/9/2026 9:15,6/3/2026,6/3/2026 23:51,1781206352,16:04.9,light
Josh,6/9/2026 9:15,6/3/2026,6/3/2026 23:52,1781206352,16:05.7,light
Josh,6/9/2026 9:15,6/3/2026,6/3/2026 23:53,1781206352,16:05.2,light
Josh,6/9/2026 9:15,6/3/2026,6/3/2026 23:54,1781206352,16:05.4,light
Josh,6/9/2026 9:15,6/3/2026,6/3/2026 23:55,1781206352,16:05.5,light
Josh,6/9/2026 9:15,6/3/2026,6/3/2026 23:56,1781206352,16:05.7,rem
Josh,6/9/2026 9:15,6/3/2026,6/3/2026 23:57,1781206352,16:05.9,rem
Josh,6/9/2026 9:15,6/3/2026,6/3/2026 23:58,1781206352,16:06.2,rem
Josh,6/9/2026 9:15,6/3/2026,6/3/2026 23:59,1781206352,16:06.2,rem
Josh,6/9/2026 9:15,6/3/2026,6/4/2026 0:00,1781206352,16:06.3,rem
Josh,6/9/2026 9:15,6/3/2026,6/4/2026 0:01,1781206352,16:06.5,rem
Josh,6/9/2026 9:15,6/3/2026,6/4/2026 0:02,1781206352,16:06.7,rem
Josh,6/9/2026 9:15,6/3/2026,6/4/2026 0:03,1781206352,16:06.8,rem
Josh,6/9/2026 9:15,6/3/2026,6/4/2026 0:04,1781206352,16:07.0,rem
Josh,6/9/2026 9:15,6/3/2026,6/4/2026 0:05,1781206352,16:07.1,light
Josh,6/9/2026 9:15,6/3/2026,6/4/2026 0:06,1781206352,16:07.3,light
Josh,6/9/2026 9:15,6/3/2026,6/4/2026 0:07,1781206352,16:07.4,light
Josh,6/9/2026 9:15,6/3/2026,6/4/2026 0:08,1781206352,16:07.6,light
Josh,6/9/2026 9:15,6/3/2026,6/4/2026 0:09,1781206352,16:07.8,light
Josh,6/9/2026 9:15,6/3/2026,6/4/2026 0:10,1781206352,16:07.9,light
Josh,6/9/2026 9:15,6/3/2026,6/4/2026 0:11,1781206352,16:08.8,light
Josh,6/9/2026 9:15,6/3/2026,6/4/2026 0:12,1781206352,16:08.2,light
Josh,6/9/2026 9:15,6/3/2026,6/4/2026 0:13,1781206352,16:08.4,light
Josh,6/9/2026 9:15,6/3/2026,6/4/2026 0:14,1781206352,16:08.6,light
Josh,6/9/2026 9:15,6/3/2026,6/4/2026 0:15,1781206352,16:08.7,light
Josh,6/9/2026 9:15,6/3/2026,6/4/2026 0:16,1781206352,16:08.9,light
Josh,6/9/2026 9:15,6/3/2026,6/4/2026 0:17,1781206352,16:09.3,light
Josh,6/9/2026 9:15,6/3/2026,6/4/2026 0:18,1781206352,16:09.2,light
Josh,6/9/2026 9:15,6/3/2026,6/4/2026 0:19,1781206352,16:09.3,light
Josh,6/9/2026 9:15,6/3/2026,6/4/2026 0:20,1781206352,16:09.5,light
Josh,6/9/2026 9:15,6/3/2026,6/4/2026 0:21,1781206352,16:09.7,light
Josh,6/9/2026 9:15,6/3/2026,6/4/2026 0:22,1781206352,16:09.8,light
Josh,6/9/2026 9:15,6/3/2026,6/4/2026 0:23,1781206352,16:10.0,deep
Josh,6/9/2026 9:15,6/3/2026,6/4/2026 0:24,1781206352,16:10.1,deep
Josh,6/9/2026 9:15,6/3/2026,6/4/2026 0:25,1781206352,16:10.3,deep
Josh,6/9/2026 9:15,6/3/2026,6/4/2026 0:26,1781206352,16:10.4,deep
Josh,6/9/2026 9:15,6/3/2026,6/4/2026 0:27,1781206352,16:10.6,deep
Josh,6/9/2026 9:15,6/3/2026,6/4/2026 0:28,1781206352,16:10.8,deep
Josh,6/9/2026 9:15,6/3/2026,6/4/2026 0:29,1781206352,16:10.9,deep
Josh,6/9/2026 9:15,6/3/2026,6/4/2026 0:30,1781206352,16:11.8,deep
Josh,6/9/2026 9:15,6/3/2026,6/4/2026 0:31,1781206352,16:11.2,deep
Josh,6/9/2026 9:15,6/3/2026,6/4/2026 0:32,1781206352,16:11.4,deep
Josh,6/9/2026 9:15,6/3/2026,6/4/2026 0:33,1781206352,16:11.6,deep
Josh,6/9/2026 9:15,6/3/2026,6/4/2026 0:34,1781206352,16:11.7,deep
Josh,6/9/2026 9:15,6/3/2026,6/4/2026 0:35,1781206352,16:11.9,deep
Josh,6/9/2026 9:15,6/3/2026,6/4/2026 0:36,1781206352,16:12.3,deep
Josh,6/9/2026 9:15,6/3/2026,6/4/2026 0:37,1781206352,16:12.2,deep
Josh,6/9/2026 9:15,6/3/2026,6/4/2026 0:38,1781206352,16:12.3,deep
Josh,6/9/2026 9:15,6/3/2026,6/4/2026 0:39,1781206352,16:12.5,deep
Josh,6/9/2026 9:15,6/3/2026,6/4/2026 0:40,1781206352,16:12.7,deep
Josh,6/9/2026 9:15,6/3/2026,6/4/2026 0:41,1781206352,16:12.8,deep
Josh,6/9/2026 9:15,6/3/2026,6/4/2026 0:42,1781206352,16:13.0,deep
Josh,6/9/2026 9:15,6/3/2026,6/4/2026 0:43,1781206352,16:13.1,deep
Josh,6/9/2026 9:15,6/3/2026,6/4/2026 0:44,1781206352,16:13.3,deep
Josh,6/9/2026 9:15,6/3/2026,6/4/2026 0:45,1781206352,16:13.5,deep
Josh,6/9/2026 9:15,6/3/2026,6/4/2026 0:46,1781206352,16:13.6,deep
Josh,6/9/2026 9:15,6/3/2026,6/4/2026 0:47,1781206352,16:13.8,deep
Josh,6/9/2026 9:15,6/3/2026,6/4/2026 0:48,1781206352,16:13.9,light
Josh,6/9/2026 9:15,6/3/2026,6/4/2026 0:49,1781206352,16:14.9,light
Josh,6/9/2026 9:15,6/3/2026,6/4/2026 0:50,1781206352,16:14.2,light
Josh,6/9/2026 9:15,6/3/2026,6/4/2026 0:51,1781206352,16:14.4,light
Josh,6/9/2026 9:15,6/3/2026,6/4/2026 0:52,1781206352,16:14.6,light
Josh,6/9/2026 9:15,6/3/2026,6/4/2026 0:53,1781206352,16:14.7,light
Josh,6/9/2026 9:15,6/3/2026,6/4/2026 0:54,1781206352,16:14.9,wake
Josh,6/9/2026 9:15,6/3/2026,6/4/2026 0:55,1781206352,16:15.4,rem
Josh,6/9/2026 9:15,6/3/2026,6/4/2026 0:56,1781206352,16:15.2,rem
Josh,6/9/2026 9:15,6/3/2026,6/4/2026 0:57,1781206352,16:15.4,rem
Josh,6/9/2026 9:15,6/3/2026,6/4/2026 0:58,1781206352,16:15.5,rem
Josh,6/9/2026 9:15,6/3/2026,6/4/2026 0:59,1781206352,16:15.7,rem
Josh,6/9/2026 9:15,6/3/2026,6/4/2026 1:00,1781206352,16:15.8,rem
Josh,6/9/2026 9:15,6/3/2026,6/4/2026 1:01,1781206352,16:16.0,rem
Josh,6/9/2026 9:15,6/3/2026,6/4/2026 1:02,1781206352,16:16.1,rem
Josh,6/9/2026 9:15,6/3/2026,6/4/2026 1:03,1781206352,16:16.3,rem
Josh,6/9/2026 9:15,6/3/2026,6/4/2026 1:04,1781206352,16:16.5,rem
Josh,6/9/2026 9:15,6/3/2026,6/4/2026 1:05,1781206352,16:16.6,rem
Josh,6/9/2026 9:15,6/3/2026,6/4/2026 1:06,1781206352,16:16.8,light
Josh,6/9/2026 9:15,6/3/2026,6/4/2026 1:07,1781206352,16:16.9,light
Josh,6/9/2026 9:15,6/3/2026,6/4/2026 1:08,1781206352,16:18.0,light
Josh,6/9/2026 9:15,6/3/2026,6/4/2026 1:09,1781206352,16:17.3,light
Josh,6/9/2026 9:15,6/3/2026,6/4/2026 1:10,1781206352,16:17.4,light
Josh,6/9/2026 9:15,6/3/2026,6/4/2026 1:11,1781206352,16:17.6,light
Josh,6/9/2026 9:15,6/3/2026,6/4/2026 1:12,1781206352,16:17.7,light
Josh,6/9/2026 9:15,6/3/2026,6/4/2026 1:13,1781206352,16:17.9,light
Josh,6/9/2026 9:15,6/3/2026,6/4/2026 1:14,1781206352,16:18.4,light
Josh,6/9/2026 9:15,6/3/2026,6/4/2026 1:15,1781206352,16:18.2,light
Josh,6/9/2026 9:15,6/3/2026,6/4/2026 1:16,1781206352,16:18.4,light
Josh,6/9/2026 9:15,6/3/2026,6/4/2026 1:17,1781206352,16:18.5,light
Josh,6/9/2026 9:15,6/3/2026,6/4/2026 1:18,1781206352,16:18.7,light
Josh,6/9/2026 9:15,6/3/2026,6/4/2026 1:19,1781206352,16:18.8,light
Josh,6/9/2026 9:15,6/3/2026,6/4/2026 1:20,1781206352,16:19.0,light
Josh,6/9/2026 9:15,6/3/2026,6/4/2026 1:21,1781206352,16:19.2,light
Josh,6/9/2026 9:15,6/3/2026,6/4/2026 1:22,1781206352,16:19.3,deep
Josh,6/9/2026 9:15,6/3/2026,6/4/2026 1:23,1781206352,16:19.5,deep
Josh,6/9/2026 9:15,6/3/2026,6/4/2026 1:24,1781206352,16:19.6,deep
Josh,6/9/2026 9:15,6/3/2026,6/4/2026 1:25,1781206352,16:19.8,deep
Josh,6/9/2026 9:15,6/3/2026,6/4/2026 1:26,1781206352,16:19.9,deep
Josh,6/9/2026 9:15,6/3/2026,6/4/2026 1:27,1781206352,16:20.1,deep
Josh,6/9/2026 9:15,6/3/2026,6/4/2026 1:28,1781206352,16:20.3,deep
Josh,6/9/2026 9:15,6/3/2026,6/4/2026 1:29,1781206352,16:20.4,deep
Josh,6/9/2026 9:15,6/3/2026,6/4/2026 1:30,1781206352,16:20.6,deep
Josh,6/9/2026 9:15,6/3/2026,6/4/2026 1:31,1781206352,16:20.7,deep
Josh,6/9/2026 9:15,6/3/2026,6/4/2026 1:32,1781206352,16:20.9,deep
Josh,6/9/2026 9:15,6/3/2026,6/4/2026 1:33,1781206352,16:21.5,deep
Josh,6/9/2026 9:15,6/3/2026,6/4/2026 1:34,1781206352,16:21.2,deep
Josh,6/9/2026 9:15,6/3/2026,6/4/2026 1:35,1781206352,16:21.4,deep
Josh,6/9/2026 9:15,6/3/2026,6/4/2026 1:36,1781206352,16:21.5,deep
Josh,6/9/2026 9:15,6/3/2026,6/4/2026 1:37,1781206352,16:21.7,deep
Josh,6/9/2026 9:15,6/3/2026,6/4/2026 1:38,1781206352,16:21.8,deep
Josh,6/9/2026 9:15,6/3/2026,6/4/2026 1:39,1781206352,16:22.1,deep
Josh,6/9/2026 9:15,6/3/2026,6/4/2026 1:40,1781206352,16:22.2,deep
Josh,6/9/2026 9:15,6/3/2026,6/4/2026 1:41,1781206352,16:22.3,deep
Josh,6/9/2026 9:15,6/3/2026,6/4/2026 1:42,1781206352,16:22.5,deep
Josh,6/9/2026 9:15,6/3/2026,6/4/2026 1:43,1781206352,16:22.6,deep
Josh,6/9/2026 9:15,6/3/2026,6/4/2026 1:44,1781206352,16:22.8,deep
Josh,6/9/2026 9:15,6/3/2026,6/4/2026 1:45,1781206352,16:23.0,deep
Josh,6/9/2026 9:15,6/3/2026,6/4/2026 1:46,1781206352,16:23.1,deep
Josh,6/9/2026 9:15,6/3/2026,6/4/2026 1:47,1781206352,16:23.3,deep
Josh,6/9/2026 9:15,6/3/2026,6/4/2026 1:48,1781206352,16:23.4,deep
Josh,6/9/2026 9:15,6/3/2026,6/4/2026 1:49,1781206352,16:23.6,deep
Josh,6/9/2026 9:15,6/3/2026,6/4/2026 1:50,1781206352,16:23.7,deep
Josh,6/9/2026 9:15,6/3/2026,6/4/2026 1:51,1781206352,16:23.9,light
Josh,6/9/2026 9:15,6/3/2026,6/4/2026 1:52,1781206352,16:24.6,light
Josh,6/9/2026 9:15,6/3/2026,6/4/2026 1:53,1781206352,16:24.2,light
Josh,6/9/2026 9:15,6/3/2026,6/4/2026 1:54,1781206352,16:24.4,light
Josh,6/9/2026 9:15,6/3/2026,6/4/2026 1:55,1781206352,16:24.5,light
Josh,6/9/2026 9:15,6/3/2026,6/4/2026 1:56,1781206352,16:24.7,light
Josh,6/9/2026 9:15,6/3/2026,6/4/2026 1:57,1781206352,16:24.8,light
Josh,6/9/2026 9:15,6/3/2026,6/4/2026 1:58,1781206352,16:25.8,light
Josh,6/9/2026 9:15,6/3/2026,6/4/2026 1:59,1781206352,16:25.2,light
Josh,6/9/2026 9:15,6/3/2026,6/4/2026 2:00,1781206352,16:25.3,light
Josh,6/9/2026 9:15,6/3/2026,6/4/2026 2:01,1781206352,16:25.5,rem
Josh,6/9/2026 9:15,6/3/2026,6/4/2026 2:02,1781206352,16:25.6,rem
Josh,6/9/2026 9:15,6/3/2026,6/4/2026 2:03,1781206352,16:25.8,rem
Josh,6/9/2026 9:15,6/3/2026,6/4/2026 2:04,1781206352,16:26.0,rem
Josh,6/9/2026 9:15,6/3/2026,6/4/2026 2:05,1781206352,16:26.1,rem
Josh,6/9/2026 9:15,6/3/2026,6/4/2026 2:06,1781206352,16:26.3,rem
Josh,6/9/2026 9:15,6/3/2026,6/4/2026 2:07,1781206352,16:26.4,rem
Josh,6/9/2026 9:15,6/3/2026,6/4/2026 2:08,1781206352,16:26.6,rem
Josh,6/9/2026 9:15,6/3/2026,6/4/2026 2:09,1781206352,16:26.7,light
Josh,6/9/2026 9:15,6/3/2026,6/4/2026 2:10,1781206352,16:26.9,light
Josh,6/9/2026 9:15,6/3/2026,6/4/2026 2:11,1781206352,16:27.6,light
Josh,6/9/2026 9:15,6/3/2026,6/4/2026 2:12,1781206352,16:27.2,light
Josh,6/9/2026 9:15,6/3/2026,6/4/2026 2:13,1781206352,16:27.4,light
Josh,6/9/2026 9:15,6/3/2026,6/4/2026 2:14,1781206352,16:27.5,light
Josh,6/9/2026 9:15,6/3/2026,6/4/2026 2:15,1781206352,16:27.7,light
Josh,6/9/2026 9:15,6/3/2026,6/4/2026 2:16,1781206352,16:27.9,light
Josh,6/9/2026 9:15,6/3/2026,6/4/2026 2:17,1781206352,16:28.1,light
Josh,6/9/2026 9:15,6/3/2026,6/4/2026 2:18,1781206352,16:28.2,light
Josh,6/9/2026 9:15,6/3/2026,6/4/2026 2:19,1781206352,16:28.3,light
Josh,6/9/2026 9:15,6/3/2026,6/4/2026 2:20,1781206352,16:28.5,light
Josh,6/9/2026 9:15,6/3/2026,6/4/2026 2:21,1781206352,16:28.6,light
Josh,6/9/2026 9:15,6/3/2026,6/4/2026 2:22,1781206352,16:28.8,light
Josh,6/9/2026 9:15,6/3/2026,6/4/2026 2:23,1781206352,16:29.0,light
Josh,6/9/2026 9:15,6/3/2026,6/4/2026 2:24,1781206352,16:29.1,light
Josh,6/9/2026 9:15,6/3/2026,6/4/2026 2:25,1781206352,16:29.3,light
Josh,6/9/2026 9:15,6/3/2026,6/4/2026 2:26,1781206352,16:29.4,light
Josh,6/9/2026 9:15,6/3/2026,6/4/2026 2:27,1781206352,16:29.6,deep
Josh,6/9/2026 9:15,6/3/2026,6/4/2026 2:28,1781206352,16:29.8,deep
Josh,6/9/2026 9:15,6/3/2026,6/4/2026 2:29,1781206352,16:29.9,deep
Josh,6/9/2026 9:15,6/3/2026,6/4/2026 2:30,1781206352,16:30.7,deep
Josh,6/9/2026 9:15,6/3/2026,6/4/2026 2:31,1781206352,16:30.2,deep
Josh,6/9/2026 9:15,6/3/2026,6/4/2026 2:32,1781206352,16:30.4,deep
Josh,6/9/2026 9:15,6/3/2026,6/4/2026 2:33,1781206352,16:30.5,deep
Josh,6/9/2026 9:15,6/3/2026,6/4/2026 2:34,1781206352,16:30.7,deep
Josh,6/9/2026 9:15,6/3/2026,6/4/2026 2:35,1781206352,16:30.9,deep
Josh,6/9/2026 9:15,6/3/2026,6/4/2026 2:36,1781206352,16:31.2,deep
Josh,6/9/2026 9:15,6/3/2026,6/4/2026 2:37,1781206352,16:31.2,deep
Josh,6/9/2026 9:15,6/3/2026,6/4/2026 2:38,1781206352,16:31.3,deep
Josh,6/9/2026 9:15,6/3/2026,6/4/2026 2:39,1781206352,16:31.5,deep
Josh,6/9/2026 9:15,6/3/2026,6/4/2026 2:40,1781206352,16:31.7,deep
Josh,6/9/2026 9:15,6/3/2026,6/4/2026 2:41,1781206352,16:31.8,deep
Josh,6/9/2026 9:15,6/3/2026,6/4/2026 2:42,1781206352,16:32.0,deep
Josh,6/9/2026 9:15,6/3/2026,6/4/2026 2:43,1781206352,16:32.1,deep
Josh,6/9/2026 9:15,6/3/2026,6/4/2026 2:44,1781206352,16:32.3,deep
Josh,6/9/2026 9:15,6/3/2026,6/4/2026 2:45,1781206352,16:32.4,deep
Josh,6/9/2026 9:15,6/3/2026,6/4/2026 2:46,1781206352,16:32.6,deep
Josh,6/9/2026 9:15,6/3/2026,6/4/2026 2:47,1781206352,16:32.8,light
Josh,6/9/2026 9:15,6/3/2026,6/4/2026 2:48,1781206352,16:32.9,light
Josh,6/9/2026 9:15,6/3/2026,6/4/2026 2:49,1781206352,16:33.8,light
Josh,6/9/2026 9:15,6/3/2026,6/4/2026 2:50,1781206352,16:33.2,light
Josh,6/9/2026 9:15,6/3/2026,6/4/2026 2:51,1781206352,16:33.4,light
Josh,6/9/2026 9:15,6/3/2026,6/4/2026 2:52,1781206352,16:33.6,light
Josh,6/9/2026 9:15,6/3/2026,6/4/2026 2:53,1781206352,16:33.7,light
Josh,6/9/2026 9:15,6/3/2026,6/4/2026 2:54,1781206352,16:33.9,light
Josh,6/9/2026 9:15,6/3/2026,6/4/2026 2:55,1781206352,16:34.3,light
Josh,6/9/2026 9:15,6/3/2026,6/4/2026 2:56,1781206352,16:34.2,light
Josh,6/9/2026 9:15,6/3/2026,6/4/2026 2:57,1781206352,16:34.3,rem
Josh,6/9/2026 9:15,6/3/2026,6/4/2026 2:58,1781206352,16:34.5,rem
Josh,6/9/2026 9:15,6/3/2026,6/4/2026 2:59,1781206352,16:34.7,rem
Josh,6/9/2026 9:15,6/3/2026,6/4/2026 3:00,1781206352,16:34.8,rem
Josh,6/9/2026 9:15,6/3/2026,6/4/2026 3:01,1781206352,16:35.0,rem
Josh,6/9/2026 9:15,6/3/2026,6/4/2026 3:02,1781206352,16:35.1,rem
Josh,6/9/2026 9:15,6/3/2026,6/4/2026 3:03,1781206352,16:35.3,rem
Josh,6/9/2026 9:15,6/3/2026,6/4/2026 3:04,1781206352,16:35.5,rem
Josh,6/9/2026 9:15,6/3/2026,6/4/2026 3:05,1781206352,16:35.6,rem
Josh,6/9/2026 9:15,6/3/2026,6/4/2026 3:06,1781206352,16:35.8,rem
Josh,6/9/2026 9:15,6/3/2026,6/4/2026 3:07,1781206352,16:35.9,rem
Josh,6/9/2026 9:15,6/3/2026,6/4/2026 3:08,1781206352,16:36.8,rem
Josh,6/9/2026 9:15,6/3/2026,6/4/2026 3:09,1781206352,16:36.2,rem
Josh,6/9/2026 9:15,6/3/2026,6/4/2026 3:10,1781206352,16:36.4,rem
Josh,6/9/2026 9:15,6/3/2026,6/4/2026 3:11,1781206352,16:36.6,rem
Josh,6/9/2026 9:15,6/3/2026,6/4/2026 3:12,1781206352,16:36.7,rem
Josh,6/9/2026 9:15,6/3/2026,6/4/2026 3:13,1781206352,16:36.9,rem
Josh,6/9/2026 9:15,6/3/2026,6/4/2026 3:14,1781206352,16:37.3,rem
Josh,6/9/2026 9:15,6/3/2026,6/4/2026 3:15,1781206352,16:37.2,rem
Josh,6/9/2026 9:15,6/3/2026,6/4/2026 3:16,1781206352,16:37.3,rem
Josh,6/9/2026 9:15,6/3/2026,6/4/2026 3:17,1781206352,16:37.5,rem
Josh,6/9/2026 9:15,6/3/2026,6/4/2026 3:18,1781206352,16:37.7,rem
Josh,6/9/2026 9:15,6/3/2026,6/4/2026 3:19,1781206352,16:37.8,light
Josh,6/9/2026 9:15,6/3/2026,6/4/2026 3:20,1781206352,16:38.0,light
Josh,6/9/2026 9:15,6/3/2026,6/4/2026 3:21,1781206352,16:38.1,light
Josh,6/9/2026 9:15,6/3/2026,6/4/2026 3:22,1781206352,16:38.3,light
Josh,6/9/2026 9:15,6/3/2026,6/4/2026 3:23,1781206352,16:38.5,light
Josh,6/9/2026 9:15,6/3/2026,6/4/2026 3:24,1781206352,16:38.6,light
Josh,6/9/2026 9:15,6/3/2026,6/4/2026 3:25,1781206352,16:38.8,light
Josh,6/9/2026 9:15,6/3/2026,6/4/2026 3:26,1781206352,16:38.9,light
Josh,6/9/2026 9:15,6/3/2026,6/4/2026 3:27,1781206352,16:39.9,light
Josh,6/9/2026 9:15,6/3/2026,6/4/2026 3:28,1781206352,16:39.2,light
Josh,6/9/2026 9:15,6/3/2026,6/4/2026 3:29,1781206352,16:39.4,light
Josh,6/9/2026 9:15,6/3/2026,6/4/2026 3:30,1781206352,16:39.6,light
Josh,6/9/2026 9:15,6/3/2026,6/4/2026 3:31,1781206352,16:39.7,light
Josh,6/9/2026 9:15,6/3/2026,6/4/2026 3:32,1781206352,16:39.9,light
Josh,6/9/2026 9:15,6/3/2026,6/4/2026 3:33,1781206352,16:40.4,light
Josh,6/9/2026 9:15,6/3/2026,6/4/2026 3:34,1781206352,16:40.2,light
Josh,6/9/2026 9:15,6/3/2026,6/4/2026 3:35,1781206352,16:40.4,light
Josh,6/9/2026 9:15,6/3/2026,6/4/2026 3:36,1781206352,16:40.5,light
Josh,6/9/2026 9:15,6/3/2026,6/4/2026 3:37,1781206352,16:40.7,light
Josh,6/9/2026 9:15,6/3/2026,6/4/2026 3:38,1781206352,16:40.8,light
Josh,6/9/2026 9:15,6/3/2026,6/4/2026 3:39,1781206352,16:41.0,light
Josh,6/9/2026 9:15,6/3/2026,6/4/2026 3:40,1781206352,16:41.1,deep
Josh,6/9/2026 9:15,6/3/2026,6/4/2026 3:41,1781206352,16:41.3,deep
Josh,6/9/2026 9:15,6/3/2026,6/4/2026 3:42,1781206352,16:41.5,deep
Josh,6/9/2026 9:15,6/3/2026,6/4/2026 3:43,1781206352,16:41.6,deep
Josh,6/9/2026 9:15,6/3/2026,6/4/2026 3:44,1781206352,16:41.8,deep
Josh,6/9/2026 9:15,6/3/2026,6/4/2026 3:45,1781206352,16:41.9,deep
Josh,6/9/2026 9:15,6/3/2026,6/4/2026 3:46,1781206352,16:43.0,deep
Josh,6/9/2026 9:15,6/3/2026,6/4/2026 3:47,1781206352,16:42.3,deep
Josh,6/9/2026 9:15,6/3/2026,6/4/2026 3:48,1781206352,16:42.4,deep
Josh,6/9/2026 9:15,6/3/2026,6/4/2026 3:49,1781206352,16:42.6,deep
Josh,6/9/2026 9:15,6/3/2026,6/4/2026 3:50,1781206352,16:42.7,deep
Josh,6/9/2026 9:15,6/3/2026,6/4/2026 3:51,1781206352,16:42.9,deep
Josh,6/9/2026 9:15,6/3/2026,6/4/2026 3:52,1781206352,16:43.5,deep
Josh,6/9/2026 9:15,6/3/2026,6/4/2026 3:53,1781206352,16:43.2,deep
Josh,6/9/2026 9:15,6/3/2026,6/4/2026 3:54,1781206352,16:43.4,deep
Josh,6/9/2026 9:15,6/3/2026,6/4/2026 3:55,1781206352,16:43.5,deep
Josh,6/9/2026 9:15,6/3/2026,6/4/2026 3:56,1781206352,16:43.7,deep
Josh,6/9/2026 9:15,6/3/2026,6/4/2026 3:57,1781206352,16:43.8,light
Josh,6/9/2026 9:15,6/3/2026,6/4/2026 3:58,1781206352,16:44.0,light
Josh,6/9/2026 9:15,6/3/2026,6/4/2026 3:59,1781206352,16:44.2,light
Josh,6/9/2026 9:15,6/3/2026,6/4/2026 4:00,1781206352,16:44.3,light
Josh,6/9/2026 9:15,6/3/2026,6/4/2026 4:01,1781206352,16:44.5,light
Josh,6/9/2026 9:15,6/3/2026,6/4/2026 4:02,1781206352,16:44.6,light
Josh,6/9/2026 9:15,6/3/2026,6/4/2026 4:03,1781206352,16:44.8,rem
Josh,6/9/2026 9:15,6/3/2026,6/4/2026 4:04,1781206352,16:44.9,rem
Josh,6/9/2026 9:15,6/3/2026,6/4/2026 4:05,1781206352,16:45.1,rem
Josh,6/9/2026 9:15,6/3/2026,6/4/2026 4:06,1781206352,16:45.3,rem
Josh,6/9/2026 9:15,6/3/2026,6/4/2026 4:07,1781206352,16:45.4,rem
Josh,6/9/2026 9:15,6/3/2026,6/4/2026 4:08,1781206352,16:45.6,rem
Josh,6/9/2026 9:15,6/3/2026,6/4/2026 4:09,1781206352,16:45.7,rem
Josh,6/9/2026 9:15,6/3/2026,6/4/2026 4:10,1781206352,16:45.9,rem
Josh,6/9/2026 9:15,6/3/2026,6/4/2026 4:11,1781206352,16:46.5,rem
Josh,6/9/2026 9:15,6/3/2026,6/4/2026 4:12,1781206352,16:46.2,rem
Josh,6/9/2026 9:15,6/3/2026,6/4/2026 4:13,1781206352,16:46.4,rem
Josh,6/9/2026 9:15,6/3/2026,6/4/2026 4:14,1781206352,16:46.5,rem
Josh,6/9/2026 9:15,6/3/2026,6/4/2026 4:15,1781206352,16:46.7,rem
Josh,6/9/2026 9:15,6/3/2026,6/4/2026 4:16,1781206352,16:46.8,rem
Josh,6/9/2026 9:15,6/3/2026,6/4/2026 4:17,1781206352,16:47.3,rem
Josh,6/9/2026 9:15,6/3/2026,6/4/2026 4:18,1781206352,16:47.2,rem
Josh,6/9/2026 9:15,6/3/2026,6/4/2026 4:19,1781206352,16:47.3,rem
Josh,6/9/2026 9:15,6/3/2026,6/4/2026 4:20,1781206352,16:47.5,rem
Josh,6/9/2026 9:15,6/3/2026,6/4/2026 4:21,1781206352,16:47.6,rem
Josh,6/9/2026 9:15,6/3/2026,6/4/2026 4:22,1781206352,16:47.8,light
Josh,6/9/2026 9:15,6/3/2026,6/4/2026 4:23,1781206352,16:48.0,light
Josh,6/9/2026 9:15,6/3/2026,6/4/2026 4:24,1781206352,16:48.1,light
Josh,6/9/2026 9:15,6/3/2026,6/4/2026 4:25,1781206352,16:48.3,light
Josh,6/9/2026 9:15,6/3/2026,6/4/2026 4:26,1781206352,16:48.4,light
Josh,6/9/2026 9:15,6/3/2026,6/4/2026 4:27,1781206352,16:48.6,light
Josh,6/9/2026 9:15,6/3/2026,6/4/2026 4:28,1781206352,16:48.7,light
Josh,6/9/2026 9:15,6/3/2026,6/4/2026 4:29,1781206352,16:48.9,light
Josh,6/9/2026 9:15,6/3/2026,6/4/2026 4:30,1781206352,16:49.6,light
Josh,6/9/2026 9:15,6/3/2026,6/4/2026 4:31,1781206352,16:49.2,light
Josh,6/9/2026 9:15,6/3/2026,6/4/2026 4:32,1781206352,16:49.4,light
Josh,6/9/2026 9:15,6/3/2026,6/4/2026 4:33,1781206352,16:49.5,light
Josh,6/9/2026 9:15,6/3/2026,6/4/2026 4:34,1781206352,16:49.7,light
Josh,6/9/2026 9:15,6/3/2026,6/4/2026 4:35,1781206352,16:49.9,light
Josh,6/9/2026 9:15,6/3/2026,6/4/2026 4:36,1781206352,16:50.9,light
Josh,6/9/2026 9:15,6/3/2026,6/4/2026 4:37,1781206352,16:50.2,light
Josh,6/9/2026 9:15,6/3/2026,6/4/2026 4:38,1781206352,16:50.3,light
Josh,6/9/2026 9:15,6/3/2026,6/4/2026 4:39,1781206352,16:50.5,light
Josh,6/9/2026 9:15,6/3/2026,6/4/2026 4:40,1781206352,16:50.6,light
Josh,6/9/2026 9:15,6/3/2026,6/4/2026 4:41,1781206352,16:50.8,light
Josh,6/9/2026 9:15,6/3/2026,6/4/2026 4:42,1781206352,16:51.0,light
Josh,6/9/2026 9:15,6/3/2026,6/4/2026 4:43,1781206352,16:51.1,light
Josh,6/9/2026 9:15,6/3/2026,6/4/2026 4:44,1781206352,16:51.3,light
Josh,6/9/2026 9:15,6/3/2026,6/4/2026 4:45,1781206352,16:51.4,light
Josh,6/9/2026 9:15,6/3/2026,6/4/2026 4:46,1781206352,16:51.6,light
Josh,6/9/2026 9:15,6/3/2026,6/4/2026 4:47,1781206352,16:51.8,deep
Josh,6/9/2026 9:15,6/3/2026,6/4/2026 4:48,1781206352,16:51.9,deep
Josh,6/9/2026 9:15,6/3/2026,6/4/2026 4:49,1781206352,16:52.7,deep
Josh,6/9/2026 9:15,6/3/2026,6/4/2026 4:50,1781206352,16:52.2,deep
Josh,6/9/2026 9:15,6/3/2026,6/4/2026 4:51,1781206352,16:52.4,deep
Josh,6/9/2026 9:15,6/3/2026,6/4/2026 4:52,1781206352,16:52.5,deep
Josh,6/9/2026 9:15,6/3/2026,6/4/2026 4:53,1781206352,16:52.7,deep
Josh,6/9/2026 9:15,6/3/2026,6/4/2026 4:54,1781206352,16:52.9,deep
Josh,6/9/2026 9:15,6/3/2026,6/4/2026 4:55,1781206352,16:53.2,deep
Josh,6/9/2026 9:15,6/3/2026,6/4/2026 4:56,1781206352,16:53.2,deep
Josh,6/9/2026 9:15,6/3/2026,6/4/2026 4:57,1781206352,16:53.3,deep
Josh,6/9/2026 9:15,6/3/2026,6/4/2026 4:58,1781206352,16:53.5,light
Josh,6/9/2026 9:15,6/3/2026,6/4/2026 4:59,1781206352,16:53.6,light
Josh,6/9/2026 9:15,6/3/2026,6/4/2026 5:00,1781206352,16:53.8,light
Josh,6/9/2026 9:15,6/3/2026,6/4/2026 5:01,1781206352,16:54.0,light
Josh,6/9/2026 9:15,6/3/2026,6/4/2026 5:02,1781206352,16:54.1,light
Josh,6/9/2026 9:15,6/3/2026,6/4/2026 5:03,1781206352,16:54.3,light
Josh,6/9/2026 9:15,6/3/2026,6/4/2026 5:04,1781206352,16:54.4,light
Josh,6/9/2026 9:15,6/3/2026,6/4/2026 5:05,1781206352,16:54.6,light
Josh,6/9/2026 9:15,6/3/2026,6/4/2026 5:06,1781206352,16:54.8,light
Josh,6/9/2026 9:15,6/3/2026,6/4/2026 5:07,1781206352,16:54.9,light
Josh,6/9/2026 9:15,6/3/2026,6/4/2026 5:08,1781206352,16:55.7,rem
Josh,6/9/2026 9:15,6/3/2026,6/4/2026 5:09,1781206352,16:55.2,rem
Josh,6/9/2026 9:15,6/3/2026,6/4/2026 5:10,1781206352,16:55.4,rem
Josh,6/9/2026 9:15,6/3/2026,6/4/2026 5:11,1781206352,16:55.5,rem
Josh,6/9/2026 9:15,6/3/2026,6/4/2026 5:12,1781206352,16:55.7,rem
Josh,6/9/2026 9:15,6/3/2026,6/4/2026 5:13,1781206352,16:55.9,rem
Josh,6/9/2026 9:15,6/3/2026,6/4/2026 5:14,1781206352,16:56.2,rem
Josh,6/9/2026 9:15,6/3/2026,6/4/2026 5:15,1781206352,16:56.2,rem
Josh,6/9/2026 9:15,6/3/2026,6/4/2026 5:16,1781206352,16:56.3,rem
Josh,6/9/2026 9:15,6/3/2026,6/4/2026 5:17,1781206352,16:56.5,rem
Josh,6/9/2026 9:15,6/3/2026,6/4/2026 5:18,1781206352,16:56.7,rem
Josh,6/9/2026 9:15,6/3/2026,6/4/2026 5:19,1781206352,16:56.8,rem
Josh,6/9/2026 9:15,6/3/2026,6/4/2026 5:20,1781206352,16:57.0,rem
Josh,6/9/2026 9:15,6/3/2026,6/4/2026 5:21,1781206352,16:57.1,rem
Josh,6/9/2026 9:15,6/3/2026,6/4/2026 5:22,1781206352,16:57.3,rem
Josh,6/9/2026 9:15,6/3/2026,6/4/2026 5:23,1781206352,16:57.4,rem
Josh,6/9/2026 9:15,6/3/2026,6/4/2026 5:24,1781206352,16:57.6,rem
Josh,6/9/2026 9:15,6/3/2026,6/4/2026 5:25,1781206352,16:57.8,rem
Josh,6/9/2026 9:15,6/3/2026,6/4/2026 5:26,1781206352,16:57.9,rem
Josh,6/9/2026 9:15,6/3/2026,6/4/2026 5:27,1781206352,16:58.8,rem
Josh,6/9/2026 9:15,6/3/2026,6/4/2026 5:28,1781206352,16:58.2,rem
Josh,6/9/2026 9:15,6/3/2026,6/4/2026 5:29,1781206352,16:58.4,rem
Josh,6/9/2026 9:15,6/3/2026,6/4/2026 5:30,1781206352,16:58.6,rem
Josh,6/9/2026 9:15,6/3/2026,6/4/2026 5:31,1781206352,16:58.7,light
Josh,6/9/2026 9:15,6/3/2026,6/4/2026 5:32,1781206352,16:58.9,light
Josh,6/9/2026 9:15,6/3/2026,6/4/2026 5:33,1781206352,16:59.3,light
Josh,6/9/2026 9:15,6/3/2026,6/4/2026 5:34,1781206352,16:59.2,light
Josh,6/9/2026 9:15,6/3/2026,6/4/2026 5:35,1781206352,16:59.3,light
Josh,6/9/2026 9:15,6/3/2026,6/4/2026 5:36,1781206352,16:59.5,light
Josh,6/9/2026 9:15,6/3/2026,6/4/2026 5:37,1781206352,16:59.7,light
Josh,6/9/2026 9:15,6/3/2026,6/4/2026 5:38,1781206352,16:59.8,light
Josh,6/9/2026 9:15,6/3/2026,6/4/2026 5:39,1781206352,17:00.0,light
Josh,6/9/2026 9:15,6/3/2026,6/4/2026 5:40,1781206352,17:00.1,light
Josh,6/9/2026 9:15,6/3/2026,6/4/2026 5:41,1781206352,17:00.3,light
Josh,6/9/2026 9:15,6/3/2026,6/4/2026 5:42,1781206352,17:00.5,light
Josh,6/9/2026 9:15,6/3/2026,6/4/2026 5:43,1781206352,17:00.6,light
Josh,6/9/2026 9:15,6/3/2026,6/4/2026 5:44,1781206352,17:00.8,light
Josh,6/9/2026 9:15,6/3/2026,6/4/2026 5:45,1781206352,17:00.9,light
Josh,6/9/2026 9:15,6/3/2026,6/4/2026 5:46,1781206352,17:01.9,light
Josh,6/9/2026 9:15,6/3/2026,6/4/2026 5:47,1781206352,17:01.2,light
Josh,6/9/2026 9:15,6/3/2026,6/4/2026 5:48,1781206352,17:01.4,light
Josh,6/9/2026 9:15,6/3/2026,6/4/2026 5:49,1781206352,17:01.6,light
Josh,6/9/2026 9:15,6/3/2026,6/4/2026 5:50,1781206352,17:01.7,light
Josh,6/9/2026 9:15,6/3/2026,6/4/2026 5:51,1781206352,17:01.9,light
Josh,6/9/2026 9:15,6/3/2026,6/4/2026 5:52,1781206352,17:02.3,light
Josh,6/9/2026 9:15,6/3/2026,6/4/2026 5:53,1781206352,17:02.2,deep
Josh,6/9/2026 9:15,6/3/2026,6/4/2026 5:54,1781206352,17:02.4,deep
Josh,6/9/2026 9:15,6/3/2026,6/4/2026 5:55,1781206352,17:02.5,deep
Josh,6/9/2026 9:15,6/3/2026,6/4/2026 5:56,1781206352,17:02.7,deep
Josh,6/9/2026 9:15,6/3/2026,6/4/2026 5:57,1781206352,17:02.8,deep
Josh,6/9/2026 9:15,6/3/2026,6/4/2026 5:58,1781206352,17:03.0,deep
Josh,6/9/2026 9:15,6/3/2026,6/4/2026 5:59,1781206352,17:03.1,light
Josh,6/9/2026 9:15,6/3/2026,6/4/2026 6:00,1781206352,17:03.3,light
Josh,6/9/2026 9:15,6/3/2026,6/4/2026 6:01,1781206352,17:03.5,light
Josh,6/9/2026 9:15,6/3/2026,6/4/2026 6:02,1781206352,17:03.6,light
Josh,6/9/2026 9:15,6/3/2026,6/4/2026 6:03,1781206352,17:03.8,light
Josh,6/9/2026 9:15,6/3/2026,6/4/2026 6:04,1781206352,17:03.9,light
Josh,6/9/2026 9:15,6/3/2026,6/4/2026 6:05,1781206352,17:04.9,light
Josh,6/9/2026 9:15,6/3/2026,6/4/2026 6:06,1781206352,17:04.3,light
Josh,6/9/2026 9:15,6/3/2026,6/4/2026 6:07,1781206352,17:04.4,wake
Josh,6/9/2026 9:15,6/3/2026,6/4/2026 6:08,1781206352,17:04.6,wake
Josh,6/9/2026 9:15,6/3/2026,6/4/2026 6:09,1781206352,17:04.7,rem
Josh,6/9/2026 9:15,6/3/2026,6/4/2026 6:10,1781206352,17:04.9,rem
Josh,6/9/2026 9:15,6/3/2026,6/4/2026 6:11,1781206352,17:05.4,rem
Josh,6/9/2026 9:15,6/3/2026,6/4/2026 6:12,1781206352,17:05.2,rem
Josh,6/9/2026 9:15,6/3/2026,6/4/2026 6:13,1781206352,17:05.4,rem
Josh,6/9/2026 9:15,6/3/2026,6/4/2026 6:14,1781206352,17:05.5,rem
Josh,6/9/2026 9:15,6/3/2026,6/4/2026 6:15,1781206352,17:05.7,rem
Josh,6/9/2026 9:15,6/3/2026,6/4/2026 6:16,1781206352,17:05.8,rem
Josh,6/9/2026 9:15,6/3/2026,6/4/2026 6:17,1781206352,17:06.0,rem
Josh,6/9/2026 9:15,6/3/2026,6/4/2026 6:18,1781206352,17:06.1,rem
Josh,6/9/2026 9:15,6/3/2026,6/4/2026 6:19,1781206352,17:06.3,rem
Josh,6/9/2026 9:15,6/3/2026,6/4/2026 6:20,1781206352,17:06.5,rem
Josh,6/9/2026 9:15,6/3/2026,6/4/2026 6:21,1781206352,17:06.6,rem
Josh,6/9/2026 9:15,6/3/2026,6/4/2026 6:22,1781206352,17:06.8,rem
Josh,6/9/2026 9:15,6/3/2026,6/4/2026 6:23,1781206352,17:06.9,rem
Josh,6/9/2026 9:15,6/3/2026,6/4/2026 6:24,1781206352,17:08.0,rem
Josh,6/9/2026 9:15,6/3/2026,6/4/2026 6:25,1781206352,17:07.3,rem
Josh,6/9/2026 9:15,6/3/2026,6/4/2026 6:26,1781206352,17:07.4,rem
Josh,6/9/2026 9:15,6/3/2026,6/4/2026 6:27,1781206352,17:07.6,rem
Josh,6/9/2026 9:15,6/3/2026,6/4/2026 6:28,1781206352,17:07.7,rem
Josh,6/9/2026 9:15,6/3/2026,6/4/2026 6:29,1781206352,17:07.9,rem
Josh,6/9/2026 9:15,6/3/2026,6/4/2026 6:30,1781206352,17:08.5,rem
Josh,6/9/2026 9:15,6/3/2026,6/4/2026 6:31,1781206352,17:08.2,rem
Josh,6/9/2026 9:15,6/3/2026,6/4/2026 6:32,1781206352,17:08.4,rem
Josh,6/9/2026 9:15,6/3/2026,6/4/2026 6:33,1781206352,17:08.5,rem
Josh,6/9/2026 9:15,6/3/2026,6/4/2026 6:34,1781206352,17:08.7,rem
Josh,6/9/2026 9:15,6/3/2026,6/4/2026 6:35,1781206352,17:08.8,rem
Josh,6/9/2026 9:15,6/3/2026,6/4/2026 6:36,1781206352,17:09.0,rem
Josh,6/9/2026 9:15,6/3/2026,6/4/2026 6:37,1781206352,17:09.2,rem
Josh,6/9/2026 9:15,6/3/2026,6/4/2026 6:38,1781206352,17:09.3,rem
Josh,6/9/2026 9:15,6/3/2026,6/4/2026 6:39,1781206352,17:09.5,rem
Josh,6/9/2026 9:15,6/3/2026,6/4/2026 6:40,1781206352,17:09.6,rem
Josh,6/9/2026 9:15,6/3/2026,6/4/2026 6:41,1781206352,17:09.8,light
Josh,6/9/2026 9:15,6/3/2026,6/4/2026 6:42,1781206352,17:09.9,light
Josh,6/9/2026 9:15,6/3/2026,6/4/2026 6:43,1781206352,17:10.1,light
Josh,6/9/2026 9:15,6/3/2026,6/4/2026 6:44,1781206352,17:10.3,light
Josh,6/9/2026 9:15,6/3/2026,6/4/2026 6:45,1781206352,17:10.4,light
Josh,6/9/2026 9:15,6/3/2026,6/4/2026 6:46,1781206352,17:10.6,light
Josh,6/9/2026 9:15,6/3/2026,6/4/2026 6:47,1781206352,17:10.7,light
Josh,6/9/2026 9:15,6/3/2026,6/4/2026 6:48,1781206352,17:10.9,light
Josh,6/9/2026 9:15,6/3/2026,6/4/2026 6:49,1781206352,17:11.5,light
Josh,6/9/2026 9:15,6/3/2026,6/4/2026 6:50,1781206352,17:11.2,light
Josh,6/9/2026 9:15,6/3/2026,6/4/2026 6:51,1781206352,17:11.4,light
Josh,6/9/2026 9:15,6/3/2026,6/4/2026 6:52,1781206352,17:11.5,light
Josh,6/9/2026 9:15,6/3/2026,6/4/2026 6:53,1781206352,17:11.7,light
Josh,6/9/2026 9:15,6/3/2026,6/4/2026 6:54,1781206352,17:11.8,light
Josh,6/9/2026 9:15,6/3/2026,6/4/2026 6:55,1781206352,17:12.4,light
Josh,6/9/2026 9:15,6/3/2026,6/4/2026 6:56,1781206352,17:12.2,light
Josh,6/9/2026 9:15,6/3/2026,6/4/2026 6:57,1781206352,17:12.3,light
Josh,6/9/2026 9:15,6/3/2026,6/4/2026 6:58,1781206352,17:12.5,light
Josh,6/9/2026 9:15,6/3/2026,6/4/2026 6:59,1781206352,17:12.6,deep
Josh,6/9/2026 9:15,6/3/2026,6/4/2026 7:00,1781206352,17:12.8,deep
Josh,6/9/2026 9:15,6/3/2026,6/4/2026 7:01,1781206352,17:13.0,deep
Josh,6/9/2026 9:15,6/3/2026,6/4/2026 7:02,1781206352,17:13.1,deep
Josh,6/9/2026 9:15,6/3/2026,6/4/2026 7:03,1781206352,17:13.3,deep
Josh,6/9/2026 9:15,6/3/2026,6/4/2026 7:04,1781206352,17:13.4,deep
Josh,6/9/2026 9:15,6/3/2026,6/4/2026 7:05,1781206352,17:13.6,deep
Josh,6/9/2026 9:15,6/3/2026,6/4/2026 7:06,1781206352,17:13.7,deep
Josh,6/9/2026 9:15,6/3/2026,6/4/2026 7:07,1781206352,17:13.9,light
Josh,6/9/2026 9:15,6/3/2026,6/4/2026 7:08,1781206352,17:14.6,light
Josh,6/9/2026 9:15,6/3/2026,6/4/2026 7:09,1781206352,17:14.2,light
Josh,6/9/2026 9:15,6/3/2026,6/4/2026 7:10,1781206352,17:14.4,light
Josh,6/9/2026 9:15,6/3/2026,6/4/2026 7:11,1781206352,17:14.5,light
Josh,6/9/2026 9:15,6/3/2026,6/4/2026 7:12,1781206352,17:14.7,light
Josh,6/9/2026 9:15,6/3/2026,6/4/2026 7:13,1781206352,17:14.9,light
Josh,6/9/2026 9:15,6/3/2026,6/4/2026 7:14,1781206352,17:15.1,rem
Josh,6/9/2026 9:15,6/3/2026,6/4/2026 7:15,1781206352,17:15.2,rem
Josh,6/9/2026 9:15,6/3/2026,6/4/2026 7:16,1781206352,17:15.3,rem
Josh,6/9/2026 9:15,6/3/2026,6/4/2026 7:17,1781206352,17:15.5,rem
Josh,6/9/2026 9:15,6/3/2026,6/4/2026 7:18,1781206352,17:15.6,rem
Josh,6/9/2026 9:15,6/3/2026,6/4/2026 7:19,1781206352,17:15.8,rem
Josh,6/9/2026 9:15,6/3/2026,6/4/2026 7:20,1781206352,17:16.0,rem
Josh,6/9/2026 9:15,6/3/2026,6/4/2026 7:21,1781206352,17:16.1,rem
Josh,6/9/2026 9:15,6/3/2026,6/4/2026 7:22,1781206352,17:16.3,rem
Josh,6/9/2026 9:15,6/3/2026,6/4/2026 7:23,1781206352,17:16.4,rem
Josh,6/9/2026 9:15,6/3/2026,6/4/2026 7:24,1781206352,17:16.6,rem
Josh,6/9/2026 9:15,6/3/2026,6/4/2026 7:25,1781206352,17:16.8,rem
Josh,6/9/2026 9:15,6/3/2026,6/4/2026 7:26,1781206352,17:16.9,rem
Josh,6/9/2026 9:15,6/3/2026,6/4/2026 7:27,1781206352,17:17.7,rem
Josh,6/9/2026 9:15,6/3/2026,6/4/2026 7:28,1781206352,17:17.2,rem
Josh,6/9/2026 9:15,6/3/2026,6/4/2026 7:29,1781206352,17:17.4,rem
Josh,6/9/2026 9:15,6/3/2026,6/4/2026 7:30,1781206352,17:17.5,rem
Josh,6/9/2026 9:15,6/3/2026,6/4/2026 7:31,1781206352,17:17.7,rem
Josh,6/9/2026 9:15,6/3/2026,6/4/2026 7:32,1781206352,17:17.9,rem
Josh,6/9/2026 9:15,6/3/2026,6/4/2026 7:33,1781206352,17:18.2,rem
Josh,6/9/2026 9:15,6/3/2026,6/4/2026 7:34,1781206352,17:18.2,rem
Josh,6/9/2026 9:15,6/3/2026,6/4/2026 7:35,1781206352,17:18.3,rem
Josh,6/9/2026 9:15,6/3/2026,6/4/2026 7:36,1781206352,17:18.5,rem
Josh,6/9/2026 9:15,6/3/2026,6/4/2026 7:37,1781206352,17:18.6,rem
Josh,6/9/2026 9:15,6/3/2026,6/4/2026 7:38,1781206352,17:18.8,rem
Josh,6/9/2026 9:15,6/3/2026,6/4/2026 7:39,1781206352,17:19.0,rem
Josh,6/9/2026 9:15,6/3/2026,6/4/2026 7:40,1781206352,17:19.1,rem
Josh,6/9/2026 9:13,6/4/2026,6/4/2026 23:29,1781207377,6/9/2026 9:13,light
Josh,6/9/2026 9:13,6/4/2026,6/4/2026 23:30,1781207377,13:01.2,light
Josh,6/9/2026 9:13,6/4/2026,6/4/2026 23:31,1781207377,13:01.4,light
Josh,6/9/2026 9:13,6/4/2026,6/4/2026 23:32,1781207377,13:01.6,light
Josh,6/9/2026 9:13,6/4/2026,6/4/2026 23:33,1781207377,13:01.8,light
Josh,6/9/2026 9:13,6/4/2026,6/4/2026 23:34,1781207377,13:02.4,light
Josh,6/9/2026 9:13,6/4/2026,6/4/2026 23:35,1781207377,13:02.2,light
Josh,6/9/2026 9:13,6/4/2026,6/4/2026 23:36,1781207377,13:02.5,light
Josh,6/9/2026 9:13,6/4/2026,6/4/2026 23:37,1781207377,13:02.7,light
Josh,6/9/2026 9:13,6/4/2026,6/4/2026 23:38,1781207377,13:02.9,light
Josh,6/9/2026 9:13,6/4/2026,6/4/2026 23:39,1781207377,13:03.8,light
Josh,6/9/2026 9:13,6/4/2026,6/4/2026 23:40,1781207377,13:03.3,light
Josh,6/9/2026 9:13,6/4/2026,6/4/2026 23:41,1781207377,13:03.5,light
Josh,6/9/2026 9:13,6/4/2026,6/4/2026 23:42,1781207377,13:03.7,light
Josh,6/9/2026 9:13,6/4/2026,6/4/2026 23:43,1781207377,13:03.9,light
Josh,6/9/2026 9:13,6/4/2026,6/4/2026 23:44,1781207377,13:04.1,light
Josh,6/9/2026 9:13,6/4/2026,6/4/2026 23:45,1781207377,13:04.3,light
Josh,6/9/2026 9:13,6/4/2026,6/4/2026 23:46,1781207377,13:04.5,light
Josh,6/9/2026 9:13,6/4/2026,6/4/2026 23:47,1781207377,13:04.7,light
Josh,6/9/2026 9:13,6/4/2026,6/4/2026 23:48,1781207377,13:05.0,deep
Josh,6/9/2026 9:13,6/4/2026,6/4/2026 23:49,1781207377,13:05.2,deep
Josh,6/9/2026 9:13,6/4/2026,6/4/2026 23:50,1781207377,13:05.4,deep
Josh,6/9/2026 9:13,6/4/2026,6/4/2026 23:51,1781207377,13:05.6,deep
Josh,6/9/2026 9:13,6/4/2026,6/4/2026 23:52,1781207377,13:05.8,deep
Josh,6/9/2026 9:13,6/4/2026,6/4/2026 23:53,1781207377,13:06.0,deep
Josh,6/9/2026 9:13,6/4/2026,6/4/2026 23:54,1781207377,13:06.2,deep
Josh,6/9/2026 9:13,6/4/2026,6/4/2026 23:55,1781207377,13:06.4,deep
Josh,6/9/2026 9:13,6/4/2026,6/4/2026 23:56,1781207377,13:06.6,deep
Josh,6/9/2026 9:13,6/4/2026,6/4/2026 23:57,1781207377,13:06.8,deep
Josh,6/9/2026 9:13,6/4/2026,6/4/2026 23:58,1781207377,13:07.4,deep
Josh,6/9/2026 9:13,6/4/2026,6/4/2026 23:59,1781207377,13:07.2,deep
Josh,6/9/2026 9:13,6/4/2026,6/5/2026 0:00,1781207377,13:07.5,deep
Josh,6/9/2026 9:13,6/4/2026,6/5/2026 0:01,1781207377,13:07.7,deep
Josh,6/9/2026 9:13,6/4/2026,6/5/2026 0:02,1781207377,13:07.9,deep
Josh,6/9/2026 9:13,6/4/2026,6/5/2026 0:03,1781207377,13:08.8,deep
Josh,6/9/2026 9:13,6/4/2026,6/5/2026 0:04,1781207377,13:08.3,deep
Josh,6/9/2026 9:13,6/4/2026,6/5/2026 0:05,1781207377,13:08.5,deep
Josh,6/9/2026 9:13,6/4/2026,6/5/2026 0:06,1781207377,13:08.7,deep
Josh,6/9/2026 9:13,6/4/2026,6/5/2026 0:07,1781207377,13:08.9,deep
Josh,6/9/2026 9:13,6/4/2026,6/5/2026 0:08,1781207377,13:09.1,deep
Josh,6/9/2026 9:13,6/4/2026,6/5/2026 0:09,1781207377,13:09.3,deep
Josh,6/9/2026 9:13,6/4/2026,6/5/2026 0:10,1781207377,13:09.5,deep
Josh,6/9/2026 9:13,6/4/2026,6/5/2026 0:11,1781207377,13:09.7,deep
Josh,6/9/2026 9:13,6/4/2026,6/5/2026 0:12,1781207377,13:10.0,deep
Josh,6/9/2026 9:13,6/4/2026,6/5/2026 0:13,1781207377,13:10.2,deep
Josh,6/9/2026 9:13,6/4/2026,6/5/2026 0:14,1781207377,13:10.4,deep
Josh,6/9/2026 9:13,6/4/2026,6/5/2026 0:15,1781207377,13:10.6,deep
Josh,6/9/2026 9:13,6/4/2026,6/5/2026 0:16,1781207377,13:10.8,deep
Josh,6/9/2026 9:13,6/4/2026,6/5/2026 0:17,1781207377,13:11.0,light
Josh,6/9/2026 9:13,6/4/2026,6/5/2026 0:18,1781207377,13:11.2,light
Josh,6/9/2026 9:13,6/4/2026,6/5/2026 0:19,1781207377,13:11.4,light
Josh,6/9/2026 9:13,6/4/2026,6/5/2026 0:20,1781207377,13:11.6,light
Josh,6/9/2026 9:13,6/4/2026,6/5/2026 0:21,1781207377,13:11.8,light
Josh,6/9/2026 9:13,6/4/2026,6/5/2026 0:22,1781207377,13:12.3,light
Josh,6/9/2026 9:13,6/4/2026,6/5/2026 0:23,1781207377,13:12.2,light
Josh,6/9/2026 9:13,6/4/2026,6/5/2026 0:24,1781207377,13:12.4,rem
Josh,6/9/2026 9:13,6/4/2026,6/5/2026 0:25,1781207377,13:12.7,rem
Josh,6/9/2026 9:13,6/4/2026,6/5/2026 0:26,1781207377,13:12.9,rem
Josh,6/9/2026 9:13,6/4/2026,6/5/2026 0:27,1781207377,13:13.7,rem
Josh,6/9/2026 9:13,6/4/2026,6/5/2026 0:28,1781207377,13:13.3,rem
Josh,6/9/2026 9:13,6/4/2026,6/5/2026 0:29,1781207377,13:13.5,rem
Josh,6/9/2026 9:13,6/4/2026,6/5/2026 0:30,1781207377,13:13.7,rem
Josh,6/9/2026 9:13,6/4/2026,6/5/2026 0:31,1781207377,13:13.9,rem
Josh,6/9/2026 9:13,6/4/2026,6/5/2026 0:32,1781207377,13:14.1,rem
Josh,6/9/2026 9:13,6/4/2026,6/5/2026 0:33,1781207377,13:14.3,rem
Josh,6/9/2026 9:13,6/4/2026,6/5/2026 0:34,1781207377,13:14.5,light
Josh,6/9/2026 9:13,6/4/2026,6/5/2026 0:35,1781207377,13:14.7,light
Josh,6/9/2026 9:13,6/4/2026,6/5/2026 0:36,1781207377,13:14.9,light
Josh,6/9/2026 9:13,6/4/2026,6/5/2026 0:37,1781207377,13:15.2,light
Josh,6/9/2026 9:13,6/4/2026,6/5/2026 0:38,1781207377,13:15.4,light
Josh,6/9/2026 9:13,6/4/2026,6/5/2026 0:39,1781207377,13:15.6,light
Josh,6/9/2026 9:13,6/4/2026,6/5/2026 0:40,1781207377,13:15.8,light
Josh,6/9/2026 9:13,6/4/2026,6/5/2026 0:41,1781207377,13:16.0,light
Josh,6/9/2026 9:13,6/4/2026,6/5/2026 0:42,1781207377,13:16.2,light
Josh,6/9/2026 9:13,6/4/2026,6/5/2026 0:43,1781207377,13:16.4,light
Josh,6/9/2026 9:13,6/4/2026,6/5/2026 0:44,1781207377,13:16.6,light
Josh,6/9/2026 9:13,6/4/2026,6/5/2026 0:45,1781207377,13:16.8,light
Josh,6/9/2026 9:13,6/4/2026,6/5/2026 0:46,1781207377,13:17.3,light
Josh,6/9/2026 9:13,6/4/2026,6/5/2026 0:47,1781207377,13:17.2,light
Josh,6/9/2026 9:13,6/4/2026,6/5/2026 0:48,1781207377,13:17.4,light
Josh,6/9/2026 9:13,6/4/2026,6/5/2026 0:49,1781207377,13:17.7,deep
Josh,6/9/2026 9:13,6/4/2026,6/5/2026 0:50,1781207377,13:17.9,deep
Josh,6/9/2026 9:13,6/4/2026,6/5/2026 0:51,1781207377,13:18.7,deep
Josh,6/9/2026 9:13,6/4/2026,6/5/2026 0:52,1781207377,13:18.3,deep
Josh,6/9/2026 9:13,6/4/2026,6/5/2026 0:53,1781207377,13:18.5,deep
Josh,6/9/2026 9:13,6/4/2026,6/5/2026 0:54,1781207377,13:18.7,deep
Josh,6/9/2026 9:13,6/4/2026,6/5/2026 0:55,1781207377,13:18.9,deep
Josh,6/9/2026 9:13,6/4/2026,6/5/2026 0:56,1781207377,13:19.1,deep
Josh,6/9/2026 9:13,6/4/2026,6/5/2026 0:57,1781207377,13:19.3,deep
Josh,6/9/2026 9:13,6/4/2026,6/5/2026 0:58,1781207377,13:19.5,deep
Josh,6/9/2026 9:13,6/4/2026,6/5/2026 0:59,1781207377,13:19.7,deep
Josh,6/9/2026 9:13,6/4/2026,6/5/2026 1:00,1781207377,13:19.9,deep
Josh,6/9/2026 9:13,6/4/2026,6/5/2026 1:01,1781207377,13:20.2,deep
Josh,6/9/2026 9:13,6/4/2026,6/5/2026 1:02,1781207377,13:20.4,deep
Josh,6/9/2026 9:13,6/4/2026,6/5/2026 1:03,1781207377,13:20.6,deep
Josh,6/9/2026 9:13,6/4/2026,6/5/2026 1:04,1781207377,13:20.8,deep
Josh,6/9/2026 9:13,6/4/2026,6/5/2026 1:05,1781207377,13:21.0,deep
Josh,6/9/2026 9:13,6/4/2026,6/5/2026 1:06,1781207377,13:21.2,deep
Josh,6/9/2026 9:13,6/4/2026,6/5/2026 1:07,1781207377,13:21.4,deep
Josh,6/9/2026 9:13,6/4/2026,6/5/2026 1:08,1781207377,13:21.6,deep
Josh,6/9/2026 9:13,6/4/2026,6/5/2026 1:09,1781207377,13:21.8,deep
Josh,6/9/2026 9:13,6/4/2026,6/5/2026 1:10,1781207377,13:22.2,deep
Josh,6/9/2026 9:13,6/4/2026,6/5/2026 1:11,1781207377,13:22.2,deep
Josh,6/9/2026 9:13,6/4/2026,6/5/2026 1:12,1781207377,13:22.4,deep
Josh,6/9/2026 9:13,6/4/2026,6/5/2026 1:13,1781207377,13:22.6,deep
Josh,6/9/2026 9:13,6/4/2026,6/5/2026 1:14,1781207377,13:22.9,deep
Josh,6/9/2026 9:13,6/4/2026,6/5/2026 1:15,1781207377,13:23.7,deep
Josh,6/9/2026 9:13,6/4/2026,6/5/2026 1:16,1781207377,13:23.3,deep
Josh,6/9/2026 9:13,6/4/2026,6/5/2026 1:17,1781207377,13:23.5,deep
Josh,6/9/2026 9:13,6/4/2026,6/5/2026 1:18,1781207377,13:23.7,deep
Josh,6/9/2026 9:13,6/4/2026,6/5/2026 1:19,1781207377,13:23.9,light
Josh,6/9/2026 9:13,6/4/2026,6/5/2026 1:20,1781207377,13:24.1,light
Josh,6/9/2026 9:13,6/4/2026,6/5/2026 1:21,1781207377,13:24.3,light
Josh,6/9/2026 9:13,6/4/2026,6/5/2026 1:22,1781207377,13:24.5,light
Josh,6/9/2026 9:13,6/4/2026,6/5/2026 1:23,1781207377,13:24.7,light
Josh,6/9/2026 9:13,6/4/2026,6/5/2026 1:24,1781207377,13:24.9,rem
Josh,6/9/2026 9:13,6/4/2026,6/5/2026 1:25,1781207377,13:25.1,rem
Josh,6/9/2026 9:13,6/4/2026,6/5/2026 1:26,1781207377,13:25.4,rem
Josh,6/9/2026 9:13,6/4/2026,6/5/2026 1:27,1781207377,13:25.6,rem
Josh,6/9/2026 9:13,6/4/2026,6/5/2026 1:28,1781207377,13:25.8,rem
Josh,6/9/2026 9:13,6/4/2026,6/5/2026 1:29,1781207377,13:26.0,rem
Josh,6/9/2026 9:13,6/4/2026,6/5/2026 1:30,1781207377,13:26.2,rem
Josh,6/9/2026 9:13,6/4/2026,6/5/2026 1:31,1781207377,13:26.4,rem
Josh,6/9/2026 9:13,6/4/2026,6/5/2026 1:32,1781207377,13:26.6,rem
Josh,6/9/2026 9:13,6/4/2026,6/5/2026 1:33,1781207377,13:26.8,rem
Josh,6/9/2026 9:13,6/4/2026,6/5/2026 1:34,1781207377,13:27.2,rem
Josh,6/9/2026 9:13,6/4/2026,6/5/2026 1:35,1781207377,13:27.2,rem
Josh,6/9/2026 9:13,6/4/2026,6/5/2026 1:36,1781207377,13:27.4,rem
Josh,6/9/2026 9:13,6/4/2026,6/5/2026 1:37,1781207377,13:27.6,rem
Josh,6/9/2026 9:13,6/4/2026,6/5/2026 1:38,1781207377,13:27.9,rem
Josh,6/9/2026 9:13,6/4/2026,6/5/2026 1:39,1781207377,13:28.6,light
Josh,6/9/2026 9:13,6/4/2026,6/5/2026 1:40,1781207377,13:28.3,light
Josh,6/9/2026 9:13,6/4/2026,6/5/2026 1:41,1781207377,13:28.5,light
Josh,6/9/2026 9:13,6/4/2026,6/5/2026 1:42,1781207377,13:28.7,light
Josh,6/9/2026 9:13,6/4/2026,6/5/2026 1:43,1781207377,13:28.9,light
Josh,6/9/2026 9:13,6/4/2026,6/5/2026 1:44,1781207377,13:29.1,light
Josh,6/9/2026 9:13,6/4/2026,6/5/2026 1:45,1781207377,13:29.3,light
Josh,6/9/2026 9:13,6/4/2026,6/5/2026 1:46,1781207377,13:29.5,light
Josh,6/9/2026 9:13,6/4/2026,6/5/2026 1:47,1781207377,13:29.7,light
Josh,6/9/2026 9:13,6/4/2026,6/5/2026 1:48,1781207377,13:29.9,light
Josh,6/9/2026 9:13,6/4/2026,6/5/2026 1:49,1781207377,13:30.1,light
Josh,6/9/2026 9:13,6/4/2026,6/5/2026 1:50,1781207377,13:30.4,light
Josh,6/9/2026 9:13,6/4/2026,6/5/2026 1:51,1781207377,13:30.6,light
Josh,6/9/2026 9:13,6/4/2026,6/5/2026 1:52,1781207377,13:30.8,light
Josh,6/9/2026 9:13,6/4/2026,6/5/2026 1:53,1781207377,13:31.0,light
Josh,6/9/2026 9:13,6/4/2026,6/5/2026 1:54,1781207377,13:31.2,light
Josh,6/9/2026 9:13,6/4/2026,6/5/2026 1:55,1781207377,13:31.4,light
Josh,6/9/2026 9:13,6/4/2026,6/5/2026 1:56,1781207377,13:31.6,light
Josh,6/9/2026 9:13,6/4/2026,6/5/2026 1:57,1781207377,13:31.8,light
Josh,6/9/2026 9:13,6/4/2026,6/5/2026 1:58,1781207377,13:32.2,light
Josh,6/9/2026 9:13,6/4/2026,6/5/2026 1:59,1781207377,13:32.2,deep
Josh,6/9/2026 9:13,6/4/2026,6/5/2026 2:00,1781207377,13:32.4,deep
Josh,6/9/2026 9:13,6/4/2026,6/5/2026 2:01,1781207377,13:32.6,deep
Josh,6/9/2026 9:13,6/4/2026,6/5/2026 2:02,1781207377,13:32.8,deep
Josh,6/9/2026 9:13,6/4/2026,6/5/2026 2:03,1781207377,13:33.6,deep
Josh,6/9/2026 9:13,6/4/2026,6/5/2026 2:04,1781207377,13:33.3,deep
Josh,6/9/2026 9:13,6/4/2026,6/5/2026 2:05,1781207377,13:33.5,deep
Josh,6/9/2026 9:13,6/4/2026,6/5/2026 2:06,1781207377,13:33.7,deep
Josh,6/9/2026 9:13,6/4/2026,6/5/2026 2:07,1781207377,13:33.9,deep
Josh,6/9/2026 9:13,6/4/2026,6/5/2026 2:08,1781207377,13:35.0,deep
Josh,6/9/2026 9:13,6/4/2026,6/5/2026 2:09,1781207377,13:34.3,deep
Josh,6/9/2026 9:13,6/4/2026,6/5/2026 2:10,1781207377,13:34.5,deep
Josh,6/9/2026 9:13,6/4/2026,6/5/2026 2:11,1781207377,13:34.7,deep
Josh,6/9/2026 9:13,6/4/2026,6/5/2026 2:12,1781207377,13:34.9,deep
Josh,6/9/2026 9:13,6/4/2026,6/5/2026 2:13,1781207377,13:35.1,deep
Josh,6/9/2026 9:13,6/4/2026,6/5/2026 2:14,1781207377,13:35.3,deep
Josh,6/9/2026 9:13,6/4/2026,6/5/2026 2:15,1781207377,13:35.6,deep
Josh,6/9/2026 9:13,6/4/2026,6/5/2026 2:16,1781207377,13:35.8,deep
Josh,6/9/2026 9:13,6/4/2026,6/5/2026 2:17,1781207377,13:36.0,deep
Josh,6/9/2026 9:13,6/4/2026,6/5/2026 2:18,1781207377,13:36.2,deep
Josh,6/9/2026 9:13,6/4/2026,6/5/2026 2:19,1781207377,13:36.4,deep
Josh,6/9/2026 9:13,6/4/2026,6/5/2026 2:20,1781207377,13:36.6,deep
Josh,6/9/2026 9:13,6/4/2026,6/5/2026 2:21,1781207377,13:36.8,deep
Josh,6/9/2026 9:13,6/4/2026,6/5/2026 2:22,1781207377,13:37.1,deep
Josh,6/9/2026 9:13,6/4/2026,6/5/2026 2:23,1781207377,13:37.2,deep
Josh,6/9/2026 9:13,6/4/2026,6/5/2026 2:24,1781207377,13:37.4,deep
Josh,6/9/2026 9:13,6/4/2026,6/5/2026 2:25,1781207377,13:37.6,deep
Josh,6/9/2026 9:13,6/4/2026,6/5/2026 2:26,1781207377,13:37.8,deep
Josh,6/9/2026 9:13,6/4/2026,6/5/2026 2:27,1781207377,13:38.5,deep
Josh,6/9/2026 9:13,6/4/2026,6/5/2026 2:28,1781207377,13:38.3,deep
Josh,6/9/2026 9:13,6/4/2026,6/5/2026 2:29,1781207377,13:38.5,deep
Josh,6/9/2026 9:13,6/4/2026,6/5/2026 2:30,1781207377,13:38.7,deep
Josh,6/9/2026 9:13,6/4/2026,6/5/2026 2:31,1781207377,13:38.9,light
Josh,6/9/2026 9:13,6/4/2026,6/5/2026 2:32,1781207377,13:40.0,light
Josh,6/9/2026 9:13,6/4/2026,6/5/2026 2:33,1781207377,13:39.3,light
Josh,6/9/2026 9:13,6/4/2026,6/5/2026 2:34,1781207377,13:39.5,light
Josh,6/9/2026 9:13,6/4/2026,6/5/2026 2:35,1781207377,13:39.7,light
Josh,6/9/2026 9:13,6/4/2026,6/5/2026 2:36,1781207377,13:39.9,light
Josh,6/9/2026 9:13,6/4/2026,6/5/2026 2:37,1781207377,13:40.1,light
Josh,6/9/2026 9:13,6/4/2026,6/5/2026 2:38,1781207377,13:40.3,rem
Josh,6/9/2026 9:13,6/4/2026,6/5/2026 2:39,1781207377,13:40.6,rem
Josh,6/9/2026 9:13,6/4/2026,6/5/2026 2:40,1781207377,13:40.8,rem
Josh,6/9/2026 9:13,6/4/2026,6/5/2026 2:41,1781207377,13:41.0,rem
Josh,6/9/2026 9:13,6/4/2026,6/5/2026 2:42,1781207377,13:41.2,rem
Josh,6/9/2026 9:13,6/4/2026,6/5/2026 2:43,1781207377,13:41.4,rem
Josh,6/9/2026 9:13,6/4/2026,6/5/2026 2:44,1781207377,13:41.6,rem
Josh,6/9/2026 9:13,6/4/2026,6/5/2026 2:45,1781207377,13:41.8,rem
Josh,6/9/2026 9:13,6/4/2026,6/5/2026 2:46,1781207377,13:42.1,rem
Josh,6/9/2026 9:13,6/4/2026,6/5/2026 2:47,1781207377,13:42.2,rem
Josh,6/9/2026 9:13,6/4/2026,6/5/2026 2:48,1781207377,13:42.4,light
Josh,6/9/2026 9:13,6/4/2026,6/5/2026 2:49,1781207377,13:42.6,light
Josh,6/9/2026 9:13,6/4/2026,6/5/2026 2:50,1781207377,13:42.8,light
Josh,6/9/2026 9:13,6/4/2026,6/5/2026 2:51,1781207377,13:43.5,light
Josh,6/9/2026 9:13,6/4/2026,6/5/2026 2:52,1781207377,13:43.3,light
Josh,6/9/2026 9:13,6/4/2026,6/5/2026 2:53,1781207377,13:43.5,light
Josh,6/9/2026 9:13,6/4/2026,6/5/2026 2:54,1781207377,13:43.7,light
Josh,6/9/2026 9:13,6/4/2026,6/5/2026 2:55,1781207377,13:43.9,light
Josh,6/9/2026 9:13,6/4/2026,6/5/2026 2:56,1781207377,13:44.9,light
Josh,6/9/2026 9:13,6/4/2026,6/5/2026 2:57,1781207377,13:44.3,light
Josh,6/9/2026 9:13,6/4/2026,6/5/2026 2:58,1781207377,13:44.5,light
Josh,6/9/2026 9:13,6/4/2026,6/5/2026 2:59,1781207377,13:44.7,light
Josh,6/9/2026 9:13,6/4/2026,6/5/2026 3:00,1781207377,13:44.9,light
Josh,6/9/2026 9:13,6/4/2026,6/5/2026 3:01,1781207377,13:45.1,light
Josh,6/9/2026 9:13,6/4/2026,6/5/2026 3:02,1781207377,13:45.3,light
Josh,6/9/2026 9:13,6/4/2026,6/5/2026 3:03,1781207377,13:45.5,light
Josh,6/9/2026 9:13,6/4/2026,6/5/2026 3:04,1781207377,13:45.8,light
Josh,6/9/2026 9:13,6/4/2026,6/5/2026 3:05,1781207377,13:46.0,deep
Josh,6/9/2026 9:13,6/4/2026,6/5/2026 3:06,1781207377,13:46.2,deep
Josh,6/9/2026 9:13,6/4/2026,6/5/2026 3:07,1781207377,13:46.4,deep
Josh,6/9/2026 9:13,6/4/2026,6/5/2026 3:08,1781207377,13:46.6,deep
Josh,6/9/2026 9:13,6/4/2026,6/5/2026 3:09,1781207377,13:46.8,deep
Josh,6/9/2026 9:13,6/4/2026,6/5/2026 3:10,1781207377,13:47.6,deep
Josh,6/9/2026 9:13,6/4/2026,6/5/2026 3:11,1781207377,13:47.2,deep
Josh,6/9/2026 9:13,6/4/2026,6/5/2026 3:12,1781207377,13:47.4,deep
Josh,6/9/2026 9:13,6/4/2026,6/5/2026 3:13,1781207377,13:47.6,deep
Josh,6/9/2026 9:13,6/4/2026,6/5/2026 3:14,1781207377,13:47.8,deep
Josh,6/9/2026 9:13,6/4/2026,6/5/2026 3:15,1781207377,13:48.5,light
Josh,6/9/2026 9:13,6/4/2026,6/5/2026 3:16,1781207377,13:48.3,light
Josh,6/9/2026 9:13,6/4/2026,6/5/2026 3:17,1781207377,13:48.5,light
Josh,6/9/2026 9:13,6/4/2026,6/5/2026 3:18,1781207377,13:48.7,light
Josh,6/9/2026 9:13,6/4/2026,6/5/2026 3:19,1781207377,13:48.9,light
Josh,6/9/2026 9:13,6/4/2026,6/5/2026 3:20,1781207377,13:49.9,light
Josh,6/9/2026 9:13,6/4/2026,6/5/2026 3:21,1781207377,13:49.3,rem
Josh,6/9/2026 9:13,6/4/2026,6/5/2026 3:22,1781207377,13:49.5,rem
Josh,6/9/2026 9:13,6/4/2026,6/5/2026 3:23,1781207377,13:49.7,rem
Josh,6/9/2026 9:13,6/4/2026,6/5/2026 3:24,1781207377,13:49.9,rem
Josh,6/9/2026 9:13,6/4/2026,6/5/2026 3:25,1781207377,13:50.1,rem
Josh,6/9/2026 9:13,6/4/2026,6/5/2026 3:26,1781207377,13:50.3,rem
Josh,6/9/2026 9:13,6/4/2026,6/5/2026 3:27,1781207377,13:50.5,rem
Josh,6/9/2026 9:13,6/4/2026,6/5/2026 3:28,1781207377,13:50.8,rem
Josh,6/9/2026 9:13,6/4/2026,6/5/2026 3:29,1781207377,13:51.0,rem
Josh,6/9/2026 9:13,6/4/2026,6/5/2026 3:30,1781207377,13:51.2,rem
Josh,6/9/2026 9:13,6/4/2026,6/5/2026 3:31,1781207377,13:51.4,rem
Josh,6/9/2026 9:13,6/4/2026,6/5/2026 3:32,1781207377,13:51.6,rem
Josh,6/9/2026 9:13,6/4/2026,6/5/2026 3:33,1781207377,13:51.8,rem
Josh,6/9/2026 9:13,6/4/2026,6/5/2026 3:34,1781207377,13:52.2,rem
Josh,6/9/2026 9:13,6/4/2026,6/5/2026 3:35,1781207377,13:52.2,rem
Josh,6/9/2026 9:13,6/4/2026,6/5/2026 3:36,1781207377,13:52.4,rem
Josh,6/9/2026 9:13,6/4/2026,6/5/2026 3:37,1781207377,13:52.6,rem
Josh,6/9/2026 9:13,6/4/2026,6/5/2026 3:38,1781207377,13:52.8,rem
Josh,6/9/2026 9:13,6/4/2026,6/5/2026 3:39,1781207377,13:53.4,rem
Josh,6/9/2026 9:13,6/4/2026,6/5/2026 3:40,1781207377,13:53.3,light
Josh,6/9/2026 9:13,6/4/2026,6/5/2026 3:41,1781207377,13:53.5,light
Josh,6/9/2026 9:13,6/4/2026,6/5/2026 3:42,1781207377,13:53.7,light
Josh,6/9/2026 9:13,6/4/2026,6/5/2026 3:43,1781207377,13:53.9,light
Josh,6/9/2026 9:13,6/4/2026,6/5/2026 3:44,1781207377,13:54.8,light
Josh,6/9/2026 9:13,6/4/2026,6/5/2026 3:45,1781207377,13:54.3,light
Josh,6/9/2026 9:13,6/4/2026,6/5/2026 3:46,1781207377,13:54.5,light
Josh,6/9/2026 9:13,6/4/2026,6/5/2026 3:47,1781207377,13:54.7,light
Josh,6/9/2026 9:13,6/4/2026,6/5/2026 3:48,1781207377,13:54.9,light
Josh,6/9/2026 9:13,6/4/2026,6/5/2026 3:49,1781207377,13:55.1,light
Josh,6/9/2026 9:13,6/4/2026,6/5/2026 3:50,1781207377,13:55.3,light
Josh,6/9/2026 9:13,6/4/2026,6/5/2026 3:51,1781207377,13:55.5,light
Josh,6/9/2026 9:13,6/4/2026,6/5/2026 3:52,1781207377,13:55.7,light
Josh,6/9/2026 9:13,6/4/2026,6/5/2026 3:53,1781207377,13:56.0,light
Josh,6/9/2026 9:13,6/4/2026,6/5/2026 3:54,1781207377,13:56.2,light
Josh,6/9/2026 9:13,6/4/2026,6/5/2026 3:55,1781207377,13:56.4,light
Josh,6/9/2026 9:13,6/4/2026,6/5/2026 3:56,1781207377,13:56.6,light
Josh,6/9/2026 9:13,6/4/2026,6/5/2026 3:57,1781207377,13:56.8,deep
Josh,6/9/2026 9:13,6/4/2026,6/5/2026 3:58,1781207377,13:57.0,deep
Josh,6/9/2026 9:13,6/4/2026,6/5/2026 3:59,1781207377,13:57.2,deep
Josh,6/9/2026 9:13,6/4/2026,6/5/2026 4:00,1781207377,13:57.4,deep
Josh,6/9/2026 9:13,6/4/2026,6/5/2026 4:01,1781207377,13:57.6,deep
Josh,6/9/2026 9:13,6/4/2026,6/5/2026 4:02,1781207377,13:57.8,deep
Josh,6/9/2026 9:13,6/4/2026,6/5/2026 4:03,1781207377,13:58.4,deep
Josh,6/9/2026 9:13,6/4/2026,6/5/2026 4:04,1781207377,13:58.2,deep
Josh,6/9/2026 9:13,6/4/2026,6/5/2026 4:05,1781207377,13:58.5,deep
Josh,6/9/2026 9:13,6/4/2026,6/5/2026 4:06,1781207377,13:58.7,deep
Josh,6/9/2026 9:13,6/4/2026,6/5/2026 4:07,1781207377,13:58.9,deep
Josh,6/9/2026 9:13,6/4/2026,6/5/2026 4:08,1781207377,13:59.8,deep
Josh,6/9/2026 9:13,6/4/2026,6/5/2026 4:09,1781207377,13:59.3,deep
Josh,6/9/2026 9:13,6/4/2026,6/5/2026 4:10,1781207377,13:59.5,deep
Josh,6/9/2026 9:13,6/4/2026,6/5/2026 4:11,1781207377,13:59.7,deep
Josh,6/9/2026 9:13,6/4/2026,6/5/2026 4:12,1781207377,13:59.9,deep
Josh,6/9/2026 9:13,6/4/2026,6/5/2026 4:13,1781207377,14:00.1,deep
Josh,6/9/2026 9:13,6/4/2026,6/5/2026 4:14,1781207377,14:00.3,deep
Josh,6/9/2026 9:13,6/4/2026,6/5/2026 4:15,1781207377,14:00.5,deep
Josh,6/9/2026 9:13,6/4/2026,6/5/2026 4:16,1781207377,14:00.7,light
Josh,6/9/2026 9:13,6/4/2026,6/5/2026 4:17,1781207377,14:01.0,light
Josh,6/9/2026 9:13,6/4/2026,6/5/2026 4:18,1781207377,14:01.2,light
Josh,6/9/2026 9:13,6/4/2026,6/5/2026 4:19,1781207377,14:01.4,light
Josh,6/9/2026 9:13,6/4/2026,6/5/2026 4:20,1781207377,14:01.6,light
Josh,6/9/2026 9:13,6/4/2026,6/5/2026 4:21,1781207377,14:01.8,light
Josh,6/9/2026 9:13,6/4/2026,6/5/2026 4:22,1781207377,14:02.0,rem
Josh,6/9/2026 9:13,6/4/2026,6/5/2026 4:23,1781207377,14:02.2,rem
Josh,6/9/2026 9:13,6/4/2026,6/5/2026 4:24,1781207377,14:02.4,rem
Josh,6/9/2026 9:13,6/4/2026,6/5/2026 4:25,1781207377,14:02.6,rem
Josh,6/9/2026 9:13,6/4/2026,6/5/2026 4:26,1781207377,14:02.8,rem
Josh,6/9/2026 9:13,6/4/2026,6/5/2026 4:27,1781207377,14:03.4,rem
Josh,6/9/2026 9:13,6/4/2026,6/5/2026 4:28,1781207377,14:03.2,rem
Josh,6/9/2026 9:13,6/4/2026,6/5/2026 4:29,1781207377,14:03.5,rem
Josh,6/9/2026 9:13,6/4/2026,6/5/2026 4:30,1781207377,14:03.7,rem
Josh,6/9/2026 9:13,6/4/2026,6/5/2026 4:31,1781207377,14:03.9,rem
Josh,6/9/2026 9:13,6/4/2026,6/5/2026 4:32,1781207377,14:04.8,rem
Josh,6/9/2026 9:13,6/4/2026,6/5/2026 4:33,1781207377,14:04.3,rem
Josh,6/9/2026 9:13,6/4/2026,6/5/2026 4:34,1781207377,14:04.5,rem
Josh,6/9/2026 9:13,6/4/2026,6/5/2026 4:35,1781207377,14:04.7,rem
Josh,6/9/2026 9:13,6/4/2026,6/5/2026 4:36,1781207377,14:04.9,rem
Josh,6/9/2026 9:13,6/4/2026,6/5/2026 4:37,1781207377,14:05.1,rem
Josh,6/9/2026 9:13,6/4/2026,6/5/2026 4:38,1781207377,14:05.3,rem
Josh,6/9/2026 9:13,6/4/2026,6/5/2026 4:39,1781207377,14:05.5,rem
Josh,6/9/2026 9:13,6/4/2026,6/5/2026 4:40,1781207377,14:05.7,rem
Josh,6/9/2026 9:13,6/4/2026,6/5/2026 4:41,1781207377,14:05.9,rem
Josh,6/9/2026 9:13,6/4/2026,6/5/2026 4:42,1781207377,14:06.2,rem
Josh,6/9/2026 9:13,6/4/2026,6/5/2026 4:43,1781207377,14:06.4,rem
Josh,6/9/2026 9:13,6/4/2026,6/5/2026 4:44,1781207377,14:06.6,light
Josh,6/9/2026 9:13,6/4/2026,6/5/2026 4:45,1781207377,14:06.8,light
Josh,6/9/2026 9:13,6/4/2026,6/5/2026 4:46,1781207377,14:07.0,light
Josh,6/9/2026 9:13,6/4/2026,6/5/2026 4:47,1781207377,14:07.2,light
Josh,6/9/2026 9:13,6/4/2026,6/5/2026 4:48,1781207377,14:07.4,light
Josh,6/9/2026 9:13,6/4/2026,6/5/2026 4:49,1781207377,14:07.6,light
Josh,6/9/2026 9:13,6/4/2026,6/5/2026 4:50,1781207377,14:07.8,light
Josh,6/9/2026 9:13,6/4/2026,6/5/2026 4:51,1781207377,14:08.3,light
Josh,6/9/2026 9:13,6/4/2026,6/5/2026 4:52,1781207377,14:08.2,light
Josh,6/9/2026 9:13,6/4/2026,6/5/2026 4:53,1781207377,14:08.4,light
Josh,6/9/2026 9:13,6/4/2026,6/5/2026 4:54,1781207377,14:08.7,light
Josh,6/9/2026 9:13,6/4/2026,6/5/2026 4:55,1781207377,14:08.9,light
Josh,6/9/2026 9:13,6/4/2026,6/5/2026 4:56,1781207377,14:09.7,light
Josh,6/9/2026 9:13,6/4/2026,6/5/2026 4:57,1781207377,14:09.3,light
Josh,6/9/2026 9:13,6/4/2026,6/5/2026 4:58,1781207377,14:09.5,light
Josh,6/9/2026 9:13,6/4/2026,6/5/2026 4:59,1781207377,14:09.7,light
Josh,6/9/2026 9:13,6/4/2026,6/5/2026 5:00,1781207377,14:09.9,light
Josh,6/9/2026 9:13,6/4/2026,6/5/2026 5:01,1781207377,14:10.1,light
Josh,6/9/2026 9:13,6/4/2026,6/5/2026 5:02,1781207377,14:10.3,light
Josh,6/9/2026 9:13,6/4/2026,6/5/2026 5:03,1781207377,14:10.5,light
Josh,6/9/2026 9:13,6/4/2026,6/5/2026 5:04,1781207377,14:10.7,light
Josh,6/9/2026 9:13,6/4/2026,6/5/2026 5:05,1781207377,14:10.9,deep
Josh,6/9/2026 9:13,6/4/2026,6/5/2026 5:06,1781207377,14:11.2,deep
Josh,6/9/2026 9:13,6/4/2026,6/5/2026 5:07,1781207377,14:11.4,deep
Josh,6/9/2026 9:13,6/4/2026,6/5/2026 5:08,1781207377,14:11.6,deep
Josh,6/9/2026 9:13,6/4/2026,6/5/2026 5:09,1781207377,14:11.8,deep
Josh,6/9/2026 9:13,6/4/2026,6/5/2026 5:10,1781207377,14:12.0,deep
Josh,6/9/2026 9:13,6/4/2026,6/5/2026 5:11,1781207377,14:12.2,deep
Josh,6/9/2026 9:13,6/4/2026,6/5/2026 5:12,1781207377,14:12.4,deep
Josh,6/9/2026 9:13,6/4/2026,6/5/2026 5:13,1781207377,14:12.6,deep
Josh,6/9/2026 9:13,6/4/2026,6/5/2026 5:14,1781207377,14:12.8,deep
Josh,6/9/2026 9:13,6/4/2026,6/5/2026 5:15,1781207377,14:13.3,deep
Josh,6/9/2026 9:13,6/4/2026,6/5/2026 5:16,1781207377,14:13.2,deep
Josh,6/9/2026 9:13,6/4/2026,6/5/2026 5:17,1781207377,14:13.4,deep
Josh,6/9/2026 9:13,6/4/2026,6/5/2026 5:18,1781207377,14:13.7,deep
Josh,6/9/2026 9:13,6/4/2026,6/5/2026 5:19,1781207377,14:13.9,deep
Josh,6/9/2026 9:13,6/4/2026,6/5/2026 5:20,1781207377,14:14.7,deep
Josh,6/9/2026 9:13,6/4/2026,6/5/2026 5:21,1781207377,14:14.3,deep
Josh,6/9/2026 9:13,6/4/2026,6/5/2026 5:22,1781207377,14:14.5,deep
Josh,6/9/2026 9:13,6/4/2026,6/5/2026 5:23,1781207377,14:14.7,deep
Josh,6/9/2026 9:13,6/4/2026,6/5/2026 5:24,1781207377,14:14.9,light
Josh,6/9/2026 9:13,6/4/2026,6/5/2026 5:25,1781207377,14:15.1,light
Josh,6/9/2026 9:13,6/4/2026,6/5/2026 5:26,1781207377,14:15.3,light
Josh,6/9/2026 9:13,6/4/2026,6/5/2026 5:27,1781207377,14:15.5,light
Josh,6/9/2026 9:13,6/4/2026,6/5/2026 5:28,1781207377,14:15.7,light
Josh,6/9/2026 9:13,6/4/2026,6/5/2026 5:29,1781207377,14:15.9,light
Josh,6/9/2026 9:13,6/4/2026,6/5/2026 5:30,1781207377,14:16.2,light
Josh,6/9/2026 9:13,6/4/2026,6/5/2026 5:31,1781207377,14:16.4,light
Josh,6/9/2026 9:13,6/4/2026,6/5/2026 5:32,1781207377,14:16.6,rem
Josh,6/9/2026 9:13,6/4/2026,6/5/2026 5:33,1781207377,14:16.8,rem
Josh,6/9/2026 9:13,6/4/2026,6/5/2026 5:34,1781207377,14:17.0,rem
Josh,6/9/2026 9:13,6/4/2026,6/5/2026 5:35,1781207377,14:17.2,rem
Josh,6/9/2026 9:13,6/4/2026,6/5/2026 5:36,1781207377,14:17.4,rem
Josh,6/9/2026 9:13,6/4/2026,6/5/2026 5:37,1781207377,14:17.6,rem
Josh,6/9/2026 9:13,6/4/2026,6/5/2026 5:38,1781207377,14:17.8,rem
Josh,6/9/2026 9:13,6/4/2026,6/5/2026 5:39,1781207377,14:18.2,rem
Josh,6/9/2026 9:13,6/4/2026,6/5/2026 5:40,1781207377,14:18.2,rem
Josh,6/9/2026 9:13,6/4/2026,6/5/2026 5:41,1781207377,14:18.4,rem
Josh,6/9/2026 9:13,6/4/2026,6/5/2026 5:42,1781207377,14:18.6,rem
Josh,6/9/2026 9:13,6/4/2026,6/5/2026 5:43,1781207377,14:18.9,rem
Josh,6/9/2026 9:13,6/4/2026,6/5/2026 5:44,1781207377,14:19.6,rem
Josh,6/9/2026 9:13,6/4/2026,6/5/2026 5:45,1781207377,14:19.3,rem
Josh,6/9/2026 9:13,6/4/2026,6/5/2026 5:46,1781207377,14:19.5,rem
Josh,6/9/2026 9:13,6/4/2026,6/5/2026 5:47,1781207377,14:19.7,rem
Josh,6/9/2026 9:13,6/4/2026,6/5/2026 5:48,1781207377,14:19.9,rem
Josh,6/9/2026 9:13,6/4/2026,6/5/2026 5:49,1781207377,14:20.1,rem
Josh,6/9/2026 9:13,6/4/2026,6/5/2026 5:50,1781207377,14:20.3,rem
Josh,6/9/2026 9:13,6/4/2026,6/5/2026 5:51,1781207377,14:20.5,rem
Josh,6/9/2026 9:13,6/4/2026,6/5/2026 5:52,1781207377,14:20.7,rem
Josh,6/9/2026 9:13,6/4/2026,6/5/2026 5:53,1781207377,14:20.9,rem
Josh,6/9/2026 9:13,6/4/2026,6/5/2026 5:54,1781207377,14:21.1,rem
Josh,6/9/2026 9:13,6/4/2026,6/5/2026 5:55,1781207377,14:21.4,light
Josh,6/9/2026 9:13,6/4/2026,6/5/2026 5:56,1781207377,14:21.6,light
Josh,6/9/2026 9:13,6/4/2026,6/5/2026 5:57,1781207377,14:21.8,light
Josh,6/9/2026 9:13,6/4/2026,6/5/2026 5:58,1781207377,14:22.0,light
Josh,6/9/2026 9:13,6/4/2026,6/5/2026 5:59,1781207377,14:22.2,light
Josh,6/9/2026 9:13,6/4/2026,6/5/2026 6:00,1781207377,14:22.4,light
Josh,6/9/2026 9:13,6/4/2026,6/5/2026 6:01,1781207377,14:22.6,light
Josh,6/9/2026 9:13,6/4/2026,6/5/2026 6:02,1781207377,14:22.8,light
Josh,6/9/2026 9:13,6/4/2026,6/5/2026 6:03,1781207377,14:23.2,light
Josh,6/9/2026 9:13,6/4/2026,6/5/2026 6:04,1781207377,14:23.2,light
Josh,6/9/2026 9:13,6/4/2026,6/5/2026 6:05,1781207377,14:23.4,light
Josh,6/9/2026 9:13,6/4/2026,6/5/2026 6:06,1781207377,14:23.6,light
Josh,6/9/2026 9:13,6/4/2026,6/5/2026 6:07,1781207377,14:23.9,light
Josh,6/9/2026 9:13,6/4/2026,6/5/2026 6:08,1781207377,14:24.6,light
Josh,6/9/2026 9:13,6/4/2026,6/5/2026 6:09,1781207377,14:24.3,light
Josh,6/9/2026 9:13,6/4/2026,6/5/2026 6:10,1781207377,14:24.5,light
Josh,6/9/2026 9:13,6/4/2026,6/5/2026 6:11,1781207377,14:24.7,light
Josh,6/9/2026 9:13,6/4/2026,6/5/2026 6:12,1781207377,14:24.9,deep
Josh,6/9/2026 9:13,6/4/2026,6/5/2026 6:13,1781207377,14:25.1,deep
Josh,6/9/2026 9:13,6/4/2026,6/5/2026 6:14,1781207377,14:25.3,deep
Josh,6/9/2026 9:13,6/4/2026,6/5/2026 6:15,1781207377,14:25.5,deep
Josh,6/9/2026 9:13,6/4/2026,6/5/2026 6:16,1781207377,14:25.7,deep
Josh,6/9/2026 9:13,6/4/2026,6/5/2026 6:17,1781207377,14:25.9,deep
Josh,6/9/2026 9:13,6/4/2026,6/5/2026 6:18,1781207377,14:26.1,deep
Josh,6/9/2026 9:13,6/4/2026,6/5/2026 6:19,1781207377,14:26.4,deep
Josh,6/9/2026 9:13,6/4/2026,6/5/2026 6:20,1781207377,14:26.6,light
Josh,6/9/2026 9:13,6/4/2026,6/5/2026 6:21,1781207377,14:26.8,light
Josh,6/9/2026 9:13,6/4/2026,6/5/2026 6:22,1781207377,14:27.0,light
Josh,6/9/2026 9:13,6/4/2026,6/5/2026 6:23,1781207377,14:27.2,light
Josh,6/9/2026 9:13,6/4/2026,6/5/2026 6:24,1781207377,14:27.4,light
Josh,6/9/2026 9:13,6/4/2026,6/5/2026 6:25,1781207377,14:27.6,light
Josh,6/9/2026 9:13,6/4/2026,6/5/2026 6:26,1781207377,14:27.8,rem
Josh,6/9/2026 9:13,6/4/2026,6/5/2026 6:27,1781207377,14:28.2,rem
Josh,6/9/2026 9:13,6/4/2026,6/5/2026 6:28,1781207377,14:28.2,rem
Josh,6/9/2026 9:13,6/4/2026,6/5/2026 6:29,1781207377,14:28.4,rem
Josh,6/9/2026 9:13,6/4/2026,6/5/2026 6:30,1781207377,14:28.6,rem
Josh,6/9/2026 9:13,6/4/2026,6/5/2026 6:31,1781207377,14:28.8,rem
Josh,6/9/2026 9:13,6/4/2026,6/5/2026 6:32,1781207377,14:29.6,rem
Josh,6/9/2026 9:13,6/4/2026,6/5/2026 6:33,1781207377,14:29.3,rem
Josh,6/9/2026 9:13,6/4/2026,6/5/2026 6:34,1781207377,14:29.5,rem
Josh,6/9/2026 9:13,6/4/2026,6/5/2026 6:35,1781207377,14:29.7,rem
Josh,6/9/2026 9:13,6/4/2026,6/5/2026 6:36,1781207377,14:29.9,rem
Josh,6/9/2026 9:13,6/4/2026,6/5/2026 6:37,1781207377,14:31.0,rem
Josh,6/9/2026 9:13,6/4/2026,6/5/2026 6:38,1781207377,14:30.3,rem
Josh,6/9/2026 9:13,6/4/2026,6/5/2026 6:39,1781207377,14:30.5,rem
Josh,6/9/2026 9:13,6/4/2026,6/5/2026 6:40,1781207377,14:30.7,rem
Josh,6/9/2026 9:13,6/4/2026,6/5/2026 6:41,1781207377,14:30.9,rem
Josh,6/9/2026 9:13,6/4/2026,6/5/2026 6:42,1781207377,14:31.1,rem
Josh,6/9/2026 9:13,6/4/2026,6/5/2026 6:43,1781207377,14:31.3,rem
Josh,6/9/2026 9:13,6/4/2026,6/5/2026 6:44,1781207377,14:31.6,rem
Josh,6/9/2026 9:13,6/4/2026,6/5/2026 6:45,1781207377,14:31.8,rem
Josh,6/9/2026 9:13,6/4/2026,6/5/2026 6:46,1781207377,14:32.0,rem
Josh,6/9/2026 9:13,6/4/2026,6/5/2026 6:47,1781207377,14:32.2,rem
Josh,6/9/2026 9:13,6/4/2026,6/5/2026 6:48,1781207377,14:32.4,rem
Josh,6/9/2026 9:13,6/4/2026,6/5/2026 6:49,1781207377,14:32.6,rem
Josh,6/9/2026 9:13,6/4/2026,6/5/2026 6:50,1781207377,14:32.8,rem
Josh,6/9/2026 9:13,6/4/2026,6/5/2026 6:51,1781207377,14:33.1,rem
Josh,6/9/2026 9:13,6/4/2026,6/5/2026 6:52,1781207377,14:33.2,rem
Josh,6/9/2026 9:13,6/4/2026,6/5/2026 6:53,1781207377,14:33.4,rem
Josh,6/9/2026 9:13,6/4/2026,6/5/2026 6:54,1781207377,14:33.6,rem
Josh,6/9/2026 9:13,6/4/2026,6/5/2026 6:55,1781207377,14:33.8,rem
Josh,6/9/2026 9:13,6/4/2026,6/5/2026 6:56,1781207377,14:34.5,rem
Josh,6/9/2026 9:13,6/4/2026,6/5/2026 6:57,1781207377,14:34.3,rem
Josh,6/9/2026 9:13,6/4/2026,6/5/2026 6:58,1781207377,14:34.5,rem
Josh,6/9/2026 9:13,6/4/2026,6/5/2026 6:59,1781207377,14:34.7,light
Josh,6/9/2026 9:13,6/4/2026,6/5/2026 7:00,1781207377,14:34.9,light
Josh,6/9/2026 9:13,6/4/2026,6/5/2026 7:01,1781207377,14:35.9,light
Josh,6/9/2026 9:13,6/4/2026,6/5/2026 7:02,1781207377,14:35.3,light
Josh,6/9/2026 9:13,6/4/2026,6/5/2026 7:03,1781207377,14:35.5,light
Josh,6/9/2026 9:13,6/4/2026,6/5/2026 7:04,1781207377,14:35.7,light
Josh,6/9/2026 9:13,6/4/2026,6/5/2026 7:05,1781207377,14:35.9,light
Josh,6/9/2026 9:13,6/4/2026,6/5/2026 7:06,1781207377,14:36.1,light
Josh,6/9/2026 9:13,6/4/2026,6/5/2026 7:07,1781207377,14:36.3,light
Josh,6/9/2026 9:13,6/4/2026,6/5/2026 7:08,1781207377,14:36.6,light
Josh,6/9/2026 9:13,6/4/2026,6/5/2026 7:09,1781207377,14:36.8,light
Josh,6/9/2026 9:13,6/4/2026,6/5/2026 7:10,1781207377,14:37.0,light
Josh,6/9/2026 9:13,6/4/2026,6/5/2026 7:11,1781207377,14:37.2,light
Josh,6/9/2026 9:13,6/4/2026,6/5/2026 7:12,1781207377,14:37.4,light
Josh,6/9/2026 9:13,6/4/2026,6/5/2026 7:13,1781207377,14:37.6,light
Josh,6/9/2026 9:13,6/4/2026,6/5/2026 7:14,1781207377,14:37.8,light
Josh,6/9/2026 9:13,6/4/2026,6/5/2026 7:15,1781207377,14:38.9,light
Josh,6/9/2026 9:13,6/4/2026,6/5/2026 7:16,1781207377,14:38.2,light
Josh,6/9/2026 9:13,6/4/2026,6/5/2026 7:17,1781207377,14:38.4,light
Josh,6/9/2026 9:13,6/4/2026,6/5/2026 7:18,1781207377,14:38.6,light
Josh,6/9/2026 9:13,6/4/2026,6/5/2026 7:19,1781207377,14:38.8,light
Josh,6/9/2026 9:13,6/4/2026,6/5/2026 7:20,1781207377,14:39.5,light
Josh,6/9/2026 9:13,6/4/2026,6/5/2026 7:21,1781207377,14:39.3,light
Josh,6/9/2026 9:13,6/4/2026,6/5/2026 7:22,1781207377,14:39.5,light
Josh,6/9/2026 9:13,6/4/2026,6/5/2026 7:23,1781207377,14:39.7,light
Josh,6/9/2026 9:13,6/4/2026,6/5/2026 7:24,1781207377,14:39.9,deep
Josh,6/9/2026 9:13,6/4/2026,6/5/2026 7:25,1781207377,14:40.9,deep
Josh,6/9/2026 9:13,6/4/2026,6/5/2026 7:26,1781207377,14:40.3,deep
Josh,6/9/2026 9:13,6/4/2026,6/5/2026 7:27,1781207377,14:40.5,deep
Josh,6/9/2026 9:13,6/4/2026,6/5/2026 7:28,1781207377,14:40.7,deep
Josh,6/9/2026 9:13,6/4/2026,6/5/2026 7:29,1781207377,14:40.9,deep
Josh,6/9/2026 9:13,6/4/2026,6/5/2026 7:30,1781207377,14:41.1,deep
Josh,6/9/2026 9:13,6/4/2026,6/5/2026 7:31,1781207377,14:41.3,deep
Josh,6/9/2026 9:13,6/4/2026,6/5/2026 7:32,1781207377,14:41.5,light
Josh,6/9/2026 9:13,6/4/2026,6/5/2026 7:33,1781207377,14:41.8,light
Josh,6/10/2026 9:18,6/5/2026,6/5/2026 23:07,1781208852,6/10/2026 9:18,light
Josh,6/10/2026 9:18,6/5/2026,6/5/2026 23:08,1781208852,18:22.2,light
Josh,6/10/2026 9:18,6/5/2026,6/5/2026 23:09,1781208852,18:22.4,light
Josh,6/10/2026 9:18,6/5/2026,6/5/2026 23:10,1781208852,18:22.6,light
Josh,6/10/2026 9:18,6/5/2026,6/5/2026 23:11,1781208852,18:22.8,light
Josh,6/10/2026 9:18,6/5/2026,6/5/2026 23:12,1781208852,18:23.0,light
Josh,6/10/2026 9:18,6/5/2026,6/5/2026 23:13,1781208852,18:23.1,light
Josh,6/10/2026 9:18,6/5/2026,6/5/2026 23:14,1781208852,18:23.3,light
Josh,6/10/2026 9:18,6/5/2026,6/5/2026 23:15,1781208852,18:23.5,light
Josh,6/10/2026 9:18,6/5/2026,6/5/2026 23:16,1781208852,18:23.7,light
Josh,6/10/2026 9:18,6/5/2026,6/5/2026 23:17,1781208852,18:23.9,light
Josh,6/10/2026 9:18,6/5/2026,6/5/2026 23:18,1781208852,18:24.1,light
Josh,6/10/2026 9:18,6/5/2026,6/5/2026 23:19,1781208852,18:24.3,light
Josh,6/10/2026 9:18,6/5/2026,6/5/2026 23:20,1781208852,18:24.5,light
Josh,6/10/2026 9:18,6/5/2026,6/5/2026 23:21,1781208852,18:24.7,light
Josh,6/10/2026 9:18,6/5/2026,6/5/2026 23:22,1781208852,18:24.9,deep
Josh,6/10/2026 9:18,6/5/2026,6/5/2026 23:23,1781208852,18:25.6,deep
Josh,6/10/2026 9:18,6/5/2026,6/5/2026 23:24,1781208852,18:25.2,deep
Josh,6/10/2026 9:18,6/5/2026,6/5/2026 23:25,1781208852,18:25.4,deep
Josh,6/10/2026 9:18,6/5/2026,6/5/2026 23:26,1781208852,18:25.6,deep
Josh,6/10/2026 9:18,6/5/2026,6/5/2026 23:27,1781208852,18:25.8,deep
Josh,6/10/2026 9:18,6/5/2026,6/5/2026 23:28,1781208852,18:26.1,deep
Josh,6/10/2026 9:18,6/5/2026,6/5/2026 23:29,1781208852,18:26.2,deep
Josh,6/10/2026 9:18,6/5/2026,6/5/2026 23:30,1781208852,18:26.4,deep
Josh,6/10/2026 9:18,6/5/2026,6/5/2026 23:31,1781208852,18:26.6,deep
Josh,6/10/2026 9:18,6/5/2026,6/5/2026 23:32,1781208852,18:26.8,deep
Josh,6/10/2026 9:18,6/5/2026,6/5/2026 23:33,1781208852,18:27.0,deep
Josh,6/10/2026 9:18,6/5/2026,6/5/2026 23:34,1781208852,18:27.2,deep
Josh,6/10/2026 9:18,6/5/2026,6/5/2026 23:35,1781208852,18:27.3,deep
Josh,6/10/2026 9:18,6/5/2026,6/5/2026 23:36,1781208852,18:27.5,deep
Josh,6/10/2026 9:18,6/5/2026,6/5/2026 23:37,1781208852,18:27.7,deep
Josh,6/10/2026 9:18,6/5/2026,6/5/2026 23:38,1781208852,18:27.9,deep
Josh,6/10/2026 9:18,6/5/2026,6/5/2026 23:39,1781208852,18:28.1,deep
Josh,6/10/2026 9:18,6/5/2026,6/5/2026 23:40,1781208852,18:28.3,deep
Josh,6/10/2026 9:18,6/5/2026,6/5/2026 23:41,1781208852,18:28.5,deep
Josh,6/10/2026 9:18,6/5/2026,6/5/2026 23:42,1781208852,18:28.7,deep
Josh,6/10/2026 9:18,6/5/2026,6/5/2026 23:43,1781208852,18:28.9,deep
Josh,6/10/2026 9:18,6/5/2026,6/5/2026 23:44,1781208852,18:29.7,deep
Josh,6/10/2026 9:18,6/5/2026,6/5/2026 23:45,1781208852,18:29.3,deep
Josh,6/10/2026 9:18,6/5/2026,6/5/2026 23:46,1781208852,18:29.5,deep
Josh,6/10/2026 9:18,6/5/2026,6/5/2026 23:47,1781208852,18:29.6,deep
Josh,6/10/2026 9:18,6/5/2026,6/5/2026 23:48,1781208852,18:29.8,light
Josh,6/10/2026 9:18,6/5/2026,6/5/2026 23:49,1781208852,18:30.2,light
Josh,6/10/2026 9:18,6/5/2026,6/5/2026 23:50,1781208852,18:30.2,light
Josh,6/10/2026 9:18,6/5/2026,6/5/2026 23:51,1781208852,18:30.4,light
Josh,6/10/2026 9:18,6/5/2026,6/5/2026 23:52,1781208852,18:30.6,light
Josh,6/10/2026 9:18,6/5/2026,6/5/2026 23:53,1781208852,18:30.8,light
Josh,6/10/2026 9:18,6/5/2026,6/5/2026 23:54,1781208852,18:31.0,light
Josh,6/10/2026 9:18,6/5/2026,6/5/2026 23:55,1781208852,18:31.2,wake
Josh,6/10/2026 9:18,6/5/2026,6/5/2026 23:56,1781208852,18:31.4,rem
Josh,6/10/2026 9:18,6/5/2026,6/5/2026 23:57,1781208852,18:31.6,rem
Josh,6/10/2026 9:18,6/5/2026,6/5/2026 23:58,1781208852,18:31.7,rem
Josh,6/10/2026 9:18,6/5/2026,6/5/2026 23:59,1781208852,18:31.9,rem
Josh,6/10/2026 9:18,6/5/2026,6/6/2026 0:00,1781208852,18:32.1,rem
Josh,6/10/2026 9:18,6/5/2026,6/6/2026 0:01,1781208852,18:32.3,rem
Josh,6/10/2026 9:18,6/5/2026,6/6/2026 0:02,1781208852,18:32.5,rem
Josh,6/10/2026 9:18,6/5/2026,6/6/2026 0:03,1781208852,18:32.7,rem
Josh,6/10/2026 9:18,6/5/2026,6/6/2026 0:04,1781208852,18:32.9,rem
Josh,6/10/2026 9:18,6/5/2026,6/6/2026 0:05,1781208852,18:33.8,rem
Josh,6/10/2026 9:18,6/5/2026,6/6/2026 0:06,1781208852,18:33.3,rem
Josh,6/10/2026 9:18,6/5/2026,6/6/2026 0:07,1781208852,18:33.5,light
Josh,6/10/2026 9:18,6/5/2026,6/6/2026 0:08,1781208852,18:33.7,light
Josh,6/10/2026 9:18,6/5/2026,6/6/2026 0:09,1781208852,18:33.8,light
Josh,6/10/2026 9:18,6/5/2026,6/6/2026 0:10,1781208852,18:34.4,light
Josh,6/10/2026 9:18,6/5/2026,6/6/2026 0:11,1781208852,18:34.2,light
Josh,6/10/2026 9:18,6/5/2026,6/6/2026 0:12,1781208852,18:34.4,light
Josh,6/10/2026 9:18,6/5/2026,6/6/2026 0:13,1781208852,18:34.6,light
Josh,6/10/2026 9:18,6/5/2026,6/6/2026 0:14,1781208852,18:34.8,light
Josh,6/10/2026 9:18,6/5/2026,6/6/2026 0:15,1781208852,18:35.0,light
Josh,6/10/2026 9:18,6/5/2026,6/6/2026 0:16,1781208852,18:35.2,light
Josh,6/10/2026 9:18,6/5/2026,6/6/2026 0:17,1781208852,18:35.4,light
Josh,6/10/2026 9:18,6/5/2026,6/6/2026 0:18,1781208852,18:35.6,light
Josh,6/10/2026 9:18,6/5/2026,6/6/2026 0:19,1781208852,18:35.8,light
Josh,6/10/2026 9:18,6/5/2026,6/6/2026 0:20,1781208852,18:35.9,light
Josh,6/10/2026 9:18,6/5/2026,6/6/2026 0:21,1781208852,18:36.1,light
Josh,6/10/2026 9:18,6/5/2026,6/6/2026 0:22,1781208852,18:36.3,light
Josh,6/10/2026 9:18,6/5/2026,6/6/2026 0:23,1781208852,18:36.5,deep
Josh,6/10/2026 9:18,6/5/2026,6/6/2026 0:24,1781208852,18:36.7,deep
Josh,6/10/2026 9:18,6/5/2026,6/6/2026 0:25,1781208852,18:36.9,deep
Josh,6/10/2026 9:18,6/5/2026,6/6/2026 0:26,1781208852,18:38.0,deep
Josh,6/10/2026 9:18,6/5/2026,6/6/2026 0:27,1781208852,18:37.3,deep
Josh,6/10/2026 9:18,6/5/2026,6/6/2026 0:28,1781208852,18:37.5,deep
Josh,6/10/2026 9:18,6/5/2026,6/6/2026 0:29,1781208852,18:37.7,deep
Josh,6/10/2026 9:18,6/5/2026,6/6/2026 0:30,1781208852,18:37.9,deep
Josh,6/10/2026 9:18,6/5/2026,6/6/2026 0:31,1781208852,18:38.5,deep
Josh,6/10/2026 9:18,6/5/2026,6/6/2026 0:32,1781208852,18:38.2,deep
Josh,6/10/2026 9:18,6/5/2026,6/6/2026 0:33,1781208852,18:38.4,deep
Josh,6/10/2026 9:18,6/5/2026,6/6/2026 0:34,1781208852,18:38.6,deep
Josh,6/10/2026 9:18,6/5/2026,6/6/2026 0:35,1781208852,18:38.8,deep
Josh,6/10/2026 9:18,6/5/2026,6/6/2026 0:36,1781208852,18:39.7,deep
Josh,6/10/2026 9:18,6/5/2026,6/6/2026 0:37,1781208852,18:39.2,deep
Josh,6/10/2026 9:18,6/5/2026,6/6/2026 0:38,1781208852,18:39.4,deep
Josh,6/10/2026 9:18,6/5/2026,6/6/2026 0:39,1781208852,18:39.6,deep
Josh,6/10/2026 9:18,6/5/2026,6/6/2026 0:40,1781208852,18:39.8,deep
Josh,6/10/2026 9:18,6/5/2026,6/6/2026 0:41,1781208852,18:40.0,deep
Josh,6/10/2026 9:18,6/5/2026,6/6/2026 0:42,1781208852,18:40.2,deep
Josh,6/10/2026 9:18,6/5/2026,6/6/2026 0:43,1781208852,18:40.3,deep
Josh,6/10/2026 9:18,6/5/2026,6/6/2026 0:44,1781208852,18:40.5,deep
Josh,6/10/2026 9:18,6/5/2026,6/6/2026 0:45,1781208852,18:40.7,deep
Josh,6/10/2026 9:18,6/5/2026,6/6/2026 0:46,1781208852,18:40.9,deep
Josh,6/10/2026 9:18,6/5/2026,6/6/2026 0:47,1781208852,18:41.1,deep
Josh,6/10/2026 9:18,6/5/2026,6/6/2026 0:48,1781208852,18:41.3,deep
Josh,6/10/2026 9:18,6/5/2026,6/6/2026 0:49,1781208852,18:41.5,deep
Josh,6/10/2026 9:18,6/5/2026,6/6/2026 0:50,1781208852,18:41.7,deep
Josh,6/10/2026 9:18,6/5/2026,6/6/2026 0:51,1781208852,18:41.9,deep
Josh,6/10/2026 9:18,6/5/2026,6/6/2026 0:52,1781208852,18:42.6,deep
Josh,6/10/2026 9:18,6/5/2026,6/6/2026 0:53,1781208852,18:42.3,light
Josh,6/10/2026 9:18,6/5/2026,6/6/2026 0:54,1781208852,18:42.4,light
Josh,6/10/2026 9:18,6/5/2026,6/6/2026 0:55,1781208852,18:42.6,light
Josh,6/10/2026 9:18,6/5/2026,6/6/2026 0:56,1781208852,18:42.8,light
Josh,6/10/2026 9:18,6/5/2026,6/6/2026 0:57,1781208852,18:43.2,light
Josh,6/10/2026 9:18,6/5/2026,6/6/2026 0:58,1781208852,18:43.2,light
Josh,6/10/2026 9:18,6/5/2026,6/6/2026 0:59,1781208852,18:43.4,light
Josh,6/10/2026 9:18,6/5/2026,6/6/2026 1:00,1781208852,18:43.6,light
Josh,6/10/2026 9:18,6/5/2026,6/6/2026 1:01,1781208852,18:43.8,light
Josh,6/10/2026 9:18,6/5/2026,6/6/2026 1:02,1781208852,18:44.0,light
Josh,6/10/2026 9:18,6/5/2026,6/6/2026 1:03,1781208852,18:44.2,wake
Josh,6/10/2026 9:18,6/5/2026,6/6/2026 1:04,1781208852,18:44.4,wake
Josh,6/10/2026 9:18,6/5/2026,6/6/2026 1:05,1781208852,18:44.5,rem
Josh,6/10/2026 9:18,6/5/2026,6/6/2026 1:06,1781208852,18:44.7,rem
Josh,6/10/2026 9:18,6/5/2026,6/6/2026 1:07,1781208852,18:44.9,rem
Josh,6/10/2026 9:18,6/5/2026,6/6/2026 1:08,1781208852,18:45.1,rem
Josh,6/10/2026 9:18,6/5/2026,6/6/2026 1:09,1781208852,18:45.3,rem
Josh,6/10/2026 9:18,6/5/2026,6/6/2026 1:10,1781208852,18:45.5,rem
Josh,6/10/2026 9:18,6/5/2026,6/6/2026 1:11,1781208852,18:45.7,rem
Josh,6/10/2026 9:18,6/5/2026,6/6/2026 1:12,1781208852,18:45.9,rem
Josh,6/10/2026 9:18,6/5/2026,6/6/2026 1:13,1781208852,18:46.8,rem
Josh,6/10/2026 9:18,6/5/2026,6/6/2026 1:14,1781208852,18:46.3,rem
Josh,6/10/2026 9:18,6/5/2026,6/6/2026 1:15,1781208852,18:46.5,rem
Josh,6/10/2026 9:18,6/5/2026,6/6/2026 1:16,1781208852,18:46.7,rem
Josh,6/10/2026 9:18,6/5/2026,6/6/2026 1:17,1781208852,18:46.8,light
Josh,6/10/2026 9:18,6/5/2026,6/6/2026 1:18,1781208852,18:47.3,light
Josh,6/10/2026 9:18,6/5/2026,6/6/2026 1:19,1781208852,18:47.2,light
Josh,6/10/2026 9:18,6/5/2026,6/6/2026 1:20,1781208852,18:47.4,light
Josh,6/10/2026 9:18,6/5/2026,6/6/2026 1:21,1781208852,18:47.6,light
Josh,6/10/2026 9:18,6/5/2026,6/6/2026 1:22,1781208852,18:47.8,light
Josh,6/10/2026 9:18,6/5/2026,6/6/2026 1:23,1781208852,18:48.0,light
Josh,6/10/2026 9:18,6/5/2026,6/6/2026 1:24,1781208852,18:48.2,light
Josh,6/10/2026 9:18,6/5/2026,6/6/2026 1:25,1781208852,18:48.4,light
Josh,6/10/2026 9:18,6/5/2026,6/6/2026 1:26,1781208852,18:48.6,light
Josh,6/10/2026 9:18,6/5/2026,6/6/2026 1:27,1781208852,18:48.8,light
Josh,6/10/2026 9:18,6/5/2026,6/6/2026 1:28,1781208852,18:48.9,light
Josh,6/10/2026 9:18,6/5/2026,6/6/2026 1:29,1781208852,18:49.1,light
Josh,6/10/2026 9:18,6/5/2026,6/6/2026 1:30,1781208852,18:49.3,light
Josh,6/10/2026 9:18,6/5/2026,6/6/2026 1:31,1781208852,18:49.5,light
Josh,6/10/2026 9:18,6/5/2026,6/6/2026 1:32,1781208852,18:49.7,light
Josh,6/10/2026 9:18,6/5/2026,6/6/2026 1:33,1781208852,18:49.9,light
Josh,6/10/2026 9:18,6/5/2026,6/6/2026 1:34,1781208852,18:50.9,light
Josh,6/10/2026 9:18,6/5/2026,6/6/2026 1:35,1781208852,18:50.3,light
Josh,6/10/2026 9:18,6/5/2026,6/6/2026 1:36,1781208852,18:50.5,light
Josh,6/10/2026 9:18,6/5/2026,6/6/2026 1:37,1781208852,18:50.7,light
Josh,6/10/2026 9:18,6/5/2026,6/6/2026 1:38,1781208852,18:50.9,light
Josh,6/10/2026 9:18,6/5/2026,6/6/2026 1:39,1781208852,18:51.5,light
Josh,6/10/2026 9:18,6/5/2026,6/6/2026 1:40,1781208852,18:51.2,light
Josh,6/10/2026 9:18,6/5/2026,6/6/2026 1:41,1781208852,18:51.4,deep
Josh,6/10/2026 9:18,6/5/2026,6/6/2026 1:42,1781208852,18:51.6,deep
Josh,6/10/2026 9:18,6/5/2026,6/6/2026 1:43,1781208852,18:51.8,deep
Josh,6/10/2026 9:18,6/5/2026,6/6/2026 1:44,1781208852,18:52.1,deep
Josh,6/10/2026 9:18,6/5/2026,6/6/2026 1:45,1781208852,18:52.2,deep
Josh,6/10/2026 9:18,6/5/2026,6/6/2026 1:46,1781208852,18:52.4,deep
Josh,6/10/2026 9:18,6/5/2026,6/6/2026 1:47,1781208852,18:52.6,deep
Josh,6/10/2026 9:18,6/5/2026,6/6/2026 1:48,1781208852,18:52.8,deep
Josh,6/10/2026 9:18,6/5/2026,6/6/2026 1:49,1781208852,18:53.0,deep
Josh,6/10/2026 9:18,6/5/2026,6/6/2026 1:50,1781208852,18:53.1,deep
Josh,6/10/2026 9:18,6/5/2026,6/6/2026 1:51,1781208852,18:53.3,deep
Josh,6/10/2026 9:18,6/5/2026,6/6/2026 1:52,1781208852,18:53.5,deep
Josh,6/10/2026 9:18,6/5/2026,6/6/2026 1:53,1781208852,18:53.7,deep
Josh,6/10/2026 9:18,6/5/2026,6/6/2026 1:54,1781208852,18:53.9,deep
Josh,6/10/2026 9:18,6/5/2026,6/6/2026 1:55,1781208852,18:54.1,deep
Josh,6/10/2026 9:18,6/5/2026,6/6/2026 1:56,1781208852,18:54.3,deep
Josh,6/10/2026 9:18,6/5/2026,6/6/2026 1:57,1781208852,18:54.5,deep
Josh,6/10/2026 9:18,6/5/2026,6/6/2026 1:58,1781208852,18:54.7,deep
Josh,6/10/2026 9:18,6/5/2026,6/6/2026 1:59,1781208852,18:54.9,deep
Josh,6/10/2026 9:18,6/5/2026,6/6/2026 2:00,1781208852,18:55.6,deep
Josh,6/10/2026 9:18,6/5/2026,6/6/2026 2:01,1781208852,18:55.2,deep
Josh,6/10/2026 9:18,6/5/2026,6/6/2026 2:02,1781208852,18:55.4,deep
Josh,6/10/2026 9:18,6/5/2026,6/6/2026 2:03,1781208852,18:55.6,deep
Josh,6/10/2026 9:18,6/5/2026,6/6/2026 2:04,1781208852,18:55.8,deep
Josh,6/10/2026 9:18,6/5/2026,6/6/2026 2:05,1781208852,18:56.1,deep
Josh,6/10/2026 9:18,6/5/2026,6/6/2026 2:06,1781208852,18:56.2,deep
Josh,6/10/2026 9:18,6/5/2026,6/6/2026 2:07,1781208852,18:56.4,deep
Josh,6/10/2026 9:18,6/5/2026,6/6/2026 2:08,1781208852,18:56.6,deep
Josh,6/10/2026 9:18,6/5/2026,6/6/2026 2:09,1781208852,18:56.8,deep
Josh,6/10/2026 9:18,6/5/2026,6/6/2026 2:10,1781208852,18:57.0,light
Josh,6/10/2026 9:18,6/5/2026,6/6/2026 2:11,1781208852,18:57.2,light
Josh,6/10/2026 9:18,6/5/2026,6/6/2026 2:12,1781208852,18:57.4,light
Josh,6/10/2026 9:18,6/5/2026,6/6/2026 2:13,1781208852,18:57.5,light
Josh,6/10/2026 9:18,6/5/2026,6/6/2026 2:14,1781208852,18:57.7,light
Josh,6/10/2026 9:18,6/5/2026,6/6/2026 2:15,1781208852,18:57.9,rem
Josh,6/10/2026 9:18,6/5/2026,6/6/2026 2:16,1781208852,18:58.1,rem
Josh,6/10/2026 9:18,6/5/2026,6/6/2026 2:17,1781208852,18:58.3,rem
Josh,6/10/2026 9:18,6/5/2026,6/6/2026 2:18,1781208852,18:58.5,rem
Josh,6/10/2026 9:18,6/5/2026,6/6/2026 2:19,1781208852,18:58.7,rem
Josh,6/10/2026 9:18,6/5/2026,6/6/2026 2:20,1781208852,18:58.9,rem
Josh,6/10/2026 9:18,6/5/2026,6/6/2026 2:21,1781208852,18:59.7,rem
Josh,6/10/2026 9:18,6/5/2026,6/6/2026 2:22,1781208852,18:59.3,rem
Josh,6/10/2026 9:18,6/5/2026,6/6/2026 2:23,1781208852,18:59.5,rem
Josh,6/10/2026 9:18,6/5/2026,6/6/2026 2:24,1781208852,18:59.6,light
Josh,6/10/2026 9:18,6/5/2026,6/6/2026 2:25,1781208852,18:59.8,light
Josh,6/10/2026 9:18,6/5/2026,6/6/2026 2:26,1781208852,19:00.3,light
Josh,6/10/2026 9:18,6/5/2026,6/6/2026 2:27,1781208852,19:00.2,light
Josh,6/10/2026 9:18,6/5/2026,6/6/2026 2:28,1781208852,19:00.4,light
Josh,6/10/2026 9:18,6/5/2026,6/6/2026 2:29,1781208852,19:00.6,light
Josh,6/10/2026 9:18,6/5/2026,6/6/2026 2:30,1781208852,19:00.8,light
Josh,6/10/2026 9:18,6/5/2026,6/6/2026 2:31,1781208852,19:01.0,light
Josh,6/10/2026 9:18,6/5/2026,6/6/2026 2:32,1781208852,19:01.2,light
Josh,6/10/2026 9:18,6/5/2026,6/6/2026 2:33,1781208852,19:01.4,light
Josh,6/10/2026 9:18,6/5/2026,6/6/2026 2:34,1781208852,19:01.6,light
Josh,6/10/2026 9:18,6/5/2026,6/6/2026 2:35,1781208852,19:01.7,light
Josh,6/10/2026 9:18,6/5/2026,6/6/2026 2:36,1781208852,19:01.9,light
Josh,6/10/2026 9:18,6/5/2026,6/6/2026 2:37,1781208852,19:02.1,light
Josh,6/10/2026 9:18,6/5/2026,6/6/2026 2:38,1781208852,19:02.3,light
Josh,6/10/2026 9:18,6/5/2026,6/6/2026 2:39,1781208852,19:02.5,light
Josh,6/10/2026 9:18,6/5/2026,6/6/2026 2:40,1781208852,19:02.7,light
Josh,6/10/2026 9:18,6/5/2026,6/6/2026 2:41,1781208852,19:02.9,light
Josh,6/10/2026 9:18,6/5/2026,6/6/2026 2:42,1781208852,19:03.8,light
Josh,6/10/2026 9:18,6/5/2026,6/6/2026 2:43,1781208852,19:03.3,light
Josh,6/10/2026 9:18,6/5/2026,6/6/2026 2:44,1781208852,19:03.5,light
Josh,6/10/2026 9:18,6/5/2026,6/6/2026 2:45,1781208852,19:03.7,light
Josh,6/10/2026 9:18,6/5/2026,6/6/2026 2:46,1781208852,19:03.8,deep
Josh,6/10/2026 9:18,6/5/2026,6/6/2026 2:47,1781208852,19:04.4,deep
Josh,6/10/2026 9:18,6/5/2026,6/6/2026 2:48,1781208852,19:04.2,deep
Josh,6/10/2026 9:18,6/5/2026,6/6/2026 2:49,1781208852,19:04.4,deep
Josh,6/10/2026 9:18,6/5/2026,6/6/2026 2:50,1781208852,19:04.6,deep
Josh,6/10/2026 9:18,6/5/2026,6/6/2026 2:51,1781208852,19:04.8,deep
Josh,6/10/2026 9:18,6/5/2026,6/6/2026 2:52,1781208852,19:05.0,deep
Josh,6/10/2026 9:18,6/5/2026,6/6/2026 2:53,1781208852,19:05.2,deep
Josh,6/10/2026 9:18,6/5/2026,6/6/2026 2:54,1781208852,19:05.4,deep
Josh,6/10/2026 9:18,6/5/2026,6/6/2026 2:55,1781208852,19:05.6,deep
Josh,6/10/2026 9:18,6/5/2026,6/6/2026 2:56,1781208852,19:05.8,deep
Josh,6/10/2026 9:18,6/5/2026,6/6/2026 2:57,1781208852,19:06.0,deep
Josh,6/10/2026 9:18,6/5/2026,6/6/2026 2:58,1781208852,19:06.1,deep
Josh,6/10/2026 9:18,6/5/2026,6/6/2026 2:59,1781208852,19:06.3,deep
Josh,6/10/2026 9:18,6/5/2026,6/6/2026 3:00,1781208852,19:06.5,deep
Josh,6/10/2026 9:18,6/5/2026,6/6/2026 3:01,1781208852,19:06.7,deep
Josh,6/10/2026 9:18,6/5/2026,6/6/2026 3:02,1781208852,19:06.9,deep
Josh,6/10/2026 9:18,6/5/2026,6/6/2026 3:03,1781208852,19:08.0,deep
Josh,6/10/2026 9:18,6/5/2026,6/6/2026 3:04,1781208852,19:07.3,deep
Josh,6/10/2026 9:18,6/5/2026,6/6/2026 3:05,1781208852,19:07.5,light
Josh,6/10/2026 9:18,6/5/2026,6/6/2026 3:06,1781208852,19:07.7,light
Josh,6/10/2026 9:18,6/5/2026,6/6/2026 3:07,1781208852,19:07.9,light
Josh,6/10/2026 9:18,6/5/2026,6/6/2026 3:08,1781208852,19:08.5,light
Josh,6/10/2026 9:18,6/5/2026,6/6/2026 3:09,1781208852,19:08.2,light
Josh,6/10/2026 9:18,6/5/2026,6/6/2026 3:10,1781208852,19:08.4,rem
Josh,6/10/2026 9:18,6/5/2026,6/6/2026 3:11,1781208852,19:08.6,rem
Josh,6/10/2026 9:18,6/5/2026,6/6/2026 3:12,1781208852,19:08.8,rem
Josh,6/10/2026 9:18,6/5/2026,6/6/2026 3:13,1781208852,19:09.9,rem
Josh,6/10/2026 9:18,6/5/2026,6/6/2026 3:14,1781208852,19:09.2,rem
Josh,6/10/2026 9:18,6/5/2026,6/6/2026 3:15,1781208852,19:09.4,rem
Josh,6/10/2026 9:18,6/5/2026,6/6/2026 3:16,1781208852,19:09.6,rem
Josh,6/10/2026 9:18,6/5/2026,6/6/2026 3:17,1781208852,19:09.8,rem
Josh,6/10/2026 9:18,6/5/2026,6/6/2026 3:18,1781208852,19:10.0,rem
Josh,6/10/2026 9:18,6/5/2026,6/6/2026 3:19,1781208852,19:10.2,rem
Josh,6/10/2026 9:18,6/5/2026,6/6/2026 3:20,1781208852,19:10.3,rem
Josh,6/10/2026 9:18,6/5/2026,6/6/2026 3:21,1781208852,19:10.5,rem
Josh,6/10/2026 9:18,6/5/2026,6/6/2026 3:22,1781208852,19:10.7,rem
Josh,6/10/2026 9:18,6/5/2026,6/6/2026 3:23,1781208852,19:10.9,rem
Josh,6/10/2026 9:18,6/5/2026,6/6/2026 3:24,1781208852,19:11.1,rem
Josh,6/10/2026 9:18,6/5/2026,6/6/2026 3:25,1781208852,19:11.3,rem
Josh,6/10/2026 9:18,6/5/2026,6/6/2026 3:26,1781208852,19:11.5,rem
Josh,6/10/2026 9:18,6/5/2026,6/6/2026 3:27,1781208852,19:11.7,rem
Josh,6/10/2026 9:18,6/5/2026,6/6/2026 3:28,1781208852,19:11.9,rem
Josh,6/10/2026 9:18,6/5/2026,6/6/2026 3:29,1781208852,19:12.7,rem
Josh,6/10/2026 9:18,6/5/2026,6/6/2026 3:30,1781208852,19:12.3,rem
Josh,6/10/2026 9:18,6/5/2026,6/6/2026 3:31,1781208852,19:12.4,rem
Josh,6/10/2026 9:18,6/5/2026,6/6/2026 3:32,1781208852,19:12.6,rem
Josh,6/10/2026 9:18,6/5/2026,6/6/2026 3:33,1781208852,19:12.8,rem
Josh,6/10/2026 9:18,6/5/2026,6/6/2026 3:34,1781208852,19:13.2,rem
Josh,6/10/2026 9:18,6/5/2026,6/6/2026 3:35,1781208852,19:13.2,rem
Josh,6/10/2026 9:18,6/5/2026,6/6/2026 3:36,1781208852,19:13.4,light
Josh,6/10/2026 9:18,6/5/2026,6/6/2026 3:37,1781208852,19:13.6,light
Josh,6/10/2026 9:18,6/5/2026,6/6/2026 3:38,1781208852,19:13.8,light
Josh,6/10/2026 9:18,6/5/2026,6/6/2026 3:39,1781208852,19:14.0,light
Josh,6/10/2026 9:18,6/5/2026,6/6/2026 3:40,1781208852,19:14.2,light
Josh,6/10/2026 9:18,6/5/2026,6/6/2026 3:41,1781208852,19:14.4,light
Josh,6/10/2026 9:18,6/5/2026,6/6/2026 3:42,1781208852,19:14.6,light
Josh,6/10/2026 9:18,6/5/2026,6/6/2026 3:43,1781208852,19:14.7,light
Josh,6/10/2026 9:18,6/5/2026,6/6/2026 3:44,1781208852,19:14.9,light
Josh,6/10/2026 9:18,6/5/2026,6/6/2026 3:45,1781208852,19:15.1,light
Josh,6/10/2026 9:18,6/5/2026,6/6/2026 3:46,1781208852,19:15.3,light
Josh,6/10/2026 9:18,6/5/2026,6/6/2026 3:47,1781208852,19:15.5,light
Josh,6/10/2026 9:18,6/5/2026,6/6/2026 3:48,1781208852,19:15.7,light
Josh,6/10/2026 9:18,6/5/2026,6/6/2026 3:49,1781208852,19:15.9,light
Josh,6/10/2026 9:18,6/5/2026,6/6/2026 3:50,1781208852,19:16.8,light
Josh,6/10/2026 9:18,6/5/2026,6/6/2026 3:51,1781208852,19:16.3,light
Josh,6/10/2026 9:18,6/5/2026,6/6/2026 3:52,1781208852,19:16.5,light
Josh,6/10/2026 9:18,6/5/2026,6/6/2026 3:53,1781208852,19:16.7,light
Josh,6/10/2026 9:18,6/5/2026,6/6/2026 3:54,1781208852,19:16.8,deep
Josh,6/10/2026 9:18,6/5/2026,6/6/2026 3:55,1781208852,19:17.3,deep
Josh,6/10/2026 9:18,6/5/2026,6/6/2026 3:56,1781208852,19:17.2,deep
Josh,6/10/2026 9:18,6/5/2026,6/6/2026 3:57,1781208852,19:17.4,deep
Josh,6/10/2026 9:18,6/5/2026,6/6/2026 3:58,1781208852,19:17.6,deep
Josh,6/10/2026 9:18,6/5/2026,6/6/2026 3:59,1781208852,19:17.8,deep
Josh,6/10/2026 9:18,6/5/2026,6/6/2026 4:00,1781208852,19:18.0,deep
Josh,6/10/2026 9:18,6/5/2026,6/6/2026 4:01,1781208852,19:18.2,deep
Josh,6/10/2026 9:18,6/5/2026,6/6/2026 4:02,1781208852,19:18.4,deep
Josh,6/10/2026 9:18,6/5/2026,6/6/2026 4:03,1781208852,19:18.6,deep
Josh,6/10/2026 9:18,6/5/2026,6/6/2026 4:04,1781208852,19:18.8,light
Josh,6/10/2026 9:18,6/5/2026,6/6/2026 4:05,1781208852,19:18.9,light
Josh,6/10/2026 9:18,6/5/2026,6/6/2026 4:06,1781208852,19:19.1,light
Josh,6/10/2026 9:18,6/5/2026,6/6/2026 4:07,1781208852,19:19.3,light
Josh,6/10/2026 9:18,6/5/2026,6/6/2026 4:08,1781208852,19:19.5,light
Josh,6/10/2026 9:18,6/5/2026,6/6/2026 4:09,1781208852,19:19.7,light
Josh,6/10/2026 9:18,6/5/2026,6/6/2026 4:10,1781208852,19:19.9,light
Josh,6/10/2026 9:18,6/5/2026,6/6/2026 4:11,1781208852,19:20.9,light
Josh,6/10/2026 9:18,6/5/2026,6/6/2026 4:12,1781208852,19:20.3,light
Josh,6/10/2026 9:18,6/5/2026,6/6/2026 4:13,1781208852,19:20.5,rem
Josh,6/10/2026 9:18,6/5/2026,6/6/2026 4:14,1781208852,19:20.7,rem
Josh,6/10/2026 9:18,6/5/2026,6/6/2026 4:15,1781208852,19:20.9,rem
Josh,6/10/2026 9:18,6/5/2026,6/6/2026 4:16,1781208852,19:21.5,rem
Josh,6/10/2026 9:18,6/5/2026,6/6/2026 4:17,1781208852,19:21.2,rem
Josh,6/10/2026 9:18,6/5/2026,6/6/2026 4:18,1781208852,19:21.4,rem
Josh,6/10/2026 9:18,6/5/2026,6/6/2026 4:19,1781208852,19:21.6,rem
Josh,6/10/2026 9:18,6/5/2026,6/6/2026 4:20,1781208852,19:21.8,rem
Josh,6/10/2026 9:18,6/5/2026,6/6/2026 4:21,1781208852,19:22.3,rem
Josh,6/10/2026 9:18,6/5/2026,6/6/2026 4:22,1781208852,19:22.2,rem
Josh,6/10/2026 9:18,6/5/2026,6/6/2026 4:23,1781208852,19:22.4,rem
Josh,6/10/2026 9:18,6/5/2026,6/6/2026 4:24,1781208852,19:22.6,rem
Josh,6/10/2026 9:18,6/5/2026,6/6/2026 4:25,1781208852,19:22.8,rem
Josh,6/10/2026 9:18,6/5/2026,6/6/2026 4:26,1781208852,19:23.0,rem
Josh,6/10/2026 9:18,6/5/2026,6/6/2026 4:27,1781208852,19:23.1,rem
Josh,6/10/2026 9:18,6/5/2026,6/6/2026 4:28,1781208852,19:23.3,rem
Josh,6/10/2026 9:18,6/5/2026,6/6/2026 4:29,1781208852,19:23.5,rem
Josh,6/10/2026 9:18,6/5/2026,6/6/2026 4:30,1781208852,19:23.7,rem
Josh,6/10/2026 9:18,6/5/2026,6/6/2026 4:31,1781208852,19:23.9,rem
Josh,6/10/2026 9:18,6/5/2026,6/6/2026 4:32,1781208852,19:24.1,rem
Josh,6/10/2026 9:18,6/5/2026,6/6/2026 4:33,1781208852,19:24.3,rem
Josh,6/10/2026 9:18,6/5/2026,6/6/2026 4:34,1781208852,19:24.5,rem
Josh,6/10/2026 9:18,6/5/2026,6/6/2026 4:35,1781208852,19:24.7,rem
Josh,6/10/2026 9:18,6/5/2026,6/6/2026 4:36,1781208852,19:24.9,rem
Josh,6/10/2026 9:18,6/5/2026,6/6/2026 4:37,1781208852,19:25.6,rem
Josh,6/10/2026 9:18,6/5/2026,6/6/2026 4:38,1781208852,19:25.3,rem
Josh,6/10/2026 9:18,6/5/2026,6/6/2026 4:39,1781208852,19:25.4,light
Josh,6/10/2026 9:18,6/5/2026,6/6/2026 4:40,1781208852,19:25.6,light
Josh,6/10/2026 9:18,6/5/2026,6/6/2026 4:41,1781208852,19:25.8,light
Josh,6/10/2026 9:18,6/5/2026,6/6/2026 4:42,1781208852,19:26.2,light
Josh,6/10/2026 9:18,6/5/2026,6/6/2026 4:43,1781208852,19:26.2,light
Josh,6/10/2026 9:18,6/5/2026,6/6/2026 4:44,1781208852,19:26.4,light
Josh,6/10/2026 9:18,6/5/2026,6/6/2026 4:45,1781208852,19:26.6,light
Josh,6/10/2026 9:18,6/5/2026,6/6/2026 4:46,1781208852,19:26.8,light
Josh,6/10/2026 9:18,6/5/2026,6/6/2026 4:47,1781208852,19:27.0,light
Josh,6/10/2026 9:18,6/5/2026,6/6/2026 4:48,1781208852,19:27.2,light
Josh,6/10/2026 9:18,6/5/2026,6/6/2026 4:49,1781208852,19:27.4,light
Josh,6/10/2026 9:18,6/5/2026,6/6/2026 4:50,1781208852,19:27.5,light
Josh,6/10/2026 9:18,6/5/2026,6/6/2026 4:51,1781208852,19:27.7,light
Josh,6/10/2026 9:18,6/5/2026,6/6/2026 4:52,1781208852,19:27.9,light
Josh,6/10/2026 9:18,6/5/2026,6/6/2026 4:53,1781208852,19:28.1,light
Josh,6/10/2026 9:18,6/5/2026,6/6/2026 4:54,1781208852,19:28.3,light
Josh,6/10/2026 9:18,6/5/2026,6/6/2026 4:55,1781208852,19:28.5,light
Josh,6/10/2026 9:18,6/5/2026,6/6/2026 4:56,1781208852,19:28.7,light
Josh,6/10/2026 9:18,6/5/2026,6/6/2026 4:57,1781208852,19:28.9,light
Josh,6/10/2026 9:18,6/5/2026,6/6/2026 4:58,1781208852,19:29.7,light
Josh,6/10/2026 9:18,6/5/2026,6/6/2026 4:59,1781208852,19:29.3,light
Josh,6/10/2026 9:18,6/5/2026,6/6/2026 5:00,1781208852,19:29.5,light
Josh,6/10/2026 9:18,6/5/2026,6/6/2026 5:01,1781208852,19:29.6,light
Josh,6/10/2026 9:18,6/5/2026,6/6/2026 5:02,1781208852,19:29.8,deep
Josh,6/10/2026 9:18,6/5/2026,6/6/2026 5:03,1781208852,19:30.3,deep
Josh,6/10/2026 9:18,6/5/2026,6/6/2026 5:04,1781208852,19:30.2,deep
Josh,6/10/2026 9:18,6/5/2026,6/6/2026 5:05,1781208852,19:30.4,deep
Josh,6/10/2026 9:18,6/5/2026,6/6/2026 5:06,1781208852,19:30.6,deep
Josh,6/10/2026 9:18,6/5/2026,6/6/2026 5:07,1781208852,19:30.8,deep
Josh,6/10/2026 9:18,6/5/2026,6/6/2026 5:08,1781208852,19:31.0,deep
Josh,6/10/2026 9:18,6/5/2026,6/6/2026 5:09,1781208852,19:31.2,deep
Josh,6/10/2026 9:18,6/5/2026,6/6/2026 5:10,1781208852,19:31.4,deep
Josh,6/10/2026 9:18,6/5/2026,6/6/2026 5:11,1781208852,19:31.6,deep
Josh,6/10/2026 9:18,6/5/2026,6/6/2026 5:12,1781208852,19:31.7,deep
Josh,6/10/2026 9:18,6/5/2026,6/6/2026 5:13,1781208852,19:31.9,deep
Josh,6/10/2026 9:18,6/5/2026,6/6/2026 5:14,1781208852,19:32.1,deep
Josh,6/10/2026 9:18,6/5/2026,6/6/2026 5:15,1781208852,19:32.3,deep
Josh,6/10/2026 9:18,6/5/2026,6/6/2026 5:16,1781208852,19:32.5,deep
Josh,6/10/2026 9:18,6/5/2026,6/6/2026 5:17,1781208852,19:32.7,deep
Josh,6/10/2026 9:18,6/5/2026,6/6/2026 5:18,1781208852,19:32.9,deep
Josh,6/10/2026 9:18,6/5/2026,6/6/2026 5:19,1781208852,19:33.9,deep
Josh,6/10/2026 9:18,6/5/2026,6/6/2026 5:20,1781208852,19:33.3,deep
Josh,6/10/2026 9:18,6/5/2026,6/6/2026 5:21,1781208852,19:33.5,light
Josh,6/10/2026 9:18,6/5/2026,6/6/2026 5:22,1781208852,19:33.7,light
Josh,6/10/2026 9:18,6/5/2026,6/6/2026 5:23,1781208852,19:33.9,light
Josh,6/10/2026 9:18,6/5/2026,6/6/2026 5:24,1781208852,19:34.4,light
Josh,6/10/2026 9:18,6/5/2026,6/6/2026 5:25,1781208852,19:34.2,light
Josh,6/10/2026 9:18,6/5/2026,6/6/2026 5:26,1781208852,19:34.4,light
Josh,6/10/2026 9:18,6/5/2026,6/6/2026 5:27,1781208852,19:34.6,light
Josh,6/10/2026 9:18,6/5/2026,6/6/2026 5:28,1781208852,19:34.8,light
Josh,6/10/2026 9:18,6/5/2026,6/6/2026 5:29,1781208852,19:35.0,wake
Josh,6/10/2026 9:18,6/5/2026,6/6/2026 5:30,1781208852,19:35.2,rem
Josh,6/10/2026 9:18,6/5/2026,6/6/2026 5:31,1781208852,19:35.4,rem
Josh,6/10/2026 9:18,6/5/2026,6/6/2026 5:32,1781208852,19:35.6,rem
Josh,6/10/2026 9:18,6/5/2026,6/6/2026 5:33,1781208852,19:35.8,rem
Josh,6/10/2026 9:18,6/5/2026,6/6/2026 5:34,1781208852,19:36.0,rem
Josh,6/10/2026 9:18,6/5/2026,6/6/2026 5:35,1781208852,19:36.1,rem
Josh,6/10/2026 9:18,6/5/2026,6/6/2026 5:36,1781208852,19:36.3,rem
Josh,6/10/2026 9:18,6/5/2026,6/6/2026 5:37,1781208852,19:36.5,rem
Josh,6/10/2026 9:18,6/5/2026,6/6/2026 5:38,1781208852,19:36.7,rem
Josh,6/10/2026 9:18,6/5/2026,6/6/2026 5:39,1781208852,19:36.9,rem
Josh,6/10/2026 9:18,6/5/2026,6/6/2026 5:40,1781208852,19:37.1,rem
Josh,6/10/2026 9:18,6/5/2026,6/6/2026 5:41,1781208852,19:37.3,rem
Josh,6/10/2026 9:18,6/5/2026,6/6/2026 5:42,1781208852,19:37.5,rem
Josh,6/10/2026 9:18,6/5/2026,6/6/2026 5:43,1781208852,19:37.7,rem
Josh,6/10/2026 9:18,6/5/2026,6/6/2026 5:44,1781208852,19:37.9,rem
Josh,6/10/2026 9:18,6/5/2026,6/6/2026 5:45,1781208852,19:38.5,rem
Josh,6/10/2026 9:18,6/5/2026,6/6/2026 5:46,1781208852,19:38.2,rem
Josh,6/10/2026 9:18,6/5/2026,6/6/2026 5:47,1781208852,19:38.4,rem
Josh,6/10/2026 9:18,6/5/2026,6/6/2026 5:48,1781208852,19:38.6,rem
Josh,6/10/2026 9:18,6/5/2026,6/6/2026 5:49,1781208852,19:38.8,rem
Josh,6/10/2026 9:18,6/5/2026,6/6/2026 5:50,1781208852,19:39.1,light
Josh,6/10/2026 9:18,6/5/2026,6/6/2026 5:51,1781208852,19:39.2,light
Josh,6/10/2026 9:18,6/5/2026,6/6/2026 5:52,1781208852,19:39.4,light
Josh,6/10/2026 9:18,6/5/2026,6/6/2026 5:53,1781208852,19:39.6,light
Josh,6/10/2026 9:18,6/5/2026,6/6/2026 5:54,1781208852,19:39.8,light
Josh,6/10/2026 9:18,6/5/2026,6/6/2026 5:55,1781208852,19:40.0,light
Josh,6/10/2026 9:18,6/5/2026,6/6/2026 5:56,1781208852,19:40.2,light
Josh,6/10/2026 9:18,6/5/2026,6/6/2026 5:57,1781208852,19:40.3,light
Josh,6/10/2026 9:18,6/5/2026,6/6/2026 5:58,1781208852,19:40.5,light
Josh,6/10/2026 9:18,6/5/2026,6/6/2026 5:59,1781208852,19:40.7,light
Josh,6/10/2026 9:18,6/5/2026,6/6/2026 6:00,1781208852,19:40.9,light
Josh,6/10/2026 9:18,6/5/2026,6/6/2026 6:01,1781208852,19:41.1,light
Josh,6/10/2026 9:18,6/5/2026,6/6/2026 6:02,1781208852,19:41.3,light
Josh,6/10/2026 9:18,6/5/2026,6/6/2026 6:03,1781208852,19:41.5,light
Josh,6/10/2026 9:18,6/5/2026,6/6/2026 6:04,1781208852,19:41.7,light
Josh,6/10/2026 9:18,6/5/2026,6/6/2026 6:05,1781208852,19:41.9,light
Josh,6/10/2026 9:18,6/5/2026,6/6/2026 6:06,1781208852,19:42.7,light
Josh,6/10/2026 9:18,6/5/2026,6/6/2026 6:07,1781208852,19:42.3,light
Josh,6/10/2026 9:18,6/5/2026,6/6/2026 6:08,1781208852,19:42.4,light
Josh,6/10/2026 9:18,6/5/2026,6/6/2026 6:09,1781208852,19:42.6,light
Josh,6/10/2026 9:18,6/5/2026,6/6/2026 6:10,1781208852,19:42.8,deep
Josh,6/10/2026 9:18,6/5/2026,6/6/2026 6:11,1781208852,19:43.2,deep
Josh,6/10/2026 9:18,6/5/2026,6/6/2026 6:12,1781208852,19:43.2,deep
Josh,6/10/2026 9:18,6/5/2026,6/6/2026 6:13,1781208852,19:43.4,deep
Josh,6/10/2026 9:18,6/5/2026,6/6/2026 6:14,1781208852,19:43.6,deep
Josh,6/10/2026 9:18,6/5/2026,6/6/2026 6:15,1781208852,19:43.8,deep
Josh,6/10/2026 9:18,6/5/2026,6/6/2026 6:16,1781208852,19:44.0,deep
Josh,6/10/2026 9:18,6/5/2026,6/6/2026 6:17,1781208852,19:44.2,deep
Josh,6/10/2026 9:18,6/5/2026,6/6/2026 6:18,1781208852,19:44.4,deep
Josh,6/10/2026 9:18,6/5/2026,6/6/2026 6:19,1781208852,19:44.6,deep
Josh,6/10/2026 9:18,6/5/2026,6/6/2026 6:20,1781208852,19:44.7,light
Josh,6/10/2026 9:18,6/5/2026,6/6/2026 6:21,1781208852,19:44.9,light
Josh,6/10/2026 9:18,6/5/2026,6/6/2026 6:22,1781208852,19:45.1,light
Josh,6/10/2026 9:18,6/5/2026,6/6/2026 6:23,1781208852,19:45.3,light
Josh,6/10/2026 9:18,6/5/2026,6/6/2026 6:24,1781208852,19:45.5,light
Josh,6/10/2026 9:18,6/5/2026,6/6/2026 6:25,1781208852,19:45.7,wake
Josh,6/10/2026 9:18,6/5/2026,6/6/2026 6:26,1781208852,19:45.9,wake
Josh,6/10/2026 9:18,6/5/2026,6/6/2026 6:27,1781208852,19:46.8,wake
Josh,6/10/2026 9:18,6/5/2026,6/6/2026 6:28,1781208852,19:46.3,rem
Josh,6/10/2026 9:18,6/5/2026,6/6/2026 6:29,1781208852,19:46.5,rem
Josh,6/10/2026 9:18,6/5/2026,6/6/2026 6:30,1781208852,19:46.7,rem
Josh,6/10/2026 9:18,6/5/2026,6/6/2026 6:31,1781208852,19:46.8,rem
Josh,6/10/2026 9:18,6/5/2026,6/6/2026 6:32,1781208852,19:47.4,rem
Josh,6/10/2026 9:18,6/5/2026,6/6/2026 6:33,1781208852,19:47.2,rem
Josh,6/10/2026 9:18,6/5/2026,6/6/2026 6:34,1781208852,19:47.4,rem
Josh,6/10/2026 9:18,6/5/2026,6/6/2026 6:35,1781208852,19:47.6,rem
Josh,6/10/2026 9:18,6/5/2026,6/6/2026 6:36,1781208852,19:47.8,rem
Josh,6/10/2026 9:18,6/5/2026,6/6/2026 6:37,1781208852,19:48.0,rem
Josh,6/10/2026 9:18,6/5/2026,6/6/2026 6:38,1781208852,19:48.2,rem
Josh,6/10/2026 9:18,6/5/2026,6/6/2026 6:39,1781208852,19:48.4,rem
Josh,6/10/2026 9:18,6/5/2026,6/6/2026 6:40,1781208852,19:48.6,rem
Josh,6/10/2026 9:18,6/5/2026,6/6/2026 6:41,1781208852,19:48.8,rem
Josh,6/10/2026 9:18,6/5/2026,6/6/2026 6:42,1781208852,19:48.9,rem
Josh,6/10/2026 9:18,6/5/2026,6/6/2026 6:43,1781208852,19:49.1,rem
Josh,6/10/2026 9:18,6/5/2026,6/6/2026 6:44,1781208852,19:49.3,rem
Josh,6/10/2026 9:18,6/5/2026,6/6/2026 6:45,1781208852,19:49.5,rem
Josh,6/10/2026 9:18,6/5/2026,6/6/2026 6:46,1781208852,19:49.7,rem
Josh,6/10/2026 9:18,6/5/2026,6/6/2026 6:47,1781208852,19:49.9,rem
Josh,6/10/2026 9:18,6/5/2026,6/6/2026 6:48,1781208852,19:50.9,rem
Josh,6/10/2026 9:18,6/5/2026,6/6/2026 6:49,1781208852,19:50.3,rem
Josh,6/10/2026 9:18,6/5/2026,6/6/2026 6:50,1781208852,19:50.5,rem
Josh,6/10/2026 9:18,6/5/2026,6/6/2026 6:51,1781208852,19:50.7,rem
Josh,6/10/2026 9:18,6/5/2026,6/6/2026 6:52,1781208852,19:50.9,rem
Josh,6/10/2026 9:18,6/5/2026,6/6/2026 6:53,1781208852,19:51.5,rem
Josh,6/10/2026 9:18,6/5/2026,6/6/2026 6:54,1781208852,19:51.2,light
Josh,6/10/2026 9:18,6/5/2026,6/6/2026 6:55,1781208852,19:51.4,light
Josh,6/10/2026 9:18,6/5/2026,6/6/2026 6:56,1781208852,19:51.6,light
Josh,6/10/2026 9:18,6/5/2026,6/6/2026 6:57,1781208852,19:51.8,light
Josh,6/10/2026 9:18,6/5/2026,6/6/2026 6:58,1781208852,19:52.5,light
Josh,6/10/2026 9:18,6/5/2026,6/6/2026 6:59,1781208852,19:52.2,light
Josh,6/10/2026 9:18,6/5/2026,6/6/2026 7:00,1781208852,19:52.4,light
Josh,6/10/2026 9:18,6/5/2026,6/6/2026 7:01,1781208852,19:52.6,light
Josh,6/10/2026 9:18,6/5/2026,6/6/2026 7:02,1781208852,19:52.8,light
Josh,6/10/2026 9:18,6/5/2026,6/6/2026 7:03,1781208852,19:53.0,light
Josh,6/10/2026 9:18,6/5/2026,6/6/2026 7:04,1781208852,19:53.2,light
Josh,6/10/2026 9:18,6/5/2026,6/6/2026 7:05,1781208852,19:53.3,light
Josh,6/10/2026 9:18,6/5/2026,6/6/2026 7:06,1781208852,19:53.5,light
Josh,6/10/2026 9:18,6/5/2026,6/6/2026 7:07,1781208852,19:53.7,light
Josh,6/10/2026 9:18,6/5/2026,6/6/2026 7:08,1781208852,19:53.9,light
Josh,6/10/2026 9:18,6/5/2026,6/6/2026 7:09,1781208852,19:54.1,light
Josh,6/10/2026 9:18,6/5/2026,6/6/2026 7:10,1781208852,19:54.3,light
Josh,6/10/2026 9:18,6/5/2026,6/6/2026 7:11,1781208852,19:54.5,light
Josh,6/10/2026 9:18,6/5/2026,6/6/2026 7:12,1781208852,19:54.7,light
Josh,6/10/2026 9:18,6/5/2026,6/6/2026 7:13,1781208852,19:54.9,light
Josh,6/10/2026 9:18,6/5/2026,6/6/2026 7:14,1781208852,19:55.6,light
Josh,6/10/2026 9:18,6/5/2026,6/6/2026 7:15,1781208852,19:55.3,light
Josh,6/10/2026 9:18,6/5/2026,6/6/2026 7:16,1781208852,19:55.4,light
Josh,6/10/2026 9:18,6/5/2026,6/6/2026 7:17,1781208852,19:55.6,deep
Josh,6/10/2026 9:18,6/5/2026,6/6/2026 7:18,1781208852,19:55.8,deep
Josh,6/10/2026 9:18,6/5/2026,6/6/2026 7:19,1781208852,19:56.2,deep
Josh,6/10/2026 9:18,6/5/2026,6/6/2026 7:20,1781208852,19:56.2,deep
Josh,6/10/2026 9:18,6/5/2026,6/6/2026 7:21,1781208852,19:56.4,deep
Josh,6/10/2026 9:18,6/5/2026,6/6/2026 7:22,1781208852,19:56.6,deep
Josh,6/10/2026 9:18,6/5/2026,6/6/2026 7:23,1781208852,19:56.8,light
Josh,6/10/2026 9:18,6/5/2026,6/6/2026 7:24,1781208852,19:57.0,light
Josh,6/10/2026 9:18,6/5/2026,6/6/2026 7:25,1781208852,19:57.2,light
Josh,6/10/2026 9:18,6/5/2026,6/6/2026 7:26,1781208852,19:57.4,light
Josh,6/10/2026 9:18,6/5/2026,6/6/2026 7:27,1781208852,19:57.5,light
Josh,6/10/2026 9:18,6/5/2026,6/6/2026 7:28,1781208852,19:57.7,light
Josh,6/10/2026 9:18,6/5/2026,6/6/2026 7:29,1781208852,19:57.9,rem
Josh,6/10/2026 9:18,6/5/2026,6/6/2026 7:30,1781208852,19:58.1,rem
Josh,6/10/2026 9:18,6/5/2026,6/6/2026 7:31,1781208852,19:58.3,rem
Josh,6/10/2026 9:18,6/5/2026,6/6/2026 7:32,1781208852,19:58.5,rem
Josh,6/10/2026 9:18,6/5/2026,6/6/2026 7:33,1781208852,19:58.7,rem
Josh,6/10/2026 9:18,6/5/2026,6/6/2026 7:34,1781208852,19:58.9,rem
Josh,6/10/2026 9:18,6/5/2026,6/6/2026 7:35,1781208852,19:59.8,rem
Josh,6/10/2026 9:18,6/5/2026,6/6/2026 7:36,1781208852,19:59.3,rem
Josh,6/10/2026 9:18,6/5/2026,6/6/2026 7:37,1781208852,19:59.5,rem
Josh,6/10/2026 9:18,6/5/2026,6/6/2026 7:38,1781208852,19:59.6,rem
Josh,6/10/2026 9:18,6/5/2026,6/6/2026 7:39,1781208852,19:59.8,rem
Josh,6/10/2026 9:18,6/5/2026,6/6/2026 7:40,1781208852,20:00.3,rem
Josh,6/10/2026 9:18,6/5/2026,6/6/2026 7:41,1781208852,20:00.2,rem
Josh,6/10/2026 9:18,6/5/2026,6/6/2026 7:42,1781208852,20:00.4,rem
Josh,6/10/2026 9:18,6/5/2026,6/6/2026 7:43,1781208852,20:00.6,rem
Josh,6/10/2026 9:18,6/5/2026,6/6/2026 7:44,1781208852,20:00.8,rem
Josh,6/10/2026 9:18,6/5/2026,6/6/2026 7:45,1781208852,20:01.0,rem
Josh,6/10/2026 9:18,6/5/2026,6/6/2026 7:46,1781208852,20:01.2,rem
Josh,6/10/2026 9:18,6/5/2026,6/6/2026 7:47,1781208852,20:01.4,rem
Josh,6/10/2026 9:18,6/5/2026,6/6/2026 7:48,1781208852,20:01.6,rem
Josh,6/10/2026 9:18,6/5/2026,6/6/2026 7:49,1781208852,20:01.8,rem
Josh,6/10/2026 9:18,6/5/2026,6/6/2026 7:50,1781208852,20:01.9,rem
Josh,6/10/2026 9:18,6/5/2026,6/6/2026 7:51,1781208852,20:02.1,rem
Josh,6/10/2026 9:18,6/5/2026,6/6/2026 7:52,1781208852,20:02.3,rem
Josh,6/10/2026 9:18,6/5/2026,6/6/2026 7:53,1781208852,20:02.5,rem
Josh,6/10/2026 9:18,6/5/2026,6/6/2026 7:54,1781208852,20:02.7,rem
Josh,6/10/2026 9:18,6/5/2026,6/6/2026 7:55,1781208852,20:02.9,light
Josh,6/10/2026 9:18,6/5/2026,6/6/2026 7:56,1781208852,20:03.9,light
Josh,6/10/2026 9:18,6/5/2026,6/6/2026 7:57,1781208852,20:03.3,light
Josh,6/10/2026 9:18,6/5/2026,6/6/2026 7:58,1781208852,20:03.5,light
Josh,6/10/2026 9:18,6/5/2026,6/6/2026 7:59,1781208852,20:03.7,light
Josh,6/10/2026 9:18,6/5/2026,6/6/2026 8:00,1781208852,20:03.9,light
Josh,6/10/2026 9:18,6/5/2026,6/6/2026 8:01,1781208852,20:04.4,light
Josh,6/10/2026 9:18,6/5/2026,6/6/2026 8:02,1781208852,20:04.2,light
Josh,6/10/2026 9:18,6/5/2026,6/6/2026 8:03,1781208852,20:04.4,light
Josh,6/10/2026 9:18,6/5/2026,6/6/2026 8:04,1781208852,20:04.6,light
Josh,6/10/2026 9:18,6/5/2026,6/6/2026 8:05,1781208852,20:04.8,light
Josh,6/10/2026 9:18,6/5/2026,6/6/2026 8:06,1781208852,6/10/2026 9:20,light
Josh,6/10/2026 9:18,6/5/2026,6/6/2026 8:07,1781208852,20:05.2,light
Josh,6/10/2026 9:18,6/5/2026,6/6/2026 8:08,1781208852,20:05.4,light
Josh,6/10/2026 9:18,6/5/2026,6/6/2026 8:09,1781208852,20:05.6,light
Josh,6/10/2026 9:18,6/5/2026,6/6/2026 8:10,1781208852,20:05.8,light
Josh,6/10/2026 9:18,6/5/2026,6/6/2026 8:11,1781208852,20:06.0,light
Josh,6/10/2026 9:18,6/5/2026,6/6/2026 8:12,1781208852,20:06.1,deep
Josh,6/10/2026 9:18,6/5/2026,6/6/2026 8:13,1781208852,20:06.3,deep
Josh,6/10/2026 9:18,6/5/2026,6/6/2026 8:14,1781208852,20:06.5,deep
Josh,6/10/2026 9:18,6/5/2026,6/6/2026 8:15,1781208852,20:06.7,deep
Josh,6/10/2026 9:18,6/5/2026,6/6/2026 8:16,1781208852,20:06.9,deep
Josh,6/10/2026 9:18,6/5/2026,6/6/2026 8:17,1781208852,20:07.1,deep
Josh,6/10/2026 9:18,6/5/2026,6/6/2026 8:18,1781208852,20:07.3,deep
Josh,6/10/2026 9:18,6/5/2026,6/6/2026 8:19,1781208852,20:07.5,deep
Josh,6/10/2026 9:18,6/5/2026,6/6/2026 8:20,1781208852,20:07.7,deep
Josh,6/10/2026 9:18,6/5/2026,6/6/2026 8:21,1781208852,20:07.9,deep
Josh,6/10/2026 9:16,6/6/2026,6/6/2026 23:34,1781209361,6/10/2026 9:16,light
Josh,6/10/2026 9:16,6/6/2026,6/6/2026 23:35,1781209361,16:24.2,light
Josh,6/10/2026 9:16,6/6/2026,6/6/2026 23:36,1781209361,16:24.4,light
Josh,6/10/2026 9:16,6/6/2026,6/6/2026 23:37,1781209361,16:24.6,light
Josh,6/10/2026 9:16,6/6/2026,6/6/2026 23:38,1781209361,16:24.8,light
Josh,6/10/2026 9:16,6/6/2026,6/6/2026 23:39,1781209361,16:25.0,light
Josh,6/10/2026 9:16,6/6/2026,6/6/2026 23:40,1781209361,16:25.1,light
Josh,6/10/2026 9:16,6/6/2026,6/6/2026 23:41,1781209361,16:25.3,light
Josh,6/10/2026 9:16,6/6/2026,6/6/2026 23:42,1781209361,16:25.5,light
Josh,6/10/2026 9:16,6/6/2026,6/6/2026 23:43,1781209361,16:25.7,light
Josh,6/10/2026 9:16,6/6/2026,6/6/2026 23:44,1781209361,16:25.9,light
Josh,6/10/2026 9:16,6/6/2026,6/6/2026 23:45,1781209361,16:26.9,light
Josh,6/10/2026 9:16,6/6/2026,6/6/2026 23:46,1781209361,16:26.3,light
Josh,6/10/2026 9:16,6/6/2026,6/6/2026 23:47,1781209361,16:26.5,light
Josh,6/10/2026 9:16,6/6/2026,6/6/2026 23:48,1781209361,16:26.7,light
Josh,6/10/2026 9:16,6/6/2026,6/6/2026 23:49,1781209361,16:26.9,light
Josh,6/10/2026 9:16,6/6/2026,6/6/2026 23:50,1781209361,16:27.4,deep
Josh,6/10/2026 9:16,6/6/2026,6/6/2026 23:51,1781209361,16:27.2,deep
Josh,6/10/2026 9:16,6/6/2026,6/6/2026 23:52,1781209361,16:27.4,deep
Josh,6/10/2026 9:16,6/6/2026,6/6/2026 23:53,1781209361,16:27.6,deep
Josh,6/10/2026 9:16,6/6/2026,6/6/2026 23:54,1781209361,16:27.8,deep
Josh,6/10/2026 9:16,6/6/2026,6/6/2026 23:55,1781209361,16:28.0,deep
Josh,6/10/2026 9:16,6/6/2026,6/6/2026 23:56,1781209361,16:28.2,deep
Josh,6/10/2026 9:16,6/6/2026,6/6/2026 23:57,1781209361,16:28.4,deep
Josh,6/10/2026 9:16,6/6/2026,6/6/2026 23:58,1781209361,16:28.6,deep
Josh,6/10/2026 9:16,6/6/2026,6/6/2026 23:59,1781209361,16:28.8,deep
Josh,6/10/2026 9:16,6/6/2026,6/7/2026 0:00,1781209361,16:28.9,deep
Josh,6/10/2026 9:16,6/6/2026,6/7/2026 0:01,1781209361,16:29.1,deep
Josh,6/10/2026 9:16,6/6/2026,6/7/2026 0:02,1781209361,16:29.3,deep
Josh,6/10/2026 9:16,6/6/2026,6/7/2026 0:03,1781209361,16:29.5,deep
Josh,6/10/2026 9:16,6/6/2026,6/7/2026 0:04,1781209361,16:29.7,deep
Josh,6/10/2026 9:16,6/6/2026,6/7/2026 0:05,1781209361,16:29.9,deep
Josh,6/10/2026 9:16,6/6/2026,6/7/2026 0:06,1781209361,16:30.9,deep
Josh,6/10/2026 9:16,6/6/2026,6/7/2026 0:07,1781209361,16:30.3,deep
Josh,6/10/2026 9:16,6/6/2026,6/7/2026 0:08,1781209361,16:30.5,deep
Josh,6/10/2026 9:16,6/6/2026,6/7/2026 0:09,1781209361,16:30.7,deep
Josh,6/10/2026 9:16,6/6/2026,6/7/2026 0:10,1781209361,16:30.8,deep
Josh,6/10/2026 9:16,6/6/2026,6/7/2026 0:11,1781209361,16:31.4,deep
Josh,6/10/2026 9:16,6/6/2026,6/7/2026 0:12,1781209361,16:31.2,deep
Josh,6/10/2026 9:16,6/6/2026,6/7/2026 0:13,1781209361,16:31.4,deep
Josh,6/10/2026 9:16,6/6/2026,6/7/2026 0:14,1781209361,16:31.6,deep
Josh,6/10/2026 9:16,6/6/2026,6/7/2026 0:15,1781209361,16:31.8,deep
Josh,6/10/2026 9:16,6/6/2026,6/7/2026 0:16,1781209361,16:32.0,deep
Josh,6/10/2026 9:16,6/6/2026,6/7/2026 0:17,1781209361,16:32.2,deep
Josh,6/10/2026 9:16,6/6/2026,6/7/2026 0:18,1781209361,16:32.4,deep
Josh,6/10/2026 9:16,6/6/2026,6/7/2026 0:19,1781209361,16:32.6,deep
Josh,6/10/2026 9:16,6/6/2026,6/7/2026 0:20,1781209361,16:32.7,deep
Josh,6/10/2026 9:16,6/6/2026,6/7/2026 0:21,1781209361,16:32.9,deep
Josh,6/10/2026 9:16,6/6/2026,6/7/2026 0:22,1781209361,16:33.1,light
Josh,6/10/2026 9:16,6/6/2026,6/7/2026 0:23,1781209361,16:33.3,light
Josh,6/10/2026 9:16,6/6/2026,6/7/2026 0:24,1781209361,16:33.5,light
Josh,6/10/2026 9:16,6/6/2026,6/7/2026 0:25,1781209361,16:33.7,light
Josh,6/10/2026 9:16,6/6/2026,6/7/2026 0:26,1781209361,16:33.9,light
Josh,6/10/2026 9:16,6/6/2026,6/7/2026 0:27,1781209361,16:34.8,light
Josh,6/10/2026 9:16,6/6/2026,6/7/2026 0:28,1781209361,16:34.3,light
Josh,6/10/2026 9:16,6/6/2026,6/7/2026 0:29,1781209361,16:34.5,light
Josh,6/10/2026 9:16,6/6/2026,6/7/2026 0:30,1781209361,16:34.7,light
Josh,6/10/2026 9:16,6/6/2026,6/7/2026 0:31,1781209361,16:34.8,light
Josh,6/10/2026 9:16,6/6/2026,6/7/2026 0:32,1781209361,16:35.3,rem
Josh,6/10/2026 9:16,6/6/2026,6/7/2026 0:33,1781209361,16:35.2,rem
Josh,6/10/2026 9:16,6/6/2026,6/7/2026 0:34,1781209361,16:35.4,rem
Josh,6/10/2026 9:16,6/6/2026,6/7/2026 0:35,1781209361,16:35.6,rem
Josh,6/10/2026 9:16,6/6/2026,6/7/2026 0:36,1781209361,16:35.8,rem
Josh,6/10/2026 9:16,6/6/2026,6/7/2026 0:37,1781209361,16:36.0,rem
Josh,6/10/2026 9:16,6/6/2026,6/7/2026 0:38,1781209361,16:36.2,rem
Josh,6/10/2026 9:16,6/6/2026,6/7/2026 0:39,1781209361,16:36.4,rem
Josh,6/10/2026 9:16,6/6/2026,6/7/2026 0:40,1781209361,16:36.6,rem
Josh,6/10/2026 9:16,6/6/2026,6/7/2026 0:41,1781209361,16:36.7,rem
Josh,6/10/2026 9:16,6/6/2026,6/7/2026 0:42,1781209361,16:36.9,rem
Josh,6/10/2026 9:16,6/6/2026,6/7/2026 0:43,1781209361,16:37.1,rem
Josh,6/10/2026 9:16,6/6/2026,6/7/2026 0:44,1781209361,16:37.3,rem
Josh,6/10/2026 9:16,6/6/2026,6/7/2026 0:45,1781209361,16:37.5,light
Josh,6/10/2026 9:16,6/6/2026,6/7/2026 0:46,1781209361,16:37.7,light
Josh,6/10/2026 9:16,6/6/2026,6/7/2026 0:47,1781209361,16:37.9,light
Josh,6/10/2026 9:16,6/6/2026,6/7/2026 0:48,1781209361,16:38.7,light
Josh,6/10/2026 9:16,6/6/2026,6/7/2026 0:49,1781209361,16:38.3,light
Josh,6/10/2026 9:16,6/6/2026,6/7/2026 0:50,1781209361,16:38.5,light
Josh,6/10/2026 9:16,6/6/2026,6/7/2026 0:51,1781209361,16:38.6,light
Josh,6/10/2026 9:16,6/6/2026,6/7/2026 0:52,1781209361,16:38.8,light
Josh,6/10/2026 9:16,6/6/2026,6/7/2026 0:53,1781209361,16:39.3,light
Josh,6/10/2026 9:16,6/6/2026,6/7/2026 0:54,1781209361,16:39.2,light
Josh,6/10/2026 9:16,6/6/2026,6/7/2026 0:55,1781209361,16:39.4,light
Josh,6/10/2026 9:16,6/6/2026,6/7/2026 0:56,1781209361,16:39.6,light
Josh,6/10/2026 9:16,6/6/2026,6/7/2026 0:57,1781209361,16:39.8,light
Josh,6/10/2026 9:16,6/6/2026,6/7/2026 0:58,1781209361,16:40.0,light
Josh,6/10/2026 9:16,6/6/2026,6/7/2026 0:59,1781209361,16:40.2,light
Josh,6/10/2026 9:16,6/6/2026,6/7/2026 1:00,1781209361,16:40.4,light
Josh,6/10/2026 9:16,6/6/2026,6/7/2026 1:01,1781209361,16:40.5,deep
Josh,6/10/2026 9:16,6/6/2026,6/7/2026 1:02,1781209361,16:40.7,deep
Josh,6/10/2026 9:16,6/6/2026,6/7/2026 1:03,1781209361,16:40.9,deep
Josh,6/10/2026 9:16,6/6/2026,6/7/2026 1:04,1781209361,16:41.1,deep
Josh,6/10/2026 9:16,6/6/2026,6/7/2026 1:05,1781209361,16:41.3,deep
Josh,6/10/2026 9:16,6/6/2026,6/7/2026 1:06,1781209361,16:41.5,deep
Josh,6/10/2026 9:16,6/6/2026,6/7/2026 1:07,1781209361,16:41.7,deep
Josh,6/10/2026 9:16,6/6/2026,6/7/2026 1:08,1781209361,16:41.9,deep
Josh,6/10/2026 9:16,6/6/2026,6/7/2026 1:09,1781209361,16:42.7,deep
Josh,6/10/2026 9:16,6/6/2026,6/7/2026 1:10,1781209361,16:42.3,deep
Josh,6/10/2026 9:16,6/6/2026,6/7/2026 1:11,1781209361,16:42.4,deep
Josh,6/10/2026 9:16,6/6/2026,6/7/2026 1:12,1781209361,16:42.6,deep
Josh,6/10/2026 9:16,6/6/2026,6/7/2026 1:13,1781209361,16:42.8,deep
Josh,6/10/2026 9:16,6/6/2026,6/7/2026 1:14,1781209361,16:43.2,deep
Josh,6/10/2026 9:16,6/6/2026,6/7/2026 1:15,1781209361,16:43.2,deep
Josh,6/10/2026 9:16,6/6/2026,6/7/2026 1:16,1781209361,16:43.4,deep
Josh,6/10/2026 9:16,6/6/2026,6/7/2026 1:17,1781209361,16:43.6,deep
Josh,6/10/2026 9:16,6/6/2026,6/7/2026 1:18,1781209361,16:43.8,deep
Josh,6/10/2026 9:16,6/6/2026,6/7/2026 1:19,1781209361,16:44.0,deep
Josh,6/10/2026 9:16,6/6/2026,6/7/2026 1:20,1781209361,16:44.2,deep
Josh,6/10/2026 9:16,6/6/2026,6/7/2026 1:21,1781209361,16:44.4,deep
Josh,6/10/2026 9:16,6/6/2026,6/7/2026 1:22,1781209361,16:44.5,deep
Josh,6/10/2026 9:16,6/6/2026,6/7/2026 1:23,1781209361,16:44.7,deep
Josh,6/10/2026 9:16,6/6/2026,6/7/2026 1:24,1781209361,16:44.9,deep
Josh,6/10/2026 9:16,6/6/2026,6/7/2026 1:25,1781209361,16:45.1,deep
Josh,6/10/2026 9:16,6/6/2026,6/7/2026 1:26,1781209361,16:45.3,deep
Josh,6/10/2026 9:16,6/6/2026,6/7/2026 1:27,1781209361,16:45.5,deep
Josh,6/10/2026 9:16,6/6/2026,6/7/2026 1:28,1781209361,16:45.7,deep
Josh,6/10/2026 9:16,6/6/2026,6/7/2026 1:29,1781209361,16:45.9,deep
Josh,6/10/2026 9:16,6/6/2026,6/7/2026 1:30,1781209361,16:46.6,deep
Josh,6/10/2026 9:16,6/6/2026,6/7/2026 1:31,1781209361,16:46.3,light
Josh,6/10/2026 9:16,6/6/2026,6/7/2026 1:32,1781209361,16:46.4,light
Josh,6/10/2026 9:16,6/6/2026,6/7/2026 1:33,1781209361,16:46.6,light
Josh,6/10/2026 9:16,6/6/2026,6/7/2026 1:34,1781209361,16:46.8,light
Josh,6/10/2026 9:16,6/6/2026,6/7/2026 1:35,1781209361,16:47.1,light
Josh,6/10/2026 9:16,6/6/2026,6/7/2026 1:36,1781209361,16:47.2,light
Josh,6/10/2026 9:16,6/6/2026,6/7/2026 1:37,1781209361,16:47.4,light
Josh,6/10/2026 9:16,6/6/2026,6/7/2026 1:38,1781209361,16:47.6,rem
Josh,6/10/2026 9:16,6/6/2026,6/7/2026 1:39,1781209361,16:47.8,rem
Josh,6/10/2026 9:16,6/6/2026,6/7/2026 1:40,1781209361,16:48.0,rem
Josh,6/10/2026 9:16,6/6/2026,6/7/2026 1:41,1781209361,16:48.2,rem
Josh,6/10/2026 9:16,6/6/2026,6/7/2026 1:42,1781209361,16:48.3,rem
Josh,6/10/2026 9:16,6/6/2026,6/7/2026 1:43,1781209361,16:48.5,rem
Josh,6/10/2026 9:16,6/6/2026,6/7/2026 1:44,1781209361,16:48.7,rem
Josh,6/10/2026 9:16,6/6/2026,6/7/2026 1:45,1781209361,16:48.9,rem
Josh,6/10/2026 9:16,6/6/2026,6/7/2026 1:46,1781209361,16:49.1,rem
Josh,6/10/2026 9:16,6/6/2026,6/7/2026 1:47,1781209361,16:49.3,rem
Josh,6/10/2026 9:16,6/6/2026,6/7/2026 1:48,1781209361,16:49.5,light
Josh,6/10/2026 9:16,6/6/2026,6/7/2026 1:49,1781209361,16:49.7,light
Josh,6/10/2026 9:16,6/6/2026,6/7/2026 1:50,1781209361,16:49.9,light
Josh,6/10/2026 9:16,6/6/2026,6/7/2026 1:51,1781209361,16:50.6,light
Josh,6/10/2026 9:16,6/6/2026,6/7/2026 1:52,1781209361,16:50.2,light
Josh,6/10/2026 9:16,6/6/2026,6/7/2026 1:53,1781209361,16:50.4,light
Josh,6/10/2026 9:16,6/6/2026,6/7/2026 1:54,1781209361,16:50.6,light
Josh,6/10/2026 9:16,6/6/2026,6/7/2026 1:55,1781209361,16:50.8,light
Josh,6/10/2026 9:16,6/6/2026,6/7/2026 1:56,1781209361,16:51.9,light
Josh,6/10/2026 9:16,6/6/2026,6/7/2026 1:57,1781209361,16:51.2,light
Josh,6/10/2026 9:16,6/6/2026,6/7/2026 1:58,1781209361,16:51.4,light
Josh,6/10/2026 9:16,6/6/2026,6/7/2026 1:59,1781209361,16:51.6,light
Josh,6/10/2026 9:16,6/6/2026,6/7/2026 2:00,1781209361,16:51.8,light
Josh,6/10/2026 9:16,6/6/2026,6/7/2026 2:01,1781209361,16:52.0,light
Josh,6/10/2026 9:16,6/6/2026,6/7/2026 2:02,1781209361,16:52.1,light
Josh,6/10/2026 9:16,6/6/2026,6/7/2026 2:03,1781209361,16:52.3,light
Josh,6/10/2026 9:16,6/6/2026,6/7/2026 2:04,1781209361,16:52.5,light
Josh,6/10/2026 9:16,6/6/2026,6/7/2026 2:05,1781209361,16:52.7,light
Josh,6/10/2026 9:16,6/6/2026,6/7/2026 2:06,1781209361,16:52.9,light
Josh,6/10/2026 9:16,6/6/2026,6/7/2026 2:07,1781209361,16:53.1,light
Josh,6/10/2026 9:16,6/6/2026,6/7/2026 2:08,1781209361,16:53.3,light
Josh,6/10/2026 9:16,6/6/2026,6/7/2026 2:09,1781209361,16:53.5,light
Josh,6/10/2026 9:16,6/6/2026,6/7/2026 2:10,1781209361,16:53.7,deep
Josh,6/10/2026 9:16,6/6/2026,6/7/2026 2:11,1781209361,16:53.9,deep
Josh,6/10/2026 9:16,6/6/2026,6/7/2026 2:12,1781209361,16:54.5,deep
Josh,6/10/2026 9:16,6/6/2026,6/7/2026 2:13,1781209361,16:54.2,deep
Josh,6/10/2026 9:16,6/6/2026,6/7/2026 2:14,1781209361,16:54.4,deep
Josh,6/10/2026 9:16,6/6/2026,6/7/2026 2:15,1781209361,16:54.6,deep
Josh,6/10/2026 9:16,6/6/2026,6/7/2026 2:16,1781209361,16:54.8,deep
Josh,6/10/2026 9:16,6/6/2026,6/7/2026 2:17,1781209361,16:55.3,deep
Josh,6/10/2026 9:16,6/6/2026,6/7/2026 2:18,1781209361,16:55.2,deep
Josh,6/10/2026 9:16,6/6/2026,6/7/2026 2:19,1781209361,16:55.4,deep
Josh,6/10/2026 9:16,6/6/2026,6/7/2026 2:20,1781209361,16:55.6,deep
Josh,6/10/2026 9:16,6/6/2026,6/7/2026 2:21,1781209361,16:55.8,deep
Josh,6/10/2026 9:16,6/6/2026,6/7/2026 2:22,1781209361,16:56.0,deep
Josh,6/10/2026 9:16,6/6/2026,6/7/2026 2:23,1781209361,16:56.1,deep
Josh,6/10/2026 9:16,6/6/2026,6/7/2026 2:24,1781209361,16:56.3,deep
Josh,6/10/2026 9:16,6/6/2026,6/7/2026 2:25,1781209361,16:56.5,deep
Josh,6/10/2026 9:16,6/6/2026,6/7/2026 2:26,1781209361,16:56.7,deep
Josh,6/10/2026 9:16,6/6/2026,6/7/2026 2:27,1781209361,16:56.9,deep
Josh,6/10/2026 9:16,6/6/2026,6/7/2026 2:28,1781209361,16:57.9,deep
Josh,6/10/2026 9:16,6/6/2026,6/7/2026 2:29,1781209361,16:57.3,deep
Josh,6/10/2026 9:16,6/6/2026,6/7/2026 2:30,1781209361,16:57.5,deep
Josh,6/10/2026 9:16,6/6/2026,6/7/2026 2:31,1781209361,16:57.7,deep
Josh,6/10/2026 9:16,6/6/2026,6/7/2026 2:32,1781209361,16:57.9,deep
Josh,6/10/2026 9:16,6/6/2026,6/7/2026 2:33,1781209361,16:58.5,deep
Josh,6/10/2026 9:16,6/6/2026,6/7/2026 2:34,1781209361,16:58.2,deep
Josh,6/10/2026 9:16,6/6/2026,6/7/2026 2:35,1781209361,16:58.4,deep
Josh,6/10/2026 9:16,6/6/2026,6/7/2026 2:36,1781209361,16:58.6,deep
Josh,6/10/2026 9:16,6/6/2026,6/7/2026 2:37,1781209361,16:58.8,deep
Josh,6/10/2026 9:16,6/6/2026,6/7/2026 2:38,1781209361,16:59.0,deep
Josh,6/10/2026 9:16,6/6/2026,6/7/2026 2:39,1781209361,16:59.2,light
Josh,6/10/2026 9:16,6/6/2026,6/7/2026 2:40,1781209361,16:59.4,light
Josh,6/10/2026 9:16,6/6/2026,6/7/2026 2:41,1781209361,16:59.6,light
Josh,6/10/2026 9:16,6/6/2026,6/7/2026 2:42,1781209361,16:59.8,light
Josh,6/10/2026 9:16,6/6/2026,6/7/2026 2:43,1781209361,16:59.9,light
Josh,6/10/2026 9:16,6/6/2026,6/7/2026 2:44,1781209361,17:00.1,light
Josh,6/10/2026 9:16,6/6/2026,6/7/2026 2:45,1781209361,17:00.3,light
Josh,6/10/2026 9:16,6/6/2026,6/7/2026 2:46,1781209361,17:00.5,light
Josh,6/10/2026 9:16,6/6/2026,6/7/2026 2:47,1781209361,17:00.7,light
Josh,6/10/2026 9:16,6/6/2026,6/7/2026 2:48,1781209361,17:00.9,light
Josh,6/10/2026 9:16,6/6/2026,6/7/2026 2:49,1781209361,17:01.9,rem
Josh,6/10/2026 9:16,6/6/2026,6/7/2026 2:50,1781209361,17:01.3,rem
Josh,6/10/2026 9:16,6/6/2026,6/7/2026 2:51,1781209361,17:01.5,rem
Josh,6/10/2026 9:16,6/6/2026,6/7/2026 2:52,1781209361,17:01.7,rem
Josh,6/10/2026 9:16,6/6/2026,6/7/2026 2:53,1781209361,17:01.8,rem
Josh,6/10/2026 9:16,6/6/2026,6/7/2026 2:54,1781209361,17:02.4,rem
Josh,6/10/2026 9:16,6/6/2026,6/7/2026 2:55,1781209361,17:02.2,rem
Josh,6/10/2026 9:16,6/6/2026,6/7/2026 2:56,1781209361,17:02.4,rem
Josh,6/10/2026 9:16,6/6/2026,6/7/2026 2:57,1781209361,17:02.6,rem
Josh,6/10/2026 9:16,6/6/2026,6/7/2026 2:58,1781209361,17:02.8,rem
Josh,6/10/2026 9:16,6/6/2026,6/7/2026 2:59,1781209361,17:03.0,rem
Josh,6/10/2026 9:16,6/6/2026,6/7/2026 3:00,1781209361,17:03.2,rem
Josh,6/10/2026 9:16,6/6/2026,6/7/2026 3:01,1781209361,17:03.4,rem
Josh,6/10/2026 9:16,6/6/2026,6/7/2026 3:02,1781209361,17:03.6,light
Josh,6/10/2026 9:16,6/6/2026,6/7/2026 3:03,1781209361,17:03.8,light
Josh,6/10/2026 9:16,6/6/2026,6/7/2026 3:04,1781209361,17:03.9,light
Josh,6/10/2026 9:16,6/6/2026,6/7/2026 3:05,1781209361,17:04.1,light
Josh,6/10/2026 9:16,6/6/2026,6/7/2026 3:06,1781209361,17:04.3,light
Josh,6/10/2026 9:16,6/6/2026,6/7/2026 3:07,1781209361,17:04.5,light
Josh,6/10/2026 9:16,6/6/2026,6/7/2026 3:08,1781209361,17:04.7,light
Josh,6/10/2026 9:16,6/6/2026,6/7/2026 3:09,1781209361,17:04.9,light
Josh,6/10/2026 9:16,6/6/2026,6/7/2026 3:10,1781209361,17:05.8,light
Josh,6/10/2026 9:16,6/6/2026,6/7/2026 3:11,1781209361,17:05.3,light
Josh,6/10/2026 9:16,6/6/2026,6/7/2026 3:12,1781209361,17:05.5,light
Josh,6/10/2026 9:16,6/6/2026,6/7/2026 3:13,1781209361,17:05.7,light
Josh,6/10/2026 9:16,6/6/2026,6/7/2026 3:14,1781209361,17:05.8,light
Josh,6/10/2026 9:16,6/6/2026,6/7/2026 3:15,1781209361,17:06.4,light
Josh,6/10/2026 9:16,6/6/2026,6/7/2026 3:16,1781209361,17:06.2,light
Josh,6/10/2026 9:16,6/6/2026,6/7/2026 3:17,1781209361,17:06.4,deep
Josh,6/10/2026 9:16,6/6/2026,6/7/2026 3:18,1781209361,17:06.6,deep
Josh,6/10/2026 9:16,6/6/2026,6/7/2026 3:19,1781209361,17:06.8,deep
Josh,6/10/2026 9:16,6/6/2026,6/7/2026 3:20,1781209361,17:07.0,deep
Josh,6/10/2026 9:16,6/6/2026,6/7/2026 3:21,1781209361,17:07.2,deep
Josh,6/10/2026 9:16,6/6/2026,6/7/2026 3:22,1781209361,17:07.4,deep
Josh,6/10/2026 9:16,6/6/2026,6/7/2026 3:23,1781209361,17:07.6,deep
Josh,6/10/2026 9:16,6/6/2026,6/7/2026 3:24,1781209361,17:07.7,deep
Josh,6/10/2026 9:16,6/6/2026,6/7/2026 3:25,1781209361,17:07.9,deep
Josh,6/10/2026 9:16,6/6/2026,6/7/2026 3:26,1781209361,17:08.1,deep
Josh,6/10/2026 9:16,6/6/2026,6/7/2026 3:27,1781209361,17:08.3,deep
Josh,6/10/2026 9:16,6/6/2026,6/7/2026 3:28,1781209361,17:08.5,deep
Josh,6/10/2026 9:16,6/6/2026,6/7/2026 3:29,1781209361,17:08.7,deep
Josh,6/10/2026 9:16,6/6/2026,6/7/2026 3:30,1781209361,17:08.9,deep
Josh,6/10/2026 9:16,6/6/2026,6/7/2026 3:31,1781209361,17:09.8,deep
Josh,6/10/2026 9:16,6/6/2026,6/7/2026 3:32,1781209361,17:09.3,deep
Josh,6/10/2026 9:16,6/6/2026,6/7/2026 3:33,1781209361,17:09.5,deep
Josh,6/10/2026 9:16,6/6/2026,6/7/2026 3:34,1781209361,17:09.6,deep
Josh,6/10/2026 9:16,6/6/2026,6/7/2026 3:35,1781209361,17:09.8,light
Josh,6/10/2026 9:16,6/6/2026,6/7/2026 3:36,1781209361,17:10.3,light
Josh,6/10/2026 9:16,6/6/2026,6/7/2026 3:37,1781209361,17:10.2,light
Josh,6/10/2026 9:16,6/6/2026,6/7/2026 3:38,1781209361,17:10.4,light
Josh,6/10/2026 9:16,6/6/2026,6/7/2026 3:39,1781209361,17:10.6,light
Josh,6/10/2026 9:16,6/6/2026,6/7/2026 3:40,1781209361,17:10.8,light
Josh,6/10/2026 9:16,6/6/2026,6/7/2026 3:41,1781209361,17:11.0,light
Josh,6/10/2026 9:16,6/6/2026,6/7/2026 3:42,1781209361,17:11.2,light
Josh,6/10/2026 9:16,6/6/2026,6/7/2026 3:43,1781209361,17:11.4,rem
Josh,6/10/2026 9:16,6/6/2026,6/7/2026 3:44,1781209361,17:11.6,rem
Josh,6/10/2026 9:16,6/6/2026,6/7/2026 3:45,1781209361,17:11.7,rem
Josh,6/10/2026 9:16,6/6/2026,6/7/2026 3:46,1781209361,17:11.9,rem
Josh,6/10/2026 9:16,6/6/2026,6/7/2026 3:47,1781209361,17:12.1,rem
Josh,6/10/2026 9:16,6/6/2026,6/7/2026 3:48,1781209361,17:12.3,rem
Josh,6/10/2026 9:16,6/6/2026,6/7/2026 3:49,1781209361,17:12.5,rem
Josh,6/10/2026 9:16,6/6/2026,6/7/2026 3:50,1781209361,17:12.7,rem
Josh,6/10/2026 9:16,6/6/2026,6/7/2026 3:51,1781209361,17:12.9,rem
Josh,6/10/2026 9:16,6/6/2026,6/7/2026 3:52,1781209361,17:13.7,rem
Josh,6/10/2026 9:16,6/6/2026,6/7/2026 3:53,1781209361,17:13.3,rem
Josh,6/10/2026 9:16,6/6/2026,6/7/2026 3:54,1781209361,17:13.5,rem
Josh,6/10/2026 9:16,6/6/2026,6/7/2026 3:55,1781209361,17:13.6,rem
Josh,6/10/2026 9:16,6/6/2026,6/7/2026 3:56,1781209361,17:13.8,rem
Josh,6/10/2026 9:16,6/6/2026,6/7/2026 3:57,1781209361,17:14.2,rem
Josh,6/10/2026 9:16,6/6/2026,6/7/2026 3:58,1781209361,17:14.2,rem
Josh,6/10/2026 9:16,6/6/2026,6/7/2026 3:59,1781209361,17:14.4,rem
Josh,6/10/2026 9:16,6/6/2026,6/7/2026 4:00,1781209361,17:14.6,rem
Josh,6/10/2026 9:16,6/6/2026,6/7/2026 4:01,1781209361,17:14.8,light
Josh,6/10/2026 9:16,6/6/2026,6/7/2026 4:02,1781209361,17:15.0,light
Josh,6/10/2026 9:16,6/6/2026,6/7/2026 4:03,1781209361,17:15.2,light
Josh,6/10/2026 9:16,6/6/2026,6/7/2026 4:04,1781209361,17:15.4,light
Josh,6/10/2026 9:16,6/6/2026,6/7/2026 4:05,1781209361,17:15.5,light
Josh,6/10/2026 9:16,6/6/2026,6/7/2026 4:06,1781209361,17:15.7,light
Josh,6/10/2026 9:16,6/6/2026,6/7/2026 4:07,1781209361,17:15.9,light
Josh,6/10/2026 9:16,6/6/2026,6/7/2026 4:08,1781209361,17:16.1,light
Josh,6/10/2026 9:16,6/6/2026,6/7/2026 4:09,1781209361,17:16.3,light
Josh,6/10/2026 9:16,6/6/2026,6/7/2026 4:10,1781209361,17:16.5,light
Josh,6/10/2026 9:16,6/6/2026,6/7/2026 4:11,1781209361,17:16.7,light
Josh,6/10/2026 9:16,6/6/2026,6/7/2026 4:12,1781209361,17:16.9,light
Josh,6/10/2026 9:16,6/6/2026,6/7/2026 4:13,1781209361,17:17.7,light
Josh,6/10/2026 9:16,6/6/2026,6/7/2026 4:14,1781209361,17:17.3,light
Josh,6/10/2026 9:16,6/6/2026,6/7/2026 4:15,1781209361,17:17.4,light
Josh,6/10/2026 9:16,6/6/2026,6/7/2026 4:16,1781209361,17:17.6,light
Josh,6/10/2026 9:16,6/6/2026,6/7/2026 4:17,1781209361,17:17.8,light
Josh,6/10/2026 9:16,6/6/2026,6/7/2026 4:18,1781209361,17:18.2,light
Josh,6/10/2026 9:16,6/6/2026,6/7/2026 4:19,1781209361,17:18.2,light
Josh,6/10/2026 9:16,6/6/2026,6/7/2026 4:20,1781209361,17:18.4,light
Josh,6/10/2026 9:16,6/6/2026,6/7/2026 4:21,1781209361,17:18.6,light
Josh,6/10/2026 9:16,6/6/2026,6/7/2026 4:22,1781209361,17:18.8,light
Josh,6/10/2026 9:16,6/6/2026,6/7/2026 4:23,1781209361,17:19.0,light
Josh,6/10/2026 9:16,6/6/2026,6/7/2026 4:24,1781209361,17:19.2,deep
Josh,6/10/2026 9:16,6/6/2026,6/7/2026 4:25,1781209361,17:19.3,deep
Josh,6/10/2026 9:16,6/6/2026,6/7/2026 4:26,1781209361,17:19.5,deep
Josh,6/10/2026 9:16,6/6/2026,6/7/2026 4:27,1781209361,17:19.7,deep
Josh,6/10/2026 9:16,6/6/2026,6/7/2026 4:28,1781209361,17:19.9,deep
Josh,6/10/2026 9:16,6/6/2026,6/7/2026 4:29,1781209361,17:20.1,deep
Josh,6/10/2026 9:16,6/6/2026,6/7/2026 4:30,1781209361,17:20.3,deep
Josh,6/10/2026 9:16,6/6/2026,6/7/2026 4:31,1781209361,17:20.5,deep
Josh,6/10/2026 9:16,6/6/2026,6/7/2026 4:32,1781209361,17:20.7,deep
Josh,6/10/2026 9:16,6/6/2026,6/7/2026 4:33,1781209361,17:20.9,deep
Josh,6/10/2026 9:16,6/6/2026,6/7/2026 4:34,1781209361,17:21.6,deep
Josh,6/10/2026 9:16,6/6/2026,6/7/2026 4:35,1781209361,17:21.3,deep
Josh,6/10/2026 9:16,6/6/2026,6/7/2026 4:36,1781209361,17:21.4,deep
Josh,6/10/2026 9:16,6/6/2026,6/7/2026 4:37,1781209361,17:21.6,deep
Josh,6/10/2026 9:16,6/6/2026,6/7/2026 4:38,1781209361,17:21.8,deep
Josh,6/10/2026 9:16,6/6/2026,6/7/2026 4:39,1781209361,17:22.1,deep
Josh,6/10/2026 9:16,6/6/2026,6/7/2026 4:40,1781209361,17:22.2,light
Josh,6/10/2026 9:16,6/6/2026,6/7/2026 4:41,1781209361,17:22.4,light
Josh,6/10/2026 9:16,6/6/2026,6/7/2026 4:42,1781209361,17:22.6,light
Josh,6/10/2026 9:16,6/6/2026,6/7/2026 4:43,1781209361,17:22.8,light
Josh,6/10/2026 9:16,6/6/2026,6/7/2026 4:44,1781209361,17:23.0,light
Josh,6/10/2026 9:16,6/6/2026,6/7/2026 4:45,1781209361,17:23.2,light
Josh,6/10/2026 9:16,6/6/2026,6/7/2026 4:46,1781209361,17:23.3,wake
Josh,6/10/2026 9:16,6/6/2026,6/7/2026 4:47,1781209361,17:23.5,rem
Josh,6/10/2026 9:16,6/6/2026,6/7/2026 4:48,1781209361,17:23.7,rem
Josh,6/10/2026 9:16,6/6/2026,6/7/2026 4:49,1781209361,17:23.9,rem
Josh,6/10/2026 9:16,6/6/2026,6/7/2026 4:50,1781209361,17:24.1,rem
Josh,6/10/2026 9:16,6/6/2026,6/7/2026 4:51,1781209361,17:24.3,rem
Josh,6/10/2026 9:16,6/6/2026,6/7/2026 4:52,1781209361,17:24.5,rem
Josh,6/10/2026 9:16,6/6/2026,6/7/2026 4:53,1781209361,17:24.7,rem
Josh,6/10/2026 9:16,6/6/2026,6/7/2026 4:54,1781209361,17:24.9,rem
Josh,6/10/2026 9:16,6/6/2026,6/7/2026 4:55,1781209361,17:25.5,rem
Josh,6/10/2026 9:16,6/6/2026,6/7/2026 4:56,1781209361,17:25.2,rem
Josh,6/10/2026 9:16,6/6/2026,6/7/2026 4:57,1781209361,17:25.4,rem
Josh,6/10/2026 9:16,6/6/2026,6/7/2026 4:58,1781209361,17:25.6,rem
Josh,6/10/2026 9:16,6/6/2026,6/7/2026 4:59,1781209361,17:25.8,rem
Josh,6/10/2026 9:16,6/6/2026,6/7/2026 5:00,1781209361,17:26.6,rem
Josh,6/10/2026 9:16,6/6/2026,6/7/2026 5:01,1781209361,17:26.2,rem
Josh,6/10/2026 9:16,6/6/2026,6/7/2026 5:02,1781209361,17:26.4,rem
Josh,6/10/2026 9:16,6/6/2026,6/7/2026 5:03,1781209361,17:26.6,rem
Josh,6/10/2026 9:16,6/6/2026,6/7/2026 5:04,1781209361,17:26.8,rem
Josh,6/10/2026 9:16,6/6/2026,6/7/2026 5:05,1781209361,17:27.0,rem
Josh,6/10/2026 9:16,6/6/2026,6/7/2026 5:06,1781209361,17:27.1,rem
Josh,6/10/2026 9:16,6/6/2026,6/7/2026 5:07,1781209361,17:27.3,rem
Josh,6/10/2026 9:16,6/6/2026,6/7/2026 5:08,1781209361,17:27.5,rem
Josh,6/10/2026 9:16,6/6/2026,6/7/2026 5:09,1781209361,17:27.7,rem
Josh,6/10/2026 9:16,6/6/2026,6/7/2026 5:10,1781209361,17:27.9,light
Josh,6/10/2026 9:16,6/6/2026,6/7/2026 5:11,1781209361,17:29.0,light
Josh,6/10/2026 9:16,6/6/2026,6/7/2026 5:12,1781209361,17:28.3,light
Josh,6/10/2026 9:16,6/6/2026,6/7/2026 5:13,1781209361,17:28.5,light
Josh,6/10/2026 9:16,6/6/2026,6/7/2026 5:14,1781209361,17:28.7,light
Josh,6/10/2026 9:16,6/6/2026,6/7/2026 5:15,1781209361,17:28.9,light
Josh,6/10/2026 9:16,6/6/2026,6/7/2026 5:16,1781209361,17:29.5,light
Josh,6/10/2026 9:16,6/6/2026,6/7/2026 5:17,1781209361,17:29.2,light
Josh,6/10/2026 9:16,6/6/2026,6/7/2026 5:18,1781209361,17:29.4,light
Josh,6/10/2026 9:16,6/6/2026,6/7/2026 5:19,1781209361,17:29.6,light
Josh,6/10/2026 9:16,6/6/2026,6/7/2026 5:20,1781209361,17:29.8,light
Josh,6/10/2026 9:16,6/6/2026,6/7/2026 5:21,1781209361,6/10/2026 9:17,light
Josh,6/10/2026 9:16,6/6/2026,6/7/2026 5:22,1781209361,17:30.2,light
Josh,6/10/2026 9:16,6/6/2026,6/7/2026 5:23,1781209361,17:30.4,light
Josh,6/10/2026 9:16,6/6/2026,6/7/2026 5:24,1781209361,17:30.6,light
Josh,6/10/2026 9:16,6/6/2026,6/7/2026 5:25,1781209361,17:30.8,light
Josh,6/10/2026 9:16,6/6/2026,6/7/2026 5:26,1781209361,17:31.0,light
Josh,6/10/2026 9:16,6/6/2026,6/7/2026 5:27,1781209361,17:31.1,light
Josh,6/10/2026 9:16,6/6/2026,6/7/2026 5:28,1781209361,17:31.3,light
Josh,6/10/2026 9:16,6/6/2026,6/7/2026 5:29,1781209361,17:31.5,light
Josh,6/10/2026 9:16,6/6/2026,6/7/2026 5:30,1781209361,17:31.7,light
Josh,6/10/2026 9:16,6/6/2026,6/7/2026 5:31,1781209361,17:31.9,light
Josh,6/10/2026 9:16,6/6/2026,6/7/2026 5:32,1781209361,17:32.9,light
Josh,6/10/2026 9:16,6/6/2026,6/7/2026 5:33,1781209361,17:32.3,deep
Josh,6/10/2026 9:16,6/6/2026,6/7/2026 5:34,1781209361,17:32.5,deep
Josh,6/10/2026 9:16,6/6/2026,6/7/2026 5:35,1781209361,17:32.7,deep
Josh,6/10/2026 9:16,6/6/2026,6/7/2026 5:36,1781209361,17:32.9,deep
Josh,6/10/2026 9:16,6/6/2026,6/7/2026 5:37,1781209361,17:33.4,deep
Josh,6/10/2026 9:16,6/6/2026,6/7/2026 5:38,1781209361,17:33.2,deep
Josh,6/10/2026 9:16,6/6/2026,6/7/2026 5:39,1781209361,17:33.4,deep
Josh,6/10/2026 9:16,6/6/2026,6/7/2026 5:40,1781209361,17:33.6,deep
Josh,6/10/2026 9:16,6/6/2026,6/7/2026 5:41,1781209361,17:33.8,deep
Josh,6/10/2026 9:16,6/6/2026,6/7/2026 5:42,1781209361,17:34.0,deep
Josh,6/10/2026 9:16,6/6/2026,6/7/2026 5:43,1781209361,17:34.2,deep
Josh,6/10/2026 9:16,6/6/2026,6/7/2026 5:44,1781209361,17:34.4,deep
Josh,6/10/2026 9:16,6/6/2026,6/7/2026 5:45,1781209361,17:34.6,light
Josh,6/10/2026 9:16,6/6/2026,6/7/2026 5:46,1781209361,17:34.8,light
Josh,6/10/2026 9:16,6/6/2026,6/7/2026 5:47,1781209361,17:34.9,light
Josh,6/10/2026 9:16,6/6/2026,6/7/2026 5:48,1781209361,17:35.1,light
Josh,6/10/2026 9:16,6/6/2026,6/7/2026 5:49,1781209361,17:35.3,light
Josh,6/10/2026 9:16,6/6/2026,6/7/2026 5:50,1781209361,17:35.5,light
Josh,6/10/2026 9:16,6/6/2026,6/7/2026 5:51,1781209361,17:35.7,light
Josh,6/10/2026 9:16,6/6/2026,6/7/2026 5:52,1781209361,17:35.9,rem
Josh,6/10/2026 9:16,6/6/2026,6/7/2026 5:53,1781209361,17:36.9,rem
Josh,6/10/2026 9:16,6/6/2026,6/7/2026 5:54,1781209361,17:36.3,rem
Josh,6/10/2026 9:16,6/6/2026,6/7/2026 5:55,1781209361,17:36.5,rem
Josh,6/10/2026 9:16,6/6/2026,6/7/2026 5:56,1781209361,17:36.7,rem
Josh,6/10/2026 9:16,6/6/2026,6/7/2026 5:57,1781209361,17:36.8,rem
Josh,6/10/2026 9:16,6/6/2026,6/7/2026 5:58,1781209361,17:37.4,rem
Josh,6/10/2026 9:16,6/6/2026,6/7/2026 5:59,1781209361,17:37.2,rem
Josh,6/10/2026 9:16,6/6/2026,6/7/2026 6:00,1781209361,17:37.4,rem
Josh,6/10/2026 9:16,6/6/2026,6/7/2026 6:01,1781209361,17:37.6,rem
Josh,6/10/2026 9:16,6/6/2026,6/7/2026 6:02,1781209361,17:37.8,rem
Josh,6/10/2026 9:16,6/6/2026,6/7/2026 6:03,1781209361,17:38.0,rem
Josh,6/10/2026 9:16,6/6/2026,6/7/2026 6:04,1781209361,17:38.2,rem
Josh,6/10/2026 9:16,6/6/2026,6/7/2026 6:05,1781209361,17:38.4,rem
Josh,6/10/2026 9:16,6/6/2026,6/7/2026 6:06,1781209361,17:38.6,rem
Josh,6/10/2026 9:16,6/6/2026,6/7/2026 6:07,1781209361,17:38.7,rem
Josh,6/10/2026 9:16,6/6/2026,6/7/2026 6:08,1781209361,17:38.9,rem
Josh,6/10/2026 9:16,6/6/2026,6/7/2026 6:09,1781209361,17:39.1,rem
Josh,6/10/2026 9:16,6/6/2026,6/7/2026 6:10,1781209361,17:39.3,rem
Josh,6/10/2026 9:16,6/6/2026,6/7/2026 6:11,1781209361,17:39.5,rem
Josh,6/10/2026 9:16,6/6/2026,6/7/2026 6:12,1781209361,17:39.7,light
Josh,6/10/2026 9:16,6/6/2026,6/7/2026 6:13,1781209361,17:39.9,light
Josh,6/10/2026 9:16,6/6/2026,6/7/2026 6:14,1781209361,17:40.8,light
Josh,6/10/2026 9:16,6/6/2026,6/7/2026 6:15,1781209361,17:40.3,light
Josh,6/10/2026 9:16,6/6/2026,6/7/2026 6:16,1781209361,17:40.5,light
Josh,6/10/2026 9:16,6/6/2026,6/7/2026 6:17,1781209361,17:40.7,light
Josh,6/10/2026 9:16,6/6/2026,6/7/2026 6:18,1781209361,17:40.8,light
Josh,6/10/2026 9:16,6/6/2026,6/7/2026 6:19,1781209361,17:41.3,light
Josh,6/10/2026 9:16,6/6/2026,6/7/2026 6:20,1781209361,17:41.2,light
Josh,6/10/2026 9:16,6/6/2026,6/7/2026 6:21,1781209361,17:41.4,light
Josh,6/10/2026 9:16,6/6/2026,6/7/2026 6:22,1781209361,17:41.6,light
Josh,6/10/2026 9:16,6/6/2026,6/7/2026 6:23,1781209361,17:41.8,light
Josh,6/10/2026 9:16,6/6/2026,6/7/2026 6:24,1781209361,17:42.0,light
Josh,6/10/2026 9:16,6/6/2026,6/7/2026 6:25,1781209361,17:42.2,light
Josh,6/10/2026 9:16,6/6/2026,6/7/2026 6:26,1781209361,17:42.4,light
Josh,6/10/2026 9:16,6/6/2026,6/7/2026 6:27,1781209361,17:42.6,light
Josh,6/10/2026 9:16,6/6/2026,6/7/2026 6:28,1781209361,17:42.7,deep
Josh,6/10/2026 9:16,6/6/2026,6/7/2026 6:29,1781209361,17:42.9,deep
Josh,6/10/2026 9:16,6/6/2026,6/7/2026 6:30,1781209361,17:43.1,deep
Josh,6/10/2026 9:16,6/6/2026,6/7/2026 6:31,1781209361,17:43.3,deep
Josh,6/10/2026 9:16,6/6/2026,6/7/2026 6:32,1781209361,17:43.5,deep
Josh,6/10/2026 9:16,6/6/2026,6/7/2026 6:33,1781209361,17:43.7,deep
Josh,6/10/2026 9:16,6/6/2026,6/7/2026 6:34,1781209361,17:43.9,deep
Josh,6/10/2026 9:16,6/6/2026,6/7/2026 6:35,1781209361,17:44.8,deep
Josh,6/10/2026 9:16,6/6/2026,6/7/2026 6:36,1781209361,17:44.3,deep
Josh,6/10/2026 9:16,6/6/2026,6/7/2026 6:37,1781209361,17:44.5,light
Josh,6/10/2026 9:16,6/6/2026,6/7/2026 6:38,1781209361,17:44.6,light
Josh,6/10/2026 9:16,6/6/2026,6/7/2026 6:39,1781209361,17:44.8,light
Josh,6/10/2026 9:16,6/6/2026,6/7/2026 6:40,1781209361,17:45.3,light
Josh,6/10/2026 9:16,6/6/2026,6/7/2026 6:41,1781209361,17:45.2,light
Josh,6/10/2026 9:16,6/6/2026,6/7/2026 6:42,1781209361,17:45.4,light
Josh,6/10/2026 9:16,6/6/2026,6/7/2026 6:43,1781209361,17:45.6,light
Josh,6/10/2026 9:16,6/6/2026,6/7/2026 6:44,1781209361,17:45.8,light
Josh,6/10/2026 9:16,6/6/2026,6/7/2026 6:45,1781209361,17:46.0,light
Josh,6/10/2026 9:16,6/6/2026,6/7/2026 6:46,1781209361,17:46.2,light
Josh,6/10/2026 9:16,6/6/2026,6/7/2026 6:47,1781209361,17:46.4,rem
Josh,6/10/2026 9:16,6/6/2026,6/7/2026 6:48,1781209361,17:46.5,rem
Josh,6/10/2026 9:16,6/6/2026,6/7/2026 6:49,1781209361,17:46.7,rem
Josh,6/10/2026 9:16,6/6/2026,6/7/2026 6:50,1781209361,17:46.9,rem
Josh,6/10/2026 9:16,6/6/2026,6/7/2026 6:51,1781209361,17:47.1,rem
Josh,6/10/2026 9:16,6/6/2026,6/7/2026 6:52,1781209361,17:47.3,rem
Josh,6/10/2026 9:16,6/6/2026,6/7/2026 6:53,1781209361,17:47.5,rem
Josh,6/10/2026 9:16,6/6/2026,6/7/2026 6:54,1781209361,17:47.7,rem
Josh,6/10/2026 9:16,6/6/2026,6/7/2026 6:55,1781209361,17:47.9,rem
Josh,6/10/2026 9:16,6/6/2026,6/7/2026 6:56,1781209361,17:48.7,rem
Josh,6/10/2026 9:16,6/6/2026,6/7/2026 6:57,1781209361,17:48.3,rem
Josh,6/10/2026 9:16,6/6/2026,6/7/2026 6:58,1781209361,17:48.4,rem
Josh,6/10/2026 9:16,6/6/2026,6/7/2026 6:59,1781209361,17:48.6,rem
Josh,6/10/2026 9:16,6/6/2026,6/7/2026 7:00,1781209361,17:48.8,rem
Josh,6/10/2026 9:16,6/6/2026,6/7/2026 7:01,1781209361,17:49.2,rem
Josh,6/10/2026 9:16,6/6/2026,6/7/2026 7:02,1781209361,17:49.2,rem
Josh,6/10/2026 9:16,6/6/2026,6/7/2026 7:03,1781209361,17:49.4,rem
Josh,6/10/2026 9:16,6/6/2026,6/7/2026 7:04,1781209361,17:49.6,rem
Josh,6/10/2026 9:16,6/6/2026,6/7/2026 7:05,1781209361,17:49.8,rem
Josh,6/10/2026 9:16,6/6/2026,6/7/2026 7:06,1781209361,17:50.0,rem
Josh,6/10/2026 9:16,6/6/2026,6/7/2026 7:07,1781209361,17:50.2,rem
Josh,6/10/2026 9:16,6/6/2026,6/7/2026 7:08,1781209361,17:50.4,rem
Josh,6/10/2026 9:16,6/6/2026,6/7/2026 7:09,1781209361,17:50.5,rem
Josh,6/10/2026 9:16,6/6/2026,6/7/2026 7:10,1781209361,17:50.7,rem
Josh,6/10/2026 9:16,6/6/2026,6/7/2026 7:11,1781209361,17:50.9,rem
Josh,6/10/2026 9:16,6/6/2026,6/7/2026 7:12,1781209361,17:51.1,rem
Josh,6/10/2026 9:16,6/6/2026,6/7/2026 7:13,1781209361,17:51.3,rem
Josh,6/10/2026 9:16,6/6/2026,6/7/2026 7:14,1781209361,17:51.5,rem
Josh,6/10/2026 9:16,6/6/2026,6/7/2026 7:15,1781209361,17:51.7,light
Josh,6/10/2026 9:16,6/6/2026,6/7/2026 7:16,1781209361,17:51.9,light
Josh,6/10/2026 9:16,6/6/2026,6/7/2026 7:17,1781209361,17:52.6,light
Josh,6/10/2026 9:16,6/6/2026,6/7/2026 7:18,1781209361,17:52.3,light
Josh,6/10/2026 9:16,6/6/2026,6/7/2026 7:19,1781209361,17:52.4,light
Josh,6/10/2026 9:16,6/6/2026,6/7/2026 7:20,1781209361,17:52.6,light
Josh,6/10/2026 9:16,6/6/2026,6/7/2026 7:21,1781209361,17:52.8,light
Josh,6/10/2026 9:16,6/6/2026,6/7/2026 7:22,1781209361,17:53.1,light
Josh,6/10/2026 9:16,6/6/2026,6/7/2026 7:23,1781209361,17:53.2,light
Josh,6/10/2026 9:16,6/6/2026,6/7/2026 7:24,1781209361,17:53.4,light
Josh,6/10/2026 9:16,6/6/2026,6/7/2026 7:25,1781209361,17:53.6,light
Josh,6/10/2026 9:16,6/6/2026,6/7/2026 7:26,1781209361,17:53.8,light
Josh,6/10/2026 9:16,6/6/2026,6/7/2026 7:27,1781209361,17:54.0,light
Josh,6/10/2026 9:16,6/6/2026,6/7/2026 7:28,1781209361,17:54.2,light
Josh,6/10/2026 9:16,6/6/2026,6/7/2026 7:29,1781209361,17:54.3,light
Josh,6/10/2026 9:16,6/6/2026,6/7/2026 7:30,1781209361,17:54.5,light
Josh,6/10/2026 9:16,6/6/2026,6/7/2026 7:31,1781209361,17:54.7,light
Josh,6/10/2026 9:16,6/6/2026,6/7/2026 7:32,1781209361,17:54.9,light
Josh,6/10/2026 9:16,6/6/2026,6/7/2026 7:33,1781209361,17:55.1,light
Josh,6/10/2026 9:16,6/6/2026,6/7/2026 7:34,1781209361,17:55.3,light
Josh,6/10/2026 9:16,6/6/2026,6/7/2026 7:35,1781209361,17:55.5,light
Josh,6/10/2026 9:16,6/6/2026,6/7/2026 7:36,1781209361,17:55.7,light
Josh,6/10/2026 9:16,6/6/2026,6/7/2026 7:37,1781209361,17:55.9,light
Josh,6/10/2026 9:16,6/6/2026,6/7/2026 7:38,1781209361,17:56.6,deep
Josh,6/10/2026 9:16,6/6/2026,6/7/2026 7:39,1781209361,17:56.2,deep
Josh,6/10/2026 9:16,6/6/2026,6/7/2026 7:40,1781209361,17:56.4,deep
Josh,6/10/2026 9:16,6/6/2026,6/7/2026 7:41,1781209361,17:56.6,deep
Josh,6/10/2026 9:16,6/6/2026,6/7/2026 7:42,1781209361,17:56.8,deep
Josh,6/10/2026 9:16,6/6/2026,6/7/2026 7:43,1781209361,17:57.1,deep
Josh,6/10/2026 9:16,6/6/2026,6/7/2026 7:44,1781209361,17:57.2,deep
Josh,6/10/2026 9:16,6/6/2026,6/7/2026 7:45,1781209361,17:57.4,deep
Josh,6/10/2026 9:16,6/6/2026,6/7/2026 7:46,1781209361,17:57.6,deep
Josh,6/10/2026 9:16,6/6/2026,6/7/2026 7:47,1781209361,17:57.8,light
Josh,6/10/2026 9:16,6/6/2026,6/7/2026 7:48,1781209361,17:58.0,light
Josh,6/10/2026 9:16,6/6/2026,6/7/2026 7:49,1781209361,17:58.2,light
Josh,6/10/2026 9:16,6/6/2026,6/7/2026 7:50,1781209361,17:58.3,light
Josh,6/10/2026 9:16,6/6/2026,6/7/2026 7:51,1781209361,17:58.5,light
Josh,6/10/2026 9:16,6/6/2026,6/7/2026 7:52,1781209361,17:58.7,light
Josh,6/10/2026 9:16,6/6/2026,6/7/2026 7:53,1781209361,17:58.9,rem
Josh,6/10/2026 9:16,6/6/2026,6/7/2026 7:54,1781209361,17:59.1,rem
Josh,6/10/2026 9:16,6/6/2026,6/7/2026 7:55,1781209361,17:59.3,rem
Josh,6/10/2026 9:16,6/6/2026,6/7/2026 7:56,1781209361,17:59.5,rem
Josh,6/10/2026 9:16,6/6/2026,6/7/2026 7:57,1781209361,17:59.7,rem
Josh,6/10/2026 9:16,6/6/2026,6/7/2026 7:58,1781209361,17:59.9,rem
Josh,6/10/2026 9:16,6/6/2026,6/7/2026 7:59,1781209361,18:00.5,rem
Josh,6/10/2026 9:16,6/6/2026,6/7/2026 8:00,1781209361,18:00.2,rem
Josh,6/10/2026 9:16,6/6/2026,6/7/2026 8:01,1781209361,18:00.4,rem
Josh,6/10/2026 9:16,6/6/2026,6/7/2026 8:02,1781209361,18:00.6,rem
Josh,6/10/2026 9:16,6/6/2026,6/7/2026 8:03,1781209361,18:00.8,rem
Josh,6/10/2026 9:16,6/6/2026,6/7/2026 8:04,1781209361,18:01.4,rem
Josh,6/10/2026 9:16,6/6/2026,6/7/2026 8:05,1781209361,18:01.2,rem
Josh,6/10/2026 9:16,6/6/2026,6/7/2026 8:06,1781209361,18:01.4,rem
Josh,6/10/2026 9:16,6/6/2026,6/7/2026 8:07,1781209361,18:01.6,rem
Josh,6/10/2026 9:16,6/6/2026,6/7/2026 8:08,1781209361,18:01.8,rem
Josh,6/10/2026 9:16,6/6/2026,6/7/2026 8:09,1781209361,18:02.0,rem
Josh,6/10/2026 9:16,6/6/2026,6/7/2026 8:10,1781209361,18:02.1,rem
Josh,6/10/2026 9:16,6/6/2026,6/7/2026 8:11,1781209361,18:02.3,rem
Josh,6/10/2026 9:16,6/6/2026,6/7/2026 8:12,1781209361,18:02.5,rem
Josh,6/10/2026 9:16,6/6/2026,6/7/2026 8:13,1781209361,18:02.7,rem
Josh,6/10/2026 9:16,6/6/2026,6/7/2026 8:14,1781209361,18:02.9,rem
Josh,6/10/2026 9:16,6/6/2026,6/7/2026 8:15,1781209361,18:04.0,rem
Josh,6/10/2026 9:16,6/6/2026,6/7/2026 8:16,1781209361,18:03.3,rem
Josh,6/10/2026 9:16,6/6/2026,6/7/2026 8:17,1781209361,18:03.5,rem
Josh,6/10/2026 9:22,6/7/2026,6/7/2026 23:36,1781210398,6/10/2026 9:22,light
Josh,6/10/2026 9:22,6/7/2026,6/7/2026 23:37,1781210398,22:53.2,light
Josh,6/10/2026 9:22,6/7/2026,6/7/2026 23:38,1781210398,22:53.3,light
Josh,6/10/2026 9:22,6/7/2026,6/7/2026 23:39,1781210398,22:53.5,light
Josh,6/10/2026 9:22,6/7/2026,6/7/2026 23:40,1781210398,22:53.7,light
Josh,6/10/2026 9:22,6/7/2026,6/7/2026 23:41,1781210398,22:53.8,light
Josh,6/10/2026 9:22,6/7/2026,6/7/2026 23:42,1781210398,22:54.1,light
Josh,6/10/2026 9:22,6/7/2026,6/7/2026 23:43,1781210398,22:54.2,light
Josh,6/10/2026 9:22,6/7/2026,6/7/2026 23:44,1781210398,22:54.3,light
Josh,6/10/2026 9:22,6/7/2026,6/7/2026 23:45,1781210398,22:54.5,light
Josh,6/10/2026 9:22,6/7/2026,6/7/2026 23:46,1781210398,22:54.7,light
Josh,6/10/2026 9:22,6/7/2026,6/7/2026 23:47,1781210398,22:54.9,light
Josh,6/10/2026 9:22,6/7/2026,6/7/2026 23:48,1781210398,22:55.2,light
Josh,6/10/2026 9:22,6/7/2026,6/7/2026 23:49,1781210398,22:55.2,light
Josh,6/10/2026 9:22,6/7/2026,6/7/2026 23:50,1781210398,22:55.4,light
Josh,6/10/2026 9:22,6/7/2026,6/7/2026 23:51,1781210398,22:55.5,light
Josh,6/10/2026 9:22,6/7/2026,6/7/2026 23:52,1781210398,22:55.7,light
Josh,6/10/2026 9:22,6/7/2026,6/7/2026 23:53,1781210398,22:55.9,light
Josh,6/10/2026 9:22,6/7/2026,6/7/2026 23:54,1781210398,22:56.3,deep
Josh,6/10/2026 9:22,6/7/2026,6/7/2026 23:55,1781210398,22:56.2,deep
Josh,6/10/2026 9:22,6/7/2026,6/7/2026 23:56,1781210398,22:56.4,deep
Josh,6/10/2026 9:22,6/7/2026,6/7/2026 23:57,1781210398,22:56.5,deep
Josh,6/10/2026 9:22,6/7/2026,6/7/2026 23:58,1781210398,22:56.7,deep
Josh,6/10/2026 9:22,6/7/2026,6/7/2026 23:59,1781210398,22:56.9,deep
Josh,6/10/2026 9:22,6/7/2026,6/8/2026 0:00,1781210398,22:57.5,deep
Josh,6/10/2026 9:22,6/7/2026,6/8/2026 0:01,1781210398,22:57.2,deep
Josh,6/10/2026 9:22,6/7/2026,6/8/2026 0:02,1781210398,22:57.4,deep
Josh,6/10/2026 9:22,6/7/2026,6/8/2026 0:03,1781210398,22:57.6,deep
Josh,6/10/2026 9:22,6/7/2026,6/8/2026 0:04,1781210398,22:57.7,deep
Josh,6/10/2026 9:22,6/7/2026,6/8/2026 0:05,1781210398,22:57.9,deep
Josh,6/10/2026 9:22,6/7/2026,6/8/2026 0:06,1781210398,22:58.6,deep
Josh,6/10/2026 9:22,6/7/2026,6/8/2026 0:07,1781210398,22:58.2,deep
Josh,6/10/2026 9:22,6/7/2026,6/8/2026 0:08,1781210398,22:58.4,deep
Josh,6/10/2026 9:22,6/7/2026,6/8/2026 0:09,1781210398,22:58.6,deep
Josh,6/10/2026 9:22,6/7/2026,6/8/2026 0:10,1781210398,22:58.7,deep
Josh,6/10/2026 9:22,6/7/2026,6/8/2026 0:11,1781210398,22:58.9,deep
Josh,6/10/2026 9:22,6/7/2026,6/8/2026 0:12,1781210398,22:59.7,deep
Josh,6/10/2026 9:22,6/7/2026,6/8/2026 0:13,1781210398,22:59.2,deep
Josh,6/10/2026 9:22,6/7/2026,6/8/2026 0:14,1781210398,22:59.4,deep
Josh,6/10/2026 9:22,6/7/2026,6/8/2026 0:15,1781210398,22:59.6,deep
Josh,6/10/2026 9:22,6/7/2026,6/8/2026 0:16,1781210398,22:59.7,deep
Josh,6/10/2026 9:22,6/7/2026,6/8/2026 0:17,1781210398,22:59.9,deep
Josh,6/10/2026 9:22,6/7/2026,6/8/2026 0:18,1781210398,23:00.8,deep
Josh,6/10/2026 9:22,6/7/2026,6/8/2026 0:19,1781210398,23:00.3,deep
Josh,6/10/2026 9:22,6/7/2026,6/8/2026 0:20,1781210398,23:00.4,light
Josh,6/10/2026 9:22,6/7/2026,6/8/2026 0:21,1781210398,23:00.6,light
Josh,6/10/2026 9:22,6/7/2026,6/8/2026 0:22,1781210398,23:00.8,light
Josh,6/10/2026 9:22,6/7/2026,6/8/2026 0:23,1781210398,23:00.9,light
Josh,6/10/2026 9:22,6/7/2026,6/8/2026 0:24,1781210398,23:01.9,light
Josh,6/10/2026 9:22,6/7/2026,6/8/2026 0:25,1781210398,23:01.3,light
Josh,6/10/2026 9:22,6/7/2026,6/8/2026 0:26,1781210398,23:01.4,wake
Josh,6/10/2026 9:22,6/7/2026,6/8/2026 0:27,1781210398,23:01.6,wake
Josh,6/10/2026 9:22,6/7/2026,6/8/2026 0:28,1781210398,23:01.8,wake
Josh,6/10/2026 9:22,6/7/2026,6/8/2026 0:29,1781210398,23:01.9,rem
Josh,6/10/2026 9:22,6/7/2026,6/8/2026 0:30,1781210398,23:02.1,rem
Josh,6/10/2026 9:22,6/7/2026,6/8/2026 0:31,1781210398,23:02.3,rem
Josh,6/10/2026 9:22,6/7/2026,6/8/2026 0:32,1781210398,23:02.4,rem
Josh,6/10/2026 9:22,6/7/2026,6/8/2026 0:33,1781210398,23:02.6,rem
Josh,6/10/2026 9:22,6/7/2026,6/8/2026 0:34,1781210398,23:02.8,rem
Josh,6/10/2026 9:22,6/7/2026,6/8/2026 0:35,1781210398,23:02.9,rem
Josh,6/10/2026 9:22,6/7/2026,6/8/2026 0:36,1781210398,23:03.1,rem
Josh,6/10/2026 9:22,6/7/2026,6/8/2026 0:37,1781210398,23:03.3,rem
Josh,6/10/2026 9:22,6/7/2026,6/8/2026 0:38,1781210398,23:03.5,light
Josh,6/10/2026 9:22,6/7/2026,6/8/2026 0:39,1781210398,23:03.6,light
Josh,6/10/2026 9:22,6/7/2026,6/8/2026 0:40,1781210398,23:03.8,light
Josh,6/10/2026 9:22,6/7/2026,6/8/2026 0:41,1781210398,23:04.0,light
Josh,6/10/2026 9:22,6/7/2026,6/8/2026 0:42,1781210398,23:04.1,light
Josh,6/10/2026 9:22,6/7/2026,6/8/2026 0:43,1781210398,23:04.3,light
Josh,6/10/2026 9:22,6/7/2026,6/8/2026 0:44,1781210398,23:04.5,light
Josh,6/10/2026 9:22,6/7/2026,6/8/2026 0:45,1781210398,23:04.6,light
Josh,6/10/2026 9:22,6/7/2026,6/8/2026 0:46,1781210398,23:04.8,light
Josh,6/10/2026 9:22,6/7/2026,6/8/2026 0:47,1781210398,23:05.0,light
Josh,6/10/2026 9:22,6/7/2026,6/8/2026 0:48,1781210398,23:05.1,light
Josh,6/10/2026 9:22,6/7/2026,6/8/2026 0:49,1781210398,23:05.3,light
Josh,6/10/2026 9:22,6/7/2026,6/8/2026 0:50,1781210398,23:05.5,light
Josh,6/10/2026 9:22,6/7/2026,6/8/2026 0:51,1781210398,23:05.6,light
Josh,6/10/2026 9:22,6/7/2026,6/8/2026 0:52,1781210398,23:05.8,light
Josh,6/10/2026 9:22,6/7/2026,6/8/2026 0:53,1781210398,23:06.0,light
Josh,6/10/2026 9:22,6/7/2026,6/8/2026 0:54,1781210398,23:06.2,light
Josh,6/10/2026 9:22,6/7/2026,6/8/2026 0:55,1781210398,23:06.3,light
Josh,6/10/2026 9:22,6/7/2026,6/8/2026 0:56,1781210398,23:06.5,light
Josh,6/10/2026 9:22,6/7/2026,6/8/2026 0:57,1781210398,23:06.7,deep
Josh,6/10/2026 9:22,6/7/2026,6/8/2026 0:58,1781210398,23:06.8,deep
Josh,6/10/2026 9:22,6/7/2026,6/8/2026 0:59,1781210398,23:07.0,deep
Josh,6/10/2026 9:22,6/7/2026,6/8/2026 1:00,1781210398,23:07.2,deep
Josh,6/10/2026 9:22,6/7/2026,6/8/2026 1:01,1781210398,23:07.3,deep
Josh,6/10/2026 9:22,6/7/2026,6/8/2026 1:02,1781210398,23:07.5,deep
Josh,6/10/2026 9:22,6/7/2026,6/8/2026 1:03,1781210398,23:07.7,deep
Josh,6/10/2026 9:22,6/7/2026,6/8/2026 1:04,1781210398,23:07.8,deep
Josh,6/10/2026 9:22,6/7/2026,6/8/2026 1:05,1781210398,23:08.9,deep
Josh,6/10/2026 9:22,6/7/2026,6/8/2026 1:06,1781210398,23:08.2,deep
Josh,6/10/2026 9:22,6/7/2026,6/8/2026 1:07,1781210398,23:08.3,deep
Josh,6/10/2026 9:22,6/7/2026,6/8/2026 1:08,1781210398,23:08.5,deep
Josh,6/10/2026 9:22,6/7/2026,6/8/2026 1:09,1781210398,23:08.7,deep
Josh,6/10/2026 9:22,6/7/2026,6/8/2026 1:10,1781210398,23:08.9,deep
Josh,6/10/2026 9:22,6/7/2026,6/8/2026 1:11,1781210398,23:09.2,deep
Josh,6/10/2026 9:22,6/7/2026,6/8/2026 1:12,1781210398,23:09.2,deep
Josh,6/10/2026 9:22,6/7/2026,6/8/2026 1:13,1781210398,23:09.4,deep
Josh,6/10/2026 9:22,6/7/2026,6/8/2026 1:14,1781210398,23:09.5,deep
Josh,6/10/2026 9:22,6/7/2026,6/8/2026 1:15,1781210398,23:09.7,deep
Josh,6/10/2026 9:22,6/7/2026,6/8/2026 1:16,1781210398,23:09.9,deep
Josh,6/10/2026 9:22,6/7/2026,6/8/2026 1:17,1781210398,23:10.3,deep
Josh,6/10/2026 9:22,6/7/2026,6/8/2026 1:18,1781210398,23:10.2,deep
Josh,6/10/2026 9:22,6/7/2026,6/8/2026 1:19,1781210398,23:10.4,deep
Josh,6/10/2026 9:22,6/7/2026,6/8/2026 1:20,1781210398,23:10.5,deep
Josh,6/10/2026 9:22,6/7/2026,6/8/2026 1:21,1781210398,23:10.7,deep
Josh,6/10/2026 9:22,6/7/2026,6/8/2026 1:22,1781210398,23:10.9,light
Josh,6/10/2026 9:22,6/7/2026,6/8/2026 1:23,1781210398,23:11.4,light
Josh,6/10/2026 9:22,6/7/2026,6/8/2026 1:24,1781210398,23:11.2,light
Josh,6/10/2026 9:22,6/7/2026,6/8/2026 1:25,1781210398,23:11.4,light
Josh,6/10/2026 9:22,6/7/2026,6/8/2026 1:26,1781210398,23:11.6,light
Josh,6/10/2026 9:22,6/7/2026,6/8/2026 1:27,1781210398,23:11.7,light
Josh,6/10/2026 9:22,6/7/2026,6/8/2026 1:28,1781210398,23:11.9,light
Josh,6/10/2026 9:22,6/7/2026,6/8/2026 1:29,1781210398,23:12.6,light
Josh,6/10/2026 9:22,6/7/2026,6/8/2026 1:30,1781210398,23:12.2,light
Josh,6/10/2026 9:22,6/7/2026,6/8/2026 1:31,1781210398,23:12.4,rem
Josh,6/10/2026 9:22,6/7/2026,6/8/2026 1:32,1781210398,23:12.6,rem
Josh,6/10/2026 9:22,6/7/2026,6/8/2026 1:33,1781210398,23:12.7,rem
Josh,6/10/2026 9:22,6/7/2026,6/8/2026 1:34,1781210398,23:12.9,rem
Josh,6/10/2026 9:22,6/7/2026,6/8/2026 1:35,1781210398,23:13.7,rem
Josh,6/10/2026 9:22,6/7/2026,6/8/2026 1:36,1781210398,23:13.2,rem
Josh,6/10/2026 9:22,6/7/2026,6/8/2026 1:37,1781210398,23:13.4,rem
Josh,6/10/2026 9:22,6/7/2026,6/8/2026 1:38,1781210398,23:13.6,rem
Josh,6/10/2026 9:22,6/7/2026,6/8/2026 1:39,1781210398,23:13.7,rem
Josh,6/10/2026 9:22,6/7/2026,6/8/2026 1:40,1781210398,23:13.9,rem
Josh,6/10/2026 9:22,6/7/2026,6/8/2026 1:41,1781210398,23:14.8,rem
Josh,6/10/2026 9:22,6/7/2026,6/8/2026 1:42,1781210398,23:14.2,light
Josh,6/10/2026 9:22,6/7/2026,6/8/2026 1:43,1781210398,23:14.4,light
Josh,6/10/2026 9:22,6/7/2026,6/8/2026 1:44,1781210398,23:14.6,light
Josh,6/10/2026 9:22,6/7/2026,6/8/2026 1:45,1781210398,23:14.8,light
Josh,6/10/2026 9:22,6/7/2026,6/8/2026 1:46,1781210398,23:14.9,light
Josh,6/10/2026 9:22,6/7/2026,6/8/2026 1:47,1781210398,23:15.9,light
Josh,6/10/2026 9:22,6/7/2026,6/8/2026 1:48,1781210398,23:15.3,light
Josh,6/10/2026 9:22,6/7/2026,6/8/2026 1:49,1781210398,23:15.4,light
Josh,6/10/2026 9:22,6/7/2026,6/8/2026 1:50,1781210398,23:15.6,light
Josh,6/10/2026 9:22,6/7/2026,6/8/2026 1:51,1781210398,23:15.8,light
Josh,6/10/2026 9:22,6/7/2026,6/8/2026 1:52,1781210398,23:15.9,light
Josh,6/10/2026 9:22,6/7/2026,6/8/2026 1:53,1781210398,23:16.1,light
Josh,6/10/2026 9:22,6/7/2026,6/8/2026 1:54,1781210398,23:16.3,light
Josh,6/10/2026 9:22,6/7/2026,6/8/2026 1:55,1781210398,23:16.4,light
Josh,6/10/2026 9:22,6/7/2026,6/8/2026 1:56,1781210398,23:16.6,light
Josh,6/10/2026 9:22,6/7/2026,6/8/2026 1:57,1781210398,23:16.8,light
Josh,6/10/2026 9:22,6/7/2026,6/8/2026 1:58,1781210398,23:16.9,light
Josh,6/10/2026 9:22,6/7/2026,6/8/2026 1:59,1781210398,23:17.1,deep
Josh,6/10/2026 9:22,6/7/2026,6/8/2026 2:00,1781210398,23:17.3,deep
Josh,6/10/2026 9:22,6/7/2026,6/8/2026 2:01,1781210398,23:17.5,deep
Josh,6/10/2026 9:22,6/7/2026,6/8/2026 2:02,1781210398,23:17.6,deep
Josh,6/10/2026 9:22,6/7/2026,6/8/2026 2:03,1781210398,23:17.8,deep
Josh,6/10/2026 9:22,6/7/2026,6/8/2026 2:04,1781210398,23:18.0,deep
Josh,6/10/2026 9:22,6/7/2026,6/8/2026 2:05,1781210398,23:18.1,deep
Josh,6/10/2026 9:22,6/7/2026,6/8/2026 2:06,1781210398,23:18.3,deep
Josh,6/10/2026 9:22,6/7/2026,6/8/2026 2:07,1781210398,23:18.5,deep
Josh,6/10/2026 9:22,6/7/2026,6/8/2026 2:08,1781210398,23:18.6,deep
Josh,6/10/2026 9:22,6/7/2026,6/8/2026 2:09,1781210398,23:18.8,deep
Josh,6/10/2026 9:22,6/7/2026,6/8/2026 2:10,1781210398,23:19.0,deep
Josh,6/10/2026 9:22,6/7/2026,6/8/2026 2:11,1781210398,23:19.1,deep
Josh,6/10/2026 9:22,6/7/2026,6/8/2026 2:12,1781210398,23:19.3,deep
Josh,6/10/2026 9:22,6/7/2026,6/8/2026 2:13,1781210398,23:19.5,deep
Josh,6/10/2026 9:22,6/7/2026,6/8/2026 2:14,1781210398,23:19.6,deep
Josh,6/10/2026 9:22,6/7/2026,6/8/2026 2:15,1781210398,23:19.8,deep
Josh,6/10/2026 9:22,6/7/2026,6/8/2026 2:16,1781210398,23:20.0,deep
Josh,6/10/2026 9:22,6/7/2026,6/8/2026 2:17,1781210398,23:20.2,deep
Josh,6/10/2026 9:22,6/7/2026,6/8/2026 2:18,1781210398,23:20.3,deep
Josh,6/10/2026 9:22,6/7/2026,6/8/2026 2:19,1781210398,23:20.5,deep
Josh,6/10/2026 9:22,6/7/2026,6/8/2026 2:20,1781210398,23:20.7,deep
Josh,6/10/2026 9:22,6/7/2026,6/8/2026 2:21,1781210398,23:20.8,deep
Josh,6/10/2026 9:22,6/7/2026,6/8/2026 2:22,1781210398,23:21.0,deep
Josh,6/10/2026 9:22,6/7/2026,6/8/2026 2:23,1781210398,23:21.2,deep
Josh,6/10/2026 9:22,6/7/2026,6/8/2026 2:24,1781210398,23:21.3,light
Josh,6/10/2026 9:22,6/7/2026,6/8/2026 2:25,1781210398,23:21.5,light
Josh,6/10/2026 9:22,6/7/2026,6/8/2026 2:26,1781210398,23:21.7,light
Josh,6/10/2026 9:22,6/7/2026,6/8/2026 2:27,1781210398,23:21.8,light
Josh,6/10/2026 9:22,6/7/2026,6/8/2026 2:28,1781210398,23:22.7,light
Josh,6/10/2026 9:22,6/7/2026,6/8/2026 2:29,1781210398,23:22.2,light
Josh,6/10/2026 9:22,6/7/2026,6/8/2026 2:30,1781210398,23:22.3,light
Josh,6/10/2026 9:22,6/7/2026,6/8/2026 2:31,1781210398,23:22.5,light
Josh,6/10/2026 9:22,6/7/2026,6/8/2026 2:32,1781210398,23:22.7,wake
Josh,6/10/2026 9:22,6/7/2026,6/8/2026 2:33,1781210398,23:22.8,rem
Josh,6/10/2026 9:22,6/7/2026,6/8/2026 2:34,1781210398,23:23.2,rem
Josh,6/10/2026 9:22,6/7/2026,6/8/2026 2:35,1781210398,23:23.2,rem
Josh,6/10/2026 9:22,6/7/2026,6/8/2026 2:36,1781210398,23:23.4,rem
Josh,6/10/2026 9:22,6/7/2026,6/8/2026 2:37,1781210398,23:23.5,rem
Josh,6/10/2026 9:22,6/7/2026,6/8/2026 2:38,1781210398,23:23.7,rem
Josh,6/10/2026 9:22,6/7/2026,6/8/2026 2:39,1781210398,23:23.9,rem
Josh,6/10/2026 9:22,6/7/2026,6/8/2026 2:40,1781210398,23:24.3,rem
Josh,6/10/2026 9:22,6/7/2026,6/8/2026 2:41,1781210398,23:24.2,rem
Josh,6/10/2026 9:22,6/7/2026,6/8/2026 2:42,1781210398,23:24.4,rem
Josh,6/10/2026 9:22,6/7/2026,6/8/2026 2:43,1781210398,23:24.5,rem
Josh,6/10/2026 9:22,6/7/2026,6/8/2026 2:44,1781210398,23:24.7,light
Josh,6/10/2026 9:22,6/7/2026,6/8/2026 2:45,1781210398,23:24.9,light
Josh,6/10/2026 9:22,6/7/2026,6/8/2026 2:46,1781210398,23:25.4,light
Josh,6/10/2026 9:22,6/7/2026,6/8/2026 2:47,1781210398,23:25.2,light
Josh,6/10/2026 9:22,6/7/2026,6/8/2026 2:48,1781210398,23:25.4,light
Josh,6/10/2026 9:22,6/7/2026,6/8/2026 2:49,1781210398,23:25.5,light
Josh,6/10/2026 9:22,6/7/2026,6/8/2026 2:50,1781210398,23:25.7,light
Josh,6/10/2026 9:22,6/7/2026,6/8/2026 2:51,1781210398,23:25.9,light
Josh,6/10/2026 9:22,6/7/2026,6/8/2026 2:52,1781210398,23:26.5,light
Josh,6/10/2026 9:22,6/7/2026,6/8/2026 2:53,1781210398,23:26.2,light
Josh,6/10/2026 9:22,6/7/2026,6/8/2026 2:54,1781210398,23:26.4,light
Josh,6/10/2026 9:22,6/7/2026,6/8/2026 2:55,1781210398,23:26.6,light
Josh,6/10/2026 9:22,6/7/2026,6/8/2026 2:56,1781210398,23:26.7,light
Josh,6/10/2026 9:22,6/7/2026,6/8/2026 2:57,1781210398,23:26.9,light
Josh,6/10/2026 9:22,6/7/2026,6/8/2026 2:58,1781210398,23:27.7,light
Josh,6/10/2026 9:22,6/7/2026,6/8/2026 2:59,1781210398,23:27.2,deep
Josh,6/10/2026 9:22,6/7/2026,6/8/2026 3:00,1781210398,23:27.4,deep
Josh,6/10/2026 9:22,6/7/2026,6/8/2026 3:01,1781210398,23:27.6,deep
Josh,6/10/2026 9:22,6/7/2026,6/8/2026 3:02,1781210398,23:27.7,deep
Josh,6/10/2026 9:22,6/7/2026,6/8/2026 3:03,1781210398,23:27.9,deep
Josh,6/10/2026 9:22,6/7/2026,6/8/2026 3:04,1781210398,23:28.8,deep
Josh,6/10/2026 9:22,6/7/2026,6/8/2026 3:05,1781210398,23:28.2,deep
Josh,6/10/2026 9:22,6/7/2026,6/8/2026 3:06,1781210398,23:28.4,deep
Josh,6/10/2026 9:22,6/7/2026,6/8/2026 3:07,1781210398,23:28.6,deep
Josh,6/10/2026 9:22,6/7/2026,6/8/2026 3:08,1781210398,23:28.8,deep
Josh,6/10/2026 9:22,6/7/2026,6/8/2026 3:09,1781210398,23:28.9,deep
Josh,6/10/2026 9:22,6/7/2026,6/8/2026 3:10,1781210398,23:29.9,deep
Josh,6/10/2026 9:22,6/7/2026,6/8/2026 3:11,1781210398,23:29.3,deep
Josh,6/10/2026 9:22,6/7/2026,6/8/2026 3:12,1781210398,23:29.4,light
Josh,6/10/2026 9:22,6/7/2026,6/8/2026 3:13,1781210398,23:29.6,light
Josh,6/10/2026 9:22,6/7/2026,6/8/2026 3:14,1781210398,23:29.8,light
Josh,6/10/2026 9:22,6/7/2026,6/8/2026 3:15,1781210398,23:29.9,light
Josh,6/10/2026 9:22,6/7/2026,6/8/2026 3:16,1781210398,23:30.1,light
Josh,6/10/2026 9:22,6/7/2026,6/8/2026 3:17,1781210398,23:30.3,light
Josh,6/10/2026 9:22,6/7/2026,6/8/2026 3:18,1781210398,23:30.4,light
Josh,6/10/2026 9:22,6/7/2026,6/8/2026 3:19,1781210398,23:30.6,light
Josh,6/10/2026 9:22,6/7/2026,6/8/2026 3:20,1781210398,23:30.8,light
Josh,6/10/2026 9:22,6/7/2026,6/8/2026 3:21,1781210398,23:30.9,light
Josh,6/10/2026 9:22,6/7/2026,6/8/2026 3:22,1781210398,23:31.1,rem
Josh,6/10/2026 9:22,6/7/2026,6/8/2026 3:23,1781210398,23:31.3,rem
Josh,6/10/2026 9:22,6/7/2026,6/8/2026 3:24,1781210398,23:31.5,rem
Josh,6/10/2026 9:22,6/7/2026,6/8/2026 3:25,1781210398,23:31.6,rem
Josh,6/10/2026 9:22,6/7/2026,6/8/2026 3:26,1781210398,23:31.8,rem
Josh,6/10/2026 9:22,6/7/2026,6/8/2026 3:27,1781210398,23:32.0,rem
Josh,6/10/2026 9:22,6/7/2026,6/8/2026 3:28,1781210398,23:32.1,rem
Josh,6/10/2026 9:22,6/7/2026,6/8/2026 3:29,1781210398,23:32.3,rem
Josh,6/10/2026 9:22,6/7/2026,6/8/2026 3:30,1781210398,23:32.5,rem
Josh,6/10/2026 9:22,6/7/2026,6/8/2026 3:31,1781210398,23:32.6,rem
Josh,6/10/2026 9:22,6/7/2026,6/8/2026 3:32,1781210398,23:32.8,rem
Josh,6/10/2026 9:22,6/7/2026,6/8/2026 3:33,1781210398,23:33.0,rem
Josh,6/10/2026 9:22,6/7/2026,6/8/2026 3:34,1781210398,23:33.1,rem
Josh,6/10/2026 9:22,6/7/2026,6/8/2026 3:35,1781210398,23:33.3,rem
Josh,6/10/2026 9:22,6/7/2026,6/8/2026 3:36,1781210398,23:33.5,rem
Josh,6/10/2026 9:22,6/7/2026,6/8/2026 3:37,1781210398,23:33.6,rem
Josh,6/10/2026 9:22,6/7/2026,6/8/2026 3:38,1781210398,23:33.8,rem
Josh,6/10/2026 9:22,6/7/2026,6/8/2026 3:39,1781210398,23:34.0,rem
Josh,6/10/2026 9:22,6/7/2026,6/8/2026 3:40,1781210398,23:34.1,rem
Josh,6/10/2026 9:22,6/7/2026,6/8/2026 3:41,1781210398,23:34.3,rem
Josh,6/10/2026 9:22,6/7/2026,6/8/2026 3:42,1781210398,23:34.5,rem
Josh,6/10/2026 9:22,6/7/2026,6/8/2026 3:43,1781210398,23:34.7,rem
Josh,6/10/2026 9:22,6/7/2026,6/8/2026 3:44,1781210398,23:34.8,light
Josh,6/10/2026 9:22,6/7/2026,6/8/2026 3:45,1781210398,23:35.0,light
Josh,6/10/2026 9:22,6/7/2026,6/8/2026 3:46,1781210398,23:35.2,light
Josh,6/10/2026 9:22,6/7/2026,6/8/2026 3:47,1781210398,23:35.3,light
Josh,6/10/2026 9:22,6/7/2026,6/8/2026 3:48,1781210398,23:35.5,light
Josh,6/10/2026 9:22,6/7/2026,6/8/2026 3:49,1781210398,23:35.7,light
Josh,6/10/2026 9:22,6/7/2026,6/8/2026 3:50,1781210398,23:35.8,light
Josh,6/10/2026 9:22,6/7/2026,6/8/2026 3:51,1781210398,23:36.5,light
Josh,6/10/2026 9:22,6/7/2026,6/8/2026 3:52,1781210398,23:36.2,light
Josh,6/10/2026 9:22,6/7/2026,6/8/2026 3:53,1781210398,23:36.3,light
Josh,6/10/2026 9:22,6/7/2026,6/8/2026 3:54,1781210398,23:36.5,light
Josh,6/10/2026 9:22,6/7/2026,6/8/2026 3:55,1781210398,23:36.7,light
Josh,6/10/2026 9:22,6/7/2026,6/8/2026 3:56,1781210398,23:36.8,light
Josh,6/10/2026 9:22,6/7/2026,6/8/2026 3:57,1781210398,23:37.2,light
Josh,6/10/2026 9:22,6/7/2026,6/8/2026 3:58,1781210398,23:37.2,light
Josh,6/10/2026 9:22,6/7/2026,6/8/2026 3:59,1781210398,23:37.4,deep
Josh,6/10/2026 9:22,6/7/2026,6/8/2026 4:00,1781210398,23:37.5,deep
Josh,6/10/2026 9:22,6/7/2026,6/8/2026 4:01,1781210398,23:37.7,deep
Josh,6/10/2026 9:22,6/7/2026,6/8/2026 4:02,1781210398,23:37.9,deep
Josh,6/10/2026 9:22,6/7/2026,6/8/2026 4:03,1781210398,23:38.3,deep
Josh,6/10/2026 9:22,6/7/2026,6/8/2026 4:04,1781210398,23:38.2,deep
Josh,6/10/2026 9:22,6/7/2026,6/8/2026 4:05,1781210398,23:38.4,deep
Josh,6/10/2026 9:22,6/7/2026,6/8/2026 4:06,1781210398,23:38.5,deep
Josh,6/10/2026 9:22,6/7/2026,6/8/2026 4:07,1781210398,23:38.7,deep
Josh,6/10/2026 9:22,6/7/2026,6/8/2026 4:08,1781210398,23:38.9,deep
Josh,6/10/2026 9:22,6/7/2026,6/8/2026 4:09,1781210398,23:39.4,deep
Josh,6/10/2026 9:22,6/7/2026,6/8/2026 4:10,1781210398,23:39.2,deep
Josh,6/10/2026 9:22,6/7/2026,6/8/2026 4:11,1781210398,23:39.4,deep
Josh,6/10/2026 9:22,6/7/2026,6/8/2026 4:12,1781210398,23:39.5,deep
Josh,6/10/2026 9:22,6/7/2026,6/8/2026 4:13,1781210398,23:39.7,light
Josh,6/10/2026 9:22,6/7/2026,6/8/2026 4:14,1781210398,23:39.9,light
Josh,6/10/2026 9:22,6/7/2026,6/8/2026 4:15,1781210398,23:40.5,light
Josh,6/10/2026 9:22,6/7/2026,6/8/2026 4:16,1781210398,23:40.2,light
Josh,6/10/2026 9:22,6/7/2026,6/8/2026 4:17,1781210398,23:40.4,light
Josh,6/10/2026 9:22,6/7/2026,6/8/2026 4:18,1781210398,23:40.6,light
Josh,6/10/2026 9:22,6/7/2026,6/8/2026 4:19,1781210398,23:40.7,light
Josh,6/10/2026 9:22,6/7/2026,6/8/2026 4:20,1781210398,23:40.9,light
Josh,6/10/2026 9:22,6/7/2026,6/8/2026 4:21,1781210398,23:41.6,light
Josh,6/10/2026 9:22,6/7/2026,6/8/2026 4:22,1781210398,23:41.2,wake
Josh,6/10/2026 9:22,6/7/2026,6/8/2026 4:23,1781210398,23:41.4,wake
Josh,6/10/2026 9:22,6/7/2026,6/8/2026 4:24,1781210398,23:41.6,rem
Josh,6/10/2026 9:22,6/7/2026,6/8/2026 4:25,1781210398,23:41.7,rem
Josh,6/10/2026 9:22,6/7/2026,6/8/2026 4:26,1781210398,23:41.9,rem
Josh,6/10/2026 9:22,6/7/2026,6/8/2026 4:27,1781210398,23:42.8,rem
Josh,6/10/2026 9:22,6/7/2026,6/8/2026 4:28,1781210398,23:42.2,rem
Josh,6/10/2026 9:22,6/7/2026,6/8/2026 4:29,1781210398,23:42.4,rem
Josh,6/10/2026 9:22,6/7/2026,6/8/2026 4:30,1781210398,23:42.6,rem
Josh,6/10/2026 9:22,6/7/2026,6/8/2026 4:31,1781210398,23:42.8,rem
Josh,6/10/2026 9:22,6/7/2026,6/8/2026 4:32,1781210398,23:42.9,rem
Josh,6/10/2026 9:22,6/7/2026,6/8/2026 4:33,1781210398,23:43.9,rem
Josh,6/10/2026 9:22,6/7/2026,6/8/2026 4:34,1781210398,23:43.3,rem
Josh,6/10/2026 9:22,6/7/2026,6/8/2026 4:35,1781210398,23:43.4,rem
Josh,6/10/2026 9:22,6/7/2026,6/8/2026 4:36,1781210398,23:43.6,rem
Josh,6/10/2026 9:22,6/7/2026,6/8/2026 4:37,1781210398,23:43.8,rem
Josh,6/10/2026 9:22,6/7/2026,6/8/2026 4:38,1781210398,23:43.9,rem
Josh,6/10/2026 9:22,6/7/2026,6/8/2026 4:39,1781210398,23:44.1,rem
Josh,6/10/2026 9:22,6/7/2026,6/8/2026 4:40,1781210398,23:44.3,rem
Josh,6/10/2026 9:22,6/7/2026,6/8/2026 4:41,1781210398,23:44.4,rem
Josh,6/10/2026 9:22,6/7/2026,6/8/2026 4:42,1781210398,23:44.6,rem
Josh,6/10/2026 9:22,6/7/2026,6/8/2026 4:43,1781210398,23:44.8,rem
Josh,6/10/2026 9:22,6/7/2026,6/8/2026 4:44,1781210398,23:44.9,light
Josh,6/10/2026 9:22,6/7/2026,6/8/2026 4:45,1781210398,23:45.1,light
Josh,6/10/2026 9:22,6/7/2026,6/8/2026 4:46,1781210398,23:45.3,light
Josh,6/10/2026 9:22,6/7/2026,6/8/2026 4:47,1781210398,23:45.4,light
Josh,6/10/2026 9:22,6/7/2026,6/8/2026 4:48,1781210398,23:45.6,light
Josh,6/10/2026 9:22,6/7/2026,6/8/2026 4:49,1781210398,23:45.8,light
Josh,6/10/2026 9:22,6/7/2026,6/8/2026 4:50,1781210398,23:46.0,light
Josh,6/10/2026 9:22,6/7/2026,6/8/2026 4:51,1781210398,23:46.1,light
Josh,6/10/2026 9:22,6/7/2026,6/8/2026 4:52,1781210398,23:46.3,light
Josh,6/10/2026 9:22,6/7/2026,6/8/2026 4:53,1781210398,23:46.5,light
Josh,6/10/2026 9:22,6/7/2026,6/8/2026 4:54,1781210398,23:46.6,light
Josh,6/10/2026 9:22,6/7/2026,6/8/2026 4:55,1781210398,23:46.8,light
Josh,6/10/2026 9:22,6/7/2026,6/8/2026 4:56,1781210398,23:47.0,light
Josh,6/10/2026 9:22,6/7/2026,6/8/2026 4:57,1781210398,23:47.1,light
Josh,6/10/2026 9:22,6/7/2026,6/8/2026 4:58,1781210398,23:47.3,light
Josh,6/10/2026 9:22,6/7/2026,6/8/2026 4:59,1781210398,23:47.5,light
Josh,6/10/2026 9:22,6/7/2026,6/8/2026 5:00,1781210398,23:47.6,light
Josh,6/10/2026 9:22,6/7/2026,6/8/2026 5:01,1781210398,23:47.8,light
Josh,6/10/2026 9:22,6/7/2026,6/8/2026 5:02,1781210398,23:48.0,deep
Josh,6/10/2026 9:22,6/7/2026,6/8/2026 5:03,1781210398,23:48.1,deep
Josh,6/10/2026 9:22,6/7/2026,6/8/2026 5:04,1781210398,23:48.3,deep
Josh,6/10/2026 9:22,6/7/2026,6/8/2026 5:05,1781210398,23:48.5,deep
Josh,6/10/2026 9:22,6/7/2026,6/8/2026 5:06,1781210398,23:48.7,deep
Josh,6/10/2026 9:22,6/7/2026,6/8/2026 5:07,1781210398,23:48.8,deep
Josh,6/10/2026 9:22,6/7/2026,6/8/2026 5:08,1781210398,23:49.0,deep
Josh,6/10/2026 9:22,6/7/2026,6/8/2026 5:09,1781210398,23:49.2,deep
Josh,6/10/2026 9:22,6/7/2026,6/8/2026 5:10,1781210398,23:49.3,deep
Josh,6/10/2026 9:22,6/7/2026,6/8/2026 5:11,1781210398,23:49.5,deep
Josh,6/10/2026 9:22,6/7/2026,6/8/2026 5:12,1781210398,23:49.7,light
Josh,6/10/2026 9:22,6/7/2026,6/8/2026 5:13,1781210398,23:49.8,light
Josh,6/10/2026 9:22,6/7/2026,6/8/2026 5:14,1781210398,23:50.3,light
Josh,6/10/2026 9:22,6/7/2026,6/8/2026 5:15,1781210398,23:50.2,light
Josh,6/10/2026 9:22,6/7/2026,6/8/2026 5:16,1781210398,23:50.3,light
Josh,6/10/2026 9:22,6/7/2026,6/8/2026 5:17,1781210398,23:50.5,light
Josh,6/10/2026 9:22,6/7/2026,6/8/2026 5:18,1781210398,23:50.7,light
Josh,6/10/2026 9:22,6/7/2026,6/8/2026 5:19,1781210398,23:50.8,rem
Josh,6/10/2026 9:22,6/7/2026,6/8/2026 5:20,1781210398,23:51.1,rem
Josh,6/10/2026 9:22,6/7/2026,6/8/2026 5:21,1781210398,23:51.2,rem
Josh,6/10/2026 9:22,6/7/2026,6/8/2026 5:22,1781210398,23:51.4,rem
Josh,6/10/2026 9:22,6/7/2026,6/8/2026 5:23,1781210398,23:51.5,rem
Josh,6/10/2026 9:22,6/7/2026,6/8/2026 5:24,1781210398,23:51.7,rem
Josh,6/10/2026 9:22,6/7/2026,6/8/2026 5:25,1781210398,23:51.9,rem
Josh,6/10/2026 9:22,6/7/2026,6/8/2026 5:26,1781210398,23:52.3,rem
Josh,6/10/2026 9:22,6/7/2026,6/8/2026 5:27,1781210398,23:52.2,rem
Josh,6/10/2026 9:22,6/7/2026,6/8/2026 5:28,1781210398,23:52.4,rem
Josh,6/10/2026 9:22,6/7/2026,6/8/2026 5:29,1781210398,23:52.5,rem
Josh,6/10/2026 9:22,6/7/2026,6/8/2026 5:30,1781210398,23:52.7,rem
Josh,6/10/2026 9:22,6/7/2026,6/8/2026 5:31,1781210398,23:52.9,rem
Josh,6/10/2026 9:22,6/7/2026,6/8/2026 5:32,1781210398,23:53.4,rem
Josh,6/10/2026 9:22,6/7/2026,6/8/2026 5:33,1781210398,23:53.2,rem
Josh,6/10/2026 9:22,6/7/2026,6/8/2026 5:34,1781210398,23:53.4,rem
Josh,6/10/2026 9:22,6/7/2026,6/8/2026 5:35,1781210398,23:53.5,rem
Josh,6/10/2026 9:22,6/7/2026,6/8/2026 5:36,1781210398,23:53.7,rem
Josh,6/10/2026 9:22,6/7/2026,6/8/2026 5:37,1781210398,23:53.9,light
Josh,6/10/2026 9:22,6/7/2026,6/8/2026 5:38,1781210398,23:54.5,light
Josh,6/10/2026 9:22,6/7/2026,6/8/2026 5:39,1781210398,23:54.2,light
Josh,6/10/2026 9:22,6/7/2026,6/8/2026 5:40,1781210398,23:54.4,light
Josh,6/10/2026 9:22,6/7/2026,6/8/2026 5:41,1781210398,23:54.6,light
Josh,6/10/2026 9:22,6/7/2026,6/8/2026 5:42,1781210398,23:54.7,light
Josh,6/10/2026 9:22,6/7/2026,6/8/2026 5:43,1781210398,23:54.9,light
Josh,6/10/2026 9:22,6/7/2026,6/8/2026 5:44,1781210398,23:55.6,light
Josh,6/10/2026 9:22,6/7/2026,6/8/2026 5:45,1781210398,23:55.2,light
Josh,6/10/2026 9:22,6/7/2026,6/8/2026 5:46,1781210398,23:55.4,light
Josh,6/10/2026 9:22,6/7/2026,6/8/2026 5:47,1781210398,23:55.6,light
Josh,6/10/2026 9:22,6/7/2026,6/8/2026 5:48,1781210398,23:55.7,light
Josh,6/10/2026 9:22,6/7/2026,6/8/2026 5:49,1781210398,23:55.9,light
Josh,6/10/2026 9:22,6/7/2026,6/8/2026 5:50,1781210398,23:56.7,light
Josh,6/10/2026 9:22,6/7/2026,6/8/2026 5:51,1781210398,23:56.2,light
Josh,6/10/2026 9:22,6/7/2026,6/8/2026 5:52,1781210398,23:56.4,light
Josh,6/10/2026 9:22,6/7/2026,6/8/2026 5:53,1781210398,23:56.6,light
Josh,6/10/2026 9:22,6/7/2026,6/8/2026 5:54,1781210398,23:56.7,light
Josh,6/10/2026 9:22,6/7/2026,6/8/2026 5:55,1781210398,23:56.9,light
Josh,6/10/2026 9:22,6/7/2026,6/8/2026 5:56,1781210398,23:57.9,light
Josh,6/10/2026 9:22,6/7/2026,6/8/2026 5:57,1781210398,23:57.3,light
Josh,6/10/2026 9:22,6/7/2026,6/8/2026 5:58,1781210398,23:57.4,light
Josh,6/10/2026 9:22,6/7/2026,6/8/2026 5:59,1781210398,23:57.6,light
Josh,6/10/2026 9:22,6/7/2026,6/8/2026 6:00,1781210398,23:57.8,deep
Josh,6/10/2026 9:22,6/7/2026,6/8/2026 6:01,1781210398,23:57.9,deep
Josh,6/10/2026 9:22,6/7/2026,6/8/2026 6:02,1781210398,23:59.0,deep
Josh,6/10/2026 9:22,6/7/2026,6/8/2026 6:03,1781210398,23:58.3,deep
Josh,6/10/2026 9:22,6/7/2026,6/8/2026 6:04,1781210398,23:58.4,deep
Josh,6/10/2026 9:22,6/7/2026,6/8/2026 6:05,1781210398,23:58.6,deep
Josh,6/10/2026 9:22,6/7/2026,6/8/2026 6:06,1781210398,23:58.8,deep
Josh,6/10/2026 9:22,6/7/2026,6/8/2026 6:07,1781210398,23:58.9,deep
Josh,6/10/2026 9:22,6/7/2026,6/8/2026 6:08,1781210398,23:59.1,deep
Josh,6/10/2026 9:22,6/7/2026,6/8/2026 6:09,1781210398,23:59.3,light
Josh,6/10/2026 9:22,6/7/2026,6/8/2026 6:10,1781210398,23:59.4,light
Josh,6/10/2026 9:22,6/7/2026,6/8/2026 6:11,1781210398,23:59.6,light
Josh,6/10/2026 9:22,6/7/2026,6/8/2026 6:12,1781210398,23:59.8,light
Josh,6/10/2026 9:22,6/7/2026,6/8/2026 6:13,1781210398,24:00.0,light
Josh,6/10/2026 9:22,6/7/2026,6/8/2026 6:14,1781210398,24:00.1,light
Josh,6/10/2026 9:22,6/7/2026,6/8/2026 6:15,1781210398,24:00.3,light
Josh,6/10/2026 9:22,6/7/2026,6/8/2026 6:16,1781210398,24:00.5,light
Josh,6/10/2026 9:22,6/7/2026,6/8/2026 6:17,1781210398,24:00.6,light
Josh,6/10/2026 9:22,6/7/2026,6/8/2026 6:18,1781210398,24:00.8,light
Josh,6/10/2026 9:22,6/7/2026,6/8/2026 6:19,1781210398,24:01.0,rem
Josh,6/10/2026 9:22,6/7/2026,6/8/2026 6:20,1781210398,24:01.1,rem
Josh,6/10/2026 9:22,6/7/2026,6/8/2026 6:21,1781210398,24:01.3,rem
Josh,6/10/2026 9:22,6/7/2026,6/8/2026 6:22,1781210398,24:01.5,rem
Josh,6/10/2026 9:22,6/7/2026,6/8/2026 6:23,1781210398,24:01.6,rem
Josh,6/10/2026 9:22,6/7/2026,6/8/2026 6:24,1781210398,24:01.8,rem
Josh,6/10/2026 9:22,6/7/2026,6/8/2026 6:25,1781210398,24:02.0,rem
Josh,6/10/2026 9:22,6/7/2026,6/8/2026 6:26,1781210398,24:02.1,rem
Josh,6/10/2026 9:22,6/7/2026,6/8/2026 6:27,1781210398,24:02.3,rem
Josh,6/10/2026 9:22,6/7/2026,6/8/2026 6:28,1781210398,24:02.5,rem
Josh,6/10/2026 9:22,6/7/2026,6/8/2026 6:29,1781210398,24:02.7,rem
Josh,6/10/2026 9:22,6/7/2026,6/8/2026 6:30,1781210398,24:02.8,rem
Josh,6/10/2026 9:22,6/7/2026,6/8/2026 6:31,1781210398,24:03.0,rem
Josh,6/10/2026 9:22,6/7/2026,6/8/2026 6:32,1781210398,24:03.2,rem
Josh,6/10/2026 9:22,6/7/2026,6/8/2026 6:33,1781210398,24:03.3,rem
Josh,6/10/2026 9:22,6/7/2026,6/8/2026 6:34,1781210398,24:03.5,rem
Josh,6/10/2026 9:22,6/7/2026,6/8/2026 6:35,1781210398,24:03.7,rem
Josh,6/10/2026 9:22,6/7/2026,6/8/2026 6:36,1781210398,24:03.8,rem
Josh,6/10/2026 9:22,6/7/2026,6/8/2026 6:37,1781210398,24:04.1,rem
Josh,6/10/2026 9:22,6/7/2026,6/8/2026 6:38,1781210398,24:04.2,rem
Josh,6/10/2026 9:22,6/7/2026,6/8/2026 6:39,1781210398,24:04.3,rem
Josh,6/10/2026 9:22,6/7/2026,6/8/2026 6:40,1781210398,24:04.5,rem
Josh,6/10/2026 9:22,6/7/2026,6/8/2026 6:41,1781210398,24:04.7,rem
Josh,6/10/2026 9:22,6/7/2026,6/8/2026 6:42,1781210398,24:04.8,rem
Josh,6/10/2026 9:22,6/7/2026,6/8/2026 6:43,1781210398,24:05.1,rem
Josh,6/10/2026 9:22,6/7/2026,6/8/2026 6:44,1781210398,24:05.2,rem
Josh,6/10/2026 9:22,6/7/2026,6/8/2026 6:45,1781210398,24:05.3,rem
Josh,6/10/2026 9:22,6/7/2026,6/8/2026 6:46,1781210398,24:05.5,rem
Josh,6/10/2026 9:22,6/7/2026,6/8/2026 6:47,1781210398,24:05.7,rem
Josh,6/10/2026 9:22,6/7/2026,6/8/2026 6:48,1781210398,24:05.9,rem
Josh,6/10/2026 9:22,6/7/2026,6/8/2026 6:49,1781210398,24:06.2,rem
Josh,6/10/2026 9:22,6/7/2026,6/8/2026 6:50,1781210398,24:06.2,rem
Josh,6/10/2026 9:22,6/7/2026,6/8/2026 6:51,1781210398,24:06.4,light
Josh,6/10/2026 9:22,6/7/2026,6/8/2026 6:52,1781210398,24:06.5,light
Josh,6/10/2026 9:22,6/7/2026,6/8/2026 6:53,1781210398,24:06.7,light
Josh,6/10/2026 9:22,6/7/2026,6/8/2026 6:54,1781210398,24:06.9,light
Josh,6/10/2026 9:22,6/7/2026,6/8/2026 6:55,1781210398,24:07.4,light
Josh,6/10/2026 9:22,6/7/2026,6/8/2026 6:56,1781210398,24:07.2,light
Josh,6/10/2026 9:22,6/7/2026,6/8/2026 6:57,1781210398,24:07.4,light
Josh,6/10/2026 9:22,6/7/2026,6/8/2026 6:58,1781210398,24:07.5,light
Josh,6/10/2026 9:22,6/7/2026,6/8/2026 6:59,1781210398,24:07.7,light
Josh,6/10/2026 9:22,6/7/2026,6/8/2026 7:00,1781210398,24:07.9,light
Josh,6/10/2026 9:22,6/7/2026,6/8/2026 7:01,1781210398,24:08.5,light
Josh,6/10/2026 9:22,6/7/2026,6/8/2026 7:02,1781210398,24:08.2,light
Josh,6/10/2026 9:22,6/7/2026,6/8/2026 7:03,1781210398,24:08.4,light
Josh,6/10/2026 9:22,6/7/2026,6/8/2026 7:04,1781210398,24:08.6,light
Josh,6/10/2026 9:22,6/7/2026,6/8/2026 7:05,1781210398,24:08.7,light
Josh,6/10/2026 9:22,6/7/2026,6/8/2026 7:06,1781210398,24:08.9,light
Josh,6/10/2026 9:22,6/7/2026,6/8/2026 7:07,1781210398,24:09.6,light
Josh,6/10/2026 9:22,6/7/2026,6/8/2026 7:08,1781210398,24:09.2,light
Josh,6/10/2026 9:22,6/7/2026,6/8/2026 7:09,1781210398,24:09.4,light
Josh,6/10/2026 9:22,6/7/2026,6/8/2026 7:10,1781210398,24:09.6,light
Josh,6/10/2026 9:22,6/7/2026,6/8/2026 7:11,1781210398,24:09.7,light
Josh,6/10/2026 9:22,6/7/2026,6/8/2026 7:12,1781210398,24:09.9,light
Josh,6/10/2026 9:22,6/7/2026,6/8/2026 7:13,1781210398,24:10.7,deep
Josh,6/10/2026 9:22,6/7/2026,6/8/2026 7:14,1781210398,24:10.2,deep
Josh,6/10/2026 9:22,6/7/2026,6/8/2026 7:15,1781210398,24:10.4,deep
Josh,6/10/2026 9:22,6/7/2026,6/8/2026 7:16,1781210398,24:10.6,deep
Josh,6/10/2026 9:22,6/7/2026,6/8/2026 7:17,1781210398,24:10.7,deep
Josh,6/10/2026 9:22,6/7/2026,6/8/2026 7:18,1781210398,24:10.9,deep
Josh,6/10/2026 9:22,6/7/2026,6/8/2026 7:19,1781210398,24:11.8,light
Josh,6/10/2026 9:22,6/7/2026,6/8/2026 7:20,1781210398,24:11.3,light
Josh,6/10/2026 9:22,6/7/2026,6/8/2026 7:21,1781210398,24:11.4,light
Josh,6/10/2026 9:22,6/7/2026,6/8/2026 7:22,1781210398,24:11.6,light
Josh,6/10/2026 9:22,6/7/2026,6/8/2026 7:23,1781210398,24:11.8,light
Josh,6/10/2026 9:22,6/7/2026,6/8/2026 7:24,1781210398,24:11.9,light
Josh,6/10/2026 9:22,6/7/2026,6/8/2026 7:25,1781210398,24:13.0,light
Josh,6/10/2026 9:22,6/7/2026,6/8/2026 7:26,1781210398,24:12.3,light
Josh,6/10/2026 9:22,6/7/2026,6/8/2026 7:27,1781210398,24:12.4,light
Josh,6/10/2026 9:22,6/7/2026,6/8/2026 7:28,1781210398,24:12.6,light
Josh,6/10/2026 9:22,6/7/2026,6/8/2026 7:29,1781210398,24:12.8,wake
Josh,6/10/2026 9:22,6/7/2026,6/8/2026 7:30,1781210398,24:12.9,rem
Josh,6/10/2026 9:22,6/7/2026,6/8/2026 7:31,1781210398,24:13.1,rem
Josh,6/10/2026 9:22,6/7/2026,6/8/2026 7:32,1781210398,24:13.3,rem
Josh,6/10/2026 9:22,6/7/2026,6/8/2026 7:33,1781210398,24:13.4,rem
Josh,6/10/2026 9:22,6/7/2026,6/8/2026 7:34,1781210398,24:13.6,rem
Josh,6/10/2026 9:22,6/7/2026,6/8/2026 7:35,1781210398,24:13.8,rem
Josh,6/10/2026 9:22,6/7/2026,6/8/2026 7:36,1781210398,24:14.0,rem
Josh,6/10/2026 9:22,6/7/2026,6/8/2026 7:37,1781210398,24:14.1,rem
Josh,6/10/2026 9:22,6/7/2026,6/8/2026 7:38,1781210398,24:14.3,rem
Josh,6/10/2026 9:22,6/7/2026,6/8/2026 7:39,1781210398,24:14.5,rem
Josh,6/10/2026 9:22,6/7/2026,6/8/2026 7:40,1781210398,24:14.6,rem
Josh,6/11/2026 10:18,6/8/2026,6/8/2026 23:16,1781211851,6/11/2026 10:18,light
Josh,6/11/2026 10:18,6/8/2026,6/8/2026 23:17,1781211851,18:57.2,light
Josh,6/11/2026 10:18,6/8/2026,6/8/2026 23:18,1781211851,18:57.4,light
Josh,6/11/2026 10:18,6/8/2026,6/8/2026 23:19,1781211851,18:57.6,light
Josh,6/11/2026 10:18,6/8/2026,6/8/2026 23:20,1781211851,18:57.9,light
Josh,6/11/2026 10:18,6/8/2026,6/8/2026 23:21,1781211851,18:58.8,light
Josh,6/11/2026 10:18,6/8/2026,6/8/2026 23:22,1781211851,18:58.3,light
Josh,6/11/2026 10:18,6/8/2026,6/8/2026 23:23,1781211851,18:58.5,light
Josh,6/11/2026 10:18,6/8/2026,6/8/2026 23:24,1781211851,18:58.7,light
Josh,6/11/2026 10:18,6/8/2026,6/8/2026 23:25,1781211851,18:59.0,light
Josh,6/11/2026 10:18,6/8/2026,6/8/2026 23:26,1781211851,18:59.2,light
Josh,6/11/2026 10:18,6/8/2026,6/8/2026 23:27,1781211851,18:59.4,light
Josh,6/11/2026 10:18,6/8/2026,6/8/2026 23:28,1781211851,18:59.6,light
Josh,6/11/2026 10:18,6/8/2026,6/8/2026 23:29,1781211851,18:59.8,light
Josh,6/11/2026 10:18,6/8/2026,6/8/2026 23:30,1781211851,19:00.3,light
Josh,6/11/2026 10:18,6/8/2026,6/8/2026 23:31,1781211851,19:00.3,light
Josh,6/11/2026 10:18,6/8/2026,6/8/2026 23:32,1781211851,19:00.5,light
Josh,6/11/2026 10:18,6/8/2026,6/8/2026 23:33,1781211851,19:00.7,light
Josh,6/11/2026 10:18,6/8/2026,6/8/2026 23:34,1781211851,19:00.9,light
Josh,6/11/2026 10:18,6/8/2026,6/8/2026 23:35,1781211851,19:01.1,light
Josh,6/11/2026 10:18,6/8/2026,6/8/2026 23:36,1781211851,19:01.3,light
Josh,6/11/2026 10:18,6/8/2026,6/8/2026 23:37,1781211851,19:01.6,light
Josh,6/11/2026 10:18,6/8/2026,6/8/2026 23:38,1781211851,19:01.8,light
Josh,6/11/2026 10:18,6/8/2026,6/8/2026 23:39,1781211851,19:02.0,deep
Josh,6/11/2026 10:18,6/8/2026,6/8/2026 23:40,1781211851,19:02.2,deep
Josh,6/11/2026 10:18,6/8/2026,6/8/2026 23:41,1781211851,19:02.4,deep
Josh,6/11/2026 10:18,6/8/2026,6/8/2026 23:42,1781211851,19:02.6,deep
Josh,6/11/2026 10:18,6/8/2026,6/8/2026 23:43,1781211851,19:02.9,deep
Josh,6/11/2026 10:18,6/8/2026,6/8/2026 23:44,1781211851,19:03.7,deep
Josh,6/11/2026 10:18,6/8/2026,6/8/2026 23:45,1781211851,19:03.3,deep
Josh,6/11/2026 10:18,6/8/2026,6/8/2026 23:46,1781211851,19:03.5,deep
Josh,6/11/2026 10:18,6/8/2026,6/8/2026 23:47,1781211851,19:03.7,deep
Josh,6/11/2026 10:18,6/8/2026,6/8/2026 23:48,1781211851,19:03.9,deep
Josh,6/11/2026 10:18,6/8/2026,6/8/2026 23:49,1781211851,19:04.2,deep
Josh,6/11/2026 10:18,6/8/2026,6/8/2026 23:50,1781211851,19:04.4,deep
Josh,6/11/2026 10:18,6/8/2026,6/8/2026 23:51,1781211851,19:04.6,deep
Josh,6/11/2026 10:18,6/8/2026,6/8/2026 23:52,1781211851,19:04.8,deep
Josh,6/11/2026 10:18,6/8/2026,6/8/2026 23:53,1781211851,19:05.2,deep
Josh,6/11/2026 10:18,6/8/2026,6/8/2026 23:54,1781211851,19:05.2,deep
Josh,6/11/2026 10:18,6/8/2026,6/8/2026 23:55,1781211851,19:05.5,deep
Josh,6/11/2026 10:18,6/8/2026,6/8/2026 23:56,1781211851,19:05.7,deep
Josh,6/11/2026 10:18,6/8/2026,6/8/2026 23:57,1781211851,19:05.9,deep
Josh,6/11/2026 10:18,6/8/2026,6/8/2026 23:58,1781211851,19:06.1,deep
Josh,6/11/2026 10:18,6/8/2026,6/8/2026 23:59,1781211851,19:06.3,deep
Josh,6/11/2026 10:18,6/8/2026,6/9/2026 0:00,1781211851,19:06.5,deep
Josh,6/11/2026 10:18,6/8/2026,6/9/2026 0:01,1781211851,19:06.8,deep
Josh,6/11/2026 10:18,6/8/2026,6/9/2026 0:02,1781211851,19:07.0,deep
Josh,6/11/2026 10:18,6/8/2026,6/9/2026 0:03,1781211851,19:07.2,deep
Josh,6/11/2026 10:18,6/8/2026,6/9/2026 0:04,1781211851,19:07.4,deep
Josh,6/11/2026 10:18,6/8/2026,6/9/2026 0:05,1781211851,19:07.6,deep
Josh,6/11/2026 10:18,6/8/2026,6/9/2026 0:06,1781211851,19:07.8,deep
Josh,6/11/2026 10:18,6/8/2026,6/9/2026 0:07,1781211851,19:08.6,deep
Josh,6/11/2026 10:18,6/8/2026,6/9/2026 0:08,1781211851,19:08.3,deep
Josh,6/11/2026 10:18,6/8/2026,6/9/2026 0:09,1781211851,19:08.5,deep
Josh,6/11/2026 10:18,6/8/2026,6/9/2026 0:10,1781211851,19:08.7,light
Josh,6/11/2026 10:18,6/8/2026,6/9/2026 0:11,1781211851,19:08.9,light
Josh,6/11/2026 10:18,6/8/2026,6/9/2026 0:12,1781211851,19:09.1,light
Josh,6/11/2026 10:18,6/8/2026,6/9/2026 0:13,1781211851,19:09.4,light
Josh,6/11/2026 10:18,6/8/2026,6/9/2026 0:14,1781211851,19:09.6,light
Josh,6/11/2026 10:18,6/8/2026,6/9/2026 0:15,1781211851,19:09.8,light
Josh,6/11/2026 10:18,6/8/2026,6/9/2026 0:16,1781211851,19:10.9,light
Josh,6/11/2026 10:18,6/8/2026,6/9/2026 0:17,1781211851,19:10.2,light
Josh,6/11/2026 10:18,6/8/2026,6/9/2026 0:18,1781211851,19:10.4,light
Josh,6/11/2026 10:18,6/8/2026,6/9/2026 0:19,1781211851,19:10.7,light
Josh,6/11/2026 10:18,6/8/2026,6/9/2026 0:20,1781211851,19:10.9,rem
Josh,6/11/2026 10:18,6/8/2026,6/9/2026 0:21,1781211851,19:11.9,rem
Josh,6/11/2026 10:18,6/8/2026,6/9/2026 0:22,1781211851,19:11.3,rem
Josh,6/11/2026 10:18,6/8/2026,6/9/2026 0:23,1781211851,19:11.5,rem
Josh,6/11/2026 10:18,6/8/2026,6/9/2026 0:24,1781211851,19:11.7,rem
Josh,6/11/2026 10:18,6/8/2026,6/9/2026 0:25,1781211851,19:12.0,rem
Josh,6/11/2026 10:18,6/8/2026,6/9/2026 0:26,1781211851,19:12.2,rem
Josh,6/11/2026 10:18,6/8/2026,6/9/2026 0:27,1781211851,19:12.4,rem
Josh,6/11/2026 10:18,6/8/2026,6/9/2026 0:28,1781211851,19:12.6,rem
Josh,6/11/2026 10:18,6/8/2026,6/9/2026 0:29,1781211851,19:12.8,light
Josh,6/11/2026 10:18,6/8/2026,6/9/2026 0:30,1781211851,19:13.4,light
Josh,6/11/2026 10:18,6/8/2026,6/9/2026 0:31,1781211851,19:13.3,light
Josh,6/11/2026 10:18,6/8/2026,6/9/2026 0:32,1781211851,19:13.5,light
Josh,6/11/2026 10:18,6/8/2026,6/9/2026 0:33,1781211851,19:13.7,light
Josh,6/11/2026 10:18,6/8/2026,6/9/2026 0:34,1781211851,19:13.9,light
Josh,6/11/2026 10:18,6/8/2026,6/9/2026 0:35,1781211851,19:14.1,light
Josh,6/11/2026 10:18,6/8/2026,6/9/2026 0:36,1781211851,19:14.3,light
Josh,6/11/2026 10:18,6/8/2026,6/9/2026 0:37,1781211851,19:14.6,light
Josh,6/11/2026 10:18,6/8/2026,6/9/2026 0:38,1781211851,19:14.8,light
Josh,6/11/2026 10:18,6/8/2026,6/9/2026 0:39,1781211851,19:15.0,light
Josh,6/11/2026 10:18,6/8/2026,6/9/2026 0:40,1781211851,19:15.2,light
Josh,6/11/2026 10:18,6/8/2026,6/9/2026 0:41,1781211851,19:15.4,light
Josh,6/11/2026 10:18,6/8/2026,6/9/2026 0:42,1781211851,19:15.6,light
Josh,6/11/2026 10:18,6/8/2026,6/9/2026 0:43,1781211851,19:15.9,light
Josh,6/11/2026 10:18,6/8/2026,6/9/2026 0:44,1781211851,19:16.8,light
Josh,6/11/2026 10:18,6/8/2026,6/9/2026 0:45,1781211851,19:16.3,light
Josh,6/11/2026 10:18,6/8/2026,6/9/2026 0:46,1781211851,19:16.5,light
Josh,6/11/2026 10:18,6/8/2026,6/9/2026 0:47,1781211851,19:16.7,light
Josh,6/11/2026 10:18,6/8/2026,6/9/2026 0:48,1781211851,19:16.9,light
Josh,6/11/2026 10:18,6/8/2026,6/9/2026 0:49,1781211851,19:17.2,light
Josh,6/11/2026 10:18,6/8/2026,6/9/2026 0:50,1781211851,19:17.4,light
Josh,6/11/2026 10:18,6/8/2026,6/9/2026 0:51,1781211851,19:17.6,deep
Josh,6/11/2026 10:18,6/8/2026,6/9/2026 0:52,1781211851,19:17.8,deep
Josh,6/11/2026 10:18,6/8/2026,6/9/2026 0:53,1781211851,19:18.3,deep
Josh,6/11/2026 10:18,6/8/2026,6/9/2026 0:54,1781211851,19:18.2,deep
Josh,6/11/2026 10:18,6/8/2026,6/9/2026 0:55,1781211851,19:18.5,deep
Josh,6/11/2026 10:18,6/8/2026,6/9/2026 0:56,1781211851,19:18.7,deep
Josh,6/11/2026 10:18,6/8/2026,6/9/2026 0:57,1781211851,19:18.9,deep
Josh,6/11/2026 10:18,6/8/2026,6/9/2026 0:58,1781211851,19:19.1,deep
Josh,6/11/2026 10:18,6/8/2026,6/9/2026 0:59,1781211851,19:19.3,deep
Josh,6/11/2026 10:18,6/8/2026,6/9/2026 1:00,1781211851,19:19.5,deep
Josh,6/11/2026 10:18,6/8/2026,6/9/2026 1:01,1781211851,19:19.8,deep
Josh,6/11/2026 10:18,6/8/2026,6/9/2026 1:02,1781211851,19:20.0,deep
Josh,6/11/2026 10:18,6/8/2026,6/9/2026 1:03,1781211851,19:20.2,deep
Josh,6/11/2026 10:18,6/8/2026,6/9/2026 1:04,1781211851,19:20.4,deep
Josh,6/11/2026 10:18,6/8/2026,6/9/2026 1:05,1781211851,19:20.6,deep
Josh,6/11/2026 10:18,6/8/2026,6/9/2026 1:06,1781211851,19:20.8,deep
Josh,6/11/2026 10:18,6/8/2026,6/9/2026 1:07,1781211851,19:21.7,deep
Josh,6/11/2026 10:18,6/8/2026,6/9/2026 1:08,1781211851,19:21.3,deep
Josh,6/11/2026 10:18,6/8/2026,6/9/2026 1:09,1781211851,19:21.5,deep
Josh,6/11/2026 10:18,6/8/2026,6/9/2026 1:10,1781211851,19:21.7,deep
Josh,6/11/2026 10:18,6/8/2026,6/9/2026 1:11,1781211851,19:21.9,deep
Josh,6/11/2026 10:18,6/8/2026,6/9/2026 1:12,1781211851,19:22.2,deep
Josh,6/11/2026 10:18,6/8/2026,6/9/2026 1:13,1781211851,19:22.4,deep
Josh,6/11/2026 10:18,6/8/2026,6/9/2026 1:14,1781211851,19:22.6,deep
Josh,6/11/2026 10:18,6/8/2026,6/9/2026 1:15,1781211851,19:22.8,deep
Josh,6/11/2026 10:18,6/8/2026,6/9/2026 1:16,1781211851,19:23.2,deep
Josh,6/11/2026 10:18,6/8/2026,6/9/2026 1:17,1781211851,19:23.2,deep
Josh,6/11/2026 10:18,6/8/2026,6/9/2026 1:18,1781211851,19:23.5,deep
Josh,6/11/2026 10:18,6/8/2026,6/9/2026 1:19,1781211851,19:23.7,deep
Josh,6/11/2026 10:18,6/8/2026,6/9/2026 1:20,1781211851,19:23.9,deep
Josh,6/11/2026 10:18,6/8/2026,6/9/2026 1:21,1781211851,19:24.1,deep
Josh,6/11/2026 10:18,6/8/2026,6/9/2026 1:22,1781211851,19:24.3,deep
Josh,6/11/2026 10:18,6/8/2026,6/9/2026 1:23,1781211851,19:24.5,light
Josh,6/11/2026 10:18,6/8/2026,6/9/2026 1:24,1781211851,19:24.8,light
Josh,6/11/2026 10:18,6/8/2026,6/9/2026 1:25,1781211851,19:25.0,light
Josh,6/11/2026 10:18,6/8/2026,6/9/2026 1:26,1781211851,19:25.2,light
Josh,6/11/2026 10:18,6/8/2026,6/9/2026 1:27,1781211851,19:25.4,light
Josh,6/11/2026 10:18,6/8/2026,6/9/2026 1:28,1781211851,19:25.6,light
Josh,6/11/2026 10:18,6/8/2026,6/9/2026 1:29,1781211851,19:25.8,light
Josh,6/11/2026 10:18,6/8/2026,6/9/2026 1:30,1781211851,19:26.5,light
Josh,6/11/2026 10:18,6/8/2026,6/9/2026 1:31,1781211851,19:26.3,wake
Josh,6/11/2026 10:18,6/8/2026,6/9/2026 1:32,1781211851,19:26.5,wake
Josh,6/11/2026 10:18,6/8/2026,6/9/2026 1:33,1781211851,19:26.7,wake
Josh,6/11/2026 10:18,6/8/2026,6/9/2026 1:34,1781211851,19:26.9,rem
Josh,6/11/2026 10:18,6/8/2026,6/9/2026 1:35,1781211851,19:27.1,rem
Josh,6/11/2026 10:18,6/8/2026,6/9/2026 1:36,1781211851,19:27.4,rem
Josh,6/11/2026 10:18,6/8/2026,6/9/2026 1:37,1781211851,19:27.6,rem
Josh,6/11/2026 10:18,6/8/2026,6/9/2026 1:38,1781211851,19:27.8,rem
Josh,6/11/2026 10:18,6/8/2026,6/9/2026 1:39,1781211851,19:28.4,rem
Josh,6/11/2026 10:18,6/8/2026,6/9/2026 1:40,1781211851,19:28.2,rem
Josh,6/11/2026 10:18,6/8/2026,6/9/2026 1:41,1781211851,19:28.4,rem
Josh,6/11/2026 10:18,6/8/2026,6/9/2026 1:42,1781211851,19:28.7,rem
Josh,6/11/2026 10:18,6/8/2026,6/9/2026 1:43,1781211851,19:28.9,rem
Josh,6/11/2026 10:18,6/8/2026,6/9/2026 1:44,1781211851,19:29.9,rem
Josh,6/11/2026 10:18,6/8/2026,6/9/2026 1:45,1781211851,19:29.3,rem
Josh,6/11/2026 10:18,6/8/2026,6/9/2026 1:46,1781211851,19:29.5,rem
Josh,6/11/2026 10:18,6/8/2026,6/9/2026 1:47,1781211851,19:29.7,light
Josh,6/11/2026 10:18,6/8/2026,6/9/2026 1:48,1781211851,19:30.0,light
Josh,6/11/2026 10:18,6/8/2026,6/9/2026 1:49,1781211851,19:30.2,light
Josh,6/11/2026 10:18,6/8/2026,6/9/2026 1:50,1781211851,19:30.4,light
Josh,6/11/2026 10:18,6/8/2026,6/9/2026 1:51,1781211851,19:30.6,light
Josh,6/11/2026 10:18,6/8/2026,6/9/2026 1:52,1781211851,19:30.8,light
Josh,6/11/2026 10:18,6/8/2026,6/9/2026 1:53,1781211851,19:31.4,light
Josh,6/11/2026 10:18,6/8/2026,6/9/2026 1:54,1781211851,19:31.3,light
Josh,6/11/2026 10:18,6/8/2026,6/9/2026 1:55,1781211851,19:31.5,light
Josh,6/11/2026 10:18,6/8/2026,6/9/2026 1:56,1781211851,19:31.7,light
Josh,6/11/2026 10:18,6/8/2026,6/9/2026 1:57,1781211851,19:31.9,light
Josh,6/11/2026 10:18,6/8/2026,6/9/2026 1:58,1781211851,19:32.1,light
Josh,6/11/2026 10:18,6/8/2026,6/9/2026 1:59,1781211851,19:32.3,light
Josh,6/11/2026 10:18,6/8/2026,6/9/2026 2:00,1781211851,19:32.6,light
Josh,6/11/2026 10:18,6/8/2026,6/9/2026 2:01,1781211851,19:32.8,light
Josh,6/11/2026 10:18,6/8/2026,6/9/2026 2:02,1781211851,19:33.0,light
Josh,6/11/2026 10:18,6/8/2026,6/9/2026 2:03,1781211851,19:33.2,light
Josh,6/11/2026 10:18,6/8/2026,6/9/2026 2:04,1781211851,19:33.4,light
Josh,6/11/2026 10:18,6/8/2026,6/9/2026 2:05,1781211851,19:33.6,light
Josh,6/11/2026 10:18,6/8/2026,6/9/2026 2:06,1781211851,19:33.9,light
Josh,6/11/2026 10:18,6/8/2026,6/9/2026 2:07,1781211851,19:34.7,light
Josh,6/11/2026 10:18,6/8/2026,6/9/2026 2:08,1781211851,19:34.3,deep
Josh,6/11/2026 10:18,6/8/2026,6/9/2026 2:09,1781211851,19:34.5,deep
Josh,6/11/2026 10:18,6/8/2026,6/9/2026 2:10,1781211851,19:34.7,deep
Josh,6/11/2026 10:18,6/8/2026,6/9/2026 2:11,1781211851,19:34.9,deep
Josh,6/11/2026 10:18,6/8/2026,6/9/2026 2:12,1781211851,19:35.2,deep
Josh,6/11/2026 10:18,6/8/2026,6/9/2026 2:13,1781211851,19:35.4,deep
Josh,6/11/2026 10:18,6/8/2026,6/9/2026 2:14,1781211851,19:35.6,deep
Josh,6/11/2026 10:18,6/8/2026,6/9/2026 2:15,1781211851,19:35.8,deep
Josh,6/11/2026 10:18,6/8/2026,6/9/2026 2:16,1781211851,19:36.3,deep
Josh,6/11/2026 10:18,6/8/2026,6/9/2026 2:17,1781211851,19:36.2,deep
Josh,6/11/2026 10:18,6/8/2026,6/9/2026 2:18,1781211851,19:36.5,deep
Josh,6/11/2026 10:18,6/8/2026,6/9/2026 2:19,1781211851,19:36.7,deep
Josh,6/11/2026 10:18,6/8/2026,6/9/2026 2:20,1781211851,19:36.9,deep
Josh,6/11/2026 10:18,6/8/2026,6/9/2026 2:21,1781211851,19:37.1,deep
Josh,6/11/2026 10:18,6/8/2026,6/9/2026 2:22,1781211851,19:37.3,deep
Josh,6/11/2026 10:18,6/8/2026,6/9/2026 2:23,1781211851,19:37.5,deep
Josh,6/11/2026 10:18,6/8/2026,6/9/2026 2:24,1781211851,19:37.8,deep
Josh,6/11/2026 10:18,6/8/2026,6/9/2026 2:25,1781211851,19:38.0,deep
Josh,6/11/2026 10:18,6/8/2026,6/9/2026 2:26,1781211851,19:38.2,deep
Josh,6/11/2026 10:18,6/8/2026,6/9/2026 2:27,1781211851,19:38.4,deep
Josh,6/11/2026 10:18,6/8/2026,6/9/2026 2:28,1781211851,19:38.6,deep
Josh,6/11/2026 10:18,6/8/2026,6/9/2026 2:29,1781211851,19:38.8,deep
Josh,6/11/2026 10:18,6/8/2026,6/9/2026 2:30,1781211851,19:39.6,deep
Josh,6/11/2026 10:18,6/8/2026,6/9/2026 2:31,1781211851,19:39.3,deep
Josh,6/11/2026 10:18,6/8/2026,6/9/2026 2:32,1781211851,19:39.5,deep
Josh,6/11/2026 10:18,6/8/2026,6/9/2026 2:33,1781211851,19:39.7,deep
Josh,6/11/2026 10:18,6/8/2026,6/9/2026 2:34,1781211851,19:39.9,deep
Josh,6/11/2026 10:18,6/8/2026,6/9/2026 2:35,1781211851,19:40.1,light
Josh,6/11/2026 10:18,6/8/2026,6/9/2026 2:36,1781211851,19:40.4,light
Josh,6/11/2026 10:18,6/8/2026,6/9/2026 2:37,1781211851,19:40.6,light
Josh,6/11/2026 10:18,6/8/2026,6/9/2026 2:38,1781211851,19:40.8,light
Josh,6/11/2026 10:18,6/8/2026,6/9/2026 2:39,1781211851,19:41.1,light
Josh,6/11/2026 10:18,6/8/2026,6/9/2026 2:40,1781211851,19:41.2,light
Josh,6/11/2026 10:18,6/8/2026,6/9/2026 2:41,1781211851,19:41.4,light
Josh,6/11/2026 10:18,6/8/2026,6/9/2026 2:42,1781211851,19:41.7,rem
Josh,6/11/2026 10:18,6/8/2026,6/9/2026 2:43,1781211851,19:41.9,rem
Josh,6/11/2026 10:18,6/8/2026,6/9/2026 2:44,1781211851,19:43.0,rem
Josh,6/11/2026 10:18,6/8/2026,6/9/2026 2:45,1781211851,19:42.3,rem
Josh,6/11/2026 10:18,6/8/2026,6/9/2026 2:46,1781211851,19:42.5,rem
Josh,6/11/2026 10:18,6/8/2026,6/9/2026 2:47,1781211851,19:42.7,rem
Josh,6/11/2026 10:18,6/8/2026,6/9/2026 2:48,1781211851,19:43.0,rem
Josh,6/11/2026 10:18,6/8/2026,6/9/2026 2:49,1781211851,19:43.2,rem
Josh,6/11/2026 10:18,6/8/2026,6/9/2026 2:50,1781211851,19:43.4,rem
Josh,6/11/2026 10:18,6/8/2026,6/9/2026 2:51,1781211851,19:43.6,rem
Josh,6/11/2026 10:18,6/8/2026,6/9/2026 2:52,1781211851,19:43.8,rem
Josh,6/11/2026 10:18,6/8/2026,6/9/2026 2:53,1781211851,19:44.5,rem
Josh,6/11/2026 10:18,6/8/2026,6/9/2026 2:54,1781211851,19:44.3,rem
Josh,6/11/2026 10:18,6/8/2026,6/9/2026 2:55,1781211851,19:44.5,rem
Josh,6/11/2026 10:18,6/8/2026,6/9/2026 2:56,1781211851,19:44.7,rem
Josh,6/11/2026 10:18,6/8/2026,6/9/2026 2:57,1781211851,19:44.9,rem
Josh,6/11/2026 10:18,6/8/2026,6/9/2026 2:58,1781211851,19:45.1,light
Josh,6/11/2026 10:18,6/8/2026,6/9/2026 2:59,1781211851,19:45.3,light
Josh,6/11/2026 10:18,6/8/2026,6/9/2026 3:00,1781211851,19:45.6,light
Josh,6/11/2026 10:18,6/8/2026,6/9/2026 3:01,1781211851,19:45.8,light
Josh,6/11/2026 10:18,6/8/2026,6/9/2026 3:02,1781211851,6/11/2026 10:19,light
Josh,6/11/2026 10:18,6/8/2026,6/9/2026 3:03,1781211851,19:46.2,light
Josh,6/11/2026 10:18,6/8/2026,6/9/2026 3:04,1781211851,19:46.4,light
Josh,6/11/2026 10:18,6/8/2026,6/9/2026 3:05,1781211851,19:46.7,light
Josh,6/11/2026 10:18,6/8/2026,6/9/2026 3:06,1781211851,19:46.9,light
Josh,6/11/2026 10:18,6/8/2026,6/9/2026 3:07,1781211851,19:47.8,light
Josh,6/11/2026 10:18,6/8/2026,6/9/2026 3:08,1781211851,19:47.3,light
Josh,6/11/2026 10:18,6/8/2026,6/9/2026 3:09,1781211851,19:47.5,light
Josh,6/11/2026 10:18,6/8/2026,6/9/2026 3:10,1781211851,19:47.7,light
Josh,6/11/2026 10:18,6/8/2026,6/9/2026 3:11,1781211851,19:48.0,light
Josh,6/11/2026 10:18,6/8/2026,6/9/2026 3:12,1781211851,19:48.2,light
Josh,6/11/2026 10:18,6/8/2026,6/9/2026 3:13,1781211851,19:48.4,light
Josh,6/11/2026 10:18,6/8/2026,6/9/2026 3:14,1781211851,19:48.6,deep
Josh,6/11/2026 10:18,6/8/2026,6/9/2026 3:15,1781211851,19:48.8,deep
Josh,6/11/2026 10:18,6/8/2026,6/9/2026 3:16,1781211851,19:49.4,deep
Josh,6/11/2026 10:18,6/8/2026,6/9/2026 3:17,1781211851,19:49.3,deep
Josh,6/11/2026 10:18,6/8/2026,6/9/2026 3:18,1781211851,19:49.5,deep
Josh,6/11/2026 10:18,6/8/2026,6/9/2026 3:19,1781211851,19:49.7,deep
Josh,6/11/2026 10:18,6/8/2026,6/9/2026 3:20,1781211851,19:49.9,deep
Josh,6/11/2026 10:18,6/8/2026,6/9/2026 3:21,1781211851,19:50.1,deep
Josh,6/11/2026 10:18,6/8/2026,6/9/2026 3:22,1781211851,19:50.3,deep
Josh,6/11/2026 10:18,6/8/2026,6/9/2026 3:23,1781211851,19:50.6,deep
Josh,6/11/2026 10:18,6/8/2026,6/9/2026 3:24,1781211851,19:50.8,deep
Josh,6/11/2026 10:18,6/8/2026,6/9/2026 3:25,1781211851,19:51.0,deep
Josh,6/11/2026 10:18,6/8/2026,6/9/2026 3:26,1781211851,19:51.2,deep
Josh,6/11/2026 10:18,6/8/2026,6/9/2026 3:27,1781211851,19:51.4,deep
Josh,6/11/2026 10:18,6/8/2026,6/9/2026 3:28,1781211851,19:51.6,deep
Josh,6/11/2026 10:18,6/8/2026,6/9/2026 3:29,1781211851,19:51.9,deep
Josh,6/11/2026 10:18,6/8/2026,6/9/2026 3:30,1781211851,19:52.7,deep
Josh,6/11/2026 10:18,6/8/2026,6/9/2026 3:31,1781211851,19:52.3,deep
Josh,6/11/2026 10:18,6/8/2026,6/9/2026 3:32,1781211851,19:52.5,deep
Josh,6/11/2026 10:18,6/8/2026,6/9/2026 3:33,1781211851,19:52.7,deep
Josh,6/11/2026 10:18,6/8/2026,6/9/2026 3:34,1781211851,19:52.9,light
Josh,6/11/2026 10:18,6/8/2026,6/9/2026 3:35,1781211851,19:53.2,light
Josh,6/11/2026 10:18,6/8/2026,6/9/2026 3:36,1781211851,19:53.4,light
Josh,6/11/2026 10:18,6/8/2026,6/9/2026 3:37,1781211851,19:53.6,light
Josh,6/11/2026 10:18,6/8/2026,6/9/2026 3:38,1781211851,19:53.8,light
Josh,6/11/2026 10:18,6/8/2026,6/9/2026 3:39,1781211851,19:54.2,rem
Josh,6/11/2026 10:18,6/8/2026,6/9/2026 3:40,1781211851,19:54.2,rem
Josh,6/11/2026 10:18,6/8/2026,6/9/2026 3:41,1781211851,19:54.5,rem
Josh,6/11/2026 10:18,6/8/2026,6/9/2026 3:42,1781211851,19:54.7,rem
Josh,6/11/2026 10:18,6/8/2026,6/9/2026 3:43,1781211851,19:54.9,rem
Josh,6/11/2026 10:18,6/8/2026,6/9/2026 3:44,1781211851,19:55.1,rem
Josh,6/11/2026 10:18,6/8/2026,6/9/2026 3:45,1781211851,19:55.3,rem
Josh,6/11/2026 10:18,6/8/2026,6/9/2026 3:46,1781211851,19:55.5,rem
Josh,6/11/2026 10:18,6/8/2026,6/9/2026 3:47,1781211851,19:55.8,rem
Josh,6/11/2026 10:18,6/8/2026,6/9/2026 3:48,1781211851,19:56.0,rem
Josh,6/11/2026 10:18,6/8/2026,6/9/2026 3:49,1781211851,19:56.2,rem
Josh,6/11/2026 10:18,6/8/2026,6/9/2026 3:50,1781211851,19:56.4,rem
Josh,6/11/2026 10:18,6/8/2026,6/9/2026 3:51,1781211851,19:56.6,rem
Josh,6/11/2026 10:18,6/8/2026,6/9/2026 3:52,1781211851,19:56.8,rem
Josh,6/11/2026 10:18,6/8/2026,6/9/2026 3:53,1781211851,19:57.6,rem
Josh,6/11/2026 10:18,6/8/2026,6/9/2026 3:54,1781211851,19:57.3,rem
Josh,6/11/2026 10:18,6/8/2026,6/9/2026 3:55,1781211851,19:57.5,rem
Josh,6/11/2026 10:18,6/8/2026,6/9/2026 3:56,1781211851,19:57.7,rem
Josh,6/11/2026 10:18,6/8/2026,6/9/2026 3:57,1781211851,19:57.9,rem
Josh,6/11/2026 10:18,6/8/2026,6/9/2026 3:58,1781211851,19:58.1,light
Josh,6/11/2026 10:18,6/8/2026,6/9/2026 3:59,1781211851,19:58.4,light
Josh,6/11/2026 10:18,6/8/2026,6/9/2026 4:00,1781211851,19:58.6,light
Josh,6/11/2026 10:18,6/8/2026,6/9/2026 4:01,1781211851,19:58.8,light
Josh,6/11/2026 10:18,6/8/2026,6/9/2026 4:02,1781211851,19:59.9,light
Josh,6/11/2026 10:18,6/8/2026,6/9/2026 4:03,1781211851,19:59.2,light
Josh,6/11/2026 10:18,6/8/2026,6/9/2026 4:04,1781211851,19:59.4,light
Josh,6/11/2026 10:18,6/8/2026,6/9/2026 4:05,1781211851,19:59.7,light
Josh,6/11/2026 10:18,6/8/2026,6/9/2026 4:06,1781211851,19:59.9,light
Josh,6/11/2026 10:18,6/8/2026,6/9/2026 4:07,1781211851,20:00.9,light
Josh,6/11/2026 10:18,6/8/2026,6/9/2026 4:08,1781211851,20:00.3,light
Josh,6/11/2026 10:18,6/8/2026,6/9/2026 4:09,1781211851,20:00.5,light
Josh,6/11/2026 10:18,6/8/2026,6/9/2026 4:10,1781211851,20:00.7,light
Josh,6/11/2026 10:18,6/8/2026,6/9/2026 4:11,1781211851,20:01.0,light
Josh,6/11/2026 10:18,6/8/2026,6/9/2026 4:12,1781211851,20:01.2,light
Josh,6/11/2026 10:18,6/8/2026,6/9/2026 4:13,1781211851,20:01.4,light
Josh,6/11/2026 10:18,6/8/2026,6/9/2026 4:14,1781211851,20:01.6,light
Josh,6/11/2026 10:18,6/8/2026,6/9/2026 4:15,1781211851,20:01.8,light
Josh,6/11/2026 10:18,6/8/2026,6/9/2026 4:16,1781211851,20:02.4,deep
Josh,6/11/2026 10:18,6/8/2026,6/9/2026 4:17,1781211851,20:02.3,deep
Josh,6/11/2026 10:18,6/8/2026,6/9/2026 4:18,1781211851,20:02.5,deep
Josh,6/11/2026 10:18,6/8/2026,6/9/2026 4:19,1781211851,20:02.7,deep
Josh,6/11/2026 10:18,6/8/2026,6/9/2026 4:20,1781211851,20:02.9,deep
Josh,6/11/2026 10:18,6/8/2026,6/9/2026 4:21,1781211851,20:03.1,deep
Josh,6/11/2026 10:18,6/8/2026,6/9/2026 4:22,1781211851,20:03.3,deep
Josh,6/11/2026 10:18,6/8/2026,6/9/2026 4:23,1781211851,20:03.6,deep
Josh,6/11/2026 10:18,6/8/2026,6/9/2026 4:24,1781211851,20:03.8,deep
Josh,6/11/2026 10:18,6/8/2026,6/9/2026 4:25,1781211851,20:04.0,deep
Josh,6/11/2026 10:18,6/8/2026,6/9/2026 4:26,1781211851,20:04.2,deep
Josh,6/11/2026 10:18,6/8/2026,6/9/2026 4:27,1781211851,20:04.4,deep
Josh,6/11/2026 10:18,6/8/2026,6/9/2026 4:28,1781211851,20:04.6,light
Josh,6/11/2026 10:18,6/8/2026,6/9/2026 4:29,1781211851,20:04.9,light
Josh,6/11/2026 10:18,6/8/2026,6/9/2026 4:30,1781211851,20:05.8,light
Josh,6/11/2026 10:18,6/8/2026,6/9/2026 4:31,1781211851,20:05.3,light
Josh,6/11/2026 10:18,6/8/2026,6/9/2026 4:32,1781211851,20:05.5,light
Josh,6/11/2026 10:18,6/8/2026,6/9/2026 4:33,1781211851,20:05.7,light
Josh,6/11/2026 10:18,6/8/2026,6/9/2026 4:34,1781211851,20:05.9,rem
Josh,6/11/2026 10:18,6/8/2026,6/9/2026 4:35,1781211851,20:06.2,rem
Josh,6/11/2026 10:18,6/8/2026,6/9/2026 4:36,1781211851,20:06.4,rem
Josh,6/11/2026 10:18,6/8/2026,6/9/2026 4:37,1781211851,20:06.6,rem
Josh,6/11/2026 10:18,6/8/2026,6/9/2026 4:38,1781211851,20:06.8,rem
Josh,6/11/2026 10:18,6/8/2026,6/9/2026 4:39,1781211851,20:07.3,rem
Josh,6/11/2026 10:18,6/8/2026,6/9/2026 4:40,1781211851,20:07.2,rem
Josh,6/11/2026 10:18,6/8/2026,6/9/2026 4:41,1781211851,20:07.5,rem
Josh,6/11/2026 10:18,6/8/2026,6/9/2026 4:42,1781211851,20:07.7,rem
Josh,6/11/2026 10:18,6/8/2026,6/9/2026 4:43,1781211851,20:07.9,rem
Josh,6/11/2026 10:18,6/8/2026,6/9/2026 4:44,1781211851,20:08.1,rem
Josh,6/11/2026 10:18,6/8/2026,6/9/2026 4:45,1781211851,20:08.3,rem
Josh,6/11/2026 10:18,6/8/2026,6/9/2026 4:46,1781211851,20:08.5,rem
Josh,6/11/2026 10:18,6/8/2026,6/9/2026 4:47,1781211851,20:08.8,rem
Josh,6/11/2026 10:18,6/8/2026,6/9/2026 4:48,1781211851,20:09.0,rem
Josh,6/11/2026 10:18,6/8/2026,6/9/2026 4:49,1781211851,20:09.2,rem
Josh,6/11/2026 10:18,6/8/2026,6/9/2026 4:50,1781211851,20:09.4,rem
Josh,6/11/2026 10:18,6/8/2026,6/9/2026 4:51,1781211851,20:09.6,rem
Josh,6/11/2026 10:18,6/8/2026,6/9/2026 4:52,1781211851,20:09.8,rem
Josh,6/11/2026 10:18,6/8/2026,6/9/2026 4:53,1781211851,20:10.7,rem
Josh,6/11/2026 10:18,6/8/2026,6/9/2026 4:54,1781211851,20:10.3,rem
Josh,6/11/2026 10:18,6/8/2026,6/9/2026 4:55,1781211851,20:10.5,rem
Josh,6/11/2026 10:18,6/8/2026,6/9/2026 4:56,1781211851,20:10.7,rem
Josh,6/11/2026 10:18,6/8/2026,6/9/2026 4:57,1781211851,20:10.9,rem
Josh,6/11/2026 10:18,6/8/2026,6/9/2026 4:58,1781211851,20:11.2,rem
Josh,6/11/2026 10:18,6/8/2026,6/9/2026 4:59,1781211851,20:11.4,light
Josh,6/11/2026 10:18,6/8/2026,6/9/2026 5:00,1781211851,20:11.6,light
Josh,6/11/2026 10:18,6/8/2026,6/9/2026 5:01,1781211851,20:11.8,light
Josh,6/11/2026 10:18,6/8/2026,6/9/2026 5:02,1781211851,20:12.2,light
Josh,6/11/2026 10:18,6/8/2026,6/9/2026 5:03,1781211851,20:12.2,light
Josh,6/11/2026 10:18,6/8/2026,6/9/2026 5:04,1781211851,20:12.5,light
Josh,6/11/2026 10:18,6/8/2026,6/9/2026 5:05,1781211851,20:12.7,light
Josh,6/11/2026 10:18,6/8/2026,6/9/2026 5:06,1781211851,20:12.9,light
Josh,6/11/2026 10:18,6/8/2026,6/9/2026 5:07,1781211851,20:13.1,light
Josh,6/11/2026 10:18,6/8/2026,6/9/2026 5:08,1781211851,20:13.3,light
Josh,6/11/2026 10:18,6/8/2026,6/9/2026 5:09,1781211851,20:13.5,light
Josh,6/11/2026 10:18,6/8/2026,6/9/2026 5:10,1781211851,20:13.8,light
Josh,6/11/2026 10:18,6/8/2026,6/9/2026 5:11,1781211851,20:14.0,light
Josh,6/11/2026 10:18,6/8/2026,6/9/2026 5:12,1781211851,20:14.2,light
Josh,6/11/2026 10:18,6/8/2026,6/9/2026 5:13,1781211851,20:14.4,light
Josh,6/11/2026 10:18,6/8/2026,6/9/2026 5:14,1781211851,20:14.6,light
Josh,6/11/2026 10:18,6/8/2026,6/9/2026 5:15,1781211851,20:14.8,light
Josh,6/11/2026 10:18,6/8/2026,6/9/2026 5:16,1781211851,20:15.5,light
Josh,6/11/2026 10:18,6/8/2026,6/9/2026 5:17,1781211851,20:15.3,light
Josh,6/11/2026 10:18,6/8/2026,6/9/2026 5:18,1781211851,20:15.5,light
Josh,6/11/2026 10:18,6/8/2026,6/9/2026 5:19,1781211851,20:15.7,light
Josh,6/11/2026 10:18,6/8/2026,6/9/2026 5:20,1781211851,20:15.9,light
Josh,6/11/2026 10:18,6/8/2026,6/9/2026 5:21,1781211851,20:16.1,deep
Josh,6/11/2026 10:18,6/8/2026,6/9/2026 5:22,1781211851,20:16.4,deep
Josh,6/11/2026 10:18,6/8/2026,6/9/2026 5:23,1781211851,20:16.6,deep
Josh,6/11/2026 10:18,6/8/2026,6/9/2026 5:24,1781211851,20:16.8,deep
Josh,6/11/2026 10:18,6/8/2026,6/9/2026 5:25,1781211851,20:17.5,deep
Josh,6/11/2026 10:18,6/8/2026,6/9/2026 5:26,1781211851,20:17.2,deep
Josh,6/11/2026 10:18,6/8/2026,6/9/2026 5:27,1781211851,20:17.4,deep
Josh,6/11/2026 10:18,6/8/2026,6/9/2026 5:28,1781211851,20:17.7,deep
Josh,6/11/2026 10:18,6/8/2026,6/9/2026 5:29,1781211851,20:17.9,deep
Josh,6/11/2026 10:18,6/8/2026,6/9/2026 5:30,1781211851,20:18.9,light
Josh,6/11/2026 10:18,6/8/2026,6/9/2026 5:31,1781211851,20:18.3,light
Josh,6/11/2026 10:18,6/8/2026,6/9/2026 5:32,1781211851,20:18.5,light
Josh,6/11/2026 10:18,6/8/2026,6/9/2026 5:33,1781211851,20:18.7,light
Josh,6/11/2026 10:18,6/8/2026,6/9/2026 5:34,1781211851,20:19.0,light
Josh,6/11/2026 10:18,6/8/2026,6/9/2026 5:35,1781211851,20:19.2,light
Josh,6/11/2026 10:18,6/8/2026,6/9/2026 5:36,1781211851,20:19.4,light
Josh,6/11/2026 10:18,6/8/2026,6/9/2026 5:37,1781211851,20:19.6,light
Josh,6/11/2026 10:18,6/8/2026,6/9/2026 5:38,1781211851,20:19.8,wake
Josh,6/11/2026 10:18,6/8/2026,6/9/2026 5:39,1781211851,20:20.4,wake
Josh,6/11/2026 10:18,6/8/2026,6/9/2026 5:40,1781211851,20:20.3,wake
Josh,6/11/2026 10:18,6/8/2026,6/9/2026 5:41,1781211851,20:20.5,rem
Josh,6/11/2026 10:18,6/8/2026,6/9/2026 5:42,1781211851,20:20.7,rem
Josh,6/11/2026 10:18,6/8/2026,6/9/2026 5:43,1781211851,20:20.9,rem
Josh,6/11/2026 10:18,6/8/2026,6/9/2026 5:44,1781211851,20:21.1,rem
Josh,6/11/2026 10:18,6/8/2026,6/9/2026 5:45,1781211851,20:21.3,rem
Josh,6/11/2026 10:18,6/8/2026,6/9/2026 5:46,1781211851,20:21.6,rem
Josh,6/11/2026 10:18,6/8/2026,6/9/2026 5:47,1781211851,20:21.8,rem
Josh,6/11/2026 10:18,6/8/2026,6/9/2026 5:48,1781211851,20:22.0,rem
Josh,6/11/2026 10:18,6/8/2026,6/9/2026 5:49,1781211851,20:22.2,rem
Josh,6/11/2026 10:18,6/8/2026,6/9/2026 5:50,1781211851,20:22.4,rem
Josh,6/11/2026 10:18,6/8/2026,6/9/2026 5:51,1781211851,20:22.6,rem
Josh,6/11/2026 10:18,6/8/2026,6/9/2026 5:52,1781211851,20:22.9,rem
Josh,6/11/2026 10:18,6/8/2026,6/9/2026 5:53,1781211851,20:23.8,rem
Josh,6/11/2026 10:18,6/8/2026,6/9/2026 5:54,1781211851,20:23.3,rem
Josh,6/11/2026 10:18,6/8/2026,6/9/2026 5:55,1781211851,20:23.5,rem
Josh,6/11/2026 10:18,6/8/2026,6/9/2026 5:56,1781211851,20:23.7,rem
Josh,6/11/2026 10:18,6/8/2026,6/9/2026 5:57,1781211851,20:23.9,rem
Josh,6/11/2026 10:18,6/8/2026,6/9/2026 5:58,1781211851,20:24.2,rem
Josh,6/11/2026 10:18,6/8/2026,6/9/2026 5:59,1781211851,20:24.4,rem
Josh,6/11/2026 10:18,6/8/2026,6/9/2026 6:00,1781211851,20:24.6,rem
Josh,6/11/2026 10:18,6/8/2026,6/9/2026 6:01,1781211851,20:24.8,rem
Josh,6/11/2026 10:18,6/8/2026,6/9/2026 6:02,1781211851,20:25.3,rem
Josh,6/11/2026 10:18,6/8/2026,6/9/2026 6:03,1781211851,20:25.2,rem
Josh,6/11/2026 10:18,6/8/2026,6/9/2026 6:04,1781211851,20:25.5,rem
Josh,6/11/2026 10:18,6/8/2026,6/9/2026 6:05,1781211851,20:25.7,rem
Josh,6/11/2026 10:18,6/8/2026,6/9/2026 6:06,1781211851,20:25.9,rem
Josh,6/11/2026 10:18,6/8/2026,6/9/2026 6:07,1781211851,20:26.1,rem
Josh,6/11/2026 10:18,6/8/2026,6/9/2026 6:08,1781211851,20:26.3,rem
Josh,6/11/2026 10:18,6/8/2026,6/9/2026 6:09,1781211851,20:26.5,light
Josh,6/11/2026 10:18,6/8/2026,6/9/2026 6:10,1781211851,20:26.8,light
Josh,6/11/2026 10:18,6/8/2026,6/9/2026 6:11,1781211851,20:27.0,light
Josh,6/11/2026 10:18,6/8/2026,6/9/2026 6:12,1781211851,20:27.2,light
Josh,6/11/2026 10:18,6/8/2026,6/9/2026 6:13,1781211851,20:27.4,light
Josh,6/11/2026 10:18,6/8/2026,6/9/2026 6:14,1781211851,20:27.6,light
Josh,6/11/2026 10:18,6/8/2026,6/9/2026 6:15,1781211851,20:27.8,light
Josh,6/11/2026 10:18,6/8/2026,6/9/2026 6:16,1781211851,20:28.6,light
Josh,6/11/2026 10:18,6/8/2026,6/9/2026 6:17,1781211851,20:28.3,light
Josh,6/11/2026 10:18,6/8/2026,6/9/2026 6:18,1781211851,20:28.5,light
Josh,6/11/2026 10:18,6/8/2026,6/9/2026 6:19,1781211851,20:28.7,light
Josh,6/11/2026 10:18,6/8/2026,6/9/2026 6:20,1781211851,20:28.9,light
Josh,6/11/2026 10:18,6/8/2026,6/9/2026 6:21,1781211851,20:29.1,light
Josh,6/11/2026 10:18,6/8/2026,6/9/2026 6:22,1781211851,20:29.4,light
Josh,6/11/2026 10:18,6/8/2026,6/9/2026 6:23,1781211851,20:29.6,light
Josh,6/11/2026 10:18,6/8/2026,6/9/2026 6:24,1781211851,20:29.8,light
Josh,6/11/2026 10:18,6/8/2026,6/9/2026 6:25,1781211851,20:30.1,deep
Josh,6/11/2026 10:18,6/8/2026,6/9/2026 6:26,1781211851,20:30.2,deep
Josh,6/11/2026 10:18,6/8/2026,6/9/2026 6:27,1781211851,20:30.4,deep
Josh,6/11/2026 10:18,6/8/2026,6/9/2026 6:28,1781211851,20:30.7,deep
Josh,6/11/2026 10:18,6/8/2026,6/9/2026 6:29,1781211851,20:30.9,deep
Josh,6/11/2026 10:18,6/8/2026,6/9/2026 6:30,1781211851,20:32.0,deep
Josh,6/11/2026 10:18,6/8/2026,6/9/2026 6:31,1781211851,20:31.3,deep
Josh,6/11/2026 10:18,6/8/2026,6/9/2026 6:32,1781211851,20:31.5,light
Josh,6/11/2026 10:18,6/8/2026,6/9/2026 6:33,1781211851,20:31.7,light
Josh,6/11/2026 10:18,6/8/2026,6/9/2026 6:34,1781211851,20:32.0,light
Josh,6/11/2026 10:18,6/8/2026,6/9/2026 6:35,1781211851,20:32.2,light
Josh,6/11/2026 10:18,6/8/2026,6/9/2026 6:36,1781211851,20:32.4,light
Josh,6/11/2026 10:18,6/8/2026,6/9/2026 6:37,1781211851,20:32.6,rem
Josh,6/11/2026 10:18,6/8/2026,6/9/2026 6:38,1781211851,20:32.8,rem
Josh,6/11/2026 10:18,6/8/2026,6/9/2026 6:39,1781211851,20:33.5,rem
Josh,6/11/2026 10:18,6/8/2026,6/9/2026 6:40,1781211851,20:33.3,rem
Josh,6/11/2026 10:18,6/8/2026,6/9/2026 6:41,1781211851,20:33.5,rem
Josh,6/11/2026 10:18,6/8/2026,6/9/2026 6:42,1781211851,20:33.7,rem
Josh,6/11/2026 10:18,6/8/2026,6/9/2026 6:43,1781211851,20:33.9,rem
Josh,6/11/2026 10:18,6/8/2026,6/9/2026 6:44,1781211851,20:34.1,rem
Josh,6/11/2026 10:18,6/8/2026,6/9/2026 6:45,1781211851,20:34.3,rem
Josh,6/11/2026 10:18,6/8/2026,6/9/2026 6:46,1781211851,20:34.6,rem
Josh,6/11/2026 10:18,6/8/2026,6/9/2026 6:47,1781211851,20:34.8,rem
Josh,6/11/2026 10:18,6/8/2026,6/9/2026 6:48,1781211851,20:35.1,rem
Josh,6/11/2026 10:18,6/8/2026,6/9/2026 6:49,1781211851,20:35.2,rem
Josh,6/11/2026 10:18,6/8/2026,6/9/2026 6:50,1781211851,20:35.4,rem
Josh,6/11/2026 10:18,6/8/2026,6/9/2026 6:51,1781211851,20:35.7,rem
Josh,6/11/2026 10:18,6/8/2026,6/9/2026 6:52,1781211851,20:35.9,rem
Josh,6/11/2026 10:18,6/8/2026,6/9/2026 6:53,1781211851,20:36.8,rem
Josh,6/11/2026 10:18,6/8/2026,6/9/2026 6:54,1781211851,20:36.3,rem
Josh,6/11/2026 10:18,6/8/2026,6/9/2026 6:55,1781211851,20:36.5,rem
Josh,6/11/2026 10:18,6/8/2026,6/9/2026 6:56,1781211851,20:36.7,rem
Josh,6/11/2026 10:18,6/8/2026,6/9/2026 6:57,1781211851,20:37.0,rem
Josh,6/11/2026 10:18,6/8/2026,6/9/2026 6:58,1781211851,20:37.2,rem
Josh,6/11/2026 10:18,6/8/2026,6/9/2026 6:59,1781211851,20:37.4,rem
Josh,6/11/2026 10:18,6/8/2026,6/9/2026 7:00,1781211851,20:37.6,rem
Josh,6/11/2026 10:18,6/8/2026,6/9/2026 7:01,1781211851,20:37.8,rem
Josh,6/11/2026 10:18,6/8/2026,6/9/2026 7:02,1781211851,20:38.4,rem
Josh,6/11/2026 10:18,6/8/2026,6/9/2026 7:03,1781211851,20:38.3,rem
Josh,6/11/2026 10:18,6/8/2026,6/9/2026 7:04,1781211851,20:38.5,rem
Josh,6/11/2026 10:18,6/8/2026,6/9/2026 7:05,1781211851,20:38.7,rem
Josh,6/11/2026 10:18,6/8/2026,6/9/2026 7:06,1781211851,20:38.9,rem
Josh,6/11/2026 10:18,6/8/2026,6/9/2026 7:07,1781211851,20:39.1,rem
Josh,6/11/2026 10:18,6/8/2026,6/9/2026 7:08,1781211851,20:39.3,rem
Josh,6/11/2026 10:18,6/8/2026,6/9/2026 7:09,1781211851,20:39.6,rem
Josh,6/11/2026 10:18,6/8/2026,6/9/2026 7:10,1781211851,20:39.8,rem
Josh,6/11/2026 10:18,6/8/2026,6/9/2026 7:11,1781211851,20:40.0,light
Josh,6/11/2026 10:18,6/8/2026,6/9/2026 7:12,1781211851,20:40.2,light
Josh,6/11/2026 10:18,6/8/2026,6/9/2026 7:13,1781211851,20:40.4,light
Josh,6/11/2026 10:18,6/8/2026,6/9/2026 7:14,1781211851,20:40.6,light
Josh,6/11/2026 10:18,6/8/2026,6/9/2026 7:15,1781211851,20:40.9,light
Josh,6/11/2026 10:18,6/8/2026,6/9/2026 7:16,1781211851,20:41.7,light
Josh,6/11/2026 10:18,6/8/2026,6/9/2026 7:17,1781211851,20:41.3,light
Josh,6/11/2026 10:18,6/8/2026,6/9/2026 7:18,1781211851,20:41.5,light
Josh,6/11/2026 10:18,6/8/2026,6/9/2026 7:19,1781211851,20:41.7,light
Josh,6/11/2026 10:18,6/8/2026,6/9/2026 7:20,1781211851,20:41.9,light
Josh,6/11/2026 10:18,6/8/2026,6/9/2026 7:21,1781211851,20:42.2,light
Josh,6/11/2026 10:18,6/8/2026,6/9/2026 7:22,1781211851,20:42.4,light
Josh,6/11/2026 10:18,6/8/2026,6/9/2026 7:23,1781211851,20:42.6,light
Josh,6/11/2026 10:18,6/8/2026,6/9/2026 7:24,1781211851,20:42.8,light
Josh,6/11/2026 10:18,6/8/2026,6/9/2026 7:25,1781211851,20:43.2,light
Josh,6/11/2026 10:18,6/8/2026,6/9/2026 7:26,1781211851,20:43.2,light
Josh,6/11/2026 10:18,6/8/2026,6/9/2026 7:27,1781211851,20:43.5,light
Josh,6/11/2026 10:18,6/8/2026,6/9/2026 7:28,1781211851,20:43.7,light
Josh,6/11/2026 10:18,6/8/2026,6/9/2026 7:29,1781211851,20:43.9,deep
Josh,6/11/2026 10:18,6/8/2026,6/9/2026 7:30,1781211851,20:44.1,deep
Josh,6/11/2026 10:18,6/8/2026,6/9/2026 7:31,1781211851,20:44.3,deep
Josh,6/11/2026 10:18,6/8/2026,6/9/2026 7:32,1781211851,20:44.5,deep
Josh,6/11/2026 10:20,6/9/2026,6/9/2026 23:26,1781212174,6/11/2026 10:20,light
Josh,6/11/2026 10:20,6/9/2026,6/9/2026 23:27,1781212174,20:11.2,light
Josh,6/11/2026 10:20,6/9/2026,6/9/2026 23:28,1781212174,20:11.4,light
Josh,6/11/2026 10:20,6/9/2026,6/9/2026 23:29,1781212174,20:11.7,light
Josh,6/11/2026 10:20,6/9/2026,6/9/2026 23:30,1781212174,20:11.9,light
Josh,6/11/2026 10:20,6/9/2026,6/9/2026 23:31,1781212174,20:13.0,light
Josh,6/11/2026 10:20,6/9/2026,6/9/2026 23:32,1781212174,20:12.3,light
Josh,6/11/2026 10:20,6/9/2026,6/9/2026 23:33,1781212174,20:12.5,light
Josh,6/11/2026 10:20,6/9/2026,6/9/2026 23:34,1781212174,20:12.8,light
Josh,6/11/2026 10:20,6/9/2026,6/9/2026 23:35,1781212174,20:13.0,light
Josh,6/11/2026 10:20,6/9/2026,6/9/2026 23:36,1781212174,20:13.2,light
Josh,6/11/2026 10:20,6/9/2026,6/9/2026 23:37,1781212174,20:13.4,light
Josh,6/11/2026 10:20,6/9/2026,6/9/2026 23:38,1781212174,20:13.6,light
Josh,6/11/2026 10:20,6/9/2026,6/9/2026 23:39,1781212174,20:13.9,light
Josh,6/11/2026 10:20,6/9/2026,6/9/2026 23:40,1781212174,20:14.8,light
Josh,6/11/2026 10:20,6/9/2026,6/9/2026 23:41,1781212174,20:14.3,light
Josh,6/11/2026 10:20,6/9/2026,6/9/2026 23:42,1781212174,20:14.5,light
Josh,6/11/2026 10:20,6/9/2026,6/9/2026 23:43,1781212174,20:14.7,light
Josh,6/11/2026 10:20,6/9/2026,6/9/2026 23:44,1781212174,20:15.0,light
Josh,6/11/2026 10:20,6/9/2026,6/9/2026 23:45,1781212174,20:15.2,light
Josh,6/11/2026 10:20,6/9/2026,6/9/2026 23:46,1781212174,20:15.4,light
Josh,6/11/2026 10:20,6/9/2026,6/9/2026 23:47,1781212174,20:15.6,light
Josh,6/11/2026 10:20,6/9/2026,6/9/2026 23:48,1781212174,20:15.8,deep
Josh,6/11/2026 10:20,6/9/2026,6/9/2026 23:49,1781212174,20:16.6,deep
Josh,6/11/2026 10:20,6/9/2026,6/9/2026 23:50,1781212174,20:16.3,deep
Josh,6/11/2026 10:20,6/9/2026,6/9/2026 23:51,1781212174,20:16.5,deep
Josh,6/11/2026 10:20,6/9/2026,6/9/2026 23:52,1781212174,20:16.7,deep
Josh,6/11/2026 10:20,6/9/2026,6/9/2026 23:53,1781212174,20:16.9,deep
Josh,6/11/2026 10:20,6/9/2026,6/9/2026 23:54,1781212174,20:17.2,deep
Josh,6/11/2026 10:20,6/9/2026,6/9/2026 23:55,1781212174,20:17.4,deep
Josh,6/11/2026 10:20,6/9/2026,6/9/2026 23:56,1781212174,20:17.6,deep
Josh,6/11/2026 10:20,6/9/2026,6/9/2026 23:57,1781212174,20:17.8,deep
Josh,6/11/2026 10:20,6/9/2026,6/9/2026 23:58,1781212174,20:18.3,deep
Josh,6/11/2026 10:20,6/9/2026,6/9/2026 23:59,1781212174,20:18.3,deep
Josh,6/11/2026 10:20,6/9/2026,6/10/2026 0:00,1781212174,20:18.5,deep
Josh,6/11/2026 10:20,6/9/2026,6/10/2026 0:01,1781212174,20:18.7,deep
Josh,6/11/2026 10:20,6/9/2026,6/10/2026 0:02,1781212174,20:18.9,deep
Josh,6/11/2026 10:20,6/9/2026,6/10/2026 0:03,1781212174,20:19.1,deep
Josh,6/11/2026 10:20,6/9/2026,6/10/2026 0:04,1781212174,20:19.4,deep
Josh,6/11/2026 10:20,6/9/2026,6/10/2026 0:05,1781212174,20:19.6,deep
Josh,6/11/2026 10:20,6/9/2026,6/10/2026 0:06,1781212174,20:19.8,deep
Josh,6/11/2026 10:20,6/9/2026,6/10/2026 0:07,1781212174,20:20.1,deep
Josh,6/11/2026 10:20,6/9/2026,6/10/2026 0:08,1781212174,20:20.2,deep
Josh,6/11/2026 10:20,6/9/2026,6/10/2026 0:09,1781212174,20:20.5,deep
Josh,6/11/2026 10:20,6/9/2026,6/10/2026 0:10,1781212174,20:20.7,deep
Josh,6/11/2026 10:20,6/9/2026,6/10/2026 0:11,1781212174,20:20.9,deep
Josh,6/11/2026 10:20,6/9/2026,6/10/2026 0:12,1781212174,20:21.1,deep
Josh,6/11/2026 10:20,6/9/2026,6/10/2026 0:13,1781212174,20:21.3,deep
Josh,6/11/2026 10:20,6/9/2026,6/10/2026 0:14,1781212174,20:21.6,deep
Josh,6/11/2026 10:20,6/9/2026,6/10/2026 0:15,1781212174,20:21.8,light
Josh,6/11/2026 10:20,6/9/2026,6/10/2026 0:16,1781212174,20:22.0,light
Josh,6/11/2026 10:20,6/9/2026,6/10/2026 0:17,1781212174,20:22.2,light
Josh,6/11/2026 10:20,6/9/2026,6/10/2026 0:18,1781212174,20:22.4,light
Josh,6/11/2026 10:20,6/9/2026,6/10/2026 0:19,1781212174,20:22.7,light
Josh,6/11/2026 10:20,6/9/2026,6/10/2026 0:20,1781212174,20:22.9,light
Josh,6/11/2026 10:20,6/9/2026,6/10/2026 0:21,1781212174,20:23.9,light
Josh,6/11/2026 10:20,6/9/2026,6/10/2026 0:22,1781212174,20:23.3,rem
Josh,6/11/2026 10:20,6/9/2026,6/10/2026 0:23,1781212174,20:23.5,rem
Josh,6/11/2026 10:20,6/9/2026,6/10/2026 0:24,1781212174,20:23.7,rem
Josh,6/11/2026 10:20,6/9/2026,6/10/2026 0:25,1781212174,20:24.0,rem
Josh,6/11/2026 10:20,6/9/2026,6/10/2026 0:26,1781212174,20:24.2,rem
Josh,6/11/2026 10:20,6/9/2026,6/10/2026 0:27,1781212174,20:24.4,rem
Josh,6/11/2026 10:20,6/9/2026,6/10/2026 0:28,1781212174,20:24.6,rem
Josh,6/11/2026 10:20,6/9/2026,6/10/2026 0:29,1781212174,20:24.8,rem
Josh,6/11/2026 10:20,6/9/2026,6/10/2026 0:30,1781212174,20:25.7,rem
Josh,6/11/2026 10:20,6/9/2026,6/10/2026 0:31,1781212174,20:25.3,rem
Josh,6/11/2026 10:20,6/9/2026,6/10/2026 0:32,1781212174,20:25.5,rem
Josh,6/11/2026 10:20,6/9/2026,6/10/2026 0:33,1781212174,20:25.7,rem
Josh,6/11/2026 10:20,6/9/2026,6/10/2026 0:34,1781212174,20:25.9,rem
Josh,6/11/2026 10:20,6/9/2026,6/10/2026 0:35,1781212174,20:26.2,rem
Josh,6/11/2026 10:20,6/9/2026,6/10/2026 0:36,1781212174,20:26.4,rem
Josh,6/11/2026 10:20,6/9/2026,6/10/2026 0:37,1781212174,20:26.6,light
Josh,6/11/2026 10:20,6/9/2026,6/10/2026 0:38,1781212174,20:26.8,light
Josh,6/11/2026 10:20,6/9/2026,6/10/2026 0:39,1781212174,20:27.5,light
Josh,6/11/2026 10:20,6/9/2026,6/10/2026 0:40,1781212174,20:27.3,light
Josh,6/11/2026 10:20,6/9/2026,6/10/2026 0:41,1781212174,20:27.5,light
Josh,6/11/2026 10:20,6/9/2026,6/10/2026 0:42,1781212174,20:27.7,light
Josh,6/11/2026 10:20,6/9/2026,6/10/2026 0:43,1781212174,20:27.9,light
Josh,6/11/2026 10:20,6/9/2026,6/10/2026 0:44,1781212174,20:28.1,light
Josh,6/11/2026 10:20,6/9/2026,6/10/2026 0:45,1781212174,20:28.4,light
Josh,6/11/2026 10:20,6/9/2026,6/10/2026 0:46,1781212174,20:28.6,light
Josh,6/11/2026 10:20,6/9/2026,6/10/2026 0:47,1781212174,20:28.8,light
Josh,6/11/2026 10:20,6/9/2026,6/10/2026 0:48,1781212174,20:29.3,light
Josh,6/11/2026 10:20,6/9/2026,6/10/2026 0:49,1781212174,20:29.2,light
Josh,6/11/2026 10:20,6/9/2026,6/10/2026 0:50,1781212174,20:29.5,light
Josh,6/11/2026 10:20,6/9/2026,6/10/2026 0:51,1781212174,20:29.7,light
Josh,6/11/2026 10:20,6/9/2026,6/10/2026 0:52,1781212174,20:29.9,light
Josh,6/11/2026 10:20,6/9/2026,6/10/2026 0:53,1781212174,20:30.1,light
Josh,6/11/2026 10:20,6/9/2026,6/10/2026 0:54,1781212174,20:30.3,light
Josh,6/11/2026 10:20,6/9/2026,6/10/2026 0:55,1781212174,20:30.6,light
Josh,6/11/2026 10:20,6/9/2026,6/10/2026 0:56,1781212174,20:30.8,deep
Josh,6/11/2026 10:20,6/9/2026,6/10/2026 0:57,1781212174,20:31.5,deep
Josh,6/11/2026 10:20,6/9/2026,6/10/2026 0:58,1781212174,20:31.2,deep
Josh,6/11/2026 10:20,6/9/2026,6/10/2026 0:59,1781212174,20:31.4,deep
Josh,6/11/2026 10:20,6/9/2026,6/10/2026 1:00,1781212174,20:31.7,deep
Josh,6/11/2026 10:20,6/9/2026,6/10/2026 1:01,1781212174,20:31.9,deep
Josh,6/11/2026 10:20,6/9/2026,6/10/2026 1:02,1781212174,20:32.1,deep
Josh,6/11/2026 10:20,6/9/2026,6/10/2026 1:03,1781212174,20:32.3,deep
Josh,6/11/2026 10:20,6/9/2026,6/10/2026 1:04,1781212174,20:32.5,deep
Josh,6/11/2026 10:20,6/9/2026,6/10/2026 1:05,1781212174,20:32.8,deep
Josh,6/11/2026 10:20,6/9/2026,6/10/2026 1:06,1781212174,20:33.0,deep
Josh,6/11/2026 10:20,6/9/2026,6/10/2026 1:07,1781212174,20:33.2,deep
Josh,6/11/2026 10:20,6/9/2026,6/10/2026 1:08,1781212174,20:33.4,deep
Josh,6/11/2026 10:20,6/9/2026,6/10/2026 1:09,1781212174,20:33.6,deep
Josh,6/11/2026 10:20,6/9/2026,6/10/2026 1:10,1781212174,20:33.9,deep
Josh,6/11/2026 10:20,6/9/2026,6/10/2026 1:11,1781212174,20:34.8,deep
Josh,6/11/2026 10:20,6/9/2026,6/10/2026 1:12,1781212174,20:34.3,deep
Josh,6/11/2026 10:20,6/9/2026,6/10/2026 1:13,1781212174,20:34.5,deep
Josh,6/11/2026 10:20,6/9/2026,6/10/2026 1:14,1781212174,20:34.7,deep
Josh,6/11/2026 10:20,6/9/2026,6/10/2026 1:15,1781212174,20:35.0,deep
Josh,6/11/2026 10:20,6/9/2026,6/10/2026 1:16,1781212174,20:35.2,deep
Josh,6/11/2026 10:20,6/9/2026,6/10/2026 1:17,1781212174,20:35.4,deep
Josh,6/11/2026 10:20,6/9/2026,6/10/2026 1:18,1781212174,20:35.6,deep
Josh,6/11/2026 10:20,6/9/2026,6/10/2026 1:19,1781212174,20:35.8,deep
Josh,6/11/2026 10:20,6/9/2026,6/10/2026 1:20,1781212174,20:36.6,deep
Josh,6/11/2026 10:20,6/9/2026,6/10/2026 1:21,1781212174,20:36.3,deep
Josh,6/11/2026 10:20,6/9/2026,6/10/2026 1:22,1781212174,20:36.5,deep
Josh,6/11/2026 10:20,6/9/2026,6/10/2026 1:23,1781212174,20:36.7,deep
Josh,6/11/2026 10:20,6/9/2026,6/10/2026 1:24,1781212174,20:36.9,light
Josh,6/11/2026 10:20,6/9/2026,6/10/2026 1:25,1781212174,20:37.2,light
Josh,6/11/2026 10:20,6/9/2026,6/10/2026 1:26,1781212174,20:37.4,light
Josh,6/11/2026 10:20,6/9/2026,6/10/2026 1:27,1781212174,20:37.6,light
Josh,6/11/2026 10:20,6/9/2026,6/10/2026 1:28,1781212174,20:37.8,light
Josh,6/11/2026 10:20,6/9/2026,6/10/2026 1:29,1781212174,20:38.4,light
Josh,6/11/2026 10:20,6/9/2026,6/10/2026 1:30,1781212174,20:38.3,light
Josh,6/11/2026 10:20,6/9/2026,6/10/2026 1:31,1781212174,20:38.5,rem
Josh,6/11/2026 10:20,6/9/2026,6/10/2026 1:32,1781212174,20:38.7,rem
Josh,6/11/2026 10:20,6/9/2026,6/10/2026 1:33,1781212174,20:38.9,rem
Josh,6/11/2026 10:20,6/9/2026,6/10/2026 1:34,1781212174,20:39.1,rem
Josh,6/11/2026 10:20,6/9/2026,6/10/2026 1:35,1781212174,20:39.4,rem
Josh,6/11/2026 10:20,6/9/2026,6/10/2026 1:36,1781212174,20:39.6,rem
Josh,6/11/2026 10:20,6/9/2026,6/10/2026 1:37,1781212174,20:39.8,rem
Josh,6/11/2026 10:20,6/9/2026,6/10/2026 1:38,1781212174,20:40.2,rem
Josh,6/11/2026 10:20,6/9/2026,6/10/2026 1:39,1781212174,20:40.2,light
Josh,6/11/2026 10:20,6/9/2026,6/10/2026 1:40,1781212174,20:40.5,light
Josh,6/11/2026 10:20,6/9/2026,6/10/2026 1:41,1781212174,20:40.7,light
Josh,6/11/2026 10:20,6/9/2026,6/10/2026 1:42,1781212174,20:40.9,light
Josh,6/11/2026 10:20,6/9/2026,6/10/2026 1:43,1781212174,20:41.1,light
Josh,6/11/2026 10:20,6/9/2026,6/10/2026 1:44,1781212174,20:41.3,light
Josh,6/11/2026 10:20,6/9/2026,6/10/2026 1:45,1781212174,20:41.6,light
Josh,6/11/2026 10:20,6/9/2026,6/10/2026 1:46,1781212174,20:41.8,light
Josh,6/11/2026 10:20,6/9/2026,6/10/2026 1:47,1781212174,20:42.0,light
Josh,6/11/2026 10:20,6/9/2026,6/10/2026 1:48,1781212174,20:42.2,light
Josh,6/11/2026 10:20,6/9/2026,6/10/2026 1:49,1781212174,20:42.4,light
Josh,6/11/2026 10:20,6/9/2026,6/10/2026 1:50,1781212174,20:42.7,light
Josh,6/11/2026 10:20,6/9/2026,6/10/2026 1:51,1781212174,20:42.9,light
Josh,6/11/2026 10:20,6/9/2026,6/10/2026 1:52,1781212174,20:43.9,light
Josh,6/11/2026 10:20,6/9/2026,6/10/2026 1:53,1781212174,20:43.3,light
Josh,6/11/2026 10:20,6/9/2026,6/10/2026 1:54,1781212174,20:43.5,light
Josh,6/11/2026 10:20,6/9/2026,6/10/2026 1:55,1781212174,20:43.8,light
Josh,6/11/2026 10:20,6/9/2026,6/10/2026 1:56,1781212174,20:44.0,deep
Josh,6/11/2026 10:20,6/9/2026,6/10/2026 1:57,1781212174,20:44.2,deep
Josh,6/11/2026 10:20,6/9/2026,6/10/2026 1:58,1781212174,20:44.4,deep
Josh,6/11/2026 10:20,6/9/2026,6/10/2026 1:59,1781212174,20:44.6,deep
Josh,6/11/2026 10:20,6/9/2026,6/10/2026 2:00,1781212174,20:44.9,deep
Josh,6/11/2026 10:20,6/9/2026,6/10/2026 2:01,1781212174,20:45.7,deep
Josh,6/11/2026 10:20,6/9/2026,6/10/2026 2:02,1781212174,20:45.3,deep
Josh,6/11/2026 10:20,6/9/2026,6/10/2026 2:03,1781212174,20:45.5,deep
Josh,6/11/2026 10:20,6/9/2026,6/10/2026 2:04,1781212174,20:45.7,deep
Josh,6/11/2026 10:20,6/9/2026,6/10/2026 2:05,1781212174,20:46.0,deep
Josh,6/11/2026 10:20,6/9/2026,6/10/2026 2:06,1781212174,20:46.2,deep
Josh,6/11/2026 10:20,6/9/2026,6/10/2026 2:07,1781212174,20:46.4,deep
Josh,6/11/2026 10:20,6/9/2026,6/10/2026 2:08,1781212174,20:46.6,deep
Josh,6/11/2026 10:20,6/9/2026,6/10/2026 2:09,1781212174,20:46.8,deep
Josh,6/11/2026 10:20,6/9/2026,6/10/2026 2:10,1781212174,20:47.5,deep
Josh,6/11/2026 10:20,6/9/2026,6/10/2026 2:11,1781212174,20:47.3,deep
Josh,6/11/2026 10:20,6/9/2026,6/10/2026 2:12,1781212174,20:47.5,deep
Josh,6/11/2026 10:20,6/9/2026,6/10/2026 2:13,1781212174,20:47.7,deep
Josh,6/11/2026 10:20,6/9/2026,6/10/2026 2:14,1781212174,20:47.9,deep
Josh,6/11/2026 10:20,6/9/2026,6/10/2026 2:15,1781212174,20:48.2,deep
Josh,6/11/2026 10:20,6/9/2026,6/10/2026 2:16,1781212174,20:48.4,deep
Josh,6/11/2026 10:20,6/9/2026,6/10/2026 2:17,1781212174,20:48.6,deep
Josh,6/11/2026 10:20,6/9/2026,6/10/2026 2:18,1781212174,20:48.8,deep
Josh,6/11/2026 10:20,6/9/2026,6/10/2026 2:19,1781212174,20:49.3,deep
Josh,6/11/2026 10:20,6/9/2026,6/10/2026 2:20,1781212174,20:49.3,deep
Josh,6/11/2026 10:20,6/9/2026,6/10/2026 2:21,1781212174,20:49.5,deep
Josh,6/11/2026 10:20,6/9/2026,6/10/2026 2:22,1781212174,20:49.7,light
Josh,6/11/2026 10:20,6/9/2026,6/10/2026 2:23,1781212174,20:49.9,light
Josh,6/11/2026 10:20,6/9/2026,6/10/2026 2:24,1781212174,20:50.1,light
Josh,6/11/2026 10:20,6/9/2026,6/10/2026 2:25,1781212174,20:50.4,light
Josh,6/11/2026 10:20,6/9/2026,6/10/2026 2:26,1781212174,20:50.6,light
Josh,6/11/2026 10:20,6/9/2026,6/10/2026 2:27,1781212174,20:50.8,rem
Josh,6/11/2026 10:20,6/9/2026,6/10/2026 2:28,1781212174,20:51.1,rem
Josh,6/11/2026 10:20,6/9/2026,6/10/2026 2:29,1781212174,20:51.2,rem
Josh,6/11/2026 10:20,6/9/2026,6/10/2026 2:30,1781212174,20:51.4,rem
Josh,6/11/2026 10:20,6/9/2026,6/10/2026 2:31,1781212174,20:51.7,rem
Josh,6/11/2026 10:20,6/9/2026,6/10/2026 2:32,1781212174,20:51.9,rem
Josh,6/11/2026 10:20,6/9/2026,6/10/2026 2:33,1781212174,20:52.1,rem
Josh,6/11/2026 10:20,6/9/2026,6/10/2026 2:34,1781212174,20:52.3,rem
Josh,6/11/2026 10:20,6/9/2026,6/10/2026 2:35,1781212174,20:52.5,rem
Josh,6/11/2026 10:20,6/9/2026,6/10/2026 2:36,1781212174,20:52.8,rem
Josh,6/11/2026 10:20,6/9/2026,6/10/2026 2:37,1781212174,20:53.0,rem
Josh,6/11/2026 10:20,6/9/2026,6/10/2026 2:38,1781212174,20:53.2,rem
Josh,6/11/2026 10:20,6/9/2026,6/10/2026 2:39,1781212174,20:53.4,rem
Josh,6/11/2026 10:20,6/9/2026,6/10/2026 2:40,1781212174,20:53.6,rem
Josh,6/11/2026 10:20,6/9/2026,6/10/2026 2:41,1781212174,20:53.9,rem
Josh,6/11/2026 10:20,6/9/2026,6/10/2026 2:42,1781212174,20:54.9,light
Josh,6/11/2026 10:20,6/9/2026,6/10/2026 2:43,1781212174,20:54.3,light
Josh,6/11/2026 10:20,6/9/2026,6/10/2026 2:44,1781212174,20:54.5,light
Josh,6/11/2026 10:20,6/9/2026,6/10/2026 2:45,1781212174,20:54.7,light
Josh,6/11/2026 10:20,6/9/2026,6/10/2026 2:46,1781212174,20:55.0,light
Josh,6/11/2026 10:20,6/9/2026,6/10/2026 2:47,1781212174,20:55.2,light
Josh,6/11/2026 10:20,6/9/2026,6/10/2026 2:48,1781212174,20:55.4,light
Josh,6/11/2026 10:20,6/9/2026,6/10/2026 2:49,1781212174,20:55.6,light
Josh,6/11/2026 10:20,6/9/2026,6/10/2026 2:50,1781212174,20:55.8,light
Josh,6/11/2026 10:20,6/9/2026,6/10/2026 2:51,1781212174,20:56.7,light
Josh,6/11/2026 10:20,6/9/2026,6/10/2026 2:52,1781212174,20:56.3,light
Josh,6/11/2026 10:20,6/9/2026,6/10/2026 2:53,1781212174,20:56.5,light
Josh,6/11/2026 10:20,6/9/2026,6/10/2026 2:54,1781212174,20:56.7,light
Josh,6/11/2026 10:20,6/9/2026,6/10/2026 2:55,1781212174,20:56.9,light
Josh,6/11/2026 10:20,6/9/2026,6/10/2026 2:56,1781212174,20:57.2,light
Josh,6/11/2026 10:20,6/9/2026,6/10/2026 2:57,1781212174,20:57.4,light
Josh,6/11/2026 10:20,6/9/2026,6/10/2026 2:58,1781212174,20:57.6,light
Josh,6/11/2026 10:20,6/9/2026,6/10/2026 2:59,1781212174,20:57.8,light
Josh,6/11/2026 10:20,6/9/2026,6/10/2026 3:00,1781212174,20:58.4,light
Josh,6/11/2026 10:20,6/9/2026,6/10/2026 3:01,1781212174,20:58.3,light
Josh,6/11/2026 10:20,6/9/2026,6/10/2026 3:02,1781212174,20:58.5,light
Josh,6/11/2026 10:20,6/9/2026,6/10/2026 3:03,1781212174,20:58.7,light
Josh,6/11/2026 10:20,6/9/2026,6/10/2026 3:04,1781212174,20:58.9,light
Josh,6/11/2026 10:20,6/9/2026,6/10/2026 3:05,1781212174,20:59.1,light
Josh,6/11/2026 10:20,6/9/2026,6/10/2026 3:06,1781212174,20:59.4,light
Josh,6/11/2026 10:20,6/9/2026,6/10/2026 3:07,1781212174,20:59.6,deep
Josh,6/11/2026 10:20,6/9/2026,6/10/2026 3:08,1781212174,20:59.8,deep
Josh,6/11/2026 10:20,6/9/2026,6/10/2026 3:09,1781212174,21:00.2,deep
Josh,6/11/2026 10:20,6/9/2026,6/10/2026 3:10,1781212174,21:00.2,deep
Josh,6/11/2026 10:20,6/9/2026,6/10/2026 3:11,1781212174,21:00.5,deep
Josh,6/11/2026 10:20,6/9/2026,6/10/2026 3:12,1781212174,21:00.7,deep
Josh,6/11/2026 10:20,6/9/2026,6/10/2026 3:13,1781212174,21:00.9,deep
Josh,6/11/2026 10:20,6/9/2026,6/10/2026 3:14,1781212174,21:01.1,deep
Josh,6/11/2026 10:20,6/9/2026,6/10/2026 3:15,1781212174,21:01.3,deep
Josh,6/11/2026 10:20,6/9/2026,6/10/2026 3:16,1781212174,21:01.6,deep
Josh,6/11/2026 10:20,6/9/2026,6/10/2026 3:17,1781212174,21:01.8,light
Josh,6/11/2026 10:20,6/9/2026,6/10/2026 3:18,1781212174,21:02.1,light
Josh,6/11/2026 10:20,6/9/2026,6/10/2026 3:19,1781212174,21:02.2,light
Josh,6/11/2026 10:20,6/9/2026,6/10/2026 3:20,1781212174,21:02.4,light
Josh,6/11/2026 10:20,6/9/2026,6/10/2026 3:21,1781212174,21:02.7,light
Josh,6/11/2026 10:20,6/9/2026,6/10/2026 3:22,1781212174,21:02.9,light
Josh,6/11/2026 10:20,6/9/2026,6/10/2026 3:23,1781212174,21:03.1,rem
Josh,6/11/2026 10:20,6/9/2026,6/10/2026 3:24,1781212174,21:03.3,rem
Josh,6/11/2026 10:20,6/9/2026,6/10/2026 3:25,1781212174,21:03.5,rem
Josh,6/11/2026 10:20,6/9/2026,6/10/2026 3:26,1781212174,21:03.8,rem
Josh,6/11/2026 10:20,6/9/2026,6/10/2026 3:27,1781212174,21:04.0,rem
Josh,6/11/2026 10:20,6/9/2026,6/10/2026 3:28,1781212174,21:04.2,rem
Josh,6/11/2026 10:20,6/9/2026,6/10/2026 3:29,1781212174,21:04.4,rem
Josh,6/11/2026 10:20,6/9/2026,6/10/2026 3:30,1781212174,21:04.6,rem
Josh,6/11/2026 10:20,6/9/2026,6/10/2026 3:31,1781212174,21:04.9,rem
Josh,6/11/2026 10:20,6/9/2026,6/10/2026 3:32,1781212174,21:05.8,rem
Josh,6/11/2026 10:20,6/9/2026,6/10/2026 3:33,1781212174,21:05.3,rem
Josh,6/11/2026 10:20,6/9/2026,6/10/2026 3:34,1781212174,21:05.5,rem
Josh,6/11/2026 10:20,6/9/2026,6/10/2026 3:35,1781212174,21:05.7,rem
Josh,6/11/2026 10:20,6/9/2026,6/10/2026 3:36,1781212174,21:06.0,rem
Josh,6/11/2026 10:20,6/9/2026,6/10/2026 3:37,1781212174,21:06.2,rem
Josh,6/11/2026 10:20,6/9/2026,6/10/2026 3:38,1781212174,21:06.4,rem
Josh,6/11/2026 10:20,6/9/2026,6/10/2026 3:39,1781212174,21:06.6,rem
Josh,6/11/2026 10:20,6/9/2026,6/10/2026 3:40,1781212174,21:06.8,rem
Josh,6/11/2026 10:20,6/9/2026,6/10/2026 3:41,1781212174,21:07.6,light
Josh,6/11/2026 10:20,6/9/2026,6/10/2026 3:42,1781212174,21:07.3,light
Josh,6/11/2026 10:20,6/9/2026,6/10/2026 3:43,1781212174,21:07.5,light
Josh,6/11/2026 10:20,6/9/2026,6/10/2026 3:44,1781212174,21:07.7,light
Josh,6/11/2026 10:20,6/9/2026,6/10/2026 3:45,1781212174,21:07.9,light
Josh,6/11/2026 10:20,6/9/2026,6/10/2026 3:46,1781212174,21:08.2,light
Josh,6/11/2026 10:20,6/9/2026,6/10/2026 3:47,1781212174,21:08.4,light
Josh,6/11/2026 10:20,6/9/2026,6/10/2026 3:48,1781212174,21:08.6,light
Josh,6/11/2026 10:20,6/9/2026,6/10/2026 3:49,1781212174,21:08.8,light
Josh,6/11/2026 10:20,6/9/2026,6/10/2026 3:50,1781212174,21:09.4,light
Josh,6/11/2026 10:20,6/9/2026,6/10/2026 3:51,1781212174,21:09.3,light
Josh,6/11/2026 10:20,6/9/2026,6/10/2026 3:52,1781212174,21:09.5,light
Josh,6/11/2026 10:20,6/9/2026,6/10/2026 3:53,1781212174,21:09.7,light
Josh,6/11/2026 10:20,6/9/2026,6/10/2026 3:54,1781212174,21:09.9,light
Josh,6/11/2026 10:20,6/9/2026,6/10/2026 3:55,1781212174,21:10.1,light
Josh,6/11/2026 10:20,6/9/2026,6/10/2026 3:56,1781212174,21:10.4,deep
Josh,6/11/2026 10:20,6/9/2026,6/10/2026 3:57,1781212174,21:10.6,deep
Josh,6/11/2026 10:20,6/9/2026,6/10/2026 3:58,1781212174,21:10.8,deep
Josh,6/11/2026 10:20,6/9/2026,6/10/2026 3:59,1781212174,21:11.1,deep
Josh,6/11/2026 10:20,6/9/2026,6/10/2026 4:00,1781212174,21:11.2,deep
Josh,6/11/2026 10:20,6/9/2026,6/10/2026 4:01,1781212174,21:11.5,deep
Josh,6/11/2026 10:20,6/9/2026,6/10/2026 4:02,1781212174,21:11.7,deep
Josh,6/11/2026 10:20,6/9/2026,6/10/2026 4:03,1781212174,21:11.9,deep
Josh,6/11/2026 10:20,6/9/2026,6/10/2026 4:04,1781212174,21:12.1,deep
Josh,6/11/2026 10:20,6/9/2026,6/10/2026 4:05,1781212174,21:12.3,deep
Josh,6/11/2026 10:20,6/9/2026,6/10/2026 4:06,1781212174,21:12.6,deep
Josh,6/11/2026 10:20,6/9/2026,6/10/2026 4:07,1781212174,21:12.8,deep
Josh,6/11/2026 10:20,6/9/2026,6/10/2026 4:08,1781212174,21:13.0,light
Josh,6/11/2026 10:20,6/9/2026,6/10/2026 4:09,1781212174,21:13.2,light
Josh,6/11/2026 10:20,6/9/2026,6/10/2026 4:10,1781212174,21:13.4,light
Josh,6/11/2026 10:20,6/9/2026,6/10/2026 4:11,1781212174,21:13.7,light
Josh,6/11/2026 10:20,6/9/2026,6/10/2026 4:12,1781212174,21:13.9,light
Josh,6/11/2026 10:20,6/9/2026,6/10/2026 4:13,1781212174,21:14.9,light
Josh,6/11/2026 10:20,6/9/2026,6/10/2026 4:14,1781212174,21:14.3,light
Josh,6/11/2026 10:20,6/9/2026,6/10/2026 4:15,1781212174,21:14.5,light
Josh,6/11/2026 10:20,6/9/2026,6/10/2026 4:16,1781212174,21:14.8,rem
Josh,6/11/2026 10:20,6/9/2026,6/10/2026 4:17,1781212174,21:15.0,rem
Josh,6/11/2026 10:20,6/9/2026,6/10/2026 4:18,1781212174,21:15.2,rem
Josh,6/11/2026 10:20,6/9/2026,6/10/2026 4:19,1781212174,21:15.4,rem
Josh,6/11/2026 10:20,6/9/2026,6/10/2026 4:20,1781212174,21:15.6,rem
Josh,6/11/2026 10:20,6/9/2026,6/10/2026 4:21,1781212174,21:15.9,rem
Josh,6/11/2026 10:20,6/9/2026,6/10/2026 4:22,1781212174,21:16.7,rem
Josh,6/11/2026 10:20,6/9/2026,6/10/2026 4:23,1781212174,21:16.3,rem
Josh,6/11/2026 10:20,6/9/2026,6/10/2026 4:24,1781212174,21:16.5,rem
Josh,6/11/2026 10:20,6/9/2026,6/10/2026 4:25,1781212174,21:16.7,rem
Josh,6/11/2026 10:20,6/9/2026,6/10/2026 4:26,1781212174,21:16.9,rem
Josh,6/11/2026 10:20,6/9/2026,6/10/2026 4:27,1781212174,21:17.2,rem
Josh,6/11/2026 10:20,6/9/2026,6/10/2026 4:28,1781212174,21:17.4,rem
Josh,6/11/2026 10:20,6/9/2026,6/10/2026 4:29,1781212174,21:17.6,rem
Josh,6/11/2026 10:20,6/9/2026,6/10/2026 4:30,1781212174,21:17.8,rem
Josh,6/11/2026 10:20,6/9/2026,6/10/2026 4:31,1781212174,21:18.5,rem
Josh,6/11/2026 10:20,6/9/2026,6/10/2026 4:32,1781212174,21:18.3,rem
Josh,6/11/2026 10:20,6/9/2026,6/10/2026 4:33,1781212174,21:18.5,rem
Josh,6/11/2026 10:20,6/9/2026,6/10/2026 4:34,1781212174,21:18.7,rem
Josh,6/11/2026 10:20,6/9/2026,6/10/2026 4:35,1781212174,21:18.9,rem
Josh,6/11/2026 10:20,6/9/2026,6/10/2026 4:36,1781212174,21:19.1,light
Josh,6/11/2026 10:20,6/9/2026,6/10/2026 4:37,1781212174,21:19.4,light
Josh,6/11/2026 10:20,6/9/2026,6/10/2026 4:38,1781212174,21:19.6,light
Josh,6/11/2026 10:20,6/9/2026,6/10/2026 4:39,1781212174,21:19.8,light
Josh,6/11/2026 10:20,6/9/2026,6/10/2026 4:40,1781212174,21:20.3,light
Josh,6/11/2026 10:20,6/9/2026,6/10/2026 4:41,1781212174,21:20.2,light
Josh,6/11/2026 10:20,6/9/2026,6/10/2026 4:42,1781212174,21:20.5,light
Josh,6/11/2026 10:20,6/9/2026,6/10/2026 4:43,1781212174,21:20.7,light
Josh,6/11/2026 10:20,6/9/2026,6/10/2026 4:44,1781212174,21:20.9,light
Josh,6/11/2026 10:20,6/9/2026,6/10/2026 4:45,1781212174,21:21.1,light
Josh,6/11/2026 10:20,6/9/2026,6/10/2026 4:46,1781212174,21:21.3,light
Josh,6/11/2026 10:20,6/9/2026,6/10/2026 4:47,1781212174,21:21.6,light
Josh,6/11/2026 10:20,6/9/2026,6/10/2026 4:48,1781212174,21:21.8,light
Josh,6/11/2026 10:20,6/9/2026,6/10/2026 4:49,1781212174,21:22.6,light
Josh,6/11/2026 10:20,6/9/2026,6/10/2026 4:50,1781212174,21:22.2,light
Josh,6/11/2026 10:20,6/9/2026,6/10/2026 4:51,1781212174,21:22.4,light
Josh,6/11/2026 10:20,6/9/2026,6/10/2026 4:52,1781212174,21:22.7,light
Josh,6/11/2026 10:20,6/9/2026,6/10/2026 4:53,1781212174,21:22.9,light
Josh,6/11/2026 10:20,6/9/2026,6/10/2026 4:54,1781212174,21:23.1,light
Josh,6/11/2026 10:20,6/9/2026,6/10/2026 4:55,1781212174,21:23.3,light
Josh,6/11/2026 10:20,6/9/2026,6/10/2026 4:56,1781212174,21:23.5,light
Josh,6/11/2026 10:20,6/9/2026,6/10/2026 4:57,1781212174,21:23.8,light
Josh,6/11/2026 10:20,6/9/2026,6/10/2026 4:58,1781212174,21:24.0,light
Josh,6/11/2026 10:20,6/9/2026,6/10/2026 4:59,1781212174,21:24.2,light
Josh,6/11/2026 10:20,6/9/2026,6/10/2026 5:00,1781212174,21:24.4,deep
Josh,6/11/2026 10:20,6/9/2026,6/10/2026 5:01,1781212174,21:24.6,deep
Josh,6/11/2026 10:20,6/9/2026,6/10/2026 5:02,1781212174,21:24.9,deep
Josh,6/11/2026 10:20,6/9/2026,6/10/2026 5:03,1781212174,21:25.8,deep
Josh,6/11/2026 10:20,6/9/2026,6/10/2026 5:04,1781212174,21:25.3,deep
Josh,6/11/2026 10:20,6/9/2026,6/10/2026 5:05,1781212174,21:25.5,deep
Josh,6/11/2026 10:20,6/9/2026,6/10/2026 5:06,1781212174,21:25.7,deep
Josh,6/11/2026 10:20,6/9/2026,6/10/2026 5:07,1781212174,21:26.0,deep
Josh,6/11/2026 10:20,6/9/2026,6/10/2026 5:08,1781212174,21:26.2,deep
Josh,6/11/2026 10:20,6/9/2026,6/10/2026 5:09,1781212174,21:26.4,deep
Josh,6/11/2026 10:20,6/9/2026,6/10/2026 5:10,1781212174,21:26.6,deep
Josh,6/11/2026 10:20,6/9/2026,6/10/2026 5:11,1781212174,21:26.8,deep
Josh,6/11/2026 10:20,6/9/2026,6/10/2026 5:12,1781212174,21:27.6,deep
Josh,6/11/2026 10:20,6/9/2026,6/10/2026 5:13,1781212174,21:27.3,light
Josh,6/11/2026 10:20,6/9/2026,6/10/2026 5:14,1781212174,21:27.5,light
Josh,6/11/2026 10:20,6/9/2026,6/10/2026 5:15,1781212174,21:27.7,light
Josh,6/11/2026 10:20,6/9/2026,6/10/2026 5:16,1781212174,21:27.9,light
Josh,6/11/2026 10:20,6/9/2026,6/10/2026 5:17,1781212174,21:28.2,light
Josh,6/11/2026 10:20,6/9/2026,6/10/2026 5:18,1781212174,21:28.4,light
Josh,6/11/2026 10:20,6/9/2026,6/10/2026 5:19,1781212174,21:28.6,light
Josh,6/11/2026 10:20,6/9/2026,6/10/2026 5:20,1781212174,21:28.8,light
Josh,6/11/2026 10:20,6/9/2026,6/10/2026 5:21,1781212174,21:29.4,light
Josh,6/11/2026 10:20,6/9/2026,6/10/2026 5:22,1781212174,21:29.3,light
Josh,6/11/2026 10:20,6/9/2026,6/10/2026 5:23,1781212174,21:29.5,wake
Josh,6/11/2026 10:20,6/9/2026,6/10/2026 5:24,1781212174,21:29.7,rem
Josh,6/11/2026 10:20,6/9/2026,6/10/2026 5:25,1781212174,21:29.9,rem
Josh,6/11/2026 10:20,6/9/2026,6/10/2026 5:26,1781212174,21:30.1,rem
Josh,6/11/2026 10:20,6/9/2026,6/10/2026 5:27,1781212174,21:30.4,rem
Josh,6/11/2026 10:20,6/9/2026,6/10/2026 5:28,1781212174,21:30.6,rem
Josh,6/11/2026 10:20,6/9/2026,6/10/2026 5:29,1781212174,21:30.8,rem
Josh,6/11/2026 10:20,6/9/2026,6/10/2026 5:30,1781212174,21:31.2,rem
Josh,6/11/2026 10:20,6/9/2026,6/10/2026 5:31,1781212174,21:31.2,rem
Josh,6/11/2026 10:20,6/9/2026,6/10/2026 5:32,1781212174,21:31.5,rem
Josh,6/11/2026 10:20,6/9/2026,6/10/2026 5:33,1781212174,21:31.7,rem
Josh,6/11/2026 10:20,6/9/2026,6/10/2026 5:34,1781212174,21:31.9,rem
Josh,6/11/2026 10:20,6/9/2026,6/10/2026 5:35,1781212174,21:32.1,rem
Josh,6/11/2026 10:20,6/9/2026,6/10/2026 5:36,1781212174,21:32.3,rem
Josh,6/11/2026 10:20,6/9/2026,6/10/2026 5:37,1781212174,21:32.6,rem
Josh,6/11/2026 10:20,6/9/2026,6/10/2026 5:38,1781212174,21:32.8,rem
Josh,6/11/2026 10:20,6/9/2026,6/10/2026 5:39,1781212174,21:33.0,rem
Josh,6/11/2026 10:20,6/9/2026,6/10/2026 5:40,1781212174,21:33.2,rem
Josh,6/11/2026 10:20,6/9/2026,6/10/2026 5:41,1781212174,21:33.4,rem
Josh,6/11/2026 10:20,6/9/2026,6/10/2026 5:42,1781212174,21:33.7,rem
Josh,6/11/2026 10:20,6/9/2026,6/10/2026 5:43,1781212174,21:33.9,rem
Josh,6/11/2026 10:20,6/9/2026,6/10/2026 5:44,1781212174,21:35.0,rem
Josh,6/11/2026 10:20,6/9/2026,6/10/2026 5:45,1781212174,21:34.3,light
Josh,6/11/2026 10:20,6/9/2026,6/10/2026 5:46,1781212174,21:34.5,light
Josh,6/11/2026 10:20,6/9/2026,6/10/2026 5:47,1781212174,21:34.8,light
Josh,6/11/2026 10:20,6/9/2026,6/10/2026 5:48,1781212174,21:35.0,light
Josh,6/11/2026 10:20,6/9/2026,6/10/2026 5:49,1781212174,21:35.2,light
Josh,6/11/2026 10:20,6/9/2026,6/10/2026 5:50,1781212174,21:35.4,light
Josh,6/11/2026 10:20,6/9/2026,6/10/2026 5:51,1781212174,21:35.6,light
Josh,6/11/2026 10:20,6/9/2026,6/10/2026 5:52,1781212174,21:35.9,light
Josh,6/11/2026 10:20,6/9/2026,6/10/2026 5:53,1781212174,21:36.8,light
Josh,6/11/2026 10:20,6/9/2026,6/10/2026 5:54,1781212174,21:36.3,light
Josh,6/11/2026 10:20,6/9/2026,6/10/2026 5:55,1781212174,21:36.5,light
Josh,6/11/2026 10:20,6/9/2026,6/10/2026 5:56,1781212174,21:36.7,light
Josh,6/11/2026 10:20,6/9/2026,6/10/2026 5:57,1781212174,21:37.0,light
Josh,6/11/2026 10:20,6/9/2026,6/10/2026 5:58,1781212174,21:37.2,light
Josh,6/11/2026 10:20,6/9/2026,6/10/2026 5:59,1781212174,21:37.4,light
Josh,6/11/2026 10:20,6/9/2026,6/10/2026 6:00,1781212174,21:37.6,light
Josh,6/11/2026 10:20,6/9/2026,6/10/2026 6:01,1781212174,21:37.8,light
Josh,6/11/2026 10:20,6/9/2026,6/10/2026 6:02,1781212174,21:38.5,light
Josh,6/11/2026 10:20,6/9/2026,6/10/2026 6:03,1781212174,21:38.3,light
Josh,6/11/2026 10:20,6/9/2026,6/10/2026 6:04,1781212174,21:38.5,deep
Josh,6/11/2026 10:20,6/9/2026,6/10/2026 6:05,1781212174,21:38.7,deep
Josh,6/11/2026 10:20,6/9/2026,6/10/2026 6:06,1781212174,21:38.9,deep
Josh,6/11/2026 10:20,6/9/2026,6/10/2026 6:07,1781212174,21:39.2,deep
Josh,6/11/2026 10:20,6/9/2026,6/10/2026 6:08,1781212174,21:39.4,deep
Josh,6/11/2026 10:20,6/9/2026,6/10/2026 6:09,1781212174,21:39.6,light
Josh,6/11/2026 10:20,6/9/2026,6/10/2026 6:10,1781212174,21:39.8,light
Josh,6/11/2026 10:20,6/9/2026,6/10/2026 6:11,1781212174,21:40.3,light
Josh,6/11/2026 10:20,6/9/2026,6/10/2026 6:12,1781212174,21:40.3,light
Josh,6/11/2026 10:20,6/9/2026,6/10/2026 6:13,1781212174,21:40.5,light
Josh,6/11/2026 10:20,6/9/2026,6/10/2026 6:14,1781212174,21:40.7,rem
Josh,6/11/2026 10:20,6/9/2026,6/10/2026 6:15,1781212174,21:40.9,rem
Josh,6/11/2026 10:20,6/9/2026,6/10/2026 6:16,1781212174,21:41.1,rem
Josh,6/11/2026 10:20,6/9/2026,6/10/2026 6:17,1781212174,21:41.4,rem
Josh,6/11/2026 10:20,6/9/2026,6/10/2026 6:18,1781212174,21:41.6,rem
Josh,6/11/2026 10:20,6/9/2026,6/10/2026 6:19,1781212174,21:41.8,rem
Josh,6/11/2026 10:20,6/9/2026,6/10/2026 6:20,1781212174,21:42.1,rem
Josh,6/11/2026 10:20,6/9/2026,6/10/2026 6:21,1781212174,21:42.2,rem
Josh,6/11/2026 10:20,6/9/2026,6/10/2026 6:22,1781212174,21:42.5,rem
Josh,6/11/2026 10:20,6/9/2026,6/10/2026 6:23,1781212174,21:42.7,rem
Josh,6/11/2026 10:20,6/9/2026,6/10/2026 6:24,1781212174,21:42.9,rem
Josh,6/11/2026 10:20,6/9/2026,6/10/2026 6:25,1781212174,21:43.1,rem
Josh,6/11/2026 10:20,6/9/2026,6/10/2026 6:26,1781212174,21:43.3,rem
Josh,6/11/2026 10:20,6/9/2026,6/10/2026 6:27,1781212174,21:43.6,rem
Josh,6/11/2026 10:20,6/9/2026,6/10/2026 6:28,1781212174,21:43.8,rem
Josh,6/11/2026 10:20,6/9/2026,6/10/2026 6:29,1781212174,21:44.0,rem
Josh,6/11/2026 10:20,6/9/2026,6/10/2026 6:30,1781212174,21:44.2,rem
Josh,6/11/2026 10:20,6/9/2026,6/10/2026 6:31,1781212174,21:44.4,rem
Josh,6/11/2026 10:20,6/9/2026,6/10/2026 6:32,1781212174,21:44.6,rem
Josh,6/11/2026 10:20,6/9/2026,6/10/2026 6:33,1781212174,21:44.9,rem
Josh,6/11/2026 10:20,6/9/2026,6/10/2026 6:34,1781212174,21:45.9,rem
Josh,6/11/2026 10:20,6/9/2026,6/10/2026 6:35,1781212174,21:45.3,rem
Josh,6/11/2026 10:20,6/9/2026,6/10/2026 6:36,1781212174,21:45.5,rem
Josh,6/11/2026 10:20,6/9/2026,6/10/2026 6:37,1781212174,21:45.7,rem
Josh,6/11/2026 10:20,6/9/2026,6/10/2026 6:38,1781212174,21:46.0,rem
Josh,6/11/2026 10:20,6/9/2026,6/10/2026 6:39,1781212174,21:46.2,rem
Josh,6/11/2026 10:20,6/9/2026,6/10/2026 6:40,1781212174,21:46.4,light
Josh,6/11/2026 10:20,6/9/2026,6/10/2026 6:41,1781212174,21:46.6,light
Josh,6/11/2026 10:20,6/9/2026,6/10/2026 6:42,1781212174,21:46.8,light
Josh,6/11/2026 10:20,6/9/2026,6/10/2026 6:43,1781212174,21:47.7,light
Josh,6/11/2026 10:20,6/9/2026,6/10/2026 6:44,1781212174,21:47.3,light
Josh,6/11/2026 10:20,6/9/2026,6/10/2026 6:45,1781212174,21:47.5,light
Josh,6/11/2026 10:20,6/9/2026,6/10/2026 6:46,1781212174,21:47.7,light
Josh,6/11/2026 10:20,6/9/2026,6/10/2026 6:47,1781212174,21:47.9,light
Josh,6/11/2026 10:20,6/9/2026,6/10/2026 6:48,1781212174,21:48.2,light
Josh,6/11/2026 10:20,6/9/2026,6/10/2026 6:49,1781212174,21:48.4,light
Josh,6/11/2026 10:20,6/9/2026,6/10/2026 6:50,1781212174,21:48.6,light
Josh,6/11/2026 10:20,6/9/2026,6/10/2026 6:51,1781212174,21:48.8,light
Josh,6/11/2026 10:20,6/9/2026,6/10/2026 6:52,1781212174,21:49.5,light
Josh,6/11/2026 10:20,6/9/2026,6/10/2026 6:53,1781212174,21:49.3,light
Josh,6/11/2026 10:20,6/9/2026,6/10/2026 6:54,1781212174,21:49.5,light
Josh,6/11/2026 10:20,6/9/2026,6/10/2026 6:55,1781212174,21:49.7,light
Josh,6/11/2026 10:20,6/9/2026,6/10/2026 6:56,1781212174,21:49.9,light
Josh,6/11/2026 10:20,6/9/2026,6/10/2026 6:57,1781212174,21:50.1,light
Josh,6/11/2026 10:20,6/9/2026,6/10/2026 6:58,1781212174,21:50.4,light
Josh,6/11/2026 10:20,6/9/2026,6/10/2026 6:59,1781212174,21:50.6,light
Josh,6/11/2026 10:20,6/9/2026,6/10/2026 7:00,1781212174,21:50.8,light
Josh,6/11/2026 10:20,6/9/2026,6/10/2026 7:01,1781212174,21:51.2,light
Josh,6/11/2026 10:20,6/9/2026,6/10/2026 7:02,1781212174,21:51.2,light
Josh,6/11/2026 10:20,6/9/2026,6/10/2026 7:03,1781212174,21:51.5,deep
Josh,6/11/2026 10:20,6/9/2026,6/10/2026 7:04,1781212174,21:51.7,deep
Josh,6/11/2026 10:20,6/9/2026,6/10/2026 7:05,1781212174,21:51.9,deep
Josh,6/11/2026 10:20,6/9/2026,6/10/2026 7:06,1781212174,21:52.1,deep
Josh,6/11/2026 10:20,6/9/2026,6/10/2026 7:07,1781212174,21:52.3,deep
Josh,6/11/2026 10:20,6/9/2026,6/10/2026 7:08,1781212174,21:52.6,deep
Josh,6/11/2026 10:20,6/9/2026,6/10/2026 7:09,1781212174,21:52.8,light
Josh,6/11/2026 10:20,6/9/2026,6/10/2026 7:10,1781212174,21:53.3,light
Josh,6/11/2026 10:20,6/9/2026,6/10/2026 7:11,1781212174,21:53.2,light
Josh,6/11/2026 10:20,6/9/2026,6/10/2026 7:12,1781212174,21:53.4,light
Josh,6/11/2026 10:20,6/9/2026,6/10/2026 7:13,1781212174,21:53.7,light
Josh,6/11/2026 10:20,6/9/2026,6/10/2026 7:14,1781212174,21:53.9,wake
Josh,6/11/2026 10:20,6/9/2026,6/10/2026 7:15,1781212174,21:54.1,rem
Josh,6/11/2026 10:20,6/9/2026,6/10/2026 7:16,1781212174,21:54.3,rem
Josh,6/11/2026 10:20,6/9/2026,6/10/2026 7:17,1781212174,21:54.5,rem
Josh,6/11/2026 10:20,6/9/2026,6/10/2026 7:18,1781212174,21:54.8,rem
Josh,6/11/2026 10:20,6/9/2026,6/10/2026 7:19,1781212174,21:55.0,rem
Josh,6/11/2026 10:20,6/9/2026,6/10/2026 7:20,1781212174,21:55.2,rem
Josh,6/11/2026 10:20,6/9/2026,6/10/2026 7:21,1781212174,21:55.4,rem
Josh,6/11/2026 10:20,6/9/2026,6/10/2026 7:22,1781212174,21:55.6,rem
Josh,6/11/2026 10:20,6/9/2026,6/10/2026 7:23,1781212174,21:55.9,rem
Josh,6/11/2026 10:20,6/9/2026,6/10/2026 7:24,1781212174,21:56.8,rem
Josh,6/11/2026 10:20,6/9/2026,6/10/2026 7:25,1781212174,21:56.3,rem
Josh,6/11/2026 10:20,6/9/2026,6/10/2026 7:26,1781212174,21:56.5,rem
Josh,6/11/2026 10:20,6/9/2026,6/10/2026 7:27,1781212174,21:56.7,rem
Josh,6/11/2026 10:20,6/9/2026,6/10/2026 7:28,1781212174,21:57.0,rem
Josh,6/11/2026 10:20,6/9/2026,6/10/2026 7:29,1781212174,21:57.2,rem
Josh,6/11/2026 10:20,6/9/2026,6/10/2026 7:30,1781212174,21:57.4,rem
Josh,6/11/2026 10:20,6/9/2026,6/10/2026 7:31,1781212174,21:57.6,rem
Josh,6/11/2026 10:20,6/9/2026,6/10/2026 7:32,1781212174,21:57.8,rem
Josh,6/11/2026 10:20,6/9/2026,6/10/2026 7:33,1781212174,21:58.6,rem
Josh,6/11/2026 10:20,6/9/2026,6/10/2026 7:34,1781212174,21:58.3,rem
Josh,6/11/2026 10:20,6/9/2026,6/10/2026 7:35,1781212174,21:58.5,rem
Josh,6/11/2026 10:20,6/9/2026,6/10/2026 7:36,1781212174,21:58.7,rem
Josh,6/11/2026 10:20,6/9/2026,6/10/2026 7:37,1781212174,21:58.9,rem
Josh,6/11/2026 10:20,6/9/2026,6/10/2026 7:38,1781212174,21:59.2,rem
Josh,6/11/2026 10:20,6/9/2026,6/10/2026 7:39,1781212174,21:59.4,rem
Josh,6/11/2026 10:20,6/9/2026,6/10/2026 7:40,1781212174,21:59.6,rem
Josh,6/11/2026 10:20,6/9/2026,6/10/2026 7:41,1781212174,21:59.8,rem
Josh,6/11/2026 10:06,6/10/2026,6/10/2026 23:14,1781213774,6/11/2026 10:06,light
Josh,6/11/2026 10:06,6/10/2026,6/10/2026 23:15,1781213774,06:41.2,light
Josh,6/11/2026 10:06,6/10/2026,6/10/2026 23:16,1781213774,06:41.4,light
Josh,6/11/2026 10:06,6/10/2026,6/10/2026 23:17,1781213774,06:41.7,light
Josh,6/11/2026 10:06,6/10/2026,6/10/2026 23:18,1781213774,06:41.9,light
Josh,6/11/2026 10:06,6/10/2026,6/10/2026 23:19,1781213774,06:42.9,light
Josh,6/11/2026 10:06,6/10/2026,6/10/2026 23:20,1781213774,06:42.3,light
Josh,6/11/2026 10:06,6/10/2026,6/10/2026 23:21,1781213774,06:42.5,light
Josh,6/11/2026 10:06,6/10/2026,6/10/2026 23:22,1781213774,06:42.8,light
Josh,6/11/2026 10:06,6/10/2026,6/10/2026 23:23,1781213774,06:43.0,light
Josh,6/11/2026 10:06,6/10/2026,6/10/2026 23:24,1781213774,06:43.2,light
Josh,6/11/2026 10:06,6/10/2026,6/10/2026 23:25,1781213774,06:43.4,light
Josh,6/11/2026 10:06,6/10/2026,6/10/2026 23:26,1781213774,06:43.6,light
Josh,6/11/2026 10:06,6/10/2026,6/10/2026 23:27,1781213774,06:43.8,light
Josh,6/11/2026 10:06,6/10/2026,6/10/2026 23:28,1781213774,06:44.7,light
Josh,6/11/2026 10:06,6/10/2026,6/10/2026 23:29,1781213774,06:44.3,light
Josh,6/11/2026 10:06,6/10/2026,6/10/2026 23:30,1781213774,06:44.5,light
Josh,6/11/2026 10:06,6/10/2026,6/10/2026 23:31,1781213774,06:44.7,light
Josh,6/11/2026 10:06,6/10/2026,6/10/2026 23:32,1781213774,06:44.9,light
Josh,6/11/2026 10:06,6/10/2026,6/10/2026 23:33,1781213774,06:45.2,light
Josh,6/11/2026 10:06,6/10/2026,6/10/2026 23:34,1781213774,06:45.4,light
Josh,6/11/2026 10:06,6/10/2026,6/10/2026 23:35,1781213774,06:45.6,deep
Josh,6/11/2026 10:06,6/10/2026,6/10/2026 23:36,1781213774,06:45.8,deep
Josh,6/11/2026 10:06,6/10/2026,6/10/2026 23:37,1781213774,06:46.4,deep
Josh,6/11/2026 10:06,6/10/2026,6/10/2026 23:38,1781213774,06:46.3,deep
Josh,6/11/2026 10:06,6/10/2026,6/10/2026 23:39,1781213774,06:46.5,deep
Josh,6/11/2026 10:06,6/10/2026,6/10/2026 23:40,1781213774,06:46.7,deep
Josh,6/11/2026 10:06,6/10/2026,6/10/2026 23:41,1781213774,06:46.9,deep
Josh,6/11/2026 10:06,6/10/2026,6/10/2026 23:42,1781213774,06:47.1,deep
Josh,6/11/2026 10:06,6/10/2026,6/10/2026 23:43,1781213774,06:47.4,deep
Josh,6/11/2026 10:06,6/10/2026,6/10/2026 23:44,1781213774,06:47.6,deep
Josh,6/11/2026 10:06,6/10/2026,6/10/2026 23:45,1781213774,06:47.8,deep
Josh,6/11/2026 10:06,6/10/2026,6/10/2026 23:46,1781213774,06:48.1,deep
Josh,6/11/2026 10:06,6/10/2026,6/10/2026 23:47,1781213774,06:48.2,deep
Josh,6/11/2026 10:06,6/10/2026,6/10/2026 23:48,1781213774,06:48.4,deep
Josh,6/11/2026 10:06,6/10/2026,6/10/2026 23:49,1781213774,06:48.7,deep
Josh,6/11/2026 10:06,6/10/2026,6/10/2026 23:50,1781213774,06:48.9,deep
Josh,6/11/2026 10:06,6/10/2026,6/10/2026 23:51,1781213774,06:49.1,deep
Josh,6/11/2026 10:06,6/10/2026,6/10/2026 23:52,1781213774,06:49.3,deep
Josh,6/11/2026 10:06,6/10/2026,6/10/2026 23:53,1781213774,06:49.5,deep
Josh,6/11/2026 10:06,6/10/2026,6/10/2026 23:54,1781213774,06:49.8,deep
Josh,6/11/2026 10:06,6/10/2026,6/10/2026 23:55,1781213774,06:50.0,deep
Josh,6/11/2026 10:06,6/10/2026,6/10/2026 23:56,1781213774,06:50.2,deep
Josh,6/11/2026 10:06,6/10/2026,6/10/2026 23:57,1781213774,06:50.4,deep
Josh,6/11/2026 10:06,6/10/2026,6/10/2026 23:58,1781213774,06:50.6,deep
Josh,6/11/2026 10:06,6/10/2026,6/10/2026 23:59,1781213774,06:50.9,light
Josh,6/11/2026 10:06,6/10/2026,6/11/2026 0:00,1781213774,06:51.8,light
Josh,6/11/2026 10:06,6/10/2026,6/11/2026 0:01,1781213774,06:51.3,light
Josh,6/11/2026 10:06,6/10/2026,6/11/2026 0:02,1781213774,06:51.5,light
Josh,6/11/2026 10:06,6/10/2026,6/11/2026 0:03,1781213774,06:51.7,light
Josh,6/11/2026 10:06,6/10/2026,6/11/2026 0:04,1781213774,06:52.0,rem
Josh,6/11/2026 10:06,6/10/2026,6/11/2026 0:05,1781213774,06:52.2,rem
Josh,6/11/2026 10:06,6/10/2026,6/11/2026 0:06,1781213774,06:52.4,rem
Josh,6/11/2026 10:06,6/10/2026,6/11/2026 0:07,1781213774,06:52.6,rem
Josh,6/11/2026 10:06,6/10/2026,6/11/2026 0:08,1781213774,06:52.8,rem
Josh,6/11/2026 10:06,6/10/2026,6/11/2026 0:09,1781213774,06:53.5,rem
Josh,6/11/2026 10:06,6/10/2026,6/11/2026 0:10,1781213774,06:53.3,rem
Josh,6/11/2026 10:06,6/10/2026,6/11/2026 0:11,1781213774,06:53.5,rem
Josh,6/11/2026 10:06,6/10/2026,6/11/2026 0:12,1781213774,06:53.7,rem
Josh,6/11/2026 10:06,6/10/2026,6/11/2026 0:13,1781213774,06:53.9,rem
Josh,6/11/2026 10:06,6/10/2026,6/11/2026 0:14,1781213774,06:54.1,rem
Josh,6/11/2026 10:06,6/10/2026,6/11/2026 0:15,1781213774,06:54.4,rem
Josh,6/11/2026 10:06,6/10/2026,6/11/2026 0:16,1781213774,06:54.6,rem
Josh,6/11/2026 10:06,6/10/2026,6/11/2026 0:17,1781213774,06:54.8,rem
Josh,6/11/2026 10:06,6/10/2026,6/11/2026 0:18,1781213774,06:55.2,light
Josh,6/11/2026 10:06,6/10/2026,6/11/2026 0:19,1781213774,06:55.2,light
Josh,6/11/2026 10:06,6/10/2026,6/11/2026 0:20,1781213774,06:55.5,light
Josh,6/11/2026 10:06,6/10/2026,6/11/2026 0:21,1781213774,06:55.7,light
Josh,6/11/2026 10:06,6/10/2026,6/11/2026 0:22,1781213774,06:55.9,light
Josh,6/11/2026 10:06,6/10/2026,6/11/2026 0:23,1781213774,06:56.1,light
Josh,6/11/2026 10:06,6/10/2026,6/11/2026 0:24,1781213774,06:56.3,light
Josh,6/11/2026 10:06,6/10/2026,6/11/2026 0:25,1781213774,06:56.6,light
Josh,6/11/2026 10:06,6/10/2026,6/11/2026 0:26,1781213774,06:56.8,light
Josh,6/11/2026 10:06,6/10/2026,6/11/2026 0:27,1781213774,06:57.0,light
Josh,6/11/2026 10:06,6/10/2026,6/11/2026 0:28,1781213774,06:57.2,light
Josh,6/11/2026 10:06,6/10/2026,6/11/2026 0:29,1781213774,06:57.4,light
Josh,6/11/2026 10:06,6/10/2026,6/11/2026 0:30,1781213774,06:57.6,light
Josh,6/11/2026 10:06,6/10/2026,6/11/2026 0:31,1781213774,06:57.9,light
Josh,6/11/2026 10:06,6/10/2026,6/11/2026 0:32,1781213774,06:58.9,light
Josh,6/11/2026 10:06,6/10/2026,6/11/2026 0:33,1781213774,06:58.3,light
Josh,6/11/2026 10:06,6/10/2026,6/11/2026 0:34,1781213774,06:58.5,light
Josh,6/11/2026 10:06,6/10/2026,6/11/2026 0:35,1781213774,06:58.7,light
Josh,6/11/2026 10:06,6/10/2026,6/11/2026 0:36,1781213774,06:59.0,light
Josh,6/11/2026 10:06,6/10/2026,6/11/2026 0:37,1781213774,06:59.2,light
Josh,6/11/2026 10:06,6/10/2026,6/11/2026 0:38,1781213774,06:59.4,light
Josh,6/11/2026 10:06,6/10/2026,6/11/2026 0:39,1781213774,06:59.6,light
Josh,6/11/2026 10:06,6/10/2026,6/11/2026 0:40,1781213774,06:59.8,light
Josh,6/11/2026 10:06,6/10/2026,6/11/2026 0:41,1781213774,07:00.6,light
Josh,6/11/2026 10:06,6/10/2026,6/11/2026 0:42,1781213774,07:00.3,deep
Josh,6/11/2026 10:06,6/10/2026,6/11/2026 0:43,1781213774,07:00.5,deep
Josh,6/11/2026 10:06,6/10/2026,6/11/2026 0:44,1781213774,07:00.7,deep
Josh,6/11/2026 10:06,6/10/2026,6/11/2026 0:45,1781213774,07:00.9,deep
Josh,6/11/2026 10:06,6/10/2026,6/11/2026 0:46,1781213774,07:01.2,deep
Josh,6/11/2026 10:06,6/10/2026,6/11/2026 0:47,1781213774,07:01.4,deep
Josh,6/11/2026 10:06,6/10/2026,6/11/2026 0:48,1781213774,07:01.6,deep
Josh,6/11/2026 10:06,6/10/2026,6/11/2026 0:49,1781213774,07:01.8,deep
Josh,6/11/2026 10:06,6/10/2026,6/11/2026 0:50,1781213774,07:02.3,deep
Josh,6/11/2026 10:06,6/10/2026,6/11/2026 0:51,1781213774,07:02.2,deep
Josh,6/11/2026 10:06,6/10/2026,6/11/2026 0:52,1781213774,07:02.5,deep
Josh,6/11/2026 10:06,6/10/2026,6/11/2026 0:53,1781213774,07:02.7,deep
Josh,6/11/2026 10:06,6/10/2026,6/11/2026 0:54,1781213774,07:02.9,deep
Josh,6/11/2026 10:06,6/10/2026,6/11/2026 0:55,1781213774,07:03.1,deep
Josh,6/11/2026 10:06,6/10/2026,6/11/2026 0:56,1781213774,07:03.3,deep
Josh,6/11/2026 10:06,6/10/2026,6/11/2026 0:57,1781213774,07:03.6,deep
Josh,6/11/2026 10:06,6/10/2026,6/11/2026 0:58,1781213774,07:03.8,deep
Josh,6/11/2026 10:06,6/10/2026,6/11/2026 0:59,1781213774,07:04.2,deep
Josh,6/11/2026 10:06,6/10/2026,6/11/2026 1:00,1781213774,07:04.2,deep
Josh,6/11/2026 10:06,6/10/2026,6/11/2026 1:01,1781213774,07:04.4,deep
Josh,6/11/2026 10:06,6/10/2026,6/11/2026 1:02,1781213774,07:04.7,deep
Josh,6/11/2026 10:06,6/10/2026,6/11/2026 1:03,1781213774,07:04.9,deep
Josh,6/11/2026 10:06,6/10/2026,6/11/2026 1:04,1781213774,07:06.0,deep
Josh,6/11/2026 10:06,6/10/2026,6/11/2026 1:05,1781213774,07:05.3,deep
Josh,6/11/2026 10:06,6/10/2026,6/11/2026 1:06,1781213774,07:05.5,deep
Josh,6/11/2026 10:06,6/10/2026,6/11/2026 1:07,1781213774,07:05.8,deep
Josh,6/11/2026 10:06,6/10/2026,6/11/2026 1:08,1781213774,07:06.0,deep
Josh,6/11/2026 10:06,6/10/2026,6/11/2026 1:09,1781213774,07:06.2,deep
Josh,6/11/2026 10:06,6/10/2026,6/11/2026 1:10,1781213774,07:06.4,light
Josh,6/11/2026 10:06,6/10/2026,6/11/2026 1:11,1781213774,07:06.6,light
Josh,6/11/2026 10:06,6/10/2026,6/11/2026 1:12,1781213774,07:06.8,light
Josh,6/11/2026 10:06,6/10/2026,6/11/2026 1:13,1781213774,07:07.7,light
Josh,6/11/2026 10:06,6/10/2026,6/11/2026 1:14,1781213774,07:07.3,light
Josh,6/11/2026 10:06,6/10/2026,6/11/2026 1:15,1781213774,07:07.5,light
Josh,6/11/2026 10:06,6/10/2026,6/11/2026 1:16,1781213774,07:07.7,light
Josh,6/11/2026 10:06,6/10/2026,6/11/2026 1:17,1781213774,07:07.9,light
Josh,6/11/2026 10:06,6/10/2026,6/11/2026 1:18,1781213774,07:08.2,light
Josh,6/11/2026 10:06,6/10/2026,6/11/2026 1:19,1781213774,07:08.4,wake
Josh,6/11/2026 10:06,6/10/2026,6/11/2026 1:20,1781213774,07:08.6,wake
Josh,6/11/2026 10:06,6/10/2026,6/11/2026 1:21,1781213774,07:08.8,wake
Josh,6/11/2026 10:06,6/10/2026,6/11/2026 1:22,1781213774,07:09.4,rem
Josh,6/11/2026 10:06,6/10/2026,6/11/2026 1:23,1781213774,07:09.3,rem
Josh,6/11/2026 10:06,6/10/2026,6/11/2026 1:24,1781213774,07:09.5,rem
Josh,6/11/2026 10:06,6/10/2026,6/11/2026 1:25,1781213774,07:09.7,rem
Josh,6/11/2026 10:06,6/10/2026,6/11/2026 1:26,1781213774,07:09.9,rem
Josh,6/11/2026 10:06,6/10/2026,6/11/2026 1:27,1781213774,07:10.1,rem
Josh,6/11/2026 10:06,6/10/2026,6/11/2026 1:28,1781213774,07:10.4,rem
Josh,6/11/2026 10:06,6/10/2026,6/11/2026 1:29,1781213774,07:10.6,rem
Josh,6/11/2026 10:06,6/10/2026,6/11/2026 1:30,1781213774,07:10.8,rem
Josh,6/11/2026 10:06,6/10/2026,6/11/2026 1:31,1781213774,07:11.1,rem
Josh,6/11/2026 10:06,6/10/2026,6/11/2026 1:32,1781213774,07:11.2,rem
Josh,6/11/2026 10:06,6/10/2026,6/11/2026 1:33,1781213774,07:11.4,rem
Josh,6/11/2026 10:06,6/10/2026,6/11/2026 1:34,1781213774,07:11.7,rem
Josh,6/11/2026 10:06,6/10/2026,6/11/2026 1:35,1781213774,07:11.9,rem
Josh,6/11/2026 10:06,6/10/2026,6/11/2026 1:36,1781213774,07:12.1,rem
Josh,6/11/2026 10:06,6/10/2026,6/11/2026 1:37,1781213774,07:12.3,light
Josh,6/11/2026 10:06,6/10/2026,6/11/2026 1:38,1781213774,07:12.5,light
Josh,6/11/2026 10:06,6/10/2026,6/11/2026 1:39,1781213774,07:12.8,light
Josh,6/11/2026 10:06,6/10/2026,6/11/2026 1:40,1781213774,07:13.0,light
Josh,6/11/2026 10:06,6/10/2026,6/11/2026 1:41,1781213774,07:13.2,light
Josh,6/11/2026 10:06,6/10/2026,6/11/2026 1:42,1781213774,07:13.4,light
Josh,6/11/2026 10:06,6/10/2026,6/11/2026 1:43,1781213774,07:13.6,light
Josh,6/11/2026 10:06,6/10/2026,6/11/2026 1:44,1781213774,07:13.9,light
Josh,6/11/2026 10:06,6/10/2026,6/11/2026 1:45,1781213774,07:14.8,light
Josh,6/11/2026 10:06,6/10/2026,6/11/2026 1:46,1781213774,07:14.3,light
Josh,6/11/2026 10:06,6/10/2026,6/11/2026 1:47,1781213774,07:14.5,light
Josh,6/11/2026 10:06,6/10/2026,6/11/2026 1:48,1781213774,07:14.7,light
Josh,6/11/2026 10:06,6/10/2026,6/11/2026 1:49,1781213774,07:15.0,light
Josh,6/11/2026 10:06,6/10/2026,6/11/2026 1:50,1781213774,07:15.2,light
Josh,6/11/2026 10:06,6/10/2026,6/11/2026 1:51,1781213774,07:15.4,light
Josh,6/11/2026 10:06,6/10/2026,6/11/2026 1:52,1781213774,07:15.6,deep
Josh,6/11/2026 10:06,6/10/2026,6/11/2026 1:53,1781213774,07:15.8,deep
Josh,6/11/2026 10:06,6/10/2026,6/11/2026 1:54,1781213774,07:16.5,deep
Josh,6/11/2026 10:06,6/10/2026,6/11/2026 1:55,1781213774,07:16.3,deep
Josh,6/11/2026 10:06,6/10/2026,6/11/2026 1:56,1781213774,07:16.5,deep
Josh,6/11/2026 10:06,6/10/2026,6/11/2026 1:57,1781213774,07:16.7,deep
Josh,6/11/2026 10:06,6/10/2026,6/11/2026 1:58,1781213774,07:16.9,deep
Josh,6/11/2026 10:06,6/10/2026,6/11/2026 1:59,1781213774,07:17.1,deep
Josh,6/11/2026 10:06,6/10/2026,6/11/2026 2:00,1781213774,07:17.4,deep
Josh,6/11/2026 10:06,6/10/2026,6/11/2026 2:01,1781213774,07:17.6,deep
Josh,6/11/2026 10:06,6/10/2026,6/11/2026 2:02,1781213774,07:17.8,deep
Josh,6/11/2026 10:06,6/10/2026,6/11/2026 2:03,1781213774,07:18.2,deep
Josh,6/11/2026 10:06,6/10/2026,6/11/2026 2:04,1781213774,07:18.2,deep
Josh,6/11/2026 10:06,6/10/2026,6/11/2026 2:05,1781213774,07:18.5,deep
Josh,6/11/2026 10:06,6/10/2026,6/11/2026 2:06,1781213774,07:18.7,deep
Josh,6/11/2026 10:06,6/10/2026,6/11/2026 2:07,1781213774,07:18.9,deep
Josh,6/11/2026 10:06,6/10/2026,6/11/2026 2:08,1781213774,07:19.1,deep
Josh,6/11/2026 10:06,6/10/2026,6/11/2026 2:09,1781213774,07:19.3,deep
Josh,6/11/2026 10:06,6/10/2026,6/11/2026 2:10,1781213774,07:19.6,deep
Josh,6/11/2026 10:06,6/10/2026,6/11/2026 2:11,1781213774,07:19.8,deep
Josh,6/11/2026 10:06,6/10/2026,6/11/2026 2:12,1781213774,07:20.0,deep
Josh,6/11/2026 10:06,6/10/2026,6/11/2026 2:13,1781213774,07:20.2,deep
Josh,6/11/2026 10:06,6/10/2026,6/11/2026 2:14,1781213774,07:20.4,light
Josh,6/11/2026 10:06,6/10/2026,6/11/2026 2:15,1781213774,07:20.7,light
Josh,6/11/2026 10:06,6/10/2026,6/11/2026 2:16,1781213774,07:20.9,light
Josh,6/11/2026 10:06,6/10/2026,6/11/2026 2:17,1781213774,07:21.9,light
Josh,6/11/2026 10:06,6/10/2026,6/11/2026 2:18,1781213774,07:21.3,light
Josh,6/11/2026 10:06,6/10/2026,6/11/2026 2:19,1781213774,07:21.5,rem
Josh,6/11/2026 10:06,6/10/2026,6/11/2026 2:20,1781213774,07:21.7,rem
Josh,6/11/2026 10:06,6/10/2026,6/11/2026 2:21,1781213774,07:22.0,rem
Josh,6/11/2026 10:06,6/10/2026,6/11/2026 2:22,1781213774,07:22.2,rem
Josh,6/11/2026 10:06,6/10/2026,6/11/2026 2:23,1781213774,07:22.4,rem
Josh,6/11/2026 10:06,6/10/2026,6/11/2026 2:24,1781213774,07:22.6,rem
Josh,6/11/2026 10:06,6/10/2026,6/11/2026 2:25,1781213774,07:22.8,rem
Josh,6/11/2026 10:06,6/10/2026,6/11/2026 2:26,1781213774,07:23.6,rem
Josh,6/11/2026 10:06,6/10/2026,6/11/2026 2:27,1781213774,07:23.3,rem
Josh,6/11/2026 10:06,6/10/2026,6/11/2026 2:28,1781213774,07:23.5,rem
Josh,6/11/2026 10:06,6/10/2026,6/11/2026 2:29,1781213774,07:23.7,rem
Josh,6/11/2026 10:06,6/10/2026,6/11/2026 2:30,1781213774,07:23.9,rem
Josh,6/11/2026 10:06,6/10/2026,6/11/2026 2:31,1781213774,07:24.2,rem
Josh,6/11/2026 10:06,6/10/2026,6/11/2026 2:32,1781213774,07:24.4,rem
Josh,6/11/2026 10:06,6/10/2026,6/11/2026 2:33,1781213774,07:24.6,light
Josh,6/11/2026 10:06,6/10/2026,6/11/2026 2:34,1781213774,07:24.8,light
Josh,6/11/2026 10:06,6/10/2026,6/11/2026 2:35,1781213774,07:25.3,light
Josh,6/11/2026 10:06,6/10/2026,6/11/2026 2:36,1781213774,07:25.3,light
Josh,6/11/2026 10:06,6/10/2026,6/11/2026 2:37,1781213774,07:25.5,light
Josh,6/11/2026 10:06,6/10/2026,6/11/2026 2:38,1781213774,07:25.7,light
Josh,6/11/2026 10:06,6/10/2026,6/11/2026 2:39,1781213774,07:25.9,light
Josh,6/11/2026 10:06,6/10/2026,6/11/2026 2:40,1781213774,07:26.1,light
Josh,6/11/2026 10:06,6/10/2026,6/11/2026 2:41,1781213774,07:26.3,light
Josh,6/11/2026 10:06,6/10/2026,6/11/2026 2:42,1781213774,07:26.6,light
Josh,6/11/2026 10:06,6/10/2026,6/11/2026 2:43,1781213774,07:26.8,light
Josh,6/11/2026 10:06,6/10/2026,6/11/2026 2:44,1781213774,07:27.4,light
Josh,6/11/2026 10:06,6/10/2026,6/11/2026 2:45,1781213774,07:27.2,light
Josh,6/11/2026 10:06,6/10/2026,6/11/2026 2:46,1781213774,07:27.4,light
Josh,6/11/2026 10:06,6/10/2026,6/11/2026 2:47,1781213774,07:27.7,light
Josh,6/11/2026 10:06,6/10/2026,6/11/2026 2:48,1781213774,07:27.9,light
Josh,6/11/2026 10:06,6/10/2026,6/11/2026 2:49,1781213774,07:29.0,light
Josh,6/11/2026 10:06,6/10/2026,6/11/2026 2:50,1781213774,07:28.3,light
Josh,6/11/2026 10:06,6/10/2026,6/11/2026 2:51,1781213774,07:28.5,deep
Josh,6/11/2026 10:06,6/10/2026,6/11/2026 2:52,1781213774,07:28.8,deep
Josh,6/11/2026 10:06,6/10/2026,6/11/2026 2:53,1781213774,07:29.0,deep
Josh,6/11/2026 10:06,6/10/2026,6/11/2026 2:54,1781213774,07:29.2,deep
Josh,6/11/2026 10:06,6/10/2026,6/11/2026 2:55,1781213774,07:29.4,deep
Josh,6/11/2026 10:06,6/10/2026,6/11/2026 2:56,1781213774,07:29.6,deep
Josh,6/11/2026 10:06,6/10/2026,6/11/2026 2:57,1781213774,07:29.9,deep
Josh,6/11/2026 10:06,6/10/2026,6/11/2026 2:58,1781213774,07:30.7,deep
Josh,6/11/2026 10:06,6/10/2026,6/11/2026 2:59,1781213774,07:30.3,deep
Josh,6/11/2026 10:06,6/10/2026,6/11/2026 3:00,1781213774,07:30.5,deep
Josh,6/11/2026 10:06,6/10/2026,6/11/2026 3:01,1781213774,07:30.7,deep
Josh,6/11/2026 10:06,6/10/2026,6/11/2026 3:02,1781213774,07:30.9,deep
Josh,6/11/2026 10:06,6/10/2026,6/11/2026 3:03,1781213774,07:31.2,deep
Josh,6/11/2026 10:06,6/10/2026,6/11/2026 3:04,1781213774,07:31.4,deep
Josh,6/11/2026 10:06,6/10/2026,6/11/2026 3:05,1781213774,07:31.6,deep
Josh,6/11/2026 10:06,6/10/2026,6/11/2026 3:06,1781213774,07:31.8,deep
Josh,6/11/2026 10:06,6/10/2026,6/11/2026 3:07,1781213774,07:32.4,deep
Josh,6/11/2026 10:06,6/10/2026,6/11/2026 3:08,1781213774,07:32.3,deep
Josh,6/11/2026 10:06,6/10/2026,6/11/2026 3:09,1781213774,07:32.5,deep
Josh,6/11/2026 10:06,6/10/2026,6/11/2026 3:10,1781213774,07:32.7,light
Josh,6/11/2026 10:06,6/10/2026,6/11/2026 3:11,1781213774,07:32.9,light
Josh,6/11/2026 10:06,6/10/2026,6/11/2026 3:12,1781213774,07:33.1,light
Josh,6/11/2026 10:06,6/10/2026,6/11/2026 3:13,1781213774,07:33.4,light
Josh,6/11/2026 10:06,6/10/2026,6/11/2026 3:14,1781213774,07:33.6,light
Josh,6/11/2026 10:06,6/10/2026,6/11/2026 3:15,1781213774,07:33.8,light
Josh,6/11/2026 10:06,6/10/2026,6/11/2026 3:16,1781213774,07:34.1,light
Josh,6/11/2026 10:06,6/10/2026,6/11/2026 3:17,1781213774,07:34.2,light
Josh,6/11/2026 10:06,6/10/2026,6/11/2026 3:18,1781213774,07:34.5,light
Josh,6/11/2026 10:06,6/10/2026,6/11/2026 3:19,1781213774,07:34.7,wake
Josh,6/11/2026 10:06,6/10/2026,6/11/2026 3:20,1781213774,07:34.9,wake
Josh,6/11/2026 10:06,6/10/2026,6/11/2026 3:21,1781213774,07:35.1,wake
Josh,6/11/2026 10:06,6/10/2026,6/11/2026 3:22,1781213774,07:35.3,rem
Josh,6/11/2026 10:06,6/10/2026,6/11/2026 3:23,1781213774,07:35.5,rem
Josh,6/11/2026 10:06,6/10/2026,6/11/2026 3:24,1781213774,07:35.8,rem
Josh,6/11/2026 10:06,6/10/2026,6/11/2026 3:25,1781213774,07:36.0,rem
Josh,6/11/2026 10:06,6/10/2026,6/11/2026 3:26,1781213774,07:36.2,rem
Josh,6/11/2026 10:06,6/10/2026,6/11/2026 3:27,1781213774,07:36.4,rem
Josh,6/11/2026 10:06,6/10/2026,6/11/2026 3:28,1781213774,07:36.6,rem
Josh,6/11/2026 10:06,6/10/2026,6/11/2026 3:29,1781213774,07:36.9,rem
Josh,6/11/2026 10:06,6/10/2026,6/11/2026 3:30,1781213774,07:37.8,rem
Josh,6/11/2026 10:06,6/10/2026,6/11/2026 3:31,1781213774,07:37.3,rem
Josh,6/11/2026 10:06,6/10/2026,6/11/2026 3:32,1781213774,07:37.5,rem
Josh,6/11/2026 10:06,6/10/2026,6/11/2026 3:33,1781213774,07:37.7,rem
Josh,6/11/2026 10:06,6/10/2026,6/11/2026 3:34,1781213774,07:38.0,rem
Josh,6/11/2026 10:06,6/10/2026,6/11/2026 3:35,1781213774,07:38.2,rem
Josh,6/11/2026 10:06,6/10/2026,6/11/2026 3:36,1781213774,07:38.4,rem
Josh,6/11/2026 10:06,6/10/2026,6/11/2026 3:37,1781213774,07:38.6,rem
Josh,6/11/2026 10:06,6/10/2026,6/11/2026 3:38,1781213774,07:38.8,rem
Josh,6/11/2026 10:06,6/10/2026,6/11/2026 3:39,1781213774,07:39.5,rem
Josh,6/11/2026 10:06,6/10/2026,6/11/2026 3:40,1781213774,07:39.3,rem
Josh,6/11/2026 10:06,6/10/2026,6/11/2026 3:41,1781213774,07:39.5,rem
Josh,6/11/2026 10:06,6/10/2026,6/11/2026 3:42,1781213774,07:39.7,light
Josh,6/11/2026 10:06,6/10/2026,6/11/2026 3:43,1781213774,07:39.9,light
Josh,6/11/2026 10:06,6/10/2026,6/11/2026 3:44,1781213774,07:40.1,light
Josh,6/11/2026 10:06,6/10/2026,6/11/2026 3:45,1781213774,07:40.4,light
Josh,6/11/2026 10:06,6/10/2026,6/11/2026 3:46,1781213774,07:40.6,light
Josh,6/11/2026 10:06,6/10/2026,6/11/2026 3:47,1781213774,07:40.8,light
Josh,6/11/2026 10:06,6/10/2026,6/11/2026 3:48,1781213774,07:41.2,light
Josh,6/11/2026 10:06,6/10/2026,6/11/2026 3:49,1781213774,07:41.2,light
Josh,6/11/2026 10:06,6/10/2026,6/11/2026 3:50,1781213774,07:41.5,light
Josh,6/11/2026 10:06,6/10/2026,6/11/2026 3:51,1781213774,07:41.7,light
Josh,6/11/2026 10:06,6/10/2026,6/11/2026 3:52,1781213774,07:41.9,light
Josh,6/11/2026 10:06,6/10/2026,6/11/2026 3:53,1781213774,07:42.1,light
Josh,6/11/2026 10:06,6/10/2026,6/11/2026 3:54,1781213774,07:42.3,light
Josh,6/11/2026 10:06,6/10/2026,6/11/2026 3:55,1781213774,07:42.6,light
Josh,6/11/2026 10:06,6/10/2026,6/11/2026 3:56,1781213774,07:42.8,light
Josh,6/11/2026 10:06,6/10/2026,6/11/2026 3:57,1781213774,07:43.0,light
Josh,6/11/2026 10:06,6/10/2026,6/11/2026 3:58,1781213774,07:43.2,deep
Josh,6/11/2026 10:06,6/10/2026,6/11/2026 3:59,1781213774,07:43.4,deep
Josh,6/11/2026 10:06,6/10/2026,6/11/2026 4:00,1781213774,07:43.7,deep
Josh,6/11/2026 10:06,6/10/2026,6/11/2026 4:01,1781213774,07:43.9,deep
Josh,6/11/2026 10:06,6/10/2026,6/11/2026 4:02,1781213774,07:44.9,deep
Josh,6/11/2026 10:06,6/10/2026,6/11/2026 4:03,1781213774,07:44.3,deep
Josh,6/11/2026 10:06,6/10/2026,6/11/2026 4:04,1781213774,07:44.5,deep
Josh,6/11/2026 10:06,6/10/2026,6/11/2026 4:05,1781213774,07:44.7,deep
Josh,6/11/2026 10:06,6/10/2026,6/11/2026 4:06,1781213774,07:45.0,deep
Josh,6/11/2026 10:06,6/10/2026,6/11/2026 4:07,1781213774,07:45.2,deep
Josh,6/11/2026 10:06,6/10/2026,6/11/2026 4:08,1781213774,07:45.4,deep
Josh,6/11/2026 10:06,6/10/2026,6/11/2026 4:09,1781213774,07:45.6,deep
Josh,6/11/2026 10:06,6/10/2026,6/11/2026 4:10,1781213774,07:45.8,deep
Josh,6/11/2026 10:06,6/10/2026,6/11/2026 4:11,1781213774,07:46.6,deep
Josh,6/11/2026 10:06,6/10/2026,6/11/2026 4:12,1781213774,07:46.3,light
Josh,6/11/2026 10:06,6/10/2026,6/11/2026 4:13,1781213774,07:46.5,light
Josh,6/11/2026 10:06,6/10/2026,6/11/2026 4:14,1781213774,07:46.7,light
Josh,6/11/2026 10:06,6/10/2026,6/11/2026 4:15,1781213774,07:46.9,light
Josh,6/11/2026 10:06,6/10/2026,6/11/2026 4:16,1781213774,07:47.2,light
Josh,6/11/2026 10:06,6/10/2026,6/11/2026 4:17,1781213774,07:47.4,light
Josh,6/11/2026 10:06,6/10/2026,6/11/2026 4:18,1781213774,07:47.6,light
Josh,6/11/2026 10:06,6/10/2026,6/11/2026 4:19,1781213774,07:47.8,wake
Josh,6/11/2026 10:06,6/10/2026,6/11/2026 4:20,1781213774,07:48.3,wake
Josh,6/11/2026 10:06,6/10/2026,6/11/2026 4:21,1781213774,07:48.3,wake
Josh,6/11/2026 10:06,6/10/2026,6/11/2026 4:22,1781213774,07:48.5,rem
Josh,6/11/2026 10:06,6/10/2026,6/11/2026 4:23,1781213774,07:48.7,rem
Josh,6/11/2026 10:06,6/10/2026,6/11/2026 4:24,1781213774,07:48.9,rem
Josh,6/11/2026 10:06,6/10/2026,6/11/2026 4:25,1781213774,07:49.1,rem
Josh,6/11/2026 10:06,6/10/2026,6/11/2026 4:26,1781213774,07:49.3,rem
Josh,6/11/2026 10:06,6/10/2026,6/11/2026 4:27,1781213774,07:49.6,rem
Josh,6/11/2026 10:06,6/10/2026,6/11/2026 4:28,1781213774,07:49.8,rem
Josh,6/11/2026 10:06,6/10/2026,6/11/2026 4:29,1781213774,07:50.6,rem
Josh,6/11/2026 10:06,6/10/2026,6/11/2026 4:30,1781213774,07:50.2,rem
Josh,6/11/2026 10:06,6/10/2026,6/11/2026 4:31,1781213774,07:50.4,rem
Josh,6/11/2026 10:06,6/10/2026,6/11/2026 4:32,1781213774,07:50.7,rem
Josh,6/11/2026 10:06,6/10/2026,6/11/2026 4:33,1781213774,07:50.9,rem
Josh,6/11/2026 10:06,6/10/2026,6/11/2026 4:34,1781213774,07:51.1,rem
Josh,6/11/2026 10:06,6/10/2026,6/11/2026 4:35,1781213774,07:51.3,rem
Josh,6/11/2026 10:06,6/10/2026,6/11/2026 4:36,1781213774,07:51.5,rem
Josh,6/11/2026 10:06,6/10/2026,6/11/2026 4:37,1781213774,07:51.8,rem
Josh,6/11/2026 10:06,6/10/2026,6/11/2026 4:38,1781213774,07:52.0,rem
Josh,6/11/2026 10:06,6/10/2026,6/11/2026 4:39,1781213774,07:52.2,rem
Josh,6/11/2026 10:06,6/10/2026,6/11/2026 4:40,1781213774,07:52.4,rem
Josh,6/11/2026 10:06,6/10/2026,6/11/2026 4:41,1781213774,07:52.6,rem
Josh,6/11/2026 10:06,6/10/2026,6/11/2026 4:42,1781213774,07:52.9,rem
Josh,6/11/2026 10:06,6/10/2026,6/11/2026 4:43,1781213774,07:53.7,light
Josh,6/11/2026 10:06,6/10/2026,6/11/2026 4:44,1781213774,07:53.3,light
Josh,6/11/2026 10:06,6/10/2026,6/11/2026 4:45,1781213774,07:53.5,light
Josh,6/11/2026 10:06,6/10/2026,6/11/2026 4:46,1781213774,07:53.7,light
Josh,6/11/2026 10:06,6/10/2026,6/11/2026 4:47,1781213774,07:53.9,light
Josh,6/11/2026 10:06,6/10/2026,6/11/2026 4:48,1781213774,07:54.2,light
Josh,6/11/2026 10:06,6/10/2026,6/11/2026 4:49,1781213774,07:54.4,light
Josh,6/11/2026 10:06,6/10/2026,6/11/2026 4:50,1781213774,07:54.6,light
Josh,6/11/2026 10:06,6/10/2026,6/11/2026 4:51,1781213774,07:54.8,light
Josh,6/11/2026 10:06,6/10/2026,6/11/2026 4:52,1781213774,07:55.4,light
Josh,6/11/2026 10:06,6/10/2026,6/11/2026 4:53,1781213774,07:55.3,light
Josh,6/11/2026 10:06,6/10/2026,6/11/2026 4:54,1781213774,07:55.5,light
Josh,6/11/2026 10:06,6/10/2026,6/11/2026 4:55,1781213774,07:55.7,light
Josh,6/11/2026 10:06,6/10/2026,6/11/2026 4:56,1781213774,07:55.9,light
Josh,6/11/2026 10:06,6/10/2026,6/11/2026 4:57,1781213774,07:56.1,light
Josh,6/11/2026 10:06,6/10/2026,6/11/2026 4:58,1781213774,07:56.4,light
Josh,6/11/2026 10:06,6/10/2026,6/11/2026 4:59,1781213774,07:56.6,light
Josh,6/11/2026 10:06,6/10/2026,6/11/2026 5:00,1781213774,07:56.8,light
Josh,6/11/2026 10:06,6/10/2026,6/11/2026 5:01,1781213774,07:57.2,light
Josh,6/11/2026 10:06,6/10/2026,6/11/2026 5:02,1781213774,07:57.2,light
Josh,6/11/2026 10:06,6/10/2026,6/11/2026 5:03,1781213774,07:57.5,light
Josh,6/11/2026 10:06,6/10/2026,6/11/2026 5:04,1781213774,07:57.7,light
Josh,6/11/2026 10:06,6/10/2026,6/11/2026 5:05,1781213774,07:57.9,deep
Josh,6/11/2026 10:06,6/10/2026,6/11/2026 5:06,1781213774,07:58.1,deep
Josh,6/11/2026 10:06,6/10/2026,6/11/2026 5:07,1781213774,07:58.3,deep
Josh,6/11/2026 10:06,6/10/2026,6/11/2026 5:08,1781213774,07:58.5,deep
Josh,6/11/2026 10:06,6/10/2026,6/11/2026 5:09,1781213774,07:58.8,deep
Josh,6/11/2026 10:06,6/10/2026,6/11/2026 5:10,1781213774,07:59.0,deep
Josh,6/11/2026 10:06,6/10/2026,6/11/2026 5:11,1781213774,07:59.2,deep
Josh,6/11/2026 10:06,6/10/2026,6/11/2026 5:12,1781213774,07:59.4,deep
Josh,6/11/2026 10:06,6/10/2026,6/11/2026 5:13,1781213774,07:59.6,light
Josh,6/11/2026 10:06,6/10/2026,6/11/2026 5:14,1781213774,07:59.9,light
Josh,6/11/2026 10:06,6/10/2026,6/11/2026 5:15,1781213774,08:00.8,light
Josh,6/11/2026 10:06,6/10/2026,6/11/2026 5:16,1781213774,08:00.3,light
Josh,6/11/2026 10:06,6/10/2026,6/11/2026 5:17,1781213774,08:00.5,light
Josh,6/11/2026 10:06,6/10/2026,6/11/2026 5:18,1781213774,08:00.7,light
Josh,6/11/2026 10:06,6/10/2026,6/11/2026 5:19,1781213774,08:01.0,wake
Josh,6/11/2026 10:06,6/10/2026,6/11/2026 5:20,1781213774,08:01.2,wake
Josh,6/11/2026 10:06,6/10/2026,6/11/2026 5:21,1781213774,08:01.4,rem
Josh,6/11/2026 10:06,6/10/2026,6/11/2026 5:22,1781213774,08:01.6,rem
Josh,6/11/2026 10:06,6/10/2026,6/11/2026 5:23,1781213774,08:01.8,rem
Josh,6/11/2026 10:06,6/10/2026,6/11/2026 5:24,1781213774,08:02.5,rem
Josh,6/11/2026 10:06,6/10/2026,6/11/2026 5:25,1781213774,08:02.3,rem
Josh,6/11/2026 10:06,6/10/2026,6/11/2026 5:26,1781213774,08:02.5,rem
Josh,6/11/2026 10:06,6/10/2026,6/11/2026 5:27,1781213774,08:02.7,rem
Josh,6/11/2026 10:06,6/10/2026,6/11/2026 5:28,1781213774,08:02.9,rem
Josh,6/11/2026 10:06,6/10/2026,6/11/2026 5:29,1781213774,08:03.1,rem
Josh,6/11/2026 10:06,6/10/2026,6/11/2026 5:30,1781213774,08:03.4,rem
Josh,6/11/2026 10:06,6/10/2026,6/11/2026 5:31,1781213774,08:03.6,rem
Josh,6/11/2026 10:06,6/10/2026,6/11/2026 5:32,1781213774,08:03.8,rem
Josh,6/11/2026 10:06,6/10/2026,6/11/2026 5:33,1781213774,08:04.3,rem
Josh,6/11/2026 10:06,6/10/2026,6/11/2026 5:34,1781213774,08:04.2,rem
Josh,6/11/2026 10:06,6/10/2026,6/11/2026 5:35,1781213774,08:04.5,rem
Josh,6/11/2026 10:06,6/10/2026,6/11/2026 5:36,1781213774,08:04.7,rem
Josh,6/11/2026 10:06,6/10/2026,6/11/2026 5:37,1781213774,08:04.9,rem
Josh,6/11/2026 10:06,6/10/2026,6/11/2026 5:38,1781213774,08:05.1,rem
Josh,6/11/2026 10:06,6/10/2026,6/11/2026 5:39,1781213774,08:05.3,rem
Josh,6/11/2026 10:06,6/10/2026,6/11/2026 5:40,1781213774,08:05.6,rem
Josh,6/11/2026 10:06,6/10/2026,6/11/2026 5:41,1781213774,08:05.8,rem
Josh,6/11/2026 10:06,6/10/2026,6/11/2026 5:42,1781213774,08:06.0,rem
Josh,6/11/2026 10:06,6/10/2026,6/11/2026 5:43,1781213774,08:06.2,rem
Josh,6/11/2026 10:06,6/10/2026,6/11/2026 5:44,1781213774,08:06.4,rem
Josh,6/11/2026 10:06,6/10/2026,6/11/2026 5:45,1781213774,08:06.7,rem
Josh,6/11/2026 10:06,6/10/2026,6/11/2026 5:46,1781213774,08:06.9,rem
Josh,6/11/2026 10:06,6/10/2026,6/11/2026 5:47,1781213774,08:07.9,rem
Josh,6/11/2026 10:06,6/10/2026,6/11/2026 5:48,1781213774,08:07.3,rem
Josh,6/11/2026 10:06,6/10/2026,6/11/2026 5:49,1781213774,08:07.5,rem
Josh,6/11/2026 10:06,6/10/2026,6/11/2026 5:50,1781213774,08:07.8,rem
Josh,6/11/2026 10:06,6/10/2026,6/11/2026 5:51,1781213774,08:08.0,rem
Josh,6/11/2026 10:06,6/10/2026,6/11/2026 5:52,1781213774,08:08.2,rem
Josh,6/11/2026 10:06,6/10/2026,6/11/2026 5:53,1781213774,08:08.4,light
Josh,6/11/2026 10:06,6/10/2026,6/11/2026 5:54,1781213774,08:08.6,light
Josh,6/11/2026 10:06,6/10/2026,6/11/2026 5:55,1781213774,08:08.8,light
Josh,6/11/2026 10:06,6/10/2026,6/11/2026 5:56,1781213774,08:09.6,light
Josh,6/11/2026 10:06,6/10/2026,6/11/2026 5:57,1781213774,08:09.3,light
Josh,6/11/2026 10:06,6/10/2026,6/11/2026 5:58,1781213774,08:09.5,light
Josh,6/11/2026 10:06,6/10/2026,6/11/2026 5:59,1781213774,08:09.7,light
Josh,6/11/2026 10:06,6/10/2026,6/11/2026 6:00,1781213774,08:09.9,light
Josh,6/11/2026 10:06,6/10/2026,6/11/2026 6:01,1781213774,08:10.2,light
Josh,6/11/2026 10:06,6/10/2026,6/11/2026 6:02,1781213774,08:10.4,light
Josh,6/11/2026 10:06,6/10/2026,6/11/2026 6:03,1781213774,08:10.6,light
Josh,6/11/2026 10:06,6/10/2026,6/11/2026 6:04,1781213774,08:10.8,light
Josh,6/11/2026 10:06,6/10/2026,6/11/2026 6:05,1781213774,08:11.4,light
Josh,6/11/2026 10:06,6/10/2026,6/11/2026 6:06,1781213774,08:11.3,light
Josh,6/11/2026 10:06,6/10/2026,6/11/2026 6:07,1781213774,08:11.5,light
Josh,6/11/2026 10:06,6/10/2026,6/11/2026 6:08,1781213774,08:11.7,light
Josh,6/11/2026 10:06,6/10/2026,6/11/2026 6:09,1781213774,08:11.9,light
Josh,6/11/2026 10:06,6/10/2026,6/11/2026 6:10,1781213774,08:12.1,light
Josh,6/11/2026 10:06,6/10/2026,6/11/2026 6:11,1781213774,08:12.4,light
Josh,6/11/2026 10:06,6/10/2026,6/11/2026 6:12,1781213774,08:12.6,light
Josh,6/11/2026 10:06,6/10/2026,6/11/2026 6:13,1781213774,08:12.8,light
Josh,6/11/2026 10:06,6/10/2026,6/11/2026 6:14,1781213774,08:13.8,deep
Josh,6/11/2026 10:06,6/10/2026,6/11/2026 6:15,1781213774,08:13.2,deep
Josh,6/11/2026 10:06,6/10/2026,6/11/2026 6:16,1781213774,08:13.4,deep
Josh,6/11/2026 10:06,6/10/2026,6/11/2026 6:17,1781213774,08:13.7,deep
Josh,6/11/2026 10:06,6/10/2026,6/11/2026 6:18,1781213774,08:13.9,deep
Josh,6/11/2026 10:06,6/10/2026,6/11/2026 6:19,1781213774,08:14.1,deep
Josh,6/11/2026 10:06,6/10/2026,6/11/2026 6:20,1781213774,08:14.3,light
Josh,6/11/2026 10:06,6/10/2026,6/11/2026 6:21,1781213774,08:14.5,light
Josh,6/11/2026 10:06,6/10/2026,6/11/2026 6:22,1781213774,08:14.8,light
Josh,6/11/2026 10:06,6/10/2026,6/11/2026 6:23,1781213774,08:15.0,light
Josh,6/11/2026 10:06,6/10/2026,6/11/2026 6:24,1781213774,08:15.2,light
Josh,6/11/2026 10:06,6/10/2026,6/11/2026 6:25,1781213774,08:15.4,light
Josh,6/11/2026 10:06,6/10/2026,6/11/2026 6:26,1781213774,08:15.6,light
Josh,6/11/2026 10:06,6/10/2026,6/11/2026 6:27,1781213774,08:15.9,light
Josh,6/11/2026 10:06,6/10/2026,6/11/2026 6:28,1781213774,08:16.7,rem
Josh,6/11/2026 10:06,6/10/2026,6/11/2026 6:29,1781213774,08:16.3,rem
Josh,6/11/2026 10:06,6/10/2026,6/11/2026 6:30,1781213774,08:16.5,rem
Josh,6/11/2026 10:06,6/10/2026,6/11/2026 6:31,1781213774,08:16.7,rem
Josh,6/11/2026 10:06,6/10/2026,6/11/2026 6:32,1781213774,08:17.0,rem
Josh,6/11/2026 10:06,6/10/2026,6/11/2026 6:33,1781213774,08:17.2,rem
Josh,6/11/2026 10:06,6/10/2026,6/11/2026 6:34,1781213774,08:17.4,rem
Josh,6/11/2026 10:06,6/10/2026,6/11/2026 6:35,1781213774,08:17.6,rem
Josh,6/11/2026 10:06,6/10/2026,6/11/2026 6:36,1781213774,08:17.8,rem
Josh,6/11/2026 10:06,6/10/2026,6/11/2026 6:37,1781213774,08:18.5,rem
Josh,6/11/2026 10:06,6/10/2026,6/11/2026 6:38,1781213774,08:18.3,rem
Josh,6/11/2026 10:06,6/10/2026,6/11/2026 6:39,1781213774,08:18.5,rem
Josh,6/11/2026 10:06,6/10/2026,6/11/2026 6:40,1781213774,08:18.7,rem
Josh,6/11/2026 10:06,6/10/2026,6/11/2026 6:41,1781213774,08:18.9,rem
Josh,6/11/2026 10:06,6/10/2026,6/11/2026 6:42,1781213774,08:19.1,rem
Josh,6/11/2026 10:06,6/10/2026,6/11/2026 6:43,1781213774,08:19.4,rem
Josh,6/11/2026 10:06,6/10/2026,6/11/2026 6:44,1781213774,08:19.6,rem
Josh,6/11/2026 10:06,6/10/2026,6/11/2026 6:45,1781213774,08:19.8,rem
Josh,6/11/2026 10:06,6/10/2026,6/11/2026 6:46,1781213774,08:20.2,rem
Josh,6/11/2026 10:06,6/10/2026,6/11/2026 6:47,1781213774,08:20.2,rem
Josh,6/11/2026 10:06,6/10/2026,6/11/2026 6:48,1781213774,08:20.5,rem
Josh,6/11/2026 10:06,6/10/2026,6/11/2026 6:49,1781213774,08:20.7,rem
Josh,6/11/2026 10:06,6/10/2026,6/11/2026 6:50,1781213774,08:20.9,rem
Josh,6/11/2026 10:06,6/10/2026,6/11/2026 6:51,1781213774,08:21.1,rem
Josh,6/11/2026 10:06,6/10/2026,6/11/2026 6:52,1781213774,08:21.3,rem
Josh,6/11/2026 10:06,6/10/2026,6/11/2026 6:53,1781213774,08:21.6,rem
Josh,6/11/2026 10:06,6/10/2026,6/11/2026 6:54,1781213774,08:21.8,rem
Josh,6/11/2026 10:06,6/10/2026,6/11/2026 6:55,1781213774,08:22.0,rem
Josh,6/11/2026 10:06,6/10/2026,6/11/2026 6:56,1781213774,08:22.2,light
Josh,6/11/2026 10:06,6/10/2026,6/11/2026 6:57,1781213774,08:22.4,light
Josh,6/11/2026 10:06,6/10/2026,6/11/2026 6:58,1781213774,08:22.6,light
Josh,6/11/2026 10:06,6/10/2026,6/11/2026 6:59,1781213774,08:22.9,light
Josh,6/11/2026 10:06,6/10/2026,6/11/2026 7:00,1781213774,08:23.9,light
Josh,6/11/2026 10:06,6/10/2026,6/11/2026 7:01,1781213774,08:23.3,light
Josh,6/11/2026 10:06,6/10/2026,6/11/2026 7:02,1781213774,08:23.5,light
Josh,6/11/2026 10:06,6/10/2026,6/11/2026 7:03,1781213774,08:23.7,light
Josh,6/11/2026 10:06,6/10/2026,6/11/2026 7:04,1781213774,08:24.0,light
Josh,6/11/2026 10:06,6/10/2026,6/11/2026 7:05,1781213774,08:24.2,light
Josh,6/11/2026 10:06,6/10/2026,6/11/2026 7:06,1781213774,08:24.4,light
Josh,6/11/2026 10:06,6/10/2026,6/11/2026 7:07,1781213774,08:24.6,light
Josh,6/11/2026 10:06,6/10/2026,6/11/2026 7:08,1781213774,08:24.8,light
Josh,6/11/2026 10:06,6/10/2026,6/11/2026 7:09,1781213774,08:25.6,light
Josh,6/11/2026 10:06,6/10/2026,6/11/2026 7:10,1781213774,08:25.3,light
Josh,6/11/2026 10:06,6/10/2026,6/11/2026 7:11,1781213774,08:25.5,light
Josh,6/11/2026 10:06,6/10/2026,6/11/2026 7:12,1781213774,08:25.7,light
Josh,6/11/2026 10:06,6/10/2026,6/11/2026 7:13,1781213774,08:25.9,light
Josh,6/11/2026 10:06,6/10/2026,6/11/2026 7:14,1781213774,08:26.2,light
Josh,6/11/2026 10:06,6/10/2026,6/11/2026 7:15,1781213774,08:26.4,light
Josh,6/11/2026 10:06,6/10/2026,6/11/2026 7:16,1781213774,08:26.6,light
Josh,6/11/2026 10:06,6/10/2026,6/11/2026 7:17,1781213774,08:26.8,light
Josh,6/11/2026 10:06,6/10/2026,6/11/2026 7:18,1781213774,08:27.3,light
Josh,6/11/2026 10:06,6/10/2026,6/11/2026 7:19,1781213774,08:27.2,deep
Josh,6/11/2026 10:06,6/10/2026,6/11/2026 7:20,1781213774,08:27.5,deep
Josh,6/11/2026 10:06,6/10/2026,6/11/2026 7:21,1781213774,08:27.7,deep
Josh,6/11/2026 10:06,6/10/2026,6/11/2026 7:22,1781213774,08:27.9,deep
Josh,6/11/2026 10:06,6/10/2026,6/11/2026 7:23,1781213774,08:28.1,deep
Josh,6/11/2026 10:06,6/10/2026,6/11/2026 7:24,1781213774,08:28.3,light
Josh,6/11/2026 10:06,6/10/2026,6/11/2026 7:25,1781213774,08:28.6,light
Josh,6/11/2026 10:06,6/10/2026,6/11/2026 7:26,1781213774,08:28.8,light
Josh,6/11/2026 10:06,6/10/2026,6/11/2026 7:27,1781213774,6/11/2026 10:08,light
Josh,6/11/2026 10:06,6/10/2026,6/11/2026 7:28,1781213774,08:29.2,light
Josh,6/11/2026 10:06,6/10/2026,6/11/2026 7:29,1781213774,08:29.4,light
Josh,6/11/2026 10:06,6/10/2026,6/11/2026 7:30,1781213774,08:29.7,light
Josh,6/11/2026 10:06,6/10/2026,6/11/2026 7:31,1781213774,08:29.9,light
Josh,6/11/2026 10:06,6/10/2026,6/11/2026 7:32,1781213774,08:31.0,light
Josh,6/11/2026 10:06,6/10/2026,6/11/2026 7:33,1781213774,08:30.3,rem
Josh,6/11/2026 10:06,6/10/2026,6/11/2026 7:34,1781213774,08:30.5,rem
Josh,6/11/2026 10:06,6/10/2026,6/11/2026 7:35,1781213774,08:30.8,rem
