participantID,datetime_fetch,date,timestamp,rmssd_ms
Salome,6/8/2026 23:40,5/29/2026,2026-05-29T05:50:00Z,20.9
Salome,6/8/2026 23:40,5/29/2026,2026-05-29T05:55:00Z,19.7
Salome,6/8/2026 23:40,5/29/2026,2026-05-29T06:00:00Z,23.5
Salome,6/8/2026 23:40,5/29/2026,2026-05-29T06:05:00Z,21.2
Salome,6/8/2026 23:40,5/29/2026,2026-05-29T06:10:00Z,19.1
Salome,6/8/2026 23:40,5/29/2026,2026-05-29T06:15:00Z,20.7
Salome,6/8/2026 23:40,5/29/2026,2026-05-29T06:20:00Z,21.3
Salome,6/8/2026 23:40,5/29/2026,2026-05-29T06:25:00Z,24.8
Salome,6/8/2026 23:40,5/29/2026,2026-05-29T06:30:00Z,23.4
Salome,6/8/2026 23:40,5/29/2026,2026-05-29T06:35:00Z,21.9
Salome,6/8/2026 23:40,5/29/2026,2026-05-29T06:40:00Z,22.3
Salome,6/8/2026 23:40,5/29/2026,2026-05-29T06:45:00Z,18.6
Salome,6/8/2026 23:40,5/29/2026,2026-05-29T06:50:00Z,15.7
Salome,6/8/2026 23:40,5/29/2026,2026-05-29T06:55:00Z,24.9
Salome,6/8/2026 23:40,5/29/2026,2026-05-29T07:00:00Z,19.1
Salome,6/8/2026 23:40,5/29/2026,2026-05-29T07:05:00Z,15.6
Salome,6/8/2026 23:40,5/29/2026,2026-05-29T07:10:00Z,21.9
Salome,6/8/2026 23:40,5/29/2026,2026-05-29T07:15:00Z,17.6
Salome,6/8/2026 23:40,5/29/2026,2026-05-29T07:20:00Z,16.3
Salome,6/8/2026 23:40,5/29/2026,2026-05-29T07:25:00Z,16.1
Salome,6/8/2026 23:40,5/29/2026,2026-05-29T07:30:00Z,17.1
Salome,6/8/2026 23:40,5/29/2026,2026-05-29T07:35:00Z,17.2
Salome,6/8/2026 23:40,5/29/2026,2026-05-29T07:40:00Z,17.3
Salome,6/8/2026 23:40,5/29/2026,2026-05-29T07:45:00Z,19.6
Salome,6/8/2026 23:40,5/29/2026,2026-05-29T07:50:00Z,19.1
Salome,6/8/2026 23:40,5/29/2026,2026-05-29T07:55:00Z,21.4
Salome,6/8/2026 23:40,5/29/2026,2026-05-29T08:00:00Z,20.4
Salome,6/8/2026 23:40,5/29/2026,2026-05-29T08:05:00Z,21.5
Salome,6/8/2026 23:40,5/29/2026,2026-05-29T08:10:00Z,17.4
Salome,6/8/2026 23:40,5/29/2026,2026-05-29T08:15:00Z,17.5
Salome,6/8/2026 23:40,5/29/2026,2026-05-29T08:20:00Z,17.9
Salome,6/8/2026 23:40,5/29/2026,2026-05-29T08:25:00Z,16
Salome,6/8/2026 23:40,5/29/2026,2026-05-29T08:30:00Z,15.1
Salome,6/8/2026 23:40,5/29/2026,2026-05-29T08:35:00Z,15.4
Salome,6/8/2026 23:40,5/29/2026,2026-05-29T08:40:00Z,15.8
Salome,6/8/2026 23:40,5/29/2026,2026-05-29T08:45:00Z,16
Salome,6/8/2026 23:40,5/29/2026,2026-05-29T08:50:00Z,16.8
Salome,6/8/2026 23:40,5/29/2026,2026-05-29T08:55:00Z,15.2
Salome,6/8/2026 23:40,5/29/2026,2026-05-29T09:00:00Z,17.8
Salome,6/8/2026 23:40,5/29/2026,2026-05-29T09:05:00Z,19.8
Salome,6/8/2026 23:40,5/29/2026,2026-05-29T09:10:00Z,18.1
Salome,6/8/2026 23:40,5/29/2026,2026-05-29T09:15:00Z,17.7
Salome,6/8/2026 23:40,5/29/2026,2026-05-29T09:20:00Z,19.5
Salome,6/8/2026 23:40,5/29/2026,2026-05-29T09:25:00Z,25
Salome,6/8/2026 23:40,5/29/2026,2026-05-29T09:30:00Z,19.7
Salome,6/8/2026 23:40,5/29/2026,2026-05-29T09:35:00Z,17.1
Salome,6/8/2026 23:40,5/29/2026,2026-05-29T09:40:00Z,17.2
Salome,6/8/2026 23:40,5/29/2026,2026-05-29T09:45:00Z,15.9
Salome,6/8/2026 23:40,5/29/2026,2026-05-29T09:50:00Z,20.2
Salome,6/8/2026 23:40,5/29/2026,2026-05-29T09:55:00Z,19.5
Salome,6/8/2026 23:40,5/29/2026,2026-05-29T10:00:00Z,27.3
Salome,6/8/2026 23:40,5/29/2026,2026-05-29T10:05:00Z,19.2
Salome,6/8/2026 23:40,5/29/2026,2026-05-29T10:10:00Z,16.4
Salome,6/8/2026 23:40,5/29/2026,2026-05-29T10:15:00Z,20.5
Salome,6/8/2026 23:40,5/29/2026,2026-05-29T10:20:00Z,25.3
Salome,6/8/2026 23:40,5/29/2026,2026-05-29T10:25:00Z,24.1
Salome,6/8/2026 23:40,5/29/2026,2026-05-29T10:30:00Z,22.8
Salome,6/8/2026 23:40,5/29/2026,2026-05-29T10:35:00Z,19.8
Salome,6/8/2026 23:40,5/29/2026,2026-05-29T10:40:00Z,18.6
Salome,6/8/2026 23:40,5/29/2026,2026-05-29T10:45:00Z,18
Salome,6/8/2026 23:40,5/29/2026,2026-05-29T10:50:00Z,21.4
Salome,6/8/2026 23:40,5/29/2026,2026-05-29T10:55:00Z,24.6
Salome,6/8/2026 23:40,5/29/2026,2026-05-29T11:00:00Z,24.3
Salome,6/8/2026 23:40,5/29/2026,2026-05-29T11:05:00Z,23.4
Salome,6/8/2026 23:40,5/29/2026,2026-05-29T11:10:00Z,19.6
Salome,6/8/2026 23:40,5/29/2026,2026-05-29T11:15:00Z,26.7
Salome,6/8/2026 23:40,5/29/2026,2026-05-29T11:20:00Z,16.7
Salome,6/8/2026 23:40,5/29/2026,2026-05-29T11:25:00Z,19.9
Salome,6/8/2026 23:40,5/29/2026,2026-05-29T11:30:00Z,19.8
Salome,6/8/2026 23:40,5/29/2026,2026-05-29T11:35:00Z,17.7
Salome,6/8/2026 23:40,5/29/2026,2026-05-29T11:40:00Z,16.1
Salome,6/8/2026 23:40,5/29/2026,2026-05-29T11:45:00Z,14.6
Salome,6/8/2026 23:40,5/29/2026,2026-05-29T11:50:00Z,20.1
Salome,6/8/2026 23:40,5/29/2026,2026-05-29T11:55:00Z,22.4
Salome,6/8/2026 23:40,5/29/2026,2026-05-29T12:00:00Z,22.8
Salome,6/8/2026 17:14,5/30/2026,2026-05-30T05:50:00Z,27.5
Salome,6/8/2026 17:14,5/30/2026,2026-05-30T05:55:00Z,20
Salome,6/8/2026 17:14,5/30/2026,2026-05-30T06:00:00Z,16.6
Salome,6/8/2026 17:14,5/30/2026,2026-05-30T06:05:00Z,16.6
Salome,6/8/2026 17:14,5/30/2026,2026-05-30T06:10:00Z,14.4
Salome,6/8/2026 17:14,5/30/2026,2026-05-30T06:15:00Z,15.8
Salome,6/8/2026 17:14,5/30/2026,2026-05-30T06:20:00Z,15
Salome,6/8/2026 17:14,5/30/2026,2026-05-30T06:25:00Z,16.1
Salome,6/8/2026 17:14,5/30/2026,2026-05-30T06:30:00Z,14.8
Salome,6/8/2026 17:14,5/30/2026,2026-05-30T06:35:00Z,18.1
Salome,6/8/2026 17:14,5/30/2026,2026-05-30T06:40:00Z,13.8
Salome,6/8/2026 17:14,5/30/2026,2026-05-30T06:45:00Z,12.1
Salome,6/8/2026 17:14,5/30/2026,2026-05-30T06:50:00Z,10.7
Salome,6/8/2026 17:14,5/30/2026,2026-05-30T06:55:00Z,10.4
Salome,6/8/2026 17:14,5/30/2026,2026-05-30T07:00:00Z,13.7
Salome,6/8/2026 17:14,5/30/2026,2026-05-30T07:05:00Z,18.3
Salome,6/8/2026 17:14,5/30/2026,2026-05-30T07:10:00Z,20.2
Salome,6/8/2026 17:14,5/30/2026,2026-05-30T07:15:00Z,17.3
Salome,6/8/2026 17:14,5/30/2026,2026-05-30T07:20:00Z,15.8
Salome,6/8/2026 17:14,5/30/2026,2026-05-30T07:25:00Z,17.3
Salome,6/8/2026 17:14,5/30/2026,2026-05-30T07:30:00Z,16.4
Salome,6/8/2026 17:14,5/30/2026,2026-05-30T07:35:00Z,17.3
Salome,6/8/2026 17:14,5/30/2026,2026-05-30T07:40:00Z,16.2
Salome,6/8/2026 17:14,5/30/2026,2026-05-30T07:45:00Z,17.9
Salome,6/8/2026 17:14,5/30/2026,2026-05-30T07:50:00Z,19.4
Salome,6/8/2026 17:14,5/30/2026,2026-05-30T07:55:00Z,27.2
Salome,6/8/2026 17:14,5/30/2026,2026-05-30T08:00:00Z,22.3
Salome,6/8/2026 17:14,5/30/2026,2026-05-30T08:05:00Z,19.5
Salome,6/8/2026 17:14,5/30/2026,2026-05-30T08:10:00Z,22.3
Salome,6/8/2026 17:14,5/30/2026,2026-05-30T08:15:00Z,23.4
Salome,6/8/2026 17:14,5/30/2026,2026-05-30T08:20:00Z,21.1
Salome,6/8/2026 17:14,5/30/2026,2026-05-30T08:25:00Z,19.7
Salome,6/8/2026 17:14,5/30/2026,2026-05-30T08:30:00Z,23
Salome,6/8/2026 17:14,5/30/2026,2026-05-30T08:35:00Z,14.9
Salome,6/8/2026 17:14,5/30/2026,2026-05-30T08:40:00Z,14.4
Salome,6/8/2026 17:14,5/30/2026,2026-05-30T08:45:00Z,18
Salome,6/8/2026 17:14,5/30/2026,2026-05-30T08:50:00Z,17.3
Salome,6/8/2026 17:14,5/30/2026,2026-05-30T08:55:00Z,16.5
Salome,6/8/2026 17:14,5/30/2026,2026-05-30T09:00:00Z,15.7
Salome,6/8/2026 17:14,5/30/2026,2026-05-30T09:05:00Z,13.5
Salome,6/8/2026 17:14,5/30/2026,2026-05-30T09:10:00Z,15.4
Salome,6/8/2026 17:14,5/30/2026,2026-05-30T09:15:00Z,16.6
Salome,6/8/2026 17:14,5/30/2026,2026-05-30T09:20:00Z,18
Salome,6/8/2026 17:14,5/30/2026,2026-05-30T09:25:00Z,17.8
Salome,6/8/2026 17:14,5/30/2026,2026-05-30T09:30:00Z,14.4
Salome,6/8/2026 17:14,5/30/2026,2026-05-30T09:35:00Z,25.1
Salome,6/8/2026 17:14,5/30/2026,2026-05-30T09:40:00Z,23.1
Salome,6/8/2026 17:14,5/30/2026,2026-05-30T09:45:00Z,18.1
Salome,6/8/2026 17:14,5/30/2026,2026-05-30T09:50:00Z,25.3
Salome,6/8/2026 17:14,5/30/2026,2026-05-30T09:55:00Z,22.6
Salome,6/8/2026 17:14,5/30/2026,2026-05-30T10:00:00Z,24.5
Salome,6/8/2026 17:14,5/30/2026,2026-05-30T10:05:00Z,25.2
Salome,6/8/2026 17:14,5/30/2026,2026-05-30T10:10:00Z,27
Salome,6/8/2026 17:14,5/30/2026,2026-05-30T10:15:00Z,24.2
Salome,6/8/2026 17:14,5/30/2026,2026-05-30T10:20:00Z,24.5
Salome,6/8/2026 17:14,5/30/2026,2026-05-30T10:25:00Z,22.4
Salome,6/8/2026 17:14,5/30/2026,2026-05-30T10:30:00Z,28.6
Salome,6/8/2026 17:14,5/30/2026,2026-05-30T10:35:00Z,27.7
Salome,6/8/2026 17:14,5/30/2026,2026-05-30T10:40:00Z,20.6
Salome,6/8/2026 17:14,5/30/2026,2026-05-30T10:45:00Z,19.9
Salome,6/8/2026 17:14,5/30/2026,2026-05-30T10:50:00Z,19.6
Salome,6/8/2026 17:14,5/30/2026,2026-05-30T10:55:00Z,22
Salome,6/8/2026 17:14,5/30/2026,2026-05-30T11:00:00Z,22.8
Salome,6/8/2026 17:14,5/30/2026,2026-05-30T11:05:00Z,27.6
Salome,6/8/2026 17:14,5/30/2026,2026-05-30T11:10:00Z,28.3
Salome,6/8/2026 17:14,5/30/2026,2026-05-30T11:15:00Z,30.8
Salome,6/8/2026 17:14,5/30/2026,2026-05-30T11:20:00Z,32
Salome,6/8/2026 17:14,5/30/2026,2026-05-30T11:25:00Z,27.5
Salome,6/8/2026 17:14,5/30/2026,2026-05-30T13:55:00Z,30.7
Salome,6/8/2026 17:14,5/30/2026,2026-05-30T14:00:00Z,28.9
Salome,6/8/2026 17:14,5/30/2026,2026-05-30T14:05:00Z,22.7
Salome,6/8/2026 17:14,5/30/2026,2026-05-30T14:10:00Z,23.4
Salome,6/8/2026 17:14,5/30/2026,2026-05-30T14:15:00Z,27.9
Salome,6/8/2026 17:14,5/30/2026,2026-05-30T14:20:00Z,23.7
Salome,6/8/2026 17:14,5/30/2026,2026-05-30T14:25:00Z,25
Salome,6/8/2026 17:14,5/30/2026,2026-05-30T14:30:00Z,24.9
Salome,6/8/2026 17:14,5/30/2026,2026-05-30T14:35:00Z,26
Salome,6/8/2026 17:14,5/30/2026,2026-05-30T14:40:00Z,31.7
Salome,6/8/2026 17:14,5/30/2026,2026-05-30T14:45:00Z,28.3
Salome,6/8/2026 17:14,5/30/2026,2026-05-30T14:50:00Z,26.6
Salome,6/8/2026 17:14,5/30/2026,2026-05-30T14:55:00Z,29.2
Salome,6/8/2026 17:14,5/30/2026,2026-05-30T15:00:00Z,25
Salome,6/8/2026 17:14,5/30/2026,2026-05-30T15:05:00Z,28.6
Salome,6/8/2026 17:14,5/30/2026,2026-05-30T15:10:00Z,28
Salome,6/8/2026 17:14,5/30/2026,2026-05-30T15:15:00Z,25.1
Salome,6/8/2026 17:14,5/30/2026,2026-05-30T15:20:00Z,25.1
Salome,6/8/2026 17:14,5/30/2026,2026-05-30T15:25:00Z,20.8
Salome,6/8/2026 17:14,5/30/2026,2026-05-30T15:30:00Z,18.8
Salome,6/8/2026 17:14,5/30/2026,2026-05-30T15:35:00Z,20.8
Salome,6/8/2026 17:14,5/30/2026,2026-05-30T15:40:00Z,18.5
Salome,6/8/2026 17:14,5/30/2026,2026-05-30T15:45:00Z,15.4
Salome,6/8/2026 17:14,5/30/2026,2026-05-30T15:50:00Z,16.9
Salome,6/8/2026 17:14,5/30/2026,2026-05-30T15:55:00Z,18.6
Salome,6/8/2026 17:14,5/30/2026,2026-05-30T16:00:00Z,21
Salome,6/8/2026 17:14,5/30/2026,2026-05-30T16:05:00Z,26.5
Salome,6/8/2026 17:14,5/30/2026,2026-05-30T16:10:00Z,21.3
Salome,6/8/2026 17:14,5/30/2026,2026-05-30T16:15:00Z,26.3
Salome,6/8/2026 17:14,5/30/2026,2026-05-30T16:20:00Z,26.6
Salome,6/8/2026 17:14,5/30/2026,2026-05-30T16:25:00Z,30.7
Salome,6/8/2026 17:14,5/30/2026,2026-05-30T16:30:00Z,24.1
Salome,6/8/2026 17:14,5/30/2026,2026-05-30T16:35:00Z,19.7
Salome,6/8/2026 17:14,5/30/2026,2026-05-30T16:40:00Z,23.4
Salome,6/8/2026 17:14,5/30/2026,2026-05-30T16:45:00Z,22.9
Salome,6/8/2026 17:14,5/30/2026,2026-05-30T16:50:00Z,24
Salome,6/8/2026 17:14,5/30/2026,2026-05-30T16:55:00Z,22.3
Salome,6/8/2026 17:14,5/30/2026,2026-05-30T17:00:00Z,26.8
Salome,6/8/2026 17:14,5/30/2026,2026-05-30T17:05:00Z,24
Salome,6/8/2026 17:14,5/30/2026,2026-05-30T17:10:00Z,27.2
Salome,6/8/2026 17:14,5/30/2026,2026-05-30T17:15:00Z,28
Salome,6/8/2026 17:14,5/30/2026,2026-05-30T17:20:00Z,33.8
Salome,6/8/2026 17:14,5/30/2026,2026-05-30T17:25:00Z,29.8
Salome,6/8/2026 17:14,5/30/2026,2026-05-30T17:30:00Z,32.9
Salome,6/8/2026 17:14,5/30/2026,2026-05-30T17:35:00Z,26.2
Salome,6/8/2026 17:14,5/30/2026,2026-05-30T17:40:00Z,28.7
Salome,6/8/2026 17:14,5/30/2026,2026-05-30T17:45:00Z,26.8
Salome,6/8/2026 17:14,5/30/2026,2026-05-30T17:50:00Z,28.1
Salome,6/8/2026 17:14,5/30/2026,2026-05-30T17:55:00Z,27.7
Salome,6/8/2026 17:14,5/30/2026,2026-05-30T18:00:00Z,28
Salome,6/8/2026 17:14,5/30/2026,2026-05-30T18:05:00Z,28.2
Salome,6/8/2026 17:14,5/30/2026,2026-05-30T18:10:00Z,26.6
Salome,6/8/2026 17:14,5/30/2026,2026-05-30T18:15:00Z,25.8
Salome,6/8/2026 17:14,5/30/2026,2026-05-30T18:20:00Z,22.1
Salome,6/8/2026 17:14,5/30/2026,2026-05-30T18:25:00Z,22.3
Salome,6/8/2026 17:14,5/30/2026,2026-05-30T18:30:00Z,24.2
Salome,6/8/2026 17:14,5/30/2026,2026-05-30T18:35:00Z,23.9
Salome,6/8/2026 17:19,5/31/2026,2026-05-31T08:25:00Z,37.7
Salome,6/8/2026 17:19,5/31/2026,2026-05-31T08:30:00Z,24.8
Salome,6/8/2026 17:19,5/31/2026,2026-05-31T08:35:00Z,22.8
Salome,6/8/2026 17:19,5/31/2026,2026-05-31T08:40:00Z,19.9
Salome,6/8/2026 17:19,5/31/2026,2026-05-31T08:45:00Z,23.5
Salome,6/8/2026 17:19,5/31/2026,2026-05-31T08:50:00Z,16.7
Salome,6/8/2026 17:19,5/31/2026,2026-05-31T08:55:00Z,21.5
Salome,6/8/2026 17:19,5/31/2026,2026-05-31T09:00:00Z,22.3
Salome,6/8/2026 17:19,5/31/2026,2026-05-31T09:05:00Z,18.6
Salome,6/8/2026 17:19,5/31/2026,2026-05-31T09:10:00Z,18
Salome,6/8/2026 17:19,5/31/2026,2026-05-31T09:15:00Z,16.1
Salome,6/8/2026 17:19,5/31/2026,2026-05-31T09:20:00Z,21.8
Salome,6/8/2026 17:19,5/31/2026,2026-05-31T09:25:00Z,19.3
Salome,6/8/2026 17:19,5/31/2026,2026-05-31T09:30:00Z,18
Salome,6/8/2026 17:19,5/31/2026,2026-05-31T09:35:00Z,13.8
Salome,6/8/2026 17:19,5/31/2026,2026-05-31T09:40:00Z,10.8
Salome,6/8/2026 17:19,5/31/2026,2026-05-31T09:45:00Z,11.5
Salome,6/8/2026 17:19,5/31/2026,2026-05-31T09:50:00Z,12
Salome,6/8/2026 17:19,5/31/2026,2026-05-31T09:55:00Z,13.1
Salome,6/8/2026 17:19,5/31/2026,2026-05-31T10:00:00Z,11.2
Salome,6/8/2026 17:19,5/31/2026,2026-05-31T10:05:00Z,14.6
Salome,6/8/2026 17:19,5/31/2026,2026-05-31T10:10:00Z,12.4
Salome,6/8/2026 17:19,5/31/2026,2026-05-31T10:15:00Z,12
Salome,6/8/2026 17:19,5/31/2026,2026-05-31T10:20:00Z,15.9
Salome,6/8/2026 17:19,5/31/2026,2026-05-31T10:25:00Z,16.3
Salome,6/8/2026 17:19,5/31/2026,2026-05-31T10:30:00Z,14.9
Salome,6/8/2026 17:19,5/31/2026,2026-05-31T10:35:00Z,14.4
Salome,6/8/2026 17:19,5/31/2026,2026-05-31T10:40:00Z,15.6
Salome,6/8/2026 17:19,5/31/2026,2026-05-31T10:50:00Z,14.2
Salome,6/8/2026 17:19,5/31/2026,2026-05-31T10:55:00Z,17.8
Salome,6/8/2026 17:19,5/31/2026,2026-05-31T11:00:00Z,13.9
Salome,6/8/2026 17:19,5/31/2026,2026-05-31T11:05:00Z,15
Salome,6/8/2026 17:19,5/31/2026,2026-05-31T11:10:00Z,18.4
Salome,6/8/2026 17:19,5/31/2026,2026-05-31T11:15:00Z,22.6
Salome,6/8/2026 17:19,5/31/2026,2026-05-31T11:20:00Z,16
Salome,6/8/2026 17:19,5/31/2026,2026-05-31T11:25:00Z,22.7
Salome,6/8/2026 17:19,5/31/2026,2026-05-31T11:30:00Z,20
Salome,6/8/2026 17:19,5/31/2026,2026-05-31T11:35:00Z,23.2
Salome,6/8/2026 17:19,5/31/2026,2026-05-31T11:40:00Z,20.3
Salome,6/8/2026 17:19,5/31/2026,2026-05-31T11:45:00Z,20
Salome,6/8/2026 17:19,5/31/2026,2026-05-31T11:50:00Z,19.2
Salome,6/8/2026 17:19,5/31/2026,2026-05-31T11:55:00Z,17.2
Salome,6/8/2026 17:19,5/31/2026,2026-05-31T12:00:00Z,18.4
Salome,6/8/2026 17:19,5/31/2026,2026-05-31T12:05:00Z,18.4
Salome,6/8/2026 17:19,5/31/2026,2026-05-31T12:10:00Z,19.9
Salome,6/8/2026 17:19,5/31/2026,2026-05-31T12:15:00Z,18.9
Salome,6/8/2026 17:19,5/31/2026,2026-05-31T12:20:00Z,20.2
Salome,6/8/2026 17:19,5/31/2026,2026-05-31T12:25:00Z,20.7
Salome,6/8/2026 17:19,5/31/2026,2026-05-31T12:30:00Z,20.8
Salome,6/8/2026 17:19,5/31/2026,2026-05-31T12:35:00Z,20.2
Salome,6/8/2026 17:19,5/31/2026,2026-05-31T12:40:00Z,20.9
Salome,6/8/2026 17:19,5/31/2026,2026-05-31T12:45:00Z,21.4
Salome,6/8/2026 17:19,5/31/2026,2026-05-31T12:50:00Z,20.1
Salome,6/8/2026 17:19,5/31/2026,2026-05-31T12:55:00Z,21.1
Salome,6/8/2026 17:19,5/31/2026,2026-05-31T13:00:00Z,21.6
Salome,6/8/2026 17:19,5/31/2026,2026-05-31T13:05:00Z,21.6
Salome,6/8/2026 17:19,5/31/2026,2026-05-31T13:10:00Z,21
Salome,6/8/2026 17:19,5/31/2026,2026-05-31T13:15:00Z,21.3
Salome,6/8/2026 17:19,5/31/2026,2026-05-31T13:20:00Z,16.2
Salome,6/8/2026 17:19,5/31/2026,2026-05-31T13:25:00Z,17.4
Salome,6/8/2026 17:19,5/31/2026,2026-05-31T13:30:00Z,22.5
Salome,6/8/2026 17:19,5/31/2026,2026-05-31T13:35:00Z,23.2
Salome,6/8/2026 17:19,5/31/2026,2026-05-31T13:40:00Z,20.4
Salome,6/8/2026 17:19,5/31/2026,2026-05-31T13:45:00Z,24.1
Salome,6/8/2026 17:19,5/31/2026,2026-05-31T13:50:00Z,24.4
Salome,6/8/2026 17:19,5/31/2026,2026-05-31T13:55:00Z,22.9
Salome,6/8/2026 17:19,5/31/2026,2026-05-31T14:00:00Z,22
Salome,6/8/2026 17:19,5/31/2026,2026-05-31T14:05:00Z,24.3
Salome,6/8/2026 17:19,5/31/2026,2026-05-31T14:10:00Z,22.6
Salome,6/8/2026 17:19,5/31/2026,2026-05-31T14:15:00Z,20.9
Salome,6/8/2026 17:19,5/31/2026,2026-05-31T14:20:00Z,20.2
Salome,6/8/2026 17:19,5/31/2026,2026-05-31T14:25:00Z,21.8
Salome,6/8/2026 17:19,5/31/2026,2026-05-31T14:30:00Z,23.8
Salome,6/8/2026 17:19,5/31/2026,2026-05-31T14:35:00Z,23.5
Salome,6/8/2026 17:19,5/31/2026,2026-05-31T14:40:00Z,19.8
Salome,6/8/2026 17:22,6/1/2026,2026-06-01T05:35:00Z,12.4
Salome,6/8/2026 17:22,6/1/2026,2026-06-01T05:40:00Z,15.5
Salome,6/8/2026 17:22,6/1/2026,2026-06-01T05:45:00Z,15.3
Salome,6/8/2026 17:22,6/1/2026,2026-06-01T05:50:00Z,12.9
Salome,6/8/2026 17:22,6/1/2026,2026-06-01T05:55:00Z,12.7
Salome,6/8/2026 17:22,6/1/2026,2026-06-01T06:00:00Z,13.4
Salome,6/8/2026 17:22,6/1/2026,2026-06-01T06:05:00Z,10.9
Salome,6/8/2026 17:22,6/1/2026,2026-06-01T06:10:00Z,11
Salome,6/8/2026 17:22,6/1/2026,2026-06-01T06:15:00Z,11.8
Salome,6/8/2026 17:22,6/1/2026,2026-06-01T06:20:00Z,17.8
Salome,6/8/2026 17:22,6/1/2026,2026-06-01T06:25:00Z,14.1
Salome,6/8/2026 17:22,6/1/2026,2026-06-01T06:30:00Z,17.9
Salome,6/8/2026 17:22,6/1/2026,2026-06-01T06:35:00Z,14.3
Salome,6/8/2026 17:22,6/1/2026,2026-06-01T06:40:00Z,9.5
Salome,6/8/2026 17:22,6/1/2026,2026-06-01T06:45:00Z,7.9
Salome,6/8/2026 17:22,6/1/2026,2026-06-01T06:50:00Z,8.9
Salome,6/8/2026 17:22,6/1/2026,2026-06-01T06:55:00Z,9.1
Salome,6/8/2026 17:22,6/1/2026,2026-06-01T07:00:00Z,9.3
Salome,6/8/2026 17:22,6/1/2026,2026-06-01T07:05:00Z,18.5
Salome,6/8/2026 17:22,6/1/2026,2026-06-01T07:10:00Z,21.7
Salome,6/8/2026 17:22,6/1/2026,2026-06-01T07:15:00Z,21.9
Salome,6/8/2026 17:22,6/1/2026,2026-06-01T07:20:00Z,17.7
Salome,6/8/2026 17:22,6/1/2026,2026-06-01T07:25:00Z,17.9
Salome,6/8/2026 17:22,6/1/2026,2026-06-01T07:30:00Z,18.7
Salome,6/8/2026 17:22,6/1/2026,2026-06-01T07:35:00Z,18.4
Salome,6/8/2026 17:22,6/1/2026,2026-06-01T07:40:00Z,11.9
Salome,6/8/2026 17:22,6/1/2026,2026-06-01T07:45:00Z,14.4
Salome,6/8/2026 17:22,6/1/2026,2026-06-01T07:50:00Z,17
Salome,6/8/2026 17:22,6/1/2026,2026-06-01T07:55:00Z,19.8
Salome,6/8/2026 17:22,6/1/2026,2026-06-01T08:00:00Z,18.9
Salome,6/8/2026 17:22,6/1/2026,2026-06-01T08:05:00Z,20.6
Salome,6/8/2026 17:22,6/1/2026,2026-06-01T08:10:00Z,20.9
Salome,6/8/2026 17:22,6/1/2026,2026-06-01T08:15:00Z,18.6
Salome,6/8/2026 17:22,6/1/2026,2026-06-01T08:20:00Z,16.7
Salome,6/8/2026 17:22,6/1/2026,2026-06-01T08:25:00Z,18.9
Salome,6/8/2026 17:22,6/1/2026,2026-06-01T08:30:00Z,19.9
Salome,6/8/2026 17:22,6/1/2026,2026-06-01T08:35:00Z,19.9
Salome,6/8/2026 17:22,6/1/2026,2026-06-01T08:40:00Z,21.9
Salome,6/8/2026 17:22,6/1/2026,2026-06-01T08:45:00Z,14.2
Salome,6/8/2026 17:22,6/1/2026,2026-06-01T08:50:00Z,12.3
Salome,6/8/2026 17:22,6/1/2026,2026-06-01T08:55:00Z,14.8
Salome,6/8/2026 17:22,6/1/2026,2026-06-01T09:00:00Z,14.4
Salome,6/8/2026 17:22,6/1/2026,2026-06-01T09:05:00Z,14.4
Salome,6/8/2026 17:22,6/1/2026,2026-06-01T09:10:00Z,15.2
Salome,6/8/2026 17:22,6/1/2026,2026-06-01T09:15:00Z,13.9
Salome,6/8/2026 17:22,6/1/2026,2026-06-01T09:20:00Z,10.5
Salome,6/8/2026 17:22,6/1/2026,2026-06-01T09:25:00Z,17
Salome,6/8/2026 17:22,6/1/2026,2026-06-01T09:30:00Z,16.5
Salome,6/8/2026 17:22,6/1/2026,2026-06-01T09:35:00Z,17.8
Salome,6/8/2026 17:22,6/1/2026,2026-06-01T09:40:00Z,17.8
Salome,6/8/2026 17:26,6/2/2026,2026-06-02T05:50:00Z,22.3
Salome,6/8/2026 17:26,6/2/2026,2026-06-02T05:55:00Z,24.9
Salome,6/8/2026 17:26,6/2/2026,2026-06-02T06:00:00Z,20.4
Salome,6/8/2026 17:26,6/2/2026,2026-06-02T06:05:00Z,20
Salome,6/8/2026 17:26,6/2/2026,2026-06-02T06:10:00Z,16.1
Salome,6/8/2026 17:26,6/2/2026,2026-06-02T06:15:00Z,14.9
Salome,6/8/2026 17:26,6/2/2026,2026-06-02T06:20:00Z,14.1
Salome,6/8/2026 17:26,6/2/2026,2026-06-02T06:25:00Z,14.4
Salome,6/8/2026 17:26,6/2/2026,2026-06-02T06:30:00Z,14.4
Salome,6/8/2026 17:26,6/2/2026,2026-06-02T06:35:00Z,14.4
Salome,6/8/2026 17:26,6/2/2026,2026-06-02T06:40:00Z,17.1
Salome,6/8/2026 17:26,6/2/2026,2026-06-02T06:45:00Z,19.3
Salome,6/8/2026 17:26,6/2/2026,2026-06-02T06:50:00Z,18.5
Salome,6/8/2026 17:26,6/2/2026,2026-06-02T06:55:00Z,17.5
Salome,6/8/2026 17:26,6/2/2026,2026-06-02T07:00:00Z,10.1
Salome,6/8/2026 17:26,6/2/2026,2026-06-02T07:05:00Z,11.2
Salome,6/8/2026 17:26,6/2/2026,2026-06-02T07:10:00Z,12.7
Salome,6/8/2026 17:26,6/2/2026,2026-06-02T07:15:00Z,13.9
Salome,6/8/2026 17:26,6/2/2026,2026-06-02T07:20:00Z,20.5
Salome,6/8/2026 17:26,6/2/2026,2026-06-02T07:25:00Z,18.9
Salome,6/8/2026 17:26,6/2/2026,2026-06-02T07:30:00Z,17.7
Salome,6/8/2026 17:26,6/2/2026,2026-06-02T07:35:00Z,13.1
Salome,6/8/2026 17:26,6/2/2026,2026-06-02T07:40:00Z,15.1
Salome,6/8/2026 17:26,6/2/2026,2026-06-02T07:45:00Z,16.8
Salome,6/8/2026 17:26,6/2/2026,2026-06-02T07:50:00Z,20
Salome,6/8/2026 17:26,6/2/2026,2026-06-02T07:55:00Z,15.1
Salome,6/8/2026 17:26,6/2/2026,2026-06-02T08:00:00Z,17
Salome,6/8/2026 17:26,6/2/2026,2026-06-02T08:05:00Z,20.7
Salome,6/8/2026 17:26,6/2/2026,2026-06-02T08:10:00Z,26.8
Salome,6/8/2026 17:26,6/2/2026,2026-06-02T08:15:00Z,19.7
Salome,6/8/2026 17:26,6/2/2026,2026-06-02T08:20:00Z,10.2
Salome,6/8/2026 17:26,6/2/2026,2026-06-02T08:25:00Z,13.9
Salome,6/8/2026 17:26,6/2/2026,2026-06-02T08:30:00Z,14.5
Salome,6/8/2026 17:26,6/2/2026,2026-06-02T08:35:00Z,11.6
Salome,6/8/2026 17:26,6/2/2026,2026-06-02T08:40:00Z,11
Salome,6/8/2026 17:26,6/2/2026,2026-06-02T08:45:00Z,13.7
Salome,6/8/2026 17:26,6/2/2026,2026-06-02T08:50:00Z,14.3
Salome,6/8/2026 17:26,6/2/2026,2026-06-02T08:55:00Z,12.2
Salome,6/8/2026 17:26,6/2/2026,2026-06-02T09:00:00Z,13.9
Salome,6/8/2026 17:26,6/2/2026,2026-06-02T09:05:00Z,18.4
Salome,6/8/2026 17:26,6/2/2026,2026-06-02T09:10:00Z,12.2
Salome,6/8/2026 17:26,6/2/2026,2026-06-02T09:15:00Z,12.5
Salome,6/8/2026 17:26,6/2/2026,2026-06-02T09:20:00Z,12.8
Salome,6/8/2026 17:26,6/2/2026,2026-06-02T09:25:00Z,17.8
Salome,6/8/2026 17:26,6/2/2026,2026-06-02T09:30:00Z,17.8
Salome,6/8/2026 17:26,6/2/2026,2026-06-02T09:35:00Z,21.9
Salome,6/8/2026 17:26,6/2/2026,2026-06-02T09:40:00Z,19.9
Salome,6/8/2026 17:26,6/2/2026,2026-06-02T09:45:00Z,21.7
Salome,6/8/2026 17:26,6/2/2026,2026-06-02T09:50:00Z,24.5
Salome,6/8/2026 17:26,6/2/2026,2026-06-02T10:00:00Z,21.9
Salome,6/8/2026 17:26,6/2/2026,2026-06-02T10:05:00Z,15.5
Salome,6/8/2026 17:26,6/2/2026,2026-06-02T10:10:00Z,15.7
Salome,6/8/2026 17:26,6/2/2026,2026-06-02T10:15:00Z,15.4
Salome,6/8/2026 17:26,6/2/2026,2026-06-02T10:20:00Z,20.8
Salome,6/8/2026 17:26,6/2/2026,2026-06-02T10:25:00Z,20.2
Salome,6/8/2026 17:26,6/2/2026,2026-06-02T10:30:00Z,25.6
Salome,6/8/2026 17:26,6/2/2026,2026-06-02T10:35:00Z,14.4
Salome,6/8/2026 17:26,6/2/2026,2026-06-02T10:40:00Z,10.3
Salome,6/8/2026 17:26,6/2/2026,2026-06-02T10:45:00Z,10
Salome,6/8/2026 17:26,6/2/2026,2026-06-02T10:50:00Z,11.7
Salome,6/8/2026 17:26,6/2/2026,2026-06-02T10:55:00Z,14.6
Salome,6/8/2026 17:26,6/2/2026,2026-06-02T11:00:00Z,16.7
Salome,6/8/2026 17:26,6/2/2026,2026-06-02T11:05:00Z,10.9
Salome,6/8/2026 17:26,6/2/2026,2026-06-02T11:10:00Z,10.9
Salome,6/8/2026 17:26,6/2/2026,2026-06-02T11:15:00Z,10.9
Salome,6/8/2026 17:26,6/2/2026,2026-06-02T11:20:00Z,10.3
Salome,6/8/2026 17:26,6/2/2026,2026-06-02T11:25:00Z,14.3
Salome,6/8/2026 17:26,6/2/2026,2026-06-02T11:30:00Z,12.1
Salome,6/8/2026 17:26,6/2/2026,2026-06-02T11:35:00Z,15.7
Salome,6/8/2026 17:26,6/2/2026,2026-06-02T11:40:00Z,17.6
Salome,6/8/2026 17:26,6/2/2026,2026-06-02T11:45:00Z,17.2
Salome,6/8/2026 17:26,6/2/2026,2026-06-02T11:50:00Z,18.7
Salome,6/8/2026 17:26,6/2/2026,2026-06-02T11:55:00Z,20.8
Salome,6/8/2026 17:26,6/2/2026,2026-06-02T12:00:00Z,23.6
Salome,6/8/2026 17:26,6/2/2026,2026-06-02T12:05:00Z,36.7
Salome,6/8/2026 17:26,6/2/2026,2026-06-02T12:10:00Z,31.7
Salome,6/8/2026 17:26,6/2/2026,2026-06-02T12:15:00Z,30.7
Salome,6/8/2026 17:26,6/2/2026,2026-06-02T12:20:00Z,23.4
Salome,6/8/2026 17:26,6/2/2026,2026-06-02T12:25:00Z,19.1
Salome,6/8/2026 17:26,6/2/2026,2026-06-02T12:30:00Z,21.8
Salome,6/8/2026 17:26,6/2/2026,2026-06-02T12:35:00Z,18.5
Salome,6/8/2026 17:26,6/2/2026,2026-06-02T12:40:00Z,14.7
Salome,6/8/2026 17:26,6/2/2026,2026-06-02T12:45:00Z,15.3
Salome,6/8/2026 17:26,6/2/2026,2026-06-02T12:50:00Z,13.7
Salome,6/8/2026 17:26,6/2/2026,2026-06-02T12:55:00Z,12.2
Salome,6/8/2026 17:26,6/2/2026,2026-06-02T13:00:00Z,13.2
Salome,6/8/2026 17:29,6/3/2026,2026-06-03T04:55:00Z,14.2
Salome,6/8/2026 17:29,6/3/2026,2026-06-03T05:00:00Z,14.4
Salome,6/8/2026 17:29,6/3/2026,2026-06-03T05:05:00Z,19.5
Salome,6/8/2026 17:29,6/3/2026,2026-06-03T05:10:00Z,10.9
Salome,6/8/2026 17:29,6/3/2026,2026-06-03T05:15:00Z,17.4
Salome,6/8/2026 17:29,6/3/2026,2026-06-03T05:20:00Z,17.6
Salome,6/8/2026 17:29,6/3/2026,2026-06-03T05:25:00Z,17.6
Salome,6/8/2026 17:29,6/3/2026,2026-06-03T05:30:00Z,12.2
Salome,6/8/2026 17:29,6/3/2026,2026-06-03T05:35:00Z,10.2
Salome,6/8/2026 17:29,6/3/2026,2026-06-03T05:40:00Z,10.1
Salome,6/8/2026 17:29,6/3/2026,2026-06-03T05:45:00Z,10.5
Salome,6/8/2026 17:29,6/3/2026,2026-06-03T05:50:00Z,19
Salome,6/8/2026 17:29,6/3/2026,2026-06-03T05:55:00Z,19
Salome,6/8/2026 17:29,6/3/2026,2026-06-03T06:00:00Z,16
Salome,6/8/2026 17:29,6/3/2026,2026-06-03T06:05:00Z,10.5
Salome,6/8/2026 17:29,6/3/2026,2026-06-03T06:10:00Z,8.9
Salome,6/8/2026 17:29,6/3/2026,2026-06-03T06:15:00Z,10.1
Salome,6/8/2026 17:29,6/3/2026,2026-06-03T06:20:00Z,9.1
Salome,6/8/2026 17:29,6/3/2026,2026-06-03T06:25:00Z,12.6
Salome,6/8/2026 17:29,6/3/2026,2026-06-03T06:30:00Z,14.4
Salome,6/8/2026 17:29,6/3/2026,2026-06-03T06:35:00Z,14
Salome,6/8/2026 17:29,6/3/2026,2026-06-03T06:40:00Z,12.2
Salome,6/8/2026 17:29,6/3/2026,2026-06-03T06:45:00Z,11.5
Salome,6/8/2026 17:29,6/3/2026,2026-06-03T06:50:00Z,12.6
Salome,6/8/2026 17:29,6/3/2026,2026-06-03T06:55:00Z,12.7
Salome,6/8/2026 17:29,6/3/2026,2026-06-03T07:00:00Z,14.4
Salome,6/8/2026 17:29,6/3/2026,2026-06-03T07:05:00Z,14.2
Salome,6/8/2026 17:29,6/3/2026,2026-06-03T07:10:00Z,13.3
Salome,6/8/2026 17:29,6/3/2026,2026-06-03T07:15:00Z,12.2
Salome,6/8/2026 17:29,6/3/2026,2026-06-03T07:20:00Z,12.1
Salome,6/8/2026 17:29,6/3/2026,2026-06-03T07:25:00Z,13.5
Salome,6/8/2026 17:29,6/3/2026,2026-06-03T07:30:00Z,9.5
Salome,6/8/2026 17:29,6/3/2026,2026-06-03T07:35:00Z,8.4
Salome,6/8/2026 17:29,6/3/2026,2026-06-03T07:40:00Z,12.3
Salome,6/8/2026 17:29,6/3/2026,2026-06-03T07:45:00Z,11.3
Salome,6/8/2026 17:29,6/3/2026,2026-06-03T07:50:00Z,8.7
Salome,6/8/2026 17:29,6/3/2026,2026-06-03T07:55:00Z,11.1
Salome,6/8/2026 17:29,6/3/2026,2026-06-03T08:00:00Z,9.2
Salome,6/8/2026 17:29,6/3/2026,2026-06-03T08:05:00Z,8.8
Salome,6/8/2026 17:29,6/3/2026,2026-06-03T08:10:00Z,8.5
Salome,6/8/2026 17:29,6/3/2026,2026-06-03T08:15:00Z,14
Salome,6/8/2026 17:29,6/3/2026,2026-06-03T08:20:00Z,10.7
Salome,6/8/2026 17:29,6/3/2026,2026-06-03T08:25:00Z,10.3
Salome,6/8/2026 17:29,6/3/2026,2026-06-03T08:30:00Z,13.7
Salome,6/8/2026 17:29,6/3/2026,2026-06-03T08:35:00Z,12.8
Salome,6/8/2026 17:29,6/3/2026,2026-06-03T08:40:00Z,11.6
Salome,6/8/2026 17:29,6/3/2026,2026-06-03T08:45:00Z,12.1
Salome,6/8/2026 17:29,6/3/2026,2026-06-03T08:50:00Z,11.6
Salome,6/8/2026 17:29,6/3/2026,2026-06-03T08:55:00Z,15
Salome,6/8/2026 17:29,6/3/2026,2026-06-03T09:00:00Z,13.7
Salome,6/8/2026 17:29,6/3/2026,2026-06-03T09:05:00Z,11.9
Salome,6/8/2026 17:29,6/3/2026,2026-06-03T09:10:00Z,13.3
Salome,6/8/2026 17:29,6/3/2026,2026-06-03T09:15:00Z,11.7
Salome,6/8/2026 17:29,6/3/2026,2026-06-03T09:20:00Z,13.8
Salome,6/8/2026 17:29,6/3/2026,2026-06-03T09:25:00Z,11.8
Salome,6/8/2026 17:33,6/4/2026,2026-06-04T06:50:00Z,18.5
Salome,6/8/2026 17:33,6/4/2026,2026-06-04T06:55:00Z,13.7
Salome,6/8/2026 17:33,6/4/2026,2026-06-04T07:00:00Z,17.3
Salome,6/8/2026 17:33,6/4/2026,2026-06-04T07:05:00Z,19.2
Salome,6/8/2026 17:33,6/4/2026,2026-06-04T07:10:00Z,14.7
Salome,6/8/2026 17:33,6/4/2026,2026-06-04T07:15:00Z,14.4
Salome,6/8/2026 17:33,6/4/2026,2026-06-04T07:20:00Z,12
Salome,6/8/2026 17:33,6/4/2026,2026-06-04T07:25:00Z,17.8
Salome,6/8/2026 17:33,6/4/2026,2026-06-04T07:30:00Z,19.5
Salome,6/8/2026 17:33,6/4/2026,2026-06-04T07:35:00Z,18.3
Salome,6/8/2026 17:33,6/4/2026,2026-06-04T07:40:00Z,9.1
Salome,6/8/2026 17:33,6/4/2026,2026-06-04T07:45:00Z,8.9
Salome,6/8/2026 17:33,6/4/2026,2026-06-04T07:50:00Z,12.4
Salome,6/8/2026 17:33,6/4/2026,2026-06-04T07:55:00Z,11.3
Salome,6/8/2026 17:33,6/4/2026,2026-06-04T08:00:00Z,12.7
Salome,6/8/2026 17:33,6/4/2026,2026-06-04T08:05:00Z,18.1
Salome,6/8/2026 17:33,6/4/2026,2026-06-04T08:10:00Z,16.9
Salome,6/8/2026 17:33,6/4/2026,2026-06-04T08:15:00Z,17.5
Salome,6/8/2026 17:33,6/4/2026,2026-06-04T08:20:00Z,16
Salome,6/8/2026 17:33,6/4/2026,2026-06-04T08:25:00Z,14.2
Salome,6/8/2026 17:33,6/4/2026,2026-06-04T08:30:00Z,13.2
Salome,6/8/2026 17:33,6/4/2026,2026-06-04T08:35:00Z,10.6
Salome,6/8/2026 17:33,6/4/2026,2026-06-04T08:40:00Z,10.3
Salome,6/8/2026 17:33,6/4/2026,2026-06-04T08:45:00Z,9.7
Salome,6/8/2026 17:33,6/4/2026,2026-06-04T08:50:00Z,10.9
Salome,6/8/2026 17:33,6/4/2026,2026-06-04T08:55:00Z,11.7
Salome,6/8/2026 17:33,6/4/2026,2026-06-04T09:00:00Z,10.4
Salome,6/8/2026 17:33,6/4/2026,2026-06-04T09:05:00Z,13
Salome,6/8/2026 17:33,6/4/2026,2026-06-04T09:10:00Z,11.3
Salome,6/8/2026 17:33,6/4/2026,2026-06-04T09:15:00Z,13.8
Salome,6/8/2026 17:33,6/4/2026,2026-06-04T09:20:00Z,13.5
Salome,6/8/2026 17:33,6/4/2026,2026-06-04T09:25:00Z,12.5
Salome,6/8/2026 17:33,6/4/2026,2026-06-04T09:30:00Z,13.6
Salome,6/8/2026 17:33,6/4/2026,2026-06-04T09:35:00Z,15.3
Salome,6/8/2026 17:33,6/4/2026,2026-06-04T09:40:00Z,20.6
Salome,6/8/2026 17:33,6/4/2026,2026-06-04T09:45:00Z,26.9
Salome,6/8/2026 17:33,6/4/2026,2026-06-04T09:50:00Z,21.9
Salome,6/8/2026 17:33,6/4/2026,2026-06-04T09:55:00Z,18.6
Salome,6/8/2026 17:33,6/4/2026,2026-06-04T10:00:00Z,26.6
Salome,6/8/2026 17:33,6/4/2026,2026-06-04T10:05:00Z,25.3
Salome,6/8/2026 17:33,6/4/2026,2026-06-04T10:10:00Z,20.8
Salome,6/8/2026 17:33,6/4/2026,2026-06-04T10:15:00Z,26
Salome,6/8/2026 17:33,6/4/2026,2026-06-04T10:20:00Z,24.4
Salome,6/8/2026 17:33,6/4/2026,2026-06-04T10:25:00Z,13.4
Salome,6/8/2026 17:33,6/4/2026,2026-06-04T10:30:00Z,14.2
Salome,6/8/2026 17:33,6/4/2026,2026-06-04T10:35:00Z,19.4
Salome,6/8/2026 17:33,6/4/2026,2026-06-04T10:40:00Z,13
Salome,6/8/2026 17:33,6/4/2026,2026-06-04T10:45:00Z,14.7
Salome,6/8/2026 17:33,6/4/2026,2026-06-04T10:50:00Z,19.3
Salome,6/8/2026 17:33,6/4/2026,2026-06-04T10:55:00Z,19.9
Salome,6/8/2026 17:33,6/4/2026,2026-06-04T11:00:00Z,28.5
Salome,6/8/2026 17:33,6/4/2026,2026-06-04T11:05:00Z,26.8
Salome,6/8/2026 17:33,6/4/2026,2026-06-04T11:10:00Z,24.8
Salome,6/8/2026 17:33,6/4/2026,2026-06-04T11:15:00Z,26.6
Salome,6/8/2026 17:33,6/4/2026,2026-06-04T11:20:00Z,25.9
Salome,6/8/2026 17:33,6/4/2026,2026-06-04T11:25:00Z,23.7
Salome,6/8/2026 17:33,6/4/2026,2026-06-04T11:30:00Z,27.5
Salome,6/8/2026 17:33,6/4/2026,2026-06-04T11:35:00Z,26.6
Salome,6/8/2026 17:33,6/4/2026,2026-06-04T11:40:00Z,27.4
Salome,6/8/2026 17:33,6/4/2026,2026-06-04T11:45:00Z,19.2
Salome,6/8/2026 17:33,6/4/2026,2026-06-04T11:50:00Z,20.3
Salome,6/8/2026 17:33,6/4/2026,2026-06-04T11:55:00Z,19.6
Salome,6/8/2026 17:33,6/4/2026,2026-06-04T12:00:00Z,19.5
Salome,6/8/2026 17:33,6/4/2026,2026-06-04T12:05:00Z,20.8
Salome,6/8/2026 17:33,6/4/2026,2026-06-04T12:10:00Z,14.3
Salome,6/8/2026 17:33,6/4/2026,2026-06-04T12:15:00Z,11.8
Salome,6/8/2026 17:33,6/4/2026,2026-06-04T12:20:00Z,12.5
Salome,6/8/2026 17:33,6/4/2026,2026-06-04T12:25:00Z,11.2
Salome,6/8/2026 17:33,6/4/2026,2026-06-04T12:30:00Z,14.3
Salome,6/8/2026 17:33,6/4/2026,2026-06-04T12:35:00Z,15.6
Salome,6/8/2026 17:33,6/4/2026,2026-06-04T12:40:00Z,14
Salome,6/8/2026 17:33,6/4/2026,2026-06-04T12:45:00Z,14.4
Salome,6/8/2026 17:33,6/4/2026,2026-06-04T12:50:00Z,16
Salome,6/8/2026 17:33,6/4/2026,2026-06-04T12:55:00Z,18.5
Salome,6/8/2026 17:33,6/4/2026,2026-06-04T13:00:00Z,17.1
Salome,6/8/2026 17:33,6/4/2026,2026-06-04T13:05:00Z,16.7
Salome,6/8/2026 17:33,6/4/2026,2026-06-04T13:10:00Z,14.7
Salome,6/8/2026 17:33,6/4/2026,2026-06-04T13:15:00Z,15.3
Salome,6/8/2026 17:33,6/4/2026,2026-06-04T13:20:00Z,17.6
Salome,6/8/2026 17:33,6/4/2026,2026-06-04T13:25:00Z,21.5
Salome,6/8/2026 17:33,6/4/2026,2026-06-04T13:30:00Z,24.9
Salome,6/8/2026 17:33,6/4/2026,2026-06-04T13:35:00Z,17.6
Salome,6/8/2026 17:33,6/4/2026,2026-06-04T13:40:00Z,13.9
Salome,6/8/2026 17:33,6/4/2026,2026-06-04T13:45:00Z,15.1
Salome,6/8/2026 17:33,6/4/2026,2026-06-04T13:50:00Z,16.9
Salome,6/8/2026 17:33,6/4/2026,2026-06-04T13:55:00Z,18.2
Salome,6/8/2026 17:33,6/4/2026,2026-06-04T14:00:00Z,21.2
Salome,6/8/2026 17:33,6/4/2026,2026-06-04T14:05:00Z,22.6
Salome,6/8/2026 17:33,6/4/2026,2026-06-04T14:10:00Z,20.2
Salome,6/8/2026 17:33,6/4/2026,2026-06-04T14:15:00Z,23.5
Salome,6/8/2026 17:33,6/4/2026,2026-06-04T14:20:00Z,24
Salome,6/8/2026 17:33,6/4/2026,2026-06-04T14:25:00Z,24.6
Salome,6/8/2026 17:33,6/4/2026,2026-06-04T14:30:00Z,24.1
Salome,6/8/2026 17:33,6/4/2026,2026-06-04T14:35:00Z,15.1
Salome,6/8/2026 17:33,6/4/2026,2026-06-04T14:40:00Z,15.6
Salome,6/8/2026 17:33,6/4/2026,2026-06-04T14:45:00Z,14.6
Salome,6/8/2026 17:33,6/4/2026,2026-06-04T14:50:00Z,14.5
Salome,6/8/2026 17:33,6/4/2026,2026-06-04T14:55:00Z,15
Salome,6/8/2026 17:33,6/4/2026,2026-06-04T15:00:00Z,13.5
Salome,6/8/2026 17:33,6/4/2026,2026-06-04T15:05:00Z,11.9
Salome,6/8/2026 17:33,6/4/2026,2026-06-04T15:10:00Z,12.6
Salome,6/8/2026 17:33,6/4/2026,2026-06-04T15:15:00Z,19
Salome,6/8/2026 17:33,6/4/2026,2026-06-04T15:20:00Z,16.4
Salome,6/8/2026 17:33,6/4/2026,2026-06-04T15:25:00Z,16.6
Salome,6/8/2026 17:33,6/4/2026,2026-06-04T15:30:00Z,13.8
Salome,6/8/2026 17:36,6/5/2026,2026-06-05T06:05:00Z,13
Salome,6/8/2026 17:36,6/5/2026,2026-06-05T06:10:00Z,16.9
Salome,6/8/2026 17:36,6/5/2026,2026-06-05T06:15:00Z,12.3
Salome,6/8/2026 17:36,6/5/2026,2026-06-05T06:20:00Z,16.2
Salome,6/8/2026 17:36,6/5/2026,2026-06-05T06:25:00Z,16.4
Salome,6/8/2026 17:36,6/5/2026,2026-06-05T06:30:00Z,13.1
Salome,6/8/2026 17:36,6/5/2026,2026-06-05T06:35:00Z,11.6
Salome,6/8/2026 17:36,6/5/2026,2026-06-05T06:40:00Z,12.2
Salome,6/8/2026 17:36,6/5/2026,2026-06-05T06:45:00Z,10.9
Salome,6/8/2026 17:36,6/5/2026,2026-06-05T06:50:00Z,12.7
Salome,6/8/2026 17:36,6/5/2026,2026-06-05T06:55:00Z,11.2
Salome,6/8/2026 17:36,6/5/2026,2026-06-05T07:00:00Z,11
Salome,6/8/2026 17:36,6/5/2026,2026-06-05T07:05:00Z,15
Salome,6/8/2026 17:36,6/5/2026,2026-06-05T07:10:00Z,8.8
Salome,6/8/2026 17:36,6/5/2026,2026-06-05T07:15:00Z,8.9
Salome,6/8/2026 17:36,6/5/2026,2026-06-05T07:20:00Z,9.5
Salome,6/8/2026 17:36,6/5/2026,2026-06-05T07:25:00Z,9.5
Salome,6/8/2026 17:36,6/5/2026,2026-06-05T07:30:00Z,11.9
Salome,6/8/2026 17:36,6/5/2026,2026-06-05T07:35:00Z,13.6
Salome,6/8/2026 17:36,6/5/2026,2026-06-05T07:40:00Z,11.1
Salome,6/8/2026 17:36,6/5/2026,2026-06-05T07:45:00Z,10.3
Salome,6/8/2026 17:36,6/5/2026,2026-06-05T07:50:00Z,9.5
Salome,6/8/2026 17:36,6/5/2026,2026-06-05T07:55:00Z,12
Salome,6/8/2026 17:36,6/5/2026,2026-06-05T08:00:00Z,13.2
Salome,6/8/2026 17:36,6/5/2026,2026-06-05T08:05:00Z,11.5
Salome,6/8/2026 17:36,6/5/2026,2026-06-05T08:10:00Z,12.7
Salome,6/8/2026 17:36,6/5/2026,2026-06-05T08:15:00Z,12.5
Salome,6/8/2026 17:36,6/5/2026,2026-06-05T08:20:00Z,13.8
Salome,6/8/2026 17:36,6/5/2026,2026-06-05T08:25:00Z,14
Salome,6/8/2026 17:36,6/5/2026,2026-06-05T08:30:00Z,12.8
Salome,6/8/2026 17:36,6/5/2026,2026-06-05T08:35:00Z,12.4
Salome,6/8/2026 17:36,6/5/2026,2026-06-05T08:40:00Z,12.7
Salome,6/8/2026 17:36,6/5/2026,2026-06-05T08:45:00Z,17
Salome,6/8/2026 17:36,6/5/2026,2026-06-05T08:50:00Z,13.8
Salome,6/8/2026 17:36,6/5/2026,2026-06-05T08:55:00Z,19
Salome,6/8/2026 17:36,6/5/2026,2026-06-05T09:00:00Z,20.8
Salome,6/8/2026 17:36,6/5/2026,2026-06-05T09:05:00Z,16.6
Salome,6/8/2026 17:36,6/5/2026,2026-06-05T09:10:00Z,18.5
Salome,6/8/2026 17:36,6/5/2026,2026-06-05T09:15:00Z,16
Salome,6/8/2026 17:36,6/5/2026,2026-06-05T09:20:00Z,11.6
Salome,6/8/2026 17:36,6/5/2026,2026-06-05T09:25:00Z,12.2
Salome,6/8/2026 17:36,6/5/2026,2026-06-05T09:30:00Z,13.1
Salome,6/8/2026 17:36,6/5/2026,2026-06-05T09:35:00Z,13.7
Salome,6/8/2026 17:36,6/5/2026,2026-06-05T09:40:00Z,13.8
Salome,6/8/2026 17:36,6/5/2026,2026-06-05T09:45:00Z,12.4
Salome,6/8/2026 17:36,6/5/2026,2026-06-05T09:50:00Z,12.2
Salome,6/8/2026 17:36,6/5/2026,2026-06-05T09:55:00Z,12.7
Salome,6/8/2026 17:36,6/5/2026,2026-06-05T10:00:00Z,12.1
Salome,6/8/2026 17:36,6/5/2026,2026-06-05T10:05:00Z,16.5
Salome,6/8/2026 17:36,6/5/2026,2026-06-05T10:10:00Z,11.8
Salome,6/8/2026 17:36,6/5/2026,2026-06-05T10:15:00Z,14
Salome,6/8/2026 17:59,6/6/2026,2026-06-06T07:30:00Z,9.9
Salome,6/8/2026 17:59,6/6/2026,2026-06-06T07:35:00Z,11.5
Salome,6/8/2026 17:59,6/6/2026,2026-06-06T07:40:00Z,11.5
Salome,6/8/2026 17:59,6/6/2026,2026-06-06T07:45:00Z,12.4
Salome,6/8/2026 17:59,6/6/2026,2026-06-06T07:50:00Z,11.3
Salome,6/8/2026 17:59,6/6/2026,2026-06-06T07:55:00Z,10.3
Salome,6/8/2026 17:59,6/6/2026,2026-06-06T08:00:00Z,10.2
Salome,6/8/2026 17:59,6/6/2026,2026-06-06T08:05:00Z,10.5
Salome,6/8/2026 17:59,6/6/2026,2026-06-06T08:10:00Z,10.8
Salome,6/8/2026 17:59,6/6/2026,2026-06-06T08:15:00Z,10.4
Salome,6/8/2026 17:59,6/6/2026,2026-06-06T08:20:00Z,10.1
Salome,6/8/2026 17:59,6/6/2026,2026-06-06T08:25:00Z,9
Salome,6/8/2026 17:59,6/6/2026,2026-06-06T08:30:00Z,9.1
Salome,6/8/2026 17:59,6/6/2026,2026-06-06T08:35:00Z,11.9
Salome,6/8/2026 17:59,6/6/2026,2026-06-06T08:40:00Z,11.1
Salome,6/8/2026 17:59,6/6/2026,2026-06-06T08:45:00Z,8.7
Salome,6/8/2026 17:59,6/6/2026,2026-06-06T08:50:00Z,9.7
Salome,6/8/2026 17:59,6/6/2026,2026-06-06T08:55:00Z,9.7
Salome,6/8/2026 17:59,6/6/2026,2026-06-06T09:00:00Z,14.2
Salome,6/8/2026 17:59,6/6/2026,2026-06-06T09:05:00Z,13.5
Salome,6/8/2026 17:59,6/6/2026,2026-06-06T09:10:00Z,12.5
Salome,6/8/2026 17:59,6/6/2026,2026-06-06T09:15:00Z,12.4
Salome,6/8/2026 17:59,6/6/2026,2026-06-06T09:20:00Z,13.8
Salome,6/8/2026 17:59,6/6/2026,2026-06-06T09:25:00Z,14.1
Salome,6/8/2026 17:59,6/6/2026,2026-06-06T09:30:00Z,14.9
Salome,6/8/2026 17:59,6/6/2026,2026-06-06T09:35:00Z,13.8
Salome,6/8/2026 17:59,6/6/2026,2026-06-06T09:40:00Z,15.6
Salome,6/8/2026 17:59,6/6/2026,2026-06-06T09:45:00Z,17.4
Salome,6/8/2026 17:59,6/6/2026,2026-06-06T09:50:00Z,18.6
Salome,6/8/2026 17:59,6/6/2026,2026-06-06T09:55:00Z,20
Salome,6/8/2026 17:59,6/6/2026,2026-06-06T10:00:00Z,17.9
Salome,6/8/2026 17:59,6/6/2026,2026-06-06T10:05:00Z,13.5
Salome,6/8/2026 17:59,6/6/2026,2026-06-06T10:10:00Z,9.8
Salome,6/8/2026 17:59,6/6/2026,2026-06-06T10:15:00Z,14.2
Salome,6/8/2026 17:59,6/6/2026,2026-06-06T10:20:00Z,13.7
Salome,6/8/2026 17:59,6/6/2026,2026-06-06T10:25:00Z,12.9
Salome,6/8/2026 17:59,6/6/2026,2026-06-06T10:30:00Z,10.8
Salome,6/8/2026 17:59,6/6/2026,2026-06-06T10:35:00Z,11.8
Salome,6/8/2026 17:59,6/6/2026,2026-06-06T10:40:00Z,14.2
Salome,6/8/2026 17:59,6/6/2026,2026-06-06T10:45:00Z,16.4
Salome,6/8/2026 17:59,6/6/2026,2026-06-06T10:50:00Z,17.6
Salome,6/8/2026 17:59,6/6/2026,2026-06-06T10:55:00Z,14.6
Salome,6/8/2026 17:59,6/6/2026,2026-06-06T11:00:00Z,16.6
Salome,6/8/2026 17:59,6/6/2026,2026-06-06T11:05:00Z,21.7
Salome,6/8/2026 17:59,6/6/2026,2026-06-06T11:10:00Z,19.6
Salome,6/8/2026 17:59,6/6/2026,2026-06-06T11:15:00Z,20.2
Salome,6/8/2026 17:59,6/6/2026,2026-06-06T11:20:00Z,20.7
Salome,6/8/2026 17:59,6/6/2026,2026-06-06T11:25:00Z,17.1
Salome,6/8/2026 17:59,6/6/2026,2026-06-06T11:30:00Z,17.5
Salome,6/8/2026 17:59,6/6/2026,2026-06-06T11:35:00Z,14.1
Salome,6/8/2026 17:59,6/6/2026,2026-06-06T11:40:00Z,16.6
Salome,6/8/2026 17:59,6/6/2026,2026-06-06T11:45:00Z,18.2
Salome,6/8/2026 17:59,6/6/2026,2026-06-06T11:50:00Z,16.1
Salome,6/8/2026 17:59,6/6/2026,2026-06-06T11:55:00Z,15.7
Salome,6/8/2026 17:59,6/6/2026,2026-06-06T12:00:00Z,13.7
Salome,6/8/2026 17:59,6/6/2026,2026-06-06T12:05:00Z,21.2
Salome,6/8/2026 17:59,6/6/2026,2026-06-06T12:10:00Z,20.1
Salome,6/8/2026 17:59,6/6/2026,2026-06-06T12:15:00Z,15.4
Salome,6/8/2026 17:59,6/6/2026,2026-06-06T12:20:00Z,15.4
Salome,6/8/2026 17:59,6/6/2026,2026-06-06T12:25:00Z,19.3
Salome,6/8/2026 17:59,6/6/2026,2026-06-06T12:30:00Z,18.8
Salome,6/8/2026 17:59,6/6/2026,2026-06-06T12:35:00Z,20
Salome,6/8/2026 17:59,6/6/2026,2026-06-06T12:40:00Z,19.3
Salome,6/8/2026 17:59,6/6/2026,2026-06-06T12:45:00Z,22.8
Salome,6/8/2026 17:59,6/6/2026,2026-06-06T12:50:00Z,20.6
Salome,6/8/2026 17:59,6/6/2026,2026-06-06T12:55:00Z,20.9
Salome,6/8/2026 17:59,6/6/2026,2026-06-06T13:00:00Z,20.8
Salome,6/8/2026 17:59,6/6/2026,2026-06-06T13:05:00Z,19.5
Salome,6/8/2026 17:59,6/6/2026,2026-06-06T13:10:00Z,20.3
Salome,6/8/2026 17:59,6/6/2026,2026-06-06T13:15:00Z,15.1
Salome,6/8/2026 17:59,6/6/2026,2026-06-06T13:20:00Z,18.1
Salome,6/8/2026 17:59,6/6/2026,2026-06-06T13:25:00Z,16.4
Salome,6/8/2026 17:59,6/6/2026,2026-06-06T13:30:00Z,17.7
Salome,6/8/2026 17:59,6/6/2026,2026-06-06T13:35:00Z,15
Salome,6/8/2026 17:59,6/6/2026,2026-06-06T13:40:00Z,19.9
Salome,6/8/2026 17:59,6/6/2026,2026-06-06T13:45:00Z,21.1
Salome,6/8/2026 17:59,6/6/2026,2026-06-06T13:50:00Z,20.8
Salome,6/8/2026 17:59,6/6/2026,2026-06-06T13:55:00Z,18.4
Salome,6/8/2026 17:59,6/6/2026,2026-06-06T14:00:00Z,23.1
Salome,6/8/2026 17:59,6/6/2026,2026-06-06T14:05:00Z,17.9
Salome,6/8/2026 17:59,6/6/2026,2026-06-06T14:10:00Z,17.9
Salome,6/8/2026 17:59,6/6/2026,2026-06-06T14:15:00Z,19.5
Salome,6/8/2026 17:59,6/6/2026,2026-06-06T14:20:00Z,19.1
Salome,6/8/2026 17:59,6/6/2026,2026-06-06T14:25:00Z,16.7
Salome,6/8/2026 17:59,6/6/2026,2026-06-06T14:30:00Z,18
Salome,6/8/2026 17:59,6/6/2026,2026-06-06T14:35:00Z,17.5
Salome,6/8/2026 17:59,6/6/2026,2026-06-06T14:40:00Z,17.2
Salome,6/8/2026 17:59,6/6/2026,2026-06-06T14:45:00Z,17.6
Salome,6/8/2026 17:59,6/6/2026,2026-06-06T14:50:00Z,19.9
Salome,6/8/2026 17:59,6/6/2026,2026-06-06T14:55:00Z,22.7
Salome,6/8/2026 17:59,6/6/2026,2026-06-06T15:00:00Z,21.7
Salome,6/8/2026 17:59,6/6/2026,2026-06-06T15:05:00Z,19.1
Salome,6/8/2026 17:59,6/6/2026,2026-06-06T15:10:00Z,17.4
Salome,6/8/2026 17:59,6/6/2026,2026-06-06T15:15:00Z,17.8
Salome,6/8/2026 17:59,6/6/2026,2026-06-06T15:20:00Z,24.1
Salome,6/8/2026 18:15,6/7/2026,2026-06-07T07:15:00Z,15.5
Salome,6/8/2026 18:15,6/7/2026,2026-06-07T07:20:00Z,12.9
Salome,6/8/2026 18:15,6/7/2026,2026-06-07T07:25:00Z,14.7
Salome,6/8/2026 18:15,6/7/2026,2026-06-07T07:30:00Z,13.3
Salome,6/8/2026 18:15,6/7/2026,2026-06-07T07:35:00Z,10.7
Salome,6/8/2026 18:15,6/7/2026,2026-06-07T07:40:00Z,10.8
Salome,6/8/2026 18:15,6/7/2026,2026-06-07T07:45:00Z,12.2
Salome,6/8/2026 18:15,6/7/2026,2026-06-07T07:50:00Z,14.5
Salome,6/8/2026 18:15,6/7/2026,2026-06-07T07:55:00Z,9.3
Salome,6/8/2026 18:15,6/7/2026,2026-06-07T08:00:00Z,14
Salome,6/8/2026 18:15,6/7/2026,2026-06-07T08:05:00Z,10.9
Salome,6/8/2026 18:15,6/7/2026,2026-06-07T08:10:00Z,13
Salome,6/8/2026 18:15,6/7/2026,2026-06-07T08:15:00Z,11.8
Salome,6/8/2026 18:15,6/7/2026,2026-06-07T08:20:00Z,16.9
Salome,6/8/2026 18:15,6/7/2026,2026-06-07T08:25:00Z,19.9
Salome,6/8/2026 18:15,6/7/2026,2026-06-07T08:30:00Z,17.9
Salome,6/8/2026 18:15,6/7/2026,2026-06-07T08:35:00Z,16.4
Salome,6/8/2026 18:15,6/7/2026,2026-06-07T08:40:00Z,17.8
Salome,6/8/2026 18:15,6/7/2026,2026-06-07T08:45:00Z,15
Salome,6/8/2026 18:15,6/7/2026,2026-06-07T08:50:00Z,11.1
Salome,6/8/2026 18:15,6/7/2026,2026-06-07T08:55:00Z,15.5
Salome,6/8/2026 18:15,6/7/2026,2026-06-07T09:00:00Z,19.2
Salome,6/8/2026 18:15,6/7/2026,2026-06-07T09:05:00Z,15.1
Salome,6/8/2026 18:15,6/7/2026,2026-06-07T09:10:00Z,14.5
Salome,6/8/2026 18:15,6/7/2026,2026-06-07T09:15:00Z,13.5
Salome,6/8/2026 18:15,6/7/2026,2026-06-07T09:20:00Z,12.4
Salome,6/8/2026 18:15,6/7/2026,2026-06-07T09:25:00Z,17.1
Salome,6/8/2026 18:15,6/7/2026,2026-06-07T09:30:00Z,11.1
Salome,6/8/2026 18:15,6/7/2026,2026-06-07T09:35:00Z,15.6
Salome,6/8/2026 18:15,6/7/2026,2026-06-07T09:40:00Z,8.6
Salome,6/8/2026 18:15,6/7/2026,2026-06-07T09:45:00Z,9.1
Salome,6/8/2026 18:15,6/7/2026,2026-06-07T09:50:00Z,10.3
Salome,6/8/2026 18:15,6/7/2026,2026-06-07T09:55:00Z,10.2
Salome,6/8/2026 18:15,6/7/2026,2026-06-07T10:00:00Z,11.1
Salome,6/8/2026 18:15,6/7/2026,2026-06-07T10:05:00Z,9.1
Salome,6/8/2026 18:15,6/7/2026,2026-06-07T10:10:00Z,10.9
Salome,6/8/2026 18:15,6/7/2026,2026-06-07T10:15:00Z,13.4
Salome,6/8/2026 18:15,6/7/2026,2026-06-07T10:20:00Z,11.4
Salome,6/8/2026 18:15,6/7/2026,2026-06-07T10:25:00Z,18.1
Salome,6/8/2026 18:15,6/7/2026,2026-06-07T10:30:00Z,18.1
Salome,6/8/2026 18:15,6/7/2026,2026-06-07T10:35:00Z,14.8
Salome,6/8/2026 18:15,6/7/2026,2026-06-07T10:40:00Z,16.1
Salome,6/8/2026 18:15,6/7/2026,2026-06-07T10:45:00Z,17.3
Salome,6/8/2026 18:15,6/7/2026,2026-06-07T10:50:00Z,15.8
Salome,6/8/2026 18:15,6/7/2026,2026-06-07T10:55:00Z,11.9
Salome,6/8/2026 18:15,6/7/2026,2026-06-07T11:00:00Z,11.5
Salome,6/8/2026 18:15,6/7/2026,2026-06-07T11:05:00Z,13.1
Salome,6/8/2026 18:15,6/7/2026,2026-06-07T11:10:00Z,12.2
Salome,6/8/2026 18:15,6/7/2026,2026-06-07T11:15:00Z,11.7
Salome,6/8/2026 18:15,6/7/2026,2026-06-07T11:20:00Z,11.8
Salome,6/8/2026 18:15,6/7/2026,2026-06-07T11:25:00Z,12.9
Salome,6/8/2026 18:15,6/7/2026,2026-06-07T11:30:00Z,13.2
Salome,6/8/2026 18:15,6/7/2026,2026-06-07T11:35:00Z,12.2
Salome,6/8/2026 18:15,6/7/2026,2026-06-07T11:40:00Z,13.2
Salome,6/8/2026 18:15,6/7/2026,2026-06-07T11:45:00Z,11.4
Salome,6/8/2026 18:15,6/7/2026,2026-06-07T11:50:00Z,12.9
Salome,6/8/2026 18:15,6/7/2026,2026-06-07T11:55:00Z,16.7
Salome,6/8/2026 18:15,6/7/2026,2026-06-07T12:00:00Z,17.2
Salome,6/8/2026 18:15,6/7/2026,2026-06-07T12:05:00Z,17.7
Salome,6/8/2026 18:15,6/7/2026,2026-06-07T12:10:00Z,16.1
Salome,6/8/2026 18:15,6/7/2026,2026-06-07T12:15:00Z,14.3
Salome,6/8/2026 18:15,6/7/2026,2026-06-07T12:20:00Z,17.6
Salome,6/8/2026 18:15,6/7/2026,2026-06-07T12:25:00Z,21.1
Salome,6/8/2026 18:15,6/7/2026,2026-06-07T12:30:00Z,21.7
Salome,6/8/2026 18:15,6/7/2026,2026-06-07T12:35:00Z,21.7
Salome,6/8/2026 18:15,6/7/2026,2026-06-07T12:40:00Z,16.4
Salome,6/8/2026 18:15,6/7/2026,2026-06-07T12:45:00Z,16.9
Salome,6/8/2026 18:15,6/7/2026,2026-06-07T12:50:00Z,12.7
Salome,6/8/2026 18:15,6/7/2026,2026-06-07T12:55:00Z,13.5
Salome,6/8/2026 18:15,6/7/2026,2026-06-07T13:00:00Z,14.4
Salome,6/8/2026 18:15,6/7/2026,2026-06-07T13:05:00Z,13.6
Salome,6/8/2026 18:15,6/7/2026,2026-06-07T13:10:00Z,14
Salome,6/8/2026 18:15,6/7/2026,2026-06-07T13:15:00Z,16.3
Salome,6/8/2026 18:15,6/7/2026,2026-06-07T13:20:00Z,14.6
Salome,6/8/2026 18:15,6/7/2026,2026-06-07T13:25:00Z,14.5
Salome,6/8/2026 18:15,6/7/2026,2026-06-07T13:30:00Z,12.5
Salome,6/8/2026 18:15,6/7/2026,2026-06-07T13:35:00Z,13.5
Salome,6/8/2026 18:15,6/7/2026,2026-06-07T13:40:00Z,13.3
Salome,6/8/2026 18:15,6/7/2026,2026-06-07T13:45:00Z,15.6
Salome,6/8/2026 18:15,6/7/2026,2026-06-07T13:50:00Z,15.7
Salome,6/8/2026 18:15,6/7/2026,2026-06-07T13:55:00Z,19.3
Salome,6/8/2026 18:15,6/7/2026,2026-06-07T14:00:00Z,18
Salome,6/8/2026 18:15,6/7/2026,2026-06-07T14:05:00Z,17.8
Salome,6/8/2026 18:15,6/7/2026,2026-06-07T14:10:00Z,19.8
Salome,6/8/2026 18:15,6/7/2026,2026-06-07T14:15:00Z,21.7
Salome,6/8/2026 18:15,6/7/2026,2026-06-07T14:20:00Z,19.6
Salome,6/8/2026 18:15,6/7/2026,2026-06-07T14:25:00Z,18.1
Salome,6/8/2026 18:15,6/7/2026,2026-06-07T14:30:00Z,17.8
Salome,6/8/2026 18:15,6/7/2026,2026-06-07T14:35:00Z,16.2
Salome,6/8/2026 18:15,6/7/2026,2026-06-07T14:40:00Z,14.8
Salome,6/8/2026 18:15,6/7/2026,2026-06-07T14:45:00Z,16.6
Salome,6/8/2026 18:15,6/7/2026,2026-06-07T14:50:00Z,16.9
Salome,6/8/2026 18:15,6/7/2026,2026-06-07T14:55:00Z,14.3
Josh,6/8/2026 9:32,5/28/2026,2026-05-28T00:00:00Z,47.3
Josh,6/8/2026 9:32,5/28/2026,2026-05-28T00:05:00Z,51.9
Josh,6/8/2026 9:32,5/28/2026,2026-05-28T00:10:00Z,55.2
Josh,6/8/2026 9:32,5/28/2026,2026-05-28T00:15:00Z,50.5
Josh,6/8/2026 9:32,5/28/2026,2026-05-28T00:20:00Z,58.5
Josh,6/8/2026 9:32,5/28/2026,2026-05-28T00:25:00Z,57.5
Josh,6/8/2026 9:32,5/28/2026,2026-05-28T00:30:00Z,57.4
Josh,6/8/2026 9:32,5/28/2026,2026-05-28T00:35:00Z,57.3
Josh,6/8/2026 9:32,5/28/2026,2026-05-28T00:40:00Z,61.5
Josh,6/8/2026 9:32,5/28/2026,2026-05-28T00:45:00Z,60.2
Josh,6/8/2026 9:32,5/28/2026,2026-05-28T00:50:00Z,61.5
Josh,6/8/2026 9:32,5/28/2026,2026-05-28T00:55:00Z,55.7
Josh,6/8/2026 9:32,5/28/2026,2026-05-28T01:00:00Z,61.8
Josh,6/8/2026 9:32,5/28/2026,2026-05-28T01:05:00Z,68.2
Josh,6/8/2026 9:32,5/28/2026,2026-05-28T01:10:00Z,64.5
Josh,6/8/2026 9:32,5/28/2026,2026-05-28T01:15:00Z,61
Josh,6/8/2026 9:32,5/28/2026,2026-05-28T01:20:00Z,63.4
Josh,6/8/2026 9:32,5/28/2026,2026-05-28T01:25:00Z,70.2
Josh,6/8/2026 9:32,5/28/2026,2026-05-28T01:30:00Z,73.5
Josh,6/8/2026 9:32,5/28/2026,2026-05-28T01:35:00Z,65.5
Josh,6/8/2026 9:32,5/28/2026,2026-05-28T01:40:00Z,71.7
Josh,6/8/2026 9:32,5/28/2026,2026-05-28T01:45:00Z,64.7
Josh,6/8/2026 9:32,5/28/2026,2026-05-28T01:50:00Z,70.1
Josh,6/8/2026 9:32,5/28/2026,2026-05-28T01:55:00Z,70.3
Josh,6/8/2026 9:32,5/28/2026,2026-05-28T02:00:00Z,65.9
Josh,6/8/2026 9:32,5/28/2026,2026-05-28T02:05:00Z,71.9
Josh,6/8/2026 9:32,5/28/2026,2026-05-28T02:10:00Z,58.8
Josh,6/8/2026 9:32,5/28/2026,2026-05-28T02:15:00Z,75.2
Josh,6/8/2026 9:32,5/28/2026,2026-05-28T02:20:00Z,54.1
Josh,6/8/2026 9:32,5/28/2026,2026-05-28T02:25:00Z,64
Josh,6/8/2026 9:32,5/28/2026,2026-05-28T02:30:00Z,69.1
Josh,6/8/2026 9:32,5/28/2026,2026-05-28T02:35:00Z,67.1
Josh,6/8/2026 9:32,5/28/2026,2026-05-28T02:40:00Z,64
Josh,6/8/2026 9:32,5/28/2026,2026-05-28T02:45:00Z,73.9
Josh,6/8/2026 9:32,5/28/2026,2026-05-28T02:50:00Z,67.7
Josh,6/8/2026 9:32,5/28/2026,2026-05-28T02:55:00Z,58.7
Josh,6/8/2026 9:32,5/28/2026,2026-05-28T03:00:00Z,69.3
Josh,6/8/2026 9:32,5/28/2026,2026-05-28T03:05:00Z,64.6
Josh,6/8/2026 9:32,5/28/2026,2026-05-28T03:10:00Z,70.7
Josh,6/8/2026 9:32,5/28/2026,2026-05-28T03:15:00Z,64.5
Josh,6/8/2026 9:32,5/28/2026,2026-05-28T03:20:00Z,62.9
Josh,6/8/2026 9:32,5/28/2026,2026-05-28T03:25:00Z,67.5
Josh,6/8/2026 9:32,5/28/2026,2026-05-28T03:30:00Z,64.1
Josh,6/8/2026 9:32,5/28/2026,2026-05-28T03:35:00Z,67.7
Josh,6/8/2026 9:32,5/28/2026,2026-05-28T03:40:00Z,60.3
Josh,6/8/2026 9:32,5/28/2026,2026-05-28T03:45:00Z,64.3
Josh,6/8/2026 9:32,5/28/2026,2026-05-28T03:50:00Z,66.9
Josh,6/8/2026 9:32,5/28/2026,2026-05-28T03:55:00Z,67
Josh,6/8/2026 9:32,5/28/2026,2026-05-28T04:00:00Z,67.5
Josh,6/8/2026 9:32,5/28/2026,2026-05-28T04:05:00Z,67.5
Josh,6/8/2026 9:32,5/28/2026,2026-05-28T04:10:00Z,62.4
Josh,6/8/2026 9:32,5/28/2026,2026-05-28T04:15:00Z,64.5
Josh,6/8/2026 9:32,5/28/2026,2026-05-28T04:20:00Z,64.3
Josh,6/8/2026 9:32,5/28/2026,2026-05-28T04:25:00Z,58.3
Josh,6/8/2026 9:32,5/28/2026,2026-05-28T04:30:00Z,66.5
Josh,6/8/2026 9:32,5/28/2026,2026-05-28T04:35:00Z,61.8
Josh,6/8/2026 9:32,5/28/2026,2026-05-28T04:40:00Z,59.6
Josh,6/8/2026 9:32,5/28/2026,2026-05-28T04:45:00Z,61.1
Josh,6/8/2026 9:32,5/28/2026,2026-05-28T04:50:00Z,64.3
Josh,6/8/2026 9:32,5/28/2026,2026-05-28T04:55:00Z,58
Josh,6/8/2026 9:32,5/28/2026,2026-05-28T05:00:00Z,62.2
Josh,6/8/2026 9:32,5/28/2026,2026-05-28T05:05:00Z,57.3
Josh,6/8/2026 9:32,5/28/2026,2026-05-28T05:10:00Z,55
Josh,6/8/2026 9:32,5/28/2026,2026-05-28T05:15:00Z,57
Josh,6/8/2026 9:32,5/28/2026,2026-05-28T05:20:00Z,53.5
Josh,6/8/2026 9:32,5/28/2026,2026-05-28T05:25:00Z,51.4
Josh,6/8/2026 9:32,5/28/2026,2026-05-28T05:30:00Z,57
Josh,6/8/2026 9:32,5/28/2026,2026-05-28T05:35:00Z,59.6
Josh,6/8/2026 9:32,5/28/2026,2026-05-28T05:40:00Z,51.6
Josh,6/8/2026 9:32,5/28/2026,2026-05-28T05:45:00Z,51.4
Josh,6/8/2026 9:32,5/28/2026,2026-05-28T05:50:00Z,55.2
Josh,6/8/2026 9:32,5/28/2026,2026-05-28T05:55:00Z,50.4
Josh,6/8/2026 9:32,5/28/2026,2026-05-28T06:00:00Z,53.4
Josh,6/8/2026 9:32,5/28/2026,2026-05-28T06:05:00Z,47.8
Josh,6/8/2026 9:32,5/28/2026,2026-05-28T06:10:00Z,52.7
Josh,6/8/2026 9:32,5/28/2026,2026-05-28T06:15:00Z,49
Josh,6/8/2026 9:32,5/28/2026,2026-05-28T06:20:00Z,41.6
Josh,6/8/2026 9:32,5/28/2026,2026-05-28T06:25:00Z,49.2
Josh,6/8/2026 9:32,5/28/2026,2026-05-28T06:30:00Z,41.6
Josh,6/8/2026 9:32,5/28/2026,2026-05-28T06:35:00Z,44.2
Josh,6/8/2026 9:32,5/28/2026,2026-05-28T06:40:00Z,39.8
Josh,6/8/2026 9:32,5/28/2026,2026-05-28T06:45:00Z,44.4
Josh,6/8/2026 9:32,5/28/2026,2026-05-28T06:50:00Z,40.7
Josh,6/8/2026 9:32,5/28/2026,2026-05-28T06:55:00Z,34.3
Josh,6/8/2026 9:32,5/28/2026,2026-05-28T07:00:00Z,38.1
Josh,6/8/2026 9:32,5/28/2026,2026-05-28T07:05:00Z,39.9
Josh,6/8/2026 9:32,5/28/2026,2026-05-28T07:10:00Z,42.6
Josh,6/8/2026 9:32,5/28/2026,2026-05-28T07:15:00Z,37.4
Josh,6/8/2026 9:32,5/28/2026,2026-05-28T07:20:00Z,36.8
Josh,6/8/2026 9:32,5/28/2026,2026-05-28T07:25:00Z,42
Josh,6/8/2026 9:32,5/28/2026,2026-05-28T07:30:00Z,28
Josh,6/8/2026 9:32,5/28/2026,2026-05-28T07:35:00Z,44.6
Josh,6/8/2026 9:32,5/28/2026,2026-05-28T07:40:00Z,31.7
Josh,6/8/2026 9:32,5/28/2026,2026-05-28T07:45:00Z,38.2
Josh,6/8/2026 9:32,5/28/2026,2026-05-28T07:55:00Z,36
Josh,6/8/2026 9:32,5/28/2026,2026-05-28T08:05:00Z,43.8
Josh,6/8/2026 9:32,5/28/2026,2026-05-28T08:10:00Z,30.6
Josh,6/8/2026 9:32,5/28/2026,2026-05-28T08:15:00Z,31.3
Josh,6/8/2026 9:32,5/28/2026,2026-05-28T08:50:00Z,30.3
Josh,6/8/2026 9:32,5/28/2026,2026-05-28T09:05:00Z,32.8
Josh,6/8/2026 9:32,5/28/2026,2026-05-28T09:25:00Z,35.1
Josh,6/8/2026 9:32,5/28/2026,2026-05-28T09:30:00Z,41
Josh,6/8/2026 9:32,5/28/2026,2026-05-28T09:35:00Z,42.5
Josh,6/8/2026 9:32,5/28/2026,2026-05-28T09:40:00Z,34.6
Josh,6/8/2026 9:32,5/28/2026,2026-05-28T09:45:00Z,42
Josh,6/8/2026 9:32,5/28/2026,2026-05-28T09:55:00Z,42
Josh,6/8/2026 9:32,5/28/2026,2026-05-28T10:00:00Z,38.6
Josh,6/8/2026 9:32,5/28/2026,2026-05-28T10:05:00Z,30.1
Josh,6/8/2026 9:32,5/28/2026,2026-05-28T10:15:00Z,33.4
Josh,6/8/2026 9:32,5/28/2026,2026-05-28T10:25:00Z,35.7
Josh,6/8/2026 9:32,5/28/2026,2026-05-28T10:30:00Z,35.1
Josh,6/8/2026 9:32,5/28/2026,2026-05-28T10:35:00Z,35.3
Josh,6/8/2026 9:32,5/28/2026,2026-05-28T10:40:00Z,31.3
Josh,6/8/2026 9:32,5/28/2026,2026-05-28T10:55:00Z,25.5
Josh,6/8/2026 9:32,5/28/2026,2026-05-28T11:00:00Z,41.6
Josh,6/8/2026 9:32,5/28/2026,2026-05-28T11:05:00Z,32.9
Josh,6/8/2026 9:32,5/28/2026,2026-05-28T11:10:00Z,29.1
Josh,6/8/2026 9:32,5/28/2026,2026-05-28T11:15:00Z,39
Josh,6/8/2026 9:32,5/28/2026,2026-05-28T11:20:00Z,29.7
Josh,6/8/2026 9:32,5/28/2026,2026-05-28T11:25:00Z,37.2
Josh,6/8/2026 9:32,5/28/2026,2026-05-28T11:35:00Z,47.1
Josh,6/8/2026 9:32,5/28/2026,2026-05-28T11:45:00Z,35.1
Josh,6/8/2026 9:32,5/28/2026,2026-05-28T11:50:00Z,42.1
Josh,6/8/2026 9:32,5/28/2026,2026-05-28T11:55:00Z,37.3
Josh,6/8/2026 9:32,5/28/2026,2026-05-28T13:15:00Z,31
Josh,6/8/2026 9:32,5/28/2026,2026-05-28T13:25:00Z,33.1
Josh,6/8/2026 9:32,5/28/2026,2026-05-28T13:35:00Z,38.4
Josh,6/8/2026 9:32,5/28/2026,2026-05-28T13:40:00Z,38.8
Josh,6/8/2026 9:32,5/28/2026,2026-05-28T13:45:00Z,37.4
Josh,6/8/2026 9:32,5/28/2026,2026-05-28T13:50:00Z,42.9
Josh,6/8/2026 9:32,5/28/2026,2026-05-28T14:05:00Z,35.2
Josh,6/8/2026 9:32,5/28/2026,2026-05-28T14:15:00Z,32.1
Josh,6/8/2026 9:32,5/28/2026,2026-05-28T14:20:00Z,37
Josh,6/8/2026 9:32,5/28/2026,2026-05-28T14:25:00Z,34.5
Josh,6/8/2026 9:32,5/28/2026,2026-05-28T14:35:00Z,36.3
Josh,6/8/2026 9:32,5/28/2026,2026-05-28T14:40:00Z,40
Josh,6/8/2026 9:32,5/28/2026,2026-05-28T14:45:00Z,39
Josh,6/8/2026 9:32,5/28/2026,2026-05-28T14:50:00Z,40.5
Josh,6/8/2026 9:32,5/28/2026,2026-05-28T14:55:00Z,31
Josh,6/8/2026 9:32,5/28/2026,2026-05-28T15:00:00Z,35.6
Josh,6/8/2026 9:32,5/28/2026,2026-05-28T15:10:00Z,42.9
Josh,6/8/2026 9:32,5/28/2026,2026-05-28T15:15:00Z,32.6
Josh,6/8/2026 9:32,5/28/2026,2026-05-28T15:20:00Z,38.6
Josh,6/8/2026 9:32,5/28/2026,2026-05-28T15:25:00Z,34.8
Josh,6/8/2026 9:32,5/28/2026,2026-05-28T15:30:00Z,41.2
Josh,6/8/2026 9:32,5/28/2026,2026-05-28T15:35:00Z,45.2
Josh,6/8/2026 9:32,5/28/2026,2026-05-28T15:40:00Z,32.2
Josh,6/8/2026 9:32,5/28/2026,2026-05-28T15:50:00Z,41
Josh,6/8/2026 9:32,5/28/2026,2026-05-28T16:00:00Z,41
Josh,6/8/2026 9:32,5/28/2026,2026-05-28T16:05:00Z,40.4
Josh,6/8/2026 9:32,5/28/2026,2026-05-28T16:15:00Z,40.3
Josh,6/8/2026 9:32,5/28/2026,2026-05-28T16:20:00Z,36.5
Josh,6/8/2026 9:32,5/28/2026,2026-05-28T16:30:00Z,37.1
Josh,6/8/2026 9:32,5/28/2026,2026-05-28T16:35:00Z,30.4
Josh,6/8/2026 9:32,5/28/2026,2026-05-28T16:45:00Z,32.2
Josh,6/8/2026 9:32,5/28/2026,2026-05-28T17:00:00Z,39.7
Josh,6/8/2026 9:32,5/28/2026,2026-05-28T17:10:00Z,36.5
Josh,6/8/2026 9:32,5/28/2026,2026-05-28T17:20:00Z,39.5
Josh,6/8/2026 9:32,5/28/2026,2026-05-28T17:25:00Z,40.5
Josh,6/8/2026 9:32,5/28/2026,2026-05-28T19:00:00Z,32.1
Josh,6/8/2026 9:32,5/28/2026,2026-05-28T19:25:00Z,35
Josh,6/8/2026 9:32,5/28/2026,2026-05-28T19:30:00Z,38.2
Josh,6/8/2026 9:32,5/28/2026,2026-05-28T19:50:00Z,33.7
Josh,6/8/2026 9:32,5/28/2026,2026-05-28T19:55:00Z,39.3
Josh,6/8/2026 9:32,5/28/2026,2026-05-28T20:00:00Z,29.4
Josh,6/8/2026 9:32,5/28/2026,2026-05-28T20:15:00Z,33.3
Josh,6/8/2026 9:32,5/28/2026,2026-05-28T20:25:00Z,41
Josh,6/8/2026 9:32,5/28/2026,2026-05-28T20:50:00Z,33.9
Josh,6/8/2026 9:32,5/28/2026,2026-05-28T20:55:00Z,39.3
Josh,6/8/2026 9:32,5/28/2026,2026-05-28T21:00:00Z,34.6
Josh,6/8/2026 9:32,5/28/2026,2026-05-28T21:05:00Z,40.4
Josh,6/8/2026 9:32,5/28/2026,2026-05-28T21:10:00Z,36.6
Josh,6/8/2026 9:32,5/28/2026,2026-05-28T21:25:00Z,32.6
Josh,6/8/2026 9:32,5/28/2026,2026-05-28T21:30:00Z,42.3
Josh,6/8/2026 9:32,5/28/2026,2026-05-28T21:40:00Z,41.4
Josh,6/8/2026 9:32,5/28/2026,2026-05-28T21:45:00Z,34.4
Josh,6/8/2026 9:32,5/28/2026,2026-05-28T21:50:00Z,34.5
Josh,6/8/2026 9:32,5/28/2026,2026-05-28T21:55:00Z,45.1
Josh,6/8/2026 9:32,5/28/2026,2026-05-28T22:00:00Z,31.6
Josh,6/8/2026 9:32,5/28/2026,2026-05-28T22:05:00Z,41.3
Josh,6/8/2026 9:32,5/28/2026,2026-05-28T22:10:00Z,46
Josh,6/8/2026 9:32,5/28/2026,2026-05-28T22:25:00Z,35.3
Josh,6/8/2026 9:32,5/28/2026,2026-05-28T22:30:00Z,30.1
Josh,6/8/2026 9:32,5/28/2026,2026-05-28T22:35:00Z,32.7
Josh,6/8/2026 9:32,5/28/2026,2026-05-28T22:45:00Z,36.4
Josh,6/8/2026 9:32,5/28/2026,2026-05-28T23:00:00Z,31.8
Josh,6/8/2026 9:32,5/28/2026,2026-05-28T23:05:00Z,33.9
Josh,6/8/2026 9:32,5/28/2026,2026-05-28T23:15:00Z,28.3
Josh,6/8/2026 9:32,5/28/2026,2026-05-28T23:20:00Z,40.3
Josh,6/8/2026 9:32,5/28/2026,2026-05-28T23:30:00Z,42.7
Josh,6/8/2026 9:32,5/28/2026,2026-05-28T23:50:00Z,31.6
Josh,6/8/2026 9:32,5/28/2026,2026-05-28T23:55:00Z,42.1
Josh,6/8/2026 9:32,5/29/2026,2026-05-29T00:00:00Z,53.9
Josh,6/8/2026 9:32,5/29/2026,2026-05-29T00:05:00Z,50.1
Josh,6/8/2026 9:32,5/29/2026,2026-05-29T00:10:00Z,46.6
Josh,6/8/2026 9:32,5/29/2026,2026-05-29T00:15:00Z,53.9
Josh,6/8/2026 9:32,5/29/2026,2026-05-29T00:20:00Z,57.4
Josh,6/8/2026 9:32,5/29/2026,2026-05-29T00:25:00Z,54.5
Josh,6/8/2026 9:32,5/29/2026,2026-05-29T00:30:00Z,61
Josh,6/8/2026 9:32,5/29/2026,2026-05-29T00:35:00Z,59.1
Josh,6/8/2026 9:32,5/29/2026,2026-05-29T00:40:00Z,60.8
Josh,6/8/2026 9:32,5/29/2026,2026-05-29T00:45:00Z,58.5
Josh,6/8/2026 9:32,5/29/2026,2026-05-29T00:50:00Z,58.5
Josh,6/8/2026 9:32,5/29/2026,2026-05-29T00:55:00Z,62.7
Josh,6/8/2026 9:32,5/29/2026,2026-05-29T01:00:00Z,55.6
Josh,6/8/2026 9:32,5/29/2026,2026-05-29T01:05:00Z,59.8
Josh,6/8/2026 9:32,5/29/2026,2026-05-29T01:10:00Z,66.3
Josh,6/8/2026 9:32,5/29/2026,2026-05-29T01:15:00Z,66.3
Josh,6/8/2026 9:32,5/29/2026,2026-05-29T01:20:00Z,67.3
Josh,6/8/2026 9:32,5/29/2026,2026-05-29T01:25:00Z,59.6
Josh,6/8/2026 9:32,5/29/2026,2026-05-29T01:30:00Z,68.6
Josh,6/8/2026 9:32,5/29/2026,2026-05-29T01:35:00Z,65.6
Josh,6/8/2026 9:32,5/29/2026,2026-05-29T01:40:00Z,65.3
Josh,6/8/2026 9:32,5/29/2026,2026-05-29T01:45:00Z,72.9
Josh,6/8/2026 9:32,5/29/2026,2026-05-29T01:50:00Z,64.8
Josh,6/8/2026 9:32,5/29/2026,2026-05-29T01:55:00Z,60.6
Josh,6/8/2026 9:32,5/29/2026,2026-05-29T02:00:00Z,60.4
Josh,6/8/2026 9:32,5/29/2026,2026-05-29T02:05:00Z,71.1
Josh,6/8/2026 9:32,5/29/2026,2026-05-29T02:10:00Z,63.9
Josh,6/8/2026 9:32,5/29/2026,2026-05-29T02:15:00Z,64
Josh,6/8/2026 9:32,5/29/2026,2026-05-29T02:20:00Z,53.3
Josh,6/8/2026 9:32,5/29/2026,2026-05-29T02:25:00Z,65.9
Josh,6/8/2026 9:32,5/29/2026,2026-05-29T02:30:00Z,59.7
Josh,6/8/2026 9:32,5/29/2026,2026-05-29T02:35:00Z,57.3
Josh,6/8/2026 9:32,5/29/2026,2026-05-29T02:40:00Z,73
Josh,6/8/2026 9:32,5/29/2026,2026-05-29T02:45:00Z,63.6
Josh,6/8/2026 9:32,5/29/2026,2026-05-29T02:50:00Z,62.6
Josh,6/8/2026 9:32,5/29/2026,2026-05-29T02:55:00Z,69.8
Josh,6/8/2026 9:32,5/29/2026,2026-05-29T03:00:00Z,62.9
Josh,6/8/2026 9:32,5/29/2026,2026-05-29T03:05:00Z,63.9
Josh,6/8/2026 9:32,5/29/2026,2026-05-29T03:10:00Z,67
Josh,6/8/2026 9:32,5/29/2026,2026-05-29T03:15:00Z,55.2
Josh,6/8/2026 9:32,5/29/2026,2026-05-29T03:20:00Z,59.4
Josh,6/8/2026 9:32,5/29/2026,2026-05-29T03:25:00Z,70.2
Josh,6/8/2026 9:32,5/29/2026,2026-05-29T03:30:00Z,64.3
Josh,6/8/2026 9:32,5/29/2026,2026-05-29T03:35:00Z,71.1
Josh,6/8/2026 9:32,5/29/2026,2026-05-29T03:40:00Z,75.4
Josh,6/8/2026 9:32,5/29/2026,2026-05-29T03:45:00Z,62.3
Josh,6/8/2026 9:32,5/29/2026,2026-05-29T03:50:00Z,61.5
Josh,6/8/2026 9:32,5/29/2026,2026-05-29T03:55:00Z,64.8
Josh,6/8/2026 9:32,5/29/2026,2026-05-29T04:00:00Z,58.3
Josh,6/8/2026 9:32,5/29/2026,2026-05-29T04:05:00Z,72
Josh,6/8/2026 9:32,5/29/2026,2026-05-29T04:10:00Z,67.6
Josh,6/8/2026 9:32,5/29/2026,2026-05-29T04:15:00Z,66.4
Josh,6/8/2026 9:32,5/29/2026,2026-05-29T04:20:00Z,60.1
Josh,6/8/2026 9:32,5/29/2026,2026-05-29T04:25:00Z,67.6
Josh,6/8/2026 9:32,5/29/2026,2026-05-29T04:30:00Z,70.5
Josh,6/8/2026 9:32,5/29/2026,2026-05-29T04:35:00Z,58.5
Josh,6/8/2026 9:32,5/29/2026,2026-05-29T04:40:00Z,61.9
Josh,6/8/2026 9:32,5/29/2026,2026-05-29T04:45:00Z,62.2
Josh,6/8/2026 9:32,5/29/2026,2026-05-29T04:50:00Z,59.2
Josh,6/8/2026 9:32,5/29/2026,2026-05-29T04:55:00Z,56.1
Josh,6/8/2026 9:32,5/29/2026,2026-05-29T05:00:00Z,61.4
Josh,6/8/2026 9:32,5/29/2026,2026-05-29T05:05:00Z,62.4
Josh,6/8/2026 9:32,5/29/2026,2026-05-29T05:10:00Z,60.8
Josh,6/8/2026 9:32,5/29/2026,2026-05-29T05:15:00Z,53
Josh,6/8/2026 9:32,5/29/2026,2026-05-29T05:20:00Z,52.6
Josh,6/8/2026 9:32,5/29/2026,2026-05-29T05:25:00Z,59.6
Josh,6/8/2026 9:32,5/29/2026,2026-05-29T05:30:00Z,50.9
Josh,6/8/2026 9:32,5/29/2026,2026-05-29T05:35:00Z,55
Josh,6/8/2026 9:32,5/29/2026,2026-05-29T05:40:00Z,51.6
Josh,6/8/2026 9:32,5/29/2026,2026-05-29T05:45:00Z,51.3
Josh,6/8/2026 9:32,5/29/2026,2026-05-29T05:50:00Z,48
Josh,6/8/2026 9:32,5/29/2026,2026-05-29T05:55:00Z,52.4
Josh,6/8/2026 9:32,5/29/2026,2026-05-29T06:00:00Z,49.9
Josh,6/8/2026 9:32,5/29/2026,2026-05-29T06:05:00Z,46.7
Josh,6/8/2026 9:32,5/29/2026,2026-05-29T06:10:00Z,50.7
Josh,6/8/2026 9:32,5/29/2026,2026-05-29T06:15:00Z,53.8
Josh,6/8/2026 9:32,5/29/2026,2026-05-29T06:20:00Z,52.9
Josh,6/8/2026 9:32,5/29/2026,2026-05-29T06:25:00Z,44.6
Josh,6/8/2026 9:32,5/29/2026,2026-05-29T06:30:00Z,42.8
Josh,6/8/2026 9:32,5/29/2026,2026-05-29T06:35:00Z,36.1
Josh,6/8/2026 9:32,5/29/2026,2026-05-29T06:40:00Z,42.8
Josh,6/8/2026 9:32,5/29/2026,2026-05-29T06:45:00Z,45.5
Josh,6/8/2026 9:32,5/29/2026,2026-05-29T06:50:00Z,41.7
Josh,6/8/2026 9:32,5/29/2026,2026-05-29T06:55:00Z,36.7
Josh,6/8/2026 9:32,5/29/2026,2026-05-29T07:00:00Z,37.4
Josh,6/8/2026 9:32,5/29/2026,2026-05-29T07:05:00Z,35
Josh,6/8/2026 9:32,5/29/2026,2026-05-29T07:10:00Z,42.4
Josh,6/8/2026 9:32,5/29/2026,2026-05-29T07:15:00Z,33.5
Josh,6/8/2026 9:32,5/29/2026,2026-05-29T07:20:00Z,39.9
Josh,6/8/2026 9:32,5/29/2026,2026-05-29T07:25:00Z,34.8
Josh,6/8/2026 9:32,5/29/2026,2026-05-29T07:30:00Z,34.7
Josh,6/8/2026 9:32,5/29/2026,2026-05-29T07:35:00Z,29.2
Josh,6/8/2026 9:32,5/29/2026,2026-05-29T07:40:00Z,45.1
Josh,6/8/2026 9:32,5/29/2026,2026-05-29T07:45:00Z,36.6
Josh,6/8/2026 9:32,5/29/2026,2026-05-29T07:50:00Z,35.2
Josh,6/8/2026 9:32,5/29/2026,2026-05-29T08:00:00Z,28.5
Josh,6/8/2026 9:32,5/29/2026,2026-05-29T08:05:00Z,36.4
Josh,6/8/2026 9:32,5/29/2026,2026-05-29T08:55:00Z,29.4
Josh,6/8/2026 9:32,5/29/2026,2026-05-29T09:00:00Z,34.1
Josh,6/8/2026 9:32,5/29/2026,2026-05-29T09:05:00Z,36.7
Josh,6/8/2026 9:32,5/29/2026,2026-05-29T09:10:00Z,33.3
Josh,6/8/2026 9:32,5/29/2026,2026-05-29T09:15:00Z,42.7
Josh,6/8/2026 9:32,5/29/2026,2026-05-29T09:20:00Z,41.9
Josh,6/8/2026 9:32,5/29/2026,2026-05-29T09:35:00Z,38.5
Josh,6/8/2026 9:32,5/29/2026,2026-05-29T09:45:00Z,39.8
Josh,6/8/2026 9:32,5/29/2026,2026-05-29T09:50:00Z,36.2
Josh,6/8/2026 9:32,5/29/2026,2026-05-29T10:20:00Z,50.4
Josh,6/8/2026 9:32,5/29/2026,2026-05-29T10:25:00Z,40.9
Josh,6/8/2026 9:32,5/29/2026,2026-05-29T10:35:00Z,33.4
Josh,6/8/2026 9:32,5/29/2026,2026-05-29T10:40:00Z,36.9
Josh,6/8/2026 9:32,5/29/2026,2026-05-29T10:50:00Z,41.7
Josh,6/8/2026 9:32,5/29/2026,2026-05-29T11:05:00Z,33.7
Josh,6/8/2026 9:32,5/29/2026,2026-05-29T11:10:00Z,46.5
Josh,6/8/2026 9:32,5/29/2026,2026-05-29T11:20:00Z,43.3
Josh,6/8/2026 9:32,5/29/2026,2026-05-29T11:25:00Z,42.3
Josh,6/8/2026 9:32,5/29/2026,2026-05-29T11:30:00Z,29.9
Josh,6/8/2026 9:32,5/29/2026,2026-05-29T11:35:00Z,33.6
Josh,6/8/2026 9:32,5/29/2026,2026-05-29T11:45:00Z,41.7
Josh,6/8/2026 9:32,5/29/2026,2026-05-29T11:50:00Z,33
Josh,6/8/2026 9:32,5/29/2026,2026-05-29T13:10:00Z,30.2
Josh,6/8/2026 9:32,5/29/2026,2026-05-29T13:15:00Z,30.2
Josh,6/8/2026 9:32,5/29/2026,2026-05-29T13:30:00Z,34.3
Josh,6/8/2026 9:32,5/29/2026,2026-05-29T13:35:00Z,31.1
Josh,6/8/2026 9:32,5/29/2026,2026-05-29T13:40:00Z,37.3
Josh,6/8/2026 9:32,5/29/2026,2026-05-29T14:00:00Z,36.3
Josh,6/8/2026 9:32,5/29/2026,2026-05-29T14:20:00Z,28.1
Josh,6/8/2026 9:32,5/29/2026,2026-05-29T14:40:00Z,40.5
Josh,6/8/2026 9:32,5/29/2026,2026-05-29T14:45:00Z,38.8
Josh,6/8/2026 9:32,5/29/2026,2026-05-29T14:50:00Z,39.3
Josh,6/8/2026 9:32,5/29/2026,2026-05-29T15:00:00Z,38
Josh,6/8/2026 9:32,5/29/2026,2026-05-29T15:05:00Z,29.3
Josh,6/8/2026 9:32,5/29/2026,2026-05-29T15:10:00Z,41.3
Josh,6/8/2026 9:32,5/29/2026,2026-05-29T15:20:00Z,36.3
Josh,6/8/2026 9:32,5/29/2026,2026-05-29T15:25:00Z,45.4
Josh,6/8/2026 9:32,5/29/2026,2026-05-29T15:45:00Z,36.4
Josh,6/8/2026 9:32,5/29/2026,2026-05-29T15:50:00Z,36.1
Josh,6/8/2026 9:32,5/29/2026,2026-05-29T15:55:00Z,33.9
Josh,6/8/2026 9:32,5/29/2026,2026-05-29T16:25:00Z,40.7
Josh,6/8/2026 9:32,5/29/2026,2026-05-29T16:30:00Z,36.8
Josh,6/8/2026 9:32,5/29/2026,2026-05-29T16:35:00Z,37.7
Josh,6/8/2026 9:32,5/29/2026,2026-05-29T16:40:00Z,30
Josh,6/8/2026 9:32,5/29/2026,2026-05-29T16:50:00Z,43.1
Josh,6/8/2026 9:32,5/29/2026,2026-05-29T16:55:00Z,35.3
Josh,6/8/2026 9:32,5/29/2026,2026-05-29T17:05:00Z,28.4
Josh,6/8/2026 9:32,5/29/2026,2026-05-29T17:15:00Z,34.3
Josh,6/8/2026 9:32,5/29/2026,2026-05-29T19:10:00Z,28.2
Josh,6/8/2026 9:32,5/29/2026,2026-05-29T19:30:00Z,37.7
Josh,6/8/2026 9:32,5/29/2026,2026-05-29T19:40:00Z,35
Josh,6/8/2026 9:32,5/29/2026,2026-05-29T19:50:00Z,32.5
Josh,6/8/2026 9:32,5/29/2026,2026-05-29T19:55:00Z,34.9
Josh,6/8/2026 9:32,5/29/2026,2026-05-29T20:25:00Z,37.1
Josh,6/8/2026 9:32,5/29/2026,2026-05-29T20:30:00Z,34.9
Josh,6/8/2026 9:32,5/29/2026,2026-05-29T20:35:00Z,41
Josh,6/8/2026 9:32,5/29/2026,2026-05-29T20:45:00Z,40.3
Josh,6/8/2026 9:32,5/29/2026,2026-05-29T20:50:00Z,31.8
Josh,6/8/2026 9:32,5/29/2026,2026-05-29T21:15:00Z,31
Josh,6/8/2026 9:32,5/29/2026,2026-05-29T21:20:00Z,35.2
Josh,6/8/2026 9:32,5/29/2026,2026-05-29T21:25:00Z,32.2
Josh,6/8/2026 9:32,5/29/2026,2026-05-29T21:30:00Z,35.1
Josh,6/8/2026 9:32,5/29/2026,2026-05-29T21:35:00Z,37.6
Josh,6/8/2026 9:32,5/29/2026,2026-05-29T21:40:00Z,32.9
Josh,6/8/2026 9:32,5/29/2026,2026-05-29T21:45:00Z,31.9
Josh,6/8/2026 9:32,5/29/2026,2026-05-29T21:50:00Z,38
Josh,6/8/2026 9:32,5/29/2026,2026-05-29T22:00:00Z,45.7
Josh,6/8/2026 9:32,5/29/2026,2026-05-29T22:15:00Z,41.1
Josh,6/8/2026 9:32,5/29/2026,2026-05-29T22:25:00Z,39.7
Josh,6/8/2026 9:32,5/29/2026,2026-05-29T22:40:00Z,34
Josh,6/8/2026 9:32,5/29/2026,2026-05-29T22:45:00Z,31.9
Josh,6/8/2026 9:32,5/29/2026,2026-05-29T23:00:00Z,36.1
Josh,6/8/2026 9:32,5/29/2026,2026-05-29T23:15:00Z,30.5
Josh,6/8/2026 9:32,5/29/2026,2026-05-29T23:20:00Z,39.9
Josh,6/8/2026 9:32,5/29/2026,2026-05-29T23:25:00Z,36.9
Josh,6/8/2026 9:32,5/29/2026,2026-05-29T23:30:00Z,30.6
Josh,6/8/2026 9:32,5/29/2026,2026-05-29T23:40:00Z,32.7
Josh,6/8/2026 9:32,5/29/2026,2026-05-29T23:50:00Z,39.5
Josh,6/8/2026 9:32,5/29/2026,2026-05-29T23:55:00Z,33.4
Josh,6/8/2026 9:32,5/30/2026,2026-05-30T00:00:00Z,49.4
Josh,6/8/2026 9:32,5/30/2026,2026-05-30T00:05:00Z,52.5
Josh,6/8/2026 9:32,5/30/2026,2026-05-30T00:10:00Z,52
Josh,6/8/2026 9:32,5/30/2026,2026-05-30T00:15:00Z,48.9
Josh,6/8/2026 9:32,5/30/2026,2026-05-30T00:20:00Z,53.7
Josh,6/8/2026 9:32,5/30/2026,2026-05-30T00:25:00Z,50.6
Josh,6/8/2026 9:32,5/30/2026,2026-05-30T00:30:00Z,47
Josh,6/8/2026 9:32,5/30/2026,2026-05-30T00:35:00Z,55.9
Josh,6/8/2026 9:32,5/30/2026,2026-05-30T00:40:00Z,56.3
Josh,6/8/2026 9:32,5/30/2026,2026-05-30T00:45:00Z,62.6
Josh,6/8/2026 9:32,5/30/2026,2026-05-30T00:50:00Z,59.2
Josh,6/8/2026 9:32,5/30/2026,2026-05-30T00:55:00Z,54.4
Josh,6/8/2026 9:32,5/30/2026,2026-05-30T01:00:00Z,63.6
Josh,6/8/2026 9:32,5/30/2026,2026-05-30T01:05:00Z,65.4
Josh,6/8/2026 9:32,5/30/2026,2026-05-30T01:10:00Z,55.4
Josh,6/8/2026 9:32,5/30/2026,2026-05-30T01:15:00Z,62.3
Josh,6/8/2026 9:32,5/30/2026,2026-05-30T01:20:00Z,64.9
Josh,6/8/2026 9:32,5/30/2026,2026-05-30T01:25:00Z,65
Josh,6/8/2026 9:32,5/30/2026,2026-05-30T01:30:00Z,70.7
Josh,6/8/2026 9:32,5/30/2026,2026-05-30T01:35:00Z,56.8
Josh,6/8/2026 9:32,5/30/2026,2026-05-30T01:40:00Z,64.1
Josh,6/8/2026 9:32,5/30/2026,2026-05-30T01:45:00Z,66.4
Josh,6/8/2026 9:32,5/30/2026,2026-05-30T01:50:00Z,71.9
Josh,6/8/2026 9:32,5/30/2026,2026-05-30T01:55:00Z,69.9
Josh,6/8/2026 9:32,5/30/2026,2026-05-30T02:00:00Z,73.3
Josh,6/8/2026 9:32,5/30/2026,2026-05-30T02:05:00Z,64.9
Josh,6/8/2026 9:32,5/30/2026,2026-05-30T02:10:00Z,62.3
Josh,6/8/2026 9:32,5/30/2026,2026-05-30T02:15:00Z,66.7
Josh,6/8/2026 9:32,5/30/2026,2026-05-30T02:20:00Z,60.9
Josh,6/8/2026 9:32,5/30/2026,2026-05-30T02:25:00Z,63
Josh,6/8/2026 9:32,5/30/2026,2026-05-30T02:30:00Z,64
Josh,6/8/2026 9:32,5/30/2026,2026-05-30T02:35:00Z,54.7
Josh,6/8/2026 9:32,5/30/2026,2026-05-30T02:40:00Z,59.7
Josh,6/8/2026 9:32,5/30/2026,2026-05-30T02:45:00Z,72.6
Josh,6/8/2026 9:32,5/30/2026,2026-05-30T02:50:00Z,57.6
Josh,6/8/2026 9:32,5/30/2026,2026-05-30T02:55:00Z,66.9
Josh,6/8/2026 9:32,5/30/2026,2026-05-30T03:00:00Z,75
Josh,6/8/2026 9:32,5/30/2026,2026-05-30T03:05:00Z,68.3
Josh,6/8/2026 9:32,5/30/2026,2026-05-30T03:10:00Z,70.4
Josh,6/8/2026 9:32,5/30/2026,2026-05-30T03:15:00Z,58.5
Josh,6/8/2026 9:32,5/30/2026,2026-05-30T03:20:00Z,77
Josh,6/8/2026 9:32,5/30/2026,2026-05-30T03:25:00Z,69.7
Josh,6/8/2026 9:32,5/30/2026,2026-05-30T03:30:00Z,66.9
Josh,6/8/2026 9:32,5/30/2026,2026-05-30T03:35:00Z,67.7
Josh,6/8/2026 9:32,5/30/2026,2026-05-30T03:40:00Z,64.6
Josh,6/8/2026 9:32,5/30/2026,2026-05-30T03:45:00Z,65.9
Josh,6/8/2026 9:32,5/30/2026,2026-05-30T03:50:00Z,56.8
Josh,6/8/2026 9:32,5/30/2026,2026-05-30T03:55:00Z,60.4
Josh,6/8/2026 9:32,5/30/2026,2026-05-30T04:00:00Z,70.1
Josh,6/8/2026 9:32,5/30/2026,2026-05-30T04:05:00Z,66.2
Josh,6/8/2026 9:32,5/30/2026,2026-05-30T04:10:00Z,70.8
Josh,6/8/2026 9:32,5/30/2026,2026-05-30T04:15:00Z,61.2
Josh,6/8/2026 9:32,5/30/2026,2026-05-30T04:20:00Z,66.4
Josh,6/8/2026 9:32,5/30/2026,2026-05-30T04:25:00Z,64.8
Josh,6/8/2026 9:32,5/30/2026,2026-05-30T04:30:00Z,71.6
Josh,6/8/2026 9:32,5/30/2026,2026-05-30T04:35:00Z,64.2
Josh,6/8/2026 9:32,5/30/2026,2026-05-30T04:40:00Z,58.6
Josh,6/8/2026 9:32,5/30/2026,2026-05-30T04:45:00Z,63.7
Josh,6/8/2026 9:32,5/30/2026,2026-05-30T04:50:00Z,65
Josh,6/8/2026 9:32,5/30/2026,2026-05-30T04:55:00Z,62.3
Josh,6/8/2026 9:32,5/30/2026,2026-05-30T05:00:00Z,62
Josh,6/8/2026 9:32,5/30/2026,2026-05-30T05:05:00Z,65
Josh,6/8/2026 9:32,5/30/2026,2026-05-30T05:10:00Z,59.6
Josh,6/8/2026 9:32,5/30/2026,2026-05-30T05:15:00Z,58.1
Josh,6/8/2026 9:32,5/30/2026,2026-05-30T05:20:00Z,62.3
Josh,6/8/2026 9:32,5/30/2026,2026-05-30T05:25:00Z,59.1
Josh,6/8/2026 9:32,5/30/2026,2026-05-30T05:30:00Z,57.7
Josh,6/8/2026 9:32,5/30/2026,2026-05-30T05:35:00Z,52.4
Josh,6/8/2026 9:32,5/30/2026,2026-05-30T05:40:00Z,53.2
Josh,6/8/2026 9:32,5/30/2026,2026-05-30T05:45:00Z,52
Josh,6/8/2026 9:32,5/30/2026,2026-05-30T05:50:00Z,59.1
Josh,6/8/2026 9:32,5/30/2026,2026-05-30T05:55:00Z,52.5
Josh,6/8/2026 9:32,5/30/2026,2026-05-30T06:00:00Z,61.2
Josh,6/8/2026 9:32,5/30/2026,2026-05-30T06:05:00Z,55.4
Josh,6/8/2026 9:32,5/30/2026,2026-05-30T06:10:00Z,51.8
Josh,6/8/2026 9:32,5/30/2026,2026-05-30T06:15:00Z,51.6
Josh,6/8/2026 9:32,5/30/2026,2026-05-30T06:20:00Z,51.7
Josh,6/8/2026 9:32,5/30/2026,2026-05-30T06:25:00Z,50.3
Josh,6/8/2026 9:32,5/30/2026,2026-05-30T06:30:00Z,52.1
Josh,6/8/2026 9:32,5/30/2026,2026-05-30T06:35:00Z,38.8
Josh,6/8/2026 9:32,5/30/2026,2026-05-30T06:40:00Z,51.6
Josh,6/8/2026 9:32,5/30/2026,2026-05-30T06:45:00Z,51.6
Josh,6/8/2026 9:32,5/30/2026,2026-05-30T06:50:00Z,44.4
Josh,6/8/2026 9:32,5/30/2026,2026-05-30T06:55:00Z,43.7
Josh,6/8/2026 9:32,5/30/2026,2026-05-30T07:00:00Z,46.1
Josh,6/8/2026 9:32,5/30/2026,2026-05-30T07:05:00Z,47.4
Josh,6/8/2026 9:32,5/30/2026,2026-05-30T07:10:00Z,39.2
Josh,6/8/2026 9:32,5/30/2026,2026-05-30T07:15:00Z,41.7
Josh,6/8/2026 9:32,5/30/2026,2026-05-30T07:20:00Z,49.8
Josh,6/8/2026 9:32,5/30/2026,2026-05-30T07:25:00Z,34
Josh,6/8/2026 9:32,5/30/2026,2026-05-30T07:30:00Z,45.6
Josh,6/8/2026 9:32,5/30/2026,2026-05-30T07:35:00Z,36.8
Josh,6/8/2026 9:32,5/30/2026,2026-05-30T07:40:00Z,37.3
Josh,6/8/2026 9:32,5/30/2026,2026-05-30T07:45:00Z,35.8
Josh,6/8/2026 9:32,5/30/2026,2026-05-30T07:50:00Z,37.2
Josh,6/8/2026 9:32,5/30/2026,2026-05-30T07:55:00Z,40.1
Josh,6/8/2026 9:32,5/30/2026,2026-05-30T08:00:00Z,38.8
Josh,6/8/2026 9:32,5/30/2026,2026-05-30T08:05:00Z,37.2
Josh,6/8/2026 9:32,5/30/2026,2026-05-30T08:40:00Z,35.8
Josh,6/8/2026 9:32,5/30/2026,2026-05-30T08:45:00Z,36.8
Josh,6/8/2026 9:32,5/30/2026,2026-05-30T08:55:00Z,32.8
Josh,6/8/2026 9:32,5/30/2026,2026-05-30T10:50:00Z,32.8
Josh,6/8/2026 9:32,5/30/2026,2026-05-30T10:55:00Z,35
Josh,6/8/2026 9:32,5/30/2026,2026-05-30T11:05:00Z,34.5
Josh,6/8/2026 9:32,5/30/2026,2026-05-30T11:10:00Z,35.4
Josh,6/8/2026 9:32,5/30/2026,2026-05-30T11:15:00Z,37.9
Josh,6/8/2026 9:32,5/30/2026,2026-05-30T11:25:00Z,34
Josh,6/8/2026 9:32,5/30/2026,2026-05-30T11:30:00Z,44.5
Josh,6/8/2026 9:32,5/30/2026,2026-05-30T11:45:00Z,35.1
Josh,6/8/2026 9:32,5/30/2026,2026-05-30T11:50:00Z,39
Josh,6/8/2026 9:32,5/30/2026,2026-05-30T12:05:00Z,37.8
Josh,6/8/2026 9:32,5/30/2026,2026-05-30T12:10:00Z,33
Josh,6/8/2026 9:32,5/30/2026,2026-05-30T12:25:00Z,35.7
Josh,6/8/2026 9:32,5/30/2026,2026-05-30T12:55:00Z,44.7
Josh,6/8/2026 9:32,5/30/2026,2026-05-30T13:50:00Z,30.9
Josh,6/8/2026 9:32,5/30/2026,2026-05-30T13:55:00Z,30.5
Josh,6/8/2026 9:32,5/30/2026,2026-05-30T14:05:00Z,32.6
Josh,6/8/2026 9:32,5/30/2026,2026-05-30T14:20:00Z,38.8
Josh,6/8/2026 9:32,5/30/2026,2026-05-30T14:25:00Z,38
Josh,6/8/2026 9:32,5/30/2026,2026-05-30T14:30:00Z,33.7
Josh,6/8/2026 9:32,5/30/2026,2026-05-30T14:35:00Z,45.5
Josh,6/8/2026 9:32,5/30/2026,2026-05-30T15:00:00Z,35.8
Josh,6/8/2026 9:32,5/30/2026,2026-05-30T15:25:00Z,29.9
Josh,6/8/2026 9:32,5/30/2026,2026-05-30T15:30:00Z,32
Josh,6/8/2026 9:32,5/30/2026,2026-05-30T15:40:00Z,44.4
Josh,6/8/2026 9:32,5/30/2026,2026-05-30T15:45:00Z,40.7
Josh,6/8/2026 9:32,5/30/2026,2026-05-30T15:55:00Z,42.1
Josh,6/8/2026 9:32,5/30/2026,2026-05-30T16:05:00Z,30.8
Josh,6/8/2026 9:32,5/30/2026,2026-05-30T16:30:00Z,35.3
Josh,6/8/2026 9:32,5/30/2026,2026-05-30T16:35:00Z,36.6
Josh,6/8/2026 9:32,5/30/2026,2026-05-30T16:40:00Z,30.2
Josh,6/8/2026 9:32,5/30/2026,2026-05-30T16:50:00Z,32.2
Josh,6/8/2026 9:32,5/30/2026,2026-05-30T17:10:00Z,34.6
Josh,6/8/2026 9:32,5/30/2026,2026-05-30T17:15:00Z,31.9
Josh,6/8/2026 9:32,5/30/2026,2026-05-30T17:25:00Z,39.4
Josh,6/8/2026 9:32,5/30/2026,2026-05-30T17:55:00Z,41.1
Josh,6/8/2026 9:32,5/30/2026,2026-05-30T18:00:00Z,43.7
Josh,6/8/2026 9:32,5/30/2026,2026-05-30T18:10:00Z,34.7
Josh,6/8/2026 9:32,5/30/2026,2026-05-30T18:25:00Z,44.8
Josh,6/8/2026 9:32,5/30/2026,2026-05-30T18:40:00Z,43.5
Josh,6/8/2026 9:32,5/30/2026,2026-05-30T19:00:00Z,39.3
Josh,6/8/2026 9:32,5/30/2026,2026-05-30T19:05:00Z,32.3
Josh,6/8/2026 9:32,5/30/2026,2026-05-30T19:15:00Z,43.4
Josh,6/8/2026 9:32,5/30/2026,2026-05-30T19:20:00Z,42.5
Josh,6/8/2026 9:32,5/30/2026,2026-05-30T19:30:00Z,41.3
Josh,6/8/2026 9:32,5/30/2026,2026-05-30T19:45:00Z,33.3
Josh,6/8/2026 9:32,5/30/2026,2026-05-30T19:50:00Z,42.8
Josh,6/8/2026 9:32,5/30/2026,2026-05-30T19:55:00Z,36.8
Josh,6/8/2026 9:32,5/30/2026,2026-05-30T20:10:00Z,39.9
Josh,6/8/2026 9:32,5/30/2026,2026-05-30T20:20:00Z,32.9
Josh,6/8/2026 9:32,5/30/2026,2026-05-30T20:25:00Z,36.7
Josh,6/8/2026 9:32,5/30/2026,2026-05-30T20:30:00Z,46.2
Josh,6/8/2026 9:32,5/30/2026,2026-05-30T20:55:00Z,42.6
Josh,6/8/2026 9:32,5/30/2026,2026-05-30T21:00:00Z,33.8
Josh,6/8/2026 9:32,5/30/2026,2026-05-30T21:15:00Z,34.2
Josh,6/8/2026 9:32,5/30/2026,2026-05-30T21:35:00Z,40.2
Josh,6/8/2026 9:32,5/30/2026,2026-05-30T21:45:00Z,41.9
Josh,6/8/2026 9:32,5/30/2026,2026-05-30T21:50:00Z,47.3
Josh,6/8/2026 9:32,5/30/2026,2026-05-30T22:05:00Z,31.6
Josh,6/8/2026 9:32,5/30/2026,2026-05-30T22:10:00Z,29.5
Josh,6/8/2026 9:32,5/30/2026,2026-05-30T22:15:00Z,29.7
Josh,6/8/2026 9:32,5/30/2026,2026-05-30T22:35:00Z,35.3
Josh,6/8/2026 9:32,5/30/2026,2026-05-30T22:40:00Z,30.5
Josh,6/8/2026 9:32,5/30/2026,2026-05-30T22:45:00Z,39.4
Josh,6/8/2026 9:32,5/30/2026,2026-05-30T23:05:00Z,26.5
Josh,6/8/2026 9:32,5/30/2026,2026-05-30T23:10:00Z,35.6
Josh,6/8/2026 9:32,5/30/2026,2026-05-30T23:15:00Z,39.5
Josh,6/8/2026 9:32,5/30/2026,2026-05-30T23:20:00Z,36.7
Josh,6/8/2026 9:32,5/30/2026,2026-05-30T23:40:00Z,36.4
Josh,6/8/2026 9:32,5/30/2026,2026-05-30T23:45:00Z,33.4
Josh,6/8/2026 9:32,5/31/2026,2026-05-31T00:00:00Z,45.2
Josh,6/8/2026 9:32,5/31/2026,2026-05-31T00:05:00Z,55.4
Josh,6/8/2026 9:32,5/31/2026,2026-05-31T00:10:00Z,54.4
Josh,6/8/2026 9:32,5/31/2026,2026-05-31T00:15:00Z,51.4
Josh,6/8/2026 9:32,5/31/2026,2026-05-31T00:20:00Z,53.9
Josh,6/8/2026 9:32,5/31/2026,2026-05-31T00:25:00Z,52.5
Josh,6/8/2026 9:32,5/31/2026,2026-05-31T00:30:00Z,51.2
Josh,6/8/2026 9:32,5/31/2026,2026-05-31T00:35:00Z,55.2
Josh,6/8/2026 9:32,5/31/2026,2026-05-31T00:40:00Z,59.7
Josh,6/8/2026 9:32,5/31/2026,2026-05-31T00:45:00Z,55
Josh,6/8/2026 9:32,5/31/2026,2026-05-31T00:50:00Z,55.4
Josh,6/8/2026 9:32,5/31/2026,2026-05-31T00:55:00Z,52.1
Josh,6/8/2026 9:32,5/31/2026,2026-05-31T01:00:00Z,56.4
Josh,6/8/2026 9:32,5/31/2026,2026-05-31T01:05:00Z,63.4
Josh,6/8/2026 9:32,5/31/2026,2026-05-31T01:10:00Z,60.5
Josh,6/8/2026 9:32,5/31/2026,2026-05-31T01:15:00Z,63.6
Josh,6/8/2026 9:32,5/31/2026,2026-05-31T01:20:00Z,60.2
Josh,6/8/2026 9:32,5/31/2026,2026-05-31T01:25:00Z,61.9
Josh,6/8/2026 9:32,5/31/2026,2026-05-31T01:30:00Z,67.3
Josh,6/8/2026 9:32,5/31/2026,2026-05-31T01:35:00Z,65.7
Josh,6/8/2026 9:32,5/31/2026,2026-05-31T01:40:00Z,63.2
Josh,6/8/2026 9:32,5/31/2026,2026-05-31T01:45:00Z,65.2
Josh,6/8/2026 9:32,5/31/2026,2026-05-31T01:50:00Z,68.4
Josh,6/8/2026 9:32,5/31/2026,2026-05-31T01:55:00Z,66.3
Josh,6/8/2026 9:32,5/31/2026,2026-05-31T02:00:00Z,66.4
Josh,6/8/2026 9:32,5/31/2026,2026-05-31T02:05:00Z,72.4
Josh,6/8/2026 9:32,5/31/2026,2026-05-31T02:10:00Z,68.8
Josh,6/8/2026 9:32,5/31/2026,2026-05-31T02:15:00Z,65.5
Josh,6/8/2026 9:32,5/31/2026,2026-05-31T02:20:00Z,62
Josh,6/8/2026 9:32,5/31/2026,2026-05-31T02:25:00Z,69.1
Josh,6/8/2026 9:32,5/31/2026,2026-05-31T02:30:00Z,69.4
Josh,6/8/2026 9:32,5/31/2026,2026-05-31T02:35:00Z,60.7
Josh,6/8/2026 9:32,5/31/2026,2026-05-31T02:40:00Z,75.6
Josh,6/8/2026 9:32,5/31/2026,2026-05-31T02:45:00Z,61.2
Josh,6/8/2026 9:32,5/31/2026,2026-05-31T02:50:00Z,69.4
Josh,6/8/2026 9:32,5/31/2026,2026-05-31T02:55:00Z,63.2
Josh,6/8/2026 9:32,5/31/2026,2026-05-31T03:00:00Z,72.6
Josh,6/8/2026 9:32,5/31/2026,2026-05-31T03:05:00Z,70.9
Josh,6/8/2026 9:32,5/31/2026,2026-05-31T03:10:00Z,62.4
Josh,6/8/2026 9:32,5/31/2026,2026-05-31T03:15:00Z,71.3
Josh,6/8/2026 9:32,5/31/2026,2026-05-31T03:20:00Z,60.6
Josh,6/8/2026 9:32,5/31/2026,2026-05-31T03:25:00Z,57.6
Josh,6/8/2026 9:32,5/31/2026,2026-05-31T03:30:00Z,60.6
Josh,6/8/2026 9:32,5/31/2026,2026-05-31T03:35:00Z,58.1
Josh,6/8/2026 9:32,5/31/2026,2026-05-31T03:40:00Z,69.3
Josh,6/8/2026 9:32,5/31/2026,2026-05-31T03:45:00Z,62.9
Josh,6/8/2026 9:32,5/31/2026,2026-05-31T03:50:00Z,69.7
Josh,6/8/2026 9:32,5/31/2026,2026-05-31T03:55:00Z,63.2
Josh,6/8/2026 9:32,5/31/2026,2026-05-31T04:00:00Z,65.5
Josh,6/8/2026 9:32,5/31/2026,2026-05-31T04:05:00Z,71.1
Josh,6/8/2026 9:32,5/31/2026,2026-05-31T04:10:00Z,76
Josh,6/8/2026 9:32,5/31/2026,2026-05-31T04:15:00Z,59.5
Josh,6/8/2026 9:32,5/31/2026,2026-05-31T04:20:00Z,64
Josh,6/8/2026 9:32,5/31/2026,2026-05-31T04:25:00Z,64.7
Josh,6/8/2026 9:32,5/31/2026,2026-05-31T04:30:00Z,63.3
Josh,6/8/2026 9:32,5/31/2026,2026-05-31T04:35:00Z,61.5
Josh,6/8/2026 9:32,5/31/2026,2026-05-31T04:40:00Z,57.2
Josh,6/8/2026 9:32,5/31/2026,2026-05-31T04:45:00Z,71.5
Josh,6/8/2026 9:32,5/31/2026,2026-05-31T04:50:00Z,56.5
Josh,6/8/2026 9:32,5/31/2026,2026-05-31T04:55:00Z,63.9
Josh,6/8/2026 9:32,5/31/2026,2026-05-31T05:00:00Z,61.5
Josh,6/8/2026 9:32,5/31/2026,2026-05-31T05:05:00Z,64.2
Josh,6/8/2026 9:32,5/31/2026,2026-05-31T05:10:00Z,62
Josh,6/8/2026 9:32,5/31/2026,2026-05-31T05:15:00Z,59.9
Josh,6/8/2026 9:32,5/31/2026,2026-05-31T05:20:00Z,57
Josh,6/8/2026 9:32,5/31/2026,2026-05-31T05:25:00Z,59
Josh,6/8/2026 9:32,5/31/2026,2026-05-31T05:30:00Z,56.6
Josh,6/8/2026 9:32,5/31/2026,2026-05-31T05:35:00Z,56.7
Josh,6/8/2026 9:32,5/31/2026,2026-05-31T05:40:00Z,58.8
Josh,6/8/2026 9:32,5/31/2026,2026-05-31T05:45:00Z,56.8
Josh,6/8/2026 9:32,5/31/2026,2026-05-31T05:50:00Z,60.3
Josh,6/8/2026 9:32,5/31/2026,2026-05-31T05:55:00Z,56
Josh,6/8/2026 9:32,5/31/2026,2026-05-31T06:00:00Z,59
Josh,6/8/2026 9:32,5/31/2026,2026-05-31T06:05:00Z,58.9
Josh,6/8/2026 9:32,5/31/2026,2026-05-31T06:10:00Z,48.2
Josh,6/8/2026 9:32,5/31/2026,2026-05-31T06:15:00Z,45.5
Josh,6/8/2026 9:32,5/31/2026,2026-05-31T06:20:00Z,53.9
Josh,6/8/2026 9:32,5/31/2026,2026-05-31T06:25:00Z,50.3
Josh,6/8/2026 9:32,5/31/2026,2026-05-31T06:30:00Z,50.8
Josh,6/8/2026 9:32,5/31/2026,2026-05-31T06:35:00Z,50.4
Josh,6/8/2026 9:32,5/31/2026,2026-05-31T06:40:00Z,42.4
Josh,6/8/2026 9:32,5/31/2026,2026-05-31T06:45:00Z,50.7
Josh,6/8/2026 9:32,5/31/2026,2026-05-31T06:50:00Z,44.5
Josh,6/8/2026 9:32,5/31/2026,2026-05-31T06:55:00Z,47.6
Josh,6/8/2026 9:32,5/31/2026,2026-05-31T07:00:00Z,47.5
Josh,6/8/2026 9:32,5/31/2026,2026-05-31T07:05:00Z,45.3
Josh,6/8/2026 9:32,5/31/2026,2026-05-31T07:10:00Z,40
Josh,6/8/2026 9:32,5/31/2026,2026-05-31T07:15:00Z,44.9
Josh,6/8/2026 9:32,5/31/2026,2026-05-31T07:20:00Z,39.1
Josh,6/8/2026 9:32,5/31/2026,2026-05-31T07:25:00Z,37.4
Josh,6/8/2026 9:32,5/31/2026,2026-05-31T07:30:00Z,40.8
Josh,6/8/2026 9:32,5/31/2026,2026-05-31T07:35:00Z,37.7
Josh,6/8/2026 9:32,5/31/2026,2026-05-31T07:40:00Z,36.3
Josh,6/8/2026 9:32,5/31/2026,2026-05-31T07:45:00Z,37.9
Josh,6/8/2026 9:32,5/31/2026,2026-05-31T07:50:00Z,35
Josh,6/8/2026 9:32,5/31/2026,2026-05-31T07:55:00Z,36.7
Josh,6/8/2026 9:32,5/31/2026,2026-05-31T08:00:00Z,35.6
Josh,6/8/2026 9:32,5/31/2026,2026-05-31T08:05:00Z,32.6
Josh,6/8/2026 9:32,5/31/2026,2026-05-31T08:10:00Z,31.8
Josh,6/8/2026 9:32,5/31/2026,2026-05-31T08:15:00Z,42.6
Josh,6/8/2026 9:32,5/31/2026,2026-05-31T08:30:00Z,36.5
Josh,6/8/2026 9:32,5/31/2026,2026-05-31T08:40:00Z,35.6
Josh,6/8/2026 9:32,5/31/2026,2026-05-31T08:45:00Z,40.5
Josh,6/8/2026 9:32,5/31/2026,2026-05-31T08:50:00Z,34.9
Josh,6/8/2026 9:32,5/31/2026,2026-05-31T10:55:00Z,32.2
Josh,6/8/2026 9:32,5/31/2026,2026-05-31T11:10:00Z,32.7
Josh,6/8/2026 9:32,5/31/2026,2026-05-31T11:15:00Z,36.3
Josh,6/8/2026 9:32,5/31/2026,2026-05-31T11:20:00Z,44.3
Josh,6/8/2026 9:32,5/31/2026,2026-05-31T11:25:00Z,41.8
Josh,6/8/2026 9:32,5/31/2026,2026-05-31T11:30:00Z,33.7
Josh,6/8/2026 9:32,5/31/2026,2026-05-31T11:35:00Z,35.7
Josh,6/8/2026 9:32,5/31/2026,2026-05-31T12:05:00Z,45
Josh,6/8/2026 9:32,5/31/2026,2026-05-31T12:15:00Z,43.6
Josh,6/8/2026 9:32,5/31/2026,2026-05-31T12:25:00Z,41.6
Josh,6/8/2026 9:32,5/31/2026,2026-05-31T12:50:00Z,24.8
Josh,6/8/2026 9:32,5/31/2026,2026-05-31T13:15:00Z,35.8
Josh,6/8/2026 9:32,5/31/2026,2026-05-31T13:25:00Z,36.8
Josh,6/8/2026 9:32,5/31/2026,2026-05-31T13:50:00Z,32.3
Josh,6/8/2026 9:32,5/31/2026,2026-05-31T14:05:00Z,30
Josh,6/8/2026 9:32,5/31/2026,2026-05-31T14:10:00Z,36.4
Josh,6/8/2026 9:32,5/31/2026,2026-05-31T14:45:00Z,34.9
Josh,6/8/2026 9:32,5/31/2026,2026-05-31T15:00:00Z,39.7
Josh,6/8/2026 9:32,5/31/2026,2026-05-31T15:05:00Z,34.2
Josh,6/8/2026 9:32,5/31/2026,2026-05-31T16:00:00Z,33.3
Josh,6/8/2026 9:32,5/31/2026,2026-05-31T16:15:00Z,33.3
Josh,6/8/2026 9:32,5/31/2026,2026-05-31T16:45:00Z,40.8
Josh,6/8/2026 9:32,5/31/2026,2026-05-31T16:50:00Z,41.2
Josh,6/8/2026 9:32,5/31/2026,2026-05-31T17:00:00Z,31.7
Josh,6/8/2026 9:32,5/31/2026,2026-05-31T17:30:00Z,32.4
Josh,6/8/2026 9:32,5/31/2026,2026-05-31T17:35:00Z,33.2
Josh,6/8/2026 9:32,5/31/2026,2026-05-31T17:40:00Z,41
Josh,6/8/2026 9:32,5/31/2026,2026-05-31T17:45:00Z,30.8
Josh,6/8/2026 9:32,5/31/2026,2026-05-31T17:50:00Z,34.2
Josh,6/8/2026 9:32,5/31/2026,2026-05-31T18:00:00Z,39.7
Josh,6/8/2026 9:32,5/31/2026,2026-05-31T18:05:00Z,38
Josh,6/8/2026 9:32,5/31/2026,2026-05-31T18:25:00Z,32.3
Josh,6/8/2026 9:32,5/31/2026,2026-05-31T18:30:00Z,42.9
Josh,6/8/2026 9:32,5/31/2026,2026-05-31T18:35:00Z,33.6
Josh,6/8/2026 9:32,5/31/2026,2026-05-31T18:45:00Z,44.1
Josh,6/8/2026 9:32,5/31/2026,2026-05-31T18:55:00Z,28.1
Josh,6/8/2026 9:32,5/31/2026,2026-05-31T19:00:00Z,47.9
Josh,6/8/2026 9:32,5/31/2026,2026-05-31T19:05:00Z,41.1
Josh,6/8/2026 9:32,5/31/2026,2026-05-31T19:25:00Z,43.1
Josh,6/8/2026 9:32,5/31/2026,2026-05-31T19:30:00Z,41.5
Josh,6/8/2026 9:32,5/31/2026,2026-05-31T19:35:00Z,38.3
Josh,6/8/2026 9:32,5/31/2026,2026-05-31T19:40:00Z,30
Josh,6/8/2026 9:32,5/31/2026,2026-05-31T19:50:00Z,36.7
Josh,6/8/2026 9:32,5/31/2026,2026-05-31T20:05:00Z,38.2
Josh,6/8/2026 9:32,5/31/2026,2026-05-31T20:10:00Z,41.2
Josh,6/8/2026 9:32,5/31/2026,2026-05-31T20:55:00Z,37.8
Josh,6/8/2026 9:32,5/31/2026,2026-05-31T21:15:00Z,38.8
Josh,6/8/2026 9:32,5/31/2026,2026-05-31T21:25:00Z,41.6
Josh,6/8/2026 9:32,5/31/2026,2026-05-31T21:30:00Z,36.9
Josh,6/8/2026 9:32,5/31/2026,2026-05-31T21:35:00Z,34.7
Josh,6/8/2026 9:32,5/31/2026,2026-05-31T21:40:00Z,46.8
Josh,6/8/2026 9:32,5/31/2026,2026-05-31T21:45:00Z,43.9
Josh,6/8/2026 9:32,5/31/2026,2026-05-31T22:05:00Z,38.2
Josh,6/8/2026 9:32,5/31/2026,2026-05-31T22:15:00Z,39.7
Josh,6/8/2026 9:32,5/31/2026,2026-05-31T22:25:00Z,34.1
Josh,6/8/2026 9:32,5/31/2026,2026-05-31T22:35:00Z,40
Josh,6/8/2026 9:32,5/31/2026,2026-05-31T23:05:00Z,39.9
Josh,6/8/2026 9:32,5/31/2026,2026-05-31T23:10:00Z,41
Josh,6/8/2026 9:32,5/31/2026,2026-05-31T23:35:00Z,44.7
Josh,6/8/2026 9:32,5/31/2026,2026-05-31T23:40:00Z,37.1
Josh,6/8/2026 9:32,5/31/2026,2026-05-31T23:55:00Z,34.5
Josh,6/9/2026 9:02,6/1/2026,2026-06-01T00:00:00Z,51.3
Josh,6/9/2026 9:02,6/1/2026,2026-06-01T00:05:00Z,49.5
Josh,6/9/2026 9:02,6/1/2026,2026-06-01T00:10:00Z,55.9
Josh,6/9/2026 9:02,6/1/2026,2026-06-01T00:15:00Z,52.1
Josh,6/9/2026 9:02,6/1/2026,2026-06-01T00:20:00Z,53.1
Josh,6/9/2026 9:02,6/1/2026,2026-06-01T00:25:00Z,51.8
Josh,6/9/2026 9:02,6/1/2026,2026-06-01T00:30:00Z,54.4
Josh,6/9/2026 9:02,6/1/2026,2026-06-01T00:35:00Z,56.3
Josh,6/9/2026 9:02,6/1/2026,2026-06-01T00:40:00Z,58.7
Josh,6/9/2026 9:02,6/1/2026,2026-06-01T00:45:00Z,57.2
Josh,6/9/2026 9:02,6/1/2026,2026-06-01T00:50:00Z,52.3
Josh,6/9/2026 9:02,6/1/2026,2026-06-01T00:55:00Z,61.9
Josh,6/9/2026 9:02,6/1/2026,2026-06-01T01:00:00Z,64.2
Josh,6/9/2026 9:02,6/1/2026,2026-06-01T01:05:00Z,63.9
Josh,6/9/2026 9:02,6/1/2026,2026-06-01T01:10:00Z,64.3
Josh,6/9/2026 9:02,6/1/2026,2026-06-01T01:15:00Z,63.5
Josh,6/9/2026 9:02,6/1/2026,2026-06-01T01:20:00Z,62.5
Josh,6/9/2026 9:02,6/1/2026,2026-06-01T01:25:00Z,58.4
Josh,6/9/2026 9:02,6/1/2026,2026-06-01T01:30:00Z,62.6
Josh,6/9/2026 9:02,6/1/2026,2026-06-01T01:35:00Z,63.8
Josh,6/9/2026 9:02,6/1/2026,2026-06-01T01:40:00Z,63.8
Josh,6/9/2026 9:02,6/1/2026,2026-06-01T01:45:00Z,71.7
Josh,6/9/2026 9:02,6/1/2026,2026-06-01T01:50:00Z,70.8
Josh,6/9/2026 9:02,6/1/2026,2026-06-01T01:55:00Z,61.2
Josh,6/9/2026 9:02,6/1/2026,2026-06-01T02:00:00Z,69.9
Josh,6/9/2026 9:02,6/1/2026,2026-06-01T02:05:00Z,63.3
Josh,6/9/2026 9:02,6/1/2026,2026-06-01T02:10:00Z,60.9
Josh,6/9/2026 9:02,6/1/2026,2026-06-01T02:15:00Z,66.1
Josh,6/9/2026 9:02,6/1/2026,2026-06-01T02:20:00Z,67.9
Josh,6/9/2026 9:02,6/1/2026,2026-06-01T02:25:00Z,70.4
Josh,6/9/2026 9:02,6/1/2026,2026-06-01T02:30:00Z,70.9
Josh,6/9/2026 9:02,6/1/2026,2026-06-01T02:35:00Z,66.3
Josh,6/9/2026 9:02,6/1/2026,2026-06-01T02:40:00Z,64.7
Josh,6/9/2026 9:02,6/1/2026,2026-06-01T02:45:00Z,60.1
Josh,6/9/2026 9:02,6/1/2026,2026-06-01T02:50:00Z,66.3
Josh,6/9/2026 9:02,6/1/2026,2026-06-01T02:55:00Z,63.5
Josh,6/9/2026 9:02,6/1/2026,2026-06-01T03:00:00Z,69.8
Josh,6/9/2026 9:02,6/1/2026,2026-06-01T03:05:00Z,65.2
Josh,6/9/2026 9:02,6/1/2026,2026-06-01T03:10:00Z,71.1
Josh,6/9/2026 9:02,6/1/2026,2026-06-01T03:15:00Z,66.3
Josh,6/9/2026 9:02,6/1/2026,2026-06-01T03:20:00Z,60.5
Josh,6/9/2026 9:02,6/1/2026,2026-06-01T03:25:00Z,71.1
Josh,6/9/2026 9:02,6/1/2026,2026-06-01T03:30:00Z,64.9
Josh,6/9/2026 9:02,6/1/2026,2026-06-01T03:35:00Z,74
Josh,6/9/2026 9:02,6/1/2026,2026-06-01T03:40:00Z,67.1
Josh,6/9/2026 9:02,6/1/2026,2026-06-01T03:45:00Z,69.7
Josh,6/9/2026 9:02,6/1/2026,2026-06-01T03:50:00Z,60.8
Josh,6/9/2026 9:02,6/1/2026,2026-06-01T03:55:00Z,70.1
Josh,6/9/2026 9:02,6/1/2026,2026-06-01T04:00:00Z,64.9
Josh,6/9/2026 9:02,6/1/2026,2026-06-01T04:05:00Z,64.4
Josh,6/9/2026 9:02,6/1/2026,2026-06-01T04:10:00Z,61.5
Josh,6/9/2026 9:02,6/1/2026,2026-06-01T04:15:00Z,69.1
Josh,6/9/2026 9:02,6/1/2026,2026-06-01T04:20:00Z,64.7
Josh,6/9/2026 9:02,6/1/2026,2026-06-01T04:25:00Z,63.7
Josh,6/9/2026 9:02,6/1/2026,2026-06-01T04:30:00Z,67.2
Josh,6/9/2026 9:02,6/1/2026,2026-06-01T04:35:00Z,61.3
Josh,6/9/2026 9:02,6/1/2026,2026-06-01T04:40:00Z,62.4
Josh,6/9/2026 9:02,6/1/2026,2026-06-01T04:45:00Z,54.4
Josh,6/9/2026 9:02,6/1/2026,2026-06-01T04:50:00Z,52.9
Josh,6/9/2026 9:02,6/1/2026,2026-06-01T04:55:00Z,57.4
Josh,6/9/2026 9:02,6/1/2026,2026-06-01T05:00:00Z,62.6
Josh,6/9/2026 9:02,6/1/2026,2026-06-01T05:05:00Z,64.2
Josh,6/9/2026 9:02,6/1/2026,2026-06-01T05:10:00Z,52.2
Josh,6/9/2026 9:02,6/1/2026,2026-06-01T05:15:00Z,52.8
Josh,6/9/2026 9:02,6/1/2026,2026-06-01T05:20:00Z,57.7
Josh,6/9/2026 9:02,6/1/2026,2026-06-01T05:25:00Z,57.8
Josh,6/9/2026 9:02,6/1/2026,2026-06-01T05:30:00Z,54.3
Josh,6/9/2026 9:02,6/1/2026,2026-06-01T05:35:00Z,52.2
Josh,6/9/2026 9:02,6/1/2026,2026-06-01T05:40:00Z,50.9
Josh,6/9/2026 9:02,6/1/2026,2026-06-01T05:45:00Z,48.1
Josh,6/9/2026 9:02,6/1/2026,2026-06-01T05:50:00Z,49.2
Josh,6/9/2026 9:02,6/1/2026,2026-06-01T05:55:00Z,49.4
Josh,6/9/2026 9:02,6/1/2026,2026-06-01T06:00:00Z,51.1
Josh,6/9/2026 9:02,6/1/2026,2026-06-01T06:05:00Z,49.9
Josh,6/9/2026 9:02,6/1/2026,2026-06-01T06:10:00Z,47.9
Josh,6/9/2026 9:02,6/1/2026,2026-06-01T06:15:00Z,48.6
Josh,6/9/2026 9:02,6/1/2026,2026-06-01T06:20:00Z,49.4
Josh,6/9/2026 9:02,6/1/2026,2026-06-01T06:25:00Z,45.7
Josh,6/9/2026 9:02,6/1/2026,2026-06-01T06:30:00Z,47.8
Josh,6/9/2026 9:02,6/1/2026,2026-06-01T06:35:00Z,39.5
Josh,6/9/2026 9:02,6/1/2026,2026-06-01T06:40:00Z,42.7
Josh,6/9/2026 9:02,6/1/2026,2026-06-01T06:45:00Z,42.9
Josh,6/9/2026 9:02,6/1/2026,2026-06-01T06:50:00Z,39.2
Josh,6/9/2026 9:02,6/1/2026,2026-06-01T06:55:00Z,43.8
Josh,6/9/2026 9:02,6/1/2026,2026-06-01T07:00:00Z,40
Josh,6/9/2026 9:02,6/1/2026,2026-06-01T07:05:00Z,34.6
Josh,6/9/2026 9:02,6/1/2026,2026-06-01T07:10:00Z,39.6
Josh,6/9/2026 9:02,6/1/2026,2026-06-01T07:15:00Z,35.6
Josh,6/9/2026 9:02,6/1/2026,2026-06-01T07:20:00Z,45.9
Josh,6/9/2026 9:02,6/1/2026,2026-06-01T07:25:00Z,30.7
Josh,6/9/2026 9:02,6/1/2026,2026-06-01T07:30:00Z,34.2
Josh,6/9/2026 9:02,6/1/2026,2026-06-01T07:45:00Z,40.3
Josh,6/9/2026 9:02,6/1/2026,2026-06-01T07:55:00Z,41.5
Josh,6/9/2026 9:02,6/1/2026,2026-06-01T08:15:00Z,50.6
Josh,6/9/2026 9:02,6/1/2026,2026-06-01T09:00:00Z,32
Josh,6/9/2026 9:02,6/1/2026,2026-06-01T09:05:00Z,38.3
Josh,6/9/2026 9:02,6/1/2026,2026-06-01T09:25:00Z,40.9
Josh,6/9/2026 9:02,6/1/2026,2026-06-01T09:30:00Z,36.6
Josh,6/9/2026 9:02,6/1/2026,2026-06-01T09:35:00Z,33.3
Josh,6/9/2026 9:02,6/1/2026,2026-06-01T09:40:00Z,30.5
Josh,6/9/2026 9:02,6/1/2026,2026-06-01T09:45:00Z,33.8
Josh,6/9/2026 9:02,6/1/2026,2026-06-01T09:50:00Z,35.8
Josh,6/9/2026 9:02,6/1/2026,2026-06-01T09:55:00Z,28.4
Josh,6/9/2026 9:02,6/1/2026,2026-06-01T10:00:00Z,36
Josh,6/9/2026 9:02,6/1/2026,2026-06-01T10:05:00Z,33.4
Josh,6/9/2026 9:02,6/1/2026,2026-06-01T10:20:00Z,38.2
Josh,6/9/2026 9:02,6/1/2026,2026-06-01T10:25:00Z,37.1
Josh,6/9/2026 9:02,6/1/2026,2026-06-01T10:50:00Z,44.5
Josh,6/9/2026 9:02,6/1/2026,2026-06-01T10:55:00Z,41.9
Josh,6/9/2026 9:02,6/1/2026,2026-06-01T11:00:00Z,33.2
Josh,6/9/2026 9:02,6/1/2026,2026-06-01T11:15:00Z,41.7
Josh,6/9/2026 9:02,6/1/2026,2026-06-01T11:30:00Z,37.4
Josh,6/9/2026 9:02,6/1/2026,2026-06-01T11:35:00Z,38.4
Josh,6/9/2026 9:02,6/1/2026,2026-06-01T13:10:00Z,30.9
Josh,6/9/2026 9:02,6/1/2026,2026-06-01T13:15:00Z,33.3
Josh,6/9/2026 9:02,6/1/2026,2026-06-01T13:20:00Z,32.2
Josh,6/9/2026 9:02,6/1/2026,2026-06-01T13:25:00Z,32.7
Josh,6/9/2026 9:02,6/1/2026,2026-06-01T13:30:00Z,33.2
Josh,6/9/2026 9:02,6/1/2026,2026-06-01T13:50:00Z,38.2
Josh,6/9/2026 9:02,6/1/2026,2026-06-01T13:55:00Z,39.7
Josh,6/9/2026 9:02,6/1/2026,2026-06-01T14:15:00Z,39
Josh,6/9/2026 9:02,6/1/2026,2026-06-01T14:20:00Z,33.9
Josh,6/9/2026 9:02,6/1/2026,2026-06-01T14:25:00Z,39.5
Josh,6/9/2026 9:02,6/1/2026,2026-06-01T14:45:00Z,34.8
Josh,6/9/2026 9:02,6/1/2026,2026-06-01T14:50:00Z,38.1
Josh,6/9/2026 9:02,6/1/2026,2026-06-01T15:00:00Z,34.8
Josh,6/9/2026 9:02,6/1/2026,2026-06-01T15:10:00Z,34.7
Josh,6/9/2026 9:02,6/1/2026,2026-06-01T15:20:00Z,35.3
Josh,6/9/2026 9:02,6/1/2026,2026-06-01T15:30:00Z,30.8
Josh,6/9/2026 9:02,6/1/2026,2026-06-01T15:35:00Z,34.9
Josh,6/9/2026 9:02,6/1/2026,2026-06-01T15:40:00Z,29.9
Josh,6/9/2026 9:02,6/1/2026,2026-06-01T15:45:00Z,36.5
Josh,6/9/2026 9:02,6/1/2026,2026-06-01T15:50:00Z,43.9
Josh,6/9/2026 9:02,6/1/2026,2026-06-01T15:55:00Z,41.3
Josh,6/9/2026 9:02,6/1/2026,2026-06-01T16:10:00Z,39
Josh,6/9/2026 9:02,6/1/2026,2026-06-01T16:30:00Z,46.7
Josh,6/9/2026 9:02,6/1/2026,2026-06-01T16:50:00Z,41.6
Josh,6/9/2026 9:02,6/1/2026,2026-06-01T16:55:00Z,37.4
Josh,6/9/2026 9:02,6/1/2026,2026-06-01T17:00:00Z,37.3
Josh,6/9/2026 9:02,6/1/2026,2026-06-01T17:10:00Z,30.2
Josh,6/9/2026 9:02,6/1/2026,2026-06-01T17:15:00Z,37.3
Josh,6/9/2026 9:02,6/1/2026,2026-06-01T17:20:00Z,40.8
Josh,6/9/2026 9:02,6/1/2026,2026-06-01T17:25:00Z,31.5
Josh,6/9/2026 9:02,6/1/2026,2026-06-01T19:05:00Z,31
Josh,6/9/2026 9:02,6/1/2026,2026-06-01T19:15:00Z,32.7
Josh,6/9/2026 9:02,6/1/2026,2026-06-01T19:20:00Z,35
Josh,6/9/2026 9:02,6/1/2026,2026-06-01T19:30:00Z,39.5
Josh,6/9/2026 9:02,6/1/2026,2026-06-01T19:35:00Z,39.2
Josh,6/9/2026 9:02,6/1/2026,2026-06-01T19:40:00Z,30.2
Josh,6/9/2026 9:02,6/1/2026,2026-06-01T19:50:00Z,28.5
Josh,6/9/2026 9:02,6/1/2026,2026-06-01T20:05:00Z,36.5
Josh,6/9/2026 9:02,6/1/2026,2026-06-01T20:15:00Z,31.7
Josh,6/9/2026 9:02,6/1/2026,2026-06-01T20:20:00Z,33.2
Josh,6/9/2026 9:02,6/1/2026,2026-06-01T20:30:00Z,34.6
Josh,6/9/2026 9:02,6/1/2026,2026-06-01T20:35:00Z,40.2
Josh,6/9/2026 9:02,6/1/2026,2026-06-01T20:40:00Z,40.2
Josh,6/9/2026 9:02,6/1/2026,2026-06-01T20:45:00Z,39.3
Josh,6/9/2026 9:02,6/1/2026,2026-06-01T20:50:00Z,42.3
Josh,6/9/2026 9:02,6/1/2026,2026-06-01T21:05:00Z,34.7
Josh,6/9/2026 9:02,6/1/2026,2026-06-01T21:20:00Z,41
Josh,6/9/2026 9:02,6/1/2026,2026-06-01T21:25:00Z,36.2
Josh,6/9/2026 9:02,6/1/2026,2026-06-01T21:40:00Z,44.1
Josh,6/9/2026 9:02,6/1/2026,2026-06-01T21:45:00Z,30.1
Josh,6/9/2026 9:02,6/1/2026,2026-06-01T21:50:00Z,42.2
Josh,6/9/2026 9:02,6/1/2026,2026-06-01T22:10:00Z,35.5
Josh,6/9/2026 9:02,6/1/2026,2026-06-01T22:15:00Z,37.7
Josh,6/9/2026 9:02,6/1/2026,2026-06-01T22:25:00Z,26.8
Josh,6/9/2026 9:02,6/1/2026,2026-06-01T22:30:00Z,31.7
Josh,6/9/2026 9:02,6/1/2026,2026-06-01T22:40:00Z,38.7
Josh,6/9/2026 9:02,6/1/2026,2026-06-01T22:50:00Z,39.6
Josh,6/9/2026 9:02,6/1/2026,2026-06-01T22:55:00Z,45.2
Josh,6/9/2026 9:02,6/1/2026,2026-06-01T23:00:00Z,44.9
Josh,6/9/2026 9:02,6/1/2026,2026-06-01T23:05:00Z,31.9
Josh,6/9/2026 9:02,6/1/2026,2026-06-01T23:10:00Z,32.8
Josh,6/9/2026 9:02,6/1/2026,2026-06-01T23:20:00Z,43.1
Josh,6/9/2026 9:02,6/1/2026,2026-06-01T23:30:00Z,41.2
Josh,6/9/2026 9:02,6/1/2026,2026-06-01T23:40:00Z,35.5
Josh,6/9/2026 9:02,6/2/2026,2026-06-02T00:00:00Z,51
Josh,6/9/2026 9:02,6/2/2026,2026-06-02T00:05:00Z,48.1
Josh,6/9/2026 9:02,6/2/2026,2026-06-02T00:10:00Z,46.9
Josh,6/9/2026 9:02,6/2/2026,2026-06-02T00:15:00Z,53.1
Josh,6/9/2026 9:02,6/2/2026,2026-06-02T00:20:00Z,57.1
Josh,6/9/2026 9:02,6/2/2026,2026-06-02T00:25:00Z,57.8
Josh,6/9/2026 9:02,6/2/2026,2026-06-02T00:30:00Z,57.6
Josh,6/9/2026 9:02,6/2/2026,2026-06-02T00:35:00Z,52.2
Josh,6/9/2026 9:02,6/2/2026,2026-06-02T00:40:00Z,54.5
Josh,6/9/2026 9:02,6/2/2026,2026-06-02T00:45:00Z,58.7
Josh,6/9/2026 9:02,6/2/2026,2026-06-02T00:50:00Z,64
Josh,6/9/2026 9:02,6/2/2026,2026-06-02T00:55:00Z,58.4
Josh,6/9/2026 9:02,6/2/2026,2026-06-02T01:00:00Z,59.9
Josh,6/9/2026 9:02,6/2/2026,2026-06-02T01:05:00Z,57.4
Josh,6/9/2026 9:02,6/2/2026,2026-06-02T01:10:00Z,65.9
Josh,6/9/2026 9:02,6/2/2026,2026-06-02T01:15:00Z,62.6
Josh,6/9/2026 9:02,6/2/2026,2026-06-02T01:20:00Z,66.9
Josh,6/9/2026 9:02,6/2/2026,2026-06-02T01:25:00Z,65.7
Josh,6/9/2026 9:02,6/2/2026,2026-06-02T01:30:00Z,74.3
Josh,6/9/2026 9:02,6/2/2026,2026-06-02T01:35:00Z,72.8
Josh,6/9/2026 9:02,6/2/2026,2026-06-02T01:40:00Z,73.6
Josh,6/9/2026 9:02,6/2/2026,2026-06-02T01:45:00Z,66.4
Josh,6/9/2026 9:02,6/2/2026,2026-06-02T01:50:00Z,71.3
Josh,6/9/2026 9:02,6/2/2026,2026-06-02T01:55:00Z,64.4
Josh,6/9/2026 9:02,6/2/2026,2026-06-02T02:00:00Z,61.5
Josh,6/9/2026 9:02,6/2/2026,2026-06-02T02:05:00Z,61.4
Josh,6/9/2026 9:02,6/2/2026,2026-06-02T02:10:00Z,63
Josh,6/9/2026 9:02,6/2/2026,2026-06-02T02:15:00Z,77.4
Josh,6/9/2026 9:02,6/2/2026,2026-06-02T02:20:00Z,60.3
Josh,6/9/2026 9:02,6/2/2026,2026-06-02T02:25:00Z,63.5
Josh,6/9/2026 9:02,6/2/2026,2026-06-02T02:30:00Z,60.9
Josh,6/9/2026 9:02,6/2/2026,2026-06-02T02:35:00Z,65.8
Josh,6/9/2026 9:02,6/2/2026,2026-06-02T02:40:00Z,69.4
Josh,6/9/2026 9:02,6/2/2026,2026-06-02T02:45:00Z,62.8
Josh,6/9/2026 9:02,6/2/2026,2026-06-02T02:50:00Z,63.8
Josh,6/9/2026 9:02,6/2/2026,2026-06-02T02:55:00Z,57.2
Josh,6/9/2026 9:02,6/2/2026,2026-06-02T03:00:00Z,64.9
Josh,6/9/2026 9:02,6/2/2026,2026-06-02T03:05:00Z,68.1
Josh,6/9/2026 9:02,6/2/2026,2026-06-02T03:10:00Z,65.3
Josh,6/9/2026 9:02,6/2/2026,2026-06-02T03:15:00Z,64.7
Josh,6/9/2026 9:02,6/2/2026,2026-06-02T03:20:00Z,74.4
Josh,6/9/2026 9:02,6/2/2026,2026-06-02T03:25:00Z,63.8
Josh,6/9/2026 9:02,6/2/2026,2026-06-02T03:30:00Z,59.8
Josh,6/9/2026 9:02,6/2/2026,2026-06-02T03:35:00Z,76
Josh,6/9/2026 9:02,6/2/2026,2026-06-02T03:40:00Z,65.4
Josh,6/9/2026 9:02,6/2/2026,2026-06-02T03:45:00Z,60.9
Josh,6/9/2026 9:02,6/2/2026,2026-06-02T03:50:00Z,69.2
Josh,6/9/2026 9:02,6/2/2026,2026-06-02T03:55:00Z,67.7
Josh,6/9/2026 9:02,6/2/2026,2026-06-02T04:00:00Z,61.4
Josh,6/9/2026 9:02,6/2/2026,2026-06-02T04:05:00Z,70.1
Josh,6/9/2026 9:02,6/2/2026,2026-06-02T04:10:00Z,70.3
Josh,6/9/2026 9:02,6/2/2026,2026-06-02T04:15:00Z,64.8
Josh,6/9/2026 9:02,6/2/2026,2026-06-02T04:20:00Z,69
Josh,6/9/2026 9:02,6/2/2026,2026-06-02T04:25:00Z,57
Josh,6/9/2026 9:02,6/2/2026,2026-06-02T04:30:00Z,64.9
Josh,6/9/2026 9:02,6/2/2026,2026-06-02T04:35:00Z,62.5
Josh,6/9/2026 9:02,6/2/2026,2026-06-02T04:40:00Z,67.6
Josh,6/9/2026 9:02,6/2/2026,2026-06-02T04:45:00Z,59.5
Josh,6/9/2026 9:02,6/2/2026,2026-06-02T04:50:00Z,60.9
Josh,6/9/2026 9:02,6/2/2026,2026-06-02T04:55:00Z,49.9
Josh,6/9/2026 9:02,6/2/2026,2026-06-02T05:00:00Z,56.7
Josh,6/9/2026 9:02,6/2/2026,2026-06-02T05:05:00Z,64.3
Josh,6/9/2026 9:02,6/2/2026,2026-06-02T05:10:00Z,55.1
Josh,6/9/2026 9:02,6/2/2026,2026-06-02T05:15:00Z,60.3
Josh,6/9/2026 9:02,6/2/2026,2026-06-02T05:20:00Z,55.1
Josh,6/9/2026 9:02,6/2/2026,2026-06-02T05:25:00Z,56.1
Josh,6/9/2026 9:02,6/2/2026,2026-06-02T05:30:00Z,44.5
Josh,6/9/2026 9:02,6/2/2026,2026-06-02T05:35:00Z,51
Josh,6/9/2026 9:02,6/2/2026,2026-06-02T05:40:00Z,57
Josh,6/9/2026 9:02,6/2/2026,2026-06-02T05:45:00Z,53.3
Josh,6/9/2026 9:02,6/2/2026,2026-06-02T05:50:00Z,52.2
Josh,6/9/2026 9:02,6/2/2026,2026-06-02T05:55:00Z,56.8
Josh,6/9/2026 9:02,6/2/2026,2026-06-02T06:00:00Z,49.7
Josh,6/9/2026 9:02,6/2/2026,2026-06-02T06:05:00Z,46.5
Josh,6/9/2026 9:02,6/2/2026,2026-06-02T06:10:00Z,46.4
Josh,6/9/2026 9:02,6/2/2026,2026-06-02T06:15:00Z,46.5
Josh,6/9/2026 9:02,6/2/2026,2026-06-02T06:20:00Z,41.2
Josh,6/9/2026 9:02,6/2/2026,2026-06-02T06:25:00Z,42.8
Josh,6/9/2026 9:02,6/2/2026,2026-06-02T06:30:00Z,47.6
Josh,6/9/2026 9:02,6/2/2026,2026-06-02T06:35:00Z,51.5
Josh,6/9/2026 9:02,6/2/2026,2026-06-02T06:40:00Z,44.3
Josh,6/9/2026 9:02,6/2/2026,2026-06-02T06:45:00Z,38.3
Josh,6/9/2026 9:02,6/2/2026,2026-06-02T06:50:00Z,41.3
Josh,6/9/2026 9:02,6/2/2026,2026-06-02T06:55:00Z,41
Josh,6/9/2026 9:02,6/2/2026,2026-06-02T07:00:00Z,42.3
Josh,6/9/2026 9:02,6/2/2026,2026-06-02T07:05:00Z,36.8
Josh,6/9/2026 9:02,6/2/2026,2026-06-02T07:10:00Z,47.3
Josh,6/9/2026 9:02,6/2/2026,2026-06-02T07:15:00Z,40.2
Josh,6/9/2026 9:02,6/2/2026,2026-06-02T07:20:00Z,38
Josh,6/9/2026 9:02,6/2/2026,2026-06-02T07:25:00Z,32.9
Josh,6/9/2026 9:02,6/2/2026,2026-06-02T07:30:00Z,43.2
Josh,6/9/2026 9:02,6/2/2026,2026-06-02T07:40:00Z,34.6
Josh,6/9/2026 9:02,6/2/2026,2026-06-02T08:00:00Z,28.3
Josh,6/9/2026 9:02,6/2/2026,2026-06-02T08:10:00Z,44.9
Josh,6/9/2026 9:02,6/2/2026,2026-06-02T09:00:00Z,44
Josh,6/9/2026 9:02,6/2/2026,2026-06-02T09:30:00Z,42.5
Josh,6/9/2026 9:02,6/2/2026,2026-06-02T09:35:00Z,36.9
Josh,6/9/2026 9:02,6/2/2026,2026-06-02T09:45:00Z,39.9
Josh,6/9/2026 9:02,6/2/2026,2026-06-02T09:50:00Z,43.9
Josh,6/9/2026 9:02,6/2/2026,2026-06-02T09:55:00Z,39.5
Josh,6/9/2026 9:02,6/2/2026,2026-06-02T10:10:00Z,35.8
Josh,6/9/2026 9:02,6/2/2026,2026-06-02T10:15:00Z,38.3
Josh,6/9/2026 9:02,6/2/2026,2026-06-02T10:20:00Z,44.8
Josh,6/9/2026 9:02,6/2/2026,2026-06-02T10:25:00Z,40.9
Josh,6/9/2026 9:02,6/2/2026,2026-06-02T10:35:00Z,32.7
Josh,6/9/2026 9:02,6/2/2026,2026-06-02T10:40:00Z,43.9
Josh,6/9/2026 9:02,6/2/2026,2026-06-02T10:45:00Z,38.5
Josh,6/9/2026 9:02,6/2/2026,2026-06-02T11:00:00Z,32
Josh,6/9/2026 9:02,6/2/2026,2026-06-02T11:05:00Z,48.1
Josh,6/9/2026 9:02,6/2/2026,2026-06-02T11:10:00Z,29.7
Josh,6/9/2026 9:02,6/2/2026,2026-06-02T11:20:00Z,40.4
Josh,6/9/2026 9:02,6/2/2026,2026-06-02T11:50:00Z,39.5
Josh,6/9/2026 9:02,6/2/2026,2026-06-02T13:10:00Z,25.8
Josh,6/9/2026 9:02,6/2/2026,2026-06-02T13:15:00Z,30.5
Josh,6/9/2026 9:02,6/2/2026,2026-06-02T13:25:00Z,31.2
Josh,6/9/2026 9:02,6/2/2026,2026-06-02T13:40:00Z,37.7
Josh,6/9/2026 9:02,6/2/2026,2026-06-02T13:45:00Z,39
Josh,6/9/2026 9:02,6/2/2026,2026-06-02T13:55:00Z,42.1
Josh,6/9/2026 9:02,6/2/2026,2026-06-02T14:00:00Z,44.3
Josh,6/9/2026 9:02,6/2/2026,2026-06-02T14:05:00Z,35
Josh,6/9/2026 9:02,6/2/2026,2026-06-02T14:10:00Z,39.1
Josh,6/9/2026 9:02,6/2/2026,2026-06-02T14:20:00Z,35.3
Josh,6/9/2026 9:02,6/2/2026,2026-06-02T14:25:00Z,33.5
Josh,6/9/2026 9:02,6/2/2026,2026-06-02T14:40:00Z,41.3
Josh,6/9/2026 9:02,6/2/2026,2026-06-02T14:50:00Z,34.6
Josh,6/9/2026 9:02,6/2/2026,2026-06-02T14:55:00Z,43.5
Josh,6/9/2026 9:02,6/2/2026,2026-06-02T15:00:00Z,34.7
Josh,6/9/2026 9:02,6/2/2026,2026-06-02T15:20:00Z,38.3
Josh,6/9/2026 9:02,6/2/2026,2026-06-02T15:30:00Z,37.2
Josh,6/9/2026 9:02,6/2/2026,2026-06-02T15:35:00Z,32.2
Josh,6/9/2026 9:02,6/2/2026,2026-06-02T15:40:00Z,34.8
Josh,6/9/2026 9:02,6/2/2026,2026-06-02T15:50:00Z,42.9
Josh,6/9/2026 9:02,6/2/2026,2026-06-02T16:05:00Z,46.5
Josh,6/9/2026 9:02,6/2/2026,2026-06-02T16:10:00Z,43.8
Josh,6/9/2026 9:02,6/2/2026,2026-06-02T16:30:00Z,30.2
Josh,6/9/2026 9:02,6/2/2026,2026-06-02T16:40:00Z,40.9
Josh,6/9/2026 9:02,6/2/2026,2026-06-02T16:45:00Z,38.9
Josh,6/9/2026 9:02,6/2/2026,2026-06-02T16:50:00Z,33.8
Josh,6/9/2026 9:02,6/2/2026,2026-06-02T16:55:00Z,37.7
Josh,6/9/2026 9:02,6/2/2026,2026-06-02T17:00:00Z,32.2
Josh,6/9/2026 9:02,6/2/2026,2026-06-02T17:10:00Z,37.9
Josh,6/9/2026 9:02,6/2/2026,2026-06-02T17:15:00Z,33
Josh,6/9/2026 9:02,6/2/2026,2026-06-02T17:20:00Z,34.3
Josh,6/9/2026 9:02,6/2/2026,2026-06-02T19:00:00Z,32.8
Josh,6/9/2026 9:02,6/2/2026,2026-06-02T19:15:00Z,33.8
Josh,6/9/2026 9:02,6/2/2026,2026-06-02T19:20:00Z,37.7
Josh,6/9/2026 9:02,6/2/2026,2026-06-02T19:30:00Z,41.1
Josh,6/9/2026 9:02,6/2/2026,2026-06-02T19:35:00Z,31.3
Josh,6/9/2026 9:02,6/2/2026,2026-06-02T19:45:00Z,29.6
Josh,6/9/2026 9:02,6/2/2026,2026-06-02T19:50:00Z,38.9
Josh,6/9/2026 9:02,6/2/2026,2026-06-02T19:55:00Z,37.8
Josh,6/9/2026 9:02,6/2/2026,2026-06-02T20:15:00Z,35.4
Josh,6/9/2026 9:02,6/2/2026,2026-06-02T20:20:00Z,33.1
Josh,6/9/2026 9:02,6/2/2026,2026-06-02T20:30:00Z,46.4
Josh,6/9/2026 9:02,6/2/2026,2026-06-02T20:35:00Z,41.3
Josh,6/9/2026 9:02,6/2/2026,2026-06-02T20:40:00Z,39.9
Josh,6/9/2026 9:02,6/2/2026,2026-06-02T20:50:00Z,40
Josh,6/9/2026 9:02,6/2/2026,2026-06-02T21:00:00Z,41.4
Josh,6/9/2026 9:02,6/2/2026,2026-06-02T21:10:00Z,46.2
Josh,6/9/2026 9:02,6/2/2026,2026-06-02T21:15:00Z,31.6
Josh,6/9/2026 9:02,6/2/2026,2026-06-02T21:25:00Z,29.3
Josh,6/9/2026 9:02,6/2/2026,2026-06-02T21:40:00Z,42.2
Josh,6/9/2026 9:02,6/2/2026,2026-06-02T21:50:00Z,38.4
Josh,6/9/2026 9:02,6/2/2026,2026-06-02T21:55:00Z,36.8
Josh,6/9/2026 9:02,6/2/2026,2026-06-02T22:10:00Z,37.4
Josh,6/9/2026 9:02,6/2/2026,2026-06-02T22:15:00Z,36.1
Josh,6/9/2026 9:02,6/2/2026,2026-06-02T22:25:00Z,33.4
Josh,6/9/2026 9:02,6/2/2026,2026-06-02T22:50:00Z,33.5
Josh,6/9/2026 9:02,6/2/2026,2026-06-02T22:55:00Z,41
Josh,6/9/2026 9:02,6/2/2026,2026-06-02T23:05:00Z,29
Josh,6/9/2026 9:02,6/2/2026,2026-06-02T23:20:00Z,44.5
Josh,6/9/2026 9:02,6/2/2026,2026-06-02T23:25:00Z,37.8
Josh,6/9/2026 9:02,6/2/2026,2026-06-02T23:30:00Z,46.6
Josh,6/9/2026 9:02,6/2/2026,2026-06-02T23:45:00Z,30.9
Josh,6/9/2026 9:02,6/2/2026,2026-06-02T23:50:00Z,43.2
Josh,6/9/2026 9:02,6/3/2026,2026-06-03T00:00:00Z,49.9
Josh,6/9/2026 9:02,6/3/2026,2026-06-03T00:05:00Z,55.3
Josh,6/9/2026 9:02,6/3/2026,2026-06-03T00:10:00Z,52.4
Josh,6/9/2026 9:02,6/3/2026,2026-06-03T00:15:00Z,52.9
Josh,6/9/2026 9:02,6/3/2026,2026-06-03T00:20:00Z,56.9
Josh,6/9/2026 9:02,6/3/2026,2026-06-03T00:25:00Z,60.5
Josh,6/9/2026 9:02,6/3/2026,2026-06-03T00:30:00Z,46.7
Josh,6/9/2026 9:02,6/3/2026,2026-06-03T00:35:00Z,57.1
Josh,6/9/2026 9:02,6/3/2026,2026-06-03T00:40:00Z,54.7
Josh,6/9/2026 9:02,6/3/2026,2026-06-03T00:45:00Z,61.3
Josh,6/9/2026 9:02,6/3/2026,2026-06-03T00:50:00Z,63.9
Josh,6/9/2026 9:02,6/3/2026,2026-06-03T00:55:00Z,60.6
Josh,6/9/2026 9:02,6/3/2026,2026-06-03T01:00:00Z,60.2
Josh,6/9/2026 9:02,6/3/2026,2026-06-03T01:05:00Z,63.7
Josh,6/9/2026 9:02,6/3/2026,2026-06-03T01:10:00Z,67.2
Josh,6/9/2026 9:02,6/3/2026,2026-06-03T01:15:00Z,61
Josh,6/9/2026 9:02,6/3/2026,2026-06-03T01:20:00Z,64.2
Josh,6/9/2026 9:02,6/3/2026,2026-06-03T01:25:00Z,70
Josh,6/9/2026 9:02,6/3/2026,2026-06-03T01:30:00Z,66.6
Josh,6/9/2026 9:02,6/3/2026,2026-06-03T01:35:00Z,65.4
Josh,6/9/2026 9:02,6/3/2026,2026-06-03T01:40:00Z,71.5
Josh,6/9/2026 9:02,6/3/2026,2026-06-03T01:45:00Z,70.7
Josh,6/9/2026 9:02,6/3/2026,2026-06-03T01:50:00Z,65.3
Josh,6/9/2026 9:02,6/3/2026,2026-06-03T01:55:00Z,60.2
Josh,6/9/2026 9:02,6/3/2026,2026-06-03T02:00:00Z,63
Josh,6/9/2026 9:02,6/3/2026,2026-06-03T02:05:00Z,65.8
Josh,6/9/2026 9:02,6/3/2026,2026-06-03T02:10:00Z,71.1
Josh,6/9/2026 9:02,6/3/2026,2026-06-03T02:15:00Z,65.3
Josh,6/9/2026 9:02,6/3/2026,2026-06-03T02:20:00Z,67
Josh,6/9/2026 9:02,6/3/2026,2026-06-03T02:25:00Z,74.8
Josh,6/9/2026 9:02,6/3/2026,2026-06-03T02:30:00Z,62.1
Josh,6/9/2026 9:02,6/3/2026,2026-06-03T02:35:00Z,73.5
Josh,6/9/2026 9:02,6/3/2026,2026-06-03T02:40:00Z,70.7
Josh,6/9/2026 9:02,6/3/2026,2026-06-03T02:45:00Z,60.5
Josh,6/9/2026 9:02,6/3/2026,2026-06-03T02:50:00Z,57.7
Josh,6/9/2026 9:02,6/3/2026,2026-06-03T02:55:00Z,73
Josh,6/9/2026 9:02,6/3/2026,2026-06-03T03:00:00Z,67.1
Josh,6/9/2026 9:02,6/3/2026,2026-06-03T03:05:00Z,64.9
Josh,6/9/2026 9:02,6/3/2026,2026-06-03T03:10:00Z,65.9
Josh,6/9/2026 9:02,6/3/2026,2026-06-03T03:15:00Z,58.8
Josh,6/9/2026 9:02,6/3/2026,2026-06-03T03:20:00Z,74.8
Josh,6/9/2026 9:02,6/3/2026,2026-06-03T03:25:00Z,70.5
Josh,6/9/2026 9:02,6/3/2026,2026-06-03T03:30:00Z,65.1
Josh,6/9/2026 9:02,6/3/2026,2026-06-03T03:35:00Z,71.8
Josh,6/9/2026 9:02,6/3/2026,2026-06-03T03:40:00Z,62.3
Josh,6/9/2026 9:02,6/3/2026,2026-06-03T03:45:00Z,69.8
Josh,6/9/2026 9:02,6/3/2026,2026-06-03T03:50:00Z,67.2
Josh,6/9/2026 9:02,6/3/2026,2026-06-03T03:55:00Z,65.6
Josh,6/9/2026 9:02,6/3/2026,2026-06-03T04:00:00Z,64.7
Josh,6/9/2026 9:02,6/3/2026,2026-06-03T04:05:00Z,60.7
Josh,6/9/2026 9:02,6/3/2026,2026-06-03T04:10:00Z,69.6
Josh,6/9/2026 9:02,6/3/2026,2026-06-03T04:15:00Z,63.4
Josh,6/9/2026 9:02,6/3/2026,2026-06-03T04:20:00Z,61.5
Josh,6/9/2026 9:02,6/3/2026,2026-06-03T04:25:00Z,61.7
Josh,6/9/2026 9:02,6/3/2026,2026-06-03T04:30:00Z,55.9
Josh,6/9/2026 9:02,6/3/2026,2026-06-03T04:35:00Z,63
Josh,6/9/2026 9:02,6/3/2026,2026-06-03T04:40:00Z,58.5
Josh,6/9/2026 9:02,6/3/2026,2026-06-03T04:45:00Z,61.5
Josh,6/9/2026 9:02,6/3/2026,2026-06-03T04:50:00Z,55.7
Josh,6/9/2026 9:02,6/3/2026,2026-06-03T04:55:00Z,53.5
Josh,6/9/2026 9:02,6/3/2026,2026-06-03T05:00:00Z,58.8
Josh,6/9/2026 9:02,6/3/2026,2026-06-03T05:05:00Z,57.2
Josh,6/9/2026 9:02,6/3/2026,2026-06-03T05:10:00Z,58.1
Josh,6/9/2026 9:02,6/3/2026,2026-06-03T05:15:00Z,56
Josh,6/9/2026 9:02,6/3/2026,2026-06-03T05:20:00Z,54.6
Josh,6/9/2026 9:02,6/3/2026,2026-06-03T05:25:00Z,56.4
Josh,6/9/2026 9:02,6/3/2026,2026-06-03T05:30:00Z,50.1
Josh,6/9/2026 9:02,6/3/2026,2026-06-03T05:35:00Z,55.2
Josh,6/9/2026 9:02,6/3/2026,2026-06-03T05:40:00Z,57.1
Josh,6/9/2026 9:02,6/3/2026,2026-06-03T05:45:00Z,54.2
Josh,6/9/2026 9:02,6/3/2026,2026-06-03T05:50:00Z,54.1
Josh,6/9/2026 9:02,6/3/2026,2026-06-03T05:55:00Z,50.8
Josh,6/9/2026 9:02,6/3/2026,2026-06-03T06:00:00Z,47.5
Josh,6/9/2026 9:02,6/3/2026,2026-06-03T06:05:00Z,48.1
Josh,6/9/2026 9:02,6/3/2026,2026-06-03T06:10:00Z,46.6
Josh,6/9/2026 9:02,6/3/2026,2026-06-03T06:15:00Z,50.1
Josh,6/9/2026 9:02,6/3/2026,2026-06-03T06:20:00Z,47.1
Josh,6/9/2026 9:02,6/3/2026,2026-06-03T06:25:00Z,45.6
Josh,6/9/2026 9:02,6/3/2026,2026-06-03T06:30:00Z,40.9
Josh,6/9/2026 9:02,6/3/2026,2026-06-03T06:35:00Z,38.7
Josh,6/9/2026 9:02,6/3/2026,2026-06-03T06:40:00Z,41.8
Josh,6/9/2026 9:02,6/3/2026,2026-06-03T06:45:00Z,46.7
Josh,6/9/2026 9:02,6/3/2026,2026-06-03T06:50:00Z,38.9
Josh,6/9/2026 9:02,6/3/2026,2026-06-03T06:55:00Z,29.5
Josh,6/9/2026 9:02,6/3/2026,2026-06-03T07:00:00Z,39
Josh,6/9/2026 9:02,6/3/2026,2026-06-03T07:05:00Z,42.3
Josh,6/9/2026 9:02,6/3/2026,2026-06-03T07:10:00Z,39.1
Josh,6/9/2026 9:02,6/3/2026,2026-06-03T07:15:00Z,36.9
Josh,6/9/2026 9:02,6/3/2026,2026-06-03T07:20:00Z,32.7
Josh,6/9/2026 9:02,6/3/2026,2026-06-03T07:25:00Z,33.1
Josh,6/9/2026 9:02,6/3/2026,2026-06-03T07:30:00Z,31.4
Josh,6/9/2026 9:02,6/3/2026,2026-06-03T07:50:00Z,42.2
Josh,6/9/2026 9:02,6/3/2026,2026-06-03T08:00:00Z,39.7
Josh,6/9/2026 9:02,6/3/2026,2026-06-03T08:05:00Z,35.6
Josh,6/9/2026 9:02,6/3/2026,2026-06-03T08:10:00Z,41.6
Josh,6/9/2026 9:02,6/3/2026,2026-06-03T08:15:00Z,38.3
Josh,6/9/2026 9:02,6/3/2026,2026-06-03T08:50:00Z,39.2
Josh,6/9/2026 9:02,6/3/2026,2026-06-03T08:55:00Z,38
Josh,6/9/2026 9:02,6/3/2026,2026-06-03T09:00:00Z,47.3
Josh,6/9/2026 9:02,6/3/2026,2026-06-03T09:15:00Z,29.2
Josh,6/9/2026 9:02,6/3/2026,2026-06-03T09:20:00Z,40.8
Josh,6/9/2026 9:02,6/3/2026,2026-06-03T09:25:00Z,40.5
Josh,6/9/2026 9:02,6/3/2026,2026-06-03T09:30:00Z,42.7
Josh,6/9/2026 9:02,6/3/2026,2026-06-03T09:35:00Z,32.1
Josh,6/9/2026 9:02,6/3/2026,2026-06-03T09:40:00Z,36.5
Josh,6/9/2026 9:02,6/3/2026,2026-06-03T09:55:00Z,34.4
Josh,6/9/2026 9:02,6/3/2026,2026-06-03T10:00:00Z,42.6
Josh,6/9/2026 9:02,6/3/2026,2026-06-03T10:15:00Z,29.3
Josh,6/9/2026 9:02,6/3/2026,2026-06-03T10:45:00Z,43.5
Josh,6/9/2026 9:02,6/3/2026,2026-06-03T10:50:00Z,38.7
Josh,6/9/2026 9:02,6/3/2026,2026-06-03T11:25:00Z,32.5
Josh,6/9/2026 9:02,6/3/2026,2026-06-03T11:35:00Z,30.8
Josh,6/9/2026 9:02,6/3/2026,2026-06-03T13:20:00Z,31.7
Josh,6/9/2026 9:02,6/3/2026,2026-06-03T13:30:00Z,36
Josh,6/9/2026 9:02,6/3/2026,2026-06-03T13:50:00Z,39.2
Josh,6/9/2026 9:02,6/3/2026,2026-06-03T13:55:00Z,32
Josh,6/9/2026 9:02,6/3/2026,2026-06-03T14:05:00Z,38.8
Josh,6/9/2026 9:02,6/3/2026,2026-06-03T14:10:00Z,34.3
Josh,6/9/2026 9:02,6/3/2026,2026-06-03T14:30:00Z,44.6
Josh,6/9/2026 9:02,6/3/2026,2026-06-03T14:35:00Z,33.2
Josh,6/9/2026 9:02,6/3/2026,2026-06-03T14:40:00Z,31.1
Josh,6/9/2026 9:02,6/3/2026,2026-06-03T14:45:00Z,31.9
Josh,6/9/2026 9:02,6/3/2026,2026-06-03T14:50:00Z,35.9
Josh,6/9/2026 9:02,6/3/2026,2026-06-03T15:00:00Z,40.8
Josh,6/9/2026 9:02,6/3/2026,2026-06-03T15:15:00Z,29.5
Josh,6/9/2026 9:02,6/3/2026,2026-06-03T15:35:00Z,45.5
Josh,6/9/2026 9:02,6/3/2026,2026-06-03T15:40:00Z,26.1
Josh,6/9/2026 9:02,6/3/2026,2026-06-03T15:45:00Z,37.4
Josh,6/9/2026 9:02,6/3/2026,2026-06-03T15:50:00Z,36.5
Josh,6/9/2026 9:02,6/3/2026,2026-06-03T16:05:00Z,27.8
Josh,6/9/2026 9:02,6/3/2026,2026-06-03T16:10:00Z,36.7
Josh,6/9/2026 9:02,6/3/2026,2026-06-03T16:15:00Z,39.7
Josh,6/9/2026 9:02,6/3/2026,2026-06-03T16:20:00Z,40.7
Josh,6/9/2026 9:02,6/3/2026,2026-06-03T16:50:00Z,38.4
Josh,6/9/2026 9:02,6/3/2026,2026-06-03T16:55:00Z,39.5
Josh,6/9/2026 9:02,6/3/2026,2026-06-03T17:10:00Z,33
Josh,6/9/2026 9:02,6/3/2026,2026-06-03T17:15:00Z,39.7
Josh,6/9/2026 9:02,6/3/2026,2026-06-03T17:25:00Z,44.9
Josh,6/9/2026 9:02,6/3/2026,2026-06-03T19:10:00Z,31.6
Josh,6/9/2026 9:02,6/3/2026,2026-06-03T19:15:00Z,37.6
Josh,6/9/2026 9:02,6/3/2026,2026-06-03T19:20:00Z,34.7
Josh,6/9/2026 9:02,6/3/2026,2026-06-03T19:30:00Z,36.9
Josh,6/9/2026 9:02,6/3/2026,2026-06-03T19:40:00Z,29.4
Josh,6/9/2026 9:02,6/3/2026,2026-06-03T19:45:00Z,29.5
Josh,6/9/2026 9:02,6/3/2026,2026-06-03T20:15:00Z,31.7
Josh,6/9/2026 9:02,6/3/2026,2026-06-03T20:25:00Z,43.8
Josh,6/9/2026 9:02,6/3/2026,2026-06-03T20:30:00Z,36.1
Josh,6/9/2026 9:02,6/3/2026,2026-06-03T20:35:00Z,31
Josh,6/9/2026 9:02,6/3/2026,2026-06-03T20:45:00Z,38.4
Josh,6/9/2026 9:02,6/3/2026,2026-06-03T20:55:00Z,27.7
Josh,6/9/2026 9:02,6/3/2026,2026-06-03T21:00:00Z,33.3
Josh,6/9/2026 9:02,6/3/2026,2026-06-03T21:05:00Z,42.5
Josh,6/9/2026 9:02,6/3/2026,2026-06-03T21:10:00Z,34.9
Josh,6/9/2026 9:02,6/3/2026,2026-06-03T21:15:00Z,36.2
Josh,6/9/2026 9:02,6/3/2026,2026-06-03T21:25:00Z,43.7
Josh,6/9/2026 9:02,6/3/2026,2026-06-03T21:30:00Z,33.5
Josh,6/9/2026 9:02,6/3/2026,2026-06-03T21:35:00Z,42.5
Josh,6/9/2026 9:02,6/3/2026,2026-06-03T21:40:00Z,36.1
Josh,6/9/2026 9:02,6/3/2026,2026-06-03T21:55:00Z,43.7
Josh,6/9/2026 9:02,6/3/2026,2026-06-03T22:00:00Z,45.6
Josh,6/9/2026 9:02,6/3/2026,2026-06-03T22:05:00Z,30.8
Josh,6/9/2026 9:02,6/3/2026,2026-06-03T22:10:00Z,41.1
Josh,6/9/2026 9:02,6/3/2026,2026-06-03T22:15:00Z,30
Josh,6/9/2026 9:02,6/3/2026,2026-06-03T22:25:00Z,40
Josh,6/9/2026 9:02,6/3/2026,2026-06-03T22:35:00Z,41.2
Josh,6/9/2026 9:02,6/3/2026,2026-06-03T22:40:00Z,34.7
Josh,6/9/2026 9:02,6/3/2026,2026-06-03T22:45:00Z,41.2
Josh,6/9/2026 9:02,6/3/2026,2026-06-03T23:00:00Z,40.8
Josh,6/9/2026 9:02,6/3/2026,2026-06-03T23:05:00Z,35.5
Josh,6/9/2026 9:02,6/3/2026,2026-06-03T23:35:00Z,31.8
Josh,6/9/2026 9:02,6/3/2026,2026-06-03T23:40:00Z,36.6
Josh,6/9/2026 9:02,6/3/2026,2026-06-03T23:45:00Z,44.2
Josh,6/9/2026 9:02,6/4/2026,2026-06-04T00:00:00Z,47.3
Josh,6/9/2026 9:02,6/4/2026,2026-06-04T00:05:00Z,50
Josh,6/9/2026 9:02,6/4/2026,2026-06-04T00:10:00Z,56.9
Josh,6/9/2026 9:02,6/4/2026,2026-06-04T00:15:00Z,56
Josh,6/9/2026 9:02,6/4/2026,2026-06-04T00:20:00Z,47.5
Josh,6/9/2026 9:02,6/4/2026,2026-06-04T00:25:00Z,57
Josh,6/9/2026 9:02,6/4/2026,2026-06-04T00:30:00Z,56.3
Josh,6/9/2026 9:02,6/4/2026,2026-06-04T00:35:00Z,67.2
Josh,6/9/2026 9:02,6/4/2026,2026-06-04T00:40:00Z,59.7
Josh,6/9/2026 9:02,6/4/2026,2026-06-04T00:45:00Z,56.9
Josh,6/9/2026 9:02,6/4/2026,2026-06-04T00:50:00Z,58.8
Josh,6/9/2026 9:02,6/4/2026,2026-06-04T00:55:00Z,57.9
Josh,6/9/2026 9:02,6/4/2026,2026-06-04T01:00:00Z,62.5
Josh,6/9/2026 9:02,6/4/2026,2026-06-04T01:05:00Z,60.9
Josh,6/9/2026 9:02,6/4/2026,2026-06-04T01:10:00Z,66
Josh,6/9/2026 9:02,6/4/2026,2026-06-04T01:15:00Z,66.3
Josh,6/9/2026 9:02,6/4/2026,2026-06-04T01:20:00Z,57.4
Josh,6/9/2026 9:02,6/4/2026,2026-06-04T01:25:00Z,61.1
Josh,6/9/2026 9:02,6/4/2026,2026-06-04T01:30:00Z,70.7
Josh,6/9/2026 9:02,6/4/2026,2026-06-04T01:35:00Z,66
Josh,6/9/2026 9:02,6/4/2026,2026-06-04T01:40:00Z,68.3
Josh,6/9/2026 9:02,6/4/2026,2026-06-04T01:45:00Z,68.9
Josh,6/9/2026 9:02,6/4/2026,2026-06-04T01:50:00Z,67.9
Josh,6/9/2026 9:02,6/4/2026,2026-06-04T01:55:00Z,73.4
Josh,6/9/2026 9:02,6/4/2026,2026-06-04T02:00:00Z,58.8
Josh,6/9/2026 9:02,6/4/2026,2026-06-04T02:05:00Z,67.7
Josh,6/9/2026 9:02,6/4/2026,2026-06-04T02:10:00Z,70.4
Josh,6/9/2026 9:02,6/4/2026,2026-06-04T02:15:00Z,65.9
Josh,6/9/2026 9:02,6/4/2026,2026-06-04T02:20:00Z,64.5
Josh,6/9/2026 9:02,6/4/2026,2026-06-04T02:25:00Z,71.4
Josh,6/9/2026 9:02,6/4/2026,2026-06-04T02:30:00Z,61.3
Josh,6/9/2026 9:02,6/4/2026,2026-06-04T02:35:00Z,65.5
Josh,6/9/2026 9:02,6/4/2026,2026-06-04T02:40:00Z,56.5
Josh,6/9/2026 9:02,6/4/2026,2026-06-04T02:45:00Z,70.3
Josh,6/9/2026 9:02,6/4/2026,2026-06-04T02:50:00Z,64.2
Josh,6/9/2026 9:02,6/4/2026,2026-06-04T02:55:00Z,71.3
Josh,6/9/2026 9:02,6/4/2026,2026-06-04T03:00:00Z,67.7
Josh,6/9/2026 9:02,6/4/2026,2026-06-04T03:05:00Z,72.4
Josh,6/9/2026 9:02,6/4/2026,2026-06-04T03:10:00Z,67.1
Josh,6/9/2026 9:02,6/4/2026,2026-06-04T03:15:00Z,59.3
Josh,6/9/2026 9:02,6/4/2026,2026-06-04T03:20:00Z,72.9
Josh,6/9/2026 9:02,6/4/2026,2026-06-04T03:25:00Z,65.8
Josh,6/9/2026 9:02,6/4/2026,2026-06-04T03:30:00Z,63.2
Josh,6/9/2026 9:02,6/4/2026,2026-06-04T03:35:00Z,55.5
Josh,6/9/2026 9:02,6/4/2026,2026-06-04T03:40:00Z,63.8
Josh,6/9/2026 9:02,6/4/2026,2026-06-04T03:45:00Z,69.8
Josh,6/9/2026 9:02,6/4/2026,2026-06-04T03:50:00Z,69.5
Josh,6/9/2026 9:02,6/4/2026,2026-06-04T03:55:00Z,72.3
Josh,6/9/2026 9:02,6/4/2026,2026-06-04T04:00:00Z,69.2
Josh,6/9/2026 9:02,6/4/2026,2026-06-04T04:05:00Z,78
Josh,6/9/2026 9:02,6/4/2026,2026-06-04T04:10:00Z,69.5
Josh,6/9/2026 9:02,6/4/2026,2026-06-04T04:15:00Z,70.7
Josh,6/9/2026 9:02,6/4/2026,2026-06-04T04:20:00Z,65.6
Josh,6/9/2026 9:02,6/4/2026,2026-06-04T04:25:00Z,65.9
Josh,6/9/2026 9:02,6/4/2026,2026-06-04T04:30:00Z,60
Josh,6/9/2026 9:02,6/4/2026,2026-06-04T04:35:00Z,56.5
Josh,6/9/2026 9:02,6/4/2026,2026-06-04T04:40:00Z,60.6
Josh,6/9/2026 9:02,6/4/2026,2026-06-04T04:45:00Z,60
Josh,6/9/2026 9:02,6/4/2026,2026-06-04T04:50:00Z,61.7
Josh,6/9/2026 9:02,6/4/2026,2026-06-04T04:55:00Z,61.9
Josh,6/9/2026 9:02,6/4/2026,2026-06-04T05:00:00Z,60.5
Josh,6/9/2026 9:02,6/4/2026,2026-06-04T05:05:00Z,58.5
Josh,6/9/2026 9:02,6/4/2026,2026-06-04T05:10:00Z,55.6
Josh,6/9/2026 9:02,6/4/2026,2026-06-04T05:15:00Z,55.5
Josh,6/9/2026 9:02,6/4/2026,2026-06-04T05:20:00Z,58.2
Josh,6/9/2026 9:02,6/4/2026,2026-06-04T05:25:00Z,50.8
Josh,6/9/2026 9:02,6/4/2026,2026-06-04T05:30:00Z,52.4
Josh,6/9/2026 9:02,6/4/2026,2026-06-04T05:35:00Z,52
Josh,6/9/2026 9:02,6/4/2026,2026-06-04T05:40:00Z,61.2
Josh,6/9/2026 9:02,6/4/2026,2026-06-04T05:45:00Z,54.5
Josh,6/9/2026 9:02,6/4/2026,2026-06-04T05:50:00Z,47.8
Josh,6/9/2026 9:02,6/4/2026,2026-06-04T05:55:00Z,49.1
Josh,6/9/2026 9:02,6/4/2026,2026-06-04T06:00:00Z,54.3
Josh,6/9/2026 9:02,6/4/2026,2026-06-04T06:05:00Z,50.8
Josh,6/9/2026 9:02,6/4/2026,2026-06-04T06:10:00Z,40.1
Josh,6/9/2026 9:02,6/4/2026,2026-06-04T06:15:00Z,51.4
Josh,6/9/2026 9:02,6/4/2026,2026-06-04T06:20:00Z,46.6
Josh,6/9/2026 9:02,6/4/2026,2026-06-04T06:25:00Z,48.1
Josh,6/9/2026 9:02,6/4/2026,2026-06-04T06:30:00Z,44.2
Josh,6/9/2026 9:02,6/4/2026,2026-06-04T06:35:00Z,43.1
Josh,6/9/2026 9:02,6/4/2026,2026-06-04T06:40:00Z,42.7
Josh,6/9/2026 9:02,6/4/2026,2026-06-04T06:45:00Z,42.6
Josh,6/9/2026 9:02,6/4/2026,2026-06-04T06:50:00Z,41.2
Josh,6/9/2026 9:02,6/4/2026,2026-06-04T06:55:00Z,36.5
Josh,6/9/2026 9:02,6/4/2026,2026-06-04T07:00:00Z,36
Josh,6/9/2026 9:02,6/4/2026,2026-06-04T07:05:00Z,36.9
Josh,6/9/2026 9:02,6/4/2026,2026-06-04T07:10:00Z,38.6
Josh,6/9/2026 9:02,6/4/2026,2026-06-04T07:15:00Z,40.2
Josh,6/9/2026 9:02,6/4/2026,2026-06-04T07:20:00Z,37.3
Josh,6/9/2026 9:02,6/4/2026,2026-06-04T07:25:00Z,32.5
Josh,6/9/2026 9:02,6/4/2026,2026-06-04T07:30:00Z,33.5
Josh,6/9/2026 9:02,6/4/2026,2026-06-04T07:35:00Z,36.7
Josh,6/9/2026 9:02,6/4/2026,2026-06-04T07:40:00Z,29.7
Josh,6/9/2026 9:02,6/4/2026,2026-06-04T07:45:00Z,39.2
Josh,6/9/2026 9:02,6/4/2026,2026-06-04T07:50:00Z,34.8
Josh,6/9/2026 9:02,6/4/2026,2026-06-04T07:55:00Z,35
Josh,6/9/2026 9:02,6/4/2026,2026-06-04T08:05:00Z,39.9
Josh,6/9/2026 9:02,6/4/2026,2026-06-04T09:00:00Z,43.1
Josh,6/9/2026 9:02,6/4/2026,2026-06-04T09:05:00Z,27.4
Josh,6/9/2026 9:02,6/4/2026,2026-06-04T09:10:00Z,41.7
Josh,6/9/2026 9:02,6/4/2026,2026-06-04T09:20:00Z,39.7
Josh,6/9/2026 9:02,6/4/2026,2026-06-04T09:25:00Z,33.9
Josh,6/9/2026 9:02,6/4/2026,2026-06-04T09:30:00Z,37.9
Josh,6/9/2026 9:02,6/4/2026,2026-06-04T09:35:00Z,38.5
Josh,6/9/2026 9:02,6/4/2026,2026-06-04T09:50:00Z,37.5
Josh,6/9/2026 9:02,6/4/2026,2026-06-04T09:55:00Z,42.3
Josh,6/9/2026 9:02,6/4/2026,2026-06-04T10:15:00Z,36.6
Josh,6/9/2026 9:02,6/4/2026,2026-06-04T10:50:00Z,38.6
Josh,6/9/2026 9:02,6/4/2026,2026-06-04T10:55:00Z,33.9
Josh,6/9/2026 9:02,6/4/2026,2026-06-04T11:05:00Z,38.1
Josh,6/9/2026 9:02,6/4/2026,2026-06-04T11:10:00Z,39.8
Josh,6/9/2026 9:02,6/4/2026,2026-06-04T11:30:00Z,34.2
Josh,6/9/2026 9:02,6/4/2026,2026-06-04T11:35:00Z,37.5
Josh,6/9/2026 9:02,6/4/2026,2026-06-04T13:10:00Z,31.7
Josh,6/9/2026 9:02,6/4/2026,2026-06-04T13:20:00Z,31.5
Josh,6/9/2026 9:02,6/4/2026,2026-06-04T13:40:00Z,39.2
Josh,6/9/2026 9:02,6/4/2026,2026-06-04T13:50:00Z,30.2
Josh,6/9/2026 9:02,6/4/2026,2026-06-04T14:00:00Z,39
Josh,6/9/2026 9:02,6/4/2026,2026-06-04T14:05:00Z,39.9
Josh,6/9/2026 9:02,6/4/2026,2026-06-04T14:15:00Z,34.5
Josh,6/9/2026 9:02,6/4/2026,2026-06-04T14:20:00Z,35.4
Josh,6/9/2026 9:02,6/4/2026,2026-06-04T14:25:00Z,33.7
Josh,6/9/2026 9:02,6/4/2026,2026-06-04T14:30:00Z,37.2
Josh,6/9/2026 9:02,6/4/2026,2026-06-04T14:45:00Z,34.1
Josh,6/9/2026 9:02,6/4/2026,2026-06-04T14:55:00Z,39.9
Josh,6/9/2026 9:02,6/4/2026,2026-06-04T15:05:00Z,31
Josh,6/9/2026 9:02,6/4/2026,2026-06-04T15:10:00Z,36.8
Josh,6/9/2026 9:02,6/4/2026,2026-06-04T15:15:00Z,33.4
Josh,6/9/2026 9:02,6/4/2026,2026-06-04T15:20:00Z,44.8
Josh,6/9/2026 9:02,6/4/2026,2026-06-04T15:25:00Z,31.5
Josh,6/9/2026 9:02,6/4/2026,2026-06-04T15:35:00Z,39.8
Josh,6/9/2026 9:02,6/4/2026,2026-06-04T15:40:00Z,35.3
Josh,6/9/2026 9:02,6/4/2026,2026-06-04T15:45:00Z,34.7
Josh,6/9/2026 9:02,6/4/2026,2026-06-04T15:55:00Z,30.3
Josh,6/9/2026 9:02,6/4/2026,2026-06-04T16:00:00Z,31.3
Josh,6/9/2026 9:02,6/4/2026,2026-06-04T16:05:00Z,36.2
Josh,6/9/2026 9:02,6/4/2026,2026-06-04T16:10:00Z,35.8
Josh,6/9/2026 9:02,6/4/2026,2026-06-04T16:30:00Z,39.6
Josh,6/9/2026 9:02,6/4/2026,2026-06-04T16:35:00Z,39.2
Josh,6/9/2026 9:02,6/4/2026,2026-06-04T16:50:00Z,33.4
Josh,6/9/2026 9:02,6/4/2026,2026-06-04T17:10:00Z,44.2
Josh,6/9/2026 9:02,6/4/2026,2026-06-04T17:15:00Z,40.5
Josh,6/9/2026 9:02,6/4/2026,2026-06-04T19:15:00Z,31.2
Josh,6/9/2026 9:02,6/4/2026,2026-06-04T19:20:00Z,30.4
Josh,6/9/2026 9:02,6/4/2026,2026-06-04T19:25:00Z,38.7
Josh,6/9/2026 9:02,6/4/2026,2026-06-04T19:30:00Z,33.3
Josh,6/9/2026 9:02,6/4/2026,2026-06-04T19:35:00Z,39.5
Josh,6/9/2026 9:02,6/4/2026,2026-06-04T20:00:00Z,32.8
Josh,6/9/2026 9:02,6/4/2026,2026-06-04T20:05:00Z,40.2
Josh,6/9/2026 9:02,6/4/2026,2026-06-04T20:10:00Z,47.4
Josh,6/9/2026 9:02,6/4/2026,2026-06-04T20:15:00Z,32.4
Josh,6/9/2026 9:02,6/4/2026,2026-06-04T20:20:00Z,40.7
Josh,6/9/2026 9:02,6/4/2026,2026-06-04T20:35:00Z,45.8
Josh,6/9/2026 9:02,6/4/2026,2026-06-04T20:40:00Z,38.5
Josh,6/9/2026 9:02,6/4/2026,2026-06-04T20:45:00Z,37.9
Josh,6/9/2026 9:02,6/4/2026,2026-06-04T20:55:00Z,40.4
Josh,6/9/2026 9:02,6/4/2026,2026-06-04T21:00:00Z,38.9
Josh,6/9/2026 9:02,6/4/2026,2026-06-04T21:10:00Z,33.2
Josh,6/9/2026 9:02,6/4/2026,2026-06-04T21:25:00Z,32.9
Josh,6/9/2026 9:02,6/4/2026,2026-06-04T21:30:00Z,34.9
Josh,6/9/2026 9:02,6/4/2026,2026-06-04T21:50:00Z,39.6
Josh,6/9/2026 9:02,6/4/2026,2026-06-04T21:55:00Z,40.8
Josh,6/9/2026 9:02,6/4/2026,2026-06-04T22:10:00Z,36.1
Josh,6/9/2026 9:02,6/4/2026,2026-06-04T22:15:00Z,38.1
Josh,6/9/2026 9:02,6/4/2026,2026-06-04T22:30:00Z,33.5
Josh,6/9/2026 9:02,6/4/2026,2026-06-04T22:40:00Z,36.5
Josh,6/9/2026 9:02,6/4/2026,2026-06-04T22:45:00Z,38.2
Josh,6/9/2026 9:02,6/4/2026,2026-06-04T22:55:00Z,34.7
Josh,6/9/2026 9:02,6/4/2026,2026-06-04T23:20:00Z,39.4
Josh,6/9/2026 9:02,6/4/2026,2026-06-04T23:25:00Z,44.5
Josh,6/9/2026 9:02,6/4/2026,2026-06-04T23:40:00Z,36.7
Josh,6/9/2026 9:02,6/4/2026,2026-06-04T23:55:00Z,33.6
Josh,6/10/2026 9:10,6/5/2026,2026-06-05T00:00:00Z,46.8
Josh,6/10/2026 9:10,6/5/2026,2026-06-05T00:05:00Z,51.6
Josh,6/10/2026 9:10,6/5/2026,2026-06-05T00:10:00Z,45.8
Josh,6/10/2026 9:10,6/5/2026,2026-06-05T00:15:00Z,55
Josh,6/10/2026 9:10,6/5/2026,2026-06-05T00:20:00Z,53.9
Josh,6/10/2026 9:10,6/5/2026,2026-06-05T00:25:00Z,51
Josh,6/10/2026 9:10,6/5/2026,2026-06-05T00:30:00Z,51.4
Josh,6/10/2026 9:10,6/5/2026,2026-06-05T00:35:00Z,57.5
Josh,6/10/2026 9:10,6/5/2026,2026-06-05T00:40:00Z,56.3
Josh,6/10/2026 9:10,6/5/2026,2026-06-05T00:45:00Z,63
Josh,6/10/2026 9:10,6/5/2026,2026-06-05T00:50:00Z,54.2
Josh,6/10/2026 9:10,6/5/2026,2026-06-05T00:55:00Z,58.5
Josh,6/10/2026 9:10,6/5/2026,2026-06-05T01:00:00Z,57.8
Josh,6/10/2026 9:10,6/5/2026,2026-06-05T01:05:00Z,62.9
Josh,6/10/2026 9:10,6/5/2026,2026-06-05T01:10:00Z,57.5
Josh,6/10/2026 9:10,6/5/2026,2026-06-05T01:15:00Z,68.8
Josh,6/10/2026 9:10,6/5/2026,2026-06-05T01:20:00Z,66.7
Josh,6/10/2026 9:10,6/5/2026,2026-06-05T01:25:00Z,66.6
Josh,6/10/2026 9:10,6/5/2026,2026-06-05T01:30:00Z,71.2
Josh,6/10/2026 9:10,6/5/2026,2026-06-05T01:35:00Z,69.8
Josh,6/10/2026 9:10,6/5/2026,2026-06-05T01:40:00Z,59
Josh,6/10/2026 9:10,6/5/2026,2026-06-05T01:45:00Z,71.1
Josh,6/10/2026 9:10,6/5/2026,2026-06-05T01:50:00Z,72.5
Josh,6/10/2026 9:10,6/5/2026,2026-06-05T01:55:00Z,71.1
Josh,6/10/2026 9:10,6/5/2026,2026-06-05T02:00:00Z,67.1
Josh,6/10/2026 9:10,6/5/2026,2026-06-05T02:05:00Z,68.7
Josh,6/10/2026 9:10,6/5/2026,2026-06-05T02:10:00Z,67.4
Josh,6/10/2026 9:10,6/5/2026,2026-06-05T02:15:00Z,63.6
Josh,6/10/2026 9:10,6/5/2026,2026-06-05T02:20:00Z,69
Josh,6/10/2026 9:10,6/5/2026,2026-06-05T02:25:00Z,56.2
Josh,6/10/2026 9:10,6/5/2026,2026-06-05T02:30:00Z,67.4
Josh,6/10/2026 9:10,6/5/2026,2026-06-05T02:35:00Z,62.7
Josh,6/10/2026 9:10,6/5/2026,2026-06-05T02:40:00Z,59.3
Josh,6/10/2026 9:10,6/5/2026,2026-06-05T02:45:00Z,66.8
Josh,6/10/2026 9:10,6/5/2026,2026-06-05T02:50:00Z,67.1
Josh,6/10/2026 9:10,6/5/2026,2026-06-05T02:55:00Z,67.9
Josh,6/10/2026 9:10,6/5/2026,2026-06-05T03:00:00Z,73.1
Josh,6/10/2026 9:10,6/5/2026,2026-06-05T03:05:00Z,56.3
Josh,6/10/2026 9:10,6/5/2026,2026-06-05T03:10:00Z,65.5
Josh,6/10/2026 9:10,6/5/2026,2026-06-05T03:15:00Z,67
Josh,6/10/2026 9:10,6/5/2026,2026-06-05T03:20:00Z,57.8
Josh,6/10/2026 9:10,6/5/2026,2026-06-05T03:25:00Z,74.8
Josh,6/10/2026 9:10,6/5/2026,2026-06-05T03:30:00Z,70.4
Josh,6/10/2026 9:10,6/5/2026,2026-06-05T03:35:00Z,65.4
Josh,6/10/2026 9:10,6/5/2026,2026-06-05T03:40:00Z,78
Josh,6/10/2026 9:10,6/5/2026,2026-06-05T03:45:00Z,66
Josh,6/10/2026 9:10,6/5/2026,2026-06-05T03:50:00Z,78
Josh,6/10/2026 9:10,6/5/2026,2026-06-05T03:55:00Z,61.2
Josh,6/10/2026 9:10,6/5/2026,2026-06-05T04:00:00Z,71.1
Josh,6/10/2026 9:10,6/5/2026,2026-06-05T04:05:00Z,62.3
Josh,6/10/2026 9:10,6/5/2026,2026-06-05T04:10:00Z,68.5
Josh,6/10/2026 9:10,6/5/2026,2026-06-05T04:15:00Z,61.8
Josh,6/10/2026 9:10,6/5/2026,2026-06-05T04:20:00Z,63.5
Josh,6/10/2026 9:10,6/5/2026,2026-06-05T04:25:00Z,65.2
Josh,6/10/2026 9:10,6/5/2026,2026-06-05T04:30:00Z,56.3
Josh,6/10/2026 9:10,6/5/2026,2026-06-05T04:35:00Z,60.3
Josh,6/10/2026 9:10,6/5/2026,2026-06-05T04:40:00Z,59.8
Josh,6/10/2026 9:10,6/5/2026,2026-06-05T04:45:00Z,59
Josh,6/10/2026 9:10,6/5/2026,2026-06-05T04:50:00Z,63.6
Josh,6/10/2026 9:10,6/5/2026,2026-06-05T04:55:00Z,56.4
Josh,6/10/2026 9:10,6/5/2026,2026-06-05T05:00:00Z,60.1
Josh,6/10/2026 9:10,6/5/2026,2026-06-05T05:05:00Z,59.5
Josh,6/10/2026 9:10,6/5/2026,2026-06-05T05:10:00Z,58.8
Josh,6/10/2026 9:10,6/5/2026,2026-06-05T05:15:00Z,53.8
Josh,6/10/2026 9:10,6/5/2026,2026-06-05T05:20:00Z,49.4
Josh,6/10/2026 9:10,6/5/2026,2026-06-05T05:25:00Z,59.5
Josh,6/10/2026 9:10,6/5/2026,2026-06-05T05:30:00Z,57
Josh,6/10/2026 9:10,6/5/2026,2026-06-05T05:35:00Z,56.9
Josh,6/10/2026 9:10,6/5/2026,2026-06-05T05:40:00Z,56.4
Josh,6/10/2026 9:10,6/5/2026,2026-06-05T05:45:00Z,56.5
Josh,6/10/2026 9:10,6/5/2026,2026-06-05T05:50:00Z,59.7
Josh,6/10/2026 9:10,6/5/2026,2026-06-05T05:55:00Z,54.6
Josh,6/10/2026 9:10,6/5/2026,2026-06-05T06:00:00Z,48.5
Josh,6/10/2026 9:10,6/5/2026,2026-06-05T06:05:00Z,49.7
Josh,6/10/2026 9:10,6/5/2026,2026-06-05T06:10:00Z,47.9
Josh,6/10/2026 9:10,6/5/2026,2026-06-05T06:15:00Z,43
Josh,6/10/2026 9:10,6/5/2026,2026-06-05T06:20:00Z,52
Josh,6/10/2026 9:10,6/5/2026,2026-06-05T06:25:00Z,43.1
Josh,6/10/2026 9:10,6/5/2026,2026-06-05T06:30:00Z,46.8
Josh,6/10/2026 9:10,6/5/2026,2026-06-05T06:35:00Z,45.5
Josh,6/10/2026 9:10,6/5/2026,2026-06-05T06:40:00Z,43.5
Josh,6/10/2026 9:10,6/5/2026,2026-06-05T06:45:00Z,37.3
Josh,6/10/2026 9:10,6/5/2026,2026-06-05T06:50:00Z,44
Josh,6/10/2026 9:10,6/5/2026,2026-06-05T06:55:00Z,40.8
Josh,6/10/2026 9:10,6/5/2026,2026-06-05T07:00:00Z,39.9
Josh,6/10/2026 9:10,6/5/2026,2026-06-05T07:05:00Z,36.3
Josh,6/10/2026 9:10,6/5/2026,2026-06-05T07:10:00Z,38.2
Josh,6/10/2026 9:10,6/5/2026,2026-06-05T07:15:00Z,43.8
Josh,6/10/2026 9:10,6/5/2026,2026-06-05T07:20:00Z,38.7
Josh,6/10/2026 9:10,6/5/2026,2026-06-05T07:25:00Z,36.7
Josh,6/10/2026 9:10,6/5/2026,2026-06-05T07:30:00Z,35.9
Josh,6/10/2026 9:10,6/5/2026,2026-06-05T07:45:00Z,35.8
Josh,6/10/2026 9:10,6/5/2026,2026-06-05T07:50:00Z,35.5
Josh,6/10/2026 9:10,6/5/2026,2026-06-05T07:55:00Z,40.8
Josh,6/10/2026 9:10,6/5/2026,2026-06-05T08:50:00Z,40
Josh,6/10/2026 9:10,6/5/2026,2026-06-05T09:05:00Z,41.8
Josh,6/10/2026 9:10,6/5/2026,2026-06-05T09:15:00Z,31.8
Josh,6/10/2026 9:10,6/5/2026,2026-06-05T09:20:00Z,39.5
Josh,6/10/2026 9:10,6/5/2026,2026-06-05T09:25:00Z,36.6
Josh,6/10/2026 9:10,6/5/2026,2026-06-05T09:35:00Z,35.9
Josh,6/10/2026 9:10,6/5/2026,2026-06-05T09:40:00Z,30.1
Josh,6/10/2026 9:10,6/5/2026,2026-06-05T09:45:00Z,42.8
Josh,6/10/2026 9:10,6/5/2026,2026-06-05T09:50:00Z,28.8
Josh,6/10/2026 9:10,6/5/2026,2026-06-05T10:00:00Z,40.8
Josh,6/10/2026 9:10,6/5/2026,2026-06-05T10:10:00Z,42.2
Josh,6/10/2026 9:10,6/5/2026,2026-06-05T10:20:00Z,25.9
Josh,6/10/2026 9:10,6/5/2026,2026-06-05T10:35:00Z,39.8
Josh,6/10/2026 9:10,6/5/2026,2026-06-05T10:45:00Z,33
Josh,6/10/2026 9:10,6/5/2026,2026-06-05T10:50:00Z,32.7
Josh,6/10/2026 9:10,6/5/2026,2026-06-05T10:55:00Z,36.8
Josh,6/10/2026 9:10,6/5/2026,2026-06-05T11:15:00Z,29.9
Josh,6/10/2026 9:10,6/5/2026,2026-06-05T11:25:00Z,36.2
Josh,6/10/2026 9:10,6/5/2026,2026-06-05T11:35:00Z,44
Josh,6/10/2026 9:10,6/5/2026,2026-06-05T11:45:00Z,34.3
Josh,6/10/2026 9:10,6/5/2026,2026-06-05T11:50:00Z,36.8
Josh,6/10/2026 9:10,6/5/2026,2026-06-05T11:55:00Z,29.6
Josh,6/10/2026 9:10,6/5/2026,2026-06-05T13:15:00Z,31.1
Josh,6/10/2026 9:10,6/5/2026,2026-06-05T13:20:00Z,29.2
Josh,6/10/2026 9:10,6/5/2026,2026-06-05T13:40:00Z,38.2
Josh,6/10/2026 9:10,6/5/2026,2026-06-05T13:50:00Z,44.7
Josh,6/10/2026 9:10,6/5/2026,2026-06-05T13:55:00Z,34.9
Josh,6/10/2026 9:10,6/5/2026,2026-06-05T14:00:00Z,38.5
Josh,6/10/2026 9:10,6/5/2026,2026-06-05T14:05:00Z,45.9
Josh,6/10/2026 9:10,6/5/2026,2026-06-05T14:15:00Z,33.7
Josh,6/10/2026 9:10,6/5/2026,2026-06-05T14:55:00Z,44.1
Josh,6/10/2026 9:10,6/5/2026,2026-06-05T15:00:00Z,34.7
Josh,6/10/2026 9:10,6/5/2026,2026-06-05T15:05:00Z,42.4
Josh,6/10/2026 9:10,6/5/2026,2026-06-05T15:10:00Z,32.8
Josh,6/10/2026 9:10,6/5/2026,2026-06-05T15:15:00Z,47.4
Josh,6/10/2026 9:10,6/5/2026,2026-06-05T15:30:00Z,42
Josh,6/10/2026 9:10,6/5/2026,2026-06-05T15:35:00Z,35.8
Josh,6/10/2026 9:10,6/5/2026,2026-06-05T15:45:00Z,30.7
Josh,6/10/2026 9:10,6/5/2026,2026-06-05T15:50:00Z,38
Josh,6/10/2026 9:10,6/5/2026,2026-06-05T16:00:00Z,33.1
Josh,6/10/2026 9:10,6/5/2026,2026-06-05T16:05:00Z,38.7
Josh,6/10/2026 9:10,6/5/2026,2026-06-05T16:10:00Z,34.7
Josh,6/10/2026 9:10,6/5/2026,2026-06-05T16:25:00Z,39.6
Josh,6/10/2026 9:10,6/5/2026,2026-06-05T16:30:00Z,40
Josh,6/10/2026 9:10,6/5/2026,2026-06-05T16:45:00Z,41.2
Josh,6/10/2026 9:10,6/5/2026,2026-06-05T16:55:00Z,35.5
Josh,6/10/2026 9:10,6/5/2026,2026-06-05T17:05:00Z,32.1
Josh,6/10/2026 9:10,6/5/2026,2026-06-05T17:10:00Z,34.1
Josh,6/10/2026 9:10,6/5/2026,2026-06-05T17:15:00Z,35
Josh,6/10/2026 9:10,6/5/2026,2026-06-05T17:20:00Z,41.5
Josh,6/10/2026 9:10,6/5/2026,2026-06-05T17:25:00Z,47.8
Josh,6/10/2026 9:10,6/5/2026,2026-06-05T19:05:00Z,31.5
Josh,6/10/2026 9:10,6/5/2026,2026-06-05T19:15:00Z,35.1
Josh,6/10/2026 9:10,6/5/2026,2026-06-05T19:30:00Z,43.3
Josh,6/10/2026 9:10,6/5/2026,2026-06-05T19:40:00Z,43.4
Josh,6/10/2026 9:10,6/5/2026,2026-06-05T19:45:00Z,44.2
Josh,6/10/2026 9:10,6/5/2026,2026-06-05T19:50:00Z,34.8
Josh,6/10/2026 9:10,6/5/2026,2026-06-05T20:10:00Z,37.9
Josh,6/10/2026 9:10,6/5/2026,2026-06-05T20:15:00Z,33.1
Josh,6/10/2026 9:10,6/5/2026,2026-06-05T20:35:00Z,37.8
Josh,6/10/2026 9:10,6/5/2026,2026-06-05T20:40:00Z,33.4
Josh,6/10/2026 9:10,6/5/2026,2026-06-05T20:45:00Z,38.4
Josh,6/10/2026 9:10,6/5/2026,2026-06-05T20:50:00Z,43.2
Josh,6/10/2026 9:10,6/5/2026,2026-06-05T20:55:00Z,39.2
Josh,6/10/2026 9:10,6/5/2026,2026-06-05T21:05:00Z,41.5
Josh,6/10/2026 9:10,6/5/2026,2026-06-05T21:10:00Z,30
Josh,6/10/2026 9:10,6/5/2026,2026-06-05T21:20:00Z,39.6
Josh,6/10/2026 9:10,6/5/2026,2026-06-05T21:25:00Z,36.3
Josh,6/10/2026 9:10,6/5/2026,2026-06-05T21:35:00Z,38.5
Josh,6/10/2026 9:10,6/5/2026,2026-06-05T21:40:00Z,32.2
Josh,6/10/2026 9:10,6/5/2026,2026-06-05T21:45:00Z,38.9
Josh,6/10/2026 9:10,6/5/2026,2026-06-05T22:20:00Z,31.9
Josh,6/10/2026 9:10,6/5/2026,2026-06-05T22:35:00Z,29.5
Josh,6/10/2026 9:10,6/5/2026,2026-06-05T22:55:00Z,39.3
Josh,6/10/2026 9:10,6/5/2026,2026-06-05T23:00:00Z,40.6
Josh,6/10/2026 9:10,6/5/2026,2026-06-05T23:05:00Z,38.7
Josh,6/10/2026 9:10,6/5/2026,2026-06-05T23:10:00Z,41
Josh,6/10/2026 9:10,6/5/2026,2026-06-05T23:20:00Z,38
Josh,6/10/2026 9:10,6/5/2026,2026-06-05T23:25:00Z,37.7
Josh,6/10/2026 9:10,6/5/2026,2026-06-05T23:40:00Z,41.4
Josh,6/10/2026 9:10,6/6/2026,2026-06-06T00:00:00Z,51
Josh,6/10/2026 9:10,6/6/2026,2026-06-06T00:05:00Z,47.2
Josh,6/10/2026 9:10,6/6/2026,2026-06-06T00:10:00Z,54.3
Josh,6/10/2026 9:10,6/6/2026,2026-06-06T00:15:00Z,52.3
Josh,6/10/2026 9:10,6/6/2026,2026-06-06T00:20:00Z,47.8
Josh,6/10/2026 9:10,6/6/2026,2026-06-06T00:25:00Z,54.9
Josh,6/10/2026 9:10,6/6/2026,2026-06-06T00:30:00Z,57
Josh,6/10/2026 9:10,6/6/2026,2026-06-06T00:35:00Z,51.4
Josh,6/10/2026 9:10,6/6/2026,2026-06-06T00:40:00Z,61.6
Josh,6/10/2026 9:10,6/6/2026,2026-06-06T00:45:00Z,54.8
Josh,6/10/2026 9:10,6/6/2026,2026-06-06T00:50:00Z,65.5
Josh,6/10/2026 9:10,6/6/2026,2026-06-06T00:55:00Z,51.5
Josh,6/10/2026 9:10,6/6/2026,2026-06-06T01:00:00Z,55
Josh,6/10/2026 9:10,6/6/2026,2026-06-06T01:05:00Z,60.9
Josh,6/10/2026 9:10,6/6/2026,2026-06-06T01:10:00Z,61.5
Josh,6/10/2026 9:10,6/6/2026,2026-06-06T01:15:00Z,58.5
Josh,6/10/2026 9:10,6/6/2026,2026-06-06T01:20:00Z,62.3
Josh,6/10/2026 9:10,6/6/2026,2026-06-06T01:25:00Z,68.7
Josh,6/10/2026 9:10,6/6/2026,2026-06-06T01:30:00Z,65.4
Josh,6/10/2026 9:10,6/6/2026,2026-06-06T01:35:00Z,60
Josh,6/10/2026 9:10,6/6/2026,2026-06-06T01:40:00Z,63.2
Josh,6/10/2026 9:10,6/6/2026,2026-06-06T01:45:00Z,65
Josh,6/10/2026 9:10,6/6/2026,2026-06-06T01:50:00Z,66.2
Josh,6/10/2026 9:10,6/6/2026,2026-06-06T01:55:00Z,69.9
Josh,6/10/2026 9:10,6/6/2026,2026-06-06T02:00:00Z,71.5
Josh,6/10/2026 9:10,6/6/2026,2026-06-06T02:05:00Z,65.1
Josh,6/10/2026 9:10,6/6/2026,2026-06-06T02:10:00Z,59.3
Josh,6/10/2026 9:10,6/6/2026,2026-06-06T02:15:00Z,75
Josh,6/10/2026 9:10,6/6/2026,2026-06-06T02:20:00Z,63.1
Josh,6/10/2026 9:10,6/6/2026,2026-06-06T02:25:00Z,69.7
Josh,6/10/2026 9:10,6/6/2026,2026-06-06T02:30:00Z,61.3
Josh,6/10/2026 9:10,6/6/2026,2026-06-06T02:35:00Z,62.7
Josh,6/10/2026 9:10,6/6/2026,2026-06-06T02:40:00Z,66.5
Josh,6/10/2026 9:10,6/6/2026,2026-06-06T02:45:00Z,64
Josh,6/10/2026 9:10,6/6/2026,2026-06-06T02:50:00Z,61.9
Josh,6/10/2026 9:10,6/6/2026,2026-06-06T02:55:00Z,61.4
Josh,6/10/2026 9:10,6/6/2026,2026-06-06T03:00:00Z,60.1
Josh,6/10/2026 9:10,6/6/2026,2026-06-06T03:05:00Z,61.3
Josh,6/10/2026 9:10,6/6/2026,2026-06-06T03:10:00Z,62.6
Josh,6/10/2026 9:10,6/6/2026,2026-06-06T03:15:00Z,66.5
Josh,6/10/2026 9:10,6/6/2026,2026-06-06T03:20:00Z,68.8
Josh,6/10/2026 9:10,6/6/2026,2026-06-06T03:25:00Z,72
Josh,6/10/2026 9:10,6/6/2026,2026-06-06T03:30:00Z,71.7
Josh,6/10/2026 9:10,6/6/2026,2026-06-06T03:35:00Z,63.9
Josh,6/10/2026 9:10,6/6/2026,2026-06-06T03:40:00Z,63.8
Josh,6/10/2026 9:10,6/6/2026,2026-06-06T03:45:00Z,66.6
Josh,6/10/2026 9:10,6/6/2026,2026-06-06T03:50:00Z,72.7
Josh,6/10/2026 9:10,6/6/2026,2026-06-06T03:55:00Z,77.2
Josh,6/10/2026 9:10,6/6/2026,2026-06-06T04:00:00Z,63.7
Josh,6/10/2026 9:10,6/6/2026,2026-06-06T04:05:00Z,64.6
Josh,6/10/2026 9:10,6/6/2026,2026-06-06T04:10:00Z,66.1
Josh,6/10/2026 9:10,6/6/2026,2026-06-06T04:15:00Z,72.1
Josh,6/10/2026 9:10,6/6/2026,2026-06-06T04:20:00Z,62.7
Josh,6/10/2026 9:10,6/6/2026,2026-06-06T04:25:00Z,66.6
Josh,6/10/2026 9:10,6/6/2026,2026-06-06T04:30:00Z,64.6
Josh,6/10/2026 9:10,6/6/2026,2026-06-06T04:35:00Z,61.4
Josh,6/10/2026 9:10,6/6/2026,2026-06-06T04:40:00Z,63.6
Josh,6/10/2026 9:10,6/6/2026,2026-06-06T04:45:00Z,63.3
Josh,6/10/2026 9:10,6/6/2026,2026-06-06T04:50:00Z,62.1
Josh,6/10/2026 9:10,6/6/2026,2026-06-06T04:55:00Z,58.7
Josh,6/10/2026 9:10,6/6/2026,2026-06-06T05:00:00Z,59.9
Josh,6/10/2026 9:10,6/6/2026,2026-06-06T05:05:00Z,54.3
Josh,6/10/2026 9:10,6/6/2026,2026-06-06T05:10:00Z,52
Josh,6/10/2026 9:10,6/6/2026,2026-06-06T05:15:00Z,60.6
Josh,6/10/2026 9:10,6/6/2026,2026-06-06T05:20:00Z,58.9
Josh,6/10/2026 9:10,6/6/2026,2026-06-06T05:25:00Z,51.4
Josh,6/10/2026 9:10,6/6/2026,2026-06-06T05:30:00Z,68.5
Josh,6/10/2026 9:10,6/6/2026,2026-06-06T05:35:00Z,56.3
Josh,6/10/2026 9:10,6/6/2026,2026-06-06T05:40:00Z,61
Josh,6/10/2026 9:10,6/6/2026,2026-06-06T05:45:00Z,55.1
Josh,6/10/2026 9:10,6/6/2026,2026-06-06T05:50:00Z,57.9
Josh,6/10/2026 9:10,6/6/2026,2026-06-06T05:55:00Z,57.9
Josh,6/10/2026 9:10,6/6/2026,2026-06-06T06:00:00Z,55.3
Josh,6/10/2026 9:10,6/6/2026,2026-06-06T06:05:00Z,53.2
Josh,6/10/2026 9:10,6/6/2026,2026-06-06T06:10:00Z,53.4
Josh,6/10/2026 9:10,6/6/2026,2026-06-06T06:15:00Z,55.7
Josh,6/10/2026 9:10,6/6/2026,2026-06-06T06:20:00Z,54
Josh,6/10/2026 9:10,6/6/2026,2026-06-06T06:25:00Z,52.5
Josh,6/10/2026 9:10,6/6/2026,2026-06-06T06:30:00Z,51.7
Josh,6/10/2026 9:10,6/6/2026,2026-06-06T06:35:00Z,44
Josh,6/10/2026 9:10,6/6/2026,2026-06-06T06:40:00Z,46.5
Josh,6/10/2026 9:10,6/6/2026,2026-06-06T06:45:00Z,47.5
Josh,6/10/2026 9:10,6/6/2026,2026-06-06T06:50:00Z,44.6
Josh,6/10/2026 9:10,6/6/2026,2026-06-06T06:55:00Z,45.3
Josh,6/10/2026 9:10,6/6/2026,2026-06-06T07:00:00Z,49
Josh,6/10/2026 9:10,6/6/2026,2026-06-06T07:05:00Z,48.3
Josh,6/10/2026 9:10,6/6/2026,2026-06-06T07:10:00Z,38.6
Josh,6/10/2026 9:10,6/6/2026,2026-06-06T07:15:00Z,46.2
Josh,6/10/2026 9:10,6/6/2026,2026-06-06T07:20:00Z,47.6
Josh,6/10/2026 9:10,6/6/2026,2026-06-06T07:25:00Z,40.6
Josh,6/10/2026 9:10,6/6/2026,2026-06-06T07:30:00Z,45.4
Josh,6/10/2026 9:10,6/6/2026,2026-06-06T07:35:00Z,41.7
Josh,6/10/2026 9:10,6/6/2026,2026-06-06T07:40:00Z,42.2
Josh,6/10/2026 9:10,6/6/2026,2026-06-06T07:45:00Z,40
Josh,6/10/2026 9:10,6/6/2026,2026-06-06T07:50:00Z,35.4
Josh,6/10/2026 9:10,6/6/2026,2026-06-06T07:55:00Z,35.4
Josh,6/10/2026 9:10,6/6/2026,2026-06-06T08:00:00Z,35
Josh,6/10/2026 9:10,6/6/2026,2026-06-06T08:05:00Z,32.5
Josh,6/10/2026 9:10,6/6/2026,2026-06-06T08:30:00Z,35.9
Josh,6/10/2026 9:10,6/6/2026,2026-06-06T08:40:00Z,35.5
Josh,6/10/2026 9:10,6/6/2026,2026-06-06T08:45:00Z,41.6
Josh,6/10/2026 9:10,6/6/2026,2026-06-06T10:50:00Z,31
Josh,6/10/2026 9:10,6/6/2026,2026-06-06T10:55:00Z,35
Josh,6/10/2026 9:10,6/6/2026,2026-06-06T11:05:00Z,38
Josh,6/10/2026 9:10,6/6/2026,2026-06-06T11:20:00Z,42
Josh,6/10/2026 9:10,6/6/2026,2026-06-06T11:55:00Z,32.7
Josh,6/10/2026 9:10,6/6/2026,2026-06-06T12:00:00Z,41.5
Josh,6/10/2026 9:10,6/6/2026,2026-06-06T12:05:00Z,33
Josh,6/10/2026 9:10,6/6/2026,2026-06-06T12:15:00Z,39.6
Josh,6/10/2026 9:10,6/6/2026,2026-06-06T12:20:00Z,38.3
Josh,6/10/2026 9:10,6/6/2026,2026-06-06T12:25:00Z,31
Josh,6/10/2026 9:10,6/6/2026,2026-06-06T12:30:00Z,40.8
Josh,6/10/2026 9:10,6/6/2026,2026-06-06T12:35:00Z,25.7
Josh,6/10/2026 9:10,6/6/2026,2026-06-06T12:40:00Z,41.1
Josh,6/10/2026 9:10,6/6/2026,2026-06-06T12:45:00Z,32
Josh,6/10/2026 9:10,6/6/2026,2026-06-06T12:50:00Z,25.6
Josh,6/10/2026 9:10,6/6/2026,2026-06-06T12:55:00Z,31.2
Josh,6/10/2026 9:10,6/6/2026,2026-06-06T13:10:00Z,42.1
Josh,6/10/2026 9:10,6/6/2026,2026-06-06T13:15:00Z,30.7
Josh,6/10/2026 9:10,6/6/2026,2026-06-06T13:25:00Z,35.6
Josh,6/10/2026 9:10,6/6/2026,2026-06-06T13:40:00Z,46.8
Josh,6/10/2026 9:10,6/6/2026,2026-06-06T13:45:00Z,32.1
Josh,6/10/2026 9:10,6/6/2026,2026-06-06T13:55:00Z,40.8
Josh,6/10/2026 9:10,6/6/2026,2026-06-06T15:00:00Z,34.8
Josh,6/10/2026 9:10,6/6/2026,2026-06-06T15:05:00Z,32.8
Josh,6/10/2026 9:10,6/6/2026,2026-06-06T15:35:00Z,41.1
Josh,6/10/2026 9:10,6/6/2026,2026-06-06T15:50:00Z,28.1
Josh,6/10/2026 9:10,6/6/2026,2026-06-06T16:10:00Z,33.3
Josh,6/10/2026 9:10,6/6/2026,2026-06-06T16:20:00Z,32.7
Josh,6/10/2026 9:10,6/6/2026,2026-06-06T16:35:00Z,31.3
Josh,6/10/2026 9:10,6/6/2026,2026-06-06T16:40:00Z,44.6
Josh,6/10/2026 9:10,6/6/2026,2026-06-06T16:45:00Z,48.5
Josh,6/10/2026 9:10,6/6/2026,2026-06-06T16:55:00Z,41.5
Josh,6/10/2026 9:10,6/6/2026,2026-06-06T17:05:00Z,36
Josh,6/10/2026 9:10,6/6/2026,2026-06-06T17:15:00Z,37.4
Josh,6/10/2026 9:10,6/6/2026,2026-06-06T17:20:00Z,36.9
Josh,6/10/2026 9:10,6/6/2026,2026-06-06T17:25:00Z,29.8
Josh,6/10/2026 9:10,6/6/2026,2026-06-06T17:45:00Z,33.8
Josh,6/10/2026 9:10,6/6/2026,2026-06-06T17:50:00Z,38.6
Josh,6/10/2026 9:10,6/6/2026,2026-06-06T18:00:00Z,32.7
Josh,6/10/2026 9:10,6/6/2026,2026-06-06T18:10:00Z,31.3
Josh,6/10/2026 9:10,6/6/2026,2026-06-06T18:25:00Z,42.4
Josh,6/10/2026 9:10,6/6/2026,2026-06-06T18:35:00Z,40.2
Josh,6/10/2026 9:10,6/6/2026,2026-06-06T18:55:00Z,41.6
Josh,6/10/2026 9:10,6/6/2026,2026-06-06T19:00:00Z,40.5
Josh,6/10/2026 9:10,6/6/2026,2026-06-06T19:15:00Z,42.5
Josh,6/10/2026 9:10,6/6/2026,2026-06-06T19:20:00Z,37.7
Josh,6/10/2026 9:10,6/6/2026,2026-06-06T19:30:00Z,42.6
Josh,6/10/2026 9:10,6/6/2026,2026-06-06T19:35:00Z,34.6
Josh,6/10/2026 9:10,6/6/2026,2026-06-06T19:45:00Z,37.2
Josh,6/10/2026 9:10,6/6/2026,2026-06-06T19:50:00Z,41.3
Josh,6/10/2026 9:10,6/6/2026,2026-06-06T19:55:00Z,37
Josh,6/10/2026 9:10,6/6/2026,2026-06-06T20:05:00Z,28.4
Josh,6/10/2026 9:10,6/6/2026,2026-06-06T20:10:00Z,35.4
Josh,6/10/2026 9:10,6/6/2026,2026-06-06T20:20:00Z,33
Josh,6/10/2026 9:10,6/6/2026,2026-06-06T20:45:00Z,40.8
Josh,6/10/2026 9:10,6/6/2026,2026-06-06T20:55:00Z,35.9
Josh,6/10/2026 9:10,6/6/2026,2026-06-06T21:00:00Z,33.5
Josh,6/10/2026 9:10,6/6/2026,2026-06-06T21:05:00Z,38.6
Josh,6/10/2026 9:10,6/6/2026,2026-06-06T21:20:00Z,39.3
Josh,6/10/2026 9:10,6/6/2026,2026-06-06T21:25:00Z,40.4
Josh,6/10/2026 9:10,6/6/2026,2026-06-06T21:30:00Z,33.8
Josh,6/10/2026 9:10,6/6/2026,2026-06-06T21:40:00Z,35
Josh,6/10/2026 9:10,6/6/2026,2026-06-06T21:45:00Z,41.7
Josh,6/10/2026 9:10,6/6/2026,2026-06-06T21:55:00Z,40.9
Josh,6/10/2026 9:10,6/6/2026,2026-06-06T22:00:00Z,29.4
Josh,6/10/2026 9:10,6/6/2026,2026-06-06T22:05:00Z,35.9
Josh,6/10/2026 9:10,6/6/2026,2026-06-06T22:10:00Z,41.6
Josh,6/10/2026 9:10,6/6/2026,2026-06-06T22:15:00Z,47.2
Josh,6/10/2026 9:10,6/6/2026,2026-06-06T22:35:00Z,40.5
Josh,6/10/2026 9:10,6/6/2026,2026-06-06T22:40:00Z,30.9
Josh,6/10/2026 9:10,6/6/2026,2026-06-06T22:45:00Z,32.5
Josh,6/10/2026 9:10,6/6/2026,2026-06-06T22:55:00Z,38.6
Josh,6/10/2026 9:10,6/6/2026,2026-06-06T23:05:00Z,41.2
Josh,6/10/2026 9:10,6/6/2026,2026-06-06T23:10:00Z,43.1
Josh,6/10/2026 9:10,6/6/2026,2026-06-06T23:15:00Z,32.4
Josh,6/10/2026 9:10,6/6/2026,2026-06-06T23:20:00Z,27.7
Josh,6/10/2026 9:10,6/6/2026,2026-06-06T23:25:00Z,31.7
Josh,6/10/2026 9:10,6/6/2026,2026-06-06T23:30:00Z,36.6
Josh,6/10/2026 9:10,6/6/2026,2026-06-06T23:35:00Z,36.3
Josh,6/10/2026 9:10,6/6/2026,2026-06-06T23:45:00Z,43.3
Josh,6/10/2026 9:10,6/6/2026,2026-06-06T23:50:00Z,37.6
Josh,6/10/2026 9:10,6/6/2026,2026-06-06T23:55:00Z,30.7
Josh,6/10/2026 9:10,6/7/2026,2026-06-07T00:00:00Z,48.4
Josh,6/10/2026 9:10,6/7/2026,2026-06-07T00:05:00Z,48.7
Josh,6/10/2026 9:10,6/7/2026,2026-06-07T00:10:00Z,54.3
Josh,6/10/2026 9:10,6/7/2026,2026-06-07T00:15:00Z,43.2
Josh,6/10/2026 9:10,6/7/2026,2026-06-07T00:20:00Z,50.5
Josh,6/10/2026 9:10,6/7/2026,2026-06-07T00:25:00Z,52.1
Josh,6/10/2026 9:10,6/7/2026,2026-06-07T00:30:00Z,58.1
Josh,6/10/2026 9:10,6/7/2026,2026-06-07T00:35:00Z,56.1
Josh,6/10/2026 9:10,6/7/2026,2026-06-07T00:40:00Z,56.4
Josh,6/10/2026 9:10,6/7/2026,2026-06-07T00:45:00Z,55.6
Josh,6/10/2026 9:10,6/7/2026,2026-06-07T00:50:00Z,59.7
Josh,6/10/2026 9:10,6/7/2026,2026-06-07T00:55:00Z,63.4
Josh,6/10/2026 9:10,6/7/2026,2026-06-07T01:00:00Z,64.3
Josh,6/10/2026 9:10,6/7/2026,2026-06-07T01:05:00Z,58.9
Josh,6/10/2026 9:10,6/7/2026,2026-06-07T01:10:00Z,54.6
Josh,6/10/2026 9:10,6/7/2026,2026-06-07T01:15:00Z,61.2
Josh,6/10/2026 9:10,6/7/2026,2026-06-07T01:20:00Z,57.8
Josh,6/10/2026 9:10,6/7/2026,2026-06-07T01:25:00Z,65.6
Josh,6/10/2026 9:10,6/7/2026,2026-06-07T01:30:00Z,61.6
Josh,6/10/2026 9:10,6/7/2026,2026-06-07T01:35:00Z,69.3
Josh,6/10/2026 9:10,6/7/2026,2026-06-07T01:40:00Z,69.7
Josh,6/10/2026 9:10,6/7/2026,2026-06-07T01:45:00Z,68.8
Josh,6/10/2026 9:10,6/7/2026,2026-06-07T01:50:00Z,69.4
Josh,6/10/2026 9:10,6/7/2026,2026-06-07T01:55:00Z,62
Josh,6/10/2026 9:10,6/7/2026,2026-06-07T02:00:00Z,68.2
Josh,6/10/2026 9:10,6/7/2026,2026-06-07T02:05:00Z,75.3
Josh,6/10/2026 9:10,6/7/2026,2026-06-07T02:10:00Z,67.9
Josh,6/10/2026 9:10,6/7/2026,2026-06-07T02:15:00Z,74
Josh,6/10/2026 9:10,6/7/2026,2026-06-07T02:20:00Z,63.5
Josh,6/10/2026 9:10,6/7/2026,2026-06-07T02:25:00Z,67.1
Josh,6/10/2026 9:10,6/7/2026,2026-06-07T02:30:00Z,61.8
Josh,6/10/2026 9:10,6/7/2026,2026-06-07T02:35:00Z,69.5
Josh,6/10/2026 9:10,6/7/2026,2026-06-07T02:40:00Z,64.4
Josh,6/10/2026 9:10,6/7/2026,2026-06-07T02:45:00Z,63.1
Josh,6/10/2026 9:10,6/7/2026,2026-06-07T02:50:00Z,59.6
Josh,6/10/2026 9:10,6/7/2026,2026-06-07T02:55:00Z,67.5
Josh,6/10/2026 9:10,6/7/2026,2026-06-07T03:00:00Z,68.2
Josh,6/10/2026 9:10,6/7/2026,2026-06-07T03:05:00Z,63.4
Josh,6/10/2026 9:10,6/7/2026,2026-06-07T03:10:00Z,66.5
Josh,6/10/2026 9:10,6/7/2026,2026-06-07T03:15:00Z,74.9
Josh,6/10/2026 9:10,6/7/2026,2026-06-07T03:20:00Z,55.7
Josh,6/10/2026 9:10,6/7/2026,2026-06-07T03:25:00Z,65.1
Josh,6/10/2026 9:10,6/7/2026,2026-06-07T03:30:00Z,62.7
Josh,6/10/2026 9:10,6/7/2026,2026-06-07T03:35:00Z,65.4
Josh,6/10/2026 9:10,6/7/2026,2026-06-07T03:40:00Z,67.4
Josh,6/10/2026 9:10,6/7/2026,2026-06-07T03:45:00Z,69.9
Josh,6/10/2026 9:10,6/7/2026,2026-06-07T03:50:00Z,66.6
Josh,6/10/2026 9:10,6/7/2026,2026-06-07T03:55:00Z,67.3
Josh,6/10/2026 9:10,6/7/2026,2026-06-07T04:00:00Z,78
Josh,6/10/2026 9:10,6/7/2026,2026-06-07T04:05:00Z,60.7
Josh,6/10/2026 9:10,6/7/2026,2026-06-07T04:10:00Z,65.5
Josh,6/10/2026 9:10,6/7/2026,2026-06-07T04:15:00Z,75.8
Josh,6/10/2026 9:10,6/7/2026,2026-06-07T04:20:00Z,67.5
Josh,6/10/2026 9:10,6/7/2026,2026-06-07T04:25:00Z,64.2
Josh,6/10/2026 9:10,6/7/2026,2026-06-07T04:30:00Z,66.3
Josh,6/10/2026 9:10,6/7/2026,2026-06-07T04:35:00Z,65.7
Josh,6/10/2026 9:10,6/7/2026,2026-06-07T04:40:00Z,68.3
Josh,6/10/2026 9:10,6/7/2026,2026-06-07T04:45:00Z,60.7
Josh,6/10/2026 9:10,6/7/2026,2026-06-07T04:50:00Z,58.3
Josh,6/10/2026 9:10,6/7/2026,2026-06-07T04:55:00Z,65.5
Josh,6/10/2026 9:10,6/7/2026,2026-06-07T05:00:00Z,63.4
Josh,6/10/2026 9:10,6/7/2026,2026-06-07T05:05:00Z,65.5
Josh,6/10/2026 9:10,6/7/2026,2026-06-07T05:10:00Z,58.8
Josh,6/10/2026 9:10,6/7/2026,2026-06-07T05:15:00Z,56.5
Josh,6/10/2026 9:10,6/7/2026,2026-06-07T05:20:00Z,54.6
Josh,6/10/2026 9:10,6/7/2026,2026-06-07T05:25:00Z,67.6
Josh,6/10/2026 9:10,6/7/2026,2026-06-07T05:30:00Z,52.6
Josh,6/10/2026 9:10,6/7/2026,2026-06-07T05:35:00Z,56.6
Josh,6/10/2026 9:10,6/7/2026,2026-06-07T05:40:00Z,53
Josh,6/10/2026 9:10,6/7/2026,2026-06-07T05:45:00Z,52.3
Josh,6/10/2026 9:10,6/7/2026,2026-06-07T05:50:00Z,55.8
Josh,6/10/2026 9:10,6/7/2026,2026-06-07T05:55:00Z,50.9
Josh,6/10/2026 9:10,6/7/2026,2026-06-07T06:00:00Z,56.3
Josh,6/10/2026 9:10,6/7/2026,2026-06-07T06:05:00Z,43.8
Josh,6/10/2026 9:10,6/7/2026,2026-06-07T06:10:00Z,57.8
Josh,6/10/2026 9:10,6/7/2026,2026-06-07T06:15:00Z,62.1
Josh,6/10/2026 9:10,6/7/2026,2026-06-07T06:20:00Z,53.3
Josh,6/10/2026 9:10,6/7/2026,2026-06-07T06:25:00Z,57.8
Josh,6/10/2026 9:10,6/7/2026,2026-06-07T06:30:00Z,47
Josh,6/10/2026 9:10,6/7/2026,2026-06-07T06:35:00Z,43.7
Josh,6/10/2026 9:10,6/7/2026,2026-06-07T06:40:00Z,41.4
Josh,6/10/2026 9:10,6/7/2026,2026-06-07T06:45:00Z,49.5
Josh,6/10/2026 9:10,6/7/2026,2026-06-07T06:50:00Z,47
Josh,6/10/2026 9:10,6/7/2026,2026-06-07T06:55:00Z,46.2
Josh,6/10/2026 9:10,6/7/2026,2026-06-07T07:00:00Z,42.8
Josh,6/10/2026 9:10,6/7/2026,2026-06-07T07:05:00Z,45.5
Josh,6/10/2026 9:10,6/7/2026,2026-06-07T07:10:00Z,50.9
Josh,6/10/2026 9:10,6/7/2026,2026-06-07T07:15:00Z,42.1
Josh,6/10/2026 9:10,6/7/2026,2026-06-07T07:20:00Z,44.8
Josh,6/10/2026 9:10,6/7/2026,2026-06-07T07:25:00Z,44.2
Josh,6/10/2026 9:10,6/7/2026,2026-06-07T07:30:00Z,41.8
Josh,6/10/2026 9:10,6/7/2026,2026-06-07T07:35:00Z,42.5
Josh,6/10/2026 9:10,6/7/2026,2026-06-07T07:40:00Z,44.2
Josh,6/10/2026 9:10,6/7/2026,2026-06-07T07:45:00Z,39
Josh,6/10/2026 9:10,6/7/2026,2026-06-07T07:50:00Z,36
Josh,6/10/2026 9:10,6/7/2026,2026-06-07T07:55:00Z,37.5
Josh,6/10/2026 9:10,6/7/2026,2026-06-07T08:00:00Z,37.3
Josh,6/10/2026 9:10,6/7/2026,2026-06-07T08:05:00Z,37.2
Josh,6/10/2026 9:10,6/7/2026,2026-06-07T08:20:00Z,26.3
Josh,6/10/2026 9:10,6/7/2026,2026-06-07T08:45:00Z,40.6
Josh,6/10/2026 9:10,6/7/2026,2026-06-07T08:50:00Z,28.2
Josh,6/10/2026 9:10,6/7/2026,2026-06-07T08:55:00Z,44.8
Josh,6/10/2026 9:10,6/7/2026,2026-06-07T10:45:00Z,24.7
Josh,6/10/2026 9:10,6/7/2026,2026-06-07T10:55:00Z,32.6
Josh,6/10/2026 9:10,6/7/2026,2026-06-07T11:05:00Z,38.9
Josh,6/10/2026 9:10,6/7/2026,2026-06-07T11:20:00Z,41
Josh,6/10/2026 9:10,6/7/2026,2026-06-07T11:25:00Z,35.5
Josh,6/10/2026 9:10,6/7/2026,2026-06-07T11:40:00Z,40.4
Josh,6/10/2026 9:10,6/7/2026,2026-06-07T11:45:00Z,42.7
Josh,6/10/2026 9:10,6/7/2026,2026-06-07T11:50:00Z,38.4
Josh,6/10/2026 9:10,6/7/2026,2026-06-07T12:00:00Z,42.4
Josh,6/10/2026 9:10,6/7/2026,2026-06-07T12:05:00Z,33.2
Josh,6/10/2026 9:10,6/7/2026,2026-06-07T12:10:00Z,40.4
Josh,6/10/2026 9:10,6/7/2026,2026-06-07T12:15:00Z,32.7
Josh,6/10/2026 9:10,6/7/2026,2026-06-07T12:20:00Z,35.1
Josh,6/10/2026 9:10,6/7/2026,2026-06-07T12:25:00Z,37.7
Josh,6/10/2026 9:10,6/7/2026,2026-06-07T12:30:00Z,32.2
Josh,6/10/2026 9:10,6/7/2026,2026-06-07T12:35:00Z,44.9
Josh,6/10/2026 9:10,6/7/2026,2026-06-07T12:45:00Z,39.9
Josh,6/10/2026 9:10,6/7/2026,2026-06-07T12:50:00Z,42.7
Josh,6/10/2026 9:10,6/7/2026,2026-06-07T13:00:00Z,42
Josh,6/10/2026 9:10,6/7/2026,2026-06-07T13:05:00Z,36
Josh,6/10/2026 9:10,6/7/2026,2026-06-07T14:00:00Z,25.3
Josh,6/10/2026 9:10,6/7/2026,2026-06-07T14:05:00Z,31.4
Josh,6/10/2026 9:10,6/7/2026,2026-06-07T14:25:00Z,34.7
Josh,6/10/2026 9:10,6/7/2026,2026-06-07T14:55:00Z,36.4
Josh,6/10/2026 9:10,6/7/2026,2026-06-07T15:00:00Z,38.7
Josh,6/10/2026 9:10,6/7/2026,2026-06-07T15:15:00Z,36.7
Josh,6/10/2026 9:10,6/7/2026,2026-06-07T15:35:00Z,37.5
Josh,6/10/2026 9:10,6/7/2026,2026-06-07T15:40:00Z,31.6
Josh,6/10/2026 9:10,6/7/2026,2026-06-07T16:00:00Z,36.7
Josh,6/10/2026 9:10,6/7/2026,2026-06-07T16:25:00Z,44.9
Josh,6/10/2026 9:10,6/7/2026,2026-06-07T16:40:00Z,41.8
Josh,6/10/2026 9:10,6/7/2026,2026-06-07T16:45:00Z,32.9
Josh,6/10/2026 9:10,6/7/2026,2026-06-07T17:05:00Z,41.5
Josh,6/10/2026 9:10,6/7/2026,2026-06-07T17:10:00Z,38.5
Josh,6/10/2026 9:10,6/7/2026,2026-06-07T17:15:00Z,34.6
Josh,6/10/2026 9:10,6/7/2026,2026-06-07T17:20:00Z,40.6
Josh,6/10/2026 9:10,6/7/2026,2026-06-07T17:30:00Z,35.3
Josh,6/10/2026 9:10,6/7/2026,2026-06-07T17:40:00Z,42.7
Josh,6/10/2026 9:10,6/7/2026,2026-06-07T17:55:00Z,43.1
Josh,6/10/2026 9:10,6/7/2026,2026-06-07T18:00:00Z,31.4
Josh,6/10/2026 9:10,6/7/2026,2026-06-07T18:10:00Z,40.9
Josh,6/10/2026 9:10,6/7/2026,2026-06-07T18:20:00Z,30.7
Josh,6/10/2026 9:10,6/7/2026,2026-06-07T18:25:00Z,34.5
Josh,6/10/2026 9:10,6/7/2026,2026-06-07T18:45:00Z,32.1
Josh,6/10/2026 9:10,6/7/2026,2026-06-07T18:55:00Z,46.1
Josh,6/10/2026 9:10,6/7/2026,2026-06-07T19:05:00Z,42.9
Josh,6/10/2026 9:10,6/7/2026,2026-06-07T19:10:00Z,32.2
Josh,6/10/2026 9:10,6/7/2026,2026-06-07T19:15:00Z,35.6
Josh,6/10/2026 9:10,6/7/2026,2026-06-07T19:25:00Z,28.8
Josh,6/10/2026 9:10,6/7/2026,2026-06-07T19:30:00Z,31.7
Josh,6/10/2026 9:10,6/7/2026,2026-06-07T19:35:00Z,38.6
Josh,6/10/2026 9:10,6/7/2026,2026-06-07T19:40:00Z,44.3
Josh,6/10/2026 9:10,6/7/2026,2026-06-07T19:55:00Z,31.7
Josh,6/10/2026 9:10,6/7/2026,2026-06-07T20:00:00Z,29.4
Josh,6/10/2026 9:10,6/7/2026,2026-06-07T20:10:00Z,41.4
Josh,6/10/2026 9:10,6/7/2026,2026-06-07T20:25:00Z,33.2
Josh,6/10/2026 9:10,6/7/2026,2026-06-07T20:30:00Z,30.4
Josh,6/10/2026 9:10,6/7/2026,2026-06-07T20:40:00Z,35.7
Josh,6/10/2026 9:10,6/7/2026,2026-06-07T20:45:00Z,32.9
Josh,6/10/2026 9:10,6/7/2026,2026-06-07T20:50:00Z,31.2
Josh,6/10/2026 9:10,6/7/2026,2026-06-07T20:55:00Z,34.1
Josh,6/10/2026 9:10,6/7/2026,2026-06-07T21:05:00Z,42.1
Josh,6/10/2026 9:10,6/7/2026,2026-06-07T21:15:00Z,33
Josh,6/10/2026 9:10,6/7/2026,2026-06-07T21:20:00Z,36.9
Josh,6/10/2026 9:10,6/7/2026,2026-06-07T21:40:00Z,43.1
Josh,6/10/2026 9:10,6/7/2026,2026-06-07T21:45:00Z,42.5
Josh,6/10/2026 9:10,6/7/2026,2026-06-07T22:05:00Z,38.5
Josh,6/10/2026 9:10,6/7/2026,2026-06-07T22:10:00Z,34.1
Josh,6/10/2026 9:10,6/7/2026,2026-06-07T22:15:00Z,34.7
Josh,6/10/2026 9:10,6/7/2026,2026-06-07T22:25:00Z,34.8
Josh,6/10/2026 9:10,6/7/2026,2026-06-07T22:35:00Z,39.1
Josh,6/10/2026 9:10,6/7/2026,2026-06-07T22:50:00Z,40.1
Josh,6/10/2026 9:10,6/7/2026,2026-06-07T23:00:00Z,39.9
Josh,6/10/2026 9:10,6/7/2026,2026-06-07T23:05:00Z,42.9
Josh,6/10/2026 9:10,6/7/2026,2026-06-07T23:10:00Z,38.3
Josh,6/10/2026 9:10,6/7/2026,2026-06-07T23:25:00Z,43.8
Josh,6/10/2026 9:10,6/7/2026,2026-06-07T23:30:00Z,32.3
Josh,6/10/2026 9:10,6/7/2026,2026-06-07T23:35:00Z,31
Josh,6/10/2026 9:10,6/7/2026,2026-06-07T23:45:00Z,42.5
Josh,6/10/2026 9:10,6/7/2026,2026-06-07T23:50:00Z,45.5
Josh,6/11/2026 10:05,6/8/2026,2026-06-08T00:00:00Z,46.3
Josh,6/11/2026 10:05,6/8/2026,2026-06-08T00:05:00Z,53.9
Josh,6/11/2026 10:05,6/8/2026,2026-06-08T00:10:00Z,54.6
Josh,6/11/2026 10:05,6/8/2026,2026-06-08T00:15:00Z,52.2
Josh,6/11/2026 10:05,6/8/2026,2026-06-08T00:20:00Z,50.9
Josh,6/11/2026 10:05,6/8/2026,2026-06-08T00:25:00Z,57.4
Josh,6/11/2026 10:05,6/8/2026,2026-06-08T00:30:00Z,60.2
Josh,6/11/2026 10:05,6/8/2026,2026-06-08T00:35:00Z,53.7
Josh,6/11/2026 10:05,6/8/2026,2026-06-08T00:40:00Z,53.1
Josh,6/11/2026 10:05,6/8/2026,2026-06-08T00:45:00Z,61.9
Josh,6/11/2026 10:05,6/8/2026,2026-06-08T00:50:00Z,59.1
Josh,6/11/2026 10:05,6/8/2026,2026-06-08T00:55:00Z,59.3
Josh,6/11/2026 10:05,6/8/2026,2026-06-08T01:00:00Z,63.5
Josh,6/11/2026 10:05,6/8/2026,2026-06-08T01:05:00Z,64.3
Josh,6/11/2026 10:05,6/8/2026,2026-06-08T01:10:00Z,62.3
Josh,6/11/2026 10:05,6/8/2026,2026-06-08T01:15:00Z,56.2
Josh,6/11/2026 10:05,6/8/2026,2026-06-08T01:20:00Z,60.7
Josh,6/11/2026 10:05,6/8/2026,2026-06-08T01:25:00Z,65.4
Josh,6/11/2026 10:05,6/8/2026,2026-06-08T01:30:00Z,68.6
Josh,6/11/2026 10:05,6/8/2026,2026-06-08T01:35:00Z,62.1
Josh,6/11/2026 10:05,6/8/2026,2026-06-08T01:40:00Z,65.4
Josh,6/11/2026 10:05,6/8/2026,2026-06-08T01:45:00Z,63.8
Josh,6/11/2026 10:05,6/8/2026,2026-06-08T01:50:00Z,70.9
Josh,6/11/2026 10:05,6/8/2026,2026-06-08T01:55:00Z,63.1
Josh,6/11/2026 10:05,6/8/2026,2026-06-08T02:00:00Z,63
Josh,6/11/2026 10:05,6/8/2026,2026-06-08T02:05:00Z,73.9
Josh,6/11/2026 10:05,6/8/2026,2026-06-08T02:10:00Z,65.2
Josh,6/11/2026 10:05,6/8/2026,2026-06-08T02:15:00Z,72.5
Josh,6/11/2026 10:05,6/8/2026,2026-06-08T02:20:00Z,60
Josh,6/11/2026 10:05,6/8/2026,2026-06-08T02:25:00Z,68.3
Josh,6/11/2026 10:05,6/8/2026,2026-06-08T02:30:00Z,67.1
Josh,6/11/2026 10:05,6/8/2026,2026-06-08T02:35:00Z,63.5
Josh,6/11/2026 10:05,6/8/2026,2026-06-08T02:40:00Z,78
Josh,6/11/2026 10:05,6/8/2026,2026-06-08T02:45:00Z,67
Josh,6/11/2026 10:05,6/8/2026,2026-06-08T02:50:00Z,72.6
Josh,6/11/2026 10:05,6/8/2026,2026-06-08T02:55:00Z,59.1
Josh,6/11/2026 10:05,6/8/2026,2026-06-08T03:00:00Z,66.2
Josh,6/11/2026 10:05,6/8/2026,2026-06-08T03:05:00Z,67.5
Josh,6/11/2026 10:05,6/8/2026,2026-06-08T03:10:00Z,65.9
Josh,6/11/2026 10:05,6/8/2026,2026-06-08T03:15:00Z,64.3
Josh,6/11/2026 10:05,6/8/2026,2026-06-08T03:20:00Z,58.3
Josh,6/11/2026 10:05,6/8/2026,2026-06-08T03:25:00Z,76.2
Josh,6/11/2026 10:05,6/8/2026,2026-06-08T03:30:00Z,63.5
Josh,6/11/2026 10:05,6/8/2026,2026-06-08T03:35:00Z,57.8
Josh,6/11/2026 10:05,6/8/2026,2026-06-08T03:40:00Z,68.2
Josh,6/11/2026 10:05,6/8/2026,2026-06-08T03:45:00Z,68.3
Josh,6/11/2026 10:05,6/8/2026,2026-06-08T03:50:00Z,63.2
Josh,6/11/2026 10:05,6/8/2026,2026-06-08T03:55:00Z,58
Josh,6/11/2026 10:05,6/8/2026,2026-06-08T04:00:00Z,61.6
Josh,6/11/2026 10:05,6/8/2026,2026-06-08T04:05:00Z,70.1
Josh,6/11/2026 10:05,6/8/2026,2026-06-08T04:10:00Z,63.8
Josh,6/11/2026 10:05,6/8/2026,2026-06-08T04:15:00Z,69.8
Josh,6/11/2026 10:05,6/8/2026,2026-06-08T04:20:00Z,56.2
Josh,6/11/2026 10:05,6/8/2026,2026-06-08T04:25:00Z,66.7
Josh,6/11/2026 10:05,6/8/2026,2026-06-08T04:30:00Z,60.6
Josh,6/11/2026 10:05,6/8/2026,2026-06-08T04:35:00Z,55.5
Josh,6/11/2026 10:05,6/8/2026,2026-06-08T04:40:00Z,64.1
Josh,6/11/2026 10:05,6/8/2026,2026-06-08T04:45:00Z,59.5
Josh,6/11/2026 10:05,6/8/2026,2026-06-08T04:50:00Z,57.7
Josh,6/11/2026 10:05,6/8/2026,2026-06-08T04:55:00Z,59.1
Josh,6/11/2026 10:05,6/8/2026,2026-06-08T05:00:00Z,61.2
Josh,6/11/2026 10:05,6/8/2026,2026-06-08T05:05:00Z,53.4
Josh,6/11/2026 10:05,6/8/2026,2026-06-08T05:10:00Z,58
Josh,6/11/2026 10:05,6/8/2026,2026-06-08T05:15:00Z,59
Josh,6/11/2026 10:05,6/8/2026,2026-06-08T05:20:00Z,46.7
Josh,6/11/2026 10:05,6/8/2026,2026-06-08T05:25:00Z,49.8
Josh,6/11/2026 10:05,6/8/2026,2026-06-08T05:30:00Z,57
Josh,6/11/2026 10:05,6/8/2026,2026-06-08T05:35:00Z,55.2
Josh,6/11/2026 10:05,6/8/2026,2026-06-08T05:40:00Z,52.5
Josh,6/11/2026 10:05,6/8/2026,2026-06-08T05:45:00Z,51.5
Josh,6/11/2026 10:05,6/8/2026,2026-06-08T05:50:00Z,50.4
Josh,6/11/2026 10:05,6/8/2026,2026-06-08T05:55:00Z,53.9
Josh,6/11/2026 10:05,6/8/2026,2026-06-08T06:00:00Z,54.9
Josh,6/11/2026 10:05,6/8/2026,2026-06-08T06:05:00Z,50.3
Josh,6/11/2026 10:05,6/8/2026,2026-06-08T06:10:00Z,48.3
Josh,6/11/2026 10:05,6/8/2026,2026-06-08T06:15:00Z,48.4
Josh,6/11/2026 10:05,6/8/2026,2026-06-08T06:20:00Z,44.8
Josh,6/11/2026 10:05,6/8/2026,2026-06-08T06:25:00Z,48
Josh,6/11/2026 10:05,6/8/2026,2026-06-08T06:30:00Z,46.7
Josh,6/11/2026 10:05,6/8/2026,2026-06-08T06:35:00Z,44.7
Josh,6/11/2026 10:05,6/8/2026,2026-06-08T06:40:00Z,42.8
Josh,6/11/2026 10:05,6/8/2026,2026-06-08T06:45:00Z,47.1
Josh,6/11/2026 10:05,6/8/2026,2026-06-08T06:50:00Z,42.2
Josh,6/11/2026 10:05,6/8/2026,2026-06-08T06:55:00Z,37.4
Josh,6/11/2026 10:05,6/8/2026,2026-06-08T07:00:00Z,37.2
Josh,6/11/2026 10:05,6/8/2026,2026-06-08T07:05:00Z,33.3
Josh,6/11/2026 10:05,6/8/2026,2026-06-08T07:10:00Z,33.5
Josh,6/11/2026 10:05,6/8/2026,2026-06-08T07:15:00Z,40.5
Josh,6/11/2026 10:05,6/8/2026,2026-06-08T07:20:00Z,40.3
Josh,6/11/2026 10:05,6/8/2026,2026-06-08T07:25:00Z,38
Josh,6/11/2026 10:05,6/8/2026,2026-06-08T07:30:00Z,33.7
Josh,6/11/2026 10:05,6/8/2026,2026-06-08T07:45:00Z,30.4
Josh,6/11/2026 10:05,6/8/2026,2026-06-08T07:55:00Z,32.7
Josh,6/11/2026 10:05,6/8/2026,2026-06-08T08:10:00Z,39.1
Josh,6/11/2026 10:05,6/8/2026,2026-06-08T08:50:00Z,31.9
Josh,6/11/2026 10:05,6/8/2026,2026-06-08T09:05:00Z,39.3
Josh,6/11/2026 10:05,6/8/2026,2026-06-08T09:35:00Z,40.3
Josh,6/11/2026 10:05,6/8/2026,2026-06-08T09:55:00Z,47.5
Josh,6/11/2026 10:05,6/8/2026,2026-06-08T10:05:00Z,36.3
Josh,6/11/2026 10:05,6/8/2026,2026-06-08T10:20:00Z,42.5
Josh,6/11/2026 10:05,6/8/2026,2026-06-08T10:25:00Z,31.4
Josh,6/11/2026 10:05,6/8/2026,2026-06-08T10:40:00Z,32.7
Josh,6/11/2026 10:05,6/8/2026,2026-06-08T10:45:00Z,40
Josh,6/11/2026 10:05,6/8/2026,2026-06-08T10:50:00Z,31.6
Josh,6/11/2026 10:05,6/8/2026,2026-06-08T10:55:00Z,45.6
Josh,6/11/2026 10:05,6/8/2026,2026-06-08T11:00:00Z,38.5
Josh,6/11/2026 10:05,6/8/2026,2026-06-08T11:15:00Z,34.1
Josh,6/11/2026 10:05,6/8/2026,2026-06-08T11:25:00Z,33.4
Josh,6/11/2026 10:05,6/8/2026,2026-06-08T11:35:00Z,35.8
Josh,6/11/2026 10:05,6/8/2026,2026-06-08T11:40:00Z,41.3
Josh,6/11/2026 10:05,6/8/2026,2026-06-08T11:55:00Z,41.7
Josh,6/11/2026 10:05,6/8/2026,2026-06-08T13:10:00Z,25.7
Josh,6/11/2026 10:05,6/8/2026,2026-06-08T13:30:00Z,37.2
Josh,6/11/2026 10:05,6/8/2026,2026-06-08T13:35:00Z,34
Josh,6/11/2026 10:05,6/8/2026,2026-06-08T13:40:00Z,36.6
Josh,6/11/2026 10:05,6/8/2026,2026-06-08T13:55:00Z,41.2
Josh,6/11/2026 10:05,6/8/2026,2026-06-08T14:10:00Z,33.9
Josh,6/11/2026 10:05,6/8/2026,2026-06-08T14:15:00Z,40.3
Josh,6/11/2026 10:05,6/8/2026,2026-06-08T14:20:00Z,34.4
Josh,6/11/2026 10:05,6/8/2026,2026-06-08T14:25:00Z,39.4
Josh,6/11/2026 10:05,6/8/2026,2026-06-08T14:30:00Z,32.5
Josh,6/11/2026 10:05,6/8/2026,2026-06-08T14:45:00Z,38.8
Josh,6/11/2026 10:05,6/8/2026,2026-06-08T14:50:00Z,34
Josh,6/11/2026 10:05,6/8/2026,2026-06-08T15:00:00Z,34.3
Josh,6/11/2026 10:05,6/8/2026,2026-06-08T15:05:00Z,30.2
Josh,6/11/2026 10:05,6/8/2026,2026-06-08T15:10:00Z,36.2
Josh,6/11/2026 10:05,6/8/2026,2026-06-08T15:15:00Z,40.4
Josh,6/11/2026 10:05,6/8/2026,2026-06-08T15:20:00Z,40.7
Josh,6/11/2026 10:05,6/8/2026,2026-06-08T15:30:00Z,28.1
Josh,6/11/2026 10:05,6/8/2026,2026-06-08T15:50:00Z,37.6
Josh,6/11/2026 10:05,6/8/2026,2026-06-08T15:55:00Z,35.9
Josh,6/11/2026 10:05,6/8/2026,2026-06-08T16:05:00Z,30.5
Josh,6/11/2026 10:05,6/8/2026,2026-06-08T16:15:00Z,38
Josh,6/11/2026 10:05,6/8/2026,2026-06-08T16:20:00Z,37.3
Josh,6/11/2026 10:05,6/8/2026,2026-06-08T16:25:00Z,39
Josh,6/11/2026 10:05,6/8/2026,2026-06-08T16:35:00Z,36.1
Josh,6/11/2026 10:05,6/8/2026,2026-06-08T16:45:00Z,45.9
Josh,6/11/2026 10:05,6/8/2026,2026-06-08T16:50:00Z,28.7
Josh,6/11/2026 10:05,6/8/2026,2026-06-08T16:55:00Z,43
Josh,6/11/2026 10:05,6/8/2026,2026-06-08T17:05:00Z,32.9
Josh,6/11/2026 10:05,6/8/2026,2026-06-08T17:15:00Z,29.9
Josh,6/11/2026 10:05,6/8/2026,2026-06-08T17:20:00Z,40.7
Josh,6/11/2026 10:05,6/8/2026,2026-06-08T17:25:00Z,36.8
Josh,6/11/2026 10:05,6/8/2026,2026-06-08T19:10:00Z,33.1
Josh,6/11/2026 10:05,6/8/2026,2026-06-08T19:15:00Z,32.1
Josh,6/11/2026 10:05,6/8/2026,2026-06-08T19:25:00Z,38.6
Josh,6/11/2026 10:05,6/8/2026,2026-06-08T19:35:00Z,44
Josh,6/11/2026 10:05,6/8/2026,2026-06-08T19:45:00Z,29.9
Josh,6/11/2026 10:05,6/8/2026,2026-06-08T19:55:00Z,37.7
Josh,6/11/2026 10:05,6/8/2026,2026-06-08T20:10:00Z,30
Josh,6/11/2026 10:05,6/8/2026,2026-06-08T20:30:00Z,48.5
Josh,6/11/2026 10:05,6/8/2026,2026-06-08T20:35:00Z,30.4
Josh,6/11/2026 10:05,6/8/2026,2026-06-08T20:40:00Z,40.5
Josh,6/11/2026 10:05,6/8/2026,2026-06-08T20:45:00Z,28.7
Josh,6/11/2026 10:05,6/8/2026,2026-06-08T20:55:00Z,39.5
Josh,6/11/2026 10:05,6/8/2026,2026-06-08T21:00:00Z,42.8
Josh,6/11/2026 10:05,6/8/2026,2026-06-08T21:05:00Z,37.9
Josh,6/11/2026 10:05,6/8/2026,2026-06-08T21:10:00Z,39.6
Josh,6/11/2026 10:05,6/8/2026,2026-06-08T21:15:00Z,31.6
Josh,6/11/2026 10:05,6/8/2026,2026-06-08T21:35:00Z,43.6
Josh,6/11/2026 10:05,6/8/2026,2026-06-08T21:40:00Z,42
Josh,6/11/2026 10:05,6/8/2026,2026-06-08T21:45:00Z,35.8
Josh,6/11/2026 10:05,6/8/2026,2026-06-08T21:50:00Z,39.7
Josh,6/11/2026 10:05,6/8/2026,2026-06-08T21:55:00Z,37.1
Josh,6/11/2026 10:05,6/8/2026,2026-06-08T22:00:00Z,46.9
Josh,6/11/2026 10:05,6/8/2026,2026-06-08T22:15:00Z,42.5
Josh,6/11/2026 10:05,6/8/2026,2026-06-08T22:25:00Z,35.8
Josh,6/11/2026 10:05,6/8/2026,2026-06-08T22:30:00Z,33.3
Josh,6/11/2026 10:05,6/8/2026,2026-06-08T22:35:00Z,36.7
Josh,6/11/2026 10:05,6/8/2026,2026-06-08T22:45:00Z,46.5
Josh,6/11/2026 10:05,6/8/2026,2026-06-08T22:55:00Z,40.7
Josh,6/11/2026 10:05,6/8/2026,2026-06-08T23:05:00Z,38.3
Josh,6/11/2026 10:05,6/8/2026,2026-06-08T23:25:00Z,36.5
Josh,6/11/2026 10:05,6/8/2026,2026-06-08T23:30:00Z,39.9
Josh,6/11/2026 10:05,6/8/2026,2026-06-08T23:35:00Z,36.4
Josh,6/11/2026 10:05,6/8/2026,2026-06-08T23:40:00Z,42.1
Josh,6/11/2026 10:05,6/8/2026,2026-06-08T23:45:00Z,39.6
Josh,6/11/2026 10:05,6/8/2026,2026-06-08T23:55:00Z,42.5
Josh,6/11/2026 10:05,6/9/2026,2026-06-09T00:00:00Z,50.5
Josh,6/11/2026 10:05,6/9/2026,2026-06-09T00:05:00Z,53.1
Josh,6/11/2026 10:05,6/9/2026,2026-06-09T00:10:00Z,51.5
Josh,6/11/2026 10:05,6/9/2026,2026-06-09T00:15:00Z,51.4
Josh,6/11/2026 10:05,6/9/2026,2026-06-09T00:20:00Z,50.4
Josh,6/11/2026 10:05,6/9/2026,2026-06-09T00:25:00Z,53.1
Josh,6/11/2026 10:05,6/9/2026,2026-06-09T00:30:00Z,61.7
Josh,6/11/2026 10:05,6/9/2026,2026-06-09T00:35:00Z,58.3
Josh,6/11/2026 10:05,6/9/2026,2026-06-09T00:40:00Z,55.2
Josh,6/11/2026 10:05,6/9/2026,2026-06-09T00:45:00Z,63.4
Josh,6/11/2026 10:05,6/9/2026,2026-06-09T00:50:00Z,55.6
Josh,6/11/2026 10:05,6/9/2026,2026-06-09T00:55:00Z,62.5
Josh,6/11/2026 10:05,6/9/2026,2026-06-09T01:00:00Z,66.4
Josh,6/11/2026 10:05,6/9/2026,2026-06-09T01:05:00Z,58.7
Josh,6/11/2026 10:05,6/9/2026,2026-06-09T01:10:00Z,61.9
Josh,6/11/2026 10:05,6/9/2026,2026-06-09T01:15:00Z,67
Josh,6/11/2026 10:05,6/9/2026,2026-06-09T01:20:00Z,60.9
Josh,6/11/2026 10:05,6/9/2026,2026-06-09T01:25:00Z,63.6
Josh,6/11/2026 10:05,6/9/2026,2026-06-09T01:30:00Z,67.9
Josh,6/11/2026 10:05,6/9/2026,2026-06-09T01:35:00Z,69.8
Josh,6/11/2026 10:05,6/9/2026,2026-06-09T01:40:00Z,70.1
Josh,6/11/2026 10:05,6/9/2026,2026-06-09T01:45:00Z,75.7
Josh,6/11/2026 10:05,6/9/2026,2026-06-09T01:50:00Z,65.2
Josh,6/11/2026 10:05,6/9/2026,2026-06-09T01:55:00Z,69.5
Josh,6/11/2026 10:05,6/9/2026,2026-06-09T02:00:00Z,58.2
Josh,6/11/2026 10:05,6/9/2026,2026-06-09T02:05:00Z,68.3
Josh,6/11/2026 10:05,6/9/2026,2026-06-09T02:10:00Z,60.3
Josh,6/11/2026 10:05,6/9/2026,2026-06-09T02:15:00Z,70.5
Josh,6/11/2026 10:05,6/9/2026,2026-06-09T02:20:00Z,69.4
Josh,6/11/2026 10:05,6/9/2026,2026-06-09T02:25:00Z,67.1
Josh,6/11/2026 10:05,6/9/2026,2026-06-09T02:30:00Z,62
Josh,6/11/2026 10:05,6/9/2026,2026-06-09T02:35:00Z,64.3
Josh,6/11/2026 10:05,6/9/2026,2026-06-09T02:40:00Z,61
Josh,6/11/2026 10:05,6/9/2026,2026-06-09T02:45:00Z,63.9
Josh,6/11/2026 10:05,6/9/2026,2026-06-09T02:50:00Z,67.6
Josh,6/11/2026 10:05,6/9/2026,2026-06-09T02:55:00Z,65.9
Josh,6/11/2026 10:05,6/9/2026,2026-06-09T03:00:00Z,68.3
Josh,6/11/2026 10:05,6/9/2026,2026-06-09T03:05:00Z,69.9
Josh,6/11/2026 10:05,6/9/2026,2026-06-09T03:10:00Z,65.7
Josh,6/11/2026 10:05,6/9/2026,2026-06-09T03:15:00Z,74.7
Josh,6/11/2026 10:05,6/9/2026,2026-06-09T03:20:00Z,60.1
Josh,6/11/2026 10:05,6/9/2026,2026-06-09T03:25:00Z,64.4
Josh,6/11/2026 10:05,6/9/2026,2026-06-09T03:30:00Z,64.8
Josh,6/11/2026 10:05,6/9/2026,2026-06-09T03:35:00Z,65.7
Josh,6/11/2026 10:05,6/9/2026,2026-06-09T03:40:00Z,70.2
Josh,6/11/2026 10:05,6/9/2026,2026-06-09T03:45:00Z,70.6
Josh,6/11/2026 10:05,6/9/2026,2026-06-09T03:50:00Z,73.7
Josh,6/11/2026 10:05,6/9/2026,2026-06-09T03:55:00Z,64.4
Josh,6/11/2026 10:05,6/9/2026,2026-06-09T04:00:00Z,59.1
Josh,6/11/2026 10:05,6/9/2026,2026-06-09T04:05:00Z,68.3
Josh,6/11/2026 10:05,6/9/2026,2026-06-09T04:10:00Z,64
Josh,6/11/2026 10:05,6/9/2026,2026-06-09T04:15:00Z,69.2
Josh,6/11/2026 10:05,6/9/2026,2026-06-09T04:20:00Z,66.8
Josh,6/11/2026 10:05,6/9/2026,2026-06-09T04:25:00Z,60.2
Josh,6/11/2026 10:05,6/9/2026,2026-06-09T04:30:00Z,61.4
Josh,6/11/2026 10:05,6/9/2026,2026-06-09T04:35:00Z,59.6
Josh,6/11/2026 10:05,6/9/2026,2026-06-09T04:40:00Z,60.1
Josh,6/11/2026 10:05,6/9/2026,2026-06-09T04:45:00Z,65.5
Josh,6/11/2026 10:05,6/9/2026,2026-06-09T04:50:00Z,57.2
Josh,6/11/2026 10:05,6/9/2026,2026-06-09T04:55:00Z,57.9
Josh,6/11/2026 10:05,6/9/2026,2026-06-09T05:00:00Z,54.7
Josh,6/11/2026 10:05,6/9/2026,2026-06-09T05:05:00Z,53.4
Josh,6/11/2026 10:05,6/9/2026,2026-06-09T05:10:00Z,59.2
Josh,6/11/2026 10:05,6/9/2026,2026-06-09T05:15:00Z,59
Josh,6/11/2026 10:05,6/9/2026,2026-06-09T05:20:00Z,56.4
Josh,6/11/2026 10:05,6/9/2026,2026-06-09T05:25:00Z,55.4
Josh,6/11/2026 10:05,6/9/2026,2026-06-09T05:30:00Z,55.3
Josh,6/11/2026 10:05,6/9/2026,2026-06-09T05:35:00Z,56.2
Josh,6/11/2026 10:05,6/9/2026,2026-06-09T05:40:00Z,54.7
Josh,6/11/2026 10:05,6/9/2026,2026-06-09T05:45:00Z,58.2
Josh,6/11/2026 10:05,6/9/2026,2026-06-09T05:50:00Z,50.6
Josh,6/11/2026 10:05,6/9/2026,2026-06-09T05:55:00Z,51.5
Josh,6/11/2026 10:05,6/9/2026,2026-06-09T06:00:00Z,49.9
Josh,6/11/2026 10:05,6/9/2026,2026-06-09T06:05:00Z,46.6
Josh,6/11/2026 10:05,6/9/2026,2026-06-09T06:10:00Z,52
Josh,6/11/2026 10:05,6/9/2026,2026-06-09T06:15:00Z,39.8
Josh,6/11/2026 10:05,6/9/2026,2026-06-09T06:20:00Z,55.8
Josh,6/11/2026 10:05,6/9/2026,2026-06-09T06:25:00Z,51.6
Josh,6/11/2026 10:05,6/9/2026,2026-06-09T06:30:00Z,45.4
Josh,6/11/2026 10:05,6/9/2026,2026-06-09T06:35:00Z,42.6
Josh,6/11/2026 10:05,6/9/2026,2026-06-09T06:40:00Z,43.7
Josh,6/11/2026 10:05,6/9/2026,2026-06-09T06:45:00Z,41.7
Josh,6/11/2026 10:05,6/9/2026,2026-06-09T06:50:00Z,38.8
Josh,6/11/2026 10:05,6/9/2026,2026-06-09T06:55:00Z,41.5
Josh,6/11/2026 10:05,6/9/2026,2026-06-09T07:00:00Z,38.4
Josh,6/11/2026 10:05,6/9/2026,2026-06-09T07:05:00Z,39.2
Josh,6/11/2026 10:05,6/9/2026,2026-06-09T07:10:00Z,40.9
Josh,6/11/2026 10:05,6/9/2026,2026-06-09T07:15:00Z,29
Josh,6/11/2026 10:05,6/9/2026,2026-06-09T07:20:00Z,38.9
Josh,6/11/2026 10:05,6/9/2026,2026-06-09T07:25:00Z,37.2
Josh,6/11/2026 10:05,6/9/2026,2026-06-09T07:30:00Z,34.8
Josh,6/11/2026 10:05,6/9/2026,2026-06-09T07:35:00Z,28.7
Josh,6/11/2026 10:05,6/9/2026,2026-06-09T07:40:00Z,31.1
Josh,6/11/2026 10:05,6/9/2026,2026-06-09T07:50:00Z,39.5
Josh,6/11/2026 10:05,6/9/2026,2026-06-09T08:00:00Z,40.6
Josh,6/11/2026 10:05,6/9/2026,2026-06-09T08:10:00Z,30.4
Josh,6/11/2026 10:05,6/9/2026,2026-06-09T08:15:00Z,36.2
Josh,6/11/2026 10:05,6/9/2026,2026-06-09T09:05:00Z,38.6
Josh,6/11/2026 10:05,6/9/2026,2026-06-09T09:15:00Z,37.1
Josh,6/11/2026 10:05,6/9/2026,2026-06-09T09:25:00Z,35.8
Josh,6/11/2026 10:05,6/9/2026,2026-06-09T09:30:00Z,33.1
Josh,6/11/2026 10:05,6/9/2026,2026-06-09T09:35:00Z,39.7
Josh,6/11/2026 10:05,6/9/2026,2026-06-09T09:45:00Z,28.2
Josh,6/11/2026 10:05,6/9/2026,2026-06-09T09:55:00Z,36.6
Josh,6/11/2026 10:05,6/9/2026,2026-06-09T10:00:00Z,31.3
Josh,6/11/2026 10:05,6/9/2026,2026-06-09T10:05:00Z,40.3
Josh,6/11/2026 10:05,6/9/2026,2026-06-09T10:15:00Z,34
Josh,6/11/2026 10:05,6/9/2026,2026-06-09T10:25:00Z,28.3
Josh,6/11/2026 10:05,6/9/2026,2026-06-09T10:30:00Z,36.9
Josh,6/11/2026 10:05,6/9/2026,2026-06-09T10:35:00Z,37.3
Josh,6/11/2026 10:05,6/9/2026,2026-06-09T10:40:00Z,35.1
Josh,6/11/2026 10:05,6/9/2026,2026-06-09T11:00:00Z,34.7
Josh,6/11/2026 10:05,6/9/2026,2026-06-09T11:05:00Z,38.6
Josh,6/11/2026 10:05,6/9/2026,2026-06-09T11:10:00Z,41.9
Josh,6/11/2026 10:05,6/9/2026,2026-06-09T11:20:00Z,33.2
Josh,6/11/2026 10:05,6/9/2026,2026-06-09T11:25:00Z,36.7
Josh,6/11/2026 10:05,6/9/2026,2026-06-09T11:30:00Z,37.5
Josh,6/11/2026 10:05,6/9/2026,2026-06-09T11:35:00Z,33.2
Josh,6/11/2026 10:05,6/9/2026,2026-06-09T11:45:00Z,32.8
Josh,6/11/2026 10:05,6/9/2026,2026-06-09T13:15:00Z,29
Josh,6/11/2026 10:05,6/9/2026,2026-06-09T13:35:00Z,33.4
Josh,6/11/2026 10:05,6/9/2026,2026-06-09T13:40:00Z,36.2
Josh,6/11/2026 10:05,6/9/2026,2026-06-09T13:55:00Z,36.7
Josh,6/11/2026 10:05,6/9/2026,2026-06-09T14:00:00Z,43
Josh,6/11/2026 10:05,6/9/2026,2026-06-09T14:10:00Z,40.6
Josh,6/11/2026 10:05,6/9/2026,2026-06-09T14:15:00Z,36.6
Josh,6/11/2026 10:05,6/9/2026,2026-06-09T14:40:00Z,29.7
Josh,6/11/2026 10:05,6/9/2026,2026-06-09T14:45:00Z,34.4
Josh,6/11/2026 10:05,6/9/2026,2026-06-09T14:50:00Z,40.2
Josh,6/11/2026 10:05,6/9/2026,2026-06-09T14:55:00Z,32.4
Josh,6/11/2026 10:05,6/9/2026,2026-06-09T15:00:00Z,35.2
Josh,6/11/2026 10:05,6/9/2026,2026-06-09T15:05:00Z,40.1
Josh,6/11/2026 10:05,6/9/2026,2026-06-09T15:10:00Z,34.7
Josh,6/11/2026 10:05,6/9/2026,2026-06-09T15:15:00Z,35.9
Josh,6/11/2026 10:05,6/9/2026,2026-06-09T15:25:00Z,29.3
Josh,6/11/2026 10:05,6/9/2026,2026-06-09T15:35:00Z,34.8
Josh,6/11/2026 10:05,6/9/2026,2026-06-09T15:45:00Z,31.6
Josh,6/11/2026 10:05,6/9/2026,2026-06-09T15:50:00Z,37.1
Josh,6/11/2026 10:05,6/9/2026,2026-06-09T15:55:00Z,35
Josh,6/11/2026 10:05,6/9/2026,2026-06-09T16:05:00Z,41.3
Josh,6/11/2026 10:05,6/9/2026,2026-06-09T16:15:00Z,27.1
Josh,6/11/2026 10:05,6/9/2026,2026-06-09T16:35:00Z,42.9
Josh,6/11/2026 10:05,6/9/2026,2026-06-09T16:40:00Z,31.1
Josh,6/11/2026 10:05,6/9/2026,2026-06-09T16:55:00Z,29.9
Josh,6/11/2026 10:05,6/9/2026,2026-06-09T17:00:00Z,36.2
Josh,6/11/2026 10:05,6/9/2026,2026-06-09T17:05:00Z,43
Josh,6/11/2026 10:05,6/9/2026,2026-06-09T17:15:00Z,32.7
Josh,6/11/2026 10:05,6/9/2026,2026-06-09T19:15:00Z,33.2
Josh,6/11/2026 10:05,6/9/2026,2026-06-09T19:20:00Z,37.7
Josh,6/11/2026 10:05,6/9/2026,2026-06-09T19:25:00Z,39.1
Josh,6/11/2026 10:05,6/9/2026,2026-06-09T19:30:00Z,36.3
Josh,6/11/2026 10:05,6/9/2026,2026-06-09T19:35:00Z,40.2
Josh,6/11/2026 10:05,6/9/2026,2026-06-09T19:55:00Z,35
Josh,6/11/2026 10:05,6/9/2026,2026-06-09T20:10:00Z,29
Josh,6/11/2026 10:05,6/9/2026,2026-06-09T20:25:00Z,38.4
Josh,6/11/2026 10:05,6/9/2026,2026-06-09T20:30:00Z,37.1
Josh,6/11/2026 10:05,6/9/2026,2026-06-09T20:35:00Z,36.9
Josh,6/11/2026 10:05,6/9/2026,2026-06-09T20:40:00Z,38.8
Josh,6/11/2026 10:05,6/9/2026,2026-06-09T20:45:00Z,43.2
Josh,6/11/2026 10:05,6/9/2026,2026-06-09T20:50:00Z,40.4
Josh,6/11/2026 10:05,6/9/2026,2026-06-09T21:05:00Z,36.6
Josh,6/11/2026 10:05,6/9/2026,2026-06-09T21:10:00Z,39.1
Josh,6/11/2026 10:05,6/9/2026,2026-06-09T21:15:00Z,34.5
Josh,6/11/2026 10:05,6/9/2026,2026-06-09T21:20:00Z,37
Josh,6/11/2026 10:05,6/9/2026,2026-06-09T21:35:00Z,29.6
Josh,6/11/2026 10:05,6/9/2026,2026-06-09T22:05:00Z,31.4
Josh,6/11/2026 10:05,6/9/2026,2026-06-09T22:15:00Z,41.4
Josh,6/11/2026 10:05,6/9/2026,2026-06-09T22:20:00Z,36.8
Josh,6/11/2026 10:05,6/9/2026,2026-06-09T22:25:00Z,27.2
Josh,6/11/2026 10:05,6/9/2026,2026-06-09T22:40:00Z,30.2
Josh,6/11/2026 10:05,6/9/2026,2026-06-09T22:50:00Z,40.7
Josh,6/11/2026 10:05,6/9/2026,2026-06-09T23:10:00Z,40.4
Josh,6/11/2026 10:05,6/9/2026,2026-06-09T23:15:00Z,38.8
Josh,6/11/2026 10:05,6/9/2026,2026-06-09T23:20:00Z,39.5
Josh,6/11/2026 10:05,6/9/2026,2026-06-09T23:25:00Z,43.8
Josh,6/11/2026 10:05,6/9/2026,2026-06-09T23:30:00Z,37.3
Josh,6/11/2026 10:05,6/9/2026,2026-06-09T23:40:00Z,36.1
Josh,6/11/2026 10:05,6/9/2026,2026-06-09T23:45:00Z,35.5
Josh,6/11/2026 10:05,6/9/2026,2026-06-09T23:55:00Z,36.8
Josh,6/11/2026 10:05,6/10/2026,2026-06-10T00:00:00Z,48.7
Josh,6/11/2026 10:05,6/10/2026,2026-06-10T00:05:00Z,46
Josh,6/11/2026 10:05,6/10/2026,2026-06-10T00:10:00Z,52.3
Josh,6/11/2026 10:05,6/10/2026,2026-06-10T00:15:00Z,56.6
Josh,6/11/2026 10:05,6/10/2026,2026-06-10T00:20:00Z,52.9
Josh,6/11/2026 10:05,6/10/2026,2026-06-10T00:25:00Z,54.1
Josh,6/11/2026 10:05,6/10/2026,2026-06-10T00:30:00Z,60.5
Josh,6/11/2026 10:05,6/10/2026,2026-06-10T00:35:00Z,59
Josh,6/11/2026 10:05,6/10/2026,2026-06-10T00:40:00Z,54.1
Josh,6/11/2026 10:05,6/10/2026,2026-06-10T00:45:00Z,56.9
Josh,6/11/2026 10:05,6/10/2026,2026-06-10T00:50:00Z,56.6
Josh,6/11/2026 10:05,6/10/2026,2026-06-10T00:55:00Z,65.7
Josh,6/11/2026 10:05,6/10/2026,2026-06-10T01:00:00Z,58.7
Josh,6/11/2026 10:05,6/10/2026,2026-06-10T01:05:00Z,62.8
Josh,6/11/2026 10:05,6/10/2026,2026-06-10T01:10:00Z,66
Josh,6/11/2026 10:05,6/10/2026,2026-06-10T01:15:00Z,64
Josh,6/11/2026 10:05,6/10/2026,2026-06-10T01:20:00Z,69.9
Josh,6/11/2026 10:05,6/10/2026,2026-06-10T01:25:00Z,69.6
Josh,6/11/2026 10:05,6/10/2026,2026-06-10T01:30:00Z,71.7
Josh,6/11/2026 10:05,6/10/2026,2026-06-10T01:35:00Z,68.1
Josh,6/11/2026 10:05,6/10/2026,2026-06-10T01:40:00Z,70.3
Josh,6/11/2026 10:05,6/10/2026,2026-06-10T01:45:00Z,67.1
Josh,6/11/2026 10:05,6/10/2026,2026-06-10T01:50:00Z,66.5
Josh,6/11/2026 10:05,6/10/2026,2026-06-10T01:55:00Z,73.3
Josh,6/11/2026 10:05,6/10/2026,2026-06-10T02:00:00Z,64.7
Josh,6/11/2026 10:05,6/10/2026,2026-06-10T02:05:00Z,66
Josh,6/11/2026 10:05,6/10/2026,2026-06-10T02:10:00Z,69.1
Josh,6/11/2026 10:05,6/10/2026,2026-06-10T02:15:00Z,70.2
Josh,6/11/2026 10:05,6/10/2026,2026-06-10T02:20:00Z,64.5
Josh,6/11/2026 10:05,6/10/2026,2026-06-10T02:25:00Z,67.2
Josh,6/11/2026 10:05,6/10/2026,2026-06-10T02:30:00Z,65.2
Josh,6/11/2026 10:05,6/10/2026,2026-06-10T02:35:00Z,72.3
Josh,6/11/2026 10:05,6/10/2026,2026-06-10T02:40:00Z,58.7
Josh,6/11/2026 10:05,6/10/2026,2026-06-10T02:45:00Z,56.3
Josh,6/11/2026 10:05,6/10/2026,2026-06-10T02:50:00Z,60.8
Josh,6/11/2026 10:05,6/10/2026,2026-06-10T02:55:00Z,71
Josh,6/11/2026 10:05,6/10/2026,2026-06-10T03:00:00Z,71.1
Josh,6/11/2026 10:05,6/10/2026,2026-06-10T03:05:00Z,70.4
Josh,6/11/2026 10:05,6/10/2026,2026-06-10T03:10:00Z,64
Josh,6/11/2026 10:05,6/10/2026,2026-06-10T03:15:00Z,66.4
Josh,6/11/2026 10:05,6/10/2026,2026-06-10T03:20:00Z,69
Josh,6/11/2026 10:05,6/10/2026,2026-06-10T03:25:00Z,57.9
Josh,6/11/2026 10:05,6/10/2026,2026-06-10T03:30:00Z,71.4
Josh,6/11/2026 10:05,6/10/2026,2026-06-10T03:35:00Z,70.5
Josh,6/11/2026 10:05,6/10/2026,2026-06-10T03:40:00Z,58.7
Josh,6/11/2026 10:05,6/10/2026,2026-06-10T03:45:00Z,70.5
Josh,6/11/2026 10:05,6/10/2026,2026-06-10T03:50:00Z,70.1
Josh,6/11/2026 10:05,6/10/2026,2026-06-10T03:55:00Z,63.6
Josh,6/11/2026 10:05,6/10/2026,2026-06-10T04:00:00Z,65.3
Josh,6/11/2026 10:05,6/10/2026,2026-06-10T04:05:00Z,70.3
Josh,6/11/2026 10:05,6/10/2026,2026-06-10T04:10:00Z,64.1
Josh,6/11/2026 10:05,6/10/2026,2026-06-10T04:15:00Z,62.6
Josh,6/11/2026 10:05,6/10/2026,2026-06-10T04:20:00Z,67.3
Josh,6/11/2026 10:05,6/10/2026,2026-06-10T04:25:00Z,61
Josh,6/11/2026 10:05,6/10/2026,2026-06-10T04:30:00Z,59.7
Josh,6/11/2026 10:05,6/10/2026,2026-06-10T04:35:00Z,65
Josh,6/11/2026 10:05,6/10/2026,2026-06-10T04:40:00Z,59.3
Josh,6/11/2026 10:05,6/10/2026,2026-06-10T04:45:00Z,56.7
Josh,6/11/2026 10:05,6/10/2026,2026-06-10T04:50:00Z,55.2
Josh,6/11/2026 10:05,6/10/2026,2026-06-10T04:55:00Z,62.5
Josh,6/11/2026 10:05,6/10/2026,2026-06-10T05:00:00Z,55.2
Josh,6/11/2026 10:05,6/10/2026,2026-06-10T05:05:00Z,56.7
Josh,6/11/2026 10:05,6/10/2026,2026-06-10T05:10:00Z,66.5
Josh,6/11/2026 10:05,6/10/2026,2026-06-10T05:15:00Z,56.5
Josh,6/11/2026 10:05,6/10/2026,2026-06-10T05:20:00Z,58.4
Josh,6/11/2026 10:05,6/10/2026,2026-06-10T05:25:00Z,58.9
Josh,6/11/2026 10:05,6/10/2026,2026-06-10T05:30:00Z,54
Josh,6/11/2026 10:05,6/10/2026,2026-06-10T05:35:00Z,52.6
Josh,6/11/2026 10:05,6/10/2026,2026-06-10T05:40:00Z,52.7
Josh,6/11/2026 10:05,6/10/2026,2026-06-10T05:45:00Z,55
Josh,6/11/2026 10:05,6/10/2026,2026-06-10T05:50:00Z,46.3
Josh,6/11/2026 10:05,6/10/2026,2026-06-10T05:55:00Z,51.1
Josh,6/11/2026 10:05,6/10/2026,2026-06-10T06:00:00Z,47.7
Josh,6/11/2026 10:05,6/10/2026,2026-06-10T06:05:00Z,53
Josh,6/11/2026 10:05,6/10/2026,2026-06-10T06:10:00Z,52.9
Josh,6/11/2026 10:05,6/10/2026,2026-06-10T06:15:00Z,56.6
Josh,6/11/2026 10:05,6/10/2026,2026-06-10T06:20:00Z,46
Josh,6/11/2026 10:05,6/10/2026,2026-06-10T06:25:00Z,47.6
Josh,6/11/2026 10:05,6/10/2026,2026-06-10T06:30:00Z,47
Josh,6/11/2026 10:05,6/10/2026,2026-06-10T06:35:00Z,43
Josh,6/11/2026 10:05,6/10/2026,2026-06-10T06:40:00Z,43.9
Josh,6/11/2026 10:05,6/10/2026,2026-06-10T06:45:00Z,40
Josh,6/11/2026 10:05,6/10/2026,2026-06-10T06:50:00Z,41.3
Josh,6/11/2026 10:05,6/10/2026,2026-06-10T06:55:00Z,39
Josh,6/11/2026 10:05,6/10/2026,2026-06-10T07:00:00Z,38.4
Josh,6/11/2026 10:05,6/10/2026,2026-06-10T07:05:00Z,37.8
Josh,6/11/2026 10:05,6/10/2026,2026-06-10T07:10:00Z,45.1
Josh,6/11/2026 10:05,6/10/2026,2026-06-10T07:15:00Z,35.9
Josh,6/11/2026 10:05,6/10/2026,2026-06-10T07:20:00Z,38.8
Josh,6/11/2026 10:05,6/10/2026,2026-06-10T07:25:00Z,32.4
Josh,6/11/2026 10:05,6/10/2026,2026-06-10T07:30:00Z,29.7
Josh,6/11/2026 10:05,6/10/2026,2026-06-10T07:40:00Z,31.6
Josh,6/11/2026 10:05,6/10/2026,2026-06-10T07:50:00Z,31.2
Josh,6/11/2026 10:05,6/10/2026,2026-06-10T07:55:00Z,40.2
Josh,6/11/2026 10:05,6/10/2026,2026-06-10T08:05:00Z,47.7
Josh,6/11/2026 10:05,6/10/2026,2026-06-10T08:10:00Z,32.4
Josh,6/11/2026 10:05,6/10/2026,2026-06-10T08:55:00Z,40.4
Josh,6/11/2026 10:05,6/10/2026,2026-06-10T09:05:00Z,33.9
Josh,6/11/2026 10:05,6/10/2026,2026-06-10T09:10:00Z,40.5
Josh,6/11/2026 10:05,6/10/2026,2026-06-10T09:15:00Z,39.7
Josh,6/11/2026 10:05,6/10/2026,2026-06-10T09:20:00Z,44.2
Josh,6/11/2026 10:05,6/10/2026,2026-06-10T09:30:00Z,29.9
Josh,6/11/2026 10:05,6/10/2026,2026-06-10T09:40:00Z,40.1
Josh,6/11/2026 10:05,6/10/2026,2026-06-10T09:45:00Z,38.7
Josh,6/11/2026 10:05,6/10/2026,2026-06-10T09:50:00Z,29.7
Josh,6/11/2026 10:05,6/10/2026,2026-06-10T10:00:00Z,34.8
Josh,6/11/2026 10:05,6/10/2026,2026-06-10T10:05:00Z,42.6
Josh,6/11/2026 10:05,6/10/2026,2026-06-10T10:10:00Z,39.4
Josh,6/11/2026 10:05,6/10/2026,2026-06-10T10:15:00Z,42.7
Josh,6/11/2026 10:05,6/10/2026,2026-06-10T10:20:00Z,29.3
Josh,6/11/2026 10:05,6/10/2026,2026-06-10T10:30:00Z,44.3
Josh,6/11/2026 10:05,6/10/2026,2026-06-10T10:35:00Z,35
Josh,6/11/2026 10:05,6/10/2026,2026-06-10T10:45:00Z,38.6
Josh,6/11/2026 10:05,6/10/2026,2026-06-10T10:55:00Z,36.9
Josh,6/11/2026 10:05,6/10/2026,2026-06-10T11:10:00Z,41.3
Josh,6/11/2026 10:05,6/10/2026,2026-06-10T11:15:00Z,43.4
Josh,6/11/2026 10:05,6/10/2026,2026-06-10T11:20:00Z,41.1
Josh,6/11/2026 10:05,6/10/2026,2026-06-10T11:25:00Z,36.3
Josh,6/11/2026 10:05,6/10/2026,2026-06-10T11:40:00Z,36
Josh,6/11/2026 10:05,6/10/2026,2026-06-10T11:50:00Z,35.1
Josh,6/11/2026 10:05,6/10/2026,2026-06-10T11:55:00Z,44.7
Josh,6/11/2026 10:05,6/10/2026,2026-06-10T13:10:00Z,30.1
Josh,6/11/2026 10:05,6/10/2026,2026-06-10T13:15:00Z,26.8
Josh,6/11/2026 10:05,6/10/2026,2026-06-10T13:40:00Z,37.6
Josh,6/11/2026 10:05,6/10/2026,2026-06-10T13:45:00Z,37.1
Josh,6/11/2026 10:05,6/10/2026,2026-06-10T14:25:00Z,42.7
Josh,6/11/2026 10:05,6/10/2026,2026-06-10T14:30:00Z,40.1
Josh,6/11/2026 10:05,6/10/2026,2026-06-10T14:45:00Z,46.7
Josh,6/11/2026 10:05,6/10/2026,2026-06-10T15:05:00Z,34.8
Josh,6/11/2026 10:05,6/10/2026,2026-06-10T15:10:00Z,29
Josh,6/11/2026 10:05,6/10/2026,2026-06-10T15:30:00Z,38.7
Josh,6/11/2026 10:05,6/10/2026,2026-06-10T15:35:00Z,39.8
Josh,6/11/2026 10:05,6/10/2026,2026-06-10T15:50:00Z,41.8
Josh,6/11/2026 10:05,6/10/2026,2026-06-10T15:55:00Z,36.2
Josh,6/11/2026 10:05,6/10/2026,2026-06-10T16:00:00Z,38.2
Josh,6/11/2026 10:05,6/10/2026,2026-06-10T16:05:00Z,40.7
Josh,6/11/2026 10:05,6/10/2026,2026-06-10T16:10:00Z,47.9
Josh,6/11/2026 10:05,6/10/2026,2026-06-10T16:20:00Z,39.7
Josh,6/11/2026 10:05,6/10/2026,2026-06-10T16:25:00Z,47.1
Josh,6/11/2026 10:05,6/10/2026,2026-06-10T16:50:00Z,34.4
Josh,6/11/2026 10:05,6/10/2026,2026-06-10T16:55:00Z,37.2
Josh,6/11/2026 10:05,6/10/2026,2026-06-10T17:00:00Z,38.6
Josh,6/11/2026 10:05,6/10/2026,2026-06-10T17:10:00Z,43.2
Josh,6/11/2026 10:05,6/10/2026,2026-06-10T17:15:00Z,29.7
Josh,6/11/2026 10:05,6/10/2026,2026-06-10T19:15:00Z,37.2
Josh,6/11/2026 10:05,6/10/2026,2026-06-10T19:20:00Z,39.4
Josh,6/11/2026 10:05,6/10/2026,2026-06-10T19:30:00Z,38.1
Josh,6/11/2026 10:05,6/10/2026,2026-06-10T19:40:00Z,34.6
Josh,6/11/2026 10:05,6/10/2026,2026-06-10T19:45:00Z,34.6
Josh,6/11/2026 10:05,6/10/2026,2026-06-10T20:00:00Z,45.7
Josh,6/11/2026 10:05,6/10/2026,2026-06-10T20:05:00Z,32.1
Josh,6/11/2026 10:05,6/10/2026,2026-06-10T20:15:00Z,36.5
Josh,6/11/2026 10:05,6/10/2026,2026-06-10T20:30:00Z,31.8
Josh,6/11/2026 10:05,6/10/2026,2026-06-10T20:35:00Z,40.2
Josh,6/11/2026 10:05,6/10/2026,2026-06-10T20:40:00Z,33.6
Josh,6/11/2026 10:05,6/10/2026,2026-06-10T20:55:00Z,31.6
Josh,6/11/2026 10:05,6/10/2026,2026-06-10T21:00:00Z,39.6
Josh,6/11/2026 10:05,6/10/2026,2026-06-10T21:05:00Z,36.8
Josh,6/11/2026 10:05,6/10/2026,2026-06-10T21:10:00Z,44.8
Josh,6/11/2026 10:05,6/10/2026,2026-06-10T21:15:00Z,36.9
Josh,6/11/2026 10:05,6/10/2026,2026-06-10T21:25:00Z,29.8
Josh,6/11/2026 10:05,6/10/2026,2026-06-10T21:35:00Z,35.2
Josh,6/11/2026 10:05,6/10/2026,2026-06-10T21:40:00Z,42.5
Josh,6/11/2026 10:05,6/10/2026,2026-06-10T21:45:00Z,43.5
Josh,6/11/2026 10:05,6/10/2026,2026-06-10T21:55:00Z,43.2
Josh,6/11/2026 10:05,6/10/2026,2026-06-10T22:10:00Z,28.8
Josh,6/11/2026 10:05,6/10/2026,2026-06-10T22:15:00Z,39.3
Josh,6/11/2026 10:05,6/10/2026,2026-06-10T22:25:00Z,41.6
Josh,6/11/2026 10:05,6/10/2026,2026-06-10T22:30:00Z,35.5
Josh,6/11/2026 10:05,6/10/2026,2026-06-10T22:35:00Z,36.3
Josh,6/11/2026 10:05,6/10/2026,2026-06-10T22:40:00Z,41.3
Josh,6/11/2026 10:05,6/10/2026,2026-06-10T22:50:00Z,28.9
Josh,6/11/2026 10:05,6/10/2026,2026-06-10T23:00:00Z,35.9
Josh,6/11/2026 10:05,6/10/2026,2026-06-10T23:05:00Z,38.6
Josh,6/11/2026 10:05,6/10/2026,2026-06-10T23:10:00Z,42.7
Josh,6/11/2026 10:05,6/10/2026,2026-06-10T23:30:00Z,42.4
Josh,6/11/2026 10:05,6/10/2026,2026-06-10T23:50:00Z,35.1
Josh,6/11/2026 10:05,6/10/2026,2026-06-10T23:55:00Z,39.6
