"participantID","datetime_fetch","dateOfSleep","datetime","logId","startTime","sleep_stage"
"Sarah","2026-06-08 04:19:06.95","2026-05-28","2026-05-28 00:15:00",1780906748,"2026-06-08 04:19:08.709","asleep"
"Sarah","2026-06-08 04:19:06.95","2026-05-28","2026-05-28 00:16:00",1780906748,"2026-06-08 04:19:08.839","asleep"
"Sarah","2026-06-08 04:19:06.95","2026-05-28","2026-05-28 00:17:00",1780906748,"2026-06-08 04:19:09.094","asleep"
"Sarah","2026-06-08 04:19:06.95","2026-05-28","2026-05-28 00:18:00",1780906748,"2026-06-08 04:19:09.282","asleep"
"Sarah","2026-06-08 04:19:06.95","2026-05-28","2026-05-28 00:19:00",1780906748,"2026-06-08 04:19:09.468","asleep"
"Sarah","2026-06-08 04:19:06.95","2026-05-28","2026-05-28 00:20:00",1780906748,"2026-06-08 04:19:09.663","asleep"
"Sarah","2026-06-08 04:19:06.95","2026-05-28","2026-05-28 00:21:00",1780906748,"2026-06-08 04:19:09.856","asleep"
"Sarah","2026-06-08 04:19:06.95","2026-05-28","2026-05-28 00:22:00",1780906748,"2026-06-08 04:19:10.342","asleep"
"Sarah","2026-06-08 04:19:06.95","2026-05-28","2026-05-28 00:23:00",1780906748,"2026-06-08 04:19:10.536","asleep"
"Sarah","2026-06-08 04:19:06.95","2026-05-28","2026-05-28 00:24:00",1780906748,"2026-06-08 04:19:10.72","asleep"
"Sarah","2026-06-08 04:19:06.95","2026-05-28","2026-05-28 00:25:00",1780906748,"2026-06-08 04:19:10.911","asleep"
"Sarah","2026-06-08 04:19:06.95","2026-05-28","2026-05-28 00:26:00",1780906748,"2026-06-08 04:19:11.106","asleep"
"Sarah","2026-06-08 04:19:06.95","2026-05-28","2026-05-28 00:27:00",1780906748,"2026-06-08 04:19:11.351","asleep"
"Sarah","2026-06-08 04:19:06.95","2026-05-28","2026-05-28 00:28:00",1780906748,"2026-06-08 04:19:11.737","asleep"
"Sarah","2026-06-08 04:19:06.95","2026-05-28","2026-05-28 00:29:00",1780906748,"2026-06-08 04:19:11.913","asleep"
"Sarah","2026-06-08 04:19:06.95","2026-05-28","2026-05-28 00:30:00",1780906748,"2026-06-08 04:19:12.105","asleep"
"Sarah","2026-06-08 04:19:06.95","2026-05-28","2026-05-28 00:31:00",1780906748,"2026-06-08 04:19:12.288","asleep"
"Sarah","2026-06-08 04:19:06.95","2026-05-28","2026-05-28 00:32:00",1780906748,"2026-06-08 04:19:12.463","asleep"
"Sarah","2026-06-08 04:19:06.95","2026-05-28","2026-05-28 00:33:00",1780906748,"2026-06-08 04:19:12.625","asleep"
"Sarah","2026-06-08 04:19:06.95","2026-05-28","2026-05-28 00:34:00",1780906748,"2026-06-08 04:19:12.81","asleep"
"Sarah","2026-06-08 04:19:06.95","2026-05-28","2026-05-28 00:35:00",1780906748,"2026-06-08 04:19:12.998","asleep"
"Sarah","2026-06-08 04:19:06.95","2026-05-28","2026-05-28 00:36:00",1780906748,"2026-06-08 04:19:13.193","asleep"
"Sarah","2026-06-08 04:19:06.95","2026-05-28","2026-05-28 00:37:00",1780906748,"2026-06-08 04:19:13.392","asleep"
"Sarah","2026-06-08 04:19:06.95","2026-05-28","2026-05-28 00:38:00",1780906748,"2026-06-08 04:19:13.589","asleep"
"Sarah","2026-06-08 04:19:06.95","2026-05-28","2026-05-28 00:39:00",1780906748,"2026-06-08 04:19:13.778","asleep"
"Sarah","2026-06-08 04:19:06.95","2026-05-28","2026-05-28 00:40:00",1780906748,"2026-06-08 04:19:13.948","asleep"
"Sarah","2026-06-08 04:19:06.95","2026-05-28","2026-05-28 00:41:00",1780906748,"2026-06-08 04:19:14.183","asleep"
"Sarah","2026-06-08 04:19:06.95","2026-05-28","2026-05-28 00:42:00",1780906748,"2026-06-08 04:19:14.369","asleep"
"Sarah","2026-06-08 04:19:06.95","2026-05-28","2026-05-28 00:43:00",1780906748,"2026-06-08 04:19:14.524","asleep"
"Sarah","2026-06-08 04:19:06.95","2026-05-28","2026-05-28 00:44:00",1780906748,"2026-06-08 04:19:14.696","asleep"
"Sarah","2026-06-08 04:19:06.95","2026-05-28","2026-05-28 00:45:00",1780906748,"2026-06-08 04:19:14.869","asleep"
"Sarah","2026-06-08 04:19:06.95","2026-05-28","2026-05-28 00:46:00",1780906748,"2026-06-08 04:19:15.041","asleep"
"Sarah","2026-06-08 04:19:06.95","2026-05-28","2026-05-28 00:47:00",1780906748,"2026-06-08 04:19:15.251","asleep"
"Sarah","2026-06-08 04:19:06.95","2026-05-28","2026-05-28 00:48:00",1780906748,"2026-06-08 04:19:15.521","asleep"
"Sarah","2026-06-08 04:19:06.95","2026-05-28","2026-05-28 00:49:00",1780906748,"2026-06-08 04:19:15.733","asleep"
"Sarah","2026-06-08 04:19:06.95","2026-05-28","2026-05-28 00:50:00",1780906748,"2026-06-08 04:19:15.902","asleep"
"Sarah","2026-06-08 04:19:06.95","2026-05-28","2026-05-28 00:51:00",1780906748,"2026-06-08 04:19:16.086","asleep"
"Sarah","2026-06-08 04:19:06.95","2026-05-28","2026-05-28 00:52:00",1780906748,"2026-06-08 04:19:16.259","asleep"
"Sarah","2026-06-08 04:19:06.95","2026-05-28","2026-05-28 00:53:00",1780906748,"2026-06-08 04:19:16.458","asleep"
"Sarah","2026-06-08 04:19:06.95","2026-05-28","2026-05-28 00:54:00",1780906748,"2026-06-08 04:19:16.654","asleep"
"Sarah","2026-06-08 04:19:06.95","2026-05-28","2026-05-28 00:55:00",1780906748,"2026-06-08 04:19:16.836","asleep"
"Sarah","2026-06-08 04:19:06.95","2026-05-28","2026-05-28 00:56:00",1780906748,"2026-06-08 04:19:17.013","asleep"
"Sarah","2026-06-08 04:19:06.95","2026-05-28","2026-05-28 00:57:00",1780906748,"2026-06-08 04:19:17.182","asleep"
"Sarah","2026-06-08 04:19:06.95","2026-05-28","2026-05-28 00:58:00",1780906748,"2026-06-08 04:19:17.355","asleep"
"Sarah","2026-06-08 04:19:06.95","2026-05-28","2026-05-28 00:59:00",1780906748,"2026-06-08 04:19:17.535","asleep"
"Sarah","2026-06-08 04:19:06.95","2026-05-28","2026-05-28 01:00:00",1780906748,"2026-06-08 04:19:17.688","asleep"
"Sarah","2026-06-08 04:19:06.95","2026-05-28","2026-05-28 01:01:00",1780906748,"2026-06-08 04:19:17.863","asleep"
"Sarah","2026-06-08 04:19:06.95","2026-05-28","2026-05-28 01:02:00",1780906748,"2026-06-08 04:19:18.031","asleep"
"Sarah","2026-06-08 04:19:06.95","2026-05-28","2026-05-28 01:03:00",1780906748,"2026-06-08 04:19:18.49","asleep"
"Sarah","2026-06-08 04:19:06.95","2026-05-28","2026-05-28 01:04:00",1780906748,"2026-06-08 04:19:19.123","asleep"
"Sarah","2026-06-08 04:19:06.95","2026-05-28","2026-05-28 01:05:00",1780906748,"2026-06-08 04:19:19.286","asleep"
"Sarah","2026-06-08 04:19:06.95","2026-05-28","2026-05-28 01:06:00",1780906748,"2026-06-08 04:19:19.486","asleep"
"Sarah","2026-06-08 04:19:06.95","2026-05-28","2026-05-28 01:07:00",1780906748,"2026-06-08 04:19:20.632","asleep"
"Sarah","2026-06-08 04:19:06.95","2026-05-28","2026-05-28 01:08:00",1780906748,"2026-06-08 04:19:20.799","asleep"
"Sarah","2026-06-08 04:19:06.95","2026-05-28","2026-05-28 01:09:00",1780906748,"2026-06-08 04:19:20.969","asleep"
"Sarah","2026-06-08 04:19:06.95","2026-05-28","2026-05-28 01:10:00",1780906748,"2026-06-08 04:19:21.578","asleep"
"Sarah","2026-06-08 04:19:06.95","2026-05-28","2026-05-28 01:11:00",1780906748,"2026-06-08 04:19:21.756","asleep"
"Sarah","2026-06-08 04:19:06.95","2026-05-28","2026-05-28 01:12:00",1780906748,"2026-06-08 04:19:21.934","asleep"
"Sarah","2026-06-08 04:19:06.95","2026-05-28","2026-05-28 01:13:00",1780906748,"2026-06-08 04:19:22.1","asleep"
"Sarah","2026-06-08 04:19:06.95","2026-05-28","2026-05-28 01:14:00",1780906748,"2026-06-08 04:19:22.283","asleep"
"Sarah","2026-06-08 04:19:06.95","2026-05-28","2026-05-28 01:15:00",1780906748,"2026-06-08 04:19:22.478","asleep"
"Sarah","2026-06-08 04:19:06.95","2026-05-28","2026-05-28 01:16:00",1780906748,"2026-06-08 04:19:22.662","asleep"
"Sarah","2026-06-08 04:19:06.95","2026-05-28","2026-05-28 01:17:00",1780906748,"2026-06-08 04:19:22.841","asleep"
"Sarah","2026-06-08 04:19:06.95","2026-05-28","2026-05-28 01:18:00",1780906748,"2026-06-08 04:19:22.995","asleep"
"Sarah","2026-06-08 04:19:06.95","2026-05-28","2026-05-28 01:19:00",1780906748,"2026-06-08 04:19:23.151","asleep"
"Sarah","2026-06-08 04:19:06.95","2026-05-28","2026-05-28 01:20:00",1780906748,"2026-06-08 04:19:23.402","asleep"
"Sarah","2026-06-08 04:19:06.95","2026-05-28","2026-05-28 01:21:00",1780906748,"2026-06-08 04:19:23.571","asleep"
"Sarah","2026-06-08 04:19:06.95","2026-05-28","2026-05-28 01:22:00",1780906748,"2026-06-08 04:19:23.747","asleep"
"Sarah","2026-06-08 04:19:06.95","2026-05-28","2026-05-28 01:23:00",1780906748,"2026-06-08 04:19:24.649","asleep"
"Sarah","2026-06-08 04:19:06.95","2026-05-28","2026-05-28 01:24:00",1780906748,"2026-06-08 04:19:24.82","asleep"
"Sarah","2026-06-08 04:19:06.95","2026-05-28","2026-05-28 01:25:00",1780906748,"2026-06-08 04:19:24.991","asleep"
"Sarah","2026-06-08 04:19:06.95","2026-05-28","2026-05-28 01:26:00",1780906748,"2026-06-08 04:19:25.14","asleep"
"Sarah","2026-06-08 04:19:06.95","2026-05-28","2026-05-28 01:27:00",1780906748,"2026-06-08 04:19:25.322","asleep"
"Sarah","2026-06-08 04:19:06.95","2026-05-28","2026-05-28 01:28:00",1780906748,"2026-06-08 04:19:25.511","asleep"
"Sarah","2026-06-08 04:19:06.95","2026-05-28","2026-05-28 01:29:00",1780906748,"2026-06-08 04:19:26.05","asleep"
"Sarah","2026-06-08 04:19:06.95","2026-05-28","2026-05-28 01:30:00",1780906748,"2026-06-08 04:19:26.221","asleep"
"Sarah","2026-06-08 04:19:06.95","2026-05-28","2026-05-28 01:31:00",1780906748,"2026-06-08 04:19:26.426","asleep"
"Sarah","2026-06-08 04:19:06.95","2026-05-28","2026-05-28 01:32:00",1780906748,"2026-06-08 04:19:26.601","asleep"
"Sarah","2026-06-08 04:19:06.95","2026-05-28","2026-05-28 01:33:00",1780906748,"2026-06-08 04:19:27.573","asleep"
"Sarah","2026-06-08 04:19:06.95","2026-05-28","2026-05-28 01:34:00",1780906748,"2026-06-08 04:19:28.104","asleep"
"Sarah","2026-06-08 04:19:06.95","2026-05-28","2026-05-28 01:35:00",1780906748,"2026-06-08 04:19:28.309","asleep"
"Sarah","2026-06-08 04:19:06.95","2026-05-28","2026-05-28 01:36:00",1780906748,"2026-06-08 04:19:28.486","asleep"
"Sarah","2026-06-08 04:19:06.95","2026-05-28","2026-05-28 01:37:00",1780906748,"2026-06-08 04:19:28.651","asleep"
"Sarah","2026-06-08 04:19:06.95","2026-05-28","2026-05-28 01:38:00",1780906748,"2026-06-08 04:19:28.832","asleep"
"Sarah","2026-06-08 04:19:06.95","2026-05-28","2026-05-28 01:39:00",1780906748,"2026-06-08 04:19:29.026","asleep"
"Sarah","2026-06-08 04:19:06.95","2026-05-28","2026-05-28 01:40:00",1780906748,"2026-06-08 04:19:30.219","asleep"
"Sarah","2026-06-08 04:19:06.95","2026-05-28","2026-05-28 01:41:00",1780906748,"2026-06-08 04:19:30.942","asleep"
"Sarah","2026-06-08 04:19:06.95","2026-05-28","2026-05-28 01:42:00",1780906748,"2026-06-08 04:19:31.266","asleep"
"Sarah","2026-06-08 04:19:06.95","2026-05-28","2026-05-28 01:43:00",1780906748,"2026-06-08 04:19:31.434","asleep"
"Sarah","2026-06-08 04:19:06.95","2026-05-28","2026-05-28 01:44:00",1780906748,"2026-06-08 04:19:31.603","asleep"
"Sarah","2026-06-08 04:19:06.95","2026-05-28","2026-05-28 01:45:00",1780906748,"2026-06-08 04:19:31.782","asleep"
"Sarah","2026-06-08 04:19:06.95","2026-05-28","2026-05-28 01:46:00",1780906748,"2026-06-08 04:19:31.953","asleep"
"Sarah","2026-06-08 04:19:06.95","2026-05-28","2026-05-28 01:47:00",1780906748,"2026-06-08 04:19:32.122","asleep"
"Sarah","2026-06-08 04:19:06.95","2026-05-28","2026-05-28 01:48:00",1780906748,"2026-06-08 04:19:32.281","asleep"
"Sarah","2026-06-08 04:19:06.95","2026-05-28","2026-05-28 01:49:00",1780906748,"2026-06-08 04:19:32.483","asleep"
"Sarah","2026-06-08 04:19:06.95","2026-05-28","2026-05-28 01:50:00",1780906748,"2026-06-08 04:19:32.645","asleep"
"Sarah","2026-06-08 04:19:06.95","2026-05-28","2026-05-28 01:51:00",1780906748,"2026-06-08 04:19:32.817","asleep"
"Sarah","2026-06-08 04:19:06.95","2026-05-28","2026-05-28 01:52:00",1780906748,"2026-06-08 04:19:34.312","asleep"
"Sarah","2026-06-08 04:19:06.95","2026-05-28","2026-05-28 01:53:00",1780906748,"2026-06-08 04:19:34.485","asleep"
"Sarah","2026-06-08 04:19:06.95","2026-05-28","2026-05-28 01:54:00",1780906748,"2026-06-08 04:19:34.739","asleep"
"Sarah","2026-06-08 04:19:06.95","2026-05-28","2026-05-28 01:55:00",1780906748,"2026-06-08 04:19:35.293","asleep"
"Sarah","2026-06-08 04:19:06.95","2026-05-28","2026-05-28 01:56:00",1780906748,"2026-06-08 04:19:35.468","asleep"
"Sarah","2026-06-08 04:19:06.95","2026-05-28","2026-05-28 01:57:00",1780906748,"2026-06-08 04:19:35.636","asleep"
"Sarah","2026-06-08 04:19:06.95","2026-05-28","2026-05-28 01:58:00",1780906748,"2026-06-08 04:19:35.824","asleep"
"Sarah","2026-06-08 04:19:06.95","2026-05-28","2026-05-28 01:59:00",1780906748,"2026-06-08 04:19:35.998","asleep"
"Sarah","2026-06-08 04:19:06.95","2026-05-28","2026-05-28 02:00:00",1780906748,"2026-06-08 04:19:36.169","asleep"
"Sarah","2026-06-08 04:19:06.95","2026-05-28","2026-05-28 02:01:00",1780906748,"2026-06-08 04:19:36.347","asleep"
"Sarah","2026-06-08 04:19:06.95","2026-05-28","2026-05-28 02:02:00",1780906748,"2026-06-08 04:19:36.577","asleep"
"Sarah","2026-06-08 04:19:06.95","2026-05-28","2026-05-28 02:03:00",1780906748,"2026-06-08 04:19:36.751","asleep"
"Sarah","2026-06-08 04:19:06.95","2026-05-28","2026-05-28 02:04:00",1780906748,"2026-06-08 04:19:36.947","asleep"
"Sarah","2026-06-08 04:19:06.95","2026-05-28","2026-05-28 02:05:00",1780906748,"2026-06-08 04:19:37.128","asleep"
"Sarah","2026-06-08 04:19:06.95","2026-05-28","2026-05-28 02:06:00",1780906748,"2026-06-08 04:19:37.31","asleep"
"Sarah","2026-06-08 04:19:06.95","2026-05-28","2026-05-28 02:07:00",1780906748,"2026-06-08 04:19:37.509","asleep"
"Sarah","2026-06-08 04:19:06.95","2026-05-28","2026-05-28 02:08:00",1780906748,"2026-06-08 04:19:37.692","asleep"
"Sarah","2026-06-08 04:19:06.95","2026-05-28","2026-05-28 02:09:00",1780906748,"2026-06-08 04:19:37.873","asleep"
"Sarah","2026-06-08 04:19:06.95","2026-05-28","2026-05-28 02:10:00",1780906748,"2026-06-08 04:19:38.042","asleep"
"Sarah","2026-06-08 04:19:06.95","2026-05-28","2026-05-28 02:11:00",1780906748,"2026-06-08 04:19:38.205","asleep"
"Sarah","2026-06-08 04:19:06.95","2026-05-28","2026-05-28 02:12:00",1780906748,"2026-06-08 04:19:38.37","asleep"
"Sarah","2026-06-08 04:19:06.95","2026-05-28","2026-05-28 02:13:00",1780906748,"2026-06-08 04:19:38.557","asleep"
"Sarah","2026-06-08 04:19:06.95","2026-05-28","2026-05-28 02:14:00",1780906748,"2026-06-08 04:19:38.73","asleep"
"Sarah","2026-06-08 04:19:06.95","2026-05-28","2026-05-28 02:15:00",1780906748,"2026-06-08 04:19:38.932","asleep"
"Sarah","2026-06-08 04:19:06.95","2026-05-28","2026-05-28 02:16:00",1780906748,"2026-06-08 04:19:39.094","asleep"
"Sarah","2026-06-08 04:19:06.95","2026-05-28","2026-05-28 02:17:00",1780906748,"2026-06-08 04:19:39.272","asleep"
"Sarah","2026-06-08 04:19:06.95","2026-05-28","2026-05-28 02:18:00",1780906748,"2026-06-08 04:19:39.438","asleep"
"Sarah","2026-06-08 04:19:06.95","2026-05-28","2026-05-28 02:19:00",1780906748,"2026-06-08 04:19:39.602","asleep"
"Sarah","2026-06-08 04:19:06.95","2026-05-28","2026-05-28 02:20:00",1780906748,"2026-06-08 04:19:39.771","asleep"
"Sarah","2026-06-08 04:19:06.95","2026-05-28","2026-05-28 02:21:00",1780906748,"2026-06-08 04:19:40.2","asleep"
"Sarah","2026-06-08 04:19:06.95","2026-05-28","2026-05-28 02:22:00",1780906748,"2026-06-08 04:19:40.359","asleep"
"Sarah","2026-06-08 04:19:06.95","2026-05-28","2026-05-28 02:23:00",1780906748,"2026-06-08 04:19:40.559","asleep"
"Sarah","2026-06-08 04:19:06.95","2026-05-28","2026-05-28 02:24:00",1780906748,"2026-06-08 04:19:40.748","asleep"
"Sarah","2026-06-08 04:19:06.95","2026-05-28","2026-05-28 02:25:00",1780906748,"2026-06-08 04:19:40.928","asleep"
"Sarah","2026-06-08 04:19:06.95","2026-05-28","2026-05-28 02:26:00",1780906748,"2026-06-08 04:19:41.1","asleep"
"Sarah","2026-06-08 04:19:06.95","2026-05-28","2026-05-28 02:27:00",1780906748,"2026-06-08 04:19:41.26","asleep"
"Sarah","2026-06-08 04:19:06.95","2026-05-28","2026-05-28 02:28:00",1780906748,"2026-06-08 04:19:41.44","asleep"
"Sarah","2026-06-08 04:19:06.95","2026-05-28","2026-05-28 02:29:00",1780906748,"2026-06-08 04:19:41.617","asleep"
"Sarah","2026-06-08 04:19:06.95","2026-05-28","2026-05-28 02:30:00",1780906748,"2026-06-08 04:19:41.801","asleep"
"Sarah","2026-06-08 04:19:06.95","2026-05-28","2026-05-28 02:31:00",1780906748,"2026-06-08 04:19:41.972","asleep"
"Sarah","2026-06-08 04:19:06.95","2026-05-28","2026-05-28 02:32:00",1780906748,"2026-06-08 04:19:42.129","asleep"
"Sarah","2026-06-08 04:19:06.95","2026-05-28","2026-05-28 02:33:00",1780906748,"2026-06-08 04:19:42.3","asleep"
"Sarah","2026-06-08 04:19:06.95","2026-05-28","2026-05-28 02:34:00",1780906748,"2026-06-08 04:19:42.659","asleep"
"Sarah","2026-06-08 04:19:06.95","2026-05-28","2026-05-28 02:35:00",1780906748,"2026-06-08 04:19:42.818","asleep"
"Sarah","2026-06-08 04:19:06.95","2026-05-28","2026-05-28 02:36:00",1780906748,"2026-06-08 04:19:42.993","asleep"
"Sarah","2026-06-08 04:19:06.95","2026-05-28","2026-05-28 02:37:00",1780906748,"2026-06-08 04:19:43.221","asleep"
"Sarah","2026-06-08 04:19:06.95","2026-05-28","2026-05-28 02:38:00",1780906748,"2026-06-08 04:19:43.411","asleep"
"Sarah","2026-06-08 04:19:06.95","2026-05-28","2026-05-28 02:39:00",1780906748,"2026-06-08 04:19:43.58","asleep"
"Sarah","2026-06-08 04:19:06.95","2026-05-28","2026-05-28 02:40:00",1780906748,"2026-06-08 04:19:43.746","asleep"
"Sarah","2026-06-08 04:19:06.95","2026-05-28","2026-05-28 02:41:00",1780906748,"2026-06-08 04:19:43.932","asleep"
"Sarah","2026-06-08 04:19:06.95","2026-05-28","2026-05-28 02:42:00",1780906748,"2026-06-08 04:19:44.096","asleep"
"Sarah","2026-06-08 04:19:06.95","2026-05-28","2026-05-28 02:43:00",1780906748,"2026-06-08 04:19:44.271","asleep"
"Sarah","2026-06-08 04:19:06.95","2026-05-28","2026-05-28 02:44:00",1780906748,"2026-06-08 04:19:44.432","asleep"
"Sarah","2026-06-08 04:19:06.95","2026-05-28","2026-05-28 02:45:00",1780906748,"2026-06-08 04:19:44.607","asleep"
"Sarah","2026-06-08 04:19:06.95","2026-05-28","2026-05-28 02:46:00",1780906748,"2026-06-08 04:19:45.122","asleep"
"Sarah","2026-06-08 04:19:06.95","2026-05-28","2026-05-28 02:47:00",1780906748,"2026-06-08 04:19:45.29","asleep"
"Sarah","2026-06-08 04:19:06.95","2026-05-28","2026-05-28 02:48:00",1780906748,"2026-06-08 04:19:45.469","asleep"
"Sarah","2026-06-08 04:19:06.95","2026-05-28","2026-05-28 02:49:00",1780906748,"2026-06-08 04:19:45.641","asleep"
"Sarah","2026-06-08 04:19:06.95","2026-05-28","2026-05-28 02:50:00",1780906748,"2026-06-08 04:19:45.822","asleep"
"Sarah","2026-06-08 04:19:06.95","2026-05-28","2026-05-28 02:51:00",1780906748,"2026-06-08 04:19:45.993","asleep"
"Sarah","2026-06-08 04:19:06.95","2026-05-28","2026-05-28 02:52:00",1780906748,"2026-06-08 04:19:46.158","asleep"
"Sarah","2026-06-08 04:19:06.95","2026-05-28","2026-05-28 02:53:00",1780906748,"2026-06-08 04:19:47.781","asleep"
"Sarah","2026-06-08 04:19:06.95","2026-05-28","2026-05-28 02:54:00",1780906748,"2026-06-08 04:19:48","asleep"
"Sarah","2026-06-08 04:19:06.95","2026-05-28","2026-05-28 02:55:00",1780906748,"2026-06-08 04:19:48.173","asleep"
"Sarah","2026-06-08 04:19:06.95","2026-05-28","2026-05-28 02:56:00",1780906748,"2026-06-08 04:19:48.355","asleep"
"Sarah","2026-06-08 04:19:06.95","2026-05-28","2026-05-28 02:57:00",1780906748,"2026-06-08 04:19:48.543","asleep"
"Sarah","2026-06-08 04:19:06.95","2026-05-28","2026-05-28 02:58:00",1780906748,"2026-06-08 04:19:49.163","asleep"
"Sarah","2026-06-08 04:19:06.95","2026-05-28","2026-05-28 02:59:00",1780906748,"2026-06-08 04:19:49.352","asleep"
"Sarah","2026-06-08 04:19:06.95","2026-05-28","2026-05-28 03:00:00",1780906748,"2026-06-08 04:19:49.541","asleep"
"Sarah","2026-06-08 04:19:06.95","2026-05-28","2026-05-28 03:01:00",1780906748,"2026-06-08 04:19:49.717","asleep"
"Sarah","2026-06-08 04:19:06.95","2026-05-28","2026-05-28 03:02:00",1780906748,"2026-06-08 04:19:49.889","asleep"
"Sarah","2026-06-08 04:19:06.95","2026-05-28","2026-05-28 03:03:00",1780906748,"2026-06-08 04:19:50.13","asleep"
"Sarah","2026-06-08 04:19:06.95","2026-05-28","2026-05-28 03:04:00",1780906748,"2026-06-08 04:19:50.311","asleep"
"Sarah","2026-06-08 04:19:06.95","2026-05-28","2026-05-28 03:05:00",1780906748,"2026-06-08 04:19:50.49","asleep"
"Sarah","2026-06-08 04:19:06.95","2026-05-28","2026-05-28 03:06:00",1780906748,"2026-06-08 04:19:50.665","asleep"
"Sarah","2026-06-08 04:19:06.95","2026-05-28","2026-05-28 03:07:00",1780906748,"2026-06-08 04:19:50.823","asleep"
"Sarah","2026-06-08 04:19:06.95","2026-05-28","2026-05-28 03:08:00",1780906748,"2026-06-08 04:19:50.995","asleep"
"Sarah","2026-06-08 04:19:06.95","2026-05-28","2026-05-28 03:09:00",1780906748,"2026-06-08 04:19:51.167","asleep"
"Sarah","2026-06-08 04:19:06.95","2026-05-28","2026-05-28 03:10:00",1780906748,"2026-06-08 04:19:51.583","asleep"
"Sarah","2026-06-08 04:19:06.95","2026-05-28","2026-05-28 03:11:00",1780906748,"2026-06-08 04:19:51.762","asleep"
"Sarah","2026-06-08 04:19:06.95","2026-05-28","2026-05-28 03:12:00",1780906748,"2026-06-08 04:19:51.92","asleep"
"Sarah","2026-06-08 04:19:06.95","2026-05-28","2026-05-28 03:13:00",1780906748,"2026-06-08 04:19:52.202","asleep"
"Sarah","2026-06-08 04:19:06.95","2026-05-28","2026-05-28 03:14:00",1780906748,"2026-06-08 04:19:52.38","asleep"
"Sarah","2026-06-08 04:19:06.95","2026-05-28","2026-05-28 03:15:00",1780906748,"2026-06-08 04:19:52.549","asleep"
"Sarah","2026-06-08 04:19:06.95","2026-05-28","2026-05-28 03:16:00",1780906748,"2026-06-08 04:19:52.703","asleep"
"Sarah","2026-06-08 04:19:06.95","2026-05-28","2026-05-28 03:17:00",1780906748,"2026-06-08 04:19:52.873","asleep"
"Sarah","2026-06-08 04:19:06.95","2026-05-28","2026-05-28 03:18:00",1780906748,"2026-06-08 04:19:53.032","asleep"
"Sarah","2026-06-08 04:19:06.95","2026-05-28","2026-05-28 03:19:00",1780906748,"2026-06-08 04:19:53.198","asleep"
"Sarah","2026-06-08 04:19:06.95","2026-05-28","2026-05-28 03:20:00",1780906748,"2026-06-08 04:19:53.355","asleep"
"Sarah","2026-06-08 04:19:06.95","2026-05-28","2026-05-28 03:21:00",1780906748,"2026-06-08 04:19:53.538","asleep"
"Sarah","2026-06-08 04:19:06.95","2026-05-28","2026-05-28 03:22:00",1780906748,"2026-06-08 04:19:53.688","asleep"
"Sarah","2026-06-08 04:19:06.95","2026-05-28","2026-05-28 03:23:00",1780906748,"2026-06-08 04:19:53.853","asleep"
"Sarah","2026-06-08 04:19:06.95","2026-05-28","2026-05-28 03:24:00",1780906748,"2026-06-08 04:19:54.01","asleep"
"Sarah","2026-06-08 04:19:06.95","2026-05-28","2026-05-28 03:25:00",1780906748,"2026-06-08 04:19:54.173","asleep"
"Sarah","2026-06-08 04:19:06.95","2026-05-28","2026-05-28 03:26:00",1780906748,"2026-06-08 04:19:54.331","asleep"
"Sarah","2026-06-08 04:19:06.95","2026-05-28","2026-05-28 03:27:00",1780906748,"2026-06-08 04:19:54.508","asleep"
"Sarah","2026-06-08 04:19:06.95","2026-05-28","2026-05-28 03:28:00",1780906748,"2026-06-08 04:19:54.674","asleep"
"Sarah","2026-06-08 04:19:06.95","2026-05-28","2026-05-28 03:29:00",1780906748,"2026-06-08 04:19:54.832","asleep"
"Sarah","2026-06-08 04:19:06.95","2026-05-28","2026-05-28 03:30:00",1780906748,"2026-06-08 04:19:55.018","asleep"
"Sarah","2026-06-08 04:19:06.95","2026-05-28","2026-05-28 03:31:00",1780906748,"2026-06-08 04:19:55.195","asleep"
"Sarah","2026-06-08 04:19:06.95","2026-05-28","2026-05-28 03:32:00",1780906748,"2026-06-08 04:19:55.392","asleep"
"Sarah","2026-06-08 04:19:06.95","2026-05-28","2026-05-28 03:33:00",1780906748,"2026-06-08 04:19:55.569","asleep"
"Sarah","2026-06-08 04:19:06.95","2026-05-28","2026-05-28 03:34:00",1780906748,"2026-06-08 04:19:55.825","asleep"
"Sarah","2026-06-08 04:19:06.95","2026-05-28","2026-05-28 03:35:00",1780906748,"2026-06-08 04:19:55.99","asleep"
"Sarah","2026-06-08 04:19:06.95","2026-05-28","2026-05-28 03:36:00",1780906748,"2026-06-08 04:19:56.156","asleep"
"Sarah","2026-06-08 04:19:06.95","2026-05-28","2026-05-28 03:37:00",1780906748,"2026-06-08 04:19:56.32","asleep"
"Sarah","2026-06-08 04:19:06.95","2026-05-28","2026-05-28 03:38:00",1780906748,"2026-06-08 04:19:56.489","asleep"
"Sarah","2026-06-08 04:19:06.95","2026-05-28","2026-05-28 03:39:00",1780906748,"2026-06-08 04:19:56.649","asleep"
"Sarah","2026-06-08 04:19:06.95","2026-05-28","2026-05-28 03:40:00",1780906748,"2026-06-08 04:19:56.834","asleep"
"Sarah","2026-06-08 04:19:06.95","2026-05-28","2026-05-28 03:41:00",1780906748,"2026-06-08 04:19:57.002","asleep"
"Sarah","2026-06-08 04:19:06.95","2026-05-28","2026-05-28 03:42:00",1780906748,"2026-06-08 04:19:57.162","asleep"
"Sarah","2026-06-08 04:19:06.95","2026-05-28","2026-05-28 03:43:00",1780906748,"2026-06-08 04:19:57.32","asleep"
"Sarah","2026-06-08 04:19:06.95","2026-05-28","2026-05-28 03:44:00",1780906748,"2026-06-08 04:19:57.502","asleep"
"Sarah","2026-06-08 04:19:06.95","2026-05-28","2026-05-28 03:45:00",1780906748,"2026-06-08 04:19:58.435","asleep"
"Sarah","2026-06-08 04:19:06.95","2026-05-28","2026-05-28 03:46:00",1780906748,"2026-06-08 04:19:58.864","asleep"
"Sarah","2026-06-08 04:19:06.95","2026-05-28","2026-05-28 03:47:00",1780906748,"2026-06-08 04:19:59.021","asleep"
"Sarah","2026-06-08 04:19:06.95","2026-05-28","2026-05-28 03:48:00",1780906748,"2026-06-08 04:19:59.19","asleep"
"Sarah","2026-06-08 04:19:06.95","2026-05-28","2026-05-28 03:49:00",1780906748,"2026-06-08 04:19:59.354","asleep"
"Sarah","2026-06-08 04:19:06.95","2026-05-28","2026-05-28 03:50:00",1780906748,"2026-06-08 04:19:59.52","asleep"
"Sarah","2026-06-08 04:19:06.95","2026-05-28","2026-05-28 03:51:00",1780906748,"2026-06-08 04:20:00.508","asleep"
"Sarah","2026-06-08 04:19:06.95","2026-05-28","2026-05-28 03:52:00",1780906748,"2026-06-08 04:20:00.679","asleep"
"Sarah","2026-06-08 04:19:06.95","2026-05-28","2026-05-28 03:53:00",1780906748,"2026-06-08 04:20:00.849","asleep"
"Sarah","2026-06-08 04:19:06.95","2026-05-28","2026-05-28 03:54:00",1780906748,"2026-06-08 04:20:01.033","asleep"
"Sarah","2026-06-08 04:19:06.95","2026-05-28","2026-05-28 03:55:00",1780906748,"2026-06-08 04:20:01.52","asleep"
"Sarah","2026-06-08 04:19:06.95","2026-05-28","2026-05-28 03:56:00",1780906748,"2026-06-08 04:20:01.689","asleep"
"Sarah","2026-06-08 04:19:06.95","2026-05-28","2026-05-28 03:57:00",1780906748,"2026-06-08 04:20:01.854","asleep"
"Sarah","2026-06-08 04:19:06.95","2026-05-28","2026-05-28 03:58:00",1780906748,"2026-06-08 04:20:02.026","asleep"
"Sarah","2026-06-08 04:19:06.95","2026-05-28","2026-05-28 03:59:00",1780906748,"2026-06-08 04:20:02.187","asleep"
"Sarah","2026-06-08 04:19:06.95","2026-05-28","2026-05-28 04:00:00",1780906748,"2026-06-08 04:20:02.355","asleep"
"Sarah","2026-06-08 04:19:06.95","2026-05-28","2026-05-28 04:01:00",1780906748,"2026-06-08 04:20:02.523","asleep"
"Sarah","2026-06-08 04:19:06.95","2026-05-28","2026-05-28 04:02:00",1780906748,"2026-06-08 04:20:02.742","asleep"
"Sarah","2026-06-08 04:19:06.95","2026-05-28","2026-05-28 04:03:00",1780906748,"2026-06-08 04:20:02.913","asleep"
"Sarah","2026-06-08 04:19:06.95","2026-05-28","2026-05-28 04:04:00",1780906748,"2026-06-08 04:20:03.084","asleep"
"Sarah","2026-06-08 04:19:06.95","2026-05-28","2026-05-28 04:05:00",1780906748,"2026-06-08 04:20:03.6","asleep"
"Sarah","2026-06-08 04:19:06.95","2026-05-28","2026-05-28 04:06:00",1780906748,"2026-06-08 04:20:03.755","asleep"
"Sarah","2026-06-08 04:19:06.95","2026-05-28","2026-05-28 04:07:00",1780906748,"2026-06-08 04:20:03.943","asleep"
"Sarah","2026-06-08 04:19:06.95","2026-05-28","2026-05-28 04:08:00",1780906748,"2026-06-08 04:20:04.106","asleep"
"Sarah","2026-06-08 04:19:06.95","2026-05-28","2026-05-28 04:09:00",1780906748,"2026-06-08 04:20:04.276","asleep"
"Sarah","2026-06-08 04:19:06.95","2026-05-28","2026-05-28 04:10:00",1780906748,"2026-06-08 04:20:04.472","asleep"
"Sarah","2026-06-08 04:19:06.95","2026-05-28","2026-05-28 04:11:00",1780906748,"2026-06-08 04:20:04.637","asleep"
"Sarah","2026-06-08 04:19:06.95","2026-05-28","2026-05-28 04:12:00",1780906748,"2026-06-08 04:20:04.805","asleep"
"Sarah","2026-06-08 04:19:06.95","2026-05-28","2026-05-28 04:13:00",1780906748,"2026-06-08 04:20:04.982","asleep"
"Sarah","2026-06-08 04:19:06.95","2026-05-28","2026-05-28 04:14:00",1780906748,"2026-06-08 04:20:05.194","asleep"
"Sarah","2026-06-08 04:19:06.95","2026-05-28","2026-05-28 04:15:00",1780906748,"2026-06-08 04:20:05.362","asleep"
"Sarah","2026-06-08 04:19:06.95","2026-05-28","2026-05-28 04:16:00",1780906748,"2026-06-08 04:20:05.549","asleep"
"Sarah","2026-06-08 04:19:06.95","2026-05-28","2026-05-28 04:17:00",1780906748,"2026-06-08 04:20:05.742","asleep"
"Sarah","2026-06-08 04:19:06.95","2026-05-28","2026-05-28 04:18:00",1780906748,"2026-06-08 04:20:06.069","asleep"
"Sarah","2026-06-08 04:19:06.95","2026-05-28","2026-05-28 04:19:00",1780906748,"2026-06-08 04:20:06.257","asleep"
"Sarah","2026-06-08 04:19:06.95","2026-05-28","2026-05-28 04:20:00",1780906748,"2026-06-08 04:20:06.427","asleep"
"Sarah","2026-06-08 04:19:06.95","2026-05-28","2026-05-28 04:21:00",1780906748,"2026-06-08 04:20:06.607","asleep"
"Sarah","2026-06-08 04:19:06.95","2026-05-28","2026-05-28 04:22:00",1780906748,"2026-06-08 04:20:06.777","asleep"
"Sarah","2026-06-08 04:19:06.95","2026-05-28","2026-05-28 04:23:00",1780906748,"2026-06-08 04:20:06.971","asleep"
"Sarah","2026-06-08 04:19:06.95","2026-05-28","2026-05-28 04:24:00",1780906748,"2026-06-08 04:20:07.137","asleep"
"Sarah","2026-06-08 04:19:06.95","2026-05-28","2026-05-28 04:25:00",1780906748,"2026-06-08 04:20:07.647","asleep"
"Sarah","2026-06-08 04:19:06.95","2026-05-28","2026-05-28 04:26:00",1780906748,"2026-06-08 04:20:07.913","asleep"
"Sarah","2026-06-08 04:19:06.95","2026-05-28","2026-05-28 04:27:00",1780906748,"2026-06-08 04:20:08.11","asleep"
"Sarah","2026-06-08 04:19:06.95","2026-05-28","2026-05-28 04:28:00",1780906748,"2026-06-08 04:20:08.289","asleep"
"Sarah","2026-06-08 04:19:06.95","2026-05-28","2026-05-28 04:29:00",1780906748,"2026-06-08 04:20:08.462","asleep"
"Sarah","2026-06-08 04:19:06.95","2026-05-28","2026-05-28 04:30:00",1780906748,"2026-06-08 04:20:08.643","asleep"
"Sarah","2026-06-08 04:19:06.95","2026-05-28","2026-05-28 04:31:00",1780906748,"2026-06-08 04:20:08.884","asleep"
"Sarah","2026-06-08 04:19:06.95","2026-05-28","2026-05-28 04:32:00",1780906748,"2026-06-08 04:20:09.065","asleep"
"Sarah","2026-06-08 04:19:06.95","2026-05-28","2026-05-28 04:33:00",1780906748,"2026-06-08 04:20:09.669","asleep"
"Sarah","2026-06-08 04:19:06.95","2026-05-28","2026-05-28 04:34:00",1780906748,"2026-06-08 04:20:09.844","asleep"
"Sarah","2026-06-08 04:19:06.95","2026-05-28","2026-05-28 04:35:00",1780906748,"2026-06-08 04:20:10.016","asleep"
"Sarah","2026-06-08 04:19:06.95","2026-05-28","2026-05-28 04:36:00",1780906748,"2026-06-08 04:20:10.213","asleep"
"Sarah","2026-06-08 04:19:06.95","2026-05-28","2026-05-28 04:37:00",1780906748,"2026-06-08 04:20:10.383","asleep"
"Sarah","2026-06-08 04:19:06.95","2026-05-28","2026-05-28 04:38:00",1780906748,"2026-06-08 04:20:10.562","asleep"
"Sarah","2026-06-08 04:19:06.95","2026-05-28","2026-05-28 04:39:00",1780906748,"2026-06-08 04:20:10.724","asleep"
"Sarah","2026-06-08 04:19:06.95","2026-05-28","2026-05-28 04:40:00",1780906748,"2026-06-08 04:20:10.913","asleep"
"Sarah","2026-06-08 04:19:06.95","2026-05-28","2026-05-28 04:41:00",1780906748,"2026-06-08 04:20:11.069","asleep"
"Sarah","2026-06-08 04:19:06.95","2026-05-28","2026-05-28 04:42:00",1780906748,"2026-06-08 04:20:11.277","asleep"
"Sarah","2026-06-08 04:19:06.95","2026-05-28","2026-05-28 04:43:00",1780906748,"2026-06-08 04:20:11.462","asleep"
"Sarah","2026-06-08 04:19:06.95","2026-05-28","2026-05-28 04:44:00",1780906748,"2026-06-08 04:20:11.629","asleep"
"Sarah","2026-06-08 04:19:06.95","2026-05-28","2026-05-28 04:45:00",1780906748,"2026-06-08 04:20:11.839","asleep"
"Sarah","2026-06-08 04:19:06.95","2026-05-28","2026-05-28 04:46:00",1780906748,"2026-06-08 04:20:12.014","asleep"
"Sarah","2026-06-08 04:19:06.95","2026-05-28","2026-05-28 04:47:00",1780906748,"2026-06-08 04:20:12.186","asleep"
"Sarah","2026-06-08 04:19:06.95","2026-05-28","2026-05-28 04:48:00",1780906748,"2026-06-08 04:20:12.424","asleep"
"Sarah","2026-06-08 04:19:06.95","2026-05-28","2026-05-28 04:49:00",1780906748,"2026-06-08 04:20:12.596","asleep"
"Sarah","2026-06-08 04:19:06.95","2026-05-28","2026-05-28 04:50:00",1780906748,"2026-06-08 04:20:12.788","asleep"
"Sarah","2026-06-08 04:19:06.95","2026-05-28","2026-05-28 04:51:00",1780906748,"2026-06-08 04:20:12.948","asleep"
"Sarah","2026-06-08 04:19:06.95","2026-05-28","2026-05-28 04:52:00",1780906748,"2026-06-08 04:20:13.13","asleep"
"Sarah","2026-06-08 04:19:06.95","2026-05-28","2026-05-28 04:53:00",1780906748,"2026-06-08 04:20:13.421","asleep"
"Sarah","2026-06-08 04:19:06.95","2026-05-28","2026-05-28 04:54:00",1780906748,"2026-06-08 04:20:13.584","asleep"
"Sarah","2026-06-08 04:19:06.95","2026-05-28","2026-05-28 04:55:00",1780906748,"2026-06-08 04:20:13.744","asleep"
"Sarah","2026-06-08 04:19:06.95","2026-05-28","2026-05-28 04:56:00",1780906748,"2026-06-08 04:20:13.903","asleep"
"Sarah","2026-06-08 04:19:06.95","2026-05-28","2026-05-28 04:57:00",1780906748,"2026-06-08 04:20:14.119","asleep"
"Sarah","2026-06-08 04:19:06.95","2026-05-28","2026-05-28 04:58:00",1780906748,"2026-06-08 04:20:14.282","asleep"
"Sarah","2026-06-08 04:19:06.95","2026-05-28","2026-05-28 04:59:00",1780906748,"2026-06-08 04:20:14.852","asleep"
"Sarah","2026-06-08 04:19:06.95","2026-05-28","2026-05-28 05:00:00",1780906748,"2026-06-08 04:20:15.032","asleep"
"Sarah","2026-06-08 04:19:06.95","2026-05-28","2026-05-28 05:01:00",1780906748,"2026-06-08 04:20:15.193","asleep"
"Sarah","2026-06-08 04:19:06.95","2026-05-28","2026-05-28 05:02:00",1780906748,"2026-06-08 04:20:15.346","asleep"
"Sarah","2026-06-08 04:19:06.95","2026-05-28","2026-05-28 05:03:00",1780906748,"2026-06-08 04:20:15.513","asleep"
"Sarah","2026-06-08 04:19:06.95","2026-05-28","2026-05-28 05:04:00",1780906748,"2026-06-08 04:20:15.671","asleep"
"Sarah","2026-06-08 04:19:06.95","2026-05-28","2026-05-28 05:05:00",1780906748,"2026-06-08 04:20:15.849","asleep"
"Sarah","2026-06-08 04:19:06.95","2026-05-28","2026-05-28 05:06:00",1780906748,"2026-06-08 04:20:16.002","asleep"
"Sarah","2026-06-08 04:19:06.95","2026-05-28","2026-05-28 05:07:00",1780906748,"2026-06-08 04:20:16.163","asleep"
"Sarah","2026-06-08 04:19:06.95","2026-05-28","2026-05-28 05:08:00",1780906748,"2026-06-08 04:20:16.345","asleep"
"Sarah","2026-06-08 04:19:06.95","2026-05-28","2026-05-28 05:09:00",1780906748,"2026-06-08 04:20:16.55","asleep"
"Sarah","2026-06-08 04:19:06.95","2026-05-28","2026-05-28 05:10:00",1780906748,"2026-06-08 04:20:16.73","asleep"
"Sarah","2026-06-08 04:19:06.95","2026-05-28","2026-05-28 05:11:00",1780906748,"2026-06-08 04:20:16.9","asleep"
"Sarah","2026-06-08 04:19:06.95","2026-05-28","2026-05-28 05:12:00",1780906748,"2026-06-08 04:20:17.071","asleep"
"Sarah","2026-06-08 04:19:06.95","2026-05-28","2026-05-28 05:13:00",1780906748,"2026-06-08 04:20:17.236","asleep"
"Sarah","2026-06-08 04:19:06.95","2026-05-28","2026-05-28 05:14:00",1780906748,"2026-06-08 04:20:17.409","asleep"
"Sarah","2026-06-08 04:19:06.95","2026-05-28","2026-05-28 05:15:00",1780906748,"2026-06-08 04:20:17.563","asleep"
"Sarah","2026-06-08 04:19:06.95","2026-05-28","2026-05-28 05:16:00",1780906748,"2026-06-08 04:20:17.75","asleep"
"Sarah","2026-06-08 04:19:06.95","2026-05-28","2026-05-28 05:17:00",1780906748,"2026-06-08 04:20:17.927","asleep"
"Sarah","2026-06-08 04:19:06.95","2026-05-28","2026-05-28 05:18:00",1780906748,"2026-06-08 04:20:18.108","asleep"
"Sarah","2026-06-08 04:19:06.95","2026-05-28","2026-05-28 05:19:00",1780906748,"2026-06-08 04:20:18.271","asleep"
"Sarah","2026-06-08 04:19:06.95","2026-05-28","2026-05-28 05:20:00",1780906748,"2026-06-08 04:20:18.441","asleep"
"Sarah","2026-06-08 04:19:06.95","2026-05-28","2026-05-28 05:21:00",1780906748,"2026-06-08 04:20:18.591","asleep"
"Sarah","2026-06-08 04:19:06.95","2026-05-28","2026-05-28 05:22:00",1780906748,"2026-06-08 04:20:18.755","asleep"
"Sarah","2026-06-08 04:19:06.95","2026-05-28","2026-05-28 05:23:00",1780906748,"2026-06-08 04:20:18.954","asleep"
"Sarah","2026-06-08 04:19:06.95","2026-05-28","2026-05-28 05:24:00",1780906748,"2026-06-08 04:20:19.142","asleep"
"Sarah","2026-06-08 04:19:06.95","2026-05-28","2026-05-28 05:25:00",1780906748,"2026-06-08 04:20:19.31","asleep"
"Sarah","2026-06-08 04:19:06.95","2026-05-28","2026-05-28 05:26:00",1780906748,"2026-06-08 04:20:19.472","asleep"
"Sarah","2026-06-08 04:19:06.95","2026-05-28","2026-05-28 05:27:00",1780906748,"2026-06-08 04:20:19.632","asleep"
"Sarah","2026-06-08 04:19:06.95","2026-05-28","2026-05-28 05:28:00",1780906748,"2026-06-08 04:20:19.808","asleep"
"Sarah","2026-06-08 04:19:06.95","2026-05-28","2026-05-28 05:29:00",1780906748,"2026-06-08 04:20:19.998","asleep"
"Sarah","2026-06-08 04:19:06.95","2026-05-28","2026-05-28 05:30:00",1780906748,"2026-06-08 04:20:20.162","asleep"
"Sarah","2026-06-08 04:19:06.95","2026-05-28","2026-05-28 05:31:00",1780906748,"2026-06-08 04:20:20.411","asleep"
"Sarah","2026-06-08 04:19:06.95","2026-05-28","2026-05-28 05:32:00",1780906748,"2026-06-08 04:20:20.578","asleep"
"Sarah","2026-06-08 04:19:06.95","2026-05-28","2026-05-28 05:33:00",1780906748,"2026-06-08 04:20:20.754","asleep"
"Sarah","2026-06-08 04:19:06.95","2026-05-28","2026-05-28 05:34:00",1780906748,"2026-06-08 04:20:20.91","asleep"
"Sarah","2026-06-08 04:19:06.95","2026-05-28","2026-05-28 05:35:00",1780906748,"2026-06-08 04:20:21.069","asleep"
"Sarah","2026-06-08 04:19:06.95","2026-05-28","2026-05-28 05:36:00",1780906748,"2026-06-08 04:20:21.222","asleep"
"Sarah","2026-06-08 04:19:06.95","2026-05-28","2026-05-28 05:37:00",1780906748,"2026-06-08 04:20:21.41","asleep"
"Sarah","2026-06-08 04:19:06.95","2026-05-28","2026-05-28 05:38:00",1780906748,"2026-06-08 04:20:21.573","asleep"
"Sarah","2026-06-08 04:19:06.95","2026-05-28","2026-05-28 05:39:00",1780906748,"2026-06-08 04:20:21.76","asleep"
"Sarah","2026-06-08 04:19:06.95","2026-05-28","2026-05-28 05:40:00",1780906748,"2026-06-08 04:20:21.91","asleep"
"Sarah","2026-06-08 04:19:06.95","2026-05-28","2026-05-28 05:41:00",1780906748,"2026-06-08 04:20:22.074","asleep"
"Sarah","2026-06-08 04:19:06.95","2026-05-28","2026-05-28 05:42:00",1780906748,"2026-06-08 04:20:22.255","asleep"
"Sarah","2026-06-08 04:19:06.95","2026-05-28","2026-05-28 05:43:00",1780906748,"2026-06-08 04:20:22.425","asleep"
"Sarah","2026-06-08 04:19:06.95","2026-05-28","2026-05-28 05:44:00",1780906748,"2026-06-08 04:20:22.596","asleep"
"Sarah","2026-06-08 04:19:06.95","2026-05-28","2026-05-28 05:45:00",1780906748,"2026-06-08 04:20:22.778","asleep"
"Sarah","2026-06-08 04:19:06.95","2026-05-28","2026-05-28 05:46:00",1780906748,"2026-06-08 04:20:22.959","asleep"
"Sarah","2026-06-08 04:19:06.95","2026-05-28","2026-05-28 05:47:00",1780906748,"2026-06-08 04:20:23.184","asleep"
"Sarah","2026-06-08 04:19:06.95","2026-05-28","2026-05-28 05:48:00",1780906748,"2026-06-08 04:20:23.35","asleep"
"Sarah","2026-06-08 04:19:06.95","2026-05-28","2026-05-28 05:49:00",1780906748,"2026-06-08 04:20:23.52","asleep"
"Sarah","2026-06-08 04:19:06.95","2026-05-28","2026-05-28 05:50:00",1780906748,"2026-06-08 04:20:23.679","asleep"
"Sarah","2026-06-08 04:19:06.95","2026-05-28","2026-05-28 05:51:00",1780906748,"2026-06-08 04:20:23.864","asleep"
"Sarah","2026-06-08 04:19:06.95","2026-05-28","2026-05-28 05:52:00",1780906748,"2026-06-08 04:20:24.392","asleep"
"Sarah","2026-06-08 04:19:06.95","2026-05-28","2026-05-28 05:53:00",1780906748,"2026-06-08 04:20:24.572","asleep"
"Sarah","2026-06-08 04:19:06.95","2026-05-28","2026-05-28 05:54:00",1780906748,"2026-06-08 04:20:24.737","asleep"
"Sarah","2026-06-08 04:19:06.95","2026-05-28","2026-05-28 05:55:00",1780906748,"2026-06-08 04:20:24.912","asleep"
"Sarah","2026-06-08 04:19:06.95","2026-05-28","2026-05-28 05:56:00",1780906748,"2026-06-08 04:20:25.091","asleep"
"Sarah","2026-06-08 04:19:06.95","2026-05-28","2026-05-28 05:57:00",1780906748,"2026-06-08 04:20:25.262","asleep"
"Sarah","2026-06-08 04:19:06.95","2026-05-28","2026-05-28 05:58:00",1780906748,"2026-06-08 04:20:25.42","asleep"
"Sarah","2026-06-08 04:19:06.95","2026-05-28","2026-05-28 05:59:00",1780906748,"2026-06-08 04:20:25.573","asleep"
"Sarah","2026-06-08 04:19:06.95","2026-05-28","2026-05-28 06:00:00",1780906748,"2026-06-08 04:20:25.731","asleep"
"Sarah","2026-06-08 04:19:06.95","2026-05-28","2026-05-28 06:01:00",1780906748,"2026-06-08 04:20:25.9","asleep"
"Sarah","2026-06-08 04:19:06.95","2026-05-28","2026-05-28 06:02:00",1780906748,"2026-06-08 04:20:26.071","asleep"
"Sarah","2026-06-08 04:19:06.95","2026-05-28","2026-05-28 06:03:00",1780906748,"2026-06-08 04:20:26.24","asleep"
"Sarah","2026-06-08 04:19:06.95","2026-05-28","2026-05-28 06:04:00",1780906748,"2026-06-08 04:20:26.415","asleep"
"Sarah","2026-06-08 04:19:06.95","2026-05-28","2026-05-28 06:05:00",1780906748,"2026-06-08 04:20:26.966","asleep"
"Sarah","2026-06-08 04:19:06.95","2026-05-28","2026-05-28 06:06:00",1780906748,"2026-06-08 04:20:27.13","asleep"
"Sarah","2026-06-08 04:19:06.95","2026-05-28","2026-05-28 06:07:00",1780906748,"2026-06-08 04:20:27.283","asleep"
"Sarah","2026-06-08 04:19:06.95","2026-05-28","2026-05-28 06:08:00",1780906748,"2026-06-08 04:20:27.454","asleep"
"Sarah","2026-06-08 04:19:06.95","2026-05-28","2026-05-28 06:09:00",1780906748,"2026-06-08 04:20:27.639","asleep"
"Sarah","2026-06-08 04:19:06.95","2026-05-28","2026-05-28 06:10:00",1780906748,"2026-06-08 04:20:27.825","asleep"
"Sarah","2026-06-08 04:19:06.95","2026-05-28","2026-05-28 06:11:00",1780906748,"2026-06-08 04:20:28.054","asleep"
"Sarah","2026-06-08 04:19:06.95","2026-05-28","2026-05-28 06:12:00",1780906748,"2026-06-08 04:20:28.238","asleep"
"Sarah","2026-06-08 04:19:06.95","2026-05-28","2026-05-28 06:13:00",1780906748,"2026-06-08 04:20:28.392","asleep"
"Sarah","2026-06-08 04:19:06.95","2026-05-28","2026-05-28 06:14:00",1780906748,"2026-06-08 04:20:28.561","asleep"
"Sarah","2026-06-08 04:19:06.95","2026-05-28","2026-05-28 14:11:00",1780906748,"2026-06-08 04:20:28.708","wake"
"Sarah","2026-06-08 04:19:06.95","2026-05-28","2026-05-28 14:12:00",1780906748,"2026-06-08 04:20:28.873","wake"
"Sarah","2026-06-08 04:19:06.95","2026-05-28","2026-05-28 14:13:00",1780906748,"2026-06-08 04:20:29.04","wake"
"Sarah","2026-06-08 04:19:06.95","2026-05-28","2026-05-28 14:14:00",1780906748,"2026-06-08 04:20:29.198","wake"
"Sarah","2026-06-08 04:19:06.95","2026-05-28","2026-05-28 14:15:00",1780906748,"2026-06-08 04:20:29.362","light"
"Sarah","2026-06-08 04:19:06.95","2026-05-28","2026-05-28 14:16:00",1780906748,"2026-06-08 04:20:29.533","light"
"Sarah","2026-06-08 04:19:06.95","2026-05-28","2026-05-28 14:17:00",1780906748,"2026-06-08 04:20:29.691","light"
"Sarah","2026-06-08 04:19:06.95","2026-05-28","2026-05-28 14:18:00",1780906748,"2026-06-08 04:20:29.865","light"
"Sarah","2026-06-08 04:19:06.95","2026-05-28","2026-05-28 14:19:00",1780906748,"2026-06-08 04:20:30.023","light"
"Sarah","2026-06-08 04:19:06.95","2026-05-28","2026-05-28 14:20:00",1780906748,"2026-06-08 04:20:31.038","light"
"Sarah","2026-06-08 04:19:06.95","2026-05-28","2026-05-28 14:21:00",1780906748,"2026-06-08 04:20:31.2","light"
"Sarah","2026-06-08 04:19:06.95","2026-05-28","2026-05-28 14:22:00",1780906748,"2026-06-08 04:20:31.379","light"
"Sarah","2026-06-08 04:19:06.95","2026-05-28","2026-05-28 14:23:00",1780906748,"2026-06-08 04:20:31.582","light"
"Sarah","2026-06-08 04:19:06.95","2026-05-28","2026-05-28 14:24:00",1780906748,"2026-06-08 04:20:31.749","light"
"Sarah","2026-06-08 04:19:06.95","2026-05-28","2026-05-28 14:25:00",1780906748,"2026-06-08 04:20:31.916","light"
"Sarah","2026-06-08 04:19:06.95","2026-05-28","2026-05-28 14:26:00",1780906748,"2026-06-08 04:20:32.082","deep"
"Sarah","2026-06-08 04:19:06.95","2026-05-28","2026-05-28 14:27:00",1780906748,"2026-06-08 04:20:32.241","deep"
"Sarah","2026-06-08 04:19:06.95","2026-05-28","2026-05-28 14:28:00",1780906748,"2026-06-08 04:20:32.4","deep"
"Sarah","2026-06-08 04:19:06.95","2026-05-28","2026-05-28 14:29:00",1780906748,"2026-06-08 04:20:32.665","deep"
"Sarah","2026-06-08 04:19:06.95","2026-05-28","2026-05-28 14:30:00",1780906748,"2026-06-08 04:20:33.09","deep"
"Sarah","2026-06-08 04:19:06.95","2026-05-28","2026-05-28 14:31:00",1780906748,"2026-06-08 04:20:33.276","deep"
"Sarah","2026-06-08 04:19:06.95","2026-05-28","2026-05-28 14:32:00",1780906748,"2026-06-08 04:20:33.455","deep"
"Sarah","2026-06-08 04:19:06.95","2026-05-28","2026-05-28 14:33:00",1780906748,"2026-06-08 04:20:33.62","deep"
"Sarah","2026-06-08 04:19:06.95","2026-05-28","2026-05-28 14:34:00",1780906748,"2026-06-08 04:20:33.809","deep"
"Sarah","2026-06-08 04:19:06.95","2026-05-28","2026-05-28 14:35:00",1780906748,"2026-06-08 04:20:35.041","deep"
"Sarah","2026-06-08 04:19:06.95","2026-05-28","2026-05-28 14:36:00",1780906748,"2026-06-08 04:20:35.218","deep"
"Sarah","2026-06-08 04:19:06.95","2026-05-28","2026-05-28 14:37:00",1780906748,"2026-06-08 04:20:35.629","deep"
"Sarah","2026-06-08 04:19:06.95","2026-05-28","2026-05-28 14:38:00",1780906748,"2026-06-08 04:20:36.051","deep"
"Sarah","2026-06-08 04:19:06.95","2026-05-28","2026-05-28 14:39:00",1780906748,"2026-06-08 04:20:36.212","deep"
"Sarah","2026-06-08 04:19:06.95","2026-05-28","2026-05-28 14:40:00",1780906748,"2026-06-08 04:20:36.381","deep"
"Sarah","2026-06-08 04:19:06.95","2026-05-28","2026-05-28 14:41:00",1780906748,"2026-06-08 04:20:36.557","deep"
"Sarah","2026-06-08 04:19:06.95","2026-05-28","2026-05-28 14:42:00",1780906748,"2026-06-08 04:20:36.936","deep"
"Sarah","2026-06-08 04:19:06.95","2026-05-28","2026-05-28 14:43:00",1780906748,"2026-06-08 04:20:37.098","deep"
"Sarah","2026-06-08 04:19:06.95","2026-05-28","2026-05-28 14:44:00",1780906748,"2026-06-08 04:20:37.336","deep"
"Sarah","2026-06-08 04:19:06.95","2026-05-28","2026-05-28 14:45:00",1780906748,"2026-06-08 04:20:37.482","deep"
"Sarah","2026-06-08 04:19:06.95","2026-05-28","2026-05-28 14:46:00",1780906748,"2026-06-08 04:20:37.656","deep"
"Sarah","2026-06-08 04:19:06.95","2026-05-28","2026-05-28 14:47:00",1780906748,"2026-06-08 04:20:37.81","deep"
"Sarah","2026-06-08 04:19:06.95","2026-05-28","2026-05-28 14:48:00",1780906748,"2026-06-08 04:20:37.968","deep"
"Sarah","2026-06-08 04:19:06.95","2026-05-28","2026-05-28 14:49:00",1780906748,"2026-06-08 04:20:38.139","deep"
"Sarah","2026-06-08 04:19:06.95","2026-05-28","2026-05-28 14:50:00",1780906748,"2026-06-08 04:20:38.296","deep"
"Sarah","2026-06-08 04:19:06.95","2026-05-28","2026-05-28 14:51:00",1780906748,"2026-06-08 04:20:38.459","deep"
"Sarah","2026-06-08 04:19:06.95","2026-05-28","2026-05-28 14:52:00",1780906748,"2026-06-08 04:20:38.605","deep"
"Sarah","2026-06-08 04:19:06.95","2026-05-28","2026-05-28 14:53:00",1780906748,"2026-06-08 04:20:38.799","deep"
"Sarah","2026-06-08 04:19:06.95","2026-05-28","2026-05-28 14:54:00",1780906748,"2026-06-08 04:20:38.95","deep"
"Sarah","2026-06-08 04:19:06.95","2026-05-28","2026-05-28 14:55:00",1780906748,"2026-06-08 04:20:39.139","deep"
"Sarah","2026-06-08 04:19:06.95","2026-05-28","2026-05-28 14:56:00",1780906748,"2026-06-08 04:20:39.297","deep"
"Sarah","2026-06-08 04:19:06.95","2026-05-28","2026-05-28 14:57:00",1780906748,"2026-06-08 04:20:39.456","deep"
"Sarah","2026-06-08 04:19:06.95","2026-05-28","2026-05-28 14:58:00",1780906748,"2026-06-08 04:20:39.611","deep"
"Sarah","2026-06-08 04:19:06.95","2026-05-28","2026-05-28 14:59:00",1780906748,"2026-06-08 04:20:39.772","deep"
"Sarah","2026-06-08 04:19:06.95","2026-05-28","2026-05-28 15:00:00",1780906748,"2026-06-08 04:20:39.962","deep"
"Sarah","2026-06-08 04:19:06.95","2026-05-28","2026-05-28 15:01:00",1780906748,"2026-06-08 04:20:40.118","deep"
"Sarah","2026-06-08 04:19:06.95","2026-05-28","2026-05-28 15:02:00",1780906748,"2026-06-08 04:20:40.271","deep"
"Sarah","2026-06-08 04:19:06.95","2026-05-28","2026-05-28 15:03:00",1780906748,"2026-06-08 04:20:40.79","light"
"Sarah","2026-06-08 04:19:06.95","2026-05-28","2026-05-28 15:04:00",1780906748,"2026-06-08 04:20:40.953","light"
"Sarah","2026-06-08 04:19:06.95","2026-05-28","2026-05-28 15:05:00",1780906748,"2026-06-08 04:20:41.117","light"
"Sarah","2026-06-08 04:19:06.95","2026-05-28","2026-05-28 15:06:00",1780906748,"2026-06-08 04:20:41.277","light"
"Sarah","2026-06-08 04:19:06.95","2026-05-28","2026-05-28 15:07:00",1780906748,"2026-06-08 04:20:41.439","light"
"Sarah","2026-06-08 04:19:06.95","2026-05-28","2026-05-28 15:08:00",1780906748,"2026-06-08 04:20:41.615","light"
"Sarah","2026-06-08 04:19:06.95","2026-05-28","2026-05-28 15:09:00",1780906748,"2026-06-08 04:20:41.771","light"
"Sarah","2026-06-08 04:19:06.95","2026-05-28","2026-05-28 15:10:00",1780906748,"2026-06-08 04:20:41.948","light"
"Sarah","2026-06-08 04:19:06.95","2026-05-28","2026-05-28 15:11:00",1780906748,"2026-06-08 04:20:42.108","light"
"Sarah","2026-06-08 04:19:06.95","2026-05-28","2026-05-28 15:12:00",1780906748,"2026-06-08 04:20:42.62","light"
"Sarah","2026-06-08 04:19:06.95","2026-05-28","2026-05-28 15:13:00",1780906748,"2026-06-08 04:20:42.811","light"
"Sarah","2026-06-08 04:19:06.95","2026-05-28","2026-05-28 15:14:00",1780906748,"2026-06-08 04:20:43.018","light"
"Sarah","2026-06-08 04:19:06.95","2026-05-28","2026-05-28 15:15:00",1780906748,"2026-06-08 04:20:43.768","light"
"Sarah","2026-06-08 04:19:06.95","2026-05-28","2026-05-28 15:16:00",1780906748,"2026-06-08 04:20:43.934","rem"
"Sarah","2026-06-08 04:19:06.95","2026-05-28","2026-05-28 15:17:00",1780906748,"2026-06-08 04:20:44.616","rem"
"Sarah","2026-06-08 04:19:06.95","2026-05-28","2026-05-28 15:18:00",1780906748,"2026-06-08 04:20:44.78","rem"
"Sarah","2026-06-08 04:19:06.95","2026-05-28","2026-05-28 15:19:00",1780906748,"2026-06-08 04:20:44.95","rem"
"Sarah","2026-06-08 04:19:06.95","2026-05-28","2026-05-28 15:20:00",1780906748,"2026-06-08 04:20:45.119","rem"
"Sarah","2026-06-08 04:19:06.95","2026-05-28","2026-05-28 15:21:00",1780906748,"2026-06-08 04:20:45.292","rem"
"Sarah","2026-06-08 04:19:06.95","2026-05-28","2026-05-28 15:22:00",1780906748,"2026-06-08 04:20:45.449","rem"
"Sarah","2026-06-08 04:19:06.95","2026-05-28","2026-05-28 15:23:00",1780906748,"2026-06-08 04:20:45.616","rem"
"Sarah","2026-06-08 04:19:06.95","2026-05-28","2026-05-28 15:24:00",1780906748,"2026-06-08 04:20:45.785","rem"
"Sarah","2026-06-08 04:19:06.95","2026-05-28","2026-05-28 15:25:00",1780906748,"2026-06-08 04:20:45.964","rem"
"Sarah","2026-06-08 04:19:06.95","2026-05-28","2026-05-28 15:26:00",1780906748,"2026-06-08 04:20:46.133","rem"
"Sarah","2026-06-08 04:19:06.95","2026-05-28","2026-05-28 15:27:00",1780906748,"2026-06-08 04:20:46.385","rem"
"Sarah","2026-06-08 04:19:06.95","2026-05-28","2026-05-28 15:28:00",1780906748,"2026-06-08 04:20:46.569","rem"
"Sarah","2026-06-08 04:19:06.95","2026-05-28","2026-05-28 15:29:00",1780906748,"2026-06-08 04:20:46.743","rem"
"Sarah","2026-06-08 04:19:06.95","2026-05-28","2026-05-28 15:30:00",1780906748,"2026-06-08 04:20:46.899","rem"
"Sarah","2026-06-08 04:19:06.95","2026-05-28","2026-05-28 15:31:00",1780906748,"2026-06-08 04:20:47.053","rem"
"Sarah","2026-06-08 04:19:06.95","2026-05-28","2026-05-28 15:32:00",1780906748,"2026-06-08 04:20:47.213","rem"
"Sarah","2026-06-08 04:19:06.95","2026-05-28","2026-05-28 15:33:00",1780906748,"2026-06-08 04:20:47.385","rem"
"Sarah","2026-06-08 04:19:06.95","2026-05-28","2026-05-28 15:34:00",1780906748,"2026-06-08 04:20:47.559","rem"
"Sarah","2026-06-08 04:19:06.95","2026-05-28","2026-05-28 15:35:00",1780906748,"2026-06-08 04:20:47.721","rem"
"Sarah","2026-06-08 04:19:06.95","2026-05-28","2026-05-28 15:36:00",1780906748,"2026-06-08 04:20:47.921","rem"
"Sarah","2026-06-08 04:19:06.95","2026-05-28","2026-05-28 15:37:00",1780906748,"2026-06-08 04:20:48.095","rem"
"Sarah","2026-06-08 04:19:06.95","2026-05-28","2026-05-28 15:38:00",1780906748,"2026-06-08 04:20:48.273","rem"
"Sarah","2026-06-08 04:19:06.95","2026-05-28","2026-05-28 15:39:00",1780906748,"2026-06-08 04:20:48.451","rem"
"Sarah","2026-06-08 04:19:06.95","2026-05-28","2026-05-28 15:40:00",1780906748,"2026-06-08 04:20:48.735","rem"
"Sarah","2026-06-08 04:19:06.95","2026-05-28","2026-05-28 15:41:00",1780906748,"2026-06-08 04:20:48.925","rem"
"Sarah","2026-06-08 04:19:06.95","2026-05-28","2026-05-28 15:42:00",1780906748,"2026-06-08 04:20:49.117","rem"
"Sarah","2026-06-08 04:19:06.95","2026-05-28","2026-05-28 15:43:00",1780906748,"2026-06-08 04:20:49.288","rem"
"Sarah","2026-06-08 04:19:06.95","2026-05-28","2026-05-28 15:44:00",1780906748,"2026-06-08 04:20:49.666","rem"
"Sarah","2026-06-08 04:19:06.95","2026-05-28","2026-05-28 15:45:00",1780906748,"2026-06-08 04:20:49.843","rem"
"Sarah","2026-06-08 04:19:06.95","2026-05-28","2026-05-28 15:46:00",1780906748,"2026-06-08 04:20:50.032","rem"
"Sarah","2026-06-08 04:19:06.95","2026-05-28","2026-05-28 15:47:00",1780906748,"2026-06-08 04:20:50.189","rem"
"Sarah","2026-06-08 04:19:06.95","2026-05-28","2026-05-28 15:48:00",1780906748,"2026-06-08 04:20:50.388","rem"
"Sarah","2026-06-08 04:19:06.95","2026-05-28","2026-05-28 15:49:00",1780906748,"2026-06-08 04:20:50.681","rem"
"Sarah","2026-06-08 04:19:06.95","2026-05-28","2026-05-28 15:50:00",1780906748,"2026-06-08 04:20:50.849","rem"
"Sarah","2026-06-08 04:19:06.95","2026-05-28","2026-05-28 15:51:00",1780906748,"2026-06-08 04:20:51.01","rem"
"Sarah","2026-06-08 04:19:06.95","2026-05-28","2026-05-28 15:52:00",1780906748,"2026-06-08 04:20:51.185","rem"
"Sarah","2026-06-08 04:19:06.95","2026-05-28","2026-05-28 15:53:00",1780906748,"2026-06-08 04:20:51.343","rem"
"Sarah","2026-06-08 04:19:06.95","2026-05-28","2026-05-28 15:54:00",1780906748,"2026-06-08 04:20:51.772","rem"
"Sarah","2026-06-08 04:19:06.95","2026-05-28","2026-05-28 15:55:00",1780906748,"2026-06-08 04:20:51.929","rem"
"Sarah","2026-06-08 04:19:06.95","2026-05-28","2026-05-28 15:56:00",1780906748,"2026-06-08 04:20:52.08","rem"
"Sarah","2026-06-08 04:19:06.95","2026-05-28","2026-05-28 15:57:00",1780906748,"2026-06-08 04:20:52.253","light"
"Sarah","2026-06-08 04:19:06.95","2026-05-28","2026-05-28 15:58:00",1780906748,"2026-06-08 04:20:52.428","light"
"Sarah","2026-06-08 04:19:06.95","2026-05-28","2026-05-28 15:59:00",1780906748,"2026-06-08 04:20:52.602","light"
"Sarah","2026-06-08 04:19:06.95","2026-05-28","2026-05-28 16:00:00",1780906748,"2026-06-08 04:20:52.778","light"
"Sarah","2026-06-08 04:19:06.95","2026-05-28","2026-05-28 16:01:00",1780906748,"2026-06-08 04:20:52.934","light"
"Sarah","2026-06-08 04:19:06.95","2026-05-28","2026-05-28 16:02:00",1780906748,"2026-06-08 04:20:53.12","light"
"Sarah","2026-06-08 04:19:06.95","2026-05-28","2026-05-28 16:03:00",1780906748,"2026-06-08 04:20:53.287","light"
"Sarah","2026-06-08 04:19:06.95","2026-05-28","2026-05-28 16:04:00",1780906748,"2026-06-08 04:20:53.467","light"
"Sarah","2026-06-08 04:19:06.95","2026-05-28","2026-05-28 16:05:00",1780906748,"2026-06-08 04:20:53.621","light"
"Sarah","2026-06-08 04:19:06.95","2026-05-28","2026-05-28 16:06:00",1780906748,"2026-06-08 04:20:53.788","light"
"Sarah","2026-06-08 04:19:06.95","2026-05-28","2026-05-28 16:07:00",1780906748,"2026-06-08 04:20:53.945","light"
"Sarah","2026-06-08 04:19:06.95","2026-05-28","2026-05-28 16:08:00",1780906748,"2026-06-08 04:20:54.118","light"
"Sarah","2026-06-08 04:19:06.95","2026-05-28","2026-05-28 16:09:00",1780906748,"2026-06-08 04:20:54.409","light"
"Sarah","2026-06-08 04:19:06.95","2026-05-28","2026-05-28 16:10:00",1780906748,"2026-06-08 04:20:54.563","deep"
"Sarah","2026-06-08 04:19:06.95","2026-05-28","2026-05-28 16:11:00",1780906748,"2026-06-08 04:20:54.722","deep"
"Sarah","2026-06-08 04:19:06.95","2026-05-28","2026-05-28 16:12:00",1780906748,"2026-06-08 04:20:55.683","deep"
"Sarah","2026-06-08 04:19:06.95","2026-05-28","2026-05-28 16:13:00",1780906748,"2026-06-08 04:20:55.846","deep"
"Sarah","2026-06-08 04:19:06.95","2026-05-28","2026-05-28 16:14:00",1780906748,"2026-06-08 04:20:56.031","deep"
"Sarah","2026-06-08 04:19:06.95","2026-05-28","2026-05-28 16:15:00",1780906748,"2026-06-08 04:20:56.179","deep"
"Sarah","2026-06-08 04:19:06.95","2026-05-28","2026-05-28 16:16:00",1780906748,"2026-06-08 04:20:56.332","deep"
"Sarah","2026-06-08 04:19:06.95","2026-05-28","2026-05-28 16:17:00",1780906748,"2026-06-08 04:20:57.12","deep"
"Sarah","2026-06-08 04:22:00.674","2026-05-29","2026-05-29 01:50:00",1780906922,"2026-06-08 04:22:02.7","wake"
"Sarah","2026-06-08 04:22:00.674","2026-05-29","2026-05-29 01:51:00",1780906922,"2026-06-08 04:22:03.05","wake"
"Sarah","2026-06-08 04:22:00.674","2026-05-29","2026-05-29 01:52:00",1780906922,"2026-06-08 04:22:03.345","wake"
"Sarah","2026-06-08 04:22:00.674","2026-05-29","2026-05-29 01:53:00",1780906922,"2026-06-08 04:22:03.624","wake"
"Sarah","2026-06-08 04:22:00.674","2026-05-29","2026-05-29 01:54:00",1780906922,"2026-06-08 04:22:03.899","light"
"Sarah","2026-06-08 04:22:00.674","2026-05-29","2026-05-29 01:55:00",1780906922,"2026-06-08 04:22:04.243","light"
"Sarah","2026-06-08 04:22:00.674","2026-05-29","2026-05-29 01:56:00",1780906922,"2026-06-08 04:22:04.541","light"
"Sarah","2026-06-08 04:22:00.674","2026-05-29","2026-05-29 01:57:00",1780906922,"2026-06-08 04:22:04.827","light"
"Sarah","2026-06-08 04:22:00.674","2026-05-29","2026-05-29 01:58:00",1780906922,"2026-06-08 04:22:05.103","light"
"Sarah","2026-06-08 04:22:00.674","2026-05-29","2026-05-29 01:59:00",1780906922,"2026-06-08 04:22:05.43","light"
"Sarah","2026-06-08 04:22:00.674","2026-05-29","2026-05-29 02:00:00",1780906922,"2026-06-08 04:22:05.74","light"
"Sarah","2026-06-08 04:22:00.674","2026-05-29","2026-05-29 02:01:00",1780906922,"2026-06-08 04:22:06.371","light"
"Sarah","2026-06-08 04:22:00.674","2026-05-29","2026-05-29 02:02:00",1780906922,"2026-06-08 04:22:06.634","light"
"Sarah","2026-06-08 04:22:00.674","2026-05-29","2026-05-29 02:03:00",1780906922,"2026-06-08 04:22:06.902","light"
"Sarah","2026-06-08 04:22:00.674","2026-05-29","2026-05-29 02:04:00",1780906922,"2026-06-08 04:22:07.182","light"
"Sarah","2026-06-08 04:22:00.674","2026-05-29","2026-05-29 02:05:00",1780906922,"2026-06-08 04:22:08.045","light"
"Sarah","2026-06-08 04:22:00.674","2026-05-29","2026-05-29 02:06:00",1780906922,"2026-06-08 04:22:08.316","light"
"Sarah","2026-06-08 04:22:00.674","2026-05-29","2026-05-29 02:07:00",1780906922,"2026-06-08 04:22:09.198","deep"
"Sarah","2026-06-08 04:22:00.674","2026-05-29","2026-05-29 02:08:00",1780906922,"2026-06-08 04:22:09.461","deep"
"Sarah","2026-06-08 04:22:00.674","2026-05-29","2026-05-29 02:09:00",1780906922,"2026-06-08 04:22:09.767","deep"
"Sarah","2026-06-08 04:22:00.674","2026-05-29","2026-05-29 02:10:00",1780906922,"2026-06-08 04:22:10.035","deep"
"Sarah","2026-06-08 04:22:00.674","2026-05-29","2026-05-29 02:11:00",1780906922,"2026-06-08 04:22:10.307","deep"
"Sarah","2026-06-08 04:22:00.674","2026-05-29","2026-05-29 02:12:00",1780906922,"2026-06-08 04:22:10.579","deep"
"Sarah","2026-06-08 04:22:00.674","2026-05-29","2026-05-29 02:13:00",1780906922,"2026-06-08 04:22:10.873","deep"
"Sarah","2026-06-08 04:22:00.674","2026-05-29","2026-05-29 02:14:00",1780906922,"2026-06-08 04:22:11.206","deep"
"Sarah","2026-06-08 04:22:00.674","2026-05-29","2026-05-29 02:15:00",1780906922,"2026-06-08 04:22:11.483","deep"
"Sarah","2026-06-08 04:22:00.674","2026-05-29","2026-05-29 02:16:00",1780906922,"2026-06-08 04:22:11.771","deep"
"Sarah","2026-06-08 04:22:00.674","2026-05-29","2026-05-29 02:17:00",1780906922,"2026-06-08 04:22:12.07","deep"
"Sarah","2026-06-08 04:22:00.674","2026-05-29","2026-05-29 02:18:00",1780906922,"2026-06-08 04:22:12.556","deep"
"Sarah","2026-06-08 04:22:00.674","2026-05-29","2026-05-29 02:19:00",1780906922,"2026-06-08 04:22:12.827","deep"
"Sarah","2026-06-08 04:22:00.674","2026-05-29","2026-05-29 02:20:00",1780906922,"2026-06-08 04:22:13.131","deep"
"Sarah","2026-06-08 04:22:00.674","2026-05-29","2026-05-29 02:21:00",1780906922,"2026-06-08 04:22:13.413","deep"
"Sarah","2026-06-08 04:22:00.674","2026-05-29","2026-05-29 02:22:00",1780906922,"2026-06-08 04:22:13.696","light"
"Sarah","2026-06-08 04:22:00.674","2026-05-29","2026-05-29 02:23:00",1780906922,"2026-06-08 04:22:13.964","light"
"Sarah","2026-06-08 04:22:00.674","2026-05-29","2026-05-29 02:24:00",1780906922,"2026-06-08 04:22:14.286","light"
"Sarah","2026-06-08 04:22:00.674","2026-05-29","2026-05-29 02:25:00",1780906922,"2026-06-08 04:22:14.584","light"
"Sarah","2026-06-08 04:22:00.674","2026-05-29","2026-05-29 02:26:00",1780906922,"2026-06-08 04:22:14.864","light"
"Sarah","2026-06-08 04:22:00.674","2026-05-29","2026-05-29 02:27:00",1780906922,"2026-06-08 04:22:15.168","light"
"Sarah","2026-06-08 04:22:00.674","2026-05-29","2026-05-29 02:28:00",1780906922,"2026-06-08 04:22:15.697","light"
"Sarah","2026-06-08 04:22:00.674","2026-05-29","2026-05-29 02:29:00",1780906922,"2026-06-08 04:22:15.974","light"
"Sarah","2026-06-08 04:22:00.674","2026-05-29","2026-05-29 02:30:00",1780906922,"2026-06-08 04:22:16.254","light"
"Sarah","2026-06-08 04:22:00.674","2026-05-29","2026-05-29 02:31:00",1780906922,"2026-06-08 04:22:16.529","light"
"Sarah","2026-06-08 04:22:00.674","2026-05-29","2026-05-29 02:32:00",1780906922,"2026-06-08 04:22:16.823","light"
"Sarah","2026-06-08 04:22:00.674","2026-05-29","2026-05-29 02:33:00",1780906922,"2026-06-08 04:22:17.574","light"
"Sarah","2026-06-08 04:22:00.674","2026-05-29","2026-05-29 02:34:00",1780906922,"2026-06-08 04:22:17.847","light"
"Sarah","2026-06-08 04:22:00.674","2026-05-29","2026-05-29 02:35:00",1780906922,"2026-06-08 04:22:18.11","light"
"Sarah","2026-06-08 04:22:00.674","2026-05-29","2026-05-29 02:36:00",1780906922,"2026-06-08 04:22:18.409","rem"
"Sarah","2026-06-08 04:22:00.674","2026-05-29","2026-05-29 02:37:00",1780906922,"2026-06-08 04:22:18.733","rem"
"Sarah","2026-06-08 04:22:00.674","2026-05-29","2026-05-29 02:38:00",1780906922,"2026-06-08 04:22:19.01","rem"
"Sarah","2026-06-08 04:22:00.674","2026-05-29","2026-05-29 02:39:00",1780906922,"2026-06-08 04:22:19.283","rem"
"Sarah","2026-06-08 04:22:00.674","2026-05-29","2026-05-29 02:40:00",1780906922,"2026-06-08 04:22:19.539","rem"
"Sarah","2026-06-08 04:22:00.674","2026-05-29","2026-05-29 02:41:00",1780906922,"2026-06-08 04:22:19.829","rem"
"Sarah","2026-06-08 04:22:00.674","2026-05-29","2026-05-29 02:42:00",1780906922,"2026-06-08 04:22:20.143","rem"
"Sarah","2026-06-08 04:22:00.674","2026-05-29","2026-05-29 02:43:00",1780906922,"2026-06-08 04:22:20.432","rem"
"Sarah","2026-06-08 04:22:00.674","2026-05-29","2026-05-29 02:44:00",1780906922,"2026-06-08 04:22:20.722","rem"
"Sarah","2026-06-08 04:22:00.674","2026-05-29","2026-05-29 02:45:00",1780906922,"2026-06-08 04:22:21.016","rem"
"Sarah","2026-06-08 04:22:00.674","2026-05-29","2026-05-29 02:46:00",1780906922,"2026-06-08 04:22:21.284","rem"
"Sarah","2026-06-08 04:22:00.674","2026-05-29","2026-05-29 02:47:00",1780906922,"2026-06-08 04:22:21.535","rem"
"Sarah","2026-06-08 04:22:00.674","2026-05-29","2026-05-29 02:48:00",1780906922,"2026-06-08 04:22:21.816","rem"
"Sarah","2026-06-08 04:22:00.674","2026-05-29","2026-05-29 02:49:00",1780906922,"2026-06-08 04:22:22.075","rem"
"Sarah","2026-06-08 04:22:00.674","2026-05-29","2026-05-29 02:50:00",1780906922,"2026-06-08 04:22:22.321","rem"
"Sarah","2026-06-08 04:22:00.674","2026-05-29","2026-05-29 02:51:00",1780906922,"2026-06-08 04:22:22.604","rem"
"Sarah","2026-06-08 04:22:00.674","2026-05-29","2026-05-29 02:52:00",1780906922,"2026-06-08 04:22:22.859","rem"
"Sarah","2026-06-08 04:22:00.674","2026-05-29","2026-05-29 02:53:00",1780906922,"2026-06-08 04:22:23.184","rem"
"Sarah","2026-06-08 04:22:00.674","2026-05-29","2026-05-29 02:54:00",1780906922,"2026-06-08 04:22:23.453","rem"
"Sarah","2026-06-08 04:22:00.674","2026-05-29","2026-05-29 02:55:00",1780906922,"2026-06-08 04:22:23.715","rem"
"Sarah","2026-06-08 04:22:00.674","2026-05-29","2026-05-29 02:56:00",1780906922,"2026-06-08 04:22:24.005","rem"
"Sarah","2026-06-08 04:22:00.674","2026-05-29","2026-05-29 02:57:00",1780906922,"2026-06-08 04:22:24.285","rem"
"Sarah","2026-06-08 04:22:00.674","2026-05-29","2026-05-29 02:58:00",1780906922,"2026-06-08 04:22:24.594","rem"
"Sarah","2026-06-08 04:22:00.674","2026-05-29","2026-05-29 02:59:00",1780906922,"2026-06-08 04:22:24.879","rem"
"Sarah","2026-06-08 04:22:00.674","2026-05-29","2026-05-29 03:00:00",1780906922,"2026-06-08 04:22:25.15","rem"
"Sarah","2026-06-08 04:22:00.674","2026-05-29","2026-05-29 03:01:00",1780906922,"2026-06-08 04:22:25.484","rem"
"Sarah","2026-06-08 04:22:00.674","2026-05-29","2026-05-29 03:02:00",1780906922,"2026-06-08 04:22:25.762","rem"
"Sarah","2026-06-08 04:22:00.674","2026-05-29","2026-05-29 03:03:00",1780906922,"2026-06-08 04:22:26.052","rem"
"Sarah","2026-06-08 04:22:00.674","2026-05-29","2026-05-29 03:04:00",1780906922,"2026-06-08 04:22:26.324","rem"
"Sarah","2026-06-08 04:22:00.674","2026-05-29","2026-05-29 03:05:00",1780906922,"2026-06-08 04:22:26.637","rem"
"Sarah","2026-06-08 04:22:00.674","2026-05-29","2026-05-29 03:06:00",1780906922,"2026-06-08 04:22:26.9","rem"
"Sarah","2026-06-08 04:22:00.674","2026-05-29","2026-05-29 03:07:00",1780906922,"2026-06-08 04:22:27.178","rem"
"Sarah","2026-06-08 04:22:00.674","2026-05-29","2026-05-29 03:08:00",1780906922,"2026-06-08 04:22:27.449","rem"
"Sarah","2026-06-08 04:22:00.674","2026-05-29","2026-05-29 03:09:00",1780906922,"2026-06-08 04:22:27.725","rem"
"Sarah","2026-06-08 04:22:00.674","2026-05-29","2026-05-29 03:10:00",1780906922,"2026-06-08 04:22:27.982","rem"
"Sarah","2026-06-08 04:22:00.674","2026-05-29","2026-05-29 03:11:00",1780906922,"2026-06-08 04:22:28.279","light"
"Sarah","2026-06-08 04:22:00.674","2026-05-29","2026-05-29 03:12:00",1780906922,"2026-06-08 04:22:29.622","light"
"Sarah","2026-06-08 04:22:00.674","2026-05-29","2026-05-29 03:13:00",1780906922,"2026-06-08 04:22:29.928","light"
"Sarah","2026-06-08 04:22:00.674","2026-05-29","2026-05-29 03:14:00",1780906922,"2026-06-08 04:22:30.193","light"
"Sarah","2026-06-08 04:22:00.674","2026-05-29","2026-05-29 03:15:00",1780906922,"2026-06-08 04:22:30.484","light"
"Sarah","2026-06-08 04:22:00.674","2026-05-29","2026-05-29 03:16:00",1780906922,"2026-06-08 04:22:30.865","light"
"Sarah","2026-06-08 04:22:00.674","2026-05-29","2026-05-29 03:17:00",1780906922,"2026-06-08 04:22:31.36","light"
"Sarah","2026-06-08 04:22:00.674","2026-05-29","2026-05-29 03:18:00",1780906922,"2026-06-08 04:22:31.63","light"
"Sarah","2026-06-08 04:22:00.674","2026-05-29","2026-05-29 03:19:00",1780906922,"2026-06-08 04:22:31.887","light"
"Sarah","2026-06-08 04:22:00.674","2026-05-29","2026-05-29 03:20:00",1780906922,"2026-06-08 04:22:32.399","light"
"Sarah","2026-06-08 04:22:00.674","2026-05-29","2026-05-29 03:21:00",1780906922,"2026-06-08 04:22:32.672","light"
"Sarah","2026-06-08 04:22:00.674","2026-05-29","2026-05-29 03:22:00",1780906922,"2026-06-08 04:22:32.924","light"
"Sarah","2026-06-08 04:22:00.674","2026-05-29","2026-05-29 03:23:00",1780906922,"2026-06-08 04:22:33.196","light"
"Sarah","2026-06-08 04:22:00.674","2026-05-29","2026-05-29 03:24:00",1780906922,"2026-06-08 04:22:33.459","light"
"Sarah","2026-06-08 04:22:00.674","2026-05-29","2026-05-29 03:25:00",1780906922,"2026-06-08 04:22:33.755","light"
"Sarah","2026-06-08 04:22:00.674","2026-05-29","2026-05-29 03:26:00",1780906922,"2026-06-08 04:22:34.042","light"
"Sarah","2026-06-08 04:22:00.674","2026-05-29","2026-05-29 03:27:00",1780906922,"2026-06-08 04:22:34.4","light"
"Sarah","2026-06-08 04:22:00.674","2026-05-29","2026-05-29 03:28:00",1780906922,"2026-06-08 04:22:34.66","light"
"Sarah","2026-06-08 04:22:00.674","2026-05-29","2026-05-29 03:29:00",1780906922,"2026-06-08 04:22:34.942","light"
"Sarah","2026-06-08 04:22:00.674","2026-05-29","2026-05-29 03:30:00",1780906922,"2026-06-08 04:22:35.228","deep"
"Sarah","2026-06-08 04:22:00.674","2026-05-29","2026-05-29 03:31:00",1780906922,"2026-06-08 04:22:35.537","deep"
"Sarah","2026-06-08 04:22:00.674","2026-05-29","2026-05-29 03:32:00",1780906922,"2026-06-08 04:22:35.868","deep"
"Sarah","2026-06-08 04:22:00.674","2026-05-29","2026-05-29 03:33:00",1780906922,"2026-06-08 04:22:36.148","deep"
"Sarah","2026-06-08 04:22:00.674","2026-05-29","2026-05-29 03:34:00",1780906922,"2026-06-08 04:22:36.414","deep"
"Sarah","2026-06-08 04:22:00.674","2026-05-29","2026-05-29 03:35:00",1780906922,"2026-06-08 04:22:36.693","deep"
"Sarah","2026-06-08 04:22:00.674","2026-05-29","2026-05-29 03:36:00",1780906922,"2026-06-08 04:22:36.966","deep"
"Sarah","2026-06-08 04:22:00.674","2026-05-29","2026-05-29 03:37:00",1780906922,"2026-06-08 04:22:37.23","deep"
"Sarah","2026-06-08 04:22:00.674","2026-05-29","2026-05-29 03:38:00",1780906922,"2026-06-08 04:22:37.508","deep"
"Sarah","2026-06-08 04:22:00.674","2026-05-29","2026-05-29 03:39:00",1780906922,"2026-06-08 04:22:37.784","deep"
"Sarah","2026-06-08 04:22:00.674","2026-05-29","2026-05-29 03:40:00",1780906922,"2026-06-08 04:22:38.04","deep"
"Sarah","2026-06-08 04:22:00.674","2026-05-29","2026-05-29 03:41:00",1780906922,"2026-06-08 04:22:38.312","deep"
"Sarah","2026-06-08 04:22:00.674","2026-05-29","2026-05-29 03:42:00",1780906922,"2026-06-08 04:22:38.633","deep"
"Sarah","2026-06-08 04:22:00.674","2026-05-29","2026-05-29 03:43:00",1780906922,"2026-06-08 04:22:38.887","deep"
"Sarah","2026-06-08 04:22:00.674","2026-05-29","2026-05-29 03:44:00",1780906922,"2026-06-08 04:22:39.168","deep"
"Sarah","2026-06-08 04:22:00.674","2026-05-29","2026-05-29 03:45:00",1780906922,"2026-06-08 04:22:39.843","deep"
"Sarah","2026-06-08 04:22:00.674","2026-05-29","2026-05-29 03:46:00",1780906922,"2026-06-08 04:22:40.116","deep"
"Sarah","2026-06-08 04:22:00.674","2026-05-29","2026-05-29 03:47:00",1780906922,"2026-06-08 04:22:40.403","deep"
"Sarah","2026-06-08 04:22:00.674","2026-05-29","2026-05-29 03:48:00",1780906922,"2026-06-08 04:22:40.66","deep"
"Sarah","2026-06-08 04:22:00.674","2026-05-29","2026-05-29 03:49:00",1780906922,"2026-06-08 04:22:40.905","deep"
"Sarah","2026-06-08 04:22:00.674","2026-05-29","2026-05-29 03:50:00",1780906922,"2026-06-08 04:22:41.177","deep"
"Sarah","2026-06-08 04:22:00.674","2026-05-29","2026-05-29 03:51:00",1780906922,"2026-06-08 04:22:41.451","deep"
"Sarah","2026-06-08 04:22:00.674","2026-05-29","2026-05-29 03:52:00",1780906922,"2026-06-08 04:22:41.708","deep"
"Sarah","2026-06-08 04:22:00.674","2026-05-29","2026-05-29 03:53:00",1780906922,"2026-06-08 04:22:41.985","deep"
"Sarah","2026-06-08 04:22:00.674","2026-05-29","2026-05-29 03:54:00",1780906922,"2026-06-08 04:22:42.249","deep"
"Sarah","2026-06-08 04:22:00.674","2026-05-29","2026-05-29 03:55:00",1780906922,"2026-06-08 04:22:42.516","deep"
"Sarah","2026-06-08 04:22:00.674","2026-05-29","2026-05-29 03:56:00",1780906922,"2026-06-08 04:22:42.803","light"
"Sarah","2026-06-08 04:22:00.674","2026-05-29","2026-05-29 03:57:00",1780906922,"2026-06-08 04:22:43.058","light"
"Sarah","2026-06-08 04:22:00.674","2026-05-29","2026-05-29 03:58:00",1780906922,"2026-06-08 04:22:43.349","light"
"Sarah","2026-06-08 04:22:00.674","2026-05-29","2026-05-29 03:59:00",1780906922,"2026-06-08 04:22:43.64","light"
"Sarah","2026-06-08 04:22:00.674","2026-05-29","2026-05-29 04:00:00",1780906922,"2026-06-08 04:22:43.937","light"
"Sarah","2026-06-08 04:22:00.674","2026-05-29","2026-05-29 04:01:00",1780906922,"2026-06-08 04:22:44.203","light"
"Sarah","2026-06-08 04:22:00.674","2026-05-29","2026-05-29 04:02:00",1780906922,"2026-06-08 04:22:44.483","light"
"Sarah","2026-06-08 04:22:00.674","2026-05-29","2026-05-29 04:03:00",1780906922,"2026-06-08 04:22:44.749","light"
"Sarah","2026-06-08 04:22:00.674","2026-05-29","2026-05-29 04:04:00",1780906922,"2026-06-08 04:22:45.008","light"
"Sarah","2026-06-08 04:22:00.674","2026-05-29","2026-05-29 04:05:00",1780906922,"2026-06-08 04:22:45.27","light"
"Sarah","2026-06-08 04:22:00.674","2026-05-29","2026-05-29 04:06:00",1780906922,"2026-06-08 04:22:46.829","light"
"Sarah","2026-06-08 04:22:00.674","2026-05-29","2026-05-29 04:07:00",1780906922,"2026-06-08 04:22:47.079","light"
"Sarah","2026-06-08 04:22:00.674","2026-05-29","2026-05-29 04:08:00",1780906922,"2026-06-08 04:22:47.369","light"
"Sarah","2026-06-08 04:22:00.674","2026-05-29","2026-05-29 04:09:00",1780906922,"2026-06-08 04:22:47.732","light"
"Sarah","2026-06-08 04:22:00.674","2026-05-29","2026-05-29 04:10:00",1780906922,"2026-06-08 04:22:48.024","light"
"Sarah","2026-06-08 04:22:00.674","2026-05-29","2026-05-29 04:11:00",1780906922,"2026-06-08 04:22:48.283","light"
"Sarah","2026-06-08 04:22:00.674","2026-05-29","2026-05-29 04:12:00",1780906922,"2026-06-08 04:22:48.578","light"
"Sarah","2026-06-08 04:22:00.674","2026-05-29","2026-05-29 04:13:00",1780906922,"2026-06-08 04:22:48.848","light"
"Sarah","2026-06-08 04:22:00.674","2026-05-29","2026-05-29 04:14:00",1780906922,"2026-06-08 04:22:49.114","light"
"Sarah","2026-06-08 04:22:00.674","2026-05-29","2026-05-29 04:15:00",1780906922,"2026-06-08 04:22:49.383","light"
"Sarah","2026-06-08 04:22:00.674","2026-05-29","2026-05-29 04:16:00",1780906922,"2026-06-08 04:22:49.652","light"
"Sarah","2026-06-08 04:22:00.674","2026-05-29","2026-05-29 04:17:00",1780906922,"2026-06-08 04:22:49.926","light"
"Sarah","2026-06-08 04:22:00.674","2026-05-29","2026-05-29 04:18:00",1780906922,"2026-06-08 04:22:50.211","rem"
"Sarah","2026-06-08 04:22:00.674","2026-05-29","2026-05-29 04:19:00",1780906922,"2026-06-08 04:22:50.483","rem"
"Sarah","2026-06-08 04:22:00.674","2026-05-29","2026-05-29 04:20:00",1780906922,"2026-06-08 04:22:50.731","rem"
"Sarah","2026-06-08 04:22:00.674","2026-05-29","2026-05-29 04:21:00",1780906922,"2026-06-08 04:22:51.007","rem"
"Sarah","2026-06-08 04:22:00.674","2026-05-29","2026-05-29 04:22:00",1780906922,"2026-06-08 04:22:51.275","rem"
"Sarah","2026-06-08 04:22:00.674","2026-05-29","2026-05-29 04:23:00",1780906922,"2026-06-08 04:22:52.266","rem"
"Sarah","2026-06-08 04:22:00.674","2026-05-29","2026-05-29 04:24:00",1780906922,"2026-06-08 04:22:52.533","rem"
"Sarah","2026-06-08 04:22:00.674","2026-05-29","2026-05-29 04:25:00",1780906922,"2026-06-08 04:22:52.78","rem"
"Sarah","2026-06-08 04:22:00.674","2026-05-29","2026-05-29 04:26:00",1780906922,"2026-06-08 04:22:53.054","rem"
"Sarah","2026-06-08 04:22:00.674","2026-05-29","2026-05-29 04:27:00",1780906922,"2026-06-08 04:22:53.31","rem"
"Sarah","2026-06-08 04:22:00.674","2026-05-29","2026-05-29 04:28:00",1780906922,"2026-06-08 04:22:53.594","rem"
"Sarah","2026-06-08 04:22:00.674","2026-05-29","2026-05-29 04:29:00",1780906922,"2026-06-08 04:22:53.897","rem"
"Sarah","2026-06-08 04:22:00.674","2026-05-29","2026-05-29 04:30:00",1780906922,"2026-06-08 04:22:54.161","rem"
"Sarah","2026-06-08 04:22:00.674","2026-05-29","2026-05-29 04:31:00",1780906922,"2026-06-08 04:22:54.431","rem"
"Sarah","2026-06-08 04:22:00.674","2026-05-29","2026-05-29 04:32:00",1780906922,"2026-06-08 04:22:54.715","rem"
"Sarah","2026-06-08 04:22:00.674","2026-05-29","2026-05-29 04:33:00",1780906922,"2026-06-08 04:22:54.991","rem"
"Sarah","2026-06-08 04:22:00.674","2026-05-29","2026-05-29 04:34:00",1780906922,"2026-06-08 04:22:55.268","rem"
"Sarah","2026-06-08 04:22:00.674","2026-05-29","2026-05-29 04:35:00",1780906922,"2026-06-08 04:22:55.515","rem"
"Sarah","2026-06-08 04:22:00.674","2026-05-29","2026-05-29 04:36:00",1780906922,"2026-06-08 04:22:55.786","rem"
"Sarah","2026-06-08 04:22:00.674","2026-05-29","2026-05-29 04:37:00",1780906922,"2026-06-08 04:22:56.047","rem"
"Sarah","2026-06-08 04:22:00.674","2026-05-29","2026-05-29 04:38:00",1780906922,"2026-06-08 04:22:56.3","rem"
"Sarah","2026-06-08 04:22:00.674","2026-05-29","2026-05-29 04:39:00",1780906922,"2026-06-08 04:22:56.563","rem"
"Sarah","2026-06-08 04:22:00.674","2026-05-29","2026-05-29 04:40:00",1780906922,"2026-06-08 04:22:56.848","rem"
"Sarah","2026-06-08 04:22:00.674","2026-05-29","2026-05-29 04:41:00",1780906922,"2026-06-08 04:22:57.129","rem"
"Sarah","2026-06-08 04:22:00.674","2026-05-29","2026-05-29 04:42:00",1780906922,"2026-06-08 04:22:57.421","rem"
"Sarah","2026-06-08 04:22:00.674","2026-05-29","2026-05-29 04:43:00",1780906922,"2026-06-08 04:22:57.953","rem"
"Sarah","2026-06-08 04:22:00.674","2026-05-29","2026-05-29 04:44:00",1780906922,"2026-06-08 04:22:58.22","rem"
"Sarah","2026-06-08 04:22:00.674","2026-05-29","2026-05-29 04:45:00",1780906922,"2026-06-08 04:22:58.473","rem"
"Sarah","2026-06-08 04:22:00.674","2026-05-29","2026-05-29 04:46:00",1780906922,"2026-06-08 04:22:58.737","rem"
"Sarah","2026-06-08 04:22:00.674","2026-05-29","2026-05-29 04:47:00",1780906922,"2026-06-08 04:22:59.005","rem"
"Sarah","2026-06-08 04:22:00.674","2026-05-29","2026-05-29 04:48:00",1780906922,"2026-06-08 04:22:59.266","rem"
"Sarah","2026-06-08 04:22:00.674","2026-05-29","2026-05-29 04:49:00",1780906922,"2026-06-08 04:22:59.53","rem"
"Sarah","2026-06-08 04:22:00.674","2026-05-29","2026-05-29 04:50:00",1780906922,"2026-06-08 04:22:59.81","rem"
"Sarah","2026-06-08 04:22:00.674","2026-05-29","2026-05-29 04:51:00",1780906922,"2026-06-08 04:23:00.072","rem"
"Sarah","2026-06-08 04:22:00.674","2026-05-29","2026-05-29 04:52:00",1780906922,"2026-06-08 04:23:00.333","rem"
"Sarah","2026-06-08 04:22:00.674","2026-05-29","2026-05-29 04:53:00",1780906922,"2026-06-08 04:23:00.619","rem"
"Sarah","2026-06-08 04:22:00.674","2026-05-29","2026-05-29 04:54:00",1780906922,"2026-06-08 04:23:00.948","rem"
"Sarah","2026-06-08 04:22:00.674","2026-05-29","2026-05-29 04:55:00",1780906922,"2026-06-08 04:23:01.215","rem"
"Sarah","2026-06-08 04:22:00.674","2026-05-29","2026-05-29 04:56:00",1780906922,"2026-06-08 04:23:01.594","rem"
"Sarah","2026-06-08 04:22:00.674","2026-05-29","2026-05-29 04:57:00",1780906922,"2026-06-08 04:23:01.845","rem"
"Sarah","2026-06-08 04:22:00.674","2026-05-29","2026-05-29 04:58:00",1780906922,"2026-06-08 04:23:02.12","rem"
"Sarah","2026-06-08 04:22:00.674","2026-05-29","2026-05-29 04:59:00",1780906922,"2026-06-08 04:23:02.393","rem"
"Sarah","2026-06-08 04:22:00.674","2026-05-29","2026-05-29 05:00:00",1780906922,"2026-06-08 04:23:02.823","rem"
"Sarah","2026-06-08 04:22:00.674","2026-05-29","2026-05-29 05:01:00",1780906922,"2026-06-08 04:23:03.096","rem"
"Sarah","2026-06-08 04:22:00.674","2026-05-29","2026-05-29 05:02:00",1780906922,"2026-06-08 04:23:03.398","rem"
"Sarah","2026-06-08 04:22:00.674","2026-05-29","2026-05-29 05:03:00",1780906922,"2026-06-08 04:23:03.85","rem"
"Sarah","2026-06-08 04:22:00.674","2026-05-29","2026-05-29 05:04:00",1780906922,"2026-06-08 04:23:04.109","light"
"Sarah","2026-06-08 04:22:00.674","2026-05-29","2026-05-29 05:05:00",1780906922,"2026-06-08 04:23:04.385","light"
"Sarah","2026-06-08 04:22:00.674","2026-05-29","2026-05-29 05:06:00",1780906922,"2026-06-08 04:23:04.651","light"
"Sarah","2026-06-08 04:22:00.674","2026-05-29","2026-05-29 05:07:00",1780906922,"2026-06-08 04:23:04.9","light"
"Sarah","2026-06-08 04:22:00.674","2026-05-29","2026-05-29 05:08:00",1780906922,"2026-06-08 04:23:05.185","light"
"Sarah","2026-06-08 04:22:00.674","2026-05-29","2026-05-29 05:09:00",1780906922,"2026-06-08 04:23:06.264","light"
"Sarah","2026-06-08 04:22:00.674","2026-05-29","2026-05-29 05:10:00",1780906922,"2026-06-08 04:23:06.515","light"
"Sarah","2026-06-08 04:22:00.674","2026-05-29","2026-05-29 05:11:00",1780906922,"2026-06-08 04:23:06.824","light"
"Sarah","2026-06-08 04:22:00.674","2026-05-29","2026-05-29 05:12:00",1780906922,"2026-06-08 04:23:07.089","light"
"Sarah","2026-06-08 04:22:00.674","2026-05-29","2026-05-29 05:13:00",1780906922,"2026-06-08 04:23:07.376","light"
"Sarah","2026-06-08 04:22:00.674","2026-05-29","2026-05-29 05:14:00",1780906922,"2026-06-08 04:23:07.656","light"
"Sarah","2026-06-08 04:22:00.674","2026-05-29","2026-05-29 05:15:00",1780906922,"2026-06-08 04:23:07.961","light"
"Sarah","2026-06-08 04:22:00.674","2026-05-29","2026-05-29 05:16:00",1780906922,"2026-06-08 04:23:08.603","light"
"Sarah","2026-06-08 04:22:00.674","2026-05-29","2026-05-29 05:17:00",1780906922,"2026-06-08 04:23:08.896","light"
"Sarah","2026-06-08 04:22:00.674","2026-05-29","2026-05-29 05:18:00",1780906922,"2026-06-08 04:23:09.168","light"
"Sarah","2026-06-08 04:22:00.674","2026-05-29","2026-05-29 05:19:00",1780906922,"2026-06-08 04:23:09.428","light"
"Sarah","2026-06-08 04:22:00.674","2026-05-29","2026-05-29 05:20:00",1780906922,"2026-06-08 04:23:09.723","light"
"Sarah","2026-06-08 04:22:00.674","2026-05-29","2026-05-29 05:21:00",1780906922,"2026-06-08 04:23:10.077","light"
"Sarah","2026-06-08 04:22:00.674","2026-05-29","2026-05-29 05:22:00",1780906922,"2026-06-08 04:23:10.344","light"
"Sarah","2026-06-08 04:22:00.674","2026-05-29","2026-05-29 05:23:00",1780906922,"2026-06-08 04:23:10.615","light"
"Sarah","2026-06-08 04:22:00.674","2026-05-29","2026-05-29 05:24:00",1780906922,"2026-06-08 04:23:10.908","light"
"Sarah","2026-06-08 04:22:00.674","2026-05-29","2026-05-29 05:25:00",1780906922,"2026-06-08 04:23:11.175","light"
"Sarah","2026-06-08 04:22:00.674","2026-05-29","2026-05-29 05:26:00",1780906922,"2026-06-08 04:23:11.48","light"
"Sarah","2026-06-08 04:22:00.674","2026-05-29","2026-05-29 05:27:00",1780906922,"2026-06-08 04:23:11.765","light"
"Sarah","2026-06-08 04:22:00.674","2026-05-29","2026-05-29 05:28:00",1780906922,"2026-06-08 04:23:12.027","light"
"Sarah","2026-06-08 04:22:00.674","2026-05-29","2026-05-29 05:29:00",1780906922,"2026-06-08 04:23:12.287","light"
"Sarah","2026-06-08 04:22:00.674","2026-05-29","2026-05-29 05:30:00",1780906922,"2026-06-08 04:23:12.561","light"
"Sarah","2026-06-08 04:22:00.674","2026-05-29","2026-05-29 05:31:00",1780906922,"2026-06-08 04:23:12.831","light"
"Sarah","2026-06-08 04:22:00.674","2026-05-29","2026-05-29 05:32:00",1780906922,"2026-06-08 04:23:13.926","light"
"Sarah","2026-06-08 04:22:00.674","2026-05-29","2026-05-29 05:33:00",1780906922,"2026-06-08 04:23:14.187","light"
"Sarah","2026-06-08 04:22:00.674","2026-05-29","2026-05-29 05:34:00",1780906922,"2026-06-08 04:23:14.463","light"
"Sarah","2026-06-08 04:22:00.674","2026-05-29","2026-05-29 05:35:00",1780906922,"2026-06-08 04:23:14.725","light"
"Sarah","2026-06-08 04:22:00.674","2026-05-29","2026-05-29 05:36:00",1780906922,"2026-06-08 04:23:14.992","light"
"Sarah","2026-06-08 04:22:00.674","2026-05-29","2026-05-29 05:37:00",1780906922,"2026-06-08 04:23:15.252","light"
"Sarah","2026-06-08 04:22:00.674","2026-05-29","2026-05-29 05:38:00",1780906922,"2026-06-08 04:23:15.519","light"
"Sarah","2026-06-08 04:22:00.674","2026-05-29","2026-05-29 05:39:00",1780906922,"2026-06-08 04:23:15.779","deep"
"Sarah","2026-06-08 04:22:00.674","2026-05-29","2026-05-29 05:40:00",1780906922,"2026-06-08 04:23:16.112","deep"
"Sarah","2026-06-08 04:22:00.674","2026-05-29","2026-05-29 05:41:00",1780906922,"2026-06-08 04:23:16.386","deep"
"Sarah","2026-06-08 04:22:00.674","2026-05-29","2026-05-29 05:42:00",1780906922,"2026-06-08 04:23:16.654","deep"
"Sarah","2026-06-08 04:22:00.674","2026-05-29","2026-05-29 05:43:00",1780906922,"2026-06-08 04:23:16.938","deep"
"Sarah","2026-06-08 04:22:00.674","2026-05-29","2026-05-29 05:44:00",1780906922,"2026-06-08 04:23:17.188","deep"
"Sarah","2026-06-08 04:22:00.674","2026-05-29","2026-05-29 05:45:00",1780906922,"2026-06-08 04:23:17.465","deep"
"Sarah","2026-06-08 04:22:00.674","2026-05-29","2026-05-29 05:46:00",1780906922,"2026-06-08 04:23:18.254","deep"
"Sarah","2026-06-08 04:22:00.674","2026-05-29","2026-05-29 05:47:00",1780906922,"2026-06-08 04:23:18.526","deep"
"Sarah","2026-06-08 04:22:00.674","2026-05-29","2026-05-29 05:48:00",1780906922,"2026-06-08 04:23:18.785","deep"
"Sarah","2026-06-08 04:22:00.674","2026-05-29","2026-05-29 05:49:00",1780906922,"2026-06-08 04:23:19.049","deep"
"Sarah","2026-06-08 04:22:00.674","2026-05-29","2026-05-29 05:50:00",1780906922,"2026-06-08 04:23:19.317","light"
"Sarah","2026-06-08 04:22:00.674","2026-05-29","2026-05-29 05:51:00",1780906922,"2026-06-08 04:23:19.59","light"
"Sarah","2026-06-08 04:22:00.674","2026-05-29","2026-05-29 05:52:00",1780906922,"2026-06-08 04:23:19.851","light"
"Sarah","2026-06-08 04:22:00.674","2026-05-29","2026-05-29 05:53:00",1780906922,"2026-06-08 04:23:20.128","light"
"Sarah","2026-06-08 04:22:00.674","2026-05-29","2026-05-29 05:54:00",1780906922,"2026-06-08 04:23:20.392","deep"
"Sarah","2026-06-08 04:22:00.674","2026-05-29","2026-05-29 05:55:00",1780906922,"2026-06-08 04:23:20.652","deep"
"Sarah","2026-06-08 04:22:00.674","2026-05-29","2026-05-29 05:56:00",1780906922,"2026-06-08 04:23:20.913","deep"
"Sarah","2026-06-08 04:22:00.674","2026-05-29","2026-05-29 05:57:00",1780906922,"2026-06-08 04:23:21.184","deep"
"Sarah","2026-06-08 04:22:00.674","2026-05-29","2026-05-29 05:58:00",1780906922,"2026-06-08 04:23:21.453","deep"
"Sarah","2026-06-08 04:22:00.674","2026-05-29","2026-05-29 05:59:00",1780906922,"2026-06-08 04:23:21.728","deep"
"Sarah","2026-06-08 04:22:00.674","2026-05-29","2026-05-29 06:00:00",1780906922,"2026-06-08 04:23:22.007","light"
"Sarah","2026-06-08 04:22:00.674","2026-05-29","2026-05-29 06:01:00",1780906922,"2026-06-08 04:23:22.303","light"
"Sarah","2026-06-08 04:22:00.674","2026-05-29","2026-05-29 06:02:00",1780906922,"2026-06-08 04:23:22.578","light"
"Sarah","2026-06-08 04:22:00.674","2026-05-29","2026-05-29 06:03:00",1780906922,"2026-06-08 04:23:22.916","light"
"Sarah","2026-06-08 04:22:00.674","2026-05-29","2026-05-29 06:04:00",1780906922,"2026-06-08 04:23:23.194","light"
"Sarah","2026-06-08 04:22:00.674","2026-05-29","2026-05-29 06:05:00",1780906922,"2026-06-08 04:23:23.473","light"
"Sarah","2026-06-08 04:22:00.674","2026-05-29","2026-05-29 06:06:00",1780906922,"2026-06-08 04:23:23.752","light"
"Sarah","2026-06-08 04:22:00.674","2026-05-29","2026-05-29 06:07:00",1780906922,"2026-06-08 04:23:24.025","light"
"Sarah","2026-06-08 04:22:00.674","2026-05-29","2026-05-29 06:08:00",1780906922,"2026-06-08 04:23:24.279","light"
"Sarah","2026-06-08 04:22:00.674","2026-05-29","2026-05-29 06:09:00",1780906922,"2026-06-08 04:23:24.825","light"
"Sarah","2026-06-08 04:22:00.674","2026-05-29","2026-05-29 06:10:00",1780906922,"2026-06-08 04:23:25.082","rem"
"Sarah","2026-06-08 04:22:00.674","2026-05-29","2026-05-29 06:11:00",1780906922,"2026-06-08 04:23:25.339","rem"
"Sarah","2026-06-08 04:22:00.674","2026-05-29","2026-05-29 06:12:00",1780906922,"2026-06-08 04:23:25.606","rem"
"Sarah","2026-06-08 04:22:00.674","2026-05-29","2026-05-29 06:13:00",1780906922,"2026-06-08 04:23:25.874","rem"
"Sarah","2026-06-08 04:22:00.674","2026-05-29","2026-05-29 06:14:00",1780906922,"2026-06-08 04:23:26.139","rem"
"Sarah","2026-06-08 04:22:00.674","2026-05-29","2026-05-29 06:15:00",1780906922,"2026-06-08 04:23:26.409","rem"
"Sarah","2026-06-08 04:22:00.674","2026-05-29","2026-05-29 06:16:00",1780906922,"2026-06-08 04:23:26.686","rem"
"Sarah","2026-06-08 04:22:00.674","2026-05-29","2026-05-29 06:17:00",1780906922,"2026-06-08 04:23:26.969","rem"
"Sarah","2026-06-08 04:22:00.674","2026-05-29","2026-05-29 06:18:00",1780906922,"2026-06-08 04:23:27.217","rem"
"Sarah","2026-06-08 04:22:00.674","2026-05-29","2026-05-29 06:19:00",1780906922,"2026-06-08 04:23:27.478","rem"
"Sarah","2026-06-08 04:22:00.674","2026-05-29","2026-05-29 06:20:00",1780906922,"2026-06-08 04:23:27.747","rem"
"Sarah","2026-06-08 04:22:00.674","2026-05-29","2026-05-29 06:21:00",1780906922,"2026-06-08 04:23:28.023","light"
"Sarah","2026-06-08 04:22:00.674","2026-05-29","2026-05-29 06:22:00",1780906922,"2026-06-08 04:23:28.343","light"
"Sarah","2026-06-08 04:22:00.674","2026-05-29","2026-05-29 06:23:00",1780906922,"2026-06-08 04:23:28.612","light"
"Sarah","2026-06-08 04:22:00.674","2026-05-29","2026-05-29 06:24:00",1780906922,"2026-06-08 04:23:28.875","light"
"Sarah","2026-06-08 04:22:00.674","2026-05-29","2026-05-29 06:25:00",1780906922,"2026-06-08 04:23:29.199","light"
"Sarah","2026-06-08 04:22:00.674","2026-05-29","2026-05-29 06:26:00",1780906922,"2026-06-08 04:23:29.488","light"
"Sarah","2026-06-08 04:22:00.674","2026-05-29","2026-05-29 06:27:00",1780906922,"2026-06-08 04:23:29.769","light"
"Sarah","2026-06-08 04:22:00.674","2026-05-29","2026-05-29 06:28:00",1780906922,"2026-06-08 04:23:30.054","light"
"Sarah","2026-06-08 04:22:00.674","2026-05-29","2026-05-29 06:29:00",1780906922,"2026-06-08 04:23:30.352","light"
"Sarah","2026-06-08 04:22:00.674","2026-05-29","2026-05-29 06:30:00",1780906922,"2026-06-08 04:23:30.607","light"
"Sarah","2026-06-08 04:22:00.674","2026-05-29","2026-05-29 06:31:00",1780906922,"2026-06-08 04:23:30.858","light"
"Sarah","2026-06-08 04:22:00.674","2026-05-29","2026-05-29 06:32:00",1780906922,"2026-06-08 04:23:31.167","light"
"Sarah","2026-06-08 04:22:00.674","2026-05-29","2026-05-29 06:33:00",1780906922,"2026-06-08 04:23:31.431","light"
"Sarah","2026-06-08 04:22:00.674","2026-05-29","2026-05-29 06:34:00",1780906922,"2026-06-08 04:23:31.699","light"
"Sarah","2026-06-08 04:22:00.674","2026-05-29","2026-05-29 06:35:00",1780906922,"2026-06-08 04:23:31.971","light"
"Sarah","2026-06-08 04:22:00.674","2026-05-29","2026-05-29 06:36:00",1780906922,"2026-06-08 04:23:32.337","light"
"Sarah","2026-06-08 04:22:00.674","2026-05-29","2026-05-29 06:37:00",1780906922,"2026-06-08 04:23:32.604","light"
"Sarah","2026-06-08 04:22:00.674","2026-05-29","2026-05-29 06:38:00",1780906922,"2026-06-08 04:23:32.863","light"
"Sarah","2026-06-08 04:22:00.674","2026-05-29","2026-05-29 06:39:00",1780906922,"2026-06-08 04:23:33.194","light"
"Sarah","2026-06-08 04:22:00.674","2026-05-29","2026-05-29 06:40:00",1780906922,"2026-06-08 04:23:33.469","light"
"Sarah","2026-06-08 04:22:00.674","2026-05-29","2026-05-29 06:41:00",1780906922,"2026-06-08 04:23:33.738","light"
"Sarah","2026-06-08 04:22:00.674","2026-05-29","2026-05-29 06:42:00",1780906922,"2026-06-08 04:23:34.025","light"
"Sarah","2026-06-08 04:22:00.674","2026-05-29","2026-05-29 06:43:00",1780906922,"2026-06-08 04:23:34.312","light"
"Sarah","2026-06-08 04:22:00.674","2026-05-29","2026-05-29 06:44:00",1780906922,"2026-06-08 04:23:34.593","light"
"Sarah","2026-06-08 04:22:00.674","2026-05-29","2026-05-29 06:45:00",1780906922,"2026-06-08 04:23:34.848","light"
"Sarah","2026-06-08 04:22:00.674","2026-05-29","2026-05-29 06:46:00",1780906922,"2026-06-08 04:23:35.117","light"
"Sarah","2026-06-08 04:22:00.674","2026-05-29","2026-05-29 06:47:00",1780906922,"2026-06-08 04:23:35.376","light"
"Sarah","2026-06-08 04:22:00.674","2026-05-29","2026-05-29 06:48:00",1780906922,"2026-06-08 04:23:35.624","light"
"Sarah","2026-06-08 04:22:00.674","2026-05-29","2026-05-29 06:49:00",1780906922,"2026-06-08 04:23:35.897","light"
"Sarah","2026-06-08 04:22:00.674","2026-05-29","2026-05-29 06:50:00",1780906922,"2026-06-08 04:23:37.07","light"
"Sarah","2026-06-08 04:22:00.674","2026-05-29","2026-05-29 06:51:00",1780906922,"2026-06-08 04:23:37.531","light"
"Sarah","2026-06-08 04:22:00.674","2026-05-29","2026-05-29 06:52:00",1780906922,"2026-06-08 04:23:37.798","light"
"Sarah","2026-06-08 04:22:00.674","2026-05-29","2026-05-29 06:53:00",1780906922,"2026-06-08 04:23:38.055","light"
"Sarah","2026-06-08 04:22:00.674","2026-05-29","2026-05-29 06:54:00",1780906922,"2026-06-08 04:23:38.302","light"
"Sarah","2026-06-08 04:22:00.674","2026-05-29","2026-05-29 06:55:00",1780906922,"2026-06-08 04:23:38.55","light"
"Sarah","2026-06-08 04:22:00.674","2026-05-29","2026-05-29 06:56:00",1780906922,"2026-06-08 04:23:38.815","light"
"Sarah","2026-06-08 04:22:00.674","2026-05-29","2026-05-29 06:57:00",1780906922,"2026-06-08 04:23:39.081","light"
"Sarah","2026-06-08 04:22:00.674","2026-05-29","2026-05-29 06:58:00",1780906922,"2026-06-08 04:23:39.358","light"
"Sarah","2026-06-08 04:22:00.674","2026-05-29","2026-05-29 06:59:00",1780906922,"2026-06-08 04:23:39.629","light"
"Sarah","2026-06-08 04:22:00.674","2026-05-29","2026-05-29 07:00:00",1780906922,"2026-06-08 04:23:39.898","light"
"Sarah","2026-06-08 04:22:00.674","2026-05-29","2026-05-29 07:01:00",1780906922,"2026-06-08 04:23:40.562","light"
"Sarah","2026-06-08 04:22:00.674","2026-05-29","2026-05-29 07:02:00",1780906922,"2026-06-08 04:23:40.821","light"
"Sarah","2026-06-08 04:22:00.674","2026-05-29","2026-05-29 07:03:00",1780906922,"2026-06-08 04:23:41.089","light"
"Sarah","2026-06-08 04:22:00.674","2026-05-29","2026-05-29 07:04:00",1780906922,"2026-06-08 04:23:41.355","light"
"Sarah","2026-06-08 04:22:00.674","2026-05-29","2026-05-29 07:05:00",1780906922,"2026-06-08 04:23:41.641","light"
"Sarah","2026-06-08 04:22:00.674","2026-05-29","2026-05-29 07:06:00",1780906922,"2026-06-08 04:23:41.903","light"
"Sarah","2026-06-08 04:22:00.674","2026-05-29","2026-05-29 07:07:00",1780906922,"2026-06-08 04:23:42.198","light"
"Sarah","2026-06-08 04:22:00.674","2026-05-29","2026-05-29 07:08:00",1780906922,"2026-06-08 04:23:42.449","light"
"Sarah","2026-06-08 04:22:00.674","2026-05-29","2026-05-29 07:09:00",1780906922,"2026-06-08 04:23:43.187","light"
"Sarah","2026-06-08 04:22:00.674","2026-05-29","2026-05-29 07:10:00",1780906922,"2026-06-08 04:23:43.449","light"
"Sarah","2026-06-08 04:22:00.674","2026-05-29","2026-05-29 07:11:00",1780906922,"2026-06-08 04:23:43.729","light"
"Sarah","2026-06-08 04:22:00.674","2026-05-29","2026-05-29 07:12:00",1780906922,"2026-06-08 04:23:43.998","light"
"Sarah","2026-06-08 04:22:00.674","2026-05-29","2026-05-29 07:13:00",1780906922,"2026-06-08 04:23:44.316","light"
"Sarah","2026-06-08 04:22:00.674","2026-05-29","2026-05-29 07:14:00",1780906922,"2026-06-08 04:23:44.583","light"
"Sarah","2026-06-08 04:22:00.674","2026-05-29","2026-05-29 07:15:00",1780906922,"2026-06-08 04:23:44.835","light"
"Sarah","2026-06-08 04:22:00.674","2026-05-29","2026-05-29 07:16:00",1780906922,"2026-06-08 04:23:45.084","light"
"Sarah","2026-06-08 04:22:00.674","2026-05-29","2026-05-29 07:17:00",1780906922,"2026-06-08 04:23:45.384","light"
"Sarah","2026-06-08 04:22:00.674","2026-05-29","2026-05-29 07:18:00",1780906922,"2026-06-08 04:23:45.664","light"
"Sarah","2026-06-08 04:22:00.674","2026-05-29","2026-05-29 07:19:00",1780906922,"2026-06-08 04:23:45.921","light"
"Sarah","2026-06-08 04:22:00.674","2026-05-29","2026-05-29 07:20:00",1780906922,"2026-06-08 04:23:46.189","light"
"Sarah","2026-06-08 04:22:00.674","2026-05-29","2026-05-29 07:21:00",1780906922,"2026-06-08 04:23:46.448","rem"
"Sarah","2026-06-08 04:22:00.674","2026-05-29","2026-05-29 07:22:00",1780906922,"2026-06-08 04:23:46.719","rem"
"Sarah","2026-06-08 04:22:00.674","2026-05-29","2026-05-29 07:23:00",1780906922,"2026-06-08 04:23:47.029","rem"
"Sarah","2026-06-08 04:22:00.674","2026-05-29","2026-05-29 07:24:00",1780906922,"2026-06-08 04:23:47.287","rem"
"Sarah","2026-06-08 04:22:00.674","2026-05-29","2026-05-29 07:25:00",1780906922,"2026-06-08 04:23:47.542","rem"
"Sarah","2026-06-08 04:22:00.674","2026-05-29","2026-05-29 07:26:00",1780906922,"2026-06-08 04:23:47.81","rem"
"Sarah","2026-06-08 04:22:00.674","2026-05-29","2026-05-29 07:27:00",1780906922,"2026-06-08 04:23:48.067","rem"
"Sarah","2026-06-08 04:22:00.674","2026-05-29","2026-05-29 07:28:00",1780906922,"2026-06-08 04:23:48.307","rem"
"Sarah","2026-06-08 04:22:00.674","2026-05-29","2026-05-29 07:29:00",1780906922,"2026-06-08 04:23:48.574","rem"
"Sarah","2026-06-08 04:22:00.674","2026-05-29","2026-05-29 07:30:00",1780906922,"2026-06-08 04:23:48.826","rem"
"Sarah","2026-06-08 04:22:00.674","2026-05-29","2026-05-29 07:31:00",1780906922,"2026-06-08 04:23:49.086","rem"
"Sarah","2026-06-08 04:22:00.674","2026-05-29","2026-05-29 07:32:00",1780906922,"2026-06-08 04:23:49.368","rem"
"Sarah","2026-06-08 04:22:00.674","2026-05-29","2026-05-29 07:33:00",1780906922,"2026-06-08 04:23:49.646","rem"
"Sarah","2026-06-08 04:22:00.674","2026-05-29","2026-05-29 07:34:00",1780906922,"2026-06-08 04:23:49.943","rem"
"Sarah","2026-06-08 04:22:00.674","2026-05-29","2026-05-29 07:35:00",1780906922,"2026-06-08 04:23:50.197","rem"
"Sarah","2026-06-08 04:22:00.674","2026-05-29","2026-05-29 07:36:00",1780906922,"2026-06-08 04:23:50.465","rem"
"Sarah","2026-06-08 04:22:00.674","2026-05-29","2026-05-29 07:37:00",1780906922,"2026-06-08 04:23:50.806","rem"
"Sarah","2026-06-08 04:22:00.674","2026-05-29","2026-05-29 07:38:00",1780906922,"2026-06-08 04:23:51.079","rem"
"Sarah","2026-06-08 04:22:00.674","2026-05-29","2026-05-29 07:39:00",1780906922,"2026-06-08 04:23:51.332","rem"
"Sarah","2026-06-08 04:22:00.674","2026-05-29","2026-05-29 07:40:00",1780906922,"2026-06-08 04:23:51.615","rem"
"Sarah","2026-06-08 04:22:00.674","2026-05-29","2026-05-29 07:41:00",1780906922,"2026-06-08 04:23:51.887","rem"
"Sarah","2026-06-08 04:22:00.674","2026-05-29","2026-05-29 07:42:00",1780906922,"2026-06-08 04:23:52.169","rem"
"Sarah","2026-06-08 04:22:00.674","2026-05-29","2026-05-29 07:43:00",1780906922,"2026-06-08 04:23:52.565","rem"
"Sarah","2026-06-08 04:22:00.674","2026-05-29","2026-05-29 07:44:00",1780906922,"2026-06-08 04:23:52.824","rem"
"Sarah","2026-06-08 04:22:00.674","2026-05-29","2026-05-29 07:45:00",1780906922,"2026-06-08 04:23:53.088","rem"
"Sarah","2026-06-08 04:22:00.674","2026-05-29","2026-05-29 07:46:00",1780906922,"2026-06-08 04:23:53.336","rem"
"Sarah","2026-06-08 04:22:00.674","2026-05-29","2026-05-29 07:47:00",1780906922,"2026-06-08 04:23:53.575","rem"
"Sarah","2026-06-08 04:22:00.674","2026-05-29","2026-05-29 07:48:00",1780906922,"2026-06-08 04:23:53.861","rem"
"Sarah","2026-06-08 04:22:00.674","2026-05-29","2026-05-29 07:49:00",1780906922,"2026-06-08 04:23:54.129","rem"
"Sarah","2026-06-08 04:22:00.674","2026-05-29","2026-05-29 07:50:00",1780906922,"2026-06-08 04:23:54.375","rem"
"Sarah","2026-06-08 04:22:00.674","2026-05-29","2026-05-29 07:51:00",1780906922,"2026-06-08 04:23:54.637","rem"
"Sarah","2026-06-08 04:22:00.674","2026-05-29","2026-05-29 07:52:00",1780906922,"2026-06-08 04:23:54.902","rem"
"Sarah","2026-06-08 04:22:00.674","2026-05-29","2026-05-29 07:53:00",1780906922,"2026-06-08 04:23:55.195","rem"
"Sarah","2026-06-08 04:22:00.674","2026-05-29","2026-05-29 07:54:00",1780906922,"2026-06-08 04:23:55.484","rem"
"Sarah","2026-06-08 04:22:00.674","2026-05-29","2026-05-29 07:55:00",1780906922,"2026-06-08 04:23:55.743","rem"
"Sarah","2026-06-08 04:22:00.674","2026-05-29","2026-05-29 07:56:00",1780906922,"2026-06-08 04:23:56.004","rem"
"Sarah","2026-06-08 04:22:00.674","2026-05-29","2026-05-29 07:57:00",1780906922,"2026-06-08 04:23:56.278","rem"
"Sarah","2026-06-08 04:22:00.674","2026-05-29","2026-05-29 07:58:00",1780906922,"2026-06-08 04:23:56.528","rem"
"Sarah","2026-06-08 04:22:00.674","2026-05-29","2026-05-29 07:59:00",1780906922,"2026-06-08 04:23:56.785","rem"
"Sarah","2026-06-08 04:22:00.674","2026-05-29","2026-05-29 08:00:00",1780906922,"2026-06-08 04:23:57.059","rem"
"Sarah","2026-06-08 04:22:00.674","2026-05-29","2026-05-29 08:01:00",1780906922,"2026-06-08 04:23:57.31","rem"
"Sarah","2026-06-08 04:22:00.674","2026-05-29","2026-05-29 08:02:00",1780906922,"2026-06-08 04:23:57.578","light"
"Sarah","2026-06-08 04:22:00.674","2026-05-29","2026-05-29 08:03:00",1780906922,"2026-06-08 04:23:58.181","light"
"Sarah","2026-06-08 04:22:00.674","2026-05-29","2026-05-29 08:04:00",1780906922,"2026-06-08 04:23:58.471","light"
"Sarah","2026-06-08 04:29:03.066","2026-05-30","2026-05-30 01:49:00",1780907343,"2026-06-08 04:29:04.27","wake"
"Sarah","2026-06-08 04:29:03.066","2026-05-30","2026-05-30 01:50:00",1780907343,"2026-06-08 04:29:04.755","wake"
"Sarah","2026-06-08 04:29:03.066","2026-05-30","2026-05-30 01:51:00",1780907343,"2026-06-08 04:29:04.923","light"
"Sarah","2026-06-08 04:29:03.066","2026-05-30","2026-05-30 01:52:00",1780907343,"2026-06-08 04:29:05.623","light"
"Sarah","2026-06-08 04:29:03.066","2026-05-30","2026-05-30 01:53:00",1780907343,"2026-06-08 04:29:05.985","light"
"Sarah","2026-06-08 04:29:03.066","2026-05-30","2026-05-30 01:54:00",1780907343,"2026-06-08 04:29:06.551","light"
"Sarah","2026-06-08 04:29:03.066","2026-05-30","2026-05-30 01:55:00",1780907343,"2026-06-08 04:29:06.966","light"
"Sarah","2026-06-08 04:29:03.066","2026-05-30","2026-05-30 01:56:00",1780907343,"2026-06-08 04:29:07.162","light"
"Sarah","2026-06-08 04:29:03.066","2026-05-30","2026-05-30 01:57:00",1780907343,"2026-06-08 04:29:07.368","light"
"Sarah","2026-06-08 04:29:03.066","2026-05-30","2026-05-30 01:58:00",1780907343,"2026-06-08 04:29:07.552","light"
"Sarah","2026-06-08 04:29:03.066","2026-05-30","2026-05-30 01:59:00",1780907343,"2026-06-08 04:29:07.735","light"
"Sarah","2026-06-08 04:29:03.066","2026-05-30","2026-05-30 02:00:00",1780907343,"2026-06-08 04:29:07.951","light"
"Sarah","2026-06-08 04:29:03.066","2026-05-30","2026-05-30 02:01:00",1780907343,"2026-06-08 04:29:08.208","light"
"Sarah","2026-06-08 04:29:03.066","2026-05-30","2026-05-30 02:02:00",1780907343,"2026-06-08 04:29:08.415","deep"
"Sarah","2026-06-08 04:29:03.066","2026-05-30","2026-05-30 02:03:00",1780907343,"2026-06-08 04:29:08.591","deep"
"Sarah","2026-06-08 04:29:03.066","2026-05-30","2026-05-30 02:04:00",1780907343,"2026-06-08 04:29:09.532","deep"
"Sarah","2026-06-08 04:29:03.066","2026-05-30","2026-05-30 02:05:00",1780907343,"2026-06-08 04:29:09.725","deep"
"Sarah","2026-06-08 04:29:03.066","2026-05-30","2026-05-30 02:06:00",1780907343,"2026-06-08 04:29:09.946","deep"
"Sarah","2026-06-08 04:29:03.066","2026-05-30","2026-05-30 02:07:00",1780907343,"2026-06-08 04:29:10.13","deep"
"Sarah","2026-06-08 04:29:03.066","2026-05-30","2026-05-30 02:08:00",1780907343,"2026-06-08 04:29:10.352","deep"
"Sarah","2026-06-08 04:29:03.066","2026-05-30","2026-05-30 02:09:00",1780907343,"2026-06-08 04:29:10.95","deep"
"Sarah","2026-06-08 04:29:03.066","2026-05-30","2026-05-30 02:10:00",1780907343,"2026-06-08 04:29:11.153","deep"
"Sarah","2026-06-08 04:29:03.066","2026-05-30","2026-05-30 02:11:00",1780907343,"2026-06-08 04:29:12.427","deep"
"Sarah","2026-06-08 04:29:03.066","2026-05-30","2026-05-30 02:12:00",1780907343,"2026-06-08 04:29:13.263","deep"
"Sarah","2026-06-08 04:29:03.066","2026-05-30","2026-05-30 02:13:00",1780907343,"2026-06-08 04:29:14.381","deep"
"Sarah","2026-06-08 04:29:03.066","2026-05-30","2026-05-30 02:14:00",1780907343,"2026-06-08 04:29:14.595","deep"
"Sarah","2026-06-08 04:29:03.066","2026-05-30","2026-05-30 02:15:00",1780907343,"2026-06-08 04:29:14.802","deep"
"Sarah","2026-06-08 04:29:03.066","2026-05-30","2026-05-30 02:16:00",1780907343,"2026-06-08 04:29:14.968","deep"
"Sarah","2026-06-08 04:29:03.066","2026-05-30","2026-05-30 02:17:00",1780907343,"2026-06-08 04:29:15.719","deep"
"Sarah","2026-06-08 04:29:03.066","2026-05-30","2026-05-30 02:18:00",1780907343,"2026-06-08 04:29:15.913","deep"
"Sarah","2026-06-08 04:29:03.066","2026-05-30","2026-05-30 02:19:00",1780907343,"2026-06-08 04:29:16.106","deep"
"Sarah","2026-06-08 04:29:03.066","2026-05-30","2026-05-30 02:20:00",1780907343,"2026-06-08 04:29:16.305","deep"
"Sarah","2026-06-08 04:29:03.066","2026-05-30","2026-05-30 02:21:00",1780907343,"2026-06-08 04:29:16.528","deep"
"Sarah","2026-06-08 04:29:03.066","2026-05-30","2026-05-30 02:22:00",1780907343,"2026-06-08 04:29:16.736","deep"
"Sarah","2026-06-08 04:29:03.066","2026-05-30","2026-05-30 02:23:00",1780907343,"2026-06-08 04:29:17.034","deep"
"Sarah","2026-06-08 04:29:03.066","2026-05-30","2026-05-30 02:24:00",1780907343,"2026-06-08 04:29:17.244","deep"
"Sarah","2026-06-08 04:29:03.066","2026-05-30","2026-05-30 02:25:00",1780907343,"2026-06-08 04:29:17.43","deep"
"Sarah","2026-06-08 04:29:03.066","2026-05-30","2026-05-30 02:26:00",1780907343,"2026-06-08 04:29:17.617","deep"
"Sarah","2026-06-08 04:29:03.066","2026-05-30","2026-05-30 02:27:00",1780907343,"2026-06-08 04:29:17.82","deep"
"Sarah","2026-06-08 04:29:03.066","2026-05-30","2026-05-30 02:28:00",1780907343,"2026-06-08 04:29:18.057","deep"
"Sarah","2026-06-08 04:29:03.066","2026-05-30","2026-05-30 02:29:00",1780907343,"2026-06-08 04:29:18.28","deep"
"Sarah","2026-06-08 04:29:03.066","2026-05-30","2026-05-30 02:30:00",1780907343,"2026-06-08 04:29:18.5","deep"
"Sarah","2026-06-08 04:29:03.066","2026-05-30","2026-05-30 02:31:00",1780907343,"2026-06-08 04:29:19.211","deep"
"Sarah","2026-06-08 04:29:03.066","2026-05-30","2026-05-30 02:32:00",1780907343,"2026-06-08 04:29:19.412","deep"
"Sarah","2026-06-08 04:29:03.066","2026-05-30","2026-05-30 02:33:00",1780907343,"2026-06-08 04:29:19.592","deep"
"Sarah","2026-06-08 04:29:03.066","2026-05-30","2026-05-30 02:34:00",1780907343,"2026-06-08 04:29:19.801","deep"
"Sarah","2026-06-08 04:29:03.066","2026-05-30","2026-05-30 02:35:00",1780907343,"2026-06-08 04:29:19.982","deep"
"Sarah","2026-06-08 04:29:03.066","2026-05-30","2026-05-30 02:36:00",1780907343,"2026-06-08 04:29:20.184","deep"
"Sarah","2026-06-08 04:29:03.066","2026-05-30","2026-05-30 02:37:00",1780907343,"2026-06-08 04:29:20.404","deep"
"Sarah","2026-06-08 04:29:03.066","2026-05-30","2026-05-30 02:38:00",1780907343,"2026-06-08 04:29:20.616","deep"
"Sarah","2026-06-08 04:29:03.066","2026-05-30","2026-05-30 02:39:00",1780907343,"2026-06-08 04:29:20.808","light"
"Sarah","2026-06-08 04:29:03.066","2026-05-30","2026-05-30 02:40:00",1780907343,"2026-06-08 04:29:21.019","light"
"Sarah","2026-06-08 04:29:03.066","2026-05-30","2026-05-30 02:41:00",1780907343,"2026-06-08 04:29:21.466","light"
"Sarah","2026-06-08 04:29:03.066","2026-05-30","2026-05-30 02:42:00",1780907343,"2026-06-08 04:29:21.646","light"
"Sarah","2026-06-08 04:29:03.066","2026-05-30","2026-05-30 02:43:00",1780907343,"2026-06-08 04:29:21.83","light"
"Sarah","2026-06-08 04:29:03.066","2026-05-30","2026-05-30 02:44:00",1780907343,"2026-06-08 04:29:22.024","light"
"Sarah","2026-06-08 04:29:03.066","2026-05-30","2026-05-30 02:45:00",1780907343,"2026-06-08 04:29:22.198","rem"
"Sarah","2026-06-08 04:29:03.066","2026-05-30","2026-05-30 02:46:00",1780907343,"2026-06-08 04:29:22.38","rem"
"Sarah","2026-06-08 04:29:03.066","2026-05-30","2026-05-30 02:47:00",1780907343,"2026-06-08 04:29:22.581","rem"
"Sarah","2026-06-08 04:29:03.066","2026-05-30","2026-05-30 02:48:00",1780907343,"2026-06-08 04:29:22.774","rem"
"Sarah","2026-06-08 04:29:03.066","2026-05-30","2026-05-30 02:49:00",1780907343,"2026-06-08 04:29:22.966","rem"
"Sarah","2026-06-08 04:29:03.066","2026-05-30","2026-05-30 02:50:00",1780907343,"2026-06-08 04:29:23.15","rem"
"Sarah","2026-06-08 04:29:03.066","2026-05-30","2026-05-30 02:51:00",1780907343,"2026-06-08 04:29:23.312","rem"
"Sarah","2026-06-08 04:29:03.066","2026-05-30","2026-05-30 02:52:00",1780907343,"2026-06-08 04:29:23.496","rem"
"Sarah","2026-06-08 04:29:03.066","2026-05-30","2026-05-30 02:53:00",1780907343,"2026-06-08 04:29:23.692","rem"
"Sarah","2026-06-08 04:29:03.066","2026-05-30","2026-05-30 02:54:00",1780907343,"2026-06-08 04:29:23.885","rem"
"Sarah","2026-06-08 04:29:03.066","2026-05-30","2026-05-30 02:55:00",1780907343,"2026-06-08 04:29:24.064","rem"
"Sarah","2026-06-08 04:29:03.066","2026-05-30","2026-05-30 02:56:00",1780907343,"2026-06-08 04:29:24.299","rem"
"Sarah","2026-06-08 04:29:03.066","2026-05-30","2026-05-30 02:57:00",1780907343,"2026-06-08 04:29:24.461","rem"
"Sarah","2026-06-08 04:29:03.066","2026-05-30","2026-05-30 02:58:00",1780907343,"2026-06-08 04:29:24.71","rem"
"Sarah","2026-06-08 04:29:03.066","2026-05-30","2026-05-30 02:59:00",1780907343,"2026-06-08 04:29:24.879","rem"
"Sarah","2026-06-08 04:29:03.066","2026-05-30","2026-05-30 03:00:00",1780907343,"2026-06-08 04:29:25.103","rem"
"Sarah","2026-06-08 04:29:03.066","2026-05-30","2026-05-30 03:01:00",1780907343,"2026-06-08 04:29:25.297","rem"
"Sarah","2026-06-08 04:29:03.066","2026-05-30","2026-05-30 03:02:00",1780907343,"2026-06-08 04:29:25.496","rem"
"Sarah","2026-06-08 04:29:03.066","2026-05-30","2026-05-30 03:03:00",1780907343,"2026-06-08 04:29:25.698","rem"
"Sarah","2026-06-08 04:29:03.066","2026-05-30","2026-05-30 03:04:00",1780907343,"2026-06-08 04:29:25.877","rem"
"Sarah","2026-06-08 04:29:03.066","2026-05-30","2026-05-30 03:05:00",1780907343,"2026-06-08 04:29:26.049","light"
"Sarah","2026-06-08 04:29:03.066","2026-05-30","2026-05-30 03:06:00",1780907343,"2026-06-08 04:29:26.233","light"
"Sarah","2026-06-08 04:29:03.066","2026-05-30","2026-05-30 03:07:00",1780907343,"2026-06-08 04:29:26.407","light"
"Sarah","2026-06-08 04:29:03.066","2026-05-30","2026-05-30 03:08:00",1780907343,"2026-06-08 04:29:26.58","light"
"Sarah","2026-06-08 04:29:03.066","2026-05-30","2026-05-30 03:09:00",1780907343,"2026-06-08 04:29:26.783","light"
"Sarah","2026-06-08 04:29:03.066","2026-05-30","2026-05-30 03:10:00",1780907343,"2026-06-08 04:29:27.01","light"
"Sarah","2026-06-08 04:29:03.066","2026-05-30","2026-05-30 03:11:00",1780907343,"2026-06-08 04:29:27.184","light"
"Sarah","2026-06-08 04:29:03.066","2026-05-30","2026-05-30 03:12:00",1780907343,"2026-06-08 04:29:27.375","light"
"Sarah","2026-06-08 04:29:03.066","2026-05-30","2026-05-30 03:13:00",1780907343,"2026-06-08 04:29:27.566","light"
"Sarah","2026-06-08 04:29:03.066","2026-05-30","2026-05-30 03:14:00",1780907343,"2026-06-08 04:29:27.866","light"
"Sarah","2026-06-08 04:29:03.066","2026-05-30","2026-05-30 03:15:00",1780907343,"2026-06-08 04:29:28.04","light"
"Sarah","2026-06-08 04:29:03.066","2026-05-30","2026-05-30 03:16:00",1780907343,"2026-06-08 04:29:28.253","light"
"Sarah","2026-06-08 04:29:03.066","2026-05-30","2026-05-30 03:17:00",1780907343,"2026-06-08 04:29:28.575","light"
"Sarah","2026-06-08 04:29:03.066","2026-05-30","2026-05-30 03:18:00",1780907343,"2026-06-08 04:29:28.766","light"
"Sarah","2026-06-08 04:29:03.066","2026-05-30","2026-05-30 03:19:00",1780907343,"2026-06-08 04:29:28.946","deep"
"Sarah","2026-06-08 04:29:03.066","2026-05-30","2026-05-30 03:20:00",1780907343,"2026-06-08 04:29:29.148","deep"
"Sarah","2026-06-08 04:29:03.066","2026-05-30","2026-05-30 03:21:00",1780907343,"2026-06-08 04:29:29.319","deep"
"Sarah","2026-06-08 04:29:03.066","2026-05-30","2026-05-30 03:22:00",1780907343,"2026-06-08 04:29:29.499","deep"
"Sarah","2026-06-08 04:29:03.066","2026-05-30","2026-05-30 03:23:00",1780907343,"2026-06-08 04:29:29.691","deep"
"Sarah","2026-06-08 04:29:03.066","2026-05-30","2026-05-30 03:24:00",1780907343,"2026-06-08 04:29:29.868","deep"
"Sarah","2026-06-08 04:29:03.066","2026-05-30","2026-05-30 03:25:00",1780907343,"2026-06-08 04:29:30.066","deep"
"Sarah","2026-06-08 04:29:03.066","2026-05-30","2026-05-30 03:26:00",1780907343,"2026-06-08 04:29:30.66","deep"
"Sarah","2026-06-08 04:29:03.066","2026-05-30","2026-05-30 03:27:00",1780907343,"2026-06-08 04:29:30.846","deep"
"Sarah","2026-06-08 04:29:03.066","2026-05-30","2026-05-30 03:28:00",1780907343,"2026-06-08 04:29:31.031","deep"
"Sarah","2026-06-08 04:29:03.066","2026-05-30","2026-05-30 03:29:00",1780907343,"2026-06-08 04:29:31.265","deep"
"Sarah","2026-06-08 04:29:03.066","2026-05-30","2026-05-30 03:30:00",1780907343,"2026-06-08 04:29:31.461","deep"
"Sarah","2026-06-08 04:29:03.066","2026-05-30","2026-05-30 03:31:00",1780907343,"2026-06-08 04:29:31.669","deep"
"Sarah","2026-06-08 04:29:03.066","2026-05-30","2026-05-30 03:32:00",1780907343,"2026-06-08 04:29:31.842","deep"
"Sarah","2026-06-08 04:29:03.066","2026-05-30","2026-05-30 03:33:00",1780907343,"2026-06-08 04:29:32.041","deep"
"Sarah","2026-06-08 04:29:03.066","2026-05-30","2026-05-30 03:34:00",1780907343,"2026-06-08 04:29:32.21","deep"
"Sarah","2026-06-08 04:29:03.066","2026-05-30","2026-05-30 03:35:00",1780907343,"2026-06-08 04:29:32.543","deep"
"Sarah","2026-06-08 04:29:03.066","2026-05-30","2026-05-30 03:36:00",1780907343,"2026-06-08 04:29:32.727","deep"
"Sarah","2026-06-08 04:29:03.066","2026-05-30","2026-05-30 03:37:00",1780907343,"2026-06-08 04:29:32.923","deep"
"Sarah","2026-06-08 04:29:03.066","2026-05-30","2026-05-30 03:38:00",1780907343,"2026-06-08 04:29:33.101","deep"
"Sarah","2026-06-08 04:29:03.066","2026-05-30","2026-05-30 03:39:00",1780907343,"2026-06-08 04:29:33.277","deep"
"Sarah","2026-06-08 04:29:03.066","2026-05-30","2026-05-30 03:40:00",1780907343,"2026-06-08 04:29:33.469","deep"
"Sarah","2026-06-08 04:29:03.066","2026-05-30","2026-05-30 03:41:00",1780907343,"2026-06-08 04:29:33.687","deep"
"Sarah","2026-06-08 04:29:03.066","2026-05-30","2026-05-30 03:42:00",1780907343,"2026-06-08 04:29:34.217","deep"
"Sarah","2026-06-08 04:29:03.066","2026-05-30","2026-05-30 03:43:00",1780907343,"2026-06-08 04:29:34.388","deep"
"Sarah","2026-06-08 04:29:03.066","2026-05-30","2026-05-30 03:44:00",1780907343,"2026-06-08 04:29:34.595","deep"
"Sarah","2026-06-08 04:29:03.066","2026-05-30","2026-05-30 03:45:00",1780907343,"2026-06-08 04:29:34.79","deep"
"Sarah","2026-06-08 04:29:03.066","2026-05-30","2026-05-30 03:46:00",1780907343,"2026-06-08 04:29:35.922","deep"
"Sarah","2026-06-08 04:29:03.066","2026-05-30","2026-05-30 03:47:00",1780907343,"2026-06-08 04:29:36.11","deep"
"Sarah","2026-06-08 04:29:03.066","2026-05-30","2026-05-30 03:48:00",1780907343,"2026-06-08 04:29:36.283","deep"
"Sarah","2026-06-08 04:29:03.066","2026-05-30","2026-05-30 03:49:00",1780907343,"2026-06-08 04:29:36.46","deep"
"Sarah","2026-06-08 04:29:03.066","2026-05-30","2026-05-30 03:50:00",1780907343,"2026-06-08 04:29:36.656","deep"
"Sarah","2026-06-08 04:29:03.066","2026-05-30","2026-05-30 03:51:00",1780907343,"2026-06-08 04:29:36.86","deep"
"Sarah","2026-06-08 04:29:03.066","2026-05-30","2026-05-30 03:52:00",1780907343,"2026-06-08 04:29:37.056","light"
"Sarah","2026-06-08 04:29:03.066","2026-05-30","2026-05-30 03:53:00",1780907343,"2026-06-08 04:29:37.259","light"
"Sarah","2026-06-08 04:29:03.066","2026-05-30","2026-05-30 03:54:00",1780907343,"2026-06-08 04:29:38.462","light"
"Sarah","2026-06-08 04:29:03.066","2026-05-30","2026-05-30 03:55:00",1780907343,"2026-06-08 04:29:39.038","light"
"Sarah","2026-06-08 04:29:03.066","2026-05-30","2026-05-30 03:56:00",1780907343,"2026-06-08 04:29:39.606","light"
"Sarah","2026-06-08 04:29:03.066","2026-05-30","2026-05-30 03:57:00",1780907343,"2026-06-08 04:29:39.809","light"
"Sarah","2026-06-08 04:29:03.066","2026-05-30","2026-05-30 03:58:00",1780907343,"2026-06-08 04:29:39.999","light"
"Sarah","2026-06-08 04:29:03.066","2026-05-30","2026-05-30 03:59:00",1780907343,"2026-06-08 04:29:40.166","light"
"Sarah","2026-06-08 04:29:03.066","2026-05-30","2026-05-30 04:00:00",1780907343,"2026-06-08 04:29:40.402","light"
"Sarah","2026-06-08 04:29:03.066","2026-05-30","2026-05-30 04:01:00",1780907343,"2026-06-08 04:29:40.56","light"
"Sarah","2026-06-08 04:29:03.066","2026-05-30","2026-05-30 04:02:00",1780907343,"2026-06-08 04:29:40.983","light"
"Sarah","2026-06-08 04:29:03.066","2026-05-30","2026-05-30 04:03:00",1780907343,"2026-06-08 04:29:41.212","light"
"Sarah","2026-06-08 04:29:03.066","2026-05-30","2026-05-30 04:04:00",1780907343,"2026-06-08 04:29:42.032","light"
"Sarah","2026-06-08 04:29:03.066","2026-05-30","2026-05-30 04:05:00",1780907343,"2026-06-08 04:29:43.341","light"
"Sarah","2026-06-08 04:29:03.066","2026-05-30","2026-05-30 04:06:00",1780907343,"2026-06-08 04:29:43.545","light"
"Sarah","2026-06-08 04:29:03.066","2026-05-30","2026-05-30 04:07:00",1780907343,"2026-06-08 04:29:43.732","light"
"Sarah","2026-06-08 04:29:03.066","2026-05-30","2026-05-30 04:08:00",1780907343,"2026-06-08 04:29:43.92","light"
"Sarah","2026-06-08 04:29:03.066","2026-05-30","2026-05-30 04:09:00",1780907343,"2026-06-08 04:29:44.107","light"
"Sarah","2026-06-08 04:29:03.066","2026-05-30","2026-05-30 04:10:00",1780907343,"2026-06-08 04:29:44.318","light"
"Sarah","2026-06-08 04:29:03.066","2026-05-30","2026-05-30 04:11:00",1780907343,"2026-06-08 04:29:44.547","light"
"Sarah","2026-06-08 04:29:03.066","2026-05-30","2026-05-30 04:12:00",1780907343,"2026-06-08 04:29:44.733","light"
"Sarah","2026-06-08 04:29:03.066","2026-05-30","2026-05-30 04:13:00",1780907343,"2026-06-08 04:29:44.962","light"
"Sarah","2026-06-08 04:29:03.066","2026-05-30","2026-05-30 04:14:00",1780907343,"2026-06-08 04:29:45.147","light"
"Sarah","2026-06-08 04:29:03.066","2026-05-30","2026-05-30 04:15:00",1780907343,"2026-06-08 04:29:45.358","light"
"Sarah","2026-06-08 04:29:03.066","2026-05-30","2026-05-30 04:16:00",1780907343,"2026-06-08 04:29:45.579","light"
"Sarah","2026-06-08 04:29:03.066","2026-05-30","2026-05-30 04:17:00",1780907343,"2026-06-08 04:29:45.771","light"
"Sarah","2026-06-08 04:29:03.066","2026-05-30","2026-05-30 04:18:00",1780907343,"2026-06-08 04:29:45.992","light"
"Sarah","2026-06-08 04:29:03.066","2026-05-30","2026-05-30 04:19:00",1780907343,"2026-06-08 04:29:46.198","light"
"Sarah","2026-06-08 04:29:03.066","2026-05-30","2026-05-30 04:20:00",1780907343,"2026-06-08 04:29:46.413","light"
"Sarah","2026-06-08 04:29:03.066","2026-05-30","2026-05-30 04:21:00",1780907343,"2026-06-08 04:29:47.054","light"
"Sarah","2026-06-08 04:29:03.066","2026-05-30","2026-05-30 04:22:00",1780907343,"2026-06-08 04:29:47.274","light"
"Sarah","2026-06-08 04:29:03.066","2026-05-30","2026-05-30 04:23:00",1780907343,"2026-06-08 04:29:47.478","deep"
"Sarah","2026-06-08 04:29:03.066","2026-05-30","2026-05-30 04:24:00",1780907343,"2026-06-08 04:29:48.108","deep"
"Sarah","2026-06-08 04:29:03.066","2026-05-30","2026-05-30 04:25:00",1780907343,"2026-06-08 04:29:48.309","deep"
"Sarah","2026-06-08 04:29:03.066","2026-05-30","2026-05-30 04:26:00",1780907343,"2026-06-08 04:29:48.528","deep"
"Sarah","2026-06-08 04:29:03.066","2026-05-30","2026-05-30 04:27:00",1780907343,"2026-06-08 04:29:48.711","deep"
"Sarah","2026-06-08 04:29:03.066","2026-05-30","2026-05-30 04:28:00",1780907343,"2026-06-08 04:29:49.938","deep"
"Sarah","2026-06-08 04:29:03.066","2026-05-30","2026-05-30 04:29:00",1780907343,"2026-06-08 04:29:50.22","deep"
"Sarah","2026-06-08 04:29:03.066","2026-05-30","2026-05-30 04:30:00",1780907343,"2026-06-08 04:29:50.398","deep"
"Sarah","2026-06-08 04:29:03.066","2026-05-30","2026-05-30 04:31:00",1780907343,"2026-06-08 04:29:50.573","light"
"Sarah","2026-06-08 04:29:03.066","2026-05-30","2026-05-30 04:32:00",1780907343,"2026-06-08 04:29:50.826","light"
"Sarah","2026-06-08 04:29:03.066","2026-05-30","2026-05-30 04:33:00",1780907343,"2026-06-08 04:29:50.998","light"
"Sarah","2026-06-08 04:29:03.066","2026-05-30","2026-05-30 04:34:00",1780907343,"2026-06-08 04:29:51.192","light"
"Sarah","2026-06-08 04:29:03.066","2026-05-30","2026-05-30 04:35:00",1780907343,"2026-06-08 04:29:51.365","rem"
"Sarah","2026-06-08 04:29:03.066","2026-05-30","2026-05-30 04:36:00",1780907343,"2026-06-08 04:29:51.549","rem"
"Sarah","2026-06-08 04:29:03.066","2026-05-30","2026-05-30 04:37:00",1780907343,"2026-06-08 04:29:51.757","rem"
"Sarah","2026-06-08 04:29:03.066","2026-05-30","2026-05-30 04:38:00",1780907343,"2026-06-08 04:29:51.942","rem"
"Sarah","2026-06-08 04:29:03.066","2026-05-30","2026-05-30 04:39:00",1780907343,"2026-06-08 04:29:52.118","rem"
"Sarah","2026-06-08 04:29:03.066","2026-05-30","2026-05-30 04:40:00",1780907343,"2026-06-08 04:29:52.531","rem"
"Sarah","2026-06-08 04:29:03.066","2026-05-30","2026-05-30 04:41:00",1780907343,"2026-06-08 04:29:52.697","rem"
"Sarah","2026-06-08 04:29:03.066","2026-05-30","2026-05-30 04:42:00",1780907343,"2026-06-08 04:29:52.902","rem"
"Sarah","2026-06-08 04:29:03.066","2026-05-30","2026-05-30 04:43:00",1780907343,"2026-06-08 04:29:53.081","rem"
"Sarah","2026-06-08 04:29:03.066","2026-05-30","2026-05-30 04:44:00",1780907343,"2026-06-08 04:29:53.26","rem"
"Sarah","2026-06-08 04:29:03.066","2026-05-30","2026-05-30 04:45:00",1780907343,"2026-06-08 04:29:53.439","rem"
"Sarah","2026-06-08 04:29:03.066","2026-05-30","2026-05-30 04:46:00",1780907343,"2026-06-08 04:29:53.762","rem"
"Sarah","2026-06-08 04:29:03.066","2026-05-30","2026-05-30 04:47:00",1780907343,"2026-06-08 04:29:54.13","rem"
"Sarah","2026-06-08 04:29:03.066","2026-05-30","2026-05-30 04:48:00",1780907343,"2026-06-08 04:29:54.352","rem"
"Sarah","2026-06-08 04:29:03.066","2026-05-30","2026-05-30 04:49:00",1780907343,"2026-06-08 04:29:54.584","rem"
"Sarah","2026-06-08 04:29:03.066","2026-05-30","2026-05-30 04:50:00",1780907343,"2026-06-08 04:29:54.769","rem"
"Sarah","2026-06-08 04:29:03.066","2026-05-30","2026-05-30 04:51:00",1780907343,"2026-06-08 04:29:54.932","rem"
"Sarah","2026-06-08 04:29:03.066","2026-05-30","2026-05-30 04:52:00",1780907343,"2026-06-08 04:29:55.108","rem"
"Sarah","2026-06-08 04:29:03.066","2026-05-30","2026-05-30 04:53:00",1780907343,"2026-06-08 04:29:55.294","rem"
"Sarah","2026-06-08 04:29:03.066","2026-05-30","2026-05-30 04:54:00",1780907343,"2026-06-08 04:29:55.533","rem"
"Sarah","2026-06-08 04:29:03.066","2026-05-30","2026-05-30 04:55:00",1780907343,"2026-06-08 04:29:55.71","rem"
"Sarah","2026-06-08 04:29:03.066","2026-05-30","2026-05-30 04:56:00",1780907343,"2026-06-08 04:29:55.909","rem"
"Sarah","2026-06-08 04:29:03.066","2026-05-30","2026-05-30 04:57:00",1780907343,"2026-06-08 04:29:56.741","rem"
"Sarah","2026-06-08 04:29:03.066","2026-05-30","2026-05-30 04:58:00",1780907343,"2026-06-08 04:29:56.916","rem"
"Sarah","2026-06-08 04:29:03.066","2026-05-30","2026-05-30 04:59:00",1780907343,"2026-06-08 04:29:57.095","rem"
"Sarah","2026-06-08 04:29:03.066","2026-05-30","2026-05-30 05:00:00",1780907343,"2026-06-08 04:29:57.265","rem"
"Sarah","2026-06-08 04:29:03.066","2026-05-30","2026-05-30 05:01:00",1780907343,"2026-06-08 04:29:57.467","rem"
"Sarah","2026-06-08 04:29:03.066","2026-05-30","2026-05-30 05:02:00",1780907343,"2026-06-08 04:29:57.709","rem"
"Sarah","2026-06-08 04:29:03.066","2026-05-30","2026-05-30 05:03:00",1780907343,"2026-06-08 04:29:58.188","rem"
"Sarah","2026-06-08 04:29:03.066","2026-05-30","2026-05-30 05:04:00",1780907343,"2026-06-08 04:29:58.407","rem"
"Sarah","2026-06-08 04:29:03.066","2026-05-30","2026-05-30 05:05:00",1780907343,"2026-06-08 04:29:58.795","rem"
"Sarah","2026-06-08 04:29:03.066","2026-05-30","2026-05-30 05:06:00",1780907343,"2026-06-08 04:29:58.991","rem"
"Sarah","2026-06-08 04:29:03.066","2026-05-30","2026-05-30 05:07:00",1780907343,"2026-06-08 04:29:59.19","rem"
"Sarah","2026-06-08 04:29:03.066","2026-05-30","2026-05-30 05:08:00",1780907343,"2026-06-08 04:29:59.389","rem"
"Sarah","2026-06-08 04:29:03.066","2026-05-30","2026-05-30 05:09:00",1780907343,"2026-06-08 04:29:59.598","rem"
"Sarah","2026-06-08 04:29:03.066","2026-05-30","2026-05-30 05:10:00",1780907343,"2026-06-08 04:29:59.79","rem"
"Sarah","2026-06-08 04:29:03.066","2026-05-30","2026-05-30 05:11:00",1780907343,"2026-06-08 04:29:59.976","rem"
"Sarah","2026-06-08 04:29:03.066","2026-05-30","2026-05-30 05:12:00",1780907343,"2026-06-08 04:30:00.158","rem"
"Sarah","2026-06-08 04:29:03.066","2026-05-30","2026-05-30 05:13:00",1780907343,"2026-06-08 04:30:00.425","rem"
"Sarah","2026-06-08 04:29:03.066","2026-05-30","2026-05-30 05:14:00",1780907343,"2026-06-08 04:30:00.639","rem"
"Sarah","2026-06-08 04:29:03.066","2026-05-30","2026-05-30 05:15:00",1780907343,"2026-06-08 04:30:00.919","light"
"Sarah","2026-06-08 04:29:03.066","2026-05-30","2026-05-30 05:16:00",1780907343,"2026-06-08 04:30:01.134","light"
"Sarah","2026-06-08 04:29:03.066","2026-05-30","2026-05-30 05:17:00",1780907343,"2026-06-08 04:30:02.327","light"
"Sarah","2026-06-08 04:29:03.066","2026-05-30","2026-05-30 05:18:00",1780907343,"2026-06-08 04:30:02.528","light"
"Sarah","2026-06-08 04:29:03.066","2026-05-30","2026-05-30 05:19:00",1780907343,"2026-06-08 04:30:02.713","light"
"Sarah","2026-06-08 04:29:03.066","2026-05-30","2026-05-30 05:20:00",1780907343,"2026-06-08 04:30:02.892","light"
"Sarah","2026-06-08 04:29:03.066","2026-05-30","2026-05-30 05:21:00",1780907343,"2026-06-08 04:30:03.087","light"
"Sarah","2026-06-08 04:29:03.066","2026-05-30","2026-05-30 05:22:00",1780907343,"2026-06-08 04:30:03.264","light"
"Sarah","2026-06-08 04:29:03.066","2026-05-30","2026-05-30 05:23:00",1780907343,"2026-06-08 04:30:03.449","light"
"Sarah","2026-06-08 04:29:03.066","2026-05-30","2026-05-30 05:24:00",1780907343,"2026-06-08 04:30:03.645","light"
"Sarah","2026-06-08 04:29:03.066","2026-05-30","2026-05-30 05:25:00",1780907343,"2026-06-08 04:30:03.842","light"
"Sarah","2026-06-08 04:29:03.066","2026-05-30","2026-05-30 05:26:00",1780907343,"2026-06-08 04:30:04.022","light"
"Sarah","2026-06-08 04:29:03.066","2026-05-30","2026-05-30 05:27:00",1780907343,"2026-06-08 04:30:04.204","light"
"Sarah","2026-06-08 04:29:03.066","2026-05-30","2026-05-30 05:28:00",1780907343,"2026-06-08 04:30:04.395","light"
"Sarah","2026-06-08 04:29:03.066","2026-05-30","2026-05-30 05:29:00",1780907343,"2026-06-08 04:30:04.592","light"
"Sarah","2026-06-08 04:29:03.066","2026-05-30","2026-05-30 05:30:00",1780907343,"2026-06-08 04:30:04.777","light"
"Sarah","2026-06-08 04:29:03.066","2026-05-30","2026-05-30 05:31:00",1780907343,"2026-06-08 04:30:05.883","light"
"Sarah","2026-06-08 04:29:03.066","2026-05-30","2026-05-30 05:32:00",1780907343,"2026-06-08 04:30:06.065","light"
"Sarah","2026-06-08 04:29:03.066","2026-05-30","2026-05-30 05:33:00",1780907343,"2026-06-08 04:30:06.271","light"
"Sarah","2026-06-08 04:29:03.066","2026-05-30","2026-05-30 05:34:00",1780907343,"2026-06-08 04:30:06.473","light"
"Sarah","2026-06-08 04:29:03.066","2026-05-30","2026-05-30 05:35:00",1780907343,"2026-06-08 04:30:06.674","light"
"Sarah","2026-06-08 04:29:03.066","2026-05-30","2026-05-30 05:36:00",1780907343,"2026-06-08 04:30:06.853","light"
"Sarah","2026-06-08 04:29:03.066","2026-05-30","2026-05-30 05:37:00",1780907343,"2026-06-08 04:30:07.047","light"
"Sarah","2026-06-08 04:29:03.066","2026-05-30","2026-05-30 05:38:00",1780907343,"2026-06-08 04:30:07.252","light"
"Sarah","2026-06-08 04:29:03.066","2026-05-30","2026-05-30 05:39:00",1780907343,"2026-06-08 04:30:07.431","light"
"Sarah","2026-06-08 04:29:03.066","2026-05-30","2026-05-30 05:40:00",1780907343,"2026-06-08 04:30:07.611","light"
"Sarah","2026-06-08 04:29:03.066","2026-05-30","2026-05-30 05:41:00",1780907343,"2026-06-08 04:30:07.807","light"
"Sarah","2026-06-08 04:29:03.066","2026-05-30","2026-05-30 05:42:00",1780907343,"2026-06-08 04:30:07.977","light"
"Sarah","2026-06-08 04:29:03.066","2026-05-30","2026-05-30 05:43:00",1780907343,"2026-06-08 04:30:08.505","light"
"Sarah","2026-06-08 04:29:03.066","2026-05-30","2026-05-30 05:44:00",1780907343,"2026-06-08 04:30:08.677","light"
"Sarah","2026-06-08 04:29:03.066","2026-05-30","2026-05-30 05:45:00",1780907343,"2026-06-08 04:30:08.888","light"
"Sarah","2026-06-08 04:29:03.066","2026-05-30","2026-05-30 05:46:00",1780907343,"2026-06-08 04:30:09.058","light"
"Sarah","2026-06-08 04:29:03.066","2026-05-30","2026-05-30 05:47:00",1780907343,"2026-06-08 04:30:09.229","light"
"Sarah","2026-06-08 04:29:03.066","2026-05-30","2026-05-30 05:48:00",1780907343,"2026-06-08 04:30:09.89","light"
"Sarah","2026-06-08 04:29:03.066","2026-05-30","2026-05-30 05:49:00",1780907343,"2026-06-08 04:30:10.05","light"
"Sarah","2026-06-08 04:29:03.066","2026-05-30","2026-05-30 05:50:00",1780907343,"2026-06-08 04:30:10.232","light"
"Sarah","2026-06-08 04:29:03.066","2026-05-30","2026-05-30 05:51:00",1780907343,"2026-06-08 04:30:11.01","light"
"Sarah","2026-06-08 04:29:03.066","2026-05-30","2026-05-30 05:52:00",1780907343,"2026-06-08 04:30:11.181","light"
"Sarah","2026-06-08 04:29:03.066","2026-05-30","2026-05-30 05:53:00",1780907343,"2026-06-08 04:30:11.359","light"
"Sarah","2026-06-08 04:29:03.066","2026-05-30","2026-05-30 05:54:00",1780907343,"2026-06-08 04:30:11.615","light"
"Sarah","2026-06-08 04:29:03.066","2026-05-30","2026-05-30 05:55:00",1780907343,"2026-06-08 04:30:11.775","light"
"Sarah","2026-06-08 04:29:03.066","2026-05-30","2026-05-30 05:56:00",1780907343,"2026-06-08 04:30:11.956","light"
"Sarah","2026-06-08 04:29:03.066","2026-05-30","2026-05-30 05:57:00",1780907343,"2026-06-08 04:30:12.12","light"
"Sarah","2026-06-08 04:29:03.066","2026-05-30","2026-05-30 05:58:00",1780907343,"2026-06-08 04:30:12.319","light"
"Sarah","2026-06-08 04:29:03.066","2026-05-30","2026-05-30 05:59:00",1780907343,"2026-06-08 04:30:12.481","light"
"Sarah","2026-06-08 04:29:03.066","2026-05-30","2026-05-30 06:00:00",1780907343,"2026-06-08 04:30:12.662","light"
"Sarah","2026-06-08 04:29:03.066","2026-05-30","2026-05-30 06:01:00",1780907343,"2026-06-08 04:30:12.832","light"
"Sarah","2026-06-08 04:29:03.066","2026-05-30","2026-05-30 06:02:00",1780907343,"2026-06-08 04:30:12.992","deep"
"Sarah","2026-06-08 04:29:03.066","2026-05-30","2026-05-30 06:03:00",1780907343,"2026-06-08 04:30:13.196","deep"
"Sarah","2026-06-08 04:29:03.066","2026-05-30","2026-05-30 06:04:00",1780907343,"2026-06-08 04:30:13.374","deep"
"Sarah","2026-06-08 04:29:03.066","2026-05-30","2026-05-30 06:05:00",1780907343,"2026-06-08 04:30:13.58","light"
"Sarah","2026-06-08 04:29:03.066","2026-05-30","2026-05-30 06:06:00",1780907343,"2026-06-08 04:30:13.758","light"
"Sarah","2026-06-08 04:29:03.066","2026-05-30","2026-05-30 06:07:00",1780907343,"2026-06-08 04:30:13.932","light"
"Sarah","2026-06-08 04:29:03.066","2026-05-30","2026-05-30 06:08:00",1780907343,"2026-06-08 04:30:14.107","light"
"Sarah","2026-06-08 04:29:03.066","2026-05-30","2026-05-30 06:09:00",1780907343,"2026-06-08 04:30:14.295","light"
"Sarah","2026-06-08 04:29:03.066","2026-05-30","2026-05-30 06:10:00",1780907343,"2026-06-08 04:30:14.467","light"
"Sarah","2026-06-08 04:29:03.066","2026-05-30","2026-05-30 06:11:00",1780907343,"2026-06-08 04:30:14.651","light"
"Sarah","2026-06-08 04:29:03.066","2026-05-30","2026-05-30 06:12:00",1780907343,"2026-06-08 04:30:14.842","light"
"Sarah","2026-06-08 04:29:03.066","2026-05-30","2026-05-30 06:13:00",1780907343,"2026-06-08 04:30:15.017","deep"
"Sarah","2026-06-08 04:29:03.066","2026-05-30","2026-05-30 06:14:00",1780907343,"2026-06-08 04:30:15.184","deep"
"Sarah","2026-06-08 04:29:03.066","2026-05-30","2026-05-30 06:15:00",1780907343,"2026-06-08 04:30:15.964","deep"
"Sarah","2026-06-08 04:29:03.066","2026-05-30","2026-05-30 06:16:00",1780907343,"2026-06-08 04:30:16.145","deep"
"Sarah","2026-06-08 04:29:03.066","2026-05-30","2026-05-30 06:17:00",1780907343,"2026-06-08 04:30:16.327","deep"
"Sarah","2026-06-08 04:29:03.066","2026-05-30","2026-05-30 06:18:00",1780907343,"2026-06-08 04:30:16.487","deep"
"Sarah","2026-06-08 04:29:03.066","2026-05-30","2026-05-30 06:19:00",1780907343,"2026-06-08 04:30:16.672","deep"
"Sarah","2026-06-08 04:29:03.066","2026-05-30","2026-05-30 06:20:00",1780907343,"2026-06-08 04:30:16.839","deep"
"Sarah","2026-06-08 04:29:03.066","2026-05-30","2026-05-30 06:21:00",1780907343,"2026-06-08 04:30:17.046","deep"
"Sarah","2026-06-08 04:29:03.066","2026-05-30","2026-05-30 06:22:00",1780907343,"2026-06-08 04:30:17.228","deep"
"Sarah","2026-06-08 04:29:03.066","2026-05-30","2026-05-30 06:23:00",1780907343,"2026-06-08 04:30:17.427","deep"
"Sarah","2026-06-08 04:29:03.066","2026-05-30","2026-05-30 06:24:00",1780907343,"2026-06-08 04:30:17.636","deep"
"Sarah","2026-06-08 04:29:03.066","2026-05-30","2026-05-30 06:25:00",1780907343,"2026-06-08 04:30:17.819","deep"
"Sarah","2026-06-08 04:29:03.066","2026-05-30","2026-05-30 06:26:00",1780907343,"2026-06-08 04:30:18.039","deep"
"Sarah","2026-06-08 04:29:03.066","2026-05-30","2026-05-30 06:27:00",1780907343,"2026-06-08 04:30:18.269","deep"
"Sarah","2026-06-08 04:29:03.066","2026-05-30","2026-05-30 06:28:00",1780907343,"2026-06-08 04:30:18.45","deep"
"Sarah","2026-06-08 04:29:03.066","2026-05-30","2026-05-30 06:29:00",1780907343,"2026-06-08 04:30:18.616","deep"
"Sarah","2026-06-08 04:29:03.066","2026-05-30","2026-05-30 06:30:00",1780907343,"2026-06-08 04:30:18.805","deep"
"Sarah","2026-06-08 04:29:03.066","2026-05-30","2026-05-30 06:31:00",1780907343,"2026-06-08 04:30:18.986","deep"
"Sarah","2026-06-08 04:29:03.066","2026-05-30","2026-05-30 06:32:00",1780907343,"2026-06-08 04:30:19.172","light"
"Sarah","2026-06-08 04:29:03.066","2026-05-30","2026-05-30 06:33:00",1780907343,"2026-06-08 04:30:19.829","light"
"Sarah","2026-06-08 04:29:03.066","2026-05-30","2026-05-30 06:34:00",1780907343,"2026-06-08 04:30:20.058","light"
"Sarah","2026-06-08 04:29:03.066","2026-05-30","2026-05-30 06:35:00",1780907343,"2026-06-08 04:30:20.276","light"
"Sarah","2026-06-08 04:29:03.066","2026-05-30","2026-05-30 06:36:00",1780907343,"2026-06-08 04:30:20.499","light"
"Sarah","2026-06-08 04:29:03.066","2026-05-30","2026-05-30 06:37:00",1780907343,"2026-06-08 04:30:20.703","light"
"Sarah","2026-06-08 04:29:03.066","2026-05-30","2026-05-30 06:38:00",1780907343,"2026-06-08 04:30:20.893","light"
"Sarah","2026-06-08 04:29:03.066","2026-05-30","2026-05-30 06:39:00",1780907343,"2026-06-08 04:30:21.077","light"
"Sarah","2026-06-08 04:29:03.066","2026-05-30","2026-05-30 06:40:00",1780907343,"2026-06-08 04:30:21.278","rem"
"Sarah","2026-06-08 04:29:03.066","2026-05-30","2026-05-30 06:41:00",1780907343,"2026-06-08 04:30:21.468","rem"
"Sarah","2026-06-08 04:29:03.066","2026-05-30","2026-05-30 06:42:00",1780907343,"2026-06-08 04:30:21.657","rem"
"Sarah","2026-06-08 04:29:03.066","2026-05-30","2026-05-30 06:43:00",1780907343,"2026-06-08 04:30:21.855","rem"
"Sarah","2026-06-08 04:29:03.066","2026-05-30","2026-05-30 06:44:00",1780907343,"2026-06-08 04:30:22.021","rem"
"Sarah","2026-06-08 04:29:03.066","2026-05-30","2026-05-30 06:45:00",1780907343,"2026-06-08 04:30:22.203","rem"
"Sarah","2026-06-08 04:29:03.066","2026-05-30","2026-05-30 06:46:00",1780907343,"2026-06-08 04:30:22.398","rem"
"Sarah","2026-06-08 04:29:03.066","2026-05-30","2026-05-30 06:47:00",1780907343,"2026-06-08 04:30:22.585","rem"
"Sarah","2026-06-08 04:29:03.066","2026-05-30","2026-05-30 06:48:00",1780907343,"2026-06-08 04:30:22.752","rem"
"Sarah","2026-06-08 04:29:03.066","2026-05-30","2026-05-30 06:49:00",1780907343,"2026-06-08 04:30:22.948","rem"
"Sarah","2026-06-08 04:29:03.066","2026-05-30","2026-05-30 06:50:00",1780907343,"2026-06-08 04:30:23.122","rem"
"Sarah","2026-06-08 04:29:03.066","2026-05-30","2026-05-30 06:51:00",1780907343,"2026-06-08 04:30:23.293","rem"
"Sarah","2026-06-08 04:29:03.066","2026-05-30","2026-05-30 06:52:00",1780907343,"2026-06-08 04:30:23.487","rem"
"Sarah","2026-06-08 04:29:03.066","2026-05-30","2026-05-30 06:53:00",1780907343,"2026-06-08 04:30:23.868","rem"
"Sarah","2026-06-08 04:29:03.066","2026-05-30","2026-05-30 06:54:00",1780907343,"2026-06-08 04:30:24.592","rem"
"Sarah","2026-06-08 04:29:03.066","2026-05-30","2026-05-30 06:55:00",1780907343,"2026-06-08 04:30:24.877","rem"
"Sarah","2026-06-08 04:29:03.066","2026-05-30","2026-05-30 06:56:00",1780907343,"2026-06-08 04:30:25.062","rem"
"Sarah","2026-06-08 04:29:03.066","2026-05-30","2026-05-30 06:57:00",1780907343,"2026-06-08 04:30:25.232","rem"
"Sarah","2026-06-08 04:29:03.066","2026-05-30","2026-05-30 06:58:00",1780907343,"2026-06-08 04:30:25.985","rem"
"Sarah","2026-06-08 04:29:03.066","2026-05-30","2026-05-30 06:59:00",1780907343,"2026-06-08 04:30:26.17","rem"
"Sarah","2026-06-08 04:29:03.066","2026-05-30","2026-05-30 07:00:00",1780907343,"2026-06-08 04:30:26.364","rem"
"Sarah","2026-06-08 04:29:03.066","2026-05-30","2026-05-30 07:01:00",1780907343,"2026-06-08 04:30:27.057","rem"
"Sarah","2026-06-08 04:29:03.066","2026-05-30","2026-05-30 07:02:00",1780907343,"2026-06-08 04:30:27.246","light"
"Sarah","2026-06-08 04:29:03.066","2026-05-30","2026-05-30 07:03:00",1780907343,"2026-06-08 04:30:27.425","light"
"Sarah","2026-06-08 04:29:03.066","2026-05-30","2026-05-30 07:04:00",1780907343,"2026-06-08 04:30:27.654","light"
"Sarah","2026-06-08 04:29:03.066","2026-05-30","2026-05-30 07:05:00",1780907343,"2026-06-08 04:30:27.932","light"
"Sarah","2026-06-08 04:29:03.066","2026-05-30","2026-05-30 07:06:00",1780907343,"2026-06-08 04:30:28.14","light"
"Sarah","2026-06-08 04:29:03.066","2026-05-30","2026-05-30 07:07:00",1780907343,"2026-06-08 04:30:28.658","light"
"Sarah","2026-06-08 04:29:03.066","2026-05-30","2026-05-30 07:08:00",1780907343,"2026-06-08 04:30:28.856","light"
"Sarah","2026-06-08 04:29:03.066","2026-05-30","2026-05-30 07:09:00",1780907343,"2026-06-08 04:30:29.042","light"
"Sarah","2026-06-08 04:29:03.066","2026-05-30","2026-05-30 07:10:00",1780907343,"2026-06-08 04:30:29.234","light"
"Sarah","2026-06-08 04:29:03.066","2026-05-30","2026-05-30 07:11:00",1780907343,"2026-06-08 04:30:29.448","light"
"Sarah","2026-06-08 04:29:03.066","2026-05-30","2026-05-30 07:12:00",1780907343,"2026-06-08 04:30:29.607","light"
"Sarah","2026-06-08 04:29:03.066","2026-05-30","2026-05-30 07:13:00",1780907343,"2026-06-08 04:30:29.811","light"
"Sarah","2026-06-08 04:29:03.066","2026-05-30","2026-05-30 07:14:00",1780907343,"2026-06-08 04:30:30.22","light"
"Sarah","2026-06-08 04:29:03.066","2026-05-30","2026-05-30 07:15:00",1780907343,"2026-06-08 04:30:30.389","light"
"Sarah","2026-06-08 04:29:03.066","2026-05-30","2026-05-30 07:16:00",1780907343,"2026-06-08 04:30:31.429","light"
"Sarah","2026-06-08 04:29:03.066","2026-05-30","2026-05-30 07:17:00",1780907343,"2026-06-08 04:30:31.589","light"
"Sarah","2026-06-08 04:29:03.066","2026-05-30","2026-05-30 07:18:00",1780907343,"2026-06-08 04:30:31.769","light"
"Sarah","2026-06-08 04:29:03.066","2026-05-30","2026-05-30 07:19:00",1780907343,"2026-06-08 04:30:31.96","light"
"Sarah","2026-06-08 04:29:03.066","2026-05-30","2026-05-30 07:20:00",1780907343,"2026-06-08 04:30:32.148","light"
"Sarah","2026-06-08 04:29:03.066","2026-05-30","2026-05-30 07:21:00",1780907343,"2026-06-08 04:30:32.322","light"
"Sarah","2026-06-08 04:29:03.066","2026-05-30","2026-05-30 07:22:00",1780907343,"2026-06-08 04:30:33.259","light"
"Sarah","2026-06-08 04:29:03.066","2026-05-30","2026-05-30 07:23:00",1780907343,"2026-06-08 04:30:33.439","light"
"Sarah","2026-06-08 04:29:03.066","2026-05-30","2026-05-30 07:24:00",1780907343,"2026-06-08 04:30:33.619","light"
"Sarah","2026-06-08 04:29:03.066","2026-05-30","2026-05-30 07:25:00",1780907343,"2026-06-08 04:30:33.789","light"
"Sarah","2026-06-08 04:29:03.066","2026-05-30","2026-05-30 07:26:00",1780907343,"2026-06-08 04:30:33.963","light"
"Sarah","2026-06-08 04:29:03.066","2026-05-30","2026-05-30 07:27:00",1780907343,"2026-06-08 04:30:34.161","light"
"Sarah","2026-06-08 04:29:03.066","2026-05-30","2026-05-30 07:28:00",1780907343,"2026-06-08 04:30:34.327","light"
"Sarah","2026-06-08 04:29:03.066","2026-05-30","2026-05-30 07:29:00",1780907343,"2026-06-08 04:30:34.505","light"
"Sarah","2026-06-08 04:29:03.066","2026-05-30","2026-05-30 09:53:00",1780907343,"2026-06-08 04:30:34.694","wake"
"Sarah","2026-06-08 04:29:03.066","2026-05-30","2026-05-30 09:54:00",1780907343,"2026-06-08 04:30:34.857","wake"
"Sarah","2026-06-08 04:29:03.066","2026-05-30","2026-05-30 09:55:00",1780907343,"2026-06-08 04:30:35.032","wake"
"Sarah","2026-06-08 04:29:03.066","2026-05-30","2026-05-30 09:56:00",1780907343,"2026-06-08 04:30:35.369","light"
"Sarah","2026-06-08 04:29:03.066","2026-05-30","2026-05-30 09:57:00",1780907343,"2026-06-08 04:30:35.528","light"
"Sarah","2026-06-08 04:29:03.066","2026-05-30","2026-05-30 09:58:00",1780907343,"2026-06-08 04:30:35.733","light"
"Sarah","2026-06-08 04:29:03.066","2026-05-30","2026-05-30 09:59:00",1780907343,"2026-06-08 04:30:35.923","light"
"Sarah","2026-06-08 04:29:03.066","2026-05-30","2026-05-30 10:00:00",1780907343,"2026-06-08 04:30:36.11","light"
"Sarah","2026-06-08 04:29:03.066","2026-05-30","2026-05-30 10:01:00",1780907343,"2026-06-08 04:30:36.307","light"
"Sarah","2026-06-08 04:29:03.066","2026-05-30","2026-05-30 10:02:00",1780907343,"2026-06-08 04:30:36.501","light"
"Sarah","2026-06-08 04:29:03.066","2026-05-30","2026-05-30 10:03:00",1780907343,"2026-06-08 04:30:36.676","light"
"Sarah","2026-06-08 04:29:03.066","2026-05-30","2026-05-30 10:04:00",1780907343,"2026-06-08 04:30:36.843","light"
"Sarah","2026-06-08 04:29:03.066","2026-05-30","2026-05-30 10:05:00",1780907343,"2026-06-08 04:30:37.011","light"
"Sarah","2026-06-08 04:29:03.066","2026-05-30","2026-05-30 10:06:00",1780907343,"2026-06-08 04:30:37.197","light"
"Sarah","2026-06-08 04:29:03.066","2026-05-30","2026-05-30 10:07:00",1780907343,"2026-06-08 04:30:37.371","light"
"Sarah","2026-06-08 04:29:03.066","2026-05-30","2026-05-30 10:08:00",1780907343,"2026-06-08 04:30:37.54","light"
"Sarah","2026-06-08 04:29:03.066","2026-05-30","2026-05-30 10:09:00",1780907343,"2026-06-08 04:30:37.702","light"
"Sarah","2026-06-08 04:29:03.066","2026-05-30","2026-05-30 10:10:00",1780907343,"2026-06-08 04:30:37.946","light"
"Sarah","2026-06-08 04:29:03.066","2026-05-30","2026-05-30 10:11:00",1780907343,"2026-06-08 04:30:38.145","deep"
"Sarah","2026-06-08 04:29:03.066","2026-05-30","2026-05-30 10:12:00",1780907343,"2026-06-08 04:30:38.313","deep"
"Sarah","2026-06-08 04:29:03.066","2026-05-30","2026-05-30 10:13:00",1780907343,"2026-06-08 04:30:38.493","deep"
"Sarah","2026-06-08 04:29:03.066","2026-05-30","2026-05-30 10:14:00",1780907343,"2026-06-08 04:30:38.677","light"
"Sarah","2026-06-08 04:29:03.066","2026-05-30","2026-05-30 10:15:00",1780907343,"2026-06-08 04:30:38.842","light"
"Sarah","2026-06-08 04:29:03.066","2026-05-30","2026-05-30 10:16:00",1780907343,"2026-06-08 04:30:39.075","light"
"Sarah","2026-06-08 04:29:03.066","2026-05-30","2026-05-30 10:17:00",1780907343,"2026-06-08 04:30:39.271","light"
"Sarah","2026-06-08 04:29:03.066","2026-05-30","2026-05-30 10:18:00",1780907343,"2026-06-08 04:30:39.46","light"
"Sarah","2026-06-08 04:29:03.066","2026-05-30","2026-05-30 10:19:00",1780907343,"2026-06-08 04:30:39.651","light"
"Sarah","2026-06-08 04:29:03.066","2026-05-30","2026-05-30 10:20:00",1780907343,"2026-06-08 04:30:39.811","deep"
"Sarah","2026-06-08 04:29:03.066","2026-05-30","2026-05-30 10:21:00",1780907343,"2026-06-08 04:30:40.017","deep"
"Sarah","2026-06-08 04:29:03.066","2026-05-30","2026-05-30 10:22:00",1780907343,"2026-06-08 04:30:40.859","deep"
"Sarah","2026-06-08 04:29:03.066","2026-05-30","2026-05-30 10:23:00",1780907343,"2026-06-08 04:30:41.049","deep"
"Sarah","2026-06-08 04:29:03.066","2026-05-30","2026-05-30 10:24:00",1780907343,"2026-06-08 04:30:41.227","deep"
"Sarah","2026-06-08 04:29:03.066","2026-05-30","2026-05-30 10:25:00",1780907343,"2026-06-08 04:30:41.459","deep"
"Sarah","2026-06-08 04:29:03.066","2026-05-30","2026-05-30 10:26:00",1780907343,"2026-06-08 04:30:41.666","deep"
"Sarah","2026-06-08 04:29:03.066","2026-05-30","2026-05-30 10:27:00",1780907343,"2026-06-08 04:30:41.848","deep"
"Sarah","2026-06-08 04:29:03.066","2026-05-30","2026-05-30 10:28:00",1780907343,"2026-06-08 04:30:42.123","deep"
"Sarah","2026-06-08 04:29:03.066","2026-05-30","2026-05-30 10:29:00",1780907343,"2026-06-08 04:30:42.282","deep"
"Sarah","2026-06-08 04:29:03.066","2026-05-30","2026-05-30 10:30:00",1780907343,"2026-06-08 04:30:42.443","deep"
"Sarah","2026-06-08 04:29:03.066","2026-05-30","2026-05-30 10:31:00",1780907343,"2026-06-08 04:30:42.612","deep"
"Sarah","2026-06-08 04:29:03.066","2026-05-30","2026-05-30 10:32:00",1780907343,"2026-06-08 04:30:42.794","deep"
"Sarah","2026-06-08 04:29:03.066","2026-05-30","2026-05-30 10:33:00",1780907343,"2026-06-08 04:30:42.981","deep"
"Sarah","2026-06-08 04:29:03.066","2026-05-30","2026-05-30 10:34:00",1780907343,"2026-06-08 04:30:43.158","deep"
"Sarah","2026-06-08 04:29:03.066","2026-05-30","2026-05-30 10:35:00",1780907343,"2026-06-08 04:30:43.33","deep"
"Sarah","2026-06-08 04:29:03.066","2026-05-30","2026-05-30 10:36:00",1780907343,"2026-06-08 04:30:43.511","deep"
"Sarah","2026-06-08 04:29:03.066","2026-05-30","2026-05-30 10:37:00",1780907343,"2026-06-08 04:30:43.703","deep"
"Sarah","2026-06-08 04:29:03.066","2026-05-30","2026-05-30 10:38:00",1780907343,"2026-06-08 04:30:43.889","deep"
"Sarah","2026-06-08 04:29:03.066","2026-05-30","2026-05-30 10:39:00",1780907343,"2026-06-08 04:30:44.048","deep"
"Sarah","2026-06-08 04:29:03.066","2026-05-30","2026-05-30 10:40:00",1780907343,"2026-06-08 04:30:44.215","deep"
"Sarah","2026-06-08 04:29:03.066","2026-05-30","2026-05-30 10:41:00",1780907343,"2026-06-08 04:30:44.397","deep"
"Sarah","2026-06-08 04:29:03.066","2026-05-30","2026-05-30 10:42:00",1780907343,"2026-06-08 04:30:44.927","light"
"Sarah","2026-06-08 04:29:03.066","2026-05-30","2026-05-30 10:43:00",1780907343,"2026-06-08 04:30:45.097","light"
"Sarah","2026-06-08 04:29:03.066","2026-05-30","2026-05-30 10:44:00",1780907343,"2026-06-08 04:30:45.283","light"
"Sarah","2026-06-08 04:29:03.066","2026-05-30","2026-05-30 10:45:00",1780907343,"2026-06-08 04:30:45.445","light"
"Sarah","2026-06-08 04:29:03.066","2026-05-30","2026-05-30 10:46:00",1780907343,"2026-06-08 04:30:45.625","light"
"Sarah","2026-06-08 04:29:03.066","2026-05-30","2026-05-30 10:47:00",1780907343,"2026-06-08 04:30:45.784","light"
"Sarah","2026-06-08 04:29:03.066","2026-05-30","2026-05-30 10:48:00",1780907343,"2026-06-08 04:30:45.961","rem"
"Sarah","2026-06-08 04:29:03.066","2026-05-30","2026-05-30 10:49:00",1780907343,"2026-06-08 04:30:47.003","rem"
"Sarah","2026-06-08 04:29:03.066","2026-05-30","2026-05-30 10:50:00",1780907343,"2026-06-08 04:30:47.237","rem"
"Sarah","2026-06-08 04:29:03.066","2026-05-30","2026-05-30 10:51:00",1780907343,"2026-06-08 04:30:47.43","rem"
"Sarah","2026-06-08 04:29:03.066","2026-05-30","2026-05-30 10:52:00",1780907343,"2026-06-08 04:30:47.636","rem"
"Sarah","2026-06-08 04:29:03.066","2026-05-30","2026-05-30 10:53:00",1780907343,"2026-06-08 04:30:47.811","rem"
"Sarah","2026-06-08 04:29:03.066","2026-05-30","2026-05-30 10:54:00",1780907343,"2026-06-08 04:30:47.989","rem"
"Sarah","2026-06-08 04:29:03.066","2026-05-30","2026-05-30 10:55:00",1780907343,"2026-06-08 04:30:48.181","rem"
"Sarah","2026-06-08 04:29:03.066","2026-05-30","2026-05-30 10:56:00",1780907343,"2026-06-08 04:30:48.362","rem"
"Sarah","2026-06-08 04:29:03.066","2026-05-30","2026-05-30 10:57:00",1780907343,"2026-06-08 04:30:48.518","rem"
"Sarah","2026-06-08 04:29:03.066","2026-05-30","2026-05-30 10:58:00",1780907343,"2026-06-08 04:30:48.803","rem"
"Sarah","2026-06-08 04:29:03.066","2026-05-30","2026-05-30 10:59:00",1780907343,"2026-06-08 04:30:48.969","rem"
"Sarah","2026-06-08 04:29:03.066","2026-05-30","2026-05-30 11:00:00",1780907343,"2026-06-08 04:30:49.725","rem"
"Sarah","2026-06-08 04:29:03.066","2026-05-30","2026-05-30 11:01:00",1780907343,"2026-06-08 04:30:49.938","rem"
"Sarah","2026-06-08 04:29:03.066","2026-05-30","2026-05-30 11:02:00",1780907343,"2026-06-08 04:30:50.125","rem"
"Sarah","2026-06-08 04:29:03.066","2026-05-30","2026-05-30 11:03:00",1780907343,"2026-06-08 04:30:50.412","rem"
"Sarah","2026-06-08 04:29:03.066","2026-05-30","2026-05-30 11:04:00",1780907343,"2026-06-08 04:30:50.719","rem"
"Sarah","2026-06-08 04:29:03.066","2026-05-30","2026-05-30 11:05:00",1780907343,"2026-06-08 04:30:51.294","rem"
"Sarah","2026-06-08 04:29:03.066","2026-05-30","2026-05-30 11:06:00",1780907343,"2026-06-08 04:30:51.484","rem"
"Sarah","2026-06-08 04:29:03.066","2026-05-30","2026-05-30 11:07:00",1780907343,"2026-06-08 04:30:51.667","rem"
"Sarah","2026-06-08 04:29:03.066","2026-05-30","2026-05-30 11:08:00",1780907343,"2026-06-08 04:30:52.295","rem"
"Sarah","2026-06-08 04:29:03.066","2026-05-30","2026-05-30 11:09:00",1780907343,"2026-06-08 04:30:52.463","light"
"Sarah","2026-06-08 04:29:03.066","2026-05-30","2026-05-30 11:10:00",1780907343,"2026-06-08 04:30:52.621","light"
"Sarah","2026-06-08 04:29:03.066","2026-05-30","2026-05-30 11:11:00",1780907343,"2026-06-08 04:30:53.041","light"
"Sarah","2026-06-08 04:29:03.066","2026-05-30","2026-05-30 11:12:00",1780907343,"2026-06-08 04:30:53.427","light"
"Sarah","2026-06-08 04:29:03.066","2026-05-30","2026-05-30 11:13:00",1780907343,"2026-06-08 04:30:53.628","light"
"Sarah","2026-06-08 04:29:03.066","2026-05-30","2026-05-30 11:14:00",1780907343,"2026-06-08 04:30:53.804","light"
"Sarah","2026-06-08 04:29:03.066","2026-05-30","2026-05-30 11:15:00",1780907343,"2026-06-08 04:30:54.432","light"
"Sarah","2026-06-08 04:29:03.066","2026-05-30","2026-05-30 11:16:00",1780907343,"2026-06-08 04:30:54.587","light"
"Sarah","2026-06-08 04:29:03.066","2026-05-30","2026-05-30 11:17:00",1780907343,"2026-06-08 04:30:54.764","light"
"Sarah","2026-06-08 04:29:03.066","2026-05-30","2026-05-30 11:18:00",1780907343,"2026-06-08 04:30:54.941","light"
"Sarah","2026-06-08 04:29:03.066","2026-05-30","2026-05-30 11:19:00",1780907343,"2026-06-08 04:30:55.509","light"
"Sarah","2026-06-08 04:29:03.066","2026-05-30","2026-05-30 11:20:00",1780907343,"2026-06-08 04:30:55.711","light"
"Sarah","2026-06-08 04:29:03.066","2026-05-30","2026-05-30 11:21:00",1780907343,"2026-06-08 04:30:55.875","light"
"Sarah","2026-06-08 04:29:03.066","2026-05-30","2026-05-30 11:22:00",1780907343,"2026-06-08 04:30:56.056","light"
"Sarah","2026-06-08 04:29:03.066","2026-05-30","2026-05-30 11:23:00",1780907343,"2026-06-08 04:30:56.227","light"
"Sarah","2026-06-08 04:29:03.066","2026-05-30","2026-05-30 11:24:00",1780907343,"2026-06-08 04:30:56.984","light"
"Sarah","2026-06-08 04:29:03.066","2026-05-30","2026-05-30 11:25:00",1780907343,"2026-06-08 04:30:57.186","light"
"Sarah","2026-06-08 04:29:03.066","2026-05-30","2026-05-30 11:26:00",1780907343,"2026-06-08 04:30:57.362","light"
"Sarah","2026-06-08 04:29:03.066","2026-05-30","2026-05-30 11:27:00",1780907343,"2026-06-08 04:30:57.544","light"
"Sarah","2026-06-08 04:29:03.066","2026-05-30","2026-05-30 11:28:00",1780907343,"2026-06-08 04:30:57.739","light"
"Sarah","2026-06-08 04:29:03.066","2026-05-30","2026-05-30 11:29:00",1780907343,"2026-06-08 04:30:57.909","light"
"Sarah","2026-06-08 04:29:03.066","2026-05-30","2026-05-30 11:30:00",1780907343,"2026-06-08 04:30:58.095","light"
"Sarah","2026-06-08 04:29:03.066","2026-05-30","2026-05-30 11:31:00",1780907343,"2026-06-08 04:30:58.314","deep"
"Sarah","2026-06-08 04:29:03.066","2026-05-30","2026-05-30 11:32:00",1780907343,"2026-06-08 04:30:58.508","deep"
"Sarah","2026-06-08 04:29:03.066","2026-05-30","2026-05-30 11:33:00",1780907343,"2026-06-08 04:30:59.114","deep"
"Sarah","2026-06-08 04:29:03.066","2026-05-30","2026-05-30 11:34:00",1780907343,"2026-06-08 04:30:59.323","deep"
"Sarah","2026-06-08 04:29:03.066","2026-05-30","2026-05-30 11:35:00",1780907343,"2026-06-08 04:30:59.502","deep"
"Sarah","2026-06-08 04:29:03.066","2026-05-30","2026-05-30 11:36:00",1780907343,"2026-06-08 04:30:59.698","deep"
"Sarah","2026-06-08 04:29:03.066","2026-05-30","2026-05-30 11:37:00",1780907343,"2026-06-08 04:30:59.898","deep"
"Sarah","2026-06-08 04:29:03.066","2026-05-30","2026-05-30 11:38:00",1780907343,"2026-06-08 04:31:00.11","deep"
"Sarah","2026-06-08 04:29:03.066","2026-05-30","2026-05-30 11:39:00",1780907343,"2026-06-08 04:31:00.302","deep"
"Sarah","2026-06-08 04:29:03.066","2026-05-30","2026-05-30 11:40:00",1780907343,"2026-06-08 04:31:00.492","deep"
"Sarah","2026-06-08 04:29:03.066","2026-05-30","2026-05-30 11:41:00",1780907343,"2026-06-08 04:31:00.681","deep"
"Sarah","2026-06-08 04:29:03.066","2026-05-30","2026-05-30 11:42:00",1780907343,"2026-06-08 04:31:00.874","deep"
"Sarah","2026-06-08 04:29:03.066","2026-05-30","2026-05-30 11:43:00",1780907343,"2026-06-08 04:31:01.217","deep"
"Sarah","2026-06-08 04:29:03.066","2026-05-30","2026-05-30 11:44:00",1780907343,"2026-06-08 04:31:01.392","deep"
"Sarah","2026-06-08 04:29:03.066","2026-05-30","2026-05-30 11:45:00",1780907343,"2026-06-08 04:31:01.605","deep"
"Sarah","2026-06-08 04:29:03.066","2026-05-30","2026-05-30 11:46:00",1780907343,"2026-06-08 04:31:01.781","deep"
"Sarah","2026-06-08 04:29:03.066","2026-05-30","2026-05-30 11:47:00",1780907343,"2026-06-08 04:31:01.964","deep"
"Sarah","2026-06-08 04:29:03.066","2026-05-30","2026-05-30 11:48:00",1780907343,"2026-06-08 04:31:02.221","deep"
"Sarah","2026-06-08 04:29:03.066","2026-05-30","2026-05-30 11:49:00",1780907343,"2026-06-08 04:31:02.401","deep"
"Sarah","2026-06-08 04:29:03.066","2026-05-30","2026-05-30 11:50:00",1780907343,"2026-06-08 04:31:02.587","deep"
"Sarah","2026-06-08 04:29:03.066","2026-05-30","2026-05-30 11:51:00",1780907343,"2026-06-08 04:31:02.77","deep"
"Sarah","2026-06-08 04:29:03.066","2026-05-30","2026-05-30 11:52:00",1780907343,"2026-06-08 04:31:02.968","deep"
"Sarah","2026-06-08 04:29:03.066","2026-05-30","2026-05-30 11:53:00",1780907343,"2026-06-08 04:31:03.17","deep"
"Sarah","2026-06-08 04:29:03.066","2026-05-30","2026-05-30 11:54:00",1780907343,"2026-06-08 04:31:03.361","deep"
"Sarah","2026-06-08 04:29:03.066","2026-05-30","2026-05-30 11:55:00",1780907343,"2026-06-08 04:31:03.584","deep"
"Sarah","2026-06-08 04:29:03.066","2026-05-30","2026-05-30 11:56:00",1780907343,"2026-06-08 04:31:03.774","deep"
"Sarah","2026-06-08 04:29:03.066","2026-05-30","2026-05-30 11:57:00",1780907343,"2026-06-08 04:31:03.964","deep"
"Sarah","2026-06-08 04:29:03.066","2026-05-30","2026-05-30 11:58:00",1780907343,"2026-06-08 04:31:04.164","deep"
"Sarah","2026-06-08 04:29:03.066","2026-05-30","2026-05-30 11:59:00",1780907343,"2026-06-08 04:31:04.336","deep"
"Sarah","2026-06-08 04:29:03.066","2026-05-30","2026-05-30 12:00:00",1780907343,"2026-06-08 04:31:04.537","deep"
"Sarah","2026-06-08 04:29:03.066","2026-05-30","2026-05-30 12:01:00",1780907343,"2026-06-08 04:31:04.719","light"
"Sarah","2026-06-08 04:29:03.066","2026-05-30","2026-05-30 12:02:00",1780907343,"2026-06-08 04:31:04.893","light"
"Sarah","2026-06-08 04:29:03.066","2026-05-30","2026-05-30 12:03:00",1780907343,"2026-06-08 04:31:05.066","light"
"Sarah","2026-06-08 04:29:03.066","2026-05-30","2026-05-30 12:04:00",1780907343,"2026-06-08 04:31:05.279","light"
"Sarah","2026-06-08 04:29:03.066","2026-05-30","2026-05-30 12:05:00",1780907343,"2026-06-08 04:31:05.472","light"
"Sarah","2026-06-08 04:29:03.066","2026-05-30","2026-05-30 12:06:00",1780907343,"2026-06-08 04:31:05.646","light"
"Sarah","2026-06-08 04:29:03.066","2026-05-30","2026-05-30 12:07:00",1780907343,"2026-06-08 04:31:05.83","light"
"Sarah","2026-06-08 04:29:03.066","2026-05-30","2026-05-30 12:08:00",1780907343,"2026-06-08 04:31:06.014","light"
"Sarah","2026-06-08 04:29:03.066","2026-05-30","2026-05-30 12:09:00",1780907343,"2026-06-08 04:31:06.19","light"
"Sarah","2026-06-08 04:29:03.066","2026-05-30","2026-05-30 12:10:00",1780907343,"2026-06-08 04:31:06.424","light"
"Sarah","2026-06-08 04:29:03.066","2026-05-30","2026-05-30 12:11:00",1780907343,"2026-06-08 04:31:06.841","light"
"Sarah","2026-06-08 04:29:03.066","2026-05-30","2026-05-30 12:12:00",1780907343,"2026-06-08 04:31:07.257","light"
"Sarah","2026-06-08 04:29:03.066","2026-05-30","2026-05-30 12:13:00",1780907343,"2026-06-08 04:31:07.451","rem"
"Sarah","2026-06-08 04:29:03.066","2026-05-30","2026-05-30 12:14:00",1780907343,"2026-06-08 04:31:07.622","rem"
"Sarah","2026-06-08 04:29:03.066","2026-05-30","2026-05-30 12:15:00",1780907343,"2026-06-08 04:31:07.794","rem"
"Sarah","2026-06-08 04:29:03.066","2026-05-30","2026-05-30 12:16:00",1780907343,"2026-06-08 04:31:08.766","rem"
"Sarah","2026-06-08 04:29:03.066","2026-05-30","2026-05-30 12:17:00",1780907343,"2026-06-08 04:31:08.954","rem"
"Sarah","2026-06-08 04:29:03.066","2026-05-30","2026-05-30 12:18:00",1780907343,"2026-06-08 04:31:09.167","rem"
"Sarah","2026-06-08 04:29:03.066","2026-05-30","2026-05-30 12:19:00",1780907343,"2026-06-08 04:31:09.343","rem"
"Sarah","2026-06-08 04:29:03.066","2026-05-30","2026-05-30 12:20:00",1780907343,"2026-06-08 04:31:09.537","rem"
"Sarah","2026-06-08 04:29:03.066","2026-05-30","2026-05-30 12:21:00",1780907343,"2026-06-08 04:31:09.722","rem"
"Sarah","2026-06-08 04:29:03.066","2026-05-30","2026-05-30 12:22:00",1780907343,"2026-06-08 04:31:09.907","rem"
"Sarah","2026-06-08 04:29:03.066","2026-05-30","2026-05-30 12:23:00",1780907343,"2026-06-08 04:31:10.082","rem"
"Sarah","2026-06-08 04:29:03.066","2026-05-30","2026-05-30 12:24:00",1780907343,"2026-06-08 04:31:10.268","light"
"Sarah","2026-06-08 04:29:03.066","2026-05-30","2026-05-30 12:25:00",1780907343,"2026-06-08 04:31:10.443","light"
"Sarah","2026-06-08 04:29:03.066","2026-05-30","2026-05-30 12:26:00",1780907343,"2026-06-08 04:31:10.625","light"
"Sarah","2026-06-08 04:29:03.066","2026-05-30","2026-05-30 12:27:00",1780907343,"2026-06-08 04:31:10.827","light"
"Sarah","2026-06-08 04:29:03.066","2026-05-30","2026-05-30 12:28:00",1780907343,"2026-06-08 04:31:11.02","light"
"Sarah","2026-06-08 04:29:03.066","2026-05-30","2026-05-30 12:29:00",1780907343,"2026-06-08 04:31:11.226","rem"
"Sarah","2026-06-08 04:29:03.066","2026-05-30","2026-05-30 12:30:00",1780907343,"2026-06-08 04:31:11.417","rem"
"Sarah","2026-06-08 04:29:03.066","2026-05-30","2026-05-30 12:31:00",1780907343,"2026-06-08 04:31:11.611","rem"
"Sarah","2026-06-08 04:29:03.066","2026-05-30","2026-05-30 12:32:00",1780907343,"2026-06-08 04:31:11.778","rem"
"Sarah","2026-06-08 04:29:03.066","2026-05-30","2026-05-30 12:33:00",1780907343,"2026-06-08 04:31:11.939","rem"
"Sarah","2026-06-08 04:29:03.066","2026-05-30","2026-05-30 12:34:00",1780907343,"2026-06-08 04:31:12.113","rem"
"Sarah","2026-06-08 04:29:03.066","2026-05-30","2026-05-30 12:35:00",1780907343,"2026-06-08 04:31:12.3","rem"
"Sarah","2026-06-08 04:29:03.066","2026-05-30","2026-05-30 12:36:00",1780907343,"2026-06-08 04:31:12.488","rem"
"Sarah","2026-06-08 04:29:03.066","2026-05-30","2026-05-30 12:37:00",1780907343,"2026-06-08 04:31:12.78","rem"
"Sarah","2026-06-08 04:29:03.066","2026-05-30","2026-05-30 12:38:00",1780907343,"2026-06-08 04:31:12.953","rem"
"Sarah","2026-06-08 04:29:03.066","2026-05-30","2026-05-30 12:39:00",1780907343,"2026-06-08 04:31:13.135","rem"
"Sarah","2026-06-08 04:29:03.066","2026-05-30","2026-05-30 12:40:00",1780907343,"2026-06-08 04:31:13.341","rem"
"Sarah","2026-06-08 04:29:03.066","2026-05-30","2026-05-30 12:41:00",1780907343,"2026-06-08 04:31:13.514","rem"
"Sarah","2026-06-08 04:29:03.066","2026-05-30","2026-05-30 12:42:00",1780907343,"2026-06-08 04:31:13.7","rem"
"Sarah","2026-06-08 04:29:03.066","2026-05-30","2026-05-30 12:43:00",1780907343,"2026-06-08 04:31:13.897","rem"
"Sarah","2026-06-08 04:29:03.066","2026-05-30","2026-05-30 12:44:00",1780907343,"2026-06-08 04:31:14.062","rem"
"Sarah","2026-06-08 04:29:03.066","2026-05-30","2026-05-30 12:45:00",1780907343,"2026-06-08 04:31:14.262","rem"
"Sarah","2026-06-08 04:29:03.066","2026-05-30","2026-05-30 12:46:00",1780907343,"2026-06-08 04:31:14.805","rem"
"Sarah","2026-06-08 04:29:03.066","2026-05-30","2026-05-30 12:47:00",1780907343,"2026-06-08 04:31:14.994","rem"
"Sarah","2026-06-08 04:29:03.066","2026-05-30","2026-05-30 12:48:00",1780907343,"2026-06-08 04:31:15.178","rem"
"Sarah","2026-06-08 04:29:03.066","2026-05-30","2026-05-30 12:49:00",1780907343,"2026-06-08 04:31:15.361","rem"
"Sarah","2026-06-08 04:29:03.066","2026-05-30","2026-05-30 12:50:00",1780907343,"2026-06-08 04:31:15.545","rem"
"Sarah","2026-06-08 04:29:03.066","2026-05-30","2026-05-30 12:51:00",1780907343,"2026-06-08 04:31:15.708","rem"
"Sarah","2026-06-08 04:29:03.066","2026-05-30","2026-05-30 12:52:00",1780907343,"2026-06-08 04:31:15.953","light"
"Sarah","2026-06-08 04:29:03.066","2026-05-30","2026-05-30 12:53:00",1780907343,"2026-06-08 04:31:16.133","light"
"Sarah","2026-06-08 04:29:03.066","2026-05-30","2026-05-30 12:54:00",1780907343,"2026-06-08 04:31:16.309","light"
"Sarah","2026-06-08 04:29:03.066","2026-05-30","2026-05-30 12:55:00",1780907343,"2026-06-08 04:31:16.477","light"
"Sarah","2026-06-08 04:29:03.066","2026-05-30","2026-05-30 12:56:00",1780907343,"2026-06-08 04:31:16.643","light"
"Sarah","2026-06-08 04:29:03.066","2026-05-30","2026-05-30 12:57:00",1780907343,"2026-06-08 04:31:16.806","light"
"Sarah","2026-06-08 04:29:03.066","2026-05-30","2026-05-30 12:58:00",1780907343,"2026-06-08 04:31:17.11","light"
"Sarah","2026-06-08 04:29:03.066","2026-05-30","2026-05-30 12:59:00",1780907343,"2026-06-08 04:31:17.278","light"
"Sarah","2026-06-08 04:29:03.066","2026-05-30","2026-05-30 13:00:00",1780907343,"2026-06-08 04:31:17.504","light"
"Sarah","2026-06-08 04:29:03.066","2026-05-30","2026-05-30 13:01:00",1780907343,"2026-06-08 04:31:17.684","light"
"Sarah","2026-06-08 04:29:03.066","2026-05-30","2026-05-30 13:02:00",1780907343,"2026-06-08 04:31:17.887","light"
"Sarah","2026-06-08 04:29:03.066","2026-05-30","2026-05-30 13:03:00",1780907343,"2026-06-08 04:31:18.081","light"
"Sarah","2026-06-08 04:29:03.066","2026-05-30","2026-05-30 13:04:00",1780907343,"2026-06-08 04:31:18.645","light"
"Sarah","2026-06-08 04:29:03.066","2026-05-30","2026-05-30 13:05:00",1780907343,"2026-06-08 04:31:18.81","light"
"Sarah","2026-06-08 04:29:03.066","2026-05-30","2026-05-30 13:06:00",1780907343,"2026-06-08 04:31:18.986","light"
"Sarah","2026-06-08 04:29:03.066","2026-05-30","2026-05-30 13:07:00",1780907343,"2026-06-08 04:31:19.177","light"
"Sarah","2026-06-08 04:29:03.066","2026-05-30","2026-05-30 13:08:00",1780907343,"2026-06-08 04:31:20.216","light"
"Sarah","2026-06-08 04:29:03.066","2026-05-30","2026-05-30 13:09:00",1780907343,"2026-06-08 04:31:20.397","light"
"Sarah","2026-06-08 04:29:03.066","2026-05-30","2026-05-30 13:10:00",1780907343,"2026-06-08 04:31:20.583","light"
"Sarah","2026-06-08 04:29:03.066","2026-05-30","2026-05-30 13:11:00",1780907343,"2026-06-08 04:31:20.768","light"
"Sarah","2026-06-08 04:29:03.066","2026-05-30","2026-05-30 13:12:00",1780907343,"2026-06-08 04:31:20.955","light"
"Sarah","2026-06-08 04:29:03.066","2026-05-30","2026-05-30 13:13:00",1780907343,"2026-06-08 04:31:21.137","light"
"Sarah","2026-06-08 04:29:03.066","2026-05-30","2026-05-30 13:14:00",1780907343,"2026-06-08 04:31:21.314","light"
"Sarah","2026-06-08 04:29:03.066","2026-05-30","2026-05-30 13:15:00",1780907343,"2026-06-08 04:31:21.487","light"
"Sarah","2026-06-08 04:29:03.066","2026-05-30","2026-05-30 13:16:00",1780907343,"2026-06-08 04:31:21.668","light"
"Sarah","2026-06-08 04:29:03.066","2026-05-30","2026-05-30 13:17:00",1780907343,"2026-06-08 04:31:22.098","light"
"Sarah","2026-06-08 04:29:03.066","2026-05-30","2026-05-30 13:18:00",1780907343,"2026-06-08 04:31:22.284","light"
"Sarah","2026-06-08 04:29:03.066","2026-05-30","2026-05-30 13:19:00",1780907343,"2026-06-08 04:31:22.467","light"
"Sarah","2026-06-08 04:29:03.066","2026-05-30","2026-05-30 13:20:00",1780907343,"2026-06-08 04:31:22.654","light"
"Sarah","2026-06-08 04:29:03.066","2026-05-30","2026-05-30 13:21:00",1780907343,"2026-06-08 04:31:24.22","light"
"Sarah","2026-06-08 04:29:03.066","2026-05-30","2026-05-30 13:22:00",1780907343,"2026-06-08 04:31:24.989","light"
"Sarah","2026-06-08 04:29:03.066","2026-05-30","2026-05-30 13:23:00",1780907343,"2026-06-08 04:31:25.157","light"
"Sarah","2026-06-08 04:29:03.066","2026-05-30","2026-05-30 13:24:00",1780907343,"2026-06-08 04:31:25.356","light"
"Sarah","2026-06-08 04:29:03.066","2026-05-30","2026-05-30 13:25:00",1780907343,"2026-06-08 04:31:25.532","light"
"Sarah","2026-06-08 04:29:03.066","2026-05-30","2026-05-30 13:26:00",1780907343,"2026-06-08 04:31:25.726","light"
"Sarah","2026-06-08 04:29:03.066","2026-05-30","2026-05-30 13:27:00",1780907343,"2026-06-08 04:31:25.9","light"
"Sarah","2026-06-08 04:29:03.066","2026-05-30","2026-05-30 13:28:00",1780907343,"2026-06-08 04:31:26.091","light"
"Sarah","2026-06-08 04:29:03.066","2026-05-30","2026-05-30 13:29:00",1780907343,"2026-06-08 04:31:26.259","light"
"Sarah","2026-06-08 04:29:03.066","2026-05-30","2026-05-30 13:30:00",1780907343,"2026-06-08 04:31:26.444","light"
"Sarah","2026-06-08 04:29:03.066","2026-05-30","2026-05-30 13:31:00",1780907343,"2026-06-08 04:31:26.624","light"
"Sarah","2026-06-08 04:29:03.066","2026-05-30","2026-05-30 13:32:00",1780907343,"2026-06-08 04:31:26.805","light"
"Sarah","2026-06-08 04:29:03.066","2026-05-30","2026-05-30 13:33:00",1780907343,"2026-06-08 04:31:27.063","light"
"Sarah","2026-06-08 04:29:03.066","2026-05-30","2026-05-30 13:34:00",1780907343,"2026-06-08 04:31:27.216","light"
"Sarah","2026-06-08 04:29:03.066","2026-05-30","2026-05-30 13:35:00",1780907343,"2026-06-08 04:31:27.378","light"
"Sarah","2026-06-08 04:29:03.066","2026-05-30","2026-05-30 13:36:00",1780907343,"2026-06-08 04:31:27.557","light"
"Sarah","2026-06-08 04:29:03.066","2026-05-30","2026-05-30 13:37:00",1780907343,"2026-06-08 04:31:27.731","light"
"Sarah","2026-06-08 04:29:03.066","2026-05-30","2026-05-30 13:38:00",1780907343,"2026-06-08 04:31:27.909","light"
"Sarah","2026-06-08 04:29:03.066","2026-05-30","2026-05-30 13:39:00",1780907343,"2026-06-08 04:31:28.095","light"
"Sarah","2026-06-08 04:29:03.066","2026-05-30","2026-05-30 13:40:00",1780907343,"2026-06-08 04:31:28.266","light"
"Sarah","2026-06-08 04:29:03.066","2026-05-30","2026-05-30 13:41:00",1780907343,"2026-06-08 04:31:28.434","light"
"Sarah","2026-06-08 04:29:03.066","2026-05-30","2026-05-30 13:42:00",1780907343,"2026-06-08 04:31:28.831","light"
"Sarah","2026-06-08 04:29:03.066","2026-05-30","2026-05-30 13:43:00",1780907343,"2026-06-08 04:31:29","light"
"Sarah","2026-06-08 04:29:03.066","2026-05-30","2026-05-30 13:44:00",1780907343,"2026-06-08 04:31:29.166","light"
"Sarah","2026-06-08 04:29:03.066","2026-05-30","2026-05-30 13:45:00",1780907343,"2026-06-08 04:31:29.335","light"
"Sarah","2026-06-08 04:29:03.066","2026-05-30","2026-05-30 13:46:00",1780907343,"2026-06-08 04:31:29.507","light"
"Sarah","2026-06-08 04:29:03.066","2026-05-30","2026-05-30 13:47:00",1780907343,"2026-06-08 04:31:29.677","light"
"Sarah","2026-06-08 04:29:03.066","2026-05-30","2026-05-30 13:48:00",1780907343,"2026-06-08 04:31:29.829","light"
"Sarah","2026-06-08 04:29:03.066","2026-05-30","2026-05-30 13:49:00",1780907343,"2026-06-08 04:31:29.995","light"
"Sarah","2026-06-08 04:29:03.066","2026-05-30","2026-05-30 13:50:00",1780907343,"2026-06-08 04:31:30.154","light"
"Sarah","2026-06-08 04:29:03.066","2026-05-30","2026-05-30 13:51:00",1780907343,"2026-06-08 04:31:30.315","light"
"Sarah","2026-06-08 04:29:03.066","2026-05-30","2026-05-30 13:52:00",1780907343,"2026-06-08 04:31:30.474","light"
"Sarah","2026-06-08 04:29:03.066","2026-05-30","2026-05-30 13:53:00",1780907343,"2026-06-08 04:31:30.663","light"
"Sarah","2026-06-08 04:29:03.066","2026-05-30","2026-05-30 13:54:00",1780907343,"2026-06-08 04:31:31.062","light"
"Sarah","2026-06-08 04:29:03.066","2026-05-30","2026-05-30 13:55:00",1780907343,"2026-06-08 04:31:31.233","light"
"Sarah","2026-06-08 04:29:03.066","2026-05-30","2026-05-30 13:56:00",1780907343,"2026-06-08 04:31:31.414","light"
"Sarah","2026-06-08 04:29:03.066","2026-05-30","2026-05-30 13:57:00",1780907343,"2026-06-08 04:31:31.791","light"
"Sarah","2026-06-08 04:29:03.066","2026-05-30","2026-05-30 13:58:00",1780907343,"2026-06-08 04:31:31.962","light"
"Sarah","2026-06-08 04:29:03.066","2026-05-30","2026-05-30 13:59:00",1780907343,"2026-06-08 04:31:32.151","light"
"Sarah","2026-06-08 04:29:03.066","2026-05-30","2026-05-30 14:00:00",1780907343,"2026-06-08 04:31:32.376","light"
"Sarah","2026-06-08 04:29:03.066","2026-05-30","2026-05-30 14:01:00",1780907343,"2026-06-08 04:31:32.577","light"
"Sarah","2026-06-08 04:29:03.066","2026-05-30","2026-05-30 14:02:00",1780907343,"2026-06-08 04:31:32.77","light"
"Sarah","2026-06-08 04:29:03.066","2026-05-30","2026-05-30 14:03:00",1780907343,"2026-06-08 04:31:32.937","light"
"Sarah","2026-06-08 04:29:03.066","2026-05-30","2026-05-30 14:04:00",1780907343,"2026-06-08 04:31:33.111","light"
"Sarah","2026-06-08 04:29:03.066","2026-05-30","2026-05-30 14:05:00",1780907343,"2026-06-08 04:31:33.272","light"
"Sarah","2026-06-08 04:29:03.066","2026-05-30","2026-05-30 14:06:00",1780907343,"2026-06-08 04:31:33.445","light"
"Sarah","2026-06-08 04:29:03.066","2026-05-30","2026-05-30 14:07:00",1780907343,"2026-06-08 04:31:33.879","light"
"Sarah","2026-06-08 04:29:03.066","2026-05-30","2026-05-30 14:08:00",1780907343,"2026-06-08 04:31:34.171","rem"
"Sarah","2026-06-08 04:29:03.066","2026-05-30","2026-05-30 14:09:00",1780907343,"2026-06-08 04:31:34.326","rem"
"Sarah","2026-06-08 04:29:03.066","2026-05-30","2026-05-30 14:10:00",1780907343,"2026-06-08 04:31:34.514","rem"
"Sarah","2026-06-08 04:29:03.066","2026-05-30","2026-05-30 14:11:00",1780907343,"2026-06-08 04:31:34.693","rem"
"Sarah","2026-06-08 04:29:03.066","2026-05-30","2026-05-30 14:12:00",1780907343,"2026-06-08 04:31:34.871","rem"
"Sarah","2026-06-08 04:29:03.066","2026-05-30","2026-05-30 14:13:00",1780907343,"2026-06-08 04:31:35.039","rem"
"Sarah","2026-06-08 04:29:03.066","2026-05-30","2026-05-30 14:14:00",1780907343,"2026-06-08 04:31:35.676","rem"
"Sarah","2026-06-08 04:29:03.066","2026-05-30","2026-05-30 14:15:00",1780907343,"2026-06-08 04:31:35.861","rem"
"Sarah","2026-06-08 04:29:03.066","2026-05-30","2026-05-30 14:16:00",1780907343,"2026-06-08 04:31:38.007","rem"
"Sarah","2026-06-08 04:29:03.066","2026-05-30","2026-05-30 14:17:00",1780907343,"2026-06-08 04:31:38.282","rem"
"Sarah","2026-06-08 04:29:03.066","2026-05-30","2026-05-30 14:18:00",1780907343,"2026-06-08 04:31:38.465","rem"
"Sarah","2026-06-08 04:29:03.066","2026-05-30","2026-05-30 14:19:00",1780907343,"2026-06-08 04:31:38.651","rem"
"Sarah","2026-06-08 04:29:03.066","2026-05-30","2026-05-30 14:20:00",1780907343,"2026-06-08 04:31:38.823","rem"
"Sarah","2026-06-08 04:29:03.066","2026-05-30","2026-05-30 14:21:00",1780907343,"2026-06-08 04:31:39.009","rem"
"Sarah","2026-06-08 04:29:03.066","2026-05-30","2026-05-30 14:22:00",1780907343,"2026-06-08 04:31:39.28","rem"
"Sarah","2026-06-08 04:29:03.066","2026-05-30","2026-05-30 14:23:00",1780907343,"2026-06-08 04:31:39.448","rem"
"Sarah","2026-06-08 04:29:03.066","2026-05-30","2026-05-30 14:24:00",1780907343,"2026-06-08 04:31:39.617","rem"
"Sarah","2026-06-08 04:29:03.066","2026-05-30","2026-05-30 14:25:00",1780907343,"2026-06-08 04:31:39.797","rem"
"Sarah","2026-06-08 04:29:03.066","2026-05-30","2026-05-30 14:26:00",1780907343,"2026-06-08 04:31:39.995","rem"
"Sarah","2026-06-08 04:29:03.066","2026-05-30","2026-05-30 14:27:00",1780907343,"2026-06-08 04:31:40.17","rem"
"Sarah","2026-06-08 04:29:03.066","2026-05-30","2026-05-30 14:28:00",1780907343,"2026-06-08 04:31:40.341","rem"
"Sarah","2026-06-08 04:29:03.066","2026-05-30","2026-05-30 14:29:00",1780907343,"2026-06-08 04:31:40.518","rem"
"Sarah","2026-06-08 04:29:03.066","2026-05-30","2026-05-30 14:30:00",1780907343,"2026-06-08 04:31:40.687","rem"
"Sarah","2026-06-08 04:29:03.066","2026-05-30","2026-05-30 14:31:00",1780907343,"2026-06-08 04:31:40.881","rem"
"Sarah","2026-06-08 04:29:03.066","2026-05-30","2026-05-30 14:32:00",1780907343,"2026-06-08 04:31:41.129","rem"
"Sarah","2026-06-08 04:29:03.066","2026-05-30","2026-05-30 14:33:00",1780907343,"2026-06-08 04:31:41.637","rem"
"Sarah","2026-06-08 04:29:03.066","2026-05-30","2026-05-30 14:34:00",1780907343,"2026-06-08 04:31:41.845","rem"
"Sarah","2026-06-08 04:29:03.066","2026-05-30","2026-05-30 14:35:00",1780907343,"2026-06-08 04:31:42.031","rem"
"Sarah","2026-06-08 04:29:03.066","2026-05-30","2026-05-30 14:36:00",1780907343,"2026-06-08 04:31:42.2","rem"
"Sarah","2026-06-08 04:29:03.066","2026-05-30","2026-05-30 14:37:00",1780907343,"2026-06-08 04:31:42.373","rem"
"Sarah","2026-06-08 04:29:03.066","2026-05-30","2026-05-30 14:38:00",1780907343,"2026-06-08 04:31:42.539","rem"
"Sarah","2026-06-08 04:29:03.066","2026-05-30","2026-05-30 14:39:00",1780907343,"2026-06-08 04:31:42.697","rem"
"Sarah","2026-06-08 21:32:50.249","2026-05-31","2026-05-31 04:25:00",1780968771,"2026-06-08 21:32:51.445","wake"
"Sarah","2026-06-08 21:32:50.249","2026-05-31","2026-05-31 04:26:00",1780968771,"2026-06-08 21:32:52.233","wake"
"Sarah","2026-06-08 21:32:50.249","2026-05-31","2026-05-31 04:27:00",1780968771,"2026-06-08 21:32:52.401","wake"
"Sarah","2026-06-08 21:32:50.249","2026-05-31","2026-05-31 04:28:00",1780968771,"2026-06-08 21:32:52.601","wake"
"Sarah","2026-06-08 21:32:50.249","2026-05-31","2026-05-31 04:29:00",1780968771,"2026-06-08 21:32:52.753","wake"
"Sarah","2026-06-08 21:32:50.249","2026-05-31","2026-05-31 04:30:00",1780968771,"2026-06-08 21:32:52.913","wake"
"Sarah","2026-06-08 21:32:50.249","2026-05-31","2026-05-31 04:31:00",1780968771,"2026-06-08 21:32:53.085","wake"
"Sarah","2026-06-08 21:32:50.249","2026-05-31","2026-05-31 04:32:00",1780968771,"2026-06-08 21:32:53.269","wake"
"Sarah","2026-06-08 21:32:50.249","2026-05-31","2026-05-31 04:33:00",1780968771,"2026-06-08 21:32:53.651","wake"
"Sarah","2026-06-08 21:32:50.249","2026-05-31","2026-05-31 04:34:00",1780968771,"2026-06-08 21:32:53.807","light"
"Sarah","2026-06-08 21:32:50.249","2026-05-31","2026-05-31 04:35:00",1780968771,"2026-06-08 21:32:53.976","light"
"Sarah","2026-06-08 21:32:50.249","2026-05-31","2026-05-31 04:36:00",1780968771,"2026-06-08 21:32:54.13","light"
"Sarah","2026-06-08 21:32:50.249","2026-05-31","2026-05-31 04:37:00",1780968771,"2026-06-08 21:32:54.303","light"
"Sarah","2026-06-08 21:32:50.249","2026-05-31","2026-05-31 04:38:00",1780968771,"2026-06-08 21:32:54.461","light"
"Sarah","2026-06-08 21:32:50.249","2026-05-31","2026-05-31 04:39:00",1780968771,"2026-06-08 21:32:54.619","light"
"Sarah","2026-06-08 21:32:50.249","2026-05-31","2026-05-31 04:40:00",1780968771,"2026-06-08 21:32:54.784","light"
"Sarah","2026-06-08 21:32:50.249","2026-05-31","2026-05-31 04:41:00",1780968771,"2026-06-08 21:32:54.95","light"
"Sarah","2026-06-08 21:32:50.249","2026-05-31","2026-05-31 04:42:00",1780968771,"2026-06-08 21:32:55.122","light"
"Sarah","2026-06-08 21:32:50.249","2026-05-31","2026-05-31 04:43:00",1780968771,"2026-06-08 21:32:55.286","light"
"Sarah","2026-06-08 21:32:50.249","2026-05-31","2026-05-31 04:44:00",1780968771,"2026-06-08 21:32:55.503","light"
"Sarah","2026-06-08 21:32:50.249","2026-05-31","2026-05-31 04:45:00",1780968771,"2026-06-08 21:32:55.685","light"
"Sarah","2026-06-08 21:32:50.249","2026-05-31","2026-05-31 04:46:00",1780968771,"2026-06-08 21:32:55.865","light"
"Sarah","2026-06-08 21:32:50.249","2026-05-31","2026-05-31 04:47:00",1780968771,"2026-06-08 21:32:56.025","light"
"Sarah","2026-06-08 21:32:50.249","2026-05-31","2026-05-31 04:48:00",1780968771,"2026-06-08 21:32:56.185","light"
"Sarah","2026-06-08 21:32:50.249","2026-05-31","2026-05-31 04:49:00",1780968771,"2026-06-08 21:32:56.348","light"
"Sarah","2026-06-08 21:32:50.249","2026-05-31","2026-05-31 04:50:00",1780968771,"2026-06-08 21:32:56.57","light"
"Sarah","2026-06-08 21:32:50.249","2026-05-31","2026-05-31 04:51:00",1780968771,"2026-06-08 21:32:56.93","light"
"Sarah","2026-06-08 21:32:50.249","2026-05-31","2026-05-31 04:52:00",1780968771,"2026-06-08 21:32:57.22","light"
"Sarah","2026-06-08 21:32:50.249","2026-05-31","2026-05-31 04:53:00",1780968771,"2026-06-08 21:32:57.386","light"
"Sarah","2026-06-08 21:32:50.249","2026-05-31","2026-05-31 04:54:00",1780968771,"2026-06-08 21:32:57.549","light"
"Sarah","2026-06-08 21:32:50.249","2026-05-31","2026-05-31 04:55:00",1780968771,"2026-06-08 21:32:57.724","light"
"Sarah","2026-06-08 21:32:50.249","2026-05-31","2026-05-31 04:56:00",1780968771,"2026-06-08 21:32:57.87","light"
"Sarah","2026-06-08 21:32:50.249","2026-05-31","2026-05-31 04:57:00",1780968771,"2026-06-08 21:32:58.051","light"
"Sarah","2026-06-08 21:32:50.249","2026-05-31","2026-05-31 04:58:00",1780968771,"2026-06-08 21:32:58.197","light"
"Sarah","2026-06-08 21:32:50.249","2026-05-31","2026-05-31 04:59:00",1780968771,"2026-06-08 21:32:58.617","light"
"Sarah","2026-06-08 21:32:50.249","2026-05-31","2026-05-31 05:00:00",1780968771,"2026-06-08 21:32:58.827","light"
"Sarah","2026-06-08 21:32:50.249","2026-05-31","2026-05-31 05:01:00",1780968771,"2026-06-08 21:32:59.382","light"
"Sarah","2026-06-08 21:32:50.249","2026-05-31","2026-05-31 05:02:00",1780968771,"2026-06-08 21:32:59.543","deep"
"Sarah","2026-06-08 21:32:50.249","2026-05-31","2026-05-31 05:03:00",1780968771,"2026-06-08 21:32:59.734","deep"
"Sarah","2026-06-08 21:32:50.249","2026-05-31","2026-05-31 05:04:00",1780968771,"2026-06-08 21:32:59.902","deep"
"Sarah","2026-06-08 21:32:50.249","2026-05-31","2026-05-31 05:05:00",1780968771,"2026-06-08 21:33:00.074","deep"
"Sarah","2026-06-08 21:32:50.249","2026-05-31","2026-05-31 05:06:00",1780968771,"2026-06-08 21:33:00.224","deep"
"Sarah","2026-06-08 21:32:50.249","2026-05-31","2026-05-31 05:07:00",1780968771,"2026-06-08 21:33:00.409","deep"
"Sarah","2026-06-08 21:32:50.249","2026-05-31","2026-05-31 05:08:00",1780968771,"2026-06-08 21:33:00.6","deep"
"Sarah","2026-06-08 21:32:50.249","2026-05-31","2026-05-31 05:09:00",1780968771,"2026-06-08 21:33:00.766","deep"
"Sarah","2026-06-08 21:32:50.249","2026-05-31","2026-05-31 05:10:00",1780968771,"2026-06-08 21:33:00.921","deep"
"Sarah","2026-06-08 21:32:50.249","2026-05-31","2026-05-31 05:11:00",1780968771,"2026-06-08 21:33:01.079","deep"
"Sarah","2026-06-08 21:32:50.249","2026-05-31","2026-05-31 05:12:00",1780968771,"2026-06-08 21:33:01.246","deep"
"Sarah","2026-06-08 21:32:50.249","2026-05-31","2026-05-31 05:13:00",1780968771,"2026-06-08 21:33:01.417","deep"
"Sarah","2026-06-08 21:32:50.249","2026-05-31","2026-05-31 05:14:00",1780968771,"2026-06-08 21:33:01.59","deep"
"Sarah","2026-06-08 21:32:50.249","2026-05-31","2026-05-31 05:15:00",1780968771,"2026-06-08 21:33:01.748","deep"
"Sarah","2026-06-08 21:32:50.249","2026-05-31","2026-05-31 05:16:00",1780968771,"2026-06-08 21:33:01.914","deep"
"Sarah","2026-06-08 21:32:50.249","2026-05-31","2026-05-31 05:17:00",1780968771,"2026-06-08 21:33:02.081","deep"
"Sarah","2026-06-08 21:32:50.249","2026-05-31","2026-05-31 05:18:00",1780968771,"2026-06-08 21:33:02.237","deep"
"Sarah","2026-06-08 21:32:50.249","2026-05-31","2026-05-31 05:19:00",1780968771,"2026-06-08 21:33:02.414","deep"
"Sarah","2026-06-08 21:32:50.249","2026-05-31","2026-05-31 05:20:00",1780968771,"2026-06-08 21:33:02.58","deep"
"Sarah","2026-06-08 21:32:50.249","2026-05-31","2026-05-31 05:21:00",1780968771,"2026-06-08 21:33:02.737","deep"
"Sarah","2026-06-08 21:32:50.249","2026-05-31","2026-05-31 05:22:00",1780968771,"2026-06-08 21:33:02.904","light"
"Sarah","2026-06-08 21:32:50.249","2026-05-31","2026-05-31 05:23:00",1780968771,"2026-06-08 21:33:03.056","light"
"Sarah","2026-06-08 21:32:50.249","2026-05-31","2026-05-31 05:24:00",1780968771,"2026-06-08 21:33:03.22","light"
"Sarah","2026-06-08 21:32:50.249","2026-05-31","2026-05-31 05:25:00",1780968771,"2026-06-08 21:33:03.406","light"
"Sarah","2026-06-08 21:32:50.249","2026-05-31","2026-05-31 05:26:00",1780968771,"2026-06-08 21:33:04.383","light"
"Sarah","2026-06-08 21:32:50.249","2026-05-31","2026-05-31 05:27:00",1780968771,"2026-06-08 21:33:04.699","light"
"Sarah","2026-06-08 21:32:50.249","2026-05-31","2026-05-31 05:28:00",1780968771,"2026-06-08 21:33:04.876","light"
"Sarah","2026-06-08 21:32:50.249","2026-05-31","2026-05-31 05:29:00",1780968771,"2026-06-08 21:33:05.097","light"
"Sarah","2026-06-08 21:32:50.249","2026-05-31","2026-05-31 05:30:00",1780968771,"2026-06-08 21:33:05.284","light"
"Sarah","2026-06-08 21:32:50.249","2026-05-31","2026-05-31 05:31:00",1780968771,"2026-06-08 21:33:05.464","deep"
"Sarah","2026-06-08 21:32:50.249","2026-05-31","2026-05-31 05:32:00",1780968771,"2026-06-08 21:33:05.622","deep"
"Sarah","2026-06-08 21:32:50.249","2026-05-31","2026-05-31 05:33:00",1780968771,"2026-06-08 21:33:05.777","deep"
"Sarah","2026-06-08 21:32:50.249","2026-05-31","2026-05-31 05:34:00",1780968771,"2026-06-08 21:33:05.921","deep"
"Sarah","2026-06-08 21:32:50.249","2026-05-31","2026-05-31 05:35:00",1780968771,"2026-06-08 21:33:06.119","deep"
"Sarah","2026-06-08 21:32:50.249","2026-05-31","2026-05-31 05:36:00",1780968771,"2026-06-08 21:33:06.279","deep"
"Sarah","2026-06-08 21:32:50.249","2026-05-31","2026-05-31 05:37:00",1780968771,"2026-06-08 21:33:06.43","deep"
"Sarah","2026-06-08 21:32:50.249","2026-05-31","2026-05-31 05:38:00",1780968771,"2026-06-08 21:33:06.624","deep"
"Sarah","2026-06-08 21:32:50.249","2026-05-31","2026-05-31 05:39:00",1780968771,"2026-06-08 21:33:06.811","rem"
"Sarah","2026-06-08 21:32:50.249","2026-05-31","2026-05-31 05:40:00",1780968771,"2026-06-08 21:33:06.998","rem"
"Sarah","2026-06-08 21:32:50.249","2026-05-31","2026-05-31 05:41:00",1780968771,"2026-06-08 21:33:07.236","rem"
"Sarah","2026-06-08 21:32:50.249","2026-05-31","2026-05-31 05:42:00",1780968771,"2026-06-08 21:33:07.422","rem"
"Sarah","2026-06-08 21:32:50.249","2026-05-31","2026-05-31 05:43:00",1780968771,"2026-06-08 21:33:07.966","rem"
"Sarah","2026-06-08 21:32:50.249","2026-05-31","2026-05-31 05:44:00",1780968771,"2026-06-08 21:33:08.217","rem"
"Sarah","2026-06-08 21:32:50.249","2026-05-31","2026-05-31 05:45:00",1780968771,"2026-06-08 21:33:08.38","rem"
"Sarah","2026-06-08 21:32:50.249","2026-05-31","2026-05-31 05:46:00",1780968771,"2026-06-08 21:33:08.583","rem"
"Sarah","2026-06-08 21:32:50.249","2026-05-31","2026-05-31 05:47:00",1780968771,"2026-06-08 21:33:09.292","rem"
"Sarah","2026-06-08 21:32:50.249","2026-05-31","2026-05-31 05:48:00",1780968771,"2026-06-08 21:33:10.393","rem"
"Sarah","2026-06-08 21:32:50.249","2026-05-31","2026-05-31 05:49:00",1780968771,"2026-06-08 21:33:10.572","rem"
"Sarah","2026-06-08 21:32:50.249","2026-05-31","2026-05-31 05:50:00",1780968771,"2026-06-08 21:33:10.81","rem"
"Sarah","2026-06-08 21:32:50.249","2026-05-31","2026-05-31 05:51:00",1780968771,"2026-06-08 21:33:12.135","rem"
"Sarah","2026-06-08 21:32:50.249","2026-05-31","2026-05-31 05:52:00",1780968771,"2026-06-08 21:33:12.322","rem"
"Sarah","2026-06-08 21:32:50.249","2026-05-31","2026-05-31 05:53:00",1780968771,"2026-06-08 21:33:12.507","rem"
"Sarah","2026-06-08 21:32:50.249","2026-05-31","2026-05-31 05:54:00",1780968771,"2026-06-08 21:33:12.685","rem"
"Sarah","2026-06-08 21:32:50.249","2026-05-31","2026-05-31 05:55:00",1780968771,"2026-06-08 21:33:12.886","rem"
"Sarah","2026-06-08 21:32:50.249","2026-05-31","2026-05-31 05:56:00",1780968771,"2026-06-08 21:33:13.093","rem"
"Sarah","2026-06-08 21:32:50.249","2026-05-31","2026-05-31 05:57:00",1780968771,"2026-06-08 21:33:13.338","rem"
"Sarah","2026-06-08 21:32:50.249","2026-05-31","2026-05-31 05:58:00",1780968771,"2026-06-08 21:33:13.5","rem"
"Sarah","2026-06-08 21:32:50.249","2026-05-31","2026-05-31 05:59:00",1780968771,"2026-06-08 21:33:13.672","rem"
"Sarah","2026-06-08 21:32:50.249","2026-05-31","2026-05-31 06:00:00",1780968771,"2026-06-08 21:33:13.855","rem"
"Sarah","2026-06-08 21:32:50.249","2026-05-31","2026-05-31 06:01:00",1780968771,"2026-06-08 21:33:14.051","rem"
"Sarah","2026-06-08 21:32:50.249","2026-05-31","2026-05-31 06:02:00",1780968771,"2026-06-08 21:33:14.206","rem"
"Sarah","2026-06-08 21:32:50.249","2026-05-31","2026-05-31 06:03:00",1780968771,"2026-06-08 21:33:14.364","rem"
"Sarah","2026-06-08 21:32:50.249","2026-05-31","2026-05-31 06:04:00",1780968771,"2026-06-08 21:33:14.517","rem"
"Sarah","2026-06-08 21:32:50.249","2026-05-31","2026-05-31 06:05:00",1780968771,"2026-06-08 21:33:15.072","rem"
"Sarah","2026-06-08 21:32:50.249","2026-05-31","2026-05-31 06:06:00",1780968771,"2026-06-08 21:33:15.224","rem"
"Sarah","2026-06-08 21:32:50.249","2026-05-31","2026-05-31 06:07:00",1780968771,"2026-06-08 21:33:15.4","rem"
"Sarah","2026-06-08 21:32:50.249","2026-05-31","2026-05-31 06:08:00",1780968771,"2026-06-08 21:33:15.556","rem"
"Sarah","2026-06-08 21:32:50.249","2026-05-31","2026-05-31 06:09:00",1780968771,"2026-06-08 21:33:15.755","rem"
"Sarah","2026-06-08 21:32:50.249","2026-05-31","2026-05-31 06:10:00",1780968771,"2026-06-08 21:33:15.928","rem"
"Sarah","2026-06-08 21:32:50.249","2026-05-31","2026-05-31 06:11:00",1780968771,"2026-06-08 21:33:16.092","rem"
"Sarah","2026-06-08 21:32:50.249","2026-05-31","2026-05-31 06:12:00",1780968771,"2026-06-08 21:33:16.416","rem"
"Sarah","2026-06-08 21:32:50.249","2026-05-31","2026-05-31 06:13:00",1780968771,"2026-06-08 21:33:16.791","rem"
"Sarah","2026-06-08 21:32:50.249","2026-05-31","2026-05-31 06:14:00",1780968771,"2026-06-08 21:33:16.943","rem"
"Sarah","2026-06-08 21:32:50.249","2026-05-31","2026-05-31 06:15:00",1780968771,"2026-06-08 21:33:17.104","rem"
"Sarah","2026-06-08 21:32:50.249","2026-05-31","2026-05-31 06:16:00",1780968771,"2026-06-08 21:33:17.252","rem"
"Sarah","2026-06-08 21:32:50.249","2026-05-31","2026-05-31 06:17:00",1780968771,"2026-06-08 21:33:17.411","rem"
"Sarah","2026-06-08 21:32:50.249","2026-05-31","2026-05-31 06:18:00",1780968771,"2026-06-08 21:33:17.584","rem"
"Sarah","2026-06-08 21:32:50.249","2026-05-31","2026-05-31 06:19:00",1780968771,"2026-06-08 21:33:17.753","rem"
"Sarah","2026-06-08 21:32:50.249","2026-05-31","2026-05-31 06:20:00",1780968771,"2026-06-08 21:33:17.898","rem"
"Sarah","2026-06-08 21:32:50.249","2026-05-31","2026-05-31 06:21:00",1780968771,"2026-06-08 21:33:18.079","light"
"Sarah","2026-06-08 21:32:50.249","2026-05-31","2026-05-31 06:22:00",1780968771,"2026-06-08 21:33:18.231","light"
"Sarah","2026-06-08 21:32:50.249","2026-05-31","2026-05-31 06:23:00",1780968771,"2026-06-08 21:33:18.497","light"
"Sarah","2026-06-08 21:32:50.249","2026-05-31","2026-05-31 06:24:00",1780968771,"2026-06-08 21:33:18.664","light"
"Sarah","2026-06-08 21:32:50.249","2026-05-31","2026-05-31 06:25:00",1780968771,"2026-06-08 21:33:18.832","light"
"Sarah","2026-06-08 21:32:50.249","2026-05-31","2026-05-31 06:26:00",1780968771,"2026-06-08 21:33:18.96","light"
"Sarah","2026-06-08 21:32:50.249","2026-05-31","2026-05-31 06:27:00",1780968771,"2026-06-08 21:33:19.098","light"
"Sarah","2026-06-08 21:32:50.249","2026-05-31","2026-05-31 06:28:00",1780968771,"2026-06-08 21:33:19.613","light"
"Sarah","2026-06-08 21:32:50.249","2026-05-31","2026-05-31 06:29:00",1780968771,"2026-06-08 21:33:19.769","light"
"Sarah","2026-06-08 21:32:50.249","2026-05-31","2026-05-31 06:30:00",1780968771,"2026-06-08 21:33:19.989","light"
"Sarah","2026-06-08 21:32:50.249","2026-05-31","2026-05-31 06:31:00",1780968771,"2026-06-08 21:33:20.151","light"
"Sarah","2026-06-08 21:32:50.249","2026-05-31","2026-05-31 06:32:00",1780968771,"2026-06-08 21:33:20.35","light"
"Sarah","2026-06-08 21:32:50.249","2026-05-31","2026-05-31 06:33:00",1780968771,"2026-06-08 21:33:20.518","deep"
"Sarah","2026-06-08 21:32:50.249","2026-05-31","2026-05-31 06:34:00",1780968771,"2026-06-08 21:33:20.683","deep"
"Sarah","2026-06-08 21:32:50.249","2026-05-31","2026-05-31 06:35:00",1780968771,"2026-06-08 21:33:20.884","deep"
"Sarah","2026-06-08 21:32:50.249","2026-05-31","2026-05-31 06:36:00",1780968771,"2026-06-08 21:33:21.041","deep"
"Sarah","2026-06-08 21:32:50.249","2026-05-31","2026-05-31 06:37:00",1780968771,"2026-06-08 21:33:21.47","deep"
"Sarah","2026-06-08 21:32:50.249","2026-05-31","2026-05-31 06:38:00",1780968771,"2026-06-08 21:33:21.614","deep"
"Sarah","2026-06-08 21:32:50.249","2026-05-31","2026-05-31 06:39:00",1780968771,"2026-06-08 21:33:21.773","deep"
"Sarah","2026-06-08 21:32:50.249","2026-05-31","2026-05-31 06:40:00",1780968771,"2026-06-08 21:33:21.915","deep"
"Sarah","2026-06-08 21:32:50.249","2026-05-31","2026-05-31 06:41:00",1780968771,"2026-06-08 21:33:22.072","deep"
"Sarah","2026-06-08 21:32:50.249","2026-05-31","2026-05-31 06:42:00",1780968771,"2026-06-08 21:33:22.235","deep"
"Sarah","2026-06-08 21:32:50.249","2026-05-31","2026-05-31 06:43:00",1780968771,"2026-06-08 21:33:22.395","deep"
"Sarah","2026-06-08 21:32:50.249","2026-05-31","2026-05-31 06:44:00",1780968771,"2026-06-08 21:33:22.556","deep"
"Sarah","2026-06-08 21:32:50.249","2026-05-31","2026-05-31 06:45:00",1780968771,"2026-06-08 21:33:22.752","deep"
"Sarah","2026-06-08 21:32:50.249","2026-05-31","2026-05-31 06:46:00",1780968771,"2026-06-08 21:33:22.911","light"
"Sarah","2026-06-08 21:32:50.249","2026-05-31","2026-05-31 06:47:00",1780968771,"2026-06-08 21:33:23.076","light"
"Sarah","2026-06-08 21:32:50.249","2026-05-31","2026-05-31 06:48:00",1780968771,"2026-06-08 21:33:23.279","light"
"Sarah","2026-06-08 21:32:50.249","2026-05-31","2026-05-31 06:49:00",1780968771,"2026-06-08 21:33:24.119","light"
"Sarah","2026-06-08 21:32:50.249","2026-05-31","2026-05-31 06:50:00",1780968771,"2026-06-08 21:33:24.431","light"
"Sarah","2026-06-08 21:32:50.249","2026-05-31","2026-05-31 06:51:00",1780968771,"2026-06-08 21:33:24.578","light"
"Sarah","2026-06-08 21:32:50.249","2026-05-31","2026-05-31 06:52:00",1780968771,"2026-06-08 21:33:24.741","light"
"Sarah","2026-06-08 21:32:50.249","2026-05-31","2026-05-31 06:53:00",1780968771,"2026-06-08 21:33:24.905","light"
"Sarah","2026-06-08 21:32:50.249","2026-05-31","2026-05-31 06:54:00",1780968771,"2026-06-08 21:33:25.505","light"
"Sarah","2026-06-08 21:32:50.249","2026-05-31","2026-05-31 06:55:00",1780968771,"2026-06-08 21:33:25.816","light"
"Sarah","2026-06-08 21:32:50.249","2026-05-31","2026-05-31 06:56:00",1780968771,"2026-06-08 21:33:25.981","light"
"Sarah","2026-06-08 21:32:50.249","2026-05-31","2026-05-31 06:57:00",1780968771,"2026-06-08 21:33:26.144","light"
"Sarah","2026-06-08 21:32:50.249","2026-05-31","2026-05-31 06:58:00",1780968771,"2026-06-08 21:33:26.34","light"
"Sarah","2026-06-08 21:32:50.249","2026-05-31","2026-05-31 06:59:00",1780968771,"2026-06-08 21:33:26.786","light"
"Sarah","2026-06-08 21:32:50.249","2026-05-31","2026-05-31 07:00:00",1780968771,"2026-06-08 21:33:26.952","light"
"Sarah","2026-06-08 21:32:50.249","2026-05-31","2026-05-31 07:01:00",1780968771,"2026-06-08 21:33:27.132","light"
"Sarah","2026-06-08 21:32:50.249","2026-05-31","2026-05-31 07:02:00",1780968771,"2026-06-08 21:33:27.627","deep"
"Sarah","2026-06-08 21:32:50.249","2026-05-31","2026-05-31 07:03:00",1780968771,"2026-06-08 21:33:27.854","deep"
"Sarah","2026-06-08 21:32:50.249","2026-05-31","2026-05-31 07:04:00",1780968771,"2026-06-08 21:33:28.009","deep"
"Sarah","2026-06-08 21:32:50.249","2026-05-31","2026-05-31 07:05:00",1780968771,"2026-06-08 21:33:28.502","deep"
"Sarah","2026-06-08 21:32:50.249","2026-05-31","2026-05-31 07:06:00",1780968771,"2026-06-08 21:33:29.086","deep"
"Sarah","2026-06-08 21:32:50.249","2026-05-31","2026-05-31 07:07:00",1780968771,"2026-06-08 21:33:29.251","deep"
"Sarah","2026-06-08 21:32:50.249","2026-05-31","2026-05-31 07:08:00",1780968771,"2026-06-08 21:33:29.4","deep"
"Sarah","2026-06-08 21:32:50.249","2026-05-31","2026-05-31 07:09:00",1780968771,"2026-06-08 21:33:29.59","deep"
"Sarah","2026-06-08 21:32:50.249","2026-05-31","2026-05-31 07:10:00",1780968771,"2026-06-08 21:33:29.758","light"
"Sarah","2026-06-08 21:32:50.249","2026-05-31","2026-05-31 07:11:00",1780968771,"2026-06-08 21:33:29.931","light"
"Sarah","2026-06-08 21:32:50.249","2026-05-31","2026-05-31 07:12:00",1780968771,"2026-06-08 21:33:30.088","light"
"Sarah","2026-06-08 21:32:50.249","2026-05-31","2026-05-31 07:13:00",1780968771,"2026-06-08 21:33:30.237","light"
"Sarah","2026-06-08 21:32:50.249","2026-05-31","2026-05-31 07:14:00",1780968771,"2026-06-08 21:33:30.402","light"
"Sarah","2026-06-08 21:32:50.249","2026-05-31","2026-05-31 07:15:00",1780968771,"2026-06-08 21:33:30.589","light"
"Sarah","2026-06-08 21:32:50.249","2026-05-31","2026-05-31 07:16:00",1780968771,"2026-06-08 21:33:30.772","light"
"Sarah","2026-06-08 21:32:50.249","2026-05-31","2026-05-31 07:17:00",1780968771,"2026-06-08 21:33:31.515","light"
"Sarah","2026-06-08 21:32:50.249","2026-05-31","2026-05-31 07:18:00",1780968771,"2026-06-08 21:33:31.696","light"
"Sarah","2026-06-08 21:32:50.249","2026-05-31","2026-05-31 07:19:00",1780968771,"2026-06-08 21:33:31.857","light"
"Sarah","2026-06-08 21:32:50.249","2026-05-31","2026-05-31 07:20:00",1780968771,"2026-06-08 21:33:32.257","light"
"Sarah","2026-06-08 21:32:50.249","2026-05-31","2026-05-31 07:21:00",1780968771,"2026-06-08 21:33:32.484","light"
"Sarah","2026-06-08 21:32:50.249","2026-05-31","2026-05-31 07:22:00",1780968771,"2026-06-08 21:33:32.867","light"
"Sarah","2026-06-08 21:32:50.249","2026-05-31","2026-05-31 07:23:00",1780968771,"2026-06-08 21:33:33.772","light"
"Sarah","2026-06-08 21:32:50.249","2026-05-31","2026-05-31 07:24:00",1780968771,"2026-06-08 21:33:33.917","light"
"Sarah","2026-06-08 21:32:50.249","2026-05-31","2026-05-31 07:25:00",1780968771,"2026-06-08 21:33:34.072","light"
"Sarah","2026-06-08 21:32:50.249","2026-05-31","2026-05-31 07:26:00",1780968771,"2026-06-08 21:33:34.258","light"
"Sarah","2026-06-08 21:32:50.249","2026-05-31","2026-05-31 07:27:00",1780968771,"2026-06-08 21:33:34.435","deep"
"Sarah","2026-06-08 21:32:50.249","2026-05-31","2026-05-31 07:28:00",1780968771,"2026-06-08 21:33:34.591","light"
"Sarah","2026-06-08 21:32:50.249","2026-05-31","2026-05-31 07:29:00",1780968771,"2026-06-08 21:33:34.749","light"
"Sarah","2026-06-08 21:32:50.249","2026-05-31","2026-05-31 07:30:00",1780968771,"2026-06-08 21:33:34.905","light"
"Sarah","2026-06-08 21:32:50.249","2026-05-31","2026-05-31 07:31:00",1780968771,"2026-06-08 21:33:35.073","light"
"Sarah","2026-06-08 21:32:50.249","2026-05-31","2026-05-31 07:32:00",1780968771,"2026-06-08 21:33:36.095","light"
"Sarah","2026-06-08 21:32:50.249","2026-05-31","2026-05-31 07:33:00",1780968771,"2026-06-08 21:33:36.303","light"
"Sarah","2026-06-08 21:32:50.249","2026-05-31","2026-05-31 07:34:00",1780968771,"2026-06-08 21:33:36.476","deep"
"Sarah","2026-06-08 21:32:50.249","2026-05-31","2026-05-31 07:35:00",1780968771,"2026-06-08 21:33:36.741","deep"
"Sarah","2026-06-08 21:32:50.249","2026-05-31","2026-05-31 07:36:00",1780968771,"2026-06-08 21:33:36.913","deep"
"Sarah","2026-06-08 21:32:50.249","2026-05-31","2026-05-31 07:37:00",1780968771,"2026-06-08 21:33:37.102","deep"
"Sarah","2026-06-08 21:32:50.249","2026-05-31","2026-05-31 07:38:00",1780968771,"2026-06-08 21:33:37.619","deep"
"Sarah","2026-06-08 21:32:50.249","2026-05-31","2026-05-31 07:39:00",1780968771,"2026-06-08 21:33:37.769","deep"
"Sarah","2026-06-08 21:32:50.249","2026-05-31","2026-05-31 07:40:00",1780968771,"2026-06-08 21:33:37.943","deep"
"Sarah","2026-06-08 21:32:50.249","2026-05-31","2026-05-31 07:41:00",1780968771,"2026-06-08 21:33:38.159","deep"
"Sarah","2026-06-08 21:32:50.249","2026-05-31","2026-05-31 07:42:00",1780968771,"2026-06-08 21:33:38.349","deep"
"Sarah","2026-06-08 21:32:50.249","2026-05-31","2026-05-31 07:43:00",1780968771,"2026-06-08 21:33:39.773","deep"
"Sarah","2026-06-08 21:32:50.249","2026-05-31","2026-05-31 07:44:00",1780968771,"2026-06-08 21:33:40.463","deep"
"Sarah","2026-06-08 21:32:50.249","2026-05-31","2026-05-31 07:45:00",1780968771,"2026-06-08 21:33:40.631","deep"
"Sarah","2026-06-08 21:32:50.249","2026-05-31","2026-05-31 07:46:00",1780968771,"2026-06-08 21:33:41.803","deep"
"Sarah","2026-06-08 21:32:50.249","2026-05-31","2026-05-31 07:47:00",1780968771,"2026-06-08 21:33:42.003","deep"
"Sarah","2026-06-08 21:32:50.249","2026-05-31","2026-05-31 07:48:00",1780968771,"2026-06-08 21:33:42.251","deep"
"Sarah","2026-06-08 21:32:50.249","2026-05-31","2026-05-31 07:49:00",1780968771,"2026-06-08 21:33:42.461","deep"
"Sarah","2026-06-08 21:32:50.249","2026-05-31","2026-05-31 07:50:00",1780968771,"2026-06-08 21:33:42.743","deep"
"Sarah","2026-06-08 21:32:50.249","2026-05-31","2026-05-31 07:51:00",1780968771,"2026-06-08 21:33:43.15","deep"
"Sarah","2026-06-08 21:32:50.249","2026-05-31","2026-05-31 07:52:00",1780968771,"2026-06-08 21:33:43.482","deep"
"Sarah","2026-06-08 21:32:50.249","2026-05-31","2026-05-31 07:53:00",1780968771,"2026-06-08 21:33:43.73","deep"
"Sarah","2026-06-08 21:32:50.249","2026-05-31","2026-05-31 07:54:00",1780968771,"2026-06-08 21:33:44.304","deep"
"Sarah","2026-06-08 21:32:50.249","2026-05-31","2026-05-31 07:55:00",1780968771,"2026-06-08 21:33:44.601","light"
"Sarah","2026-06-08 21:32:50.249","2026-05-31","2026-05-31 07:56:00",1780968771,"2026-06-08 21:33:44.866","light"
"Sarah","2026-06-08 21:32:50.249","2026-05-31","2026-05-31 07:57:00",1780968771,"2026-06-08 21:33:45.068","light"
"Sarah","2026-06-08 21:32:50.249","2026-05-31","2026-05-31 07:58:00",1780968771,"2026-06-08 21:33:45.318","light"
"Sarah","2026-06-08 21:32:50.249","2026-05-31","2026-05-31 07:59:00",1780968771,"2026-06-08 21:33:45.475","light"
"Sarah","2026-06-08 21:32:50.249","2026-05-31","2026-05-31 08:00:00",1780968771,"2026-06-08 21:33:45.64","light"
"Sarah","2026-06-08 21:32:50.249","2026-05-31","2026-05-31 08:01:00",1780968771,"2026-06-08 21:33:45.831","light"
"Sarah","2026-06-08 21:32:50.249","2026-05-31","2026-05-31 08:02:00",1780968771,"2026-06-08 21:33:46.032","rem"
"Sarah","2026-06-08 21:32:50.249","2026-05-31","2026-05-31 08:03:00",1780968771,"2026-06-08 21:33:46.186","rem"
"Sarah","2026-06-08 21:32:50.249","2026-05-31","2026-05-31 08:04:00",1780968771,"2026-06-08 21:33:46.362","rem"
"Sarah","2026-06-08 21:32:50.249","2026-05-31","2026-05-31 08:05:00",1780968771,"2026-06-08 21:33:46.738","rem"
"Sarah","2026-06-08 21:32:50.249","2026-05-31","2026-05-31 08:06:00",1780968771,"2026-06-08 21:33:47.363","rem"
"Sarah","2026-06-08 21:32:50.249","2026-05-31","2026-05-31 08:07:00",1780968771,"2026-06-08 21:33:47.646","rem"
"Sarah","2026-06-08 21:32:50.249","2026-05-31","2026-05-31 08:08:00",1780968771,"2026-06-08 21:33:47.917","rem"
"Sarah","2026-06-08 21:32:50.249","2026-05-31","2026-05-31 08:09:00",1780968771,"2026-06-08 21:33:48.162","rem"
"Sarah","2026-06-08 21:32:50.249","2026-05-31","2026-05-31 08:10:00",1780968771,"2026-06-08 21:33:48.508","rem"
"Sarah","2026-06-08 21:32:50.249","2026-05-31","2026-05-31 08:11:00",1780968771,"2026-06-08 21:33:48.775","rem"
"Sarah","2026-06-08 21:32:50.249","2026-05-31","2026-05-31 08:12:00",1780968771,"2026-06-08 21:33:49.141","rem"
"Sarah","2026-06-08 21:32:50.249","2026-05-31","2026-05-31 08:13:00",1780968771,"2026-06-08 21:33:49.695","rem"
"Sarah","2026-06-08 21:32:50.249","2026-05-31","2026-05-31 08:14:00",1780968771,"2026-06-08 21:33:50.238","rem"
"Sarah","2026-06-08 21:32:50.249","2026-05-31","2026-05-31 08:15:00",1780968771,"2026-06-08 21:33:50.419","rem"
"Sarah","2026-06-08 21:32:50.249","2026-05-31","2026-05-31 08:16:00",1780968771,"2026-06-08 21:33:50.719","rem"
"Sarah","2026-06-08 21:32:50.249","2026-05-31","2026-05-31 08:17:00",1780968771,"2026-06-08 21:33:51.331","rem"
"Sarah","2026-06-08 21:32:50.249","2026-05-31","2026-05-31 08:18:00",1780968771,"2026-06-08 21:33:51.773","rem"
"Sarah","2026-06-08 21:32:50.249","2026-05-31","2026-05-31 08:19:00",1780968771,"2026-06-08 21:33:52.191","rem"
"Sarah","2026-06-08 21:32:50.249","2026-05-31","2026-05-31 08:20:00",1780968771,"2026-06-08 21:33:52.414","rem"
"Sarah","2026-06-08 21:32:50.249","2026-05-31","2026-05-31 08:21:00",1780968771,"2026-06-08 21:33:52.725","rem"
"Sarah","2026-06-08 21:32:50.249","2026-05-31","2026-05-31 08:22:00",1780968771,"2026-06-08 21:33:52.943","rem"
"Sarah","2026-06-08 21:32:50.249","2026-05-31","2026-05-31 08:23:00",1780968771,"2026-06-08 21:33:53.111","rem"
"Sarah","2026-06-08 21:32:50.249","2026-05-31","2026-05-31 08:24:00",1780968771,"2026-06-08 21:33:53.292","rem"
"Sarah","2026-06-08 21:32:50.249","2026-05-31","2026-05-31 08:25:00",1780968771,"2026-06-08 21:33:53.45","rem"
"Sarah","2026-06-08 21:32:50.249","2026-05-31","2026-05-31 08:26:00",1780968771,"2026-06-08 21:33:53.727","rem"
"Sarah","2026-06-08 21:32:50.249","2026-05-31","2026-05-31 08:27:00",1780968771,"2026-06-08 21:33:53.896","rem"
"Sarah","2026-06-08 21:32:50.249","2026-05-31","2026-05-31 08:28:00",1780968771,"2026-06-08 21:33:54.043","rem"
"Sarah","2026-06-08 21:32:50.249","2026-05-31","2026-05-31 08:29:00",1780968771,"2026-06-08 21:33:54.179","light"
"Sarah","2026-06-08 21:32:50.249","2026-05-31","2026-05-31 08:30:00",1780968771,"2026-06-08 21:33:54.32","light"
"Sarah","2026-06-08 21:32:50.249","2026-05-31","2026-05-31 08:31:00",1780968771,"2026-06-08 21:33:54.657","light"
"Sarah","2026-06-08 21:32:50.249","2026-05-31","2026-05-31 08:32:00",1780968771,"2026-06-08 21:33:54.792","light"
"Sarah","2026-06-08 21:32:50.249","2026-05-31","2026-05-31 08:33:00",1780968771,"2026-06-08 21:33:55","light"
"Sarah","2026-06-08 21:32:50.249","2026-05-31","2026-05-31 08:34:00",1780968771,"2026-06-08 21:33:55.203","light"
"Sarah","2026-06-08 21:32:50.249","2026-05-31","2026-05-31 08:35:00",1780968771,"2026-06-08 21:33:55.359","light"
"Sarah","2026-06-08 21:32:50.249","2026-05-31","2026-05-31 08:36:00",1780968771,"2026-06-08 21:33:55.53","light"
"Sarah","2026-06-08 21:32:50.249","2026-05-31","2026-05-31 08:37:00",1780968771,"2026-06-08 21:33:55.686","light"
"Sarah","2026-06-08 21:32:50.249","2026-05-31","2026-05-31 08:38:00",1780968771,"2026-06-08 21:33:56.014","light"
"Sarah","2026-06-08 21:32:50.249","2026-05-31","2026-05-31 08:39:00",1780968771,"2026-06-08 21:33:56.239","light"
"Sarah","2026-06-08 21:32:50.249","2026-05-31","2026-05-31 08:40:00",1780968771,"2026-06-08 21:33:56.407","light"
"Sarah","2026-06-08 21:32:50.249","2026-05-31","2026-05-31 08:41:00",1780968771,"2026-06-08 21:33:56.665","light"
"Sarah","2026-06-08 21:32:50.249","2026-05-31","2026-05-31 08:42:00",1780968771,"2026-06-08 21:33:56.932","light"
"Sarah","2026-06-08 21:32:50.249","2026-05-31","2026-05-31 08:43:00",1780968771,"2026-06-08 21:33:57.144","light"
"Sarah","2026-06-08 21:32:50.249","2026-05-31","2026-05-31 08:44:00",1780968771,"2026-06-08 21:33:58.03","light"
"Sarah","2026-06-08 21:32:50.249","2026-05-31","2026-05-31 08:45:00",1780968771,"2026-06-08 21:33:58.177","light"
"Sarah","2026-06-08 21:32:50.249","2026-05-31","2026-05-31 08:46:00",1780968771,"2026-06-08 21:33:58.474","light"
"Sarah","2026-06-08 21:32:50.249","2026-05-31","2026-05-31 08:47:00",1780968771,"2026-06-08 21:33:59.319","light"
"Sarah","2026-06-08 21:32:50.249","2026-05-31","2026-05-31 08:48:00",1780968771,"2026-06-08 21:33:59.472","light"
"Sarah","2026-06-08 21:32:50.249","2026-05-31","2026-05-31 08:49:00",1780968771,"2026-06-08 21:33:59.625","light"
"Sarah","2026-06-08 21:32:50.249","2026-05-31","2026-05-31 08:50:00",1780968771,"2026-06-08 21:34:01.166","light"
"Sarah","2026-06-08 21:32:50.249","2026-05-31","2026-05-31 08:51:00",1780968771,"2026-06-08 21:34:01.311","light"
"Sarah","2026-06-08 21:32:50.249","2026-05-31","2026-05-31 08:52:00",1780968771,"2026-06-08 21:34:01.464","light"
"Sarah","2026-06-08 21:32:50.249","2026-05-31","2026-05-31 08:53:00",1780968771,"2026-06-08 21:34:01.605","light"
"Sarah","2026-06-08 21:32:50.249","2026-05-31","2026-05-31 08:54:00",1780968771,"2026-06-08 21:34:01.831","light"
"Sarah","2026-06-08 21:32:50.249","2026-05-31","2026-05-31 08:55:00",1780968771,"2026-06-08 21:34:02.271","light"
"Sarah","2026-06-08 21:32:50.249","2026-05-31","2026-05-31 08:56:00",1780968771,"2026-06-08 21:34:02.412","light"
"Sarah","2026-06-08 21:32:50.249","2026-05-31","2026-05-31 08:57:00",1780968771,"2026-06-08 21:34:02.564","light"
"Sarah","2026-06-08 21:32:50.249","2026-05-31","2026-05-31 08:58:00",1780968771,"2026-06-08 21:34:02.721","light"
"Sarah","2026-06-08 21:32:50.249","2026-05-31","2026-05-31 08:59:00",1780968771,"2026-06-08 21:34:03.335","light"
"Sarah","2026-06-08 21:32:50.249","2026-05-31","2026-05-31 09:00:00",1780968771,"2026-06-08 21:34:03.492","deep"
"Sarah","2026-06-08 21:32:50.249","2026-05-31","2026-05-31 09:01:00",1780968771,"2026-06-08 21:34:03.633","deep"
"Sarah","2026-06-08 21:32:50.249","2026-05-31","2026-05-31 09:02:00",1780968771,"2026-06-08 21:34:03.811","deep"
"Sarah","2026-06-08 21:32:50.249","2026-05-31","2026-05-31 09:03:00",1780968771,"2026-06-08 21:34:04.051","deep"
"Sarah","2026-06-08 21:32:50.249","2026-05-31","2026-05-31 09:04:00",1780968771,"2026-06-08 21:34:04.213","deep"
"Sarah","2026-06-08 21:32:50.249","2026-05-31","2026-05-31 09:05:00",1780968771,"2026-06-08 21:34:04.365","deep"
"Sarah","2026-06-08 21:32:50.249","2026-05-31","2026-05-31 09:06:00",1780968771,"2026-06-08 21:34:04.529","deep"
"Sarah","2026-06-08 21:32:50.249","2026-05-31","2026-05-31 09:07:00",1780968771,"2026-06-08 21:34:04.665","deep"
"Sarah","2026-06-08 21:32:50.249","2026-05-31","2026-05-31 09:08:00",1780968771,"2026-06-08 21:34:04.81","deep"
"Sarah","2026-06-08 21:32:50.249","2026-05-31","2026-05-31 09:09:00",1780968771,"2026-06-08 21:34:05.429","deep"
"Sarah","2026-06-08 21:32:50.249","2026-05-31","2026-05-31 09:10:00",1780968771,"2026-06-08 21:34:05.569","deep"
"Sarah","2026-06-08 21:32:50.249","2026-05-31","2026-05-31 09:11:00",1780968771,"2026-06-08 21:34:05.728","deep"
"Sarah","2026-06-08 21:32:50.249","2026-05-31","2026-05-31 09:12:00",1780968771,"2026-06-08 21:34:05.873","deep"
"Sarah","2026-06-08 21:32:50.249","2026-05-31","2026-05-31 09:13:00",1780968771,"2026-06-08 21:34:06.037","deep"
"Sarah","2026-06-08 21:32:50.249","2026-05-31","2026-05-31 09:14:00",1780968771,"2026-06-08 21:34:06.799","deep"
"Sarah","2026-06-08 21:32:50.249","2026-05-31","2026-05-31 09:15:00",1780968771,"2026-06-08 21:34:06.967","deep"
"Sarah","2026-06-08 21:32:50.249","2026-05-31","2026-05-31 09:16:00",1780968771,"2026-06-08 21:34:07.197","deep"
"Sarah","2026-06-08 21:32:50.249","2026-05-31","2026-05-31 09:17:00",1780968771,"2026-06-08 21:34:08.401","deep"
"Sarah","2026-06-08 21:32:50.249","2026-05-31","2026-05-31 09:18:00",1780968771,"2026-06-08 21:34:08.553","deep"
"Sarah","2026-06-08 21:32:50.249","2026-05-31","2026-05-31 09:19:00",1780968771,"2026-06-08 21:34:08.959","deep"
"Sarah","2026-06-08 21:32:50.249","2026-05-31","2026-05-31 09:20:00",1780968771,"2026-06-08 21:34:09.123","deep"
"Sarah","2026-06-08 21:32:50.249","2026-05-31","2026-05-31 09:21:00",1780968771,"2026-06-08 21:34:09.265","deep"
"Sarah","2026-06-08 21:32:50.249","2026-05-31","2026-05-31 09:22:00",1780968771,"2026-06-08 21:34:09.495","light"
"Sarah","2026-06-08 21:32:50.249","2026-05-31","2026-05-31 09:23:00",1780968771,"2026-06-08 21:34:09.633","light"
"Sarah","2026-06-08 21:32:50.249","2026-05-31","2026-05-31 09:24:00",1780968771,"2026-06-08 21:34:09.786","light"
"Sarah","2026-06-08 21:32:50.249","2026-05-31","2026-05-31 09:25:00",1780968771,"2026-06-08 21:34:10.006","light"
"Sarah","2026-06-08 21:32:50.249","2026-05-31","2026-05-31 09:26:00",1780968771,"2026-06-08 21:34:10.179","light"
"Sarah","2026-06-08 21:32:50.249","2026-05-31","2026-05-31 09:27:00",1780968771,"2026-06-08 21:34:10.357","light"
"Sarah","2026-06-08 21:32:50.249","2026-05-31","2026-05-31 09:28:00",1780968771,"2026-06-08 21:34:10.539","light"
"Sarah","2026-06-08 21:32:50.249","2026-05-31","2026-05-31 09:29:00",1780968771,"2026-06-08 21:34:10.69","rem"
"Sarah","2026-06-08 21:32:50.249","2026-05-31","2026-05-31 09:30:00",1780968771,"2026-06-08 21:34:10.857","rem"
"Sarah","2026-06-08 21:32:50.249","2026-05-31","2026-05-31 09:31:00",1780968771,"2026-06-08 21:34:11.005","rem"
"Sarah","2026-06-08 21:32:50.249","2026-05-31","2026-05-31 09:32:00",1780968771,"2026-06-08 21:34:11.155","rem"
"Sarah","2026-06-08 21:32:50.249","2026-05-31","2026-05-31 09:33:00",1780968771,"2026-06-08 21:34:12.105","rem"
"Sarah","2026-06-08 21:32:50.249","2026-05-31","2026-05-31 09:34:00",1780968771,"2026-06-08 21:34:12.267","rem"
"Sarah","2026-06-08 21:32:50.249","2026-05-31","2026-05-31 09:35:00",1780968771,"2026-06-08 21:34:12.426","rem"
"Sarah","2026-06-08 21:32:50.249","2026-05-31","2026-05-31 09:36:00",1780968771,"2026-06-08 21:34:12.593","rem"
"Sarah","2026-06-08 21:32:50.249","2026-05-31","2026-05-31 09:37:00",1780968771,"2026-06-08 21:34:12.747","rem"
"Sarah","2026-06-08 21:32:50.249","2026-05-31","2026-05-31 09:38:00",1780968771,"2026-06-08 21:34:12.925","rem"
"Sarah","2026-06-08 21:32:50.249","2026-05-31","2026-05-31 09:39:00",1780968771,"2026-06-08 21:34:13.114","rem"
"Sarah","2026-06-08 21:32:50.249","2026-05-31","2026-05-31 09:40:00",1780968771,"2026-06-08 21:34:13.278","rem"
"Sarah","2026-06-08 21:32:50.249","2026-05-31","2026-05-31 09:41:00",1780968771,"2026-06-08 21:34:13.452","rem"
"Sarah","2026-06-08 21:32:50.249","2026-05-31","2026-05-31 09:42:00",1780968771,"2026-06-08 21:34:13.729","rem"
"Sarah","2026-06-08 21:32:50.249","2026-05-31","2026-05-31 09:43:00",1780968771,"2026-06-08 21:34:13.879","rem"
"Sarah","2026-06-08 21:32:50.249","2026-05-31","2026-05-31 09:44:00",1780968771,"2026-06-08 21:34:14.044","rem"
"Sarah","2026-06-08 21:32:50.249","2026-05-31","2026-05-31 09:45:00",1780968771,"2026-06-08 21:34:14.209","rem"
"Sarah","2026-06-08 21:32:50.249","2026-05-31","2026-05-31 09:46:00",1780968771,"2026-06-08 21:34:14.38","rem"
"Sarah","2026-06-08 21:32:50.249","2026-05-31","2026-05-31 09:47:00",1780968771,"2026-06-08 21:34:14.557","rem"
"Sarah","2026-06-08 21:32:50.249","2026-05-31","2026-05-31 09:48:00",1780968771,"2026-06-08 21:34:14.855","rem"
"Sarah","2026-06-08 21:32:50.249","2026-05-31","2026-05-31 09:49:00",1780968771,"2026-06-08 21:34:15.091","rem"
"Sarah","2026-06-08 21:32:50.249","2026-05-31","2026-05-31 09:50:00",1780968771,"2026-06-08 21:34:15.252","rem"
"Sarah","2026-06-08 21:32:50.249","2026-05-31","2026-05-31 09:51:00",1780968771,"2026-06-08 21:34:15.42","rem"
"Sarah","2026-06-08 21:32:50.249","2026-05-31","2026-05-31 09:52:00",1780968771,"2026-06-08 21:34:15.598","rem"
"Sarah","2026-06-08 21:32:50.249","2026-05-31","2026-05-31 09:53:00",1780968771,"2026-06-08 21:34:15.85","rem"
"Sarah","2026-06-08 21:32:50.249","2026-05-31","2026-05-31 09:54:00",1780968771,"2026-06-08 21:34:16.095","rem"
"Sarah","2026-06-08 21:32:50.249","2026-05-31","2026-05-31 09:55:00",1780968771,"2026-06-08 21:34:17.01","rem"
"Sarah","2026-06-08 21:32:50.249","2026-05-31","2026-05-31 09:56:00",1780968771,"2026-06-08 21:34:17.184","rem"
"Sarah","2026-06-08 21:32:50.249","2026-05-31","2026-05-31 09:57:00",1780968771,"2026-06-08 21:34:17.473","rem"
"Sarah","2026-06-08 21:32:50.249","2026-05-31","2026-05-31 09:58:00",1780968771,"2026-06-08 21:34:17.621","light"
"Sarah","2026-06-08 21:32:50.249","2026-05-31","2026-05-31 09:59:00",1780968771,"2026-06-08 21:34:17.796","light"
"Sarah","2026-06-08 21:32:50.249","2026-05-31","2026-05-31 10:00:00",1780968771,"2026-06-08 21:34:17.951","light"
"Sarah","2026-06-08 21:32:50.249","2026-05-31","2026-05-31 10:01:00",1780968771,"2026-06-08 21:34:18.115","light"
"Sarah","2026-06-08 21:32:50.249","2026-05-31","2026-05-31 10:02:00",1780968771,"2026-06-08 21:34:18.297","light"
"Sarah","2026-06-08 21:32:50.249","2026-05-31","2026-05-31 10:03:00",1780968771,"2026-06-08 21:34:18.527","light"
"Sarah","2026-06-08 21:32:50.249","2026-05-31","2026-05-31 10:04:00",1780968771,"2026-06-08 21:34:18.791","light"
"Sarah","2026-06-08 21:32:50.249","2026-05-31","2026-05-31 10:05:00",1780968771,"2026-06-08 21:34:19.015","light"
"Sarah","2026-06-08 21:32:50.249","2026-05-31","2026-05-31 10:06:00",1780968771,"2026-06-08 21:34:19.181","light"
"Sarah","2026-06-08 21:32:50.249","2026-05-31","2026-05-31 10:07:00",1780968771,"2026-06-08 21:34:19.481","light"
"Sarah","2026-06-08 21:32:50.249","2026-05-31","2026-05-31 10:08:00",1780968771,"2026-06-08 21:34:19.665","light"
"Sarah","2026-06-08 21:32:50.249","2026-05-31","2026-05-31 10:09:00",1780968771,"2026-06-08 21:34:19.89","light"
"Sarah","2026-06-08 21:32:50.249","2026-05-31","2026-05-31 10:10:00",1780968771,"2026-06-08 21:34:20.07","light"
"Sarah","2026-06-08 21:32:50.249","2026-05-31","2026-05-31 10:11:00",1780968771,"2026-06-08 21:34:20.301","light"
"Sarah","2026-06-08 21:32:50.249","2026-05-31","2026-05-31 10:12:00",1780968771,"2026-06-08 21:34:20.589","light"
"Sarah","2026-06-08 21:32:50.249","2026-05-31","2026-05-31 10:13:00",1780968771,"2026-06-08 21:34:20.821","light"
"Sarah","2026-06-08 21:32:50.249","2026-05-31","2026-05-31 10:14:00",1780968771,"2026-06-08 21:34:21.047","light"
"Sarah","2026-06-08 21:32:50.249","2026-05-31","2026-05-31 10:15:00",1780968771,"2026-06-08 21:34:21.202","light"
"Sarah","2026-06-08 21:32:50.249","2026-05-31","2026-05-31 10:16:00",1780968771,"2026-06-08 21:34:22.274","light"
"Sarah","2026-06-08 21:32:50.249","2026-05-31","2026-05-31 10:17:00",1780968771,"2026-06-08 21:34:22.547","light"
"Sarah","2026-06-08 21:32:50.249","2026-05-31","2026-05-31 10:18:00",1780968771,"2026-06-08 21:34:22.698","light"
"Sarah","2026-06-08 21:32:50.249","2026-05-31","2026-05-31 10:19:00",1780968771,"2026-06-08 21:34:22.889","light"
"Sarah","2026-06-08 21:32:50.249","2026-05-31","2026-05-31 10:20:00",1780968771,"2026-06-08 21:34:23.081","light"
"Sarah","2026-06-08 21:32:50.249","2026-05-31","2026-05-31 10:21:00",1780968771,"2026-06-08 21:34:23.294","light"
"Sarah","2026-06-08 21:32:50.249","2026-05-31","2026-05-31 10:22:00",1780968771,"2026-06-08 21:34:23.466","light"
"Sarah","2026-06-08 21:32:50.249","2026-05-31","2026-05-31 10:23:00",1780968771,"2026-06-08 21:34:23.747","light"
"Sarah","2026-06-08 21:32:50.249","2026-05-31","2026-05-31 10:24:00",1780968771,"2026-06-08 21:34:23.978","light"
"Sarah","2026-06-08 21:32:50.249","2026-05-31","2026-05-31 10:25:00",1780968771,"2026-06-08 21:34:24.211","light"
"Sarah","2026-06-08 21:32:50.249","2026-05-31","2026-05-31 10:26:00",1780968771,"2026-06-08 21:34:24.57","light"
"Sarah","2026-06-08 21:32:50.249","2026-05-31","2026-05-31 10:27:00",1780968771,"2026-06-08 21:34:24.833","light"
"Sarah","2026-06-08 21:32:50.249","2026-05-31","2026-05-31 10:28:00",1780968771,"2026-06-08 21:34:25.181","light"
"Sarah","2026-06-08 21:32:50.249","2026-05-31","2026-05-31 10:29:00",1780968771,"2026-06-08 21:34:25.44","light"
"Sarah","2026-06-08 21:32:50.249","2026-05-31","2026-05-31 10:30:00",1780968771,"2026-06-08 21:34:26.762","light"
"Sarah","2026-06-08 21:32:50.249","2026-05-31","2026-05-31 10:31:00",1780968771,"2026-06-08 21:34:26.93","light"
"Sarah","2026-06-08 21:32:50.249","2026-05-31","2026-05-31 10:32:00",1780968771,"2026-06-08 21:34:27.335","light"
"Sarah","2026-06-08 21:32:50.249","2026-05-31","2026-05-31 10:33:00",1780968771,"2026-06-08 21:34:27.546","deep"
"Sarah","2026-06-08 21:32:50.249","2026-05-31","2026-05-31 10:34:00",1780968771,"2026-06-08 21:34:27.744","deep"
"Sarah","2026-06-08 21:32:50.249","2026-05-31","2026-05-31 10:35:00",1780968771,"2026-06-08 21:34:27.911","deep"
"Sarah","2026-06-08 21:32:50.249","2026-05-31","2026-05-31 10:36:00",1780968771,"2026-06-08 21:34:28.136","deep"
"Sarah","2026-06-08 21:32:50.249","2026-05-31","2026-05-31 10:37:00",1780968771,"2026-06-08 21:34:28.314","deep"
"Sarah","2026-06-08 21:32:50.249","2026-05-31","2026-05-31 10:38:00",1780968771,"2026-06-08 21:34:28.49","deep"
"Sarah","2026-06-08 21:32:50.249","2026-05-31","2026-05-31 10:39:00",1780968771,"2026-06-08 21:34:28.651","deep"
"Sarah","2026-06-08 21:32:50.249","2026-05-31","2026-05-31 10:40:00",1780968771,"2026-06-08 21:34:28.807","deep"
"Sarah","2026-06-08 21:32:50.249","2026-05-31","2026-05-31 10:41:00",1780968771,"2026-06-08 21:34:28.965","deep"
"Sarah","2026-06-08 21:32:50.249","2026-05-31","2026-05-31 10:42:00",1780968771,"2026-06-08 21:34:29.126","deep"
"Sarah","2026-06-08 21:32:50.249","2026-05-31","2026-05-31 10:43:00",1780968771,"2026-06-08 21:34:29.281","deep"
"Sarah","2026-06-08 21:32:50.249","2026-05-31","2026-05-31 10:44:00",1780968771,"2026-06-08 21:34:29.452","deep"
"Sarah","2026-06-08 21:32:50.249","2026-05-31","2026-05-31 10:45:00",1780968771,"2026-06-08 21:34:29.644","deep"
"Sarah","2026-06-08 21:32:50.249","2026-05-31","2026-05-31 10:46:00",1780968771,"2026-06-08 21:34:29.789","deep"
"Sarah","2026-06-08 21:32:50.249","2026-05-31","2026-05-31 10:47:00",1780968771,"2026-06-08 21:34:29.946","deep"
"Sarah","2026-06-08 21:32:50.249","2026-05-31","2026-05-31 10:48:00",1780968771,"2026-06-08 21:34:30.102","wake"
"Sarah","2026-06-08 23:48:12.18","2026-06-01","2026-06-01 01:32:00",1780976893,"2026-06-08 23:48:13.758","wake"
"Sarah","2026-06-08 23:48:12.18","2026-06-01","2026-06-01 01:33:00",1780976893,"2026-06-08 23:48:14.693","wake"
"Sarah","2026-06-08 23:48:12.18","2026-06-01","2026-06-01 01:34:00",1780976893,"2026-06-08 23:48:14.834","wake"
"Sarah","2026-06-08 23:48:12.18","2026-06-01","2026-06-01 01:35:00",1780976893,"2026-06-08 23:48:14.971","wake"
"Sarah","2026-06-08 23:48:12.18","2026-06-01","2026-06-01 01:36:00",1780976893,"2026-06-08 23:48:15.117","light"
"Sarah","2026-06-08 23:48:12.18","2026-06-01","2026-06-01 01:37:00",1780976893,"2026-06-08 23:48:15.284","light"
"Sarah","2026-06-08 23:48:12.18","2026-06-01","2026-06-01 01:38:00",1780976893,"2026-06-08 23:48:15.426","light"
"Sarah","2026-06-08 23:48:12.18","2026-06-01","2026-06-01 01:39:00",1780976893,"2026-06-08 23:48:15.578","light"
"Sarah","2026-06-08 23:48:12.18","2026-06-01","2026-06-01 01:40:00",1780976893,"2026-06-08 23:48:15.714","light"
"Sarah","2026-06-08 23:48:12.18","2026-06-01","2026-06-01 01:41:00",1780976893,"2026-06-08 23:48:15.881","light"
"Sarah","2026-06-08 23:48:12.18","2026-06-01","2026-06-01 01:42:00",1780976893,"2026-06-08 23:48:16.023","light"
"Sarah","2026-06-08 23:48:12.18","2026-06-01","2026-06-01 01:43:00",1780976893,"2026-06-08 23:48:16.216","light"
"Sarah","2026-06-08 23:48:12.18","2026-06-01","2026-06-01 01:44:00",1780976893,"2026-06-08 23:48:16.367","light"
"Sarah","2026-06-08 23:48:12.18","2026-06-01","2026-06-01 01:45:00",1780976893,"2026-06-08 23:48:16.518","light"
"Sarah","2026-06-08 23:48:12.18","2026-06-01","2026-06-01 01:46:00",1780976893,"2026-06-08 23:48:16.665","light"
"Sarah","2026-06-08 23:48:12.18","2026-06-01","2026-06-01 01:47:00",1780976893,"2026-06-08 23:48:16.823","light"
"Sarah","2026-06-08 23:48:12.18","2026-06-01","2026-06-01 01:48:00",1780976893,"2026-06-08 23:48:16.983","deep"
"Sarah","2026-06-08 23:48:12.18","2026-06-01","2026-06-01 01:49:00",1780976893,"2026-06-08 23:48:17.115","deep"
"Sarah","2026-06-08 23:48:12.18","2026-06-01","2026-06-01 01:50:00",1780976893,"2026-06-08 23:48:17.259","deep"
"Sarah","2026-06-08 23:48:12.18","2026-06-01","2026-06-01 01:51:00",1780976893,"2026-06-08 23:48:17.399","deep"
"Sarah","2026-06-08 23:48:12.18","2026-06-01","2026-06-01 01:52:00",1780976893,"2026-06-08 23:48:17.529","deep"
"Sarah","2026-06-08 23:48:12.18","2026-06-01","2026-06-01 01:53:00",1780976893,"2026-06-08 23:48:17.682","deep"
"Sarah","2026-06-08 23:48:12.18","2026-06-01","2026-06-01 01:54:00",1780976893,"2026-06-08 23:48:18.463","deep"
"Sarah","2026-06-08 23:48:12.18","2026-06-01","2026-06-01 01:55:00",1780976893,"2026-06-08 23:48:18.608","deep"
"Sarah","2026-06-08 23:48:12.18","2026-06-01","2026-06-01 01:56:00",1780976893,"2026-06-08 23:48:18.79","deep"
"Sarah","2026-06-08 23:48:12.18","2026-06-01","2026-06-01 01:57:00",1780976893,"2026-06-08 23:48:18.921","deep"
"Sarah","2026-06-08 23:48:12.18","2026-06-01","2026-06-01 01:58:00",1780976893,"2026-06-08 23:48:19.061","deep"
"Sarah","2026-06-08 23:48:12.18","2026-06-01","2026-06-01 01:59:00",1780976893,"2026-06-08 23:48:19.192","deep"
"Sarah","2026-06-08 23:48:12.18","2026-06-01","2026-06-01 02:00:00",1780976893,"2026-06-08 23:48:19.336","deep"
"Sarah","2026-06-08 23:48:12.18","2026-06-01","2026-06-01 02:01:00",1780976893,"2026-06-08 23:48:19.529","deep"
"Sarah","2026-06-08 23:48:12.18","2026-06-01","2026-06-01 02:02:00",1780976893,"2026-06-08 23:48:19.675","deep"
"Sarah","2026-06-08 23:48:12.18","2026-06-01","2026-06-01 02:03:00",1780976893,"2026-06-08 23:48:19.823","deep"
"Sarah","2026-06-08 23:48:12.18","2026-06-01","2026-06-01 02:04:00",1780976893,"2026-06-08 23:48:19.995","deep"
"Sarah","2026-06-08 23:48:12.18","2026-06-01","2026-06-01 02:05:00",1780976893,"2026-06-08 23:48:20.131","deep"
"Sarah","2026-06-08 23:48:12.18","2026-06-01","2026-06-01 02:06:00",1780976893,"2026-06-08 23:48:20.259","deep"
"Sarah","2026-06-08 23:48:12.18","2026-06-01","2026-06-01 02:07:00",1780976893,"2026-06-08 23:48:20.402","deep"
"Sarah","2026-06-08 23:48:12.18","2026-06-01","2026-06-01 02:08:00",1780976893,"2026-06-08 23:48:20.55","deep"
"Sarah","2026-06-08 23:48:12.18","2026-06-01","2026-06-01 02:09:00",1780976893,"2026-06-08 23:48:20.722","deep"
"Sarah","2026-06-08 23:48:12.18","2026-06-01","2026-06-01 02:10:00",1780976893,"2026-06-08 23:48:20.85","deep"
"Sarah","2026-06-08 23:48:12.18","2026-06-01","2026-06-01 02:11:00",1780976893,"2026-06-08 23:48:20.998","deep"
"Sarah","2026-06-08 23:48:12.18","2026-06-01","2026-06-01 02:12:00",1780976893,"2026-06-08 23:48:21.314","deep"
"Sarah","2026-06-08 23:48:12.18","2026-06-01","2026-06-01 02:13:00",1780976893,"2026-06-08 23:48:21.502","deep"
"Sarah","2026-06-08 23:48:12.18","2026-06-01","2026-06-01 02:14:00",1780976893,"2026-06-08 23:48:21.616","deep"
"Sarah","2026-06-08 23:48:12.18","2026-06-01","2026-06-01 02:15:00",1780976893,"2026-06-08 23:48:21.744","deep"
"Sarah","2026-06-08 23:48:12.18","2026-06-01","2026-06-01 02:16:00",1780976893,"2026-06-08 23:48:21.869","deep"
"Sarah","2026-06-08 23:48:12.18","2026-06-01","2026-06-01 02:17:00",1780976893,"2026-06-08 23:48:21.99","deep"
"Sarah","2026-06-08 23:48:12.18","2026-06-01","2026-06-01 02:18:00",1780976893,"2026-06-08 23:48:22.125","deep"
"Sarah","2026-06-08 23:48:12.18","2026-06-01","2026-06-01 02:19:00",1780976893,"2026-06-08 23:48:22.244","deep"
"Sarah","2026-06-08 23:48:12.18","2026-06-01","2026-06-01 02:20:00",1780976893,"2026-06-08 23:48:22.375","deep"
"Sarah","2026-06-08 23:48:12.18","2026-06-01","2026-06-01 02:21:00",1780976893,"2026-06-08 23:48:22.493","deep"
"Sarah","2026-06-08 23:48:12.18","2026-06-01","2026-06-01 02:22:00",1780976893,"2026-06-08 23:48:22.633","deep"
"Sarah","2026-06-08 23:48:12.18","2026-06-01","2026-06-01 02:23:00",1780976893,"2026-06-08 23:48:22.766","deep"
"Sarah","2026-06-08 23:48:12.18","2026-06-01","2026-06-01 02:24:00",1780976893,"2026-06-08 23:48:22.902","deep"
"Sarah","2026-06-08 23:48:12.18","2026-06-01","2026-06-01 02:25:00",1780976893,"2026-06-08 23:48:23.021","deep"
"Sarah","2026-06-08 23:48:12.18","2026-06-01","2026-06-01 02:26:00",1780976893,"2026-06-08 23:48:23.148","deep"
"Sarah","2026-06-08 23:48:12.18","2026-06-01","2026-06-01 02:27:00",1780976893,"2026-06-08 23:48:23.276","deep"
"Sarah","2026-06-08 23:48:12.18","2026-06-01","2026-06-01 02:28:00",1780976893,"2026-06-08 23:48:23.407","deep"
"Sarah","2026-06-08 23:48:12.18","2026-06-01","2026-06-01 02:29:00",1780976893,"2026-06-08 23:48:23.544","deep"
"Sarah","2026-06-08 23:48:12.18","2026-06-01","2026-06-01 02:30:00",1780976893,"2026-06-08 23:48:23.685","light"
"Sarah","2026-06-08 23:48:12.18","2026-06-01","2026-06-01 02:31:00",1780976893,"2026-06-08 23:48:23.816","light"
"Sarah","2026-06-08 23:48:12.18","2026-06-01","2026-06-01 02:32:00",1780976893,"2026-06-08 23:48:23.956","light"
"Sarah","2026-06-08 23:48:12.18","2026-06-01","2026-06-01 02:33:00",1780976893,"2026-06-08 23:48:24.106","light"
"Sarah","2026-06-08 23:48:12.18","2026-06-01","2026-06-01 02:34:00",1780976893,"2026-06-08 23:48:24.269","light"
"Sarah","2026-06-08 23:48:12.18","2026-06-01","2026-06-01 02:35:00",1780976893,"2026-06-08 23:48:24.392","light"
"Sarah","2026-06-08 23:48:12.18","2026-06-01","2026-06-01 02:36:00",1780976893,"2026-06-08 23:48:24.519","light"
"Sarah","2026-06-08 23:48:12.18","2026-06-01","2026-06-01 02:37:00",1780976893,"2026-06-08 23:48:24.64","light"
"Sarah","2026-06-08 23:48:12.18","2026-06-01","2026-06-01 02:38:00",1780976893,"2026-06-08 23:48:24.921","light"
"Sarah","2026-06-08 23:48:12.18","2026-06-01","2026-06-01 02:39:00",1780976893,"2026-06-08 23:48:25.067","rem"
"Sarah","2026-06-08 23:48:12.18","2026-06-01","2026-06-01 02:40:00",1780976893,"2026-06-08 23:48:25.249","rem"
"Sarah","2026-06-08 23:48:12.18","2026-06-01","2026-06-01 02:41:00",1780976893,"2026-06-08 23:48:25.378","rem"
"Sarah","2026-06-08 23:48:12.18","2026-06-01","2026-06-01 02:42:00",1780976893,"2026-06-08 23:48:25.519","rem"
"Sarah","2026-06-08 23:48:12.18","2026-06-01","2026-06-01 02:43:00",1780976893,"2026-06-08 23:48:25.661","rem"
"Sarah","2026-06-08 23:48:12.18","2026-06-01","2026-06-01 02:44:00",1780976893,"2026-06-08 23:48:25.817","rem"
"Sarah","2026-06-08 23:48:12.18","2026-06-01","2026-06-01 02:45:00",1780976893,"2026-06-08 23:48:25.964","rem"
"Sarah","2026-06-08 23:48:12.18","2026-06-01","2026-06-01 02:46:00",1780976893,"2026-06-08 23:48:26.096","rem"
"Sarah","2026-06-08 23:48:12.18","2026-06-01","2026-06-01 02:47:00",1780976893,"2026-06-08 23:48:26.228","rem"
"Sarah","2026-06-08 23:48:12.18","2026-06-01","2026-06-01 02:48:00",1780976893,"2026-06-08 23:48:26.361","rem"
"Sarah","2026-06-08 23:48:12.18","2026-06-01","2026-06-01 02:49:00",1780976893,"2026-06-08 23:48:26.591","rem"
"Sarah","2026-06-08 23:48:12.18","2026-06-01","2026-06-01 02:50:00",1780976893,"2026-06-08 23:48:26.712","rem"
"Sarah","2026-06-08 23:48:12.18","2026-06-01","2026-06-01 02:51:00",1780976893,"2026-06-08 23:48:26.845","rem"
"Sarah","2026-06-08 23:48:12.18","2026-06-01","2026-06-01 02:52:00",1780976893,"2026-06-08 23:48:26.984","rem"
"Sarah","2026-06-08 23:48:12.18","2026-06-01","2026-06-01 02:53:00",1780976893,"2026-06-08 23:48:27.102","rem"
"Sarah","2026-06-08 23:48:12.18","2026-06-01","2026-06-01 02:54:00",1780976893,"2026-06-08 23:48:27.394","rem"
"Sarah","2026-06-08 23:48:12.18","2026-06-01","2026-06-01 02:55:00",1780976893,"2026-06-08 23:48:27.548","rem"
"Sarah","2026-06-08 23:48:12.18","2026-06-01","2026-06-01 02:56:00",1780976893,"2026-06-08 23:48:27.775","rem"
"Sarah","2026-06-08 23:48:12.18","2026-06-01","2026-06-01 02:57:00",1780976893,"2026-06-08 23:48:27.941","rem"
"Sarah","2026-06-08 23:48:12.18","2026-06-01","2026-06-01 02:58:00",1780976893,"2026-06-08 23:48:28.175","rem"
"Sarah","2026-06-08 23:48:12.18","2026-06-01","2026-06-01 02:59:00",1780976893,"2026-06-08 23:48:28.34","rem"
"Sarah","2026-06-08 23:48:12.18","2026-06-01","2026-06-01 03:00:00",1780976893,"2026-06-08 23:48:28.499","rem"
"Sarah","2026-06-08 23:48:12.18","2026-06-01","2026-06-01 03:01:00",1780976893,"2026-06-08 23:48:28.654","rem"
"Sarah","2026-06-08 23:48:12.18","2026-06-01","2026-06-01 03:02:00",1780976893,"2026-06-08 23:48:28.812","rem"
"Sarah","2026-06-08 23:48:12.18","2026-06-01","2026-06-01 03:03:00",1780976893,"2026-06-08 23:48:28.949","rem"
"Sarah","2026-06-08 23:48:12.18","2026-06-01","2026-06-01 03:04:00",1780976893,"2026-06-08 23:48:29.077","light"
"Sarah","2026-06-08 23:48:12.18","2026-06-01","2026-06-01 03:05:00",1780976893,"2026-06-08 23:48:29.224","light"
"Sarah","2026-06-08 23:48:12.18","2026-06-01","2026-06-01 03:06:00",1780976893,"2026-06-08 23:48:29.367","rem"
"Sarah","2026-06-08 23:48:12.18","2026-06-01","2026-06-01 03:07:00",1780976893,"2026-06-08 23:48:29.53","light"
"Sarah","2026-06-08 23:48:12.18","2026-06-01","2026-06-01 03:08:00",1780976893,"2026-06-08 23:48:29.655","light"
"Sarah","2026-06-08 23:48:12.18","2026-06-01","2026-06-01 03:09:00",1780976893,"2026-06-08 23:48:29.834","light"
"Sarah","2026-06-08 23:48:12.18","2026-06-01","2026-06-01 03:10:00",1780976893,"2026-06-08 23:48:30.161","light"
"Sarah","2026-06-08 23:48:12.18","2026-06-01","2026-06-01 03:11:00",1780976893,"2026-06-08 23:48:30.293","light"
"Sarah","2026-06-08 23:48:12.18","2026-06-01","2026-06-01 03:12:00",1780976893,"2026-06-08 23:48:30.422","light"
"Sarah","2026-06-08 23:48:12.18","2026-06-01","2026-06-01 03:13:00",1780976893,"2026-06-08 23:48:30.557","light"
"Sarah","2026-06-08 23:48:12.18","2026-06-01","2026-06-01 03:14:00",1780976893,"2026-06-08 23:48:30.696","light"
"Sarah","2026-06-08 23:48:12.18","2026-06-01","2026-06-01 03:15:00",1780976893,"2026-06-08 23:48:30.824","light"
"Sarah","2026-06-08 23:48:12.18","2026-06-01","2026-06-01 03:16:00",1780976893,"2026-06-08 23:48:30.967","light"
"Sarah","2026-06-08 23:48:12.18","2026-06-01","2026-06-01 03:17:00",1780976893,"2026-06-08 23:48:31.105","light"
"Sarah","2026-06-08 23:48:12.18","2026-06-01","2026-06-01 03:18:00",1780976893,"2026-06-08 23:48:31.289","light"
"Sarah","2026-06-08 23:48:12.18","2026-06-01","2026-06-01 03:19:00",1780976893,"2026-06-08 23:48:31.421","light"
"Sarah","2026-06-08 23:48:12.18","2026-06-01","2026-06-01 03:20:00",1780976893,"2026-06-08 23:48:31.575","light"
"Sarah","2026-06-08 23:48:12.18","2026-06-01","2026-06-01 03:21:00",1780976893,"2026-06-08 23:48:31.742","light"
"Sarah","2026-06-08 23:48:12.18","2026-06-01","2026-06-01 03:22:00",1780976893,"2026-06-08 23:48:31.896","light"
"Sarah","2026-06-08 23:48:12.18","2026-06-01","2026-06-01 03:23:00",1780976893,"2026-06-08 23:48:32.038","light"
"Sarah","2026-06-08 23:48:12.18","2026-06-01","2026-06-01 03:24:00",1780976893,"2026-06-08 23:48:32.202","light"
"Sarah","2026-06-08 23:48:12.18","2026-06-01","2026-06-01 03:25:00",1780976893,"2026-06-08 23:48:32.409","deep"
"Sarah","2026-06-08 23:48:12.18","2026-06-01","2026-06-01 03:26:00",1780976893,"2026-06-08 23:48:32.613","deep"
"Sarah","2026-06-08 23:48:12.18","2026-06-01","2026-06-01 03:27:00",1780976893,"2026-06-08 23:48:32.778","deep"
"Sarah","2026-06-08 23:48:12.18","2026-06-01","2026-06-01 03:28:00",1780976893,"2026-06-08 23:48:32.983","deep"
"Sarah","2026-06-08 23:48:12.18","2026-06-01","2026-06-01 03:29:00",1780976893,"2026-06-08 23:48:33.169","deep"
"Sarah","2026-06-08 23:48:12.18","2026-06-01","2026-06-01 03:30:00",1780976893,"2026-06-08 23:48:33.656","deep"
"Sarah","2026-06-08 23:48:12.18","2026-06-01","2026-06-01 03:31:00",1780976893,"2026-06-08 23:48:33.803","deep"
"Sarah","2026-06-08 23:48:12.18","2026-06-01","2026-06-01 03:32:00",1780976893,"2026-06-08 23:48:33.944","deep"
"Sarah","2026-06-08 23:48:12.18","2026-06-01","2026-06-01 03:33:00",1780976893,"2026-06-08 23:48:34.082","deep"
"Sarah","2026-06-08 23:48:12.18","2026-06-01","2026-06-01 03:34:00",1780976893,"2026-06-08 23:48:34.243","deep"
"Sarah","2026-06-08 23:48:12.18","2026-06-01","2026-06-01 03:35:00",1780976893,"2026-06-08 23:48:34.714","deep"
"Sarah","2026-06-08 23:48:12.18","2026-06-01","2026-06-01 03:36:00",1780976893,"2026-06-08 23:48:34.852","deep"
"Sarah","2026-06-08 23:48:12.18","2026-06-01","2026-06-01 03:37:00",1780976893,"2026-06-08 23:48:34.973","deep"
"Sarah","2026-06-08 23:48:12.18","2026-06-01","2026-06-01 03:38:00",1780976893,"2026-06-08 23:48:35.092","light"
"Sarah","2026-06-08 23:48:12.18","2026-06-01","2026-06-01 03:39:00",1780976893,"2026-06-08 23:48:35.208","light"
"Sarah","2026-06-08 23:48:12.18","2026-06-01","2026-06-01 03:40:00",1780976893,"2026-06-08 23:48:35.337","light"
"Sarah","2026-06-08 23:48:12.18","2026-06-01","2026-06-01 03:41:00",1780976893,"2026-06-08 23:48:35.494","light"
"Sarah","2026-06-08 23:48:12.18","2026-06-01","2026-06-01 03:42:00",1780976893,"2026-06-08 23:48:35.671","light"
"Sarah","2026-06-08 23:48:12.18","2026-06-01","2026-06-01 03:43:00",1780976893,"2026-06-08 23:48:35.786","light"
"Sarah","2026-06-08 23:48:12.18","2026-06-01","2026-06-01 03:44:00",1780976893,"2026-06-08 23:48:35.905","light"
"Sarah","2026-06-08 23:48:12.18","2026-06-01","2026-06-01 03:45:00",1780976893,"2026-06-08 23:48:36.038","light"
"Sarah","2026-06-08 23:48:12.18","2026-06-01","2026-06-01 03:46:00",1780976893,"2026-06-08 23:48:36.182","light"
"Sarah","2026-06-08 23:48:12.18","2026-06-01","2026-06-01 03:47:00",1780976893,"2026-06-08 23:48:36.331","light"
"Sarah","2026-06-08 23:48:12.18","2026-06-01","2026-06-01 03:48:00",1780976893,"2026-06-08 23:48:36.483","light"
"Sarah","2026-06-08 23:48:12.18","2026-06-01","2026-06-01 03:49:00",1780976893,"2026-06-08 23:48:37.898","light"
"Sarah","2026-06-08 23:48:12.18","2026-06-01","2026-06-01 03:50:00",1780976893,"2026-06-08 23:48:38.043","light"
"Sarah","2026-06-08 23:48:12.18","2026-06-01","2026-06-01 03:51:00",1780976893,"2026-06-08 23:48:38.18","light"
"Sarah","2026-06-08 23:48:12.18","2026-06-01","2026-06-01 03:52:00",1780976893,"2026-06-08 23:48:38.3","light"
"Sarah","2026-06-08 23:48:12.18","2026-06-01","2026-06-01 03:53:00",1780976893,"2026-06-08 23:48:38.448","light"
"Sarah","2026-06-08 23:48:12.18","2026-06-01","2026-06-01 03:54:00",1780976893,"2026-06-08 23:48:38.685","light"
"Sarah","2026-06-08 23:48:12.18","2026-06-01","2026-06-01 03:55:00",1780976893,"2026-06-08 23:48:38.818","light"
"Sarah","2026-06-08 23:48:12.18","2026-06-01","2026-06-01 03:56:00",1780976893,"2026-06-08 23:48:38.948","light"
"Sarah","2026-06-08 23:48:12.18","2026-06-01","2026-06-01 03:57:00",1780976893,"2026-06-08 23:48:39.066","light"
"Sarah","2026-06-08 23:48:12.18","2026-06-01","2026-06-01 03:58:00",1780976893,"2026-06-08 23:48:39.189","light"
"Sarah","2026-06-08 23:48:12.18","2026-06-01","2026-06-01 03:59:00",1780976893,"2026-06-08 23:48:39.334","light"
"Sarah","2026-06-08 23:48:12.18","2026-06-01","2026-06-01 04:00:00",1780976893,"2026-06-08 23:48:39.56","light"
"Sarah","2026-06-08 23:48:12.18","2026-06-01","2026-06-01 04:01:00",1780976893,"2026-06-08 23:48:39.687","light"
"Sarah","2026-06-08 23:48:12.18","2026-06-01","2026-06-01 04:02:00",1780976893,"2026-06-08 23:48:39.815","deep"
"Sarah","2026-06-08 23:48:12.18","2026-06-01","2026-06-01 04:03:00",1780976893,"2026-06-08 23:48:39.933","deep"
"Sarah","2026-06-08 23:48:12.18","2026-06-01","2026-06-01 04:04:00",1780976893,"2026-06-08 23:48:40.064","deep"
"Sarah","2026-06-08 23:48:12.18","2026-06-01","2026-06-01 04:05:00",1780976893,"2026-06-08 23:48:40.207","deep"
"Sarah","2026-06-08 23:48:12.18","2026-06-01","2026-06-01 04:06:00",1780976893,"2026-06-08 23:48:40.356","deep"
"Sarah","2026-06-08 23:48:12.18","2026-06-01","2026-06-01 04:07:00",1780976893,"2026-06-08 23:48:40.534","deep"
"Sarah","2026-06-08 23:48:12.18","2026-06-01","2026-06-01 04:08:00",1780976893,"2026-06-08 23:48:40.695","deep"
"Sarah","2026-06-08 23:48:12.18","2026-06-01","2026-06-01 04:09:00",1780976893,"2026-06-08 23:48:40.842","deep"
"Sarah","2026-06-08 23:48:12.18","2026-06-01","2026-06-01 04:10:00",1780976893,"2026-06-08 23:48:40.983","deep"
"Sarah","2026-06-08 23:48:12.18","2026-06-01","2026-06-01 04:11:00",1780976893,"2026-06-08 23:48:41.253","deep"
"Sarah","2026-06-08 23:48:12.18","2026-06-01","2026-06-01 04:12:00",1780976893,"2026-06-08 23:48:41.374","light"
"Sarah","2026-06-08 23:48:12.18","2026-06-01","2026-06-01 04:13:00",1780976893,"2026-06-08 23:48:41.506","light"
"Sarah","2026-06-08 23:48:12.18","2026-06-01","2026-06-01 04:14:00",1780976893,"2026-06-08 23:48:41.647","light"
"Sarah","2026-06-08 23:48:12.18","2026-06-01","2026-06-01 04:15:00",1780976893,"2026-06-08 23:48:41.785","light"
"Sarah","2026-06-08 23:48:12.18","2026-06-01","2026-06-01 04:16:00",1780976893,"2026-06-08 23:48:41.923","light"
"Sarah","2026-06-08 23:48:12.18","2026-06-01","2026-06-01 04:17:00",1780976893,"2026-06-08 23:48:42.067","light"
"Sarah","2026-06-08 23:48:12.18","2026-06-01","2026-06-01 04:18:00",1780976893,"2026-06-08 23:48:42.375","light"
"Sarah","2026-06-08 23:48:12.18","2026-06-01","2026-06-01 04:19:00",1780976893,"2026-06-08 23:48:42.505","light"
"Sarah","2026-06-08 23:48:12.18","2026-06-01","2026-06-01 04:20:00",1780976893,"2026-06-08 23:48:42.638","light"
"Sarah","2026-06-08 23:48:12.18","2026-06-01","2026-06-01 04:21:00",1780976893,"2026-06-08 23:48:42.779","light"
"Sarah","2026-06-08 23:48:12.18","2026-06-01","2026-06-01 04:22:00",1780976893,"2026-06-08 23:48:42.925","light"
"Sarah","2026-06-08 23:48:12.18","2026-06-01","2026-06-01 04:23:00",1780976893,"2026-06-08 23:48:43.053","light"
"Sarah","2026-06-08 23:48:12.18","2026-06-01","2026-06-01 04:24:00",1780976893,"2026-06-08 23:48:43.2","light"
"Sarah","2026-06-08 23:48:12.18","2026-06-01","2026-06-01 04:25:00",1780976893,"2026-06-08 23:48:43.327","light"
"Sarah","2026-06-08 23:48:12.18","2026-06-01","2026-06-01 04:26:00",1780976893,"2026-06-08 23:48:43.459","light"
"Sarah","2026-06-08 23:48:12.18","2026-06-01","2026-06-01 04:27:00",1780976893,"2026-06-08 23:48:43.577","light"
"Sarah","2026-06-08 23:48:12.18","2026-06-01","2026-06-01 04:28:00",1780976893,"2026-06-08 23:48:43.697","light"
"Sarah","2026-06-08 23:48:12.18","2026-06-01","2026-06-01 04:29:00",1780976893,"2026-06-08 23:48:43.822","light"
"Sarah","2026-06-08 23:48:12.18","2026-06-01","2026-06-01 04:30:00",1780976893,"2026-06-08 23:48:43.946","light"
"Sarah","2026-06-08 23:48:12.18","2026-06-01","2026-06-01 04:31:00",1780976893,"2026-06-08 23:48:44.074","light"
"Sarah","2026-06-08 23:48:12.18","2026-06-01","2026-06-01 04:32:00",1780976893,"2026-06-08 23:48:44.202","light"
"Sarah","2026-06-08 23:48:12.18","2026-06-01","2026-06-01 04:33:00",1780976893,"2026-06-08 23:48:44.459","light"
"Sarah","2026-06-08 23:48:12.18","2026-06-01","2026-06-01 04:34:00",1780976893,"2026-06-08 23:48:44.585","light"
"Sarah","2026-06-08 23:48:12.18","2026-06-01","2026-06-01 04:35:00",1780976893,"2026-06-08 23:48:44.704","deep"
"Sarah","2026-06-08 23:48:12.18","2026-06-01","2026-06-01 04:36:00",1780976893,"2026-06-08 23:48:44.837","deep"
"Sarah","2026-06-08 23:48:12.18","2026-06-01","2026-06-01 04:37:00",1780976893,"2026-06-08 23:48:45.001","deep"
"Sarah","2026-06-08 23:48:12.18","2026-06-01","2026-06-01 04:38:00",1780976893,"2026-06-08 23:48:45.135","deep"
"Sarah","2026-06-08 23:48:12.18","2026-06-01","2026-06-01 04:39:00",1780976893,"2026-06-08 23:48:45.25","deep"
"Sarah","2026-06-08 23:48:12.18","2026-06-01","2026-06-01 04:40:00",1780976893,"2026-06-08 23:48:45.386","deep"
"Sarah","2026-06-08 23:48:12.18","2026-06-01","2026-06-01 04:41:00",1780976893,"2026-06-08 23:48:45.529","deep"
"Sarah","2026-06-08 23:48:12.18","2026-06-01","2026-06-01 04:42:00",1780976893,"2026-06-08 23:48:45.651","light"
"Sarah","2026-06-08 23:48:12.18","2026-06-01","2026-06-01 04:43:00",1780976893,"2026-06-08 23:48:45.78","light"
"Sarah","2026-06-08 23:48:12.18","2026-06-01","2026-06-01 04:44:00",1780976893,"2026-06-08 23:48:45.909","light"
"Sarah","2026-06-08 23:48:12.18","2026-06-01","2026-06-01 04:45:00",1780976893,"2026-06-08 23:48:46.05","light"
"Sarah","2026-06-08 23:48:12.18","2026-06-01","2026-06-01 04:46:00",1780976893,"2026-06-08 23:48:46.175","light"
"Sarah","2026-06-08 23:48:12.18","2026-06-01","2026-06-01 04:47:00",1780976893,"2026-06-08 23:48:46.332","light"
"Sarah","2026-06-08 23:48:12.18","2026-06-01","2026-06-01 04:48:00",1780976893,"2026-06-08 23:48:46.465","rem"
"Sarah","2026-06-08 23:48:12.18","2026-06-01","2026-06-01 04:49:00",1780976893,"2026-06-08 23:48:46.586","rem"
"Sarah","2026-06-08 23:48:12.18","2026-06-01","2026-06-01 04:50:00",1780976893,"2026-06-08 23:48:46.713","rem"
"Sarah","2026-06-08 23:48:12.18","2026-06-01","2026-06-01 04:51:00",1780976893,"2026-06-08 23:48:46.849","rem"
"Sarah","2026-06-08 23:48:12.18","2026-06-01","2026-06-01 04:52:00",1780976893,"2026-06-08 23:48:46.996","rem"
"Sarah","2026-06-08 23:48:12.18","2026-06-01","2026-06-01 04:53:00",1780976893,"2026-06-08 23:48:47.116","rem"
"Sarah","2026-06-08 23:48:12.18","2026-06-01","2026-06-01 04:54:00",1780976893,"2026-06-08 23:48:47.241","rem"
"Sarah","2026-06-08 23:48:12.18","2026-06-01","2026-06-01 04:55:00",1780976893,"2026-06-08 23:48:47.38","rem"
"Sarah","2026-06-08 23:48:12.18","2026-06-01","2026-06-01 04:56:00",1780976893,"2026-06-08 23:48:47.511","rem"
"Sarah","2026-06-08 23:48:12.18","2026-06-01","2026-06-01 04:57:00",1780976893,"2026-06-08 23:48:47.648","rem"
"Sarah","2026-06-08 23:48:12.18","2026-06-01","2026-06-01 04:58:00",1780976893,"2026-06-08 23:48:47.768","rem"
"Sarah","2026-06-08 23:48:12.18","2026-06-01","2026-06-01 04:59:00",1780976893,"2026-06-08 23:48:47.91","rem"
"Sarah","2026-06-08 23:48:12.18","2026-06-01","2026-06-01 05:00:00",1780976893,"2026-06-08 23:48:48.06","rem"
"Sarah","2026-06-08 23:48:12.18","2026-06-01","2026-06-01 05:01:00",1780976893,"2026-06-08 23:48:48.197","rem"
"Sarah","2026-06-08 23:48:12.18","2026-06-01","2026-06-01 05:02:00",1780976893,"2026-06-08 23:48:48.334","rem"
"Sarah","2026-06-08 23:48:12.18","2026-06-01","2026-06-01 05:03:00",1780976893,"2026-06-08 23:48:48.499","rem"
"Sarah","2026-06-08 23:48:12.18","2026-06-01","2026-06-01 05:04:00",1780976893,"2026-06-08 23:48:48.643","rem"
"Sarah","2026-06-08 23:48:12.18","2026-06-01","2026-06-01 05:05:00",1780976893,"2026-06-08 23:48:48.785","rem"
"Sarah","2026-06-08 23:48:12.18","2026-06-01","2026-06-01 05:06:00",1780976893,"2026-06-08 23:48:48.95","rem"
"Sarah","2026-06-08 23:48:12.18","2026-06-01","2026-06-01 05:07:00",1780976893,"2026-06-08 23:48:49.077","rem"
"Sarah","2026-06-08 23:48:12.18","2026-06-01","2026-06-01 05:08:00",1780976893,"2026-06-08 23:48:49.214","rem"
"Sarah","2026-06-08 23:48:12.18","2026-06-01","2026-06-01 05:09:00",1780976893,"2026-06-08 23:48:49.344","rem"
"Sarah","2026-06-08 23:48:12.18","2026-06-01","2026-06-01 05:10:00",1780976893,"2026-06-08 23:48:49.478","rem"
"Sarah","2026-06-08 23:48:12.18","2026-06-01","2026-06-01 05:11:00",1780976893,"2026-06-08 23:48:49.613","rem"
"Sarah","2026-06-08 23:48:12.18","2026-06-01","2026-06-01 05:12:00",1780976893,"2026-06-08 23:48:49.749","rem"
"Sarah","2026-06-08 23:48:12.18","2026-06-01","2026-06-01 05:13:00",1780976893,"2026-06-08 23:48:49.893","light"
"Sarah","2026-06-08 23:48:12.18","2026-06-01","2026-06-01 05:14:00",1780976893,"2026-06-08 23:48:50.044","light"
"Sarah","2026-06-08 23:48:12.18","2026-06-01","2026-06-01 05:15:00",1780976893,"2026-06-08 23:48:50.188","light"
"Sarah","2026-06-08 23:48:12.18","2026-06-01","2026-06-01 05:16:00",1780976893,"2026-06-08 23:48:50.336","light"
"Sarah","2026-06-08 23:48:12.18","2026-06-01","2026-06-01 05:17:00",1780976893,"2026-06-08 23:48:50.474","light"
"Sarah","2026-06-08 23:48:12.18","2026-06-01","2026-06-01 05:18:00",1780976893,"2026-06-08 23:48:50.613","light"
"Sarah","2026-06-08 23:48:12.18","2026-06-01","2026-06-01 05:19:00",1780976893,"2026-06-08 23:48:50.751","light"
"Sarah","2026-06-08 23:48:12.18","2026-06-01","2026-06-01 05:20:00",1780976893,"2026-06-08 23:48:50.883","light"
"Sarah","2026-06-08 23:48:12.18","2026-06-01","2026-06-01 05:21:00",1780976893,"2026-06-08 23:48:51.009","light"
"Sarah","2026-06-08 23:48:12.18","2026-06-01","2026-06-01 05:22:00",1780976893,"2026-06-08 23:48:51.128","light"
"Sarah","2026-06-08 23:48:12.18","2026-06-01","2026-06-01 05:23:00",1780976893,"2026-06-08 23:48:51.247","light"
"Sarah","2026-06-08 23:48:12.18","2026-06-01","2026-06-01 05:24:00",1780976893,"2026-06-08 23:48:51.376","light"
"Sarah","2026-06-08 23:48:12.18","2026-06-01","2026-06-01 05:25:00",1780976893,"2026-06-08 23:48:51.535","light"
"Sarah","2026-06-08 23:48:12.18","2026-06-01","2026-06-01 05:26:00",1780976893,"2026-06-08 23:48:51.75","light"
"Sarah","2026-06-08 23:48:12.18","2026-06-01","2026-06-01 05:27:00",1780976893,"2026-06-08 23:48:51.905","light"
"Sarah","2026-06-08 23:48:12.18","2026-06-01","2026-06-01 05:28:00",1780976893,"2026-06-08 23:48:52.059","light"
"Sarah","2026-06-08 23:48:12.18","2026-06-01","2026-06-01 05:29:00",1780976893,"2026-06-08 23:48:52.224","light"
"Sarah","2026-06-08 23:48:12.18","2026-06-01","2026-06-01 05:30:00",1780976893,"2026-06-08 23:48:52.38","light"
"Sarah","2026-06-08 23:48:12.18","2026-06-01","2026-06-01 05:31:00",1780976893,"2026-06-08 23:48:52.503","light"
"Sarah","2026-06-08 23:48:12.18","2026-06-01","2026-06-01 05:32:00",1780976893,"2026-06-08 23:48:52.676","light"
"Sarah","2026-06-08 23:48:12.18","2026-06-01","2026-06-01 05:33:00",1780976893,"2026-06-08 23:48:52.829","light"
"Sarah","2026-06-08 23:48:12.18","2026-06-01","2026-06-01 05:34:00",1780976893,"2026-06-08 23:48:52.957","light"
"Sarah","2026-06-08 23:48:12.18","2026-06-01","2026-06-01 05:35:00",1780976893,"2026-06-08 23:48:53.079","light"
"Sarah","2026-06-08 23:48:12.18","2026-06-01","2026-06-01 05:36:00",1780976893,"2026-06-08 23:48:53.217","light"
"Sarah","2026-06-08 23:48:12.18","2026-06-01","2026-06-01 05:37:00",1780976893,"2026-06-08 23:48:53.371","light"
"Sarah","2026-06-08 23:48:12.18","2026-06-01","2026-06-01 05:38:00",1780976893,"2026-06-08 23:48:53.505","light"
"Sarah","2026-06-08 23:48:12.18","2026-06-01","2026-06-01 05:39:00",1780976893,"2026-06-08 23:48:53.645","light"
"Sarah","2026-06-08 23:48:12.18","2026-06-01","2026-06-01 05:40:00",1780976893,"2026-06-08 23:48:53.772","light"
"Sarah","2026-06-08 23:48:12.18","2026-06-01","2026-06-01 05:41:00",1780976893,"2026-06-08 23:48:53.897","light"
"Sarah","2026-06-08 23:48:12.18","2026-06-01","2026-06-01 05:42:00",1780976893,"2026-06-08 23:48:54.028","light"
"Sarah","2026-06-08 23:48:12.18","2026-06-01","2026-06-01 05:43:00",1780976893,"2026-06-08 23:48:54.211","light"
"Sarah","2026-06-08 23:48:12.18","2026-06-01","2026-06-01 05:44:00",1780976893,"2026-06-08 23:48:54.348","light"
"Sarah","2026-06-08 23:48:12.18","2026-06-01","2026-06-01 05:45:00",1780976893,"2026-06-08 23:48:54.514","light"
"Sarah","2026-06-08 23:48:12.18","2026-06-01","2026-06-01 05:46:00",1780976893,"2026-06-08 23:48:54.632","light"
"Sarah","2026-06-08 23:48:12.18","2026-06-01","2026-06-01 05:47:00",1780976893,"2026-06-08 23:48:54.757","wake"
"Sarah","2026-06-08 23:48:12.18","2026-06-01","2026-06-01 09:28:00",1780976893,"2026-06-08 23:48:54.901","wake"
"Sarah","2026-06-08 23:48:12.18","2026-06-01","2026-06-01 09:29:00",1780976893,"2026-06-08 23:48:55.045","wake"
"Sarah","2026-06-08 23:48:12.18","2026-06-01","2026-06-01 09:30:00",1780976893,"2026-06-08 23:48:55.18","wake"
"Sarah","2026-06-08 23:48:12.18","2026-06-01","2026-06-01 09:31:00",1780976893,"2026-06-08 23:48:55.321","wake"
"Sarah","2026-06-08 23:48:12.18","2026-06-01","2026-06-01 09:32:00",1780976893,"2026-06-08 23:48:55.456","wake"
"Sarah","2026-06-08 23:48:12.18","2026-06-01","2026-06-01 09:33:00",1780976893,"2026-06-08 23:48:55.611","light"
"Sarah","2026-06-08 23:48:12.18","2026-06-01","2026-06-01 09:34:00",1780976893,"2026-06-08 23:48:55.753","light"
"Sarah","2026-06-08 23:48:12.18","2026-06-01","2026-06-01 09:35:00",1780976893,"2026-06-08 23:48:55.922","light"
"Sarah","2026-06-08 23:48:12.18","2026-06-01","2026-06-01 09:36:00",1780976893,"2026-06-08 23:48:56.143","light"
"Sarah","2026-06-08 23:48:12.18","2026-06-01","2026-06-01 09:37:00",1780976893,"2026-06-08 23:48:56.593","light"
"Sarah","2026-06-08 23:48:12.18","2026-06-01","2026-06-01 09:38:00",1780976893,"2026-06-08 23:48:56.852","light"
"Sarah","2026-06-08 23:48:12.18","2026-06-01","2026-06-01 09:39:00",1780976893,"2026-06-08 23:48:56.987","light"
"Sarah","2026-06-08 23:48:12.18","2026-06-01","2026-06-01 09:40:00",1780976893,"2026-06-08 23:48:57.113","light"
"Sarah","2026-06-08 23:48:12.18","2026-06-01","2026-06-01 09:41:00",1780976893,"2026-06-08 23:48:57.249","light"
"Sarah","2026-06-08 23:48:12.18","2026-06-01","2026-06-01 09:42:00",1780976893,"2026-06-08 23:48:57.38","light"
"Sarah","2026-06-08 23:48:12.18","2026-06-01","2026-06-01 09:43:00",1780976893,"2026-06-08 23:48:57.518","light"
"Sarah","2026-06-08 23:48:12.18","2026-06-01","2026-06-01 09:44:00",1780976893,"2026-06-08 23:48:57.674","light"
"Sarah","2026-06-08 23:48:12.18","2026-06-01","2026-06-01 09:45:00",1780976893,"2026-06-08 23:48:57.864","light"
"Sarah","2026-06-08 23:48:12.18","2026-06-01","2026-06-01 09:46:00",1780976893,"2026-06-08 23:48:57.988","deep"
"Sarah","2026-06-08 23:48:12.18","2026-06-01","2026-06-01 09:47:00",1780976893,"2026-06-08 23:48:58.159","deep"
"Sarah","2026-06-08 23:48:12.18","2026-06-01","2026-06-01 09:48:00",1780976893,"2026-06-08 23:48:58.353","light"
"Sarah","2026-06-08 23:48:12.18","2026-06-01","2026-06-01 09:49:00",1780976893,"2026-06-08 23:48:58.509","light"
"Sarah","2026-06-08 23:48:12.18","2026-06-01","2026-06-01 09:50:00",1780976893,"2026-06-08 23:48:59.011","light"
"Sarah","2026-06-08 23:48:12.18","2026-06-01","2026-06-01 09:51:00",1780976893,"2026-06-08 23:48:59.158","light"
"Sarah","2026-06-08 23:48:12.18","2026-06-01","2026-06-01 09:52:00",1780976893,"2026-06-08 23:48:59.31","light"
"Sarah","2026-06-08 23:48:12.18","2026-06-01","2026-06-01 09:53:00",1780976893,"2026-06-08 23:48:59.499","light"
"Sarah","2026-06-08 23:48:12.18","2026-06-01","2026-06-01 09:54:00",1780976893,"2026-06-08 23:48:59.635","light"
"Sarah","2026-06-08 23:48:12.18","2026-06-01","2026-06-01 09:55:00",1780976893,"2026-06-08 23:48:59.799","light"
"Sarah","2026-06-08 23:48:12.18","2026-06-01","2026-06-01 09:56:00",1780976893,"2026-06-08 23:48:59.96","light"
"Sarah","2026-06-08 23:48:12.18","2026-06-01","2026-06-01 09:57:00",1780976893,"2026-06-08 23:49:00.16","light"
"Sarah","2026-06-08 23:48:12.18","2026-06-01","2026-06-01 09:58:00",1780976893,"2026-06-08 23:49:00.376","light"
"Sarah","2026-06-08 23:48:12.18","2026-06-01","2026-06-01 09:59:00",1780976893,"2026-06-08 23:49:00.57","light"
"Sarah","2026-06-08 23:48:12.18","2026-06-01","2026-06-01 10:00:00",1780976893,"2026-06-08 23:49:00.739","light"
"Sarah","2026-06-08 23:48:12.18","2026-06-01","2026-06-01 10:01:00",1780976893,"2026-06-08 23:49:00.918","light"
"Sarah","2026-06-08 23:48:12.18","2026-06-01","2026-06-01 10:02:00",1780976893,"2026-06-08 23:49:01.549","light"
"Sarah","2026-06-08 23:48:12.18","2026-06-01","2026-06-01 10:03:00",1780976893,"2026-06-08 23:49:01.702","light"
"Sarah","2026-06-08 23:48:12.18","2026-06-01","2026-06-01 10:04:00",1780976893,"2026-06-08 23:49:01.86","deep"
"Sarah","2026-06-08 23:48:12.18","2026-06-01","2026-06-01 10:05:00",1780976893,"2026-06-08 23:49:02.002","deep"
"Sarah","2026-06-08 23:48:12.18","2026-06-01","2026-06-01 10:06:00",1780976893,"2026-06-08 23:49:02.141","deep"
"Sarah","2026-06-08 23:48:12.18","2026-06-01","2026-06-01 10:07:00",1780976893,"2026-06-08 23:49:02.754","deep"
"Sarah","2026-06-08 23:48:12.18","2026-06-01","2026-06-01 10:08:00",1780976893,"2026-06-08 23:49:02.918","deep"
"Sarah","2026-06-08 23:48:12.18","2026-06-01","2026-06-01 10:09:00",1780976893,"2026-06-08 23:49:03.094","deep"
"Sarah","2026-06-08 23:48:12.18","2026-06-01","2026-06-01 10:10:00",1780976893,"2026-06-08 23:49:03.255","deep"
"Sarah","2026-06-08 23:48:12.18","2026-06-01","2026-06-01 10:11:00",1780976893,"2026-06-08 23:49:03.429","deep"
"Sarah","2026-06-08 23:48:12.18","2026-06-01","2026-06-01 10:12:00",1780976893,"2026-06-08 23:49:03.65","deep"
"Sarah","2026-06-08 23:48:12.18","2026-06-01","2026-06-01 10:13:00",1780976893,"2026-06-08 23:49:03.873","deep"
"Sarah","2026-06-08 23:48:12.18","2026-06-01","2026-06-01 10:14:00",1780976893,"2026-06-08 23:49:04.046","deep"
"Sarah","2026-06-08 23:48:12.18","2026-06-01","2026-06-01 10:15:00",1780976893,"2026-06-08 23:49:04.214","deep"
"Sarah","2026-06-08 23:48:12.18","2026-06-01","2026-06-01 10:16:00",1780976893,"2026-06-08 23:49:04.393","deep"
"Sarah","2026-06-08 23:48:12.18","2026-06-01","2026-06-01 10:17:00",1780976893,"2026-06-08 23:49:04.559","deep"
"Sarah","2026-06-08 23:48:12.18","2026-06-01","2026-06-01 10:18:00",1780976893,"2026-06-08 23:49:04.718","deep"
"Sarah","2026-06-08 23:48:12.18","2026-06-01","2026-06-01 10:19:00",1780976893,"2026-06-08 23:49:04.92","deep"
"Sarah","2026-06-08 23:48:12.18","2026-06-01","2026-06-01 10:20:00",1780976893,"2026-06-08 23:49:05.084","deep"
"Sarah","2026-06-08 23:48:12.18","2026-06-01","2026-06-01 10:21:00",1780976893,"2026-06-08 23:49:05.247","deep"
"Sarah","2026-06-08 23:48:12.18","2026-06-01","2026-06-01 10:22:00",1780976893,"2026-06-08 23:49:05.41","light"
"Sarah","2026-06-08 23:48:12.18","2026-06-01","2026-06-01 10:23:00",1780976893,"2026-06-08 23:49:05.604","light"
"Sarah","2026-06-08 23:48:12.18","2026-06-01","2026-06-01 10:24:00",1780976893,"2026-06-08 23:49:05.773","light"
"Sarah","2026-06-08 23:48:12.18","2026-06-01","2026-06-01 10:25:00",1780976893,"2026-06-08 23:49:05.965","light"
"Sarah","2026-06-08 23:48:12.18","2026-06-01","2026-06-01 10:26:00",1780976893,"2026-06-08 23:49:06.136","light"
"Sarah","2026-06-08 23:48:12.18","2026-06-01","2026-06-01 10:27:00",1780976893,"2026-06-08 23:49:06.274","light"
"Sarah","2026-06-08 23:48:12.18","2026-06-01","2026-06-01 10:28:00",1780976893,"2026-06-08 23:49:06.425","light"
"Sarah","2026-06-08 23:48:12.18","2026-06-01","2026-06-01 10:29:00",1780976893,"2026-06-08 23:49:06.682","rem"
"Sarah","2026-06-08 23:48:12.18","2026-06-01","2026-06-01 10:30:00",1780976893,"2026-06-08 23:49:06.88","rem"
"Sarah","2026-06-08 23:48:12.18","2026-06-01","2026-06-01 10:31:00",1780976893,"2026-06-08 23:49:07.027","rem"
"Sarah","2026-06-08 23:48:12.18","2026-06-01","2026-06-01 10:32:00",1780976893,"2026-06-08 23:49:07.204","rem"
"Sarah","2026-06-08 23:48:12.18","2026-06-01","2026-06-01 10:33:00",1780976893,"2026-06-08 23:49:07.368","rem"
"Sarah","2026-06-08 23:48:12.18","2026-06-01","2026-06-01 10:34:00",1780976893,"2026-06-08 23:49:07.559","rem"
"Sarah","2026-06-08 23:48:12.18","2026-06-01","2026-06-01 10:35:00",1780976893,"2026-06-08 23:49:07.699","rem"
"Sarah","2026-06-08 23:48:12.18","2026-06-01","2026-06-01 10:36:00",1780976893,"2026-06-08 23:49:07.84","rem"
"Sarah","2026-06-08 23:48:12.18","2026-06-01","2026-06-01 10:37:00",1780976893,"2026-06-08 23:49:07.994","rem"
"Sarah","2026-06-08 23:48:12.18","2026-06-01","2026-06-01 10:38:00",1780976893,"2026-06-08 23:49:08.171","rem"
"Sarah","2026-06-08 23:48:12.18","2026-06-01","2026-06-01 10:39:00",1780976893,"2026-06-08 23:49:08.355","rem"
"Sarah","2026-06-08 23:48:12.18","2026-06-01","2026-06-01 10:40:00",1780976893,"2026-06-08 23:49:08.507","rem"
"Sarah","2026-06-08 23:48:12.18","2026-06-01","2026-06-01 10:41:00",1780976893,"2026-06-08 23:49:08.713","rem"
"Sarah","2026-06-08 23:48:12.18","2026-06-01","2026-06-01 10:42:00",1780976893,"2026-06-08 23:49:08.902","rem"
"Sarah","2026-06-08 23:48:12.18","2026-06-01","2026-06-01 10:43:00",1780976893,"2026-06-08 23:49:09.052","rem"
"Sarah","2026-06-08 23:48:12.18","2026-06-01","2026-06-01 10:44:00",1780976893,"2026-06-08 23:49:09.209","rem"
"Sarah","2026-06-08 23:48:12.18","2026-06-01","2026-06-01 10:45:00",1780976893,"2026-06-08 23:49:09.368","rem"
"Sarah","2026-06-08 23:48:12.18","2026-06-01","2026-06-01 10:46:00",1780976893,"2026-06-08 23:49:09.54","rem"
"Sarah","2026-06-08 23:48:12.18","2026-06-01","2026-06-01 10:47:00",1780976893,"2026-06-08 23:49:09.778","rem"
"Sarah","2026-06-08 23:48:12.18","2026-06-01","2026-06-01 10:48:00",1780976893,"2026-06-08 23:49:09.971","rem"
"Sarah","2026-06-08 23:48:12.18","2026-06-01","2026-06-01 10:49:00",1780976893,"2026-06-08 23:49:10.133","rem"
"Sarah","2026-06-08 23:48:12.18","2026-06-01","2026-06-01 10:50:00",1780976893,"2026-06-08 23:49:10.27","rem"
"Sarah","2026-06-08 23:48:12.18","2026-06-01","2026-06-01 10:51:00",1780976893,"2026-06-08 23:49:10.406","rem"
"Sarah","2026-06-08 23:48:12.18","2026-06-01","2026-06-01 10:52:00",1780976893,"2026-06-08 23:49:10.572","rem"
"Sarah","2026-06-08 23:48:12.18","2026-06-01","2026-06-01 10:53:00",1780976893,"2026-06-08 23:49:10.723","rem"
"Sarah","2026-06-08 23:48:12.18","2026-06-01","2026-06-01 10:54:00",1780976893,"2026-06-08 23:49:10.863","rem"
"Sarah","2026-06-08 23:48:12.18","2026-06-01","2026-06-01 10:55:00",1780976893,"2026-06-08 23:49:10.998","rem"
"Sarah","2026-06-08 23:48:12.18","2026-06-01","2026-06-01 10:56:00",1780976893,"2026-06-08 23:49:11.139","rem"
"Sarah","2026-06-08 23:48:12.18","2026-06-01","2026-06-01 10:57:00",1780976893,"2026-06-08 23:49:11.288","rem"
"Sarah","2026-06-08 23:48:12.18","2026-06-01","2026-06-01 10:58:00",1780976893,"2026-06-08 23:49:11.439","rem"
"Sarah","2026-06-08 23:48:12.18","2026-06-01","2026-06-01 10:59:00",1780976893,"2026-06-08 23:49:11.592","rem"
"Sarah","2026-06-08 23:48:12.18","2026-06-01","2026-06-01 11:00:00",1780976893,"2026-06-08 23:49:11.734","rem"
"Sarah","2026-06-08 23:48:12.18","2026-06-01","2026-06-01 11:01:00",1780976893,"2026-06-08 23:49:11.874","rem"
"Sarah","2026-06-08 23:48:12.18","2026-06-01","2026-06-01 11:02:00",1780976893,"2026-06-08 23:49:12.015","rem"
"Sarah","2026-06-08 23:48:12.18","2026-06-01","2026-06-01 11:03:00",1780976893,"2026-06-08 23:49:12.159","rem"
"Sarah","2026-06-08 23:48:12.18","2026-06-01","2026-06-01 11:04:00",1780976893,"2026-06-08 23:49:12.32","rem"
"Sarah","2026-06-08 23:48:12.18","2026-06-01","2026-06-01 11:05:00",1780976893,"2026-06-08 23:49:12.467","rem"
"Sarah","2026-06-08 23:48:12.18","2026-06-01","2026-06-01 11:06:00",1780976893,"2026-06-08 23:49:12.601","rem"
"Sarah","2026-06-08 23:48:12.18","2026-06-01","2026-06-01 11:07:00",1780976893,"2026-06-08 23:49:12.758","rem"
"Sarah","2026-06-08 23:48:12.18","2026-06-01","2026-06-01 11:08:00",1780976893,"2026-06-08 23:49:12.943","rem"
"Sarah","2026-06-08 23:48:12.18","2026-06-01","2026-06-01 11:09:00",1780976893,"2026-06-08 23:49:13.085","rem"
"Sarah","2026-06-08 23:48:12.18","2026-06-01","2026-06-01 11:10:00",1780976893,"2026-06-08 23:49:13.237","rem"
"Sarah","2026-06-08 23:48:12.18","2026-06-01","2026-06-01 11:11:00",1780976893,"2026-06-08 23:49:13.375","rem"
"Sarah","2026-06-08 23:48:12.18","2026-06-01","2026-06-01 11:12:00",1780976893,"2026-06-08 23:49:13.513","rem"
"Sarah","2026-06-08 23:48:12.18","2026-06-01","2026-06-01 11:13:00",1780976893,"2026-06-08 23:49:13.67","rem"
"Sarah","2026-06-08 23:48:12.18","2026-06-01","2026-06-01 11:14:00",1780976893,"2026-06-08 23:49:13.816","light"
"Sarah","2026-06-08 23:48:12.18","2026-06-01","2026-06-01 11:15:00",1780976893,"2026-06-08 23:49:13.949","light"
"Sarah","2026-06-08 23:48:12.18","2026-06-01","2026-06-01 11:16:00",1780976893,"2026-06-08 23:49:14.088","light"
"Sarah","2026-06-08 23:48:12.18","2026-06-01","2026-06-01 11:17:00",1780976893,"2026-06-08 23:49:14.218","light"
"Sarah","2026-06-08 23:48:12.18","2026-06-01","2026-06-01 11:18:00",1780976893,"2026-06-08 23:49:14.514","light"
"Sarah","2026-06-08 23:48:12.18","2026-06-01","2026-06-01 11:19:00",1780976893,"2026-06-08 23:49:14.659","light"
"Sarah","2026-06-08 23:48:12.18","2026-06-01","2026-06-01 11:20:00",1780976893,"2026-06-08 23:49:14.794","light"
"Sarah","2026-06-08 23:48:12.18","2026-06-01","2026-06-01 11:21:00",1780976893,"2026-06-08 23:49:14.949","light"
"Sarah","2026-06-09 00:46:28.943","2026-06-02","2026-06-02 01:51:00",1780980389,"2026-06-09 00:46:30.251","wake"
"Sarah","2026-06-09 00:46:28.943","2026-06-02","2026-06-02 01:52:00",1780980389,"2026-06-09 00:46:31.549","wake"
"Sarah","2026-06-09 00:46:28.943","2026-06-02","2026-06-02 01:53:00",1780980389,"2026-06-09 00:46:31.791","wake"
"Sarah","2026-06-09 00:46:28.943","2026-06-02","2026-06-02 01:54:00",1780980389,"2026-06-09 00:46:31.984","wake"
"Sarah","2026-06-09 00:46:28.943","2026-06-02","2026-06-02 01:55:00",1780980389,"2026-06-09 00:46:32.21","wake"
"Sarah","2026-06-09 00:46:28.943","2026-06-02","2026-06-02 01:56:00",1780980389,"2026-06-09 00:46:32.401","light"
"Sarah","2026-06-09 00:46:28.943","2026-06-02","2026-06-02 01:57:00",1780980389,"2026-06-09 00:46:32.604","light"
"Sarah","2026-06-09 00:46:28.943","2026-06-02","2026-06-02 01:58:00",1780980389,"2026-06-09 00:46:32.808","light"
"Sarah","2026-06-09 00:46:28.943","2026-06-02","2026-06-02 01:59:00",1780980389,"2026-06-09 00:46:32.983","light"
"Sarah","2026-06-09 00:46:28.943","2026-06-02","2026-06-02 02:00:00",1780980389,"2026-06-09 00:46:33.182","light"
"Sarah","2026-06-09 00:46:28.943","2026-06-02","2026-06-02 02:01:00",1780980389,"2026-06-09 00:46:33.364","light"
"Sarah","2026-06-09 00:46:28.943","2026-06-02","2026-06-02 02:02:00",1780980389,"2026-06-09 00:46:33.658","light"
"Sarah","2026-06-09 00:46:28.943","2026-06-02","2026-06-02 02:03:00",1780980389,"2026-06-09 00:46:33.839","light"
"Sarah","2026-06-09 00:46:28.943","2026-06-02","2026-06-02 02:04:00",1780980389,"2026-06-09 00:46:34.056","light"
"Sarah","2026-06-09 00:46:28.943","2026-06-02","2026-06-02 02:05:00",1780980389,"2026-06-09 00:46:34.235","light"
"Sarah","2026-06-09 00:46:28.943","2026-06-02","2026-06-02 02:06:00",1780980389,"2026-06-09 00:46:34.409","light"
"Sarah","2026-06-09 00:46:28.943","2026-06-02","2026-06-02 02:07:00",1780980389,"2026-06-09 00:46:34.591","deep"
"Sarah","2026-06-09 00:46:28.943","2026-06-02","2026-06-02 02:08:00",1780980389,"2026-06-09 00:46:34.776","deep"
"Sarah","2026-06-09 00:46:28.943","2026-06-02","2026-06-02 02:09:00",1780980389,"2026-06-09 00:46:35.5","deep"
"Sarah","2026-06-09 00:46:28.943","2026-06-02","2026-06-02 02:10:00",1780980389,"2026-06-09 00:46:35.762","deep"
"Sarah","2026-06-09 00:46:28.943","2026-06-02","2026-06-02 02:11:00",1780980389,"2026-06-09 00:46:36.125","deep"
"Sarah","2026-06-09 00:46:28.943","2026-06-02","2026-06-02 02:12:00",1780980389,"2026-06-09 00:46:36.305","deep"
"Sarah","2026-06-09 00:46:28.943","2026-06-02","2026-06-02 02:13:00",1780980389,"2026-06-09 00:46:36.485","deep"
"Sarah","2026-06-09 00:46:28.943","2026-06-02","2026-06-02 02:14:00",1780980389,"2026-06-09 00:46:36.656","deep"
"Sarah","2026-06-09 00:46:28.943","2026-06-02","2026-06-02 02:15:00",1780980389,"2026-06-09 00:46:36.82","deep"
"Sarah","2026-06-09 00:46:28.943","2026-06-02","2026-06-02 02:16:00",1780980389,"2026-06-09 00:46:37.002","deep"
"Sarah","2026-06-09 00:46:28.943","2026-06-02","2026-06-02 02:17:00",1780980389,"2026-06-09 00:46:37.166","deep"
"Sarah","2026-06-09 00:46:28.943","2026-06-02","2026-06-02 02:18:00",1780980389,"2026-06-09 00:46:37.351","deep"
"Sarah","2026-06-09 00:46:28.943","2026-06-02","2026-06-02 02:19:00",1780980389,"2026-06-09 00:46:37.527","deep"
"Sarah","2026-06-09 00:46:28.943","2026-06-02","2026-06-02 02:20:00",1780980389,"2026-06-09 00:46:37.698","deep"
"Sarah","2026-06-09 00:46:28.943","2026-06-02","2026-06-02 02:21:00",1780980389,"2026-06-09 00:46:37.861","deep"
"Sarah","2026-06-09 00:46:28.943","2026-06-02","2026-06-02 02:22:00",1780980389,"2026-06-09 00:46:38.029","deep"
"Sarah","2026-06-09 00:46:28.943","2026-06-02","2026-06-02 02:23:00",1780980389,"2026-06-09 00:46:38.168","deep"
"Sarah","2026-06-09 00:46:28.943","2026-06-02","2026-06-02 02:24:00",1780980389,"2026-06-09 00:46:38.329","deep"
"Sarah","2026-06-09 00:46:28.943","2026-06-02","2026-06-02 02:25:00",1780980389,"2026-06-09 00:46:38.476","deep"
"Sarah","2026-06-09 00:46:28.943","2026-06-02","2026-06-02 02:26:00",1780980389,"2026-06-09 00:46:38.636","deep"
"Sarah","2026-06-09 00:46:28.943","2026-06-02","2026-06-02 02:27:00",1780980389,"2026-06-09 00:46:38.799","deep"
"Sarah","2026-06-09 00:46:28.943","2026-06-02","2026-06-02 02:28:00",1780980389,"2026-06-09 00:46:38.974","deep"
"Sarah","2026-06-09 00:46:28.943","2026-06-02","2026-06-02 02:29:00",1780980389,"2026-06-09 00:46:39.138","deep"
"Sarah","2026-06-09 00:46:28.943","2026-06-02","2026-06-02 02:30:00",1780980389,"2026-06-09 00:46:39.304","deep"
"Sarah","2026-06-09 00:46:28.943","2026-06-02","2026-06-02 02:31:00",1780980389,"2026-06-09 00:46:39.48","deep"
"Sarah","2026-06-09 00:46:28.943","2026-06-02","2026-06-02 02:32:00",1780980389,"2026-06-09 00:46:39.696","deep"
"Sarah","2026-06-09 00:46:28.943","2026-06-02","2026-06-02 02:33:00",1780980389,"2026-06-09 00:46:39.875","deep"
"Sarah","2026-06-09 00:46:28.943","2026-06-02","2026-06-02 02:34:00",1780980389,"2026-06-09 00:46:40.048","deep"
"Sarah","2026-06-09 00:46:28.943","2026-06-02","2026-06-02 02:35:00",1780980389,"2026-06-09 00:46:40.211","deep"
"Sarah","2026-06-09 00:46:28.943","2026-06-02","2026-06-02 02:36:00",1780980389,"2026-06-09 00:46:40.412","deep"
"Sarah","2026-06-09 00:46:28.943","2026-06-02","2026-06-02 02:37:00",1780980389,"2026-06-09 00:46:40.591","deep"
"Sarah","2026-06-09 00:46:28.943","2026-06-02","2026-06-02 02:38:00",1780980389,"2026-06-09 00:46:40.79","deep"
"Sarah","2026-06-09 00:46:28.943","2026-06-02","2026-06-02 02:39:00",1780980389,"2026-06-09 00:46:40.944","deep"
"Sarah","2026-06-09 00:46:28.943","2026-06-02","2026-06-02 02:40:00",1780980389,"2026-06-09 00:46:41.148","light"
"Sarah","2026-06-09 00:46:28.943","2026-06-02","2026-06-02 02:41:00",1780980389,"2026-06-09 00:46:41.298","light"
"Sarah","2026-06-09 00:46:28.943","2026-06-02","2026-06-02 02:42:00",1780980389,"2026-06-09 00:46:41.478","light"
"Sarah","2026-06-09 00:46:28.943","2026-06-02","2026-06-02 02:43:00",1780980389,"2026-06-09 00:46:41.646","light"
"Sarah","2026-06-09 00:46:28.943","2026-06-02","2026-06-02 02:44:00",1780980389,"2026-06-09 00:46:41.824","light"
"Sarah","2026-06-09 00:46:28.943","2026-06-02","2026-06-02 02:45:00",1780980389,"2026-06-09 00:46:41.993","light"
"Sarah","2026-06-09 00:46:28.943","2026-06-02","2026-06-02 02:46:00",1780980389,"2026-06-09 00:46:42.358","light"
"Sarah","2026-06-09 00:46:28.943","2026-06-02","2026-06-02 02:47:00",1780980389,"2026-06-09 00:46:42.54","light"
"Sarah","2026-06-09 00:46:28.943","2026-06-02","2026-06-02 02:48:00",1780980389,"2026-06-09 00:46:42.712","light"
"Sarah","2026-06-09 00:46:28.943","2026-06-02","2026-06-02 02:49:00",1780980389,"2026-06-09 00:46:42.86","light"
"Sarah","2026-06-09 00:46:28.943","2026-06-02","2026-06-02 02:50:00",1780980389,"2026-06-09 00:46:43.007","light"
"Sarah","2026-06-09 00:46:28.943","2026-06-02","2026-06-02 02:51:00",1780980389,"2026-06-09 00:46:43.165","light"
"Sarah","2026-06-09 00:46:28.943","2026-06-02","2026-06-02 02:52:00",1780980389,"2026-06-09 00:46:43.343","light"
"Sarah","2026-06-09 00:46:28.943","2026-06-02","2026-06-02 02:53:00",1780980389,"2026-06-09 00:46:43.505","light"
"Sarah","2026-06-09 00:46:28.943","2026-06-02","2026-06-02 02:54:00",1780980389,"2026-06-09 00:46:43.682","deep"
"Sarah","2026-06-09 00:46:28.943","2026-06-02","2026-06-02 02:55:00",1780980389,"2026-06-09 00:46:43.835","deep"
"Sarah","2026-06-09 00:46:28.943","2026-06-02","2026-06-02 02:56:00",1780980389,"2026-06-09 00:46:43.975","deep"
"Sarah","2026-06-09 00:46:28.943","2026-06-02","2026-06-02 02:57:00",1780980389,"2026-06-09 00:46:44.163","light"
"Sarah","2026-06-09 00:46:28.943","2026-06-02","2026-06-02 02:58:00",1780980389,"2026-06-09 00:46:44.338","light"
"Sarah","2026-06-09 00:46:28.943","2026-06-02","2026-06-02 02:59:00",1780980389,"2026-06-09 00:46:44.498","light"
"Sarah","2026-06-09 00:46:28.943","2026-06-02","2026-06-02 03:00:00",1780980389,"2026-06-09 00:46:44.66","light"
"Sarah","2026-06-09 00:46:28.943","2026-06-02","2026-06-02 03:01:00",1780980389,"2026-06-09 00:46:44.841","rem"
"Sarah","2026-06-09 00:46:28.943","2026-06-02","2026-06-02 03:02:00",1780980389,"2026-06-09 00:46:45.006","rem"
"Sarah","2026-06-09 00:46:28.943","2026-06-02","2026-06-02 03:03:00",1780980389,"2026-06-09 00:46:45.174","rem"
"Sarah","2026-06-09 00:46:28.943","2026-06-02","2026-06-02 03:04:00",1780980389,"2026-06-09 00:46:45.342","rem"
"Sarah","2026-06-09 00:46:28.943","2026-06-02","2026-06-02 03:05:00",1780980389,"2026-06-09 00:46:45.531","rem"
"Sarah","2026-06-09 00:46:28.943","2026-06-02","2026-06-02 03:06:00",1780980389,"2026-06-09 00:46:45.693","rem"
"Sarah","2026-06-09 00:46:28.943","2026-06-02","2026-06-02 03:07:00",1780980389,"2026-06-09 00:46:45.866","rem"
"Sarah","2026-06-09 00:46:28.943","2026-06-02","2026-06-02 03:08:00",1780980389,"2026-06-09 00:46:46.028","rem"
"Sarah","2026-06-09 00:46:28.943","2026-06-02","2026-06-02 03:09:00",1780980389,"2026-06-09 00:46:46.196","rem"
"Sarah","2026-06-09 00:46:28.943","2026-06-02","2026-06-02 03:10:00",1780980389,"2026-06-09 00:46:46.399","rem"
"Sarah","2026-06-09 00:46:28.943","2026-06-02","2026-06-02 03:11:00",1780980389,"2026-06-09 00:46:46.602","rem"
"Sarah","2026-06-09 00:46:28.943","2026-06-02","2026-06-02 03:12:00",1780980389,"2026-06-09 00:46:46.759","rem"
"Sarah","2026-06-09 00:46:28.943","2026-06-02","2026-06-02 03:13:00",1780980389,"2026-06-09 00:46:46.923","rem"
"Sarah","2026-06-09 00:46:28.943","2026-06-02","2026-06-02 03:14:00",1780980389,"2026-06-09 00:46:47.112","rem"
"Sarah","2026-06-09 00:46:28.943","2026-06-02","2026-06-02 03:15:00",1780980389,"2026-06-09 00:46:47.278","light"
"Sarah","2026-06-09 00:46:28.943","2026-06-02","2026-06-02 03:16:00",1780980389,"2026-06-09 00:46:47.469","light"
"Sarah","2026-06-09 00:46:28.943","2026-06-02","2026-06-02 03:17:00",1780980389,"2026-06-09 00:46:47.669","light"
"Sarah","2026-06-09 00:46:28.943","2026-06-02","2026-06-02 03:18:00",1780980389,"2026-06-09 00:46:47.856","light"
"Sarah","2026-06-09 00:46:28.943","2026-06-02","2026-06-02 03:19:00",1780980389,"2026-06-09 00:46:48.037","light"
"Sarah","2026-06-09 00:46:28.943","2026-06-02","2026-06-02 03:20:00",1780980389,"2026-06-09 00:46:48.203","light"
"Sarah","2026-06-09 00:46:28.943","2026-06-02","2026-06-02 03:21:00",1780980389,"2026-06-09 00:46:48.379","light"
"Sarah","2026-06-09 00:46:28.943","2026-06-02","2026-06-02 03:22:00",1780980389,"2026-06-09 00:46:48.568","light"
"Sarah","2026-06-09 00:46:28.943","2026-06-02","2026-06-02 03:23:00",1780980389,"2026-06-09 00:46:48.763","light"
"Sarah","2026-06-09 00:46:28.943","2026-06-02","2026-06-02 03:24:00",1780980389,"2026-06-09 00:46:48.955","light"
"Sarah","2026-06-09 00:46:28.943","2026-06-02","2026-06-02 03:25:00",1780980389,"2026-06-09 00:46:49.134","light"
"Sarah","2026-06-09 00:46:28.943","2026-06-02","2026-06-02 03:26:00",1780980389,"2026-06-09 00:46:49.307","light"
"Sarah","2026-06-09 00:46:28.943","2026-06-02","2026-06-02 03:27:00",1780980389,"2026-06-09 00:46:49.523","light"
"Sarah","2026-06-09 00:46:28.943","2026-06-02","2026-06-02 03:28:00",1780980389,"2026-06-09 00:46:49.72","light"
"Sarah","2026-06-09 00:46:28.943","2026-06-02","2026-06-02 03:29:00",1780980389,"2026-06-09 00:46:49.886","light"
"Sarah","2026-06-09 00:46:28.943","2026-06-02","2026-06-02 03:30:00",1780980389,"2026-06-09 00:46:50.066","light"
"Sarah","2026-06-09 00:46:28.943","2026-06-02","2026-06-02 03:31:00",1780980389,"2026-06-09 00:46:50.487","light"
"Sarah","2026-06-09 00:46:28.943","2026-06-02","2026-06-02 03:32:00",1780980389,"2026-06-09 00:46:50.654","light"
"Sarah","2026-06-09 00:46:28.943","2026-06-02","2026-06-02 03:33:00",1780980389,"2026-06-09 00:46:50.841","deep"
"Sarah","2026-06-09 00:46:28.943","2026-06-02","2026-06-02 03:34:00",1780980389,"2026-06-09 00:46:51.017","deep"
"Sarah","2026-06-09 00:46:28.943","2026-06-02","2026-06-02 03:35:00",1780980389,"2026-06-09 00:46:51.2","deep"
"Sarah","2026-06-09 00:46:28.943","2026-06-02","2026-06-02 03:36:00",1780980389,"2026-06-09 00:46:51.41","deep"
"Sarah","2026-06-09 00:46:28.943","2026-06-02","2026-06-02 03:37:00",1780980389,"2026-06-09 00:46:51.604","deep"
"Sarah","2026-06-09 00:46:28.943","2026-06-02","2026-06-02 03:38:00",1780980389,"2026-06-09 00:46:51.775","deep"
"Sarah","2026-06-09 00:46:28.943","2026-06-02","2026-06-02 03:39:00",1780980389,"2026-06-09 00:46:52.243","deep"
"Sarah","2026-06-09 00:46:28.943","2026-06-02","2026-06-02 03:40:00",1780980389,"2026-06-09 00:46:52.421","deep"
"Sarah","2026-06-09 00:46:28.943","2026-06-02","2026-06-02 03:41:00",1780980389,"2026-06-09 00:46:52.575","deep"
"Sarah","2026-06-09 00:46:28.943","2026-06-02","2026-06-02 03:42:00",1780980389,"2026-06-09 00:46:52.743","deep"
"Sarah","2026-06-09 00:46:28.943","2026-06-02","2026-06-02 03:43:00",1780980389,"2026-06-09 00:46:52.921","deep"
"Sarah","2026-06-09 00:46:28.943","2026-06-02","2026-06-02 03:44:00",1780980389,"2026-06-09 00:46:53.08","deep"
"Sarah","2026-06-09 00:46:28.943","2026-06-02","2026-06-02 03:45:00",1780980389,"2026-06-09 00:46:53.247","deep"
"Sarah","2026-06-09 00:46:28.943","2026-06-02","2026-06-02 03:46:00",1780980389,"2026-06-09 00:46:53.418","deep"
"Sarah","2026-06-09 00:46:28.943","2026-06-02","2026-06-02 03:47:00",1780980389,"2026-06-09 00:46:53.573","light"
"Sarah","2026-06-09 00:46:28.943","2026-06-02","2026-06-02 03:48:00",1780980389,"2026-06-09 00:46:53.771","light"
"Sarah","2026-06-09 00:46:28.943","2026-06-02","2026-06-02 03:49:00",1780980389,"2026-06-09 00:46:53.932","light"
"Sarah","2026-06-09 00:46:28.943","2026-06-02","2026-06-02 03:50:00",1780980389,"2026-06-09 00:46:54.106","light"
"Sarah","2026-06-09 00:46:28.943","2026-06-02","2026-06-02 03:51:00",1780980389,"2026-06-09 00:46:54.483","light"
"Sarah","2026-06-09 00:46:28.943","2026-06-02","2026-06-02 03:52:00",1780980389,"2026-06-09 00:46:54.639","light"
"Sarah","2026-06-09 00:46:28.943","2026-06-02","2026-06-02 03:53:00",1780980389,"2026-06-09 00:46:54.815","light"
"Sarah","2026-06-09 00:46:28.943","2026-06-02","2026-06-02 03:54:00",1780980389,"2026-06-09 00:46:54.975","light"
"Sarah","2026-06-09 00:46:28.943","2026-06-02","2026-06-02 03:55:00",1780980389,"2026-06-09 00:46:55.154","light"
"Sarah","2026-06-09 00:46:28.943","2026-06-02","2026-06-02 03:56:00",1780980389,"2026-06-09 00:46:55.329","deep"
"Sarah","2026-06-09 00:46:28.943","2026-06-02","2026-06-02 03:57:00",1780980389,"2026-06-09 00:46:55.503","deep"
"Sarah","2026-06-09 00:46:28.943","2026-06-02","2026-06-02 03:58:00",1780980389,"2026-06-09 00:46:55.652","deep"
"Sarah","2026-06-09 00:46:28.943","2026-06-02","2026-06-02 03:59:00",1780980389,"2026-06-09 00:46:55.863","deep"
"Sarah","2026-06-09 00:46:28.943","2026-06-02","2026-06-02 04:00:00",1780980389,"2026-06-09 00:46:56.021","deep"
"Sarah","2026-06-09 00:46:28.943","2026-06-02","2026-06-02 04:01:00",1780980389,"2026-06-09 00:46:56.172","deep"
"Sarah","2026-06-09 00:46:28.943","2026-06-02","2026-06-02 04:02:00",1780980389,"2026-06-09 00:46:56.391","deep"
"Sarah","2026-06-09 00:46:28.943","2026-06-02","2026-06-02 04:03:00",1780980389,"2026-06-09 00:46:56.575","deep"
"Sarah","2026-06-09 00:46:28.943","2026-06-02","2026-06-02 04:04:00",1780980389,"2026-06-09 00:46:57.182","deep"
"Sarah","2026-06-09 00:46:28.943","2026-06-02","2026-06-02 04:05:00",1780980389,"2026-06-09 00:46:57.359","deep"
"Sarah","2026-06-09 00:46:28.943","2026-06-02","2026-06-02 04:06:00",1780980389,"2026-06-09 00:46:57.535","deep"
"Sarah","2026-06-09 00:46:28.943","2026-06-02","2026-06-02 04:07:00",1780980389,"2026-06-09 00:46:57.747","deep"
"Sarah","2026-06-09 00:46:28.943","2026-06-02","2026-06-02 04:08:00",1780980389,"2026-06-09 00:46:58.007","light"
"Sarah","2026-06-09 00:46:28.943","2026-06-02","2026-06-02 04:09:00",1780980389,"2026-06-09 00:46:58.191","light"
"Sarah","2026-06-09 00:46:28.943","2026-06-02","2026-06-02 04:10:00",1780980389,"2026-06-09 00:46:58.383","light"
"Sarah","2026-06-09 00:46:28.943","2026-06-02","2026-06-02 04:11:00",1780980389,"2026-06-09 00:46:58.559","light"
"Sarah","2026-06-09 00:46:28.943","2026-06-02","2026-06-02 04:12:00",1780980389,"2026-06-09 00:46:58.754","light"
"Sarah","2026-06-09 00:46:28.943","2026-06-02","2026-06-02 04:13:00",1780980389,"2026-06-09 00:46:58.924","light"
"Sarah","2026-06-09 00:46:28.943","2026-06-02","2026-06-02 04:14:00",1780980389,"2026-06-09 00:46:59.113","light"
"Sarah","2026-06-09 00:46:28.943","2026-06-02","2026-06-02 04:15:00",1780980389,"2026-06-09 00:46:59.305","light"
"Sarah","2026-06-09 00:46:28.943","2026-06-02","2026-06-02 04:16:00",1780980389,"2026-06-09 00:46:59.498","light"
"Sarah","2026-06-09 00:46:28.943","2026-06-02","2026-06-02 04:17:00",1780980389,"2026-06-09 00:46:59.679","light"
"Sarah","2026-06-09 00:46:28.943","2026-06-02","2026-06-02 04:18:00",1780980389,"2026-06-09 00:46:59.873","light"
"Sarah","2026-06-09 00:46:28.943","2026-06-02","2026-06-02 04:19:00",1780980389,"2026-06-09 00:47:00.047","light"
"Sarah","2026-06-09 00:46:28.943","2026-06-02","2026-06-02 04:20:00",1780980389,"2026-06-09 00:47:00.221","rem"
"Sarah","2026-06-09 00:46:28.943","2026-06-02","2026-06-02 04:21:00",1780980389,"2026-06-09 00:47:00.375","rem"
"Sarah","2026-06-09 00:46:28.943","2026-06-02","2026-06-02 04:22:00",1780980389,"2026-06-09 00:47:00.598","rem"
"Sarah","2026-06-09 00:46:28.943","2026-06-02","2026-06-02 04:23:00",1780980389,"2026-06-09 00:47:00.855","rem"
"Sarah","2026-06-09 00:46:28.943","2026-06-02","2026-06-02 04:24:00",1780980389,"2026-06-09 00:47:01.371","rem"
"Sarah","2026-06-09 00:46:28.943","2026-06-02","2026-06-02 04:25:00",1780980389,"2026-06-09 00:47:01.595","rem"
"Sarah","2026-06-09 00:46:28.943","2026-06-02","2026-06-02 04:26:00",1780980389,"2026-06-09 00:47:01.863","rem"
"Sarah","2026-06-09 00:46:28.943","2026-06-02","2026-06-02 04:27:00",1780980389,"2026-06-09 00:47:02.166","rem"
"Sarah","2026-06-09 00:46:28.943","2026-06-02","2026-06-02 04:28:00",1780980389,"2026-06-09 00:47:02.334","rem"
"Sarah","2026-06-09 00:46:28.943","2026-06-02","2026-06-02 04:29:00",1780980389,"2026-06-09 00:47:02.539","rem"
"Sarah","2026-06-09 00:46:28.943","2026-06-02","2026-06-02 04:30:00",1780980389,"2026-06-09 00:47:02.852","rem"
"Sarah","2026-06-09 00:46:28.943","2026-06-02","2026-06-02 04:31:00",1780980389,"2026-06-09 00:47:03.132","rem"
"Sarah","2026-06-09 00:46:28.943","2026-06-02","2026-06-02 04:32:00",1780980389,"2026-06-09 00:47:03.342","rem"
"Sarah","2026-06-09 00:46:28.943","2026-06-02","2026-06-02 04:33:00",1780980389,"2026-06-09 00:47:03.564","rem"
"Sarah","2026-06-09 00:46:28.943","2026-06-02","2026-06-02 04:34:00",1780980389,"2026-06-09 00:47:03.721","rem"
"Sarah","2026-06-09 00:46:28.943","2026-06-02","2026-06-02 04:35:00",1780980389,"2026-06-09 00:47:03.888","rem"
"Sarah","2026-06-09 00:46:28.943","2026-06-02","2026-06-02 04:36:00",1780980389,"2026-06-09 00:47:04.078","rem"
"Sarah","2026-06-09 00:46:28.943","2026-06-02","2026-06-02 04:37:00",1780980389,"2026-06-09 00:47:04.296","rem"
"Sarah","2026-06-09 00:46:28.943","2026-06-02","2026-06-02 04:38:00",1780980389,"2026-06-09 00:47:04.57","rem"
"Sarah","2026-06-09 00:46:28.943","2026-06-02","2026-06-02 04:39:00",1780980389,"2026-06-09 00:47:04.848","rem"
"Sarah","2026-06-09 00:46:28.943","2026-06-02","2026-06-02 04:40:00",1780980389,"2026-06-09 00:47:05.29","rem"
"Sarah","2026-06-09 00:46:28.943","2026-06-02","2026-06-02 04:41:00",1780980389,"2026-06-09 00:47:05.826","rem"
"Sarah","2026-06-09 00:46:28.943","2026-06-02","2026-06-02 04:42:00",1780980389,"2026-06-09 00:47:05.992","rem"
"Sarah","2026-06-09 00:46:28.943","2026-06-02","2026-06-02 04:43:00",1780980389,"2026-06-09 00:47:06.215","rem"
"Sarah","2026-06-09 00:46:28.943","2026-06-02","2026-06-02 04:44:00",1780980389,"2026-06-09 00:47:06.412","rem"
"Sarah","2026-06-09 00:46:28.943","2026-06-02","2026-06-02 04:45:00",1780980389,"2026-06-09 00:47:06.658","rem"
"Sarah","2026-06-09 00:46:28.943","2026-06-02","2026-06-02 04:46:00",1780980389,"2026-06-09 00:47:06.879","rem"
"Sarah","2026-06-09 00:46:28.943","2026-06-02","2026-06-02 04:47:00",1780980389,"2026-06-09 00:47:07.077","rem"
"Sarah","2026-06-09 00:46:28.943","2026-06-02","2026-06-02 04:48:00",1780980389,"2026-06-09 00:47:07.285","rem"
"Sarah","2026-06-09 00:46:28.943","2026-06-02","2026-06-02 04:49:00",1780980389,"2026-06-09 00:47:07.493","rem"
"Sarah","2026-06-09 00:46:28.943","2026-06-02","2026-06-02 04:50:00",1780980389,"2026-06-09 00:47:07.797","rem"
"Sarah","2026-06-09 00:46:28.943","2026-06-02","2026-06-02 04:51:00",1780980389,"2026-06-09 00:47:08.359","rem"
"Sarah","2026-06-09 00:46:28.943","2026-06-02","2026-06-02 04:52:00",1780980389,"2026-06-09 00:47:08.528","rem"
"Sarah","2026-06-09 00:46:28.943","2026-06-02","2026-06-02 04:53:00",1780980389,"2026-06-09 00:47:08.73","rem"
"Sarah","2026-06-09 00:46:28.943","2026-06-02","2026-06-02 04:54:00",1780980389,"2026-06-09 00:47:08.882","rem"
"Sarah","2026-06-09 00:46:28.943","2026-06-02","2026-06-02 04:55:00",1780980389,"2026-06-09 00:47:09.043","rem"
"Sarah","2026-06-09 00:46:28.943","2026-06-02","2026-06-02 04:56:00",1780980389,"2026-06-09 00:47:09.198","rem"
"Sarah","2026-06-09 00:46:28.943","2026-06-02","2026-06-02 04:57:00",1780980389,"2026-06-09 00:47:09.353","rem"
"Sarah","2026-06-09 00:46:28.943","2026-06-02","2026-06-02 04:58:00",1780980389,"2026-06-09 00:47:09.505","light"
"Sarah","2026-06-09 00:46:28.943","2026-06-02","2026-06-02 04:59:00",1780980389,"2026-06-09 00:47:09.676","light"
"Sarah","2026-06-09 00:46:28.943","2026-06-02","2026-06-02 05:00:00",1780980389,"2026-06-09 00:47:09.862","light"
"Sarah","2026-06-09 00:46:28.943","2026-06-02","2026-06-02 05:01:00",1780980389,"2026-06-09 00:47:10.042","light"
"Sarah","2026-06-09 00:46:28.943","2026-06-02","2026-06-02 05:02:00",1780980389,"2026-06-09 00:47:10.203","light"
"Sarah","2026-06-09 00:46:28.943","2026-06-02","2026-06-02 05:03:00",1780980389,"2026-06-09 00:47:10.393","light"
"Sarah","2026-06-09 00:46:28.943","2026-06-02","2026-06-02 05:04:00",1780980389,"2026-06-09 00:47:10.557","light"
"Sarah","2026-06-09 00:46:28.943","2026-06-02","2026-06-02 05:05:00",1780980389,"2026-06-09 00:47:10.725","light"
"Sarah","2026-06-09 00:46:28.943","2026-06-02","2026-06-02 05:06:00",1780980389,"2026-06-09 00:47:10.897","light"
"Sarah","2026-06-09 00:46:28.943","2026-06-02","2026-06-02 05:07:00",1780980389,"2026-06-09 00:47:11.07","light"
"Sarah","2026-06-09 00:46:28.943","2026-06-02","2026-06-02 05:08:00",1780980389,"2026-06-09 00:47:11.236","light"
"Sarah","2026-06-09 00:46:28.943","2026-06-02","2026-06-02 05:09:00",1780980389,"2026-06-09 00:47:11.388","light"
"Sarah","2026-06-09 00:46:28.943","2026-06-02","2026-06-02 05:10:00",1780980389,"2026-06-09 00:47:11.532","light"
"Sarah","2026-06-09 00:46:28.943","2026-06-02","2026-06-02 05:11:00",1780980389,"2026-06-09 00:47:11.67","light"
"Sarah","2026-06-09 00:46:28.943","2026-06-02","2026-06-02 05:12:00",1780980389,"2026-06-09 00:47:11.838","light"
"Sarah","2026-06-09 00:46:28.943","2026-06-02","2026-06-02 05:13:00",1780980389,"2026-06-09 00:47:12.002","light"
"Sarah","2026-06-09 00:46:28.943","2026-06-02","2026-06-02 05:14:00",1780980389,"2026-06-09 00:47:12.188","light"
"Sarah","2026-06-09 00:46:28.943","2026-06-02","2026-06-02 05:15:00",1780980389,"2026-06-09 00:47:12.356","light"
"Sarah","2026-06-09 00:46:28.943","2026-06-02","2026-06-02 05:16:00",1780980389,"2026-06-09 00:47:12.555","light"
"Sarah","2026-06-09 00:46:28.943","2026-06-02","2026-06-02 05:17:00",1780980389,"2026-06-09 00:47:12.765","light"
"Sarah","2026-06-09 00:46:28.943","2026-06-02","2026-06-02 05:18:00",1780980389,"2026-06-09 00:47:12.927","deep"
"Sarah","2026-06-09 00:46:28.943","2026-06-02","2026-06-02 05:19:00",1780980389,"2026-06-09 00:47:13.097","deep"
"Sarah","2026-06-09 00:46:28.943","2026-06-02","2026-06-02 05:20:00",1780980389,"2026-06-09 00:47:13.288","deep"
"Sarah","2026-06-09 00:46:28.943","2026-06-02","2026-06-02 05:21:00",1780980389,"2026-06-09 00:47:13.44","deep"
"Sarah","2026-06-09 00:46:28.943","2026-06-02","2026-06-02 05:22:00",1780980389,"2026-06-09 00:47:13.634","deep"
"Sarah","2026-06-09 00:46:28.943","2026-06-02","2026-06-02 05:23:00",1780980389,"2026-06-09 00:47:14.24","deep"
"Sarah","2026-06-09 00:46:28.943","2026-06-02","2026-06-02 05:24:00",1780980389,"2026-06-09 00:47:14.406","deep"
"Sarah","2026-06-09 00:46:28.943","2026-06-02","2026-06-02 05:25:00",1780980389,"2026-06-09 00:47:14.577","deep"
"Sarah","2026-06-09 00:46:28.943","2026-06-02","2026-06-02 05:26:00",1780980389,"2026-06-09 00:47:14.754","deep"
"Sarah","2026-06-09 00:46:28.943","2026-06-02","2026-06-02 05:27:00",1780980389,"2026-06-09 00:47:15.015","deep"
"Sarah","2026-06-09 00:46:28.943","2026-06-02","2026-06-02 05:28:00",1780980389,"2026-06-09 00:47:15.201","deep"
"Sarah","2026-06-09 00:46:28.943","2026-06-02","2026-06-02 05:29:00",1780980389,"2026-06-09 00:47:15.371","deep"
"Sarah","2026-06-09 00:46:28.943","2026-06-02","2026-06-02 05:30:00",1780980389,"2026-06-09 00:47:15.558","deep"
"Sarah","2026-06-09 00:46:28.943","2026-06-02","2026-06-02 05:31:00",1780980389,"2026-06-09 00:47:15.952","light"
"Sarah","2026-06-09 00:46:28.943","2026-06-02","2026-06-02 05:32:00",1780980389,"2026-06-09 00:47:16.13","light"
"Sarah","2026-06-09 00:46:28.943","2026-06-02","2026-06-02 05:33:00",1780980389,"2026-06-09 00:47:16.592","light"
"Sarah","2026-06-09 00:46:28.943","2026-06-02","2026-06-02 05:34:00",1780980389,"2026-06-09 00:47:16.762","light"
"Sarah","2026-06-09 00:46:28.943","2026-06-02","2026-06-02 05:35:00",1780980389,"2026-06-09 00:47:16.936","light"
"Sarah","2026-06-09 00:46:28.943","2026-06-02","2026-06-02 05:36:00",1780980389,"2026-06-09 00:47:17.114","light"
"Sarah","2026-06-09 00:46:28.943","2026-06-02","2026-06-02 05:37:00",1780980389,"2026-06-09 00:47:17.311","light"
"Sarah","2026-06-09 00:46:28.943","2026-06-02","2026-06-02 05:38:00",1780980389,"2026-06-09 00:47:17.487","light"
"Sarah","2026-06-09 00:46:28.943","2026-06-02","2026-06-02 05:39:00",1780980389,"2026-06-09 00:47:17.655","light"
"Sarah","2026-06-09 00:46:28.943","2026-06-02","2026-06-02 05:40:00",1780980389,"2026-06-09 00:47:17.827","light"
"Sarah","2026-06-09 00:46:28.943","2026-06-02","2026-06-02 05:41:00",1780980389,"2026-06-09 00:47:18.009","light"
"Sarah","2026-06-09 00:46:28.943","2026-06-02","2026-06-02 05:42:00",1780980389,"2026-06-09 00:47:18.164","light"
"Sarah","2026-06-09 00:46:28.943","2026-06-02","2026-06-02 05:43:00",1780980389,"2026-06-09 00:47:18.336","light"
"Sarah","2026-06-09 00:46:28.943","2026-06-02","2026-06-02 05:44:00",1780980389,"2026-06-09 00:47:18.495","light"
"Sarah","2026-06-09 00:46:28.943","2026-06-02","2026-06-02 05:45:00",1780980389,"2026-06-09 00:47:18.663","light"
"Sarah","2026-06-09 00:46:28.943","2026-06-02","2026-06-02 05:46:00",1780980389,"2026-06-09 00:47:18.801","light"
"Sarah","2026-06-09 00:46:28.943","2026-06-02","2026-06-02 05:47:00",1780980389,"2026-06-09 00:47:18.957","light"
"Sarah","2026-06-09 00:46:28.943","2026-06-02","2026-06-02 05:48:00",1780980389,"2026-06-09 00:47:19.12","light"
"Sarah","2026-06-09 00:46:28.943","2026-06-02","2026-06-02 05:49:00",1780980389,"2026-06-09 00:47:19.276","light"
"Sarah","2026-06-09 00:46:28.943","2026-06-02","2026-06-02 05:50:00",1780980389,"2026-06-09 00:47:19.448","light"
"Sarah","2026-06-09 00:46:28.943","2026-06-02","2026-06-02 05:51:00",1780980389,"2026-06-09 00:47:19.79","light"
"Sarah","2026-06-09 00:46:28.943","2026-06-02","2026-06-02 05:52:00",1780980389,"2026-06-09 00:47:20.854","light"
"Sarah","2026-06-09 00:46:28.943","2026-06-02","2026-06-02 05:53:00",1780980389,"2026-06-09 00:47:20.995","light"
"Sarah","2026-06-09 00:46:28.943","2026-06-02","2026-06-02 05:54:00",1780980389,"2026-06-09 00:47:21.156","light"
"Sarah","2026-06-09 00:46:28.943","2026-06-02","2026-06-02 05:55:00",1780980389,"2026-06-09 00:47:21.315","light"
"Sarah","2026-06-09 00:46:28.943","2026-06-02","2026-06-02 05:56:00",1780980389,"2026-06-09 00:47:21.487","light"
"Sarah","2026-06-09 00:46:28.943","2026-06-02","2026-06-02 05:57:00",1780980389,"2026-06-09 00:47:21.683","light"
"Sarah","2026-06-09 00:46:28.943","2026-06-02","2026-06-02 05:58:00",1780980389,"2026-06-09 00:47:21.855","light"
"Sarah","2026-06-09 00:46:28.943","2026-06-02","2026-06-02 05:59:00",1780980389,"2026-06-09 00:47:22.055","light"
"Sarah","2026-06-09 00:46:28.943","2026-06-02","2026-06-02 06:00:00",1780980389,"2026-06-09 00:47:22.239","light"
"Sarah","2026-06-09 00:46:28.943","2026-06-02","2026-06-02 06:01:00",1780980389,"2026-06-09 00:47:22.739","light"
"Sarah","2026-06-09 00:46:28.943","2026-06-02","2026-06-02 06:02:00",1780980389,"2026-06-09 00:47:23.009","light"
"Sarah","2026-06-09 00:46:28.943","2026-06-02","2026-06-02 06:03:00",1780980389,"2026-06-09 00:47:23.183","light"
"Sarah","2026-06-09 00:46:28.943","2026-06-02","2026-06-02 06:04:00",1780980389,"2026-06-09 00:47:23.408","light"
"Sarah","2026-06-09 00:46:28.943","2026-06-02","2026-06-02 06:05:00",1780980389,"2026-06-09 00:47:23.575","light"
"Sarah","2026-06-09 00:46:28.943","2026-06-02","2026-06-02 06:06:00",1780980389,"2026-06-09 00:47:23.753","light"
"Sarah","2026-06-09 00:46:28.943","2026-06-02","2026-06-02 06:07:00",1780980389,"2026-06-09 00:47:23.94","light"
"Sarah","2026-06-09 00:46:28.943","2026-06-02","2026-06-02 06:08:00",1780980389,"2026-06-09 00:47:24.109","light"
"Sarah","2026-06-09 00:46:28.943","2026-06-02","2026-06-02 06:09:00",1780980389,"2026-06-09 00:47:24.279","light"
"Sarah","2026-06-09 00:46:28.943","2026-06-02","2026-06-02 06:10:00",1780980389,"2026-06-09 00:47:24.474","light"
"Sarah","2026-06-09 00:46:28.943","2026-06-02","2026-06-02 06:11:00",1780980389,"2026-06-09 00:47:24.696","light"
"Sarah","2026-06-09 00:46:28.943","2026-06-02","2026-06-02 06:12:00",1780980389,"2026-06-09 00:47:24.853","light"
"Sarah","2026-06-09 00:46:28.943","2026-06-02","2026-06-02 06:13:00",1780980389,"2026-06-09 00:47:25.002","light"
"Sarah","2026-06-09 00:46:28.943","2026-06-02","2026-06-02 06:14:00",1780980389,"2026-06-09 00:47:25.15","light"
"Sarah","2026-06-09 00:46:28.943","2026-06-02","2026-06-02 06:15:00",1780980389,"2026-06-09 00:47:25.316","light"
"Sarah","2026-06-09 00:46:28.943","2026-06-02","2026-06-02 06:16:00",1780980389,"2026-06-09 00:47:25.46","light"
"Sarah","2026-06-09 00:46:28.943","2026-06-02","2026-06-02 06:17:00",1780980389,"2026-06-09 00:47:25.613","deep"
"Sarah","2026-06-09 00:46:28.943","2026-06-02","2026-06-02 06:18:00",1780980389,"2026-06-09 00:47:25.995","deep"
"Sarah","2026-06-09 00:46:28.943","2026-06-02","2026-06-02 06:19:00",1780980389,"2026-06-09 00:47:26.153","deep"
"Sarah","2026-06-09 00:46:28.943","2026-06-02","2026-06-02 06:20:00",1780980389,"2026-06-09 00:47:26.31","deep"
"Sarah","2026-06-09 00:46:28.943","2026-06-02","2026-06-02 06:21:00",1780980389,"2026-06-09 00:47:26.464","deep"
"Sarah","2026-06-09 00:46:28.943","2026-06-02","2026-06-02 06:22:00",1780980389,"2026-06-09 00:47:26.633","light"
"Sarah","2026-06-09 00:46:28.943","2026-06-02","2026-06-02 06:23:00",1780980389,"2026-06-09 00:47:26.787","light"
"Sarah","2026-06-09 00:46:28.943","2026-06-02","2026-06-02 06:24:00",1780980389,"2026-06-09 00:47:26.953","light"
"Sarah","2026-06-09 00:46:28.943","2026-06-02","2026-06-02 06:25:00",1780980389,"2026-06-09 00:47:27.105","light"
"Sarah","2026-06-09 00:46:28.943","2026-06-02","2026-06-02 06:26:00",1780980389,"2026-06-09 00:47:27.27","light"
"Sarah","2026-06-09 00:46:28.943","2026-06-02","2026-06-02 06:27:00",1780980389,"2026-06-09 00:47:27.441","light"
"Sarah","2026-06-09 00:46:28.943","2026-06-02","2026-06-02 06:28:00",1780980389,"2026-06-09 00:47:27.579","light"
"Sarah","2026-06-09 00:46:28.943","2026-06-02","2026-06-02 06:29:00",1780980389,"2026-06-09 00:47:27.734","light"
"Sarah","2026-06-09 00:46:28.943","2026-06-02","2026-06-02 06:30:00",1780980389,"2026-06-09 00:47:27.888","light"
"Sarah","2026-06-09 00:46:28.943","2026-06-02","2026-06-02 06:31:00",1780980389,"2026-06-09 00:47:28.056","light"
"Sarah","2026-06-09 00:46:28.943","2026-06-02","2026-06-02 06:32:00",1780980389,"2026-06-09 00:47:28.239","light"
"Sarah","2026-06-09 00:46:28.943","2026-06-02","2026-06-02 06:33:00",1780980389,"2026-06-09 00:47:28.395","light"
"Sarah","2026-06-09 00:46:28.943","2026-06-02","2026-06-02 06:34:00",1780980389,"2026-06-09 00:47:28.548","light"
"Sarah","2026-06-09 00:46:28.943","2026-06-02","2026-06-02 06:35:00",1780980389,"2026-06-09 00:47:28.71","light"
"Sarah","2026-06-09 00:46:28.943","2026-06-02","2026-06-02 06:36:00",1780980389,"2026-06-09 00:47:28.849","light"
"Sarah","2026-06-09 00:46:28.943","2026-06-02","2026-06-02 06:37:00",1780980389,"2026-06-09 00:47:29.006","rem"
"Sarah","2026-06-09 00:46:28.943","2026-06-02","2026-06-02 06:38:00",1780980389,"2026-06-09 00:47:29.167","rem"
"Sarah","2026-06-09 00:46:28.943","2026-06-02","2026-06-02 06:39:00",1780980389,"2026-06-09 00:47:29.327","rem"
"Sarah","2026-06-09 00:46:28.943","2026-06-02","2026-06-02 06:40:00",1780980389,"2026-06-09 00:47:29.482","rem"
"Sarah","2026-06-09 00:46:28.943","2026-06-02","2026-06-02 06:41:00",1780980389,"2026-06-09 00:47:29.648","rem"
"Sarah","2026-06-09 00:46:28.943","2026-06-02","2026-06-02 06:42:00",1780980389,"2026-06-09 00:47:29.793","rem"
"Sarah","2026-06-09 00:46:28.943","2026-06-02","2026-06-02 06:43:00",1780980389,"2026-06-09 00:47:30.058","rem"
"Sarah","2026-06-09 00:46:28.943","2026-06-02","2026-06-02 06:44:00",1780980389,"2026-06-09 00:47:30.221","rem"
"Sarah","2026-06-09 00:46:28.943","2026-06-02","2026-06-02 06:45:00",1780980389,"2026-06-09 00:47:30.518","rem"
"Sarah","2026-06-09 00:46:28.943","2026-06-02","2026-06-02 06:46:00",1780980389,"2026-06-09 00:47:30.725","rem"
"Sarah","2026-06-09 00:46:28.943","2026-06-02","2026-06-02 06:47:00",1780980389,"2026-06-09 00:47:30.87","rem"
"Sarah","2026-06-09 00:46:28.943","2026-06-02","2026-06-02 06:48:00",1780980389,"2026-06-09 00:47:31.047","rem"
"Sarah","2026-06-09 00:46:28.943","2026-06-02","2026-06-02 06:49:00",1780980389,"2026-06-09 00:47:31.24","rem"
"Sarah","2026-06-09 00:46:28.943","2026-06-02","2026-06-02 06:50:00",1780980389,"2026-06-09 00:47:31.414","rem"
"Sarah","2026-06-09 00:46:28.943","2026-06-02","2026-06-02 06:51:00",1780980389,"2026-06-09 00:47:31.556","rem"
"Sarah","2026-06-09 00:46:28.943","2026-06-02","2026-06-02 06:52:00",1780980389,"2026-06-09 00:47:31.731","rem"
"Sarah","2026-06-09 00:46:28.943","2026-06-02","2026-06-02 06:53:00",1780980389,"2026-06-09 00:47:31.896","rem"
"Sarah","2026-06-09 00:46:28.943","2026-06-02","2026-06-02 06:54:00",1780980389,"2026-06-09 00:47:32.066","rem"
"Sarah","2026-06-09 00:46:28.943","2026-06-02","2026-06-02 06:55:00",1780980389,"2026-06-09 00:47:32.25","rem"
"Sarah","2026-06-09 00:46:28.943","2026-06-02","2026-06-02 06:56:00",1780980389,"2026-06-09 00:47:32.442","rem"
"Sarah","2026-06-09 00:46:28.943","2026-06-02","2026-06-02 06:57:00",1780980389,"2026-06-09 00:47:32.644","rem"
"Sarah","2026-06-09 00:46:28.943","2026-06-02","2026-06-02 06:58:00",1780980389,"2026-06-09 00:47:32.81","rem"
"Sarah","2026-06-09 00:46:28.943","2026-06-02","2026-06-02 06:59:00",1780980389,"2026-06-09 00:47:32.995","rem"
"Sarah","2026-06-09 00:46:28.943","2026-06-02","2026-06-02 07:00:00",1780980389,"2026-06-09 00:47:33.197","rem"
"Sarah","2026-06-09 00:46:28.943","2026-06-02","2026-06-02 07:01:00",1780980389,"2026-06-09 00:47:33.376","rem"
"Sarah","2026-06-09 00:46:28.943","2026-06-02","2026-06-02 07:02:00",1780980389,"2026-06-09 00:47:33.619","rem"
"Sarah","2026-06-09 00:46:28.943","2026-06-02","2026-06-02 07:03:00",1780980389,"2026-06-09 00:47:33.832","rem"
"Sarah","2026-06-09 00:46:28.943","2026-06-02","2026-06-02 07:04:00",1780980389,"2026-06-09 00:47:34.046","rem"
"Sarah","2026-06-09 00:46:28.943","2026-06-02","2026-06-02 07:05:00",1780980389,"2026-06-09 00:47:34.246","rem"
"Sarah","2026-06-09 00:46:28.943","2026-06-02","2026-06-02 07:06:00",1780980389,"2026-06-09 00:47:34.433","rem"
"Sarah","2026-06-09 00:46:28.943","2026-06-02","2026-06-02 07:07:00",1780980389,"2026-06-09 00:47:34.616","rem"
"Sarah","2026-06-09 00:46:28.943","2026-06-02","2026-06-02 07:08:00",1780980389,"2026-06-09 00:47:34.813","rem"
"Sarah","2026-06-09 00:46:28.943","2026-06-02","2026-06-02 07:09:00",1780980389,"2026-06-09 00:47:35.025","rem"
"Sarah","2026-06-09 00:46:28.943","2026-06-02","2026-06-02 07:10:00",1780980389,"2026-06-09 00:47:35.449","rem"
"Sarah","2026-06-09 00:46:28.943","2026-06-02","2026-06-02 07:11:00",1780980389,"2026-06-09 00:47:35.86","rem"
"Sarah","2026-06-09 00:46:28.943","2026-06-02","2026-06-02 07:12:00",1780980389,"2026-06-09 00:47:36.104","rem"
"Sarah","2026-06-09 00:46:28.943","2026-06-02","2026-06-02 07:13:00",1780980389,"2026-06-09 00:47:36.303","rem"
"Sarah","2026-06-09 00:46:28.943","2026-06-02","2026-06-02 07:14:00",1780980389,"2026-06-09 00:47:36.496","rem"
"Sarah","2026-06-09 00:46:28.943","2026-06-02","2026-06-02 07:15:00",1780980389,"2026-06-09 00:47:37.204","rem"
"Sarah","2026-06-09 00:46:28.943","2026-06-02","2026-06-02 07:16:00",1780980389,"2026-06-09 00:47:37.75","rem"
"Sarah","2026-06-09 00:46:28.943","2026-06-02","2026-06-02 07:17:00",1780980389,"2026-06-09 00:47:37.917","rem"
"Sarah","2026-06-09 00:46:28.943","2026-06-02","2026-06-02 07:18:00",1780980389,"2026-06-09 00:47:38.089","rem"
"Sarah","2026-06-09 00:46:28.943","2026-06-02","2026-06-02 07:19:00",1780980389,"2026-06-09 00:47:38.278","rem"
"Sarah","2026-06-09 00:46:28.943","2026-06-02","2026-06-02 07:20:00",1780980389,"2026-06-09 00:47:38.486","rem"
"Sarah","2026-06-09 00:46:28.943","2026-06-02","2026-06-02 07:21:00",1780980389,"2026-06-09 00:47:38.702","rem"
"Sarah","2026-06-09 00:46:28.943","2026-06-02","2026-06-02 07:22:00",1780980389,"2026-06-09 00:47:38.967","rem"
"Sarah","2026-06-09 00:46:28.943","2026-06-02","2026-06-02 07:23:00",1780980389,"2026-06-09 00:47:39.228","rem"
"Sarah","2026-06-09 00:46:28.943","2026-06-02","2026-06-02 07:24:00",1780980389,"2026-06-09 00:47:39.505","rem"
"Sarah","2026-06-09 00:46:28.943","2026-06-02","2026-06-02 07:25:00",1780980389,"2026-06-09 00:47:39.703","rem"
"Sarah","2026-06-09 00:46:28.943","2026-06-02","2026-06-02 07:26:00",1780980389,"2026-06-09 00:47:39.89","rem"
"Sarah","2026-06-09 00:46:28.943","2026-06-02","2026-06-02 07:27:00",1780980389,"2026-06-09 00:47:40.11","rem"
"Sarah","2026-06-09 00:46:28.943","2026-06-02","2026-06-02 07:28:00",1780980389,"2026-06-09 00:47:40.295","rem"
"Sarah","2026-06-09 00:46:28.943","2026-06-02","2026-06-02 07:29:00",1780980389,"2026-06-09 00:47:40.528","rem"
"Sarah","2026-06-09 00:46:28.943","2026-06-02","2026-06-02 07:30:00",1780980389,"2026-06-09 00:47:40.734","rem"
"Sarah","2026-06-09 00:46:28.943","2026-06-02","2026-06-02 07:31:00",1780980389,"2026-06-09 00:47:40.963","rem"
"Sarah","2026-06-09 00:46:28.943","2026-06-02","2026-06-02 07:32:00",1780980389,"2026-06-09 00:47:41.203","rem"
"Sarah","2026-06-09 00:46:28.943","2026-06-02","2026-06-02 07:33:00",1780980389,"2026-06-09 00:47:41.401","rem"
"Sarah","2026-06-09 00:46:28.943","2026-06-02","2026-06-02 07:34:00",1780980389,"2026-06-09 00:47:41.651","light"
"Sarah","2026-06-09 00:46:28.943","2026-06-02","2026-06-02 07:35:00",1780980389,"2026-06-09 00:47:41.832","light"
"Sarah","2026-06-09 00:46:28.943","2026-06-02","2026-06-02 07:36:00",1780980389,"2026-06-09 00:47:42.009","light"
"Sarah","2026-06-09 00:46:28.943","2026-06-02","2026-06-02 07:37:00",1780980389,"2026-06-09 00:47:42.161","light"
"Sarah","2026-06-09 00:46:28.943","2026-06-02","2026-06-02 07:38:00",1780980389,"2026-06-09 00:47:42.36","light"
"Sarah","2026-06-09 00:46:28.943","2026-06-02","2026-06-02 07:39:00",1780980389,"2026-06-09 00:47:42.521","light"
"Sarah","2026-06-09 00:46:28.943","2026-06-02","2026-06-02 07:40:00",1780980389,"2026-06-09 00:47:42.709","light"
"Sarah","2026-06-09 00:46:28.943","2026-06-02","2026-06-02 07:41:00",1780980389,"2026-06-09 00:47:42.909","light"
"Sarah","2026-06-09 00:46:28.943","2026-06-02","2026-06-02 07:42:00",1780980389,"2026-06-09 00:47:43.093","light"
"Sarah","2026-06-09 00:46:28.943","2026-06-02","2026-06-02 07:43:00",1780980389,"2026-06-09 00:47:43.297","light"
"Sarah","2026-06-09 00:46:28.943","2026-06-02","2026-06-02 07:44:00",1780980389,"2026-06-09 00:47:43.468","light"
"Sarah","2026-06-09 00:46:28.943","2026-06-02","2026-06-02 07:45:00",1780980389,"2026-06-09 00:47:43.635","light"
"Sarah","2026-06-09 00:46:28.943","2026-06-02","2026-06-02 07:46:00",1780980389,"2026-06-09 00:47:43.836","light"
"Sarah","2026-06-09 00:46:28.943","2026-06-02","2026-06-02 07:47:00",1780980389,"2026-06-09 00:47:44.035","light"
"Sarah","2026-06-09 00:46:28.943","2026-06-02","2026-06-02 07:48:00",1780980389,"2026-06-09 00:47:44.19","light"
"Sarah","2026-06-09 00:46:28.943","2026-06-02","2026-06-02 07:49:00",1780980389,"2026-06-09 00:47:44.358","light"
"Sarah","2026-06-09 00:46:28.943","2026-06-02","2026-06-02 07:50:00",1780980389,"2026-06-09 00:47:44.517","light"
"Sarah","2026-06-09 00:46:28.943","2026-06-02","2026-06-02 07:51:00",1780980389,"2026-06-09 00:47:44.689","light"
"Sarah","2026-06-09 00:46:28.943","2026-06-02","2026-06-02 07:52:00",1780980389,"2026-06-09 00:47:44.864","light"
"Sarah","2026-06-09 00:46:28.943","2026-06-02","2026-06-02 07:53:00",1780980389,"2026-06-09 00:47:45.053","light"
"Sarah","2026-06-09 00:46:28.943","2026-06-02","2026-06-02 07:54:00",1780980389,"2026-06-09 00:47:45.219","light"
"Sarah","2026-06-09 00:46:28.943","2026-06-02","2026-06-02 07:55:00",1780980389,"2026-06-09 00:47:45.424","light"
"Sarah","2026-06-09 00:46:28.943","2026-06-02","2026-06-02 07:56:00",1780980389,"2026-06-09 00:47:45.593","light"
"Sarah","2026-06-09 00:46:28.943","2026-06-02","2026-06-02 07:57:00",1780980389,"2026-06-09 00:47:45.883","light"
"Sarah","2026-06-09 00:46:28.943","2026-06-02","2026-06-02 07:58:00",1780980389,"2026-06-09 00:47:46.056","light"
"Sarah","2026-06-09 00:46:28.943","2026-06-02","2026-06-02 07:59:00",1780980389,"2026-06-09 00:47:46.23","light"
"Sarah","2026-06-09 00:46:28.943","2026-06-02","2026-06-02 08:00:00",1780980389,"2026-06-09 00:47:46.476","light"
"Sarah","2026-06-09 00:46:28.943","2026-06-02","2026-06-02 08:01:00",1780980389,"2026-06-09 00:47:46.692","deep"
"Sarah","2026-06-09 00:46:28.943","2026-06-02","2026-06-02 08:02:00",1780980389,"2026-06-09 00:47:46.867","deep"
"Sarah","2026-06-09 00:46:28.943","2026-06-02","2026-06-02 08:03:00",1780980389,"2026-06-09 00:47:47.1","deep"
"Sarah","2026-06-09 00:46:28.943","2026-06-02","2026-06-02 08:04:00",1780980389,"2026-06-09 00:47:47.577","light"
"Sarah","2026-06-09 00:46:28.943","2026-06-02","2026-06-02 08:05:00",1780980389,"2026-06-09 00:47:47.779","light"
"Sarah","2026-06-09 00:46:28.943","2026-06-02","2026-06-02 08:06:00",1780980389,"2026-06-09 00:47:47.957","light"
"Sarah","2026-06-09 00:46:28.943","2026-06-02","2026-06-02 08:07:00",1780980389,"2026-06-09 00:47:48.119","light"
"Sarah","2026-06-09 00:46:28.943","2026-06-02","2026-06-02 08:08:00",1780980389,"2026-06-09 00:47:48.295","light"
"Sarah","2026-06-09 00:46:28.943","2026-06-02","2026-06-02 08:09:00",1780980389,"2026-06-09 00:47:48.457","light"
"Sarah","2026-06-09 00:46:28.943","2026-06-02","2026-06-02 08:10:00",1780980389,"2026-06-09 00:47:48.629","light"
"Sarah","2026-06-09 00:46:28.943","2026-06-02","2026-06-02 08:11:00",1780980389,"2026-06-09 00:47:48.954","light"
"Sarah","2026-06-09 00:46:28.943","2026-06-02","2026-06-02 08:12:00",1780980389,"2026-06-09 00:47:49.123","light"
"Sarah","2026-06-09 00:46:28.943","2026-06-02","2026-06-02 08:13:00",1780980389,"2026-06-09 00:47:49.279","light"
"Sarah","2026-06-09 00:46:28.943","2026-06-02","2026-06-02 08:14:00",1780980389,"2026-06-09 00:47:49.901","light"
"Sarah","2026-06-09 00:46:28.943","2026-06-02","2026-06-02 08:15:00",1780980389,"2026-06-09 00:47:50.056","light"
"Sarah","2026-06-09 00:46:28.943","2026-06-02","2026-06-02 08:16:00",1780980389,"2026-06-09 00:47:50.246","light"
"Sarah","2026-06-09 00:46:28.943","2026-06-02","2026-06-02 08:17:00",1780980389,"2026-06-09 00:47:50.402","light"
"Sarah","2026-06-09 00:46:28.943","2026-06-02","2026-06-02 08:18:00",1780980389,"2026-06-09 00:47:50.58","light"
"Sarah","2026-06-09 00:46:28.943","2026-06-02","2026-06-02 08:19:00",1780980389,"2026-06-09 00:47:50.747","light"
"Sarah","2026-06-09 00:46:28.943","2026-06-02","2026-06-02 08:20:00",1780980389,"2026-06-09 00:47:50.912","light"
"Sarah","2026-06-09 00:46:28.943","2026-06-02","2026-06-02 08:21:00",1780980389,"2026-06-09 00:47:51.123","light"
"Sarah","2026-06-09 00:46:28.943","2026-06-02","2026-06-02 08:22:00",1780980389,"2026-06-09 00:47:51.288","light"
"Sarah","2026-06-09 00:46:28.943","2026-06-02","2026-06-02 08:23:00",1780980389,"2026-06-09 00:47:51.453","light"
"Sarah","2026-06-09 00:46:28.943","2026-06-02","2026-06-02 08:24:00",1780980389,"2026-06-09 00:47:51.632","light"
"Sarah","2026-06-09 00:46:28.943","2026-06-02","2026-06-02 08:25:00",1780980389,"2026-06-09 00:47:51.83","light"
"Sarah","2026-06-09 00:46:28.943","2026-06-02","2026-06-02 08:26:00",1780980389,"2026-06-09 00:47:51.987","light"
"Sarah","2026-06-09 00:46:28.943","2026-06-02","2026-06-02 08:27:00",1780980389,"2026-06-09 00:47:52.165","light"
"Sarah","2026-06-09 00:46:28.943","2026-06-02","2026-06-02 08:28:00",1780980389,"2026-06-09 00:47:52.33","deep"
"Sarah","2026-06-09 00:46:28.943","2026-06-02","2026-06-02 08:29:00",1780980389,"2026-06-09 00:47:52.49","deep"
"Sarah","2026-06-09 00:46:28.943","2026-06-02","2026-06-02 08:30:00",1780980389,"2026-06-09 00:47:52.656","deep"
"Sarah","2026-06-09 00:46:28.943","2026-06-02","2026-06-02 08:31:00",1780980389,"2026-06-09 00:47:52.817","deep"
"Sarah","2026-06-09 00:46:28.943","2026-06-02","2026-06-02 08:32:00",1780980389,"2026-06-09 00:47:52.967","deep"
"Sarah","2026-06-09 00:46:28.943","2026-06-02","2026-06-02 08:33:00",1780980389,"2026-06-09 00:47:53.136","light"
"Sarah","2026-06-09 00:46:28.943","2026-06-02","2026-06-02 08:34:00",1780980389,"2026-06-09 00:47:53.363","light"
"Sarah","2026-06-09 00:46:28.943","2026-06-02","2026-06-02 08:35:00",1780980389,"2026-06-09 00:47:53.517","light"
"Sarah","2026-06-09 00:46:28.943","2026-06-02","2026-06-02 08:36:00",1780980389,"2026-06-09 00:47:53.671","light"
"Sarah","2026-06-09 00:46:28.943","2026-06-02","2026-06-02 08:37:00",1780980389,"2026-06-09 00:47:53.847","light"
"Sarah","2026-06-09 00:46:28.943","2026-06-02","2026-06-02 08:38:00",1780980389,"2026-06-09 00:47:54.029","light"
"Sarah","2026-06-09 00:46:28.943","2026-06-02","2026-06-02 08:39:00",1780980389,"2026-06-09 00:47:54.178","rem"
"Sarah","2026-06-09 00:46:28.943","2026-06-02","2026-06-02 08:40:00",1780980389,"2026-06-09 00:47:54.358","rem"
"Sarah","2026-06-09 00:46:28.943","2026-06-02","2026-06-02 08:41:00",1780980389,"2026-06-09 00:47:54.509","rem"
"Sarah","2026-06-09 00:46:28.943","2026-06-02","2026-06-02 08:42:00",1780980389,"2026-06-09 00:47:54.671","rem"
"Sarah","2026-06-09 00:46:28.943","2026-06-02","2026-06-02 08:43:00",1780980389,"2026-06-09 00:47:54.835","rem"
"Sarah","2026-06-09 00:46:28.943","2026-06-02","2026-06-02 08:44:00",1780980389,"2026-06-09 00:47:55.011","rem"
"Sarah","2026-06-09 00:46:28.943","2026-06-02","2026-06-02 08:45:00",1780980389,"2026-06-09 00:47:55.205","rem"
"Sarah","2026-06-09 00:46:28.943","2026-06-02","2026-06-02 08:46:00",1780980389,"2026-06-09 00:47:55.372","rem"
"Sarah","2026-06-09 00:46:28.943","2026-06-02","2026-06-02 08:47:00",1780980389,"2026-06-09 00:47:55.808","rem"
"Sarah","2026-06-09 00:46:28.943","2026-06-02","2026-06-02 08:48:00",1780980389,"2026-06-09 00:47:56.006","rem"
"Sarah","2026-06-09 00:46:28.943","2026-06-02","2026-06-02 08:49:00",1780980389,"2026-06-09 00:47:56.161","rem"
"Sarah","2026-06-09 00:46:28.943","2026-06-02","2026-06-02 08:50:00",1780980389,"2026-06-09 00:47:56.313","rem"
"Sarah","2026-06-09 00:46:28.943","2026-06-02","2026-06-02 08:51:00",1780980389,"2026-06-09 00:47:56.684","rem"
"Sarah","2026-06-09 00:46:28.943","2026-06-02","2026-06-02 08:52:00",1780980389,"2026-06-09 00:47:56.859","rem"
"Sarah","2026-06-09 00:46:28.943","2026-06-02","2026-06-02 08:53:00",1780980389,"2026-06-09 00:47:57.035","rem"
"Sarah","2026-06-09 00:46:28.943","2026-06-02","2026-06-02 08:54:00",1780980389,"2026-06-09 00:47:57.197","rem"
"Sarah","2026-06-09 00:46:28.943","2026-06-02","2026-06-02 08:55:00",1780980389,"2026-06-09 00:47:57.365","rem"
"Sarah","2026-06-09 00:46:28.943","2026-06-02","2026-06-02 08:56:00",1780980389,"2026-06-09 00:47:57.572","rem"
"Sarah","2026-06-09 00:46:28.943","2026-06-02","2026-06-02 08:57:00",1780980389,"2026-06-09 00:47:57.757","rem"
"Sarah","2026-06-09 00:46:28.943","2026-06-02","2026-06-02 08:58:00",1780980389,"2026-06-09 00:47:57.95","rem"
"Sarah","2026-06-09 00:46:28.943","2026-06-02","2026-06-02 08:59:00",1780980389,"2026-06-09 00:47:58.123","rem"
"Sarah","2026-06-09 00:46:28.943","2026-06-02","2026-06-02 09:00:00",1780980389,"2026-06-09 00:47:58.319","rem"
"Sarah","2026-06-09 00:46:28.943","2026-06-02","2026-06-02 09:01:00",1780980389,"2026-06-09 00:47:58.508","rem"
"Sarah","2026-06-09 00:46:28.943","2026-06-02","2026-06-02 09:02:00",1780980389,"2026-06-09 00:47:58.685","rem"
"Sarah","2026-06-09 00:46:28.943","2026-06-02","2026-06-02 09:03:00",1780980389,"2026-06-09 00:47:58.857","rem"
"Sarah","2026-06-09 00:46:28.943","2026-06-02","2026-06-02 09:04:00",1780980389,"2026-06-09 00:47:59.077","rem"
"Sarah","2026-06-09 00:46:28.943","2026-06-02","2026-06-02 09:05:00",1780980389,"2026-06-09 00:47:59.73","light"
"Sarah","2026-06-09 00:46:28.943","2026-06-02","2026-06-02 09:06:00",1780980389,"2026-06-09 00:47:59.928","light"
"Sarah","2026-06-09 00:46:28.943","2026-06-02","2026-06-02 09:07:00",1780980389,"2026-06-09 00:48:00.106","light"
"Sarah","2026-06-09 00:56:23.219","2026-06-03","2026-06-03 00:56:00",1780980984,"2026-06-09 00:56:25.127","wake"
"Sarah","2026-06-09 00:56:23.219","2026-06-03","2026-06-03 00:57:00",1780980984,"2026-06-09 00:56:26.504","wake"
"Sarah","2026-06-09 00:56:23.219","2026-06-03","2026-06-03 00:58:00",1780980984,"2026-06-09 00:56:26.697","wake"
"Sarah","2026-06-09 00:56:23.219","2026-06-03","2026-06-03 00:59:00",1780980984,"2026-06-09 00:56:26.974","wake"
"Sarah","2026-06-09 00:56:23.219","2026-06-03","2026-06-03 01:00:00",1780980984,"2026-06-09 00:56:27.41","wake"
"Sarah","2026-06-09 00:56:23.219","2026-06-03","2026-06-03 01:01:00",1780980984,"2026-06-09 00:56:27.635","wake"
"Sarah","2026-06-09 00:56:23.219","2026-06-03","2026-06-03 01:02:00",1780980984,"2026-06-09 00:56:27.87","wake"
"Sarah","2026-06-09 00:56:23.219","2026-06-03","2026-06-03 01:03:00",1780980984,"2026-06-09 00:56:28.092","wake"
"Sarah","2026-06-09 00:56:23.219","2026-06-03","2026-06-03 01:04:00",1780980984,"2026-06-09 00:56:28.296","wake"
"Sarah","2026-06-09 00:56:23.219","2026-06-03","2026-06-03 01:05:00",1780980984,"2026-06-09 00:56:28.507","wake"
"Sarah","2026-06-09 00:56:23.219","2026-06-03","2026-06-03 01:06:00",1780980984,"2026-06-09 00:56:28.818","light"
"Sarah","2026-06-09 00:56:23.219","2026-06-03","2026-06-03 01:07:00",1780980984,"2026-06-09 00:56:29.017","light"
"Sarah","2026-06-09 00:56:23.219","2026-06-03","2026-06-03 01:08:00",1780980984,"2026-06-09 00:56:29.216","light"
"Sarah","2026-06-09 00:56:23.219","2026-06-03","2026-06-03 01:09:00",1780980984,"2026-06-09 00:56:29.402","light"
"Sarah","2026-06-09 00:56:23.219","2026-06-03","2026-06-03 01:10:00",1780980984,"2026-06-09 00:56:29.611","light"
"Sarah","2026-06-09 00:56:23.219","2026-06-03","2026-06-03 01:11:00",1780980984,"2026-06-09 00:56:29.803","light"
"Sarah","2026-06-09 00:56:23.219","2026-06-03","2026-06-03 01:12:00",1780980984,"2026-06-09 00:56:29.962","light"
"Sarah","2026-06-09 00:56:23.219","2026-06-03","2026-06-03 01:13:00",1780980984,"2026-06-09 00:56:30.208","light"
"Sarah","2026-06-09 00:56:23.219","2026-06-03","2026-06-03 01:14:00",1780980984,"2026-06-09 00:56:30.404","light"
"Sarah","2026-06-09 00:56:23.219","2026-06-03","2026-06-03 01:15:00",1780980984,"2026-06-09 00:56:30.621","light"
"Sarah","2026-06-09 00:56:23.219","2026-06-03","2026-06-03 01:16:00",1780980984,"2026-06-09 00:56:30.813","light"
"Sarah","2026-06-09 00:56:23.219","2026-06-03","2026-06-03 01:17:00",1780980984,"2026-06-09 00:56:31.391","light"
"Sarah","2026-06-09 00:56:23.219","2026-06-03","2026-06-03 01:18:00",1780980984,"2026-06-09 00:56:31.58","light"
"Sarah","2026-06-09 00:56:23.219","2026-06-03","2026-06-03 01:19:00",1780980984,"2026-06-09 00:56:31.745","light"
"Sarah","2026-06-09 00:56:23.219","2026-06-03","2026-06-03 01:20:00",1780980984,"2026-06-09 00:56:32.103","deep"
"Sarah","2026-06-09 00:56:23.219","2026-06-03","2026-06-03 01:21:00",1780980984,"2026-06-09 00:56:32.453","deep"
"Sarah","2026-06-09 00:56:23.219","2026-06-03","2026-06-03 01:22:00",1780980984,"2026-06-09 00:56:32.628","deep"
"Sarah","2026-06-09 00:56:23.219","2026-06-03","2026-06-03 01:23:00",1780980984,"2026-06-09 00:56:32.833","deep"
"Sarah","2026-06-09 00:56:23.219","2026-06-03","2026-06-03 01:24:00",1780980984,"2026-06-09 00:56:33.024","deep"
"Sarah","2026-06-09 00:56:23.219","2026-06-03","2026-06-03 01:25:00",1780980984,"2026-06-09 00:56:33.262","deep"
"Sarah","2026-06-09 00:56:23.219","2026-06-03","2026-06-03 01:26:00",1780980984,"2026-06-09 00:56:33.478","deep"
"Sarah","2026-06-09 00:56:23.219","2026-06-03","2026-06-03 01:27:00",1780980984,"2026-06-09 00:56:33.68","deep"
"Sarah","2026-06-09 00:56:23.219","2026-06-03","2026-06-03 01:28:00",1780980984,"2026-06-09 00:56:33.864","deep"
"Sarah","2026-06-09 00:56:23.219","2026-06-03","2026-06-03 01:29:00",1780980984,"2026-06-09 00:56:34.034","deep"
"Sarah","2026-06-09 00:56:23.219","2026-06-03","2026-06-03 01:30:00",1780980984,"2026-06-09 00:56:34.232","deep"
"Sarah","2026-06-09 00:56:23.219","2026-06-03","2026-06-03 01:31:00",1780980984,"2026-06-09 00:56:34.425","deep"
"Sarah","2026-06-09 00:56:23.219","2026-06-03","2026-06-03 01:32:00",1780980984,"2026-06-09 00:56:34.622","deep"
"Sarah","2026-06-09 00:56:23.219","2026-06-03","2026-06-03 01:33:00",1780980984,"2026-06-09 00:56:34.832","deep"
"Sarah","2026-06-09 00:56:23.219","2026-06-03","2026-06-03 01:34:00",1780980984,"2026-06-09 00:56:35.088","deep"
"Sarah","2026-06-09 00:56:23.219","2026-06-03","2026-06-03 01:35:00",1780980984,"2026-06-09 00:56:35.253","deep"
"Sarah","2026-06-09 00:56:23.219","2026-06-03","2026-06-03 01:36:00",1780980984,"2026-06-09 00:56:35.418","deep"
"Sarah","2026-06-09 00:56:23.219","2026-06-03","2026-06-03 01:37:00",1780980984,"2026-06-09 00:56:35.619","deep"
"Sarah","2026-06-09 00:56:23.219","2026-06-03","2026-06-03 01:38:00",1780980984,"2026-06-09 00:56:35.822","deep"
"Sarah","2026-06-09 00:56:23.219","2026-06-03","2026-06-03 01:39:00",1780980984,"2026-06-09 00:56:35.982","deep"
"Sarah","2026-06-09 00:56:23.219","2026-06-03","2026-06-03 01:40:00",1780980984,"2026-06-09 00:56:36.136","deep"
"Sarah","2026-06-09 00:56:23.219","2026-06-03","2026-06-03 01:41:00",1780980984,"2026-06-09 00:56:36.297","deep"
"Sarah","2026-06-09 00:56:23.219","2026-06-03","2026-06-03 01:42:00",1780980984,"2026-06-09 00:56:36.526","deep"
"Sarah","2026-06-09 00:56:23.219","2026-06-03","2026-06-03 01:43:00",1780980984,"2026-06-09 00:56:37.054","deep"
"Sarah","2026-06-09 00:56:23.219","2026-06-03","2026-06-03 01:44:00",1780980984,"2026-06-09 00:56:37.218","deep"
"Sarah","2026-06-09 00:56:23.219","2026-06-03","2026-06-03 01:45:00",1780980984,"2026-06-09 00:56:37.413","deep"
"Sarah","2026-06-09 00:56:23.219","2026-06-03","2026-06-03 01:46:00",1780980984,"2026-06-09 00:56:37.71","deep"
"Sarah","2026-06-09 00:56:23.219","2026-06-03","2026-06-03 01:47:00",1780980984,"2026-06-09 00:56:37.87","deep"
"Sarah","2026-06-09 00:56:23.219","2026-06-03","2026-06-03 01:48:00",1780980984,"2026-06-09 00:56:38.078","deep"
"Sarah","2026-06-09 00:56:23.219","2026-06-03","2026-06-03 01:49:00",1780980984,"2026-06-09 00:56:38.281","deep"
"Sarah","2026-06-09 00:56:23.219","2026-06-03","2026-06-03 01:50:00",1780980984,"2026-06-09 00:56:39.732","deep"
"Sarah","2026-06-09 00:56:23.219","2026-06-03","2026-06-03 01:51:00",1780980984,"2026-06-09 00:56:39.975","deep"
"Sarah","2026-06-09 00:56:23.219","2026-06-03","2026-06-03 01:52:00",1780980984,"2026-06-09 00:56:40.153","deep"
"Sarah","2026-06-09 00:56:23.219","2026-06-03","2026-06-03 01:53:00",1780980984,"2026-06-09 00:56:40.35","light"
"Sarah","2026-06-09 00:56:23.219","2026-06-03","2026-06-03 01:54:00",1780980984,"2026-06-09 00:56:40.552","light"
"Sarah","2026-06-09 00:56:23.219","2026-06-03","2026-06-03 01:55:00",1780980984,"2026-06-09 00:56:40.746","light"
"Sarah","2026-06-09 00:56:23.219","2026-06-03","2026-06-03 01:56:00",1780980984,"2026-06-09 00:56:40.934","light"
"Sarah","2026-06-09 00:56:23.219","2026-06-03","2026-06-03 01:57:00",1780980984,"2026-06-09 00:56:41.097","light"
"Sarah","2026-06-09 00:56:23.219","2026-06-03","2026-06-03 01:58:00",1780980984,"2026-06-09 00:56:41.279","light"
"Sarah","2026-06-09 00:56:23.219","2026-06-03","2026-06-03 01:59:00",1780980984,"2026-06-09 00:56:41.493","light"
"Sarah","2026-06-09 00:56:23.219","2026-06-03","2026-06-03 02:00:00",1780980984,"2026-06-09 00:56:41.71","light"
"Sarah","2026-06-09 00:56:23.219","2026-06-03","2026-06-03 02:01:00",1780980984,"2026-06-09 00:56:41.889","light"
"Sarah","2026-06-09 00:56:23.219","2026-06-03","2026-06-03 02:02:00",1780980984,"2026-06-09 00:56:42.105","light"
"Sarah","2026-06-09 00:56:23.219","2026-06-03","2026-06-03 02:03:00",1780980984,"2026-06-09 00:56:42.301","light"
"Sarah","2026-06-09 00:56:23.219","2026-06-03","2026-06-03 02:04:00",1780980984,"2026-06-09 00:56:42.489","light"
"Sarah","2026-06-09 00:56:23.219","2026-06-03","2026-06-03 02:05:00",1780980984,"2026-06-09 00:56:42.706","light"
"Sarah","2026-06-09 00:56:23.219","2026-06-03","2026-06-03 02:06:00",1780980984,"2026-06-09 00:56:42.897","rem"
"Sarah","2026-06-09 00:56:23.219","2026-06-03","2026-06-03 02:07:00",1780980984,"2026-06-09 00:56:43.066","rem"
"Sarah","2026-06-09 00:56:23.219","2026-06-03","2026-06-03 02:08:00",1780980984,"2026-06-09 00:56:43.247","rem"
"Sarah","2026-06-09 00:56:23.219","2026-06-03","2026-06-03 02:09:00",1780980984,"2026-06-09 00:56:43.419","rem"
"Sarah","2026-06-09 00:56:23.219","2026-06-03","2026-06-03 02:10:00",1780980984,"2026-06-09 00:56:43.594","rem"
"Sarah","2026-06-09 00:56:23.219","2026-06-03","2026-06-03 02:11:00",1780980984,"2026-06-09 00:56:43.759","rem"
"Sarah","2026-06-09 00:56:23.219","2026-06-03","2026-06-03 02:12:00",1780980984,"2026-06-09 00:56:43.967","rem"
"Sarah","2026-06-09 00:56:23.219","2026-06-03","2026-06-03 02:13:00",1780980984,"2026-06-09 00:56:44.144","rem"
"Sarah","2026-06-09 00:56:23.219","2026-06-03","2026-06-03 02:14:00",1780980984,"2026-06-09 00:56:44.329","rem"
"Sarah","2026-06-09 00:56:23.219","2026-06-03","2026-06-03 02:15:00",1780980984,"2026-06-09 00:56:44.534","rem"
"Sarah","2026-06-09 00:56:23.219","2026-06-03","2026-06-03 02:16:00",1780980984,"2026-06-09 00:56:44.678","rem"
"Sarah","2026-06-09 00:56:23.219","2026-06-03","2026-06-03 02:17:00",1780980984,"2026-06-09 00:56:44.885","rem"
"Sarah","2026-06-09 00:56:23.219","2026-06-03","2026-06-03 02:18:00",1780980984,"2026-06-09 00:56:45.094","rem"
"Sarah","2026-06-09 00:56:23.219","2026-06-03","2026-06-03 02:19:00",1780980984,"2026-06-09 00:56:45.269","rem"
"Sarah","2026-06-09 00:56:23.219","2026-06-03","2026-06-03 02:20:00",1780980984,"2026-06-09 00:56:45.449","rem"
"Sarah","2026-06-09 00:56:23.219","2026-06-03","2026-06-03 02:21:00",1780980984,"2026-06-09 00:56:45.681","rem"
"Sarah","2026-06-09 00:56:23.219","2026-06-03","2026-06-03 02:22:00",1780980984,"2026-06-09 00:56:45.903","light"
"Sarah","2026-06-09 00:56:23.219","2026-06-03","2026-06-03 02:23:00",1780980984,"2026-06-09 00:56:46.073","light"
"Sarah","2026-06-09 00:56:23.219","2026-06-03","2026-06-03 02:24:00",1780980984,"2026-06-09 00:56:46.587","light"
"Sarah","2026-06-09 00:56:23.219","2026-06-03","2026-06-03 02:25:00",1780980984,"2026-06-09 00:56:46.732","light"
"Sarah","2026-06-09 00:56:23.219","2026-06-03","2026-06-03 02:26:00",1780980984,"2026-06-09 00:56:46.899","light"
"Sarah","2026-06-09 00:56:23.219","2026-06-03","2026-06-03 02:27:00",1780980984,"2026-06-09 00:56:47.085","light"
"Sarah","2026-06-09 00:56:23.219","2026-06-03","2026-06-03 02:28:00",1780980984,"2026-06-09 00:56:47.277","light"
"Sarah","2026-06-09 00:56:23.219","2026-06-03","2026-06-03 02:29:00",1780980984,"2026-06-09 00:56:47.447","light"
"Sarah","2026-06-09 00:56:23.219","2026-06-03","2026-06-03 02:30:00",1780980984,"2026-06-09 00:56:47.638","light"
"Sarah","2026-06-09 00:56:23.219","2026-06-03","2026-06-03 02:31:00",1780980984,"2026-06-09 00:56:47.838","light"
"Sarah","2026-06-09 00:56:23.219","2026-06-03","2026-06-03 02:32:00",1780980984,"2026-06-09 00:56:48.021","light"
"Sarah","2026-06-09 00:56:23.219","2026-06-03","2026-06-03 02:33:00",1780980984,"2026-06-09 00:56:48.197","light"
"Sarah","2026-06-09 00:56:23.219","2026-06-03","2026-06-03 02:34:00",1780980984,"2026-06-09 00:56:48.365","light"
"Sarah","2026-06-09 00:56:23.219","2026-06-03","2026-06-03 02:35:00",1780980984,"2026-06-09 00:56:48.526","light"
"Sarah","2026-06-09 00:56:23.219","2026-06-03","2026-06-03 02:36:00",1780980984,"2026-06-09 00:56:48.712","light"
"Sarah","2026-06-09 00:56:23.219","2026-06-03","2026-06-03 02:37:00",1780980984,"2026-06-09 00:56:49.336","deep"
"Sarah","2026-06-09 00:56:23.219","2026-06-03","2026-06-03 02:38:00",1780980984,"2026-06-09 00:56:49.518","deep"
"Sarah","2026-06-09 00:56:23.219","2026-06-03","2026-06-03 02:39:00",1780980984,"2026-06-09 00:56:50.943","deep"
"Sarah","2026-06-09 00:56:23.219","2026-06-03","2026-06-03 02:40:00",1780980984,"2026-06-09 00:56:51.351","deep"
"Sarah","2026-06-09 00:56:23.219","2026-06-03","2026-06-03 02:41:00",1780980984,"2026-06-09 00:56:51.522","deep"
"Sarah","2026-06-09 00:56:23.219","2026-06-03","2026-06-03 02:42:00",1780980984,"2026-06-09 00:56:51.703","deep"
"Sarah","2026-06-09 00:56:23.219","2026-06-03","2026-06-03 02:43:00",1780980984,"2026-06-09 00:56:51.889","light"
"Sarah","2026-06-09 00:56:23.219","2026-06-03","2026-06-03 02:44:00",1780980984,"2026-06-09 00:56:52.093","light"
"Sarah","2026-06-09 00:56:23.219","2026-06-03","2026-06-03 02:45:00",1780980984,"2026-06-09 00:56:52.759","light"
"Sarah","2026-06-09 00:56:23.219","2026-06-03","2026-06-03 02:46:00",1780980984,"2026-06-09 00:56:53.039","light"
"Sarah","2026-06-09 00:56:23.219","2026-06-03","2026-06-03 02:47:00",1780980984,"2026-06-09 00:56:53.237","light"
"Sarah","2026-06-09 00:56:23.219","2026-06-03","2026-06-03 02:48:00",1780980984,"2026-06-09 00:56:53.424","light"
"Sarah","2026-06-09 00:56:23.219","2026-06-03","2026-06-03 02:49:00",1780980984,"2026-06-09 00:56:53.579","light"
"Sarah","2026-06-09 00:56:23.219","2026-06-03","2026-06-03 02:50:00",1780980984,"2026-06-09 00:56:53.75","light"
"Sarah","2026-06-09 00:56:23.219","2026-06-03","2026-06-03 02:51:00",1780980984,"2026-06-09 00:56:54.962","light"
"Sarah","2026-06-09 00:56:23.219","2026-06-03","2026-06-03 02:52:00",1780980984,"2026-06-09 00:56:55.142","light"
"Sarah","2026-06-09 00:56:23.219","2026-06-03","2026-06-03 02:53:00",1780980984,"2026-06-09 00:56:55.32","light"
"Sarah","2026-06-09 00:56:23.219","2026-06-03","2026-06-03 02:54:00",1780980984,"2026-06-09 00:56:55.504","light"
"Sarah","2026-06-09 00:56:23.219","2026-06-03","2026-06-03 02:55:00",1780980984,"2026-06-09 00:56:55.689","light"
"Sarah","2026-06-09 00:56:23.219","2026-06-03","2026-06-03 02:56:00",1780980984,"2026-06-09 00:56:55.85","light"
"Sarah","2026-06-09 00:56:23.219","2026-06-03","2026-06-03 02:57:00",1780980984,"2026-06-09 00:56:56.023","light"
"Sarah","2026-06-09 00:56:23.219","2026-06-03","2026-06-03 02:58:00",1780980984,"2026-06-09 00:56:56.94","light"
"Sarah","2026-06-09 00:56:23.219","2026-06-03","2026-06-03 02:59:00",1780980984,"2026-06-09 00:56:57.099","light"
"Sarah","2026-06-09 00:56:23.219","2026-06-03","2026-06-03 03:00:00",1780980984,"2026-06-09 00:56:57.27","deep"
"Sarah","2026-06-09 00:56:23.219","2026-06-03","2026-06-03 03:01:00",1780980984,"2026-06-09 00:56:57.441","deep"
"Sarah","2026-06-09 00:56:23.219","2026-06-03","2026-06-03 03:02:00",1780980984,"2026-06-09 00:56:57.593","deep"
"Sarah","2026-06-09 00:56:23.219","2026-06-03","2026-06-03 03:03:00",1780980984,"2026-06-09 00:56:57.831","deep"
"Sarah","2026-06-09 00:56:23.219","2026-06-03","2026-06-03 03:04:00",1780980984,"2026-06-09 00:56:58.004","deep"
"Sarah","2026-06-09 00:56:23.219","2026-06-03","2026-06-03 03:05:00",1780980984,"2026-06-09 00:56:58.301","deep"
"Sarah","2026-06-09 00:56:23.219","2026-06-03","2026-06-03 03:06:00",1780980984,"2026-06-09 00:56:58.496","deep"
"Sarah","2026-06-09 00:56:23.219","2026-06-03","2026-06-03 03:07:00",1780980984,"2026-06-09 00:56:58.654","deep"
"Sarah","2026-06-09 00:56:23.219","2026-06-03","2026-06-03 03:08:00",1780980984,"2026-06-09 00:56:58.835","deep"
"Sarah","2026-06-09 00:56:23.219","2026-06-03","2026-06-03 03:09:00",1780980984,"2026-06-09 00:56:59.017","deep"
"Sarah","2026-06-09 00:56:23.219","2026-06-03","2026-06-03 03:10:00",1780980984,"2026-06-09 00:56:59.188","deep"
"Sarah","2026-06-09 00:56:23.219","2026-06-03","2026-06-03 03:11:00",1780980984,"2026-06-09 00:56:59.343","deep"
"Sarah","2026-06-09 00:56:23.219","2026-06-03","2026-06-03 03:12:00",1780980984,"2026-06-09 00:56:59.517","deep"
"Sarah","2026-06-09 00:56:23.219","2026-06-03","2026-06-03 03:13:00",1780980984,"2026-06-09 00:56:59.683","deep"
"Sarah","2026-06-09 00:56:23.219","2026-06-03","2026-06-03 03:14:00",1780980984,"2026-06-09 00:56:59.849","deep"
"Sarah","2026-06-09 00:56:23.219","2026-06-03","2026-06-03 03:15:00",1780980984,"2026-06-09 00:57:00.049","deep"
"Sarah","2026-06-09 00:56:23.219","2026-06-03","2026-06-03 03:16:00",1780980984,"2026-06-09 00:57:00.215","deep"
"Sarah","2026-06-09 00:56:23.219","2026-06-03","2026-06-03 03:17:00",1780980984,"2026-06-09 00:57:00.384","deep"
"Sarah","2026-06-09 00:56:23.219","2026-06-03","2026-06-03 03:18:00",1780980984,"2026-06-09 00:57:00.53","deep"
"Sarah","2026-06-09 00:56:23.219","2026-06-03","2026-06-03 03:19:00",1780980984,"2026-06-09 00:57:00.685","deep"
"Sarah","2026-06-09 00:56:23.219","2026-06-03","2026-06-03 03:20:00",1780980984,"2026-06-09 00:57:00.84","deep"
"Sarah","2026-06-09 00:56:23.219","2026-06-03","2026-06-03 03:21:00",1780980984,"2026-06-09 00:57:00.997","deep"
"Sarah","2026-06-09 00:56:23.219","2026-06-03","2026-06-03 03:22:00",1780980984,"2026-06-09 00:57:01.142","deep"
"Sarah","2026-06-09 00:56:23.219","2026-06-03","2026-06-03 03:23:00",1780980984,"2026-06-09 00:57:01.388","deep"
"Sarah","2026-06-09 00:56:23.219","2026-06-03","2026-06-03 03:24:00",1780980984,"2026-06-09 00:57:01.582","deep"
"Sarah","2026-06-09 00:56:23.219","2026-06-03","2026-06-03 03:25:00",1780980984,"2026-06-09 00:57:01.791","light"
"Sarah","2026-06-09 00:56:23.219","2026-06-03","2026-06-03 03:26:00",1780980984,"2026-06-09 00:57:02.023","light"
"Sarah","2026-06-09 00:56:23.219","2026-06-03","2026-06-03 03:27:00",1780980984,"2026-06-09 00:57:02.193","light"
"Sarah","2026-06-09 00:56:23.219","2026-06-03","2026-06-03 03:28:00",1780980984,"2026-06-09 00:57:02.433","light"
"Sarah","2026-06-09 00:56:23.219","2026-06-03","2026-06-03 03:29:00",1780980984,"2026-06-09 00:57:02.671","light"
"Sarah","2026-06-09 00:56:23.219","2026-06-03","2026-06-03 03:30:00",1780980984,"2026-06-09 00:57:02.91","light"
"Sarah","2026-06-09 00:56:23.219","2026-06-03","2026-06-03 03:31:00",1780980984,"2026-06-09 00:57:03.164","light"
"Sarah","2026-06-09 00:56:23.219","2026-06-03","2026-06-03 03:32:00",1780980984,"2026-06-09 00:57:03.452","light"
"Sarah","2026-06-09 00:56:23.219","2026-06-03","2026-06-03 03:33:00",1780980984,"2026-06-09 00:57:04.592","light"
"Sarah","2026-06-09 00:56:23.219","2026-06-03","2026-06-03 03:34:00",1780980984,"2026-06-09 00:57:04.869","light"
"Sarah","2026-06-09 00:56:23.219","2026-06-03","2026-06-03 03:35:00",1780980984,"2026-06-09 00:57:07.001","deep"
"Sarah","2026-06-09 00:56:23.219","2026-06-03","2026-06-03 03:36:00",1780980984,"2026-06-09 00:57:07.226","deep"
"Sarah","2026-06-09 00:56:23.219","2026-06-03","2026-06-03 03:37:00",1780980984,"2026-06-09 00:57:07.386","deep"
"Sarah","2026-06-09 00:56:23.219","2026-06-03","2026-06-03 03:38:00",1780980984,"2026-06-09 00:57:07.582","deep"
"Sarah","2026-06-09 00:56:23.219","2026-06-03","2026-06-03 03:39:00",1780980984,"2026-06-09 00:57:08.033","deep"
"Sarah","2026-06-09 00:56:23.219","2026-06-03","2026-06-03 03:40:00",1780980984,"2026-06-09 00:57:08.242","deep"
"Sarah","2026-06-09 00:56:23.219","2026-06-03","2026-06-03 03:41:00",1780980984,"2026-06-09 00:57:08.496","deep"
"Sarah","2026-06-09 00:56:23.219","2026-06-03","2026-06-03 03:42:00",1780980984,"2026-06-09 00:57:08.688","deep"
"Sarah","2026-06-09 00:56:23.219","2026-06-03","2026-06-03 03:43:00",1780980984,"2026-06-09 00:57:08.867","light"
"Sarah","2026-06-09 00:56:23.219","2026-06-03","2026-06-03 03:44:00",1780980984,"2026-06-09 00:57:09.044","light"
"Sarah","2026-06-09 00:56:23.219","2026-06-03","2026-06-03 03:45:00",1780980984,"2026-06-09 00:57:09.976","light"
"Sarah","2026-06-09 00:56:23.219","2026-06-03","2026-06-03 03:46:00",1780980984,"2026-06-09 00:57:10.13","light"
"Sarah","2026-06-09 00:56:23.219","2026-06-03","2026-06-03 03:47:00",1780980984,"2026-06-09 00:57:10.362","light"
"Sarah","2026-06-09 00:56:23.219","2026-06-03","2026-06-03 03:48:00",1780980984,"2026-06-09 00:57:10.523","light"
"Sarah","2026-06-09 00:56:23.219","2026-06-03","2026-06-03 03:49:00",1780980984,"2026-06-09 00:57:10.693","rem"
"Sarah","2026-06-09 00:56:23.219","2026-06-03","2026-06-03 03:50:00",1780980984,"2026-06-09 00:57:10.939","rem"
"Sarah","2026-06-09 00:56:23.219","2026-06-03","2026-06-03 03:51:00",1780980984,"2026-06-09 00:57:11.09","rem"
"Sarah","2026-06-09 00:56:23.219","2026-06-03","2026-06-03 03:52:00",1780980984,"2026-06-09 00:57:11.265","rem"
"Sarah","2026-06-09 00:56:23.219","2026-06-03","2026-06-03 03:53:00",1780980984,"2026-06-09 00:57:11.406","rem"
"Sarah","2026-06-09 00:56:23.219","2026-06-03","2026-06-03 03:54:00",1780980984,"2026-06-09 00:57:11.571","rem"
"Sarah","2026-06-09 00:56:23.219","2026-06-03","2026-06-03 03:55:00",1780980984,"2026-06-09 00:57:11.74","rem"
"Sarah","2026-06-09 00:56:23.219","2026-06-03","2026-06-03 03:56:00",1780980984,"2026-06-09 00:57:11.916","rem"
"Sarah","2026-06-09 00:56:23.219","2026-06-03","2026-06-03 03:57:00",1780980984,"2026-06-09 00:57:12.088","rem"
"Sarah","2026-06-09 00:56:23.219","2026-06-03","2026-06-03 03:58:00",1780980984,"2026-06-09 00:57:12.885","rem"
"Sarah","2026-06-09 00:56:23.219","2026-06-03","2026-06-03 03:59:00",1780980984,"2026-06-09 00:57:13.12","rem"
"Sarah","2026-06-09 00:56:23.219","2026-06-03","2026-06-03 04:00:00",1780980984,"2026-06-09 00:57:13.315","rem"
"Sarah","2026-06-09 00:56:23.219","2026-06-03","2026-06-03 04:01:00",1780980984,"2026-06-09 00:57:13.52","rem"
"Sarah","2026-06-09 00:56:23.219","2026-06-03","2026-06-03 04:02:00",1780980984,"2026-06-09 00:57:13.782","rem"
"Sarah","2026-06-09 00:56:23.219","2026-06-03","2026-06-03 04:03:00",1780980984,"2026-06-09 00:57:13.984","rem"
"Sarah","2026-06-09 00:56:23.219","2026-06-03","2026-06-03 04:04:00",1780980984,"2026-06-09 00:57:14.198","rem"
"Sarah","2026-06-09 00:56:23.219","2026-06-03","2026-06-03 04:05:00",1780980984,"2026-06-09 00:57:14.407","rem"
"Sarah","2026-06-09 00:56:23.219","2026-06-03","2026-06-03 04:06:00",1780980984,"2026-06-09 00:57:14.614","rem"
"Sarah","2026-06-09 00:56:23.219","2026-06-03","2026-06-03 04:07:00",1780980984,"2026-06-09 00:57:14.783","rem"
"Sarah","2026-06-09 00:56:23.219","2026-06-03","2026-06-03 04:08:00",1780980984,"2026-06-09 00:57:15.301","rem"
"Sarah","2026-06-09 00:56:23.219","2026-06-03","2026-06-03 04:09:00",1780980984,"2026-06-09 00:57:15.507","rem"
"Sarah","2026-06-09 00:56:23.219","2026-06-03","2026-06-03 04:10:00",1780980984,"2026-06-09 00:57:15.698","rem"
"Sarah","2026-06-09 00:56:23.219","2026-06-03","2026-06-03 04:11:00",1780980984,"2026-06-09 00:57:16.01","rem"
"Sarah","2026-06-09 00:56:23.219","2026-06-03","2026-06-03 04:12:00",1780980984,"2026-06-09 00:57:16.465","rem"
"Sarah","2026-06-09 00:56:23.219","2026-06-03","2026-06-03 04:13:00",1780980984,"2026-06-09 00:57:16.632","rem"
"Sarah","2026-06-09 00:56:23.219","2026-06-03","2026-06-03 04:14:00",1780980984,"2026-06-09 00:57:16.793","rem"
"Sarah","2026-06-09 00:56:23.219","2026-06-03","2026-06-03 04:15:00",1780980984,"2026-06-09 00:57:16.941","rem"
"Sarah","2026-06-09 00:56:23.219","2026-06-03","2026-06-03 04:16:00",1780980984,"2026-06-09 00:57:17.246","rem"
"Sarah","2026-06-09 00:56:23.219","2026-06-03","2026-06-03 04:17:00",1780980984,"2026-06-09 00:57:17.427","rem"
"Sarah","2026-06-09 00:56:23.219","2026-06-03","2026-06-03 04:18:00",1780980984,"2026-06-09 00:57:17.579","light"
"Sarah","2026-06-09 00:56:23.219","2026-06-03","2026-06-03 04:19:00",1780980984,"2026-06-09 00:57:18.82","light"
"Sarah","2026-06-09 00:56:23.219","2026-06-03","2026-06-03 04:20:00",1780980984,"2026-06-09 00:57:19.128","light"
"Sarah","2026-06-09 00:56:23.219","2026-06-03","2026-06-03 04:21:00",1780980984,"2026-06-09 00:57:19.287","light"
"Sarah","2026-06-09 00:56:23.219","2026-06-03","2026-06-03 04:22:00",1780980984,"2026-06-09 00:57:19.449","light"
"Sarah","2026-06-09 00:56:23.219","2026-06-03","2026-06-03 04:23:00",1780980984,"2026-06-09 00:57:19.611","light"
"Sarah","2026-06-09 00:56:23.219","2026-06-03","2026-06-03 04:24:00",1780980984,"2026-06-09 00:57:19.775","light"
"Sarah","2026-06-09 00:56:23.219","2026-06-03","2026-06-03 04:25:00",1780980984,"2026-06-09 00:57:19.944","light"
"Sarah","2026-06-09 00:56:23.219","2026-06-03","2026-06-03 04:26:00",1780980984,"2026-06-09 00:57:20.107","light"
"Sarah","2026-06-09 00:56:23.219","2026-06-03","2026-06-03 04:27:00",1780980984,"2026-06-09 00:57:20.277","light"
"Sarah","2026-06-09 00:56:23.219","2026-06-03","2026-06-03 04:28:00",1780980984,"2026-06-09 00:57:21.597","light"
"Sarah","2026-06-09 00:56:23.219","2026-06-03","2026-06-03 04:29:00",1780980984,"2026-06-09 00:57:21.765","light"
"Sarah","2026-06-09 00:56:23.219","2026-06-03","2026-06-03 04:30:00",1780980984,"2026-06-09 00:57:21.971","light"
"Sarah","2026-06-09 00:56:23.219","2026-06-03","2026-06-03 04:31:00",1780980984,"2026-06-09 00:57:22.16","light"
"Sarah","2026-06-09 00:56:23.219","2026-06-03","2026-06-03 04:32:00",1780980984,"2026-06-09 00:57:22.345","light"
"Sarah","2026-06-09 00:56:23.219","2026-06-03","2026-06-03 04:33:00",1780980984,"2026-06-09 00:57:22.527","light"
"Sarah","2026-06-09 00:56:23.219","2026-06-03","2026-06-03 04:34:00",1780980984,"2026-06-09 00:57:22.73","light"
"Sarah","2026-06-09 00:56:23.219","2026-06-03","2026-06-03 04:35:00",1780980984,"2026-06-09 00:57:22.906","light"
"Sarah","2026-06-09 00:56:23.219","2026-06-03","2026-06-03 04:36:00",1780980984,"2026-06-09 00:57:23.537","light"
"Sarah","2026-06-09 00:56:23.219","2026-06-03","2026-06-03 04:37:00",1780980984,"2026-06-09 00:57:23.705","light"
"Sarah","2026-06-09 00:56:23.219","2026-06-03","2026-06-03 04:38:00",1780980984,"2026-06-09 00:57:23.867","light"
"Sarah","2026-06-09 00:56:23.219","2026-06-03","2026-06-03 04:39:00",1780980984,"2026-06-09 00:57:24.936","light"
"Sarah","2026-06-09 00:56:23.219","2026-06-03","2026-06-03 04:40:00",1780980984,"2026-06-09 00:57:25.105","light"
"Sarah","2026-06-09 00:56:23.219","2026-06-03","2026-06-03 04:41:00",1780980984,"2026-06-09 00:57:25.256","light"
"Sarah","2026-06-09 00:56:23.219","2026-06-03","2026-06-03 04:42:00",1780980984,"2026-06-09 00:57:25.405","light"
"Sarah","2026-06-09 00:56:23.219","2026-06-03","2026-06-03 04:43:00",1780980984,"2026-06-09 00:57:25.674","light"
"Sarah","2026-06-09 00:56:23.219","2026-06-03","2026-06-03 04:44:00",1780980984,"2026-06-09 00:57:25.827","light"
"Sarah","2026-06-09 00:56:23.219","2026-06-03","2026-06-03 04:45:00",1780980984,"2026-06-09 00:57:26.031","light"
"Sarah","2026-06-09 00:56:23.219","2026-06-03","2026-06-03 04:46:00",1780980984,"2026-06-09 00:57:26.198","light"
"Sarah","2026-06-09 00:56:23.219","2026-06-03","2026-06-03 04:47:00",1780980984,"2026-06-09 00:57:26.393","light"
"Sarah","2026-06-09 00:56:23.219","2026-06-03","2026-06-03 04:48:00",1780980984,"2026-06-09 00:57:26.571","light"
"Sarah","2026-06-09 00:56:23.219","2026-06-03","2026-06-03 04:49:00",1780980984,"2026-06-09 00:57:26.76","light"
"Sarah","2026-06-09 00:56:23.219","2026-06-03","2026-06-03 04:50:00",1780980984,"2026-06-09 00:57:26.922","deep"
"Sarah","2026-06-09 00:56:23.219","2026-06-03","2026-06-03 04:51:00",1780980984,"2026-06-09 00:57:27.097","deep"
"Sarah","2026-06-09 00:56:23.219","2026-06-03","2026-06-03 04:52:00",1780980984,"2026-06-09 00:57:27.25","deep"
"Sarah","2026-06-09 00:56:23.219","2026-06-03","2026-06-03 04:53:00",1780980984,"2026-06-09 00:57:27.393","deep"
"Sarah","2026-06-09 00:56:23.219","2026-06-03","2026-06-03 04:54:00",1780980984,"2026-06-09 00:57:28.13","deep"
"Sarah","2026-06-09 00:56:23.219","2026-06-03","2026-06-03 04:55:00",1780980984,"2026-06-09 00:57:28.291","light"
"Sarah","2026-06-09 00:56:23.219","2026-06-03","2026-06-03 04:56:00",1780980984,"2026-06-09 00:57:28.463","light"
"Sarah","2026-06-09 00:56:23.219","2026-06-03","2026-06-03 04:57:00",1780980984,"2026-06-09 00:57:28.693","light"
"Sarah","2026-06-09 00:56:23.219","2026-06-03","2026-06-03 04:58:00",1780980984,"2026-06-09 00:57:28.86","light"
"Sarah","2026-06-09 00:56:23.219","2026-06-03","2026-06-03 04:59:00",1780980984,"2026-06-09 00:57:29.025","light"
"Sarah","2026-06-09 00:56:23.219","2026-06-03","2026-06-03 05:00:00",1780980984,"2026-06-09 00:57:29.191","light"
"Sarah","2026-06-09 00:56:23.219","2026-06-03","2026-06-03 05:01:00",1780980984,"2026-06-09 00:57:29.347","light"
"Sarah","2026-06-09 00:56:23.219","2026-06-03","2026-06-03 05:02:00",1780980984,"2026-06-09 00:57:29.872","light"
"Sarah","2026-06-09 00:56:23.219","2026-06-03","2026-06-03 05:03:00",1780980984,"2026-06-09 00:57:30.059","light"
"Sarah","2026-06-09 00:56:23.219","2026-06-03","2026-06-03 05:04:00",1780980984,"2026-06-09 00:57:30.232","light"
"Sarah","2026-06-09 00:56:23.219","2026-06-03","2026-06-03 05:05:00",1780980984,"2026-06-09 00:57:30.385","light"
"Sarah","2026-06-09 00:56:23.219","2026-06-03","2026-06-03 05:06:00",1780980984,"2026-06-09 00:57:30.548","light"
"Sarah","2026-06-09 00:56:23.219","2026-06-03","2026-06-03 05:07:00",1780980984,"2026-06-09 00:57:30.692","light"
"Sarah","2026-06-09 00:56:23.219","2026-06-03","2026-06-03 05:08:00",1780980984,"2026-06-09 00:57:30.839","light"
"Sarah","2026-06-09 00:56:23.219","2026-06-03","2026-06-03 05:09:00",1780980984,"2026-06-09 00:57:30.992","light"
"Sarah","2026-06-09 00:56:23.219","2026-06-03","2026-06-03 05:10:00",1780980984,"2026-06-09 00:57:31.119","light"
"Sarah","2026-06-09 00:56:23.219","2026-06-03","2026-06-03 05:11:00",1780980984,"2026-06-09 00:57:31.3","light"
"Sarah","2026-06-09 00:56:23.219","2026-06-03","2026-06-03 05:12:00",1780980984,"2026-06-09 00:57:31.456","light"
"Sarah","2026-06-09 00:56:23.219","2026-06-03","2026-06-03 05:13:00",1780980984,"2026-06-09 00:57:31.607","deep"
"Sarah","2026-06-09 00:56:23.219","2026-06-03","2026-06-03 05:14:00",1780980984,"2026-06-09 00:57:31.782","deep"
"Sarah","2026-06-09 00:56:23.219","2026-06-03","2026-06-03 05:15:00",1780980984,"2026-06-09 00:57:32.055","deep"
"Sarah","2026-06-09 00:56:23.219","2026-06-03","2026-06-03 05:16:00",1780980984,"2026-06-09 00:57:32.203","deep"
"Sarah","2026-06-09 00:56:23.219","2026-06-03","2026-06-03 05:17:00",1780980984,"2026-06-09 00:57:32.371","deep"
"Sarah","2026-06-09 00:56:23.219","2026-06-03","2026-06-03 05:18:00",1780980984,"2026-06-09 00:57:32.538","deep"
"Sarah","2026-06-09 00:56:23.219","2026-06-03","2026-06-03 05:19:00",1780980984,"2026-06-09 00:57:33.618","deep"
"Sarah","2026-06-09 00:56:23.219","2026-06-03","2026-06-03 05:20:00",1780980984,"2026-06-09 00:57:33.785","light"
"Sarah","2026-06-09 00:56:23.219","2026-06-03","2026-06-03 05:21:00",1780980984,"2026-06-09 00:57:33.942","light"
"Sarah","2026-06-09 00:56:23.219","2026-06-03","2026-06-03 05:22:00",1780980984,"2026-06-09 00:57:34.112","light"
"Sarah","2026-06-09 00:56:23.219","2026-06-03","2026-06-03 05:23:00",1780980984,"2026-06-09 00:57:34.278","light"
"Sarah","2026-06-09 00:56:23.219","2026-06-03","2026-06-03 05:24:00",1780980984,"2026-06-09 00:57:34.533","light"
"Sarah","2026-06-09 00:56:23.219","2026-06-03","2026-06-03 05:25:00",1780980984,"2026-06-09 00:57:34.723","light"
"Sarah","2026-06-09 00:56:23.219","2026-06-03","2026-06-03 05:26:00",1780980984,"2026-06-09 00:57:34.936","light"
"Sarah","2026-06-09 00:56:23.219","2026-06-03","2026-06-03 05:27:00",1780980984,"2026-06-09 00:57:35.11","light"
"Sarah","2026-06-09 00:56:23.219","2026-06-03","2026-06-03 05:28:00",1780980984,"2026-06-09 00:57:35.309","light"
"Sarah","2026-06-09 00:56:23.219","2026-06-03","2026-06-03 05:29:00",1780980984,"2026-06-09 00:57:35.461","light"
"Sarah","2026-06-09 00:56:23.219","2026-06-03","2026-06-03 05:30:00",1780980984,"2026-06-09 00:57:35.645","light"
"Sarah","2026-06-09 01:00:21.852","2026-06-04","2026-06-04 02:47:00",1780981223,"2026-06-09 01:00:25.762","wake"
"Sarah","2026-06-09 01:00:21.852","2026-06-04","2026-06-04 02:48:00",1780981223,"2026-06-09 01:00:26.077","wake"
"Sarah","2026-06-09 01:00:21.852","2026-06-04","2026-06-04 02:49:00",1780981223,"2026-06-09 01:00:26.352","wake"
"Sarah","2026-06-09 01:00:21.852","2026-06-04","2026-06-04 02:50:00",1780981223,"2026-06-09 01:00:26.624","light"
"Sarah","2026-06-09 01:00:21.852","2026-06-04","2026-06-04 02:51:00",1780981223,"2026-06-09 01:00:26.867","light"
"Sarah","2026-06-09 01:00:21.852","2026-06-04","2026-06-04 02:52:00",1780981223,"2026-06-09 01:00:27.138","light"
"Sarah","2026-06-09 01:00:21.852","2026-06-04","2026-06-04 02:53:00",1780981223,"2026-06-09 01:00:27.421","light"
"Sarah","2026-06-09 01:00:21.852","2026-06-04","2026-06-04 02:54:00",1780981223,"2026-06-09 01:00:27.695","light"
"Sarah","2026-06-09 01:00:21.852","2026-06-04","2026-06-04 02:55:00",1780981223,"2026-06-09 01:00:27.942","light"
"Sarah","2026-06-09 01:00:21.852","2026-06-04","2026-06-04 02:56:00",1780981223,"2026-06-09 01:00:28.246","light"
"Sarah","2026-06-09 01:00:21.852","2026-06-04","2026-06-04 02:57:00",1780981223,"2026-06-09 01:00:28.711","light"
"Sarah","2026-06-09 01:00:21.852","2026-06-04","2026-06-04 02:58:00",1780981223,"2026-06-09 01:00:28.973","light"
"Sarah","2026-06-09 01:00:21.852","2026-06-04","2026-06-04 02:59:00",1780981223,"2026-06-09 01:00:29.248","light"
"Sarah","2026-06-09 01:00:21.852","2026-06-04","2026-06-04 03:00:00",1780981223,"2026-06-09 01:00:29.54","light"
"Sarah","2026-06-09 01:00:21.852","2026-06-04","2026-06-04 03:01:00",1780981223,"2026-06-09 01:00:30.685","light"
"Sarah","2026-06-09 01:00:21.852","2026-06-04","2026-06-04 03:02:00",1780981223,"2026-06-09 01:00:31.001","light"
"Sarah","2026-06-09 01:00:21.852","2026-06-04","2026-06-04 03:03:00",1780981223,"2026-06-09 01:00:31.272","deep"
"Sarah","2026-06-09 01:00:21.852","2026-06-04","2026-06-04 03:04:00",1780981223,"2026-06-09 01:00:31.539","deep"
"Sarah","2026-06-09 01:00:21.852","2026-06-04","2026-06-04 03:05:00",1780981223,"2026-06-09 01:00:31.821","deep"
"Sarah","2026-06-09 01:00:21.852","2026-06-04","2026-06-04 03:06:00",1780981223,"2026-06-09 01:00:32.12","deep"
"Sarah","2026-06-09 01:00:21.852","2026-06-04","2026-06-04 03:07:00",1780981223,"2026-06-09 01:00:32.433","deep"
"Sarah","2026-06-09 01:00:21.852","2026-06-04","2026-06-04 03:08:00",1780981223,"2026-06-09 01:00:32.714","deep"
"Sarah","2026-06-09 01:00:21.852","2026-06-04","2026-06-04 03:09:00",1780981223,"2026-06-09 01:00:33.017","deep"
"Sarah","2026-06-09 01:00:21.852","2026-06-04","2026-06-04 03:10:00",1780981223,"2026-06-09 01:00:33.276","deep"
"Sarah","2026-06-09 01:00:21.852","2026-06-04","2026-06-04 03:11:00",1780981223,"2026-06-09 01:00:33.57","deep"
"Sarah","2026-06-09 01:00:21.852","2026-06-04","2026-06-04 03:12:00",1780981223,"2026-06-09 01:00:33.834","deep"
"Sarah","2026-06-09 01:00:21.852","2026-06-04","2026-06-04 03:13:00",1780981223,"2026-06-09 01:00:34.104","deep"
"Sarah","2026-06-09 01:00:21.852","2026-06-04","2026-06-04 03:14:00",1780981223,"2026-06-09 01:00:34.366","deep"
"Sarah","2026-06-09 01:00:21.852","2026-06-04","2026-06-04 03:15:00",1780981223,"2026-06-09 01:00:35.236","deep"
"Sarah","2026-06-09 01:00:21.852","2026-06-04","2026-06-04 03:16:00",1780981223,"2026-06-09 01:00:35.513","deep"
"Sarah","2026-06-09 01:00:21.852","2026-06-04","2026-06-04 03:17:00",1780981223,"2026-06-09 01:00:35.767","deep"
"Sarah","2026-06-09 01:00:21.852","2026-06-04","2026-06-04 03:18:00",1780981223,"2026-06-09 01:00:36.064","deep"
"Sarah","2026-06-09 01:00:21.852","2026-06-04","2026-06-04 03:19:00",1780981223,"2026-06-09 01:00:36.384","deep"
"Sarah","2026-06-09 01:00:21.852","2026-06-04","2026-06-04 03:20:00",1780981223,"2026-06-09 01:00:37.078","deep"
"Sarah","2026-06-09 01:00:21.852","2026-06-04","2026-06-04 03:21:00",1780981223,"2026-06-09 01:00:37.408","deep"
"Sarah","2026-06-09 01:00:21.852","2026-06-04","2026-06-04 03:22:00",1780981223,"2026-06-09 01:00:37.674","deep"
"Sarah","2026-06-09 01:00:21.852","2026-06-04","2026-06-04 03:23:00",1780981223,"2026-06-09 01:00:37.983","deep"
"Sarah","2026-06-09 01:00:21.852","2026-06-04","2026-06-04 03:24:00",1780981223,"2026-06-09 01:00:38.242","deep"
"Sarah","2026-06-09 01:00:21.852","2026-06-04","2026-06-04 03:25:00",1780981223,"2026-06-09 01:00:38.517","deep"
"Sarah","2026-06-09 01:00:21.852","2026-06-04","2026-06-04 03:26:00",1780981223,"2026-06-09 01:00:38.788","deep"
"Sarah","2026-06-09 01:00:21.852","2026-06-04","2026-06-04 03:27:00",1780981223,"2026-06-09 01:00:39.052","deep"
"Sarah","2026-06-09 01:00:21.852","2026-06-04","2026-06-04 03:28:00",1780981223,"2026-06-09 01:00:39.322","deep"
"Sarah","2026-06-09 01:00:21.852","2026-06-04","2026-06-04 03:29:00",1780981223,"2026-06-09 01:00:39.587","deep"
"Sarah","2026-06-09 01:00:21.852","2026-06-04","2026-06-04 03:30:00",1780981223,"2026-06-09 01:00:39.864","deep"
"Sarah","2026-06-09 01:00:21.852","2026-06-04","2026-06-04 03:31:00",1780981223,"2026-06-09 01:00:40.18","deep"
"Sarah","2026-06-09 01:00:21.852","2026-06-04","2026-06-04 03:32:00",1780981223,"2026-06-09 01:00:40.464","deep"
"Sarah","2026-06-09 01:00:21.852","2026-06-04","2026-06-04 03:33:00",1780981223,"2026-06-09 01:00:40.759","deep"
"Sarah","2026-06-09 01:00:21.852","2026-06-04","2026-06-04 03:34:00",1780981223,"2026-06-09 01:00:41.032","deep"
"Sarah","2026-06-09 01:00:21.852","2026-06-04","2026-06-04 03:35:00",1780981223,"2026-06-09 01:00:41.283","deep"
"Sarah","2026-06-09 01:00:21.852","2026-06-04","2026-06-04 03:36:00",1780981223,"2026-06-09 01:00:41.549","deep"
"Sarah","2026-06-09 01:00:21.852","2026-06-04","2026-06-04 03:37:00",1780981223,"2026-06-09 01:00:41.814","deep"
"Sarah","2026-06-09 01:00:21.852","2026-06-04","2026-06-04 03:38:00",1780981223,"2026-06-09 01:00:42.085","deep"
"Sarah","2026-06-09 01:00:21.852","2026-06-04","2026-06-04 03:39:00",1780981223,"2026-06-09 01:00:42.376","deep"
"Sarah","2026-06-09 01:00:21.852","2026-06-04","2026-06-04 03:40:00",1780981223,"2026-06-09 01:00:42.656","deep"
"Sarah","2026-06-09 01:00:21.852","2026-06-04","2026-06-04 03:41:00",1780981223,"2026-06-09 01:00:42.964","rem"
"Sarah","2026-06-09 01:00:21.852","2026-06-04","2026-06-04 03:42:00",1780981223,"2026-06-09 01:00:43.215","rem"
"Sarah","2026-06-09 01:00:21.852","2026-06-04","2026-06-04 03:43:00",1780981223,"2026-06-09 01:00:43.508","rem"
"Sarah","2026-06-09 01:00:21.852","2026-06-04","2026-06-04 03:44:00",1780981223,"2026-06-09 01:00:43.759","rem"
"Sarah","2026-06-09 01:00:21.852","2026-06-04","2026-06-04 03:45:00",1780981223,"2026-06-09 01:00:44.037","rem"
"Sarah","2026-06-09 01:00:21.852","2026-06-04","2026-06-04 03:46:00",1780981223,"2026-06-09 01:00:44.312","rem"
"Sarah","2026-06-09 01:00:21.852","2026-06-04","2026-06-04 03:47:00",1780981223,"2026-06-09 01:00:44.614","rem"
"Sarah","2026-06-09 01:00:21.852","2026-06-04","2026-06-04 03:48:00",1780981223,"2026-06-09 01:00:45.269","rem"
"Sarah","2026-06-09 01:00:21.852","2026-06-04","2026-06-04 03:49:00",1780981223,"2026-06-09 01:00:45.529","rem"
"Sarah","2026-06-09 01:00:21.852","2026-06-04","2026-06-04 03:50:00",1780981223,"2026-06-09 01:00:45.784","rem"
"Sarah","2026-06-09 01:00:21.852","2026-06-04","2026-06-04 03:51:00",1780981223,"2026-06-09 01:00:46.023","rem"
"Sarah","2026-06-09 01:00:21.852","2026-06-04","2026-06-04 03:52:00",1780981223,"2026-06-09 01:00:46.269","light"
"Sarah","2026-06-09 01:00:21.852","2026-06-04","2026-06-04 03:53:00",1780981223,"2026-06-09 01:00:46.516","light"
"Sarah","2026-06-09 01:00:21.852","2026-06-04","2026-06-04 03:54:00",1780981223,"2026-06-09 01:00:46.788","light"
"Sarah","2026-06-09 01:00:21.852","2026-06-04","2026-06-04 03:55:00",1780981223,"2026-06-09 01:00:47.077","light"
"Sarah","2026-06-09 01:00:21.852","2026-06-04","2026-06-04 03:56:00",1780981223,"2026-06-09 01:00:47.366","light"
"Sarah","2026-06-09 01:00:21.852","2026-06-04","2026-06-04 03:57:00",1780981223,"2026-06-09 01:00:47.647","light"
"Sarah","2026-06-09 01:00:21.852","2026-06-04","2026-06-04 03:58:00",1780981223,"2026-06-09 01:00:47.911","light"
"Sarah","2026-06-09 01:00:21.852","2026-06-04","2026-06-04 03:59:00",1780981223,"2026-06-09 01:00:48.155","light"
"Sarah","2026-06-09 01:00:21.852","2026-06-04","2026-06-04 04:00:00",1780981223,"2026-06-09 01:00:48.414","light"
"Sarah","2026-06-09 01:00:21.852","2026-06-04","2026-06-04 04:01:00",1780981223,"2026-06-09 01:00:48.674","light"
"Sarah","2026-06-09 01:00:21.852","2026-06-04","2026-06-04 04:02:00",1780981223,"2026-06-09 01:00:48.912","light"
"Sarah","2026-06-09 01:00:21.852","2026-06-04","2026-06-04 04:03:00",1780981223,"2026-06-09 01:00:49.161","light"
"Sarah","2026-06-09 01:00:21.852","2026-06-04","2026-06-04 04:04:00",1780981223,"2026-06-09 01:00:49.406","light"
"Sarah","2026-06-09 01:00:21.852","2026-06-04","2026-06-04 04:05:00",1780981223,"2026-06-09 01:00:49.736","light"
"Sarah","2026-06-09 01:00:21.852","2026-06-04","2026-06-04 04:06:00",1780981223,"2026-06-09 01:00:49.989","light"
"Sarah","2026-06-09 01:00:21.852","2026-06-04","2026-06-04 04:07:00",1780981223,"2026-06-09 01:00:50.243","light"
"Sarah","2026-06-09 01:00:21.852","2026-06-04","2026-06-04 04:08:00",1780981223,"2026-06-09 01:00:50.477","light"
"Sarah","2026-06-09 01:00:21.852","2026-06-04","2026-06-04 04:09:00",1780981223,"2026-06-09 01:00:50.719","light"
"Sarah","2026-06-09 01:00:21.852","2026-06-04","2026-06-04 04:10:00",1780981223,"2026-06-09 01:00:50.986","light"
"Sarah","2026-06-09 01:00:21.852","2026-06-04","2026-06-04 04:11:00",1780981223,"2026-06-09 01:00:51.276","light"
"Sarah","2026-06-09 01:00:21.852","2026-06-04","2026-06-04 04:12:00",1780981223,"2026-06-09 01:00:51.537","light"
"Sarah","2026-06-09 01:00:21.852","2026-06-04","2026-06-04 04:13:00",1780981223,"2026-06-09 01:00:51.806","light"
"Sarah","2026-06-09 01:00:21.852","2026-06-04","2026-06-04 04:14:00",1780981223,"2026-06-09 01:00:52.066","light"
"Sarah","2026-06-09 01:00:21.852","2026-06-04","2026-06-04 04:15:00",1780981223,"2026-06-09 01:00:52.323","light"
"Sarah","2026-06-09 01:00:21.852","2026-06-04","2026-06-04 04:16:00",1780981223,"2026-06-09 01:00:52.59","light"
"Sarah","2026-06-09 01:00:21.852","2026-06-04","2026-06-04 04:17:00",1780981223,"2026-06-09 01:00:52.857","light"
"Sarah","2026-06-09 01:00:21.852","2026-06-04","2026-06-04 04:18:00",1780981223,"2026-06-09 01:00:53.112","light"
"Sarah","2026-06-09 01:00:21.852","2026-06-04","2026-06-04 04:19:00",1780981223,"2026-06-09 01:00:53.899","deep"
"Sarah","2026-06-09 01:00:21.852","2026-06-04","2026-06-04 04:20:00",1780981223,"2026-06-09 01:00:54.142","deep"
"Sarah","2026-06-09 01:00:21.852","2026-06-04","2026-06-04 04:21:00",1780981223,"2026-06-09 01:00:54.385","deep"
"Sarah","2026-06-09 01:00:21.852","2026-06-04","2026-06-04 04:22:00",1780981223,"2026-06-09 01:00:54.638","deep"
"Sarah","2026-06-09 01:00:21.852","2026-06-04","2026-06-04 04:23:00",1780981223,"2026-06-09 01:00:56.225","light"
"Sarah","2026-06-09 01:00:21.852","2026-06-04","2026-06-04 04:24:00",1780981223,"2026-06-09 01:00:57.057","light"
"Sarah","2026-06-09 01:00:21.852","2026-06-04","2026-06-04 04:25:00",1780981223,"2026-06-09 01:00:57.334","light"
"Sarah","2026-06-09 01:00:21.852","2026-06-04","2026-06-04 04:26:00",1780981223,"2026-06-09 01:00:57.642","light"
"Sarah","2026-06-09 01:00:21.852","2026-06-04","2026-06-04 04:27:00",1780981223,"2026-06-09 01:00:57.911","light"
"Sarah","2026-06-09 01:00:21.852","2026-06-04","2026-06-04 04:28:00",1780981223,"2026-06-09 01:00:58.19","light"
"Sarah","2026-06-09 01:00:21.852","2026-06-04","2026-06-04 04:29:00",1780981223,"2026-06-09 01:00:58.438","light"
"Sarah","2026-06-09 01:00:21.852","2026-06-04","2026-06-04 04:30:00",1780981223,"2026-06-09 01:00:58.708","light"
"Sarah","2026-06-09 01:00:21.852","2026-06-04","2026-06-04 04:31:00",1780981223,"2026-06-09 01:00:59.042","light"
"Sarah","2026-06-09 01:00:21.852","2026-06-04","2026-06-04 04:32:00",1780981223,"2026-06-09 01:00:59.337","light"
"Sarah","2026-06-09 01:00:21.852","2026-06-04","2026-06-04 04:33:00",1780981223,"2026-06-09 01:00:59.636","light"
"Sarah","2026-06-09 01:00:21.852","2026-06-04","2026-06-04 04:34:00",1780981223,"2026-06-09 01:00:59.901","light"
"Sarah","2026-06-09 01:00:21.852","2026-06-04","2026-06-04 04:35:00",1780981223,"2026-06-09 01:01:00.145","light"
"Sarah","2026-06-09 01:00:21.852","2026-06-04","2026-06-04 04:36:00",1780981223,"2026-06-09 01:01:00.413","light"
"Sarah","2026-06-09 01:00:21.852","2026-06-04","2026-06-04 04:37:00",1780981223,"2026-06-09 01:01:00.828","light"
"Sarah","2026-06-09 01:00:21.852","2026-06-04","2026-06-04 04:38:00",1780981223,"2026-06-09 01:01:01.586","light"
"Sarah","2026-06-09 01:00:21.852","2026-06-04","2026-06-04 04:39:00",1780981223,"2026-06-09 01:01:02.834","deep"
"Sarah","2026-06-09 01:00:21.852","2026-06-04","2026-06-04 04:40:00",1780981223,"2026-06-09 01:01:03.116","rem"
"Sarah","2026-06-09 01:00:21.852","2026-06-04","2026-06-04 04:41:00",1780981223,"2026-06-09 01:01:03.393","rem"
"Sarah","2026-06-09 01:00:21.852","2026-06-04","2026-06-04 04:42:00",1780981223,"2026-06-09 01:01:03.69","rem"
"Sarah","2026-06-09 01:00:21.852","2026-06-04","2026-06-04 04:43:00",1780981223,"2026-06-09 01:01:04.001","rem"
"Sarah","2026-06-09 01:00:21.852","2026-06-04","2026-06-04 04:44:00",1780981223,"2026-06-09 01:01:04.257","rem"
"Sarah","2026-06-09 01:00:21.852","2026-06-04","2026-06-04 04:45:00",1780981223,"2026-06-09 01:01:04.527","rem"
"Sarah","2026-06-09 01:00:21.852","2026-06-04","2026-06-04 04:46:00",1780981223,"2026-06-09 01:01:04.791","rem"
"Sarah","2026-06-09 01:00:21.852","2026-06-04","2026-06-04 04:47:00",1780981223,"2026-06-09 01:01:05.09","rem"
"Sarah","2026-06-09 01:00:21.852","2026-06-04","2026-06-04 04:48:00",1780981223,"2026-06-09 01:01:05.404","rem"
"Sarah","2026-06-09 01:00:21.852","2026-06-04","2026-06-04 04:49:00",1780981223,"2026-06-09 01:01:05.707","rem"
"Sarah","2026-06-09 01:00:21.852","2026-06-04","2026-06-04 04:50:00",1780981223,"2026-06-09 01:01:05.978","rem"
"Sarah","2026-06-09 01:00:21.852","2026-06-04","2026-06-04 04:51:00",1780981223,"2026-06-09 01:01:06.25","rem"
"Sarah","2026-06-09 01:00:21.852","2026-06-04","2026-06-04 04:52:00",1780981223,"2026-06-09 01:01:06.518","rem"
"Sarah","2026-06-09 01:00:21.852","2026-06-04","2026-06-04 04:53:00",1780981223,"2026-06-09 01:01:06.774","rem"
"Sarah","2026-06-09 01:00:21.852","2026-06-04","2026-06-04 04:54:00",1780981223,"2026-06-09 01:01:07.037","rem"
"Sarah","2026-06-09 01:00:21.852","2026-06-04","2026-06-04 04:55:00",1780981223,"2026-06-09 01:01:07.34","rem"
"Sarah","2026-06-09 01:00:21.852","2026-06-04","2026-06-04 04:56:00",1780981223,"2026-06-09 01:01:07.663","rem"
"Sarah","2026-06-09 01:00:21.852","2026-06-04","2026-06-04 04:57:00",1780981223,"2026-06-09 01:01:07.963","rem"
"Sarah","2026-06-09 01:00:21.852","2026-06-04","2026-06-04 04:58:00",1780981223,"2026-06-09 01:01:08.237","rem"
"Sarah","2026-06-09 01:00:21.852","2026-06-04","2026-06-04 04:59:00",1780981223,"2026-06-09 01:01:08.502","rem"
"Sarah","2026-06-09 01:00:21.852","2026-06-04","2026-06-04 05:00:00",1780981223,"2026-06-09 01:01:08.804","rem"
"Sarah","2026-06-09 01:00:21.852","2026-06-04","2026-06-04 05:01:00",1780981223,"2026-06-09 01:01:09.04","rem"
"Sarah","2026-06-09 01:00:21.852","2026-06-04","2026-06-04 05:02:00",1780981223,"2026-06-09 01:01:09.322","rem"
"Sarah","2026-06-09 01:00:21.852","2026-06-04","2026-06-04 05:03:00",1780981223,"2026-06-09 01:01:09.586","rem"
"Sarah","2026-06-09 01:00:21.852","2026-06-04","2026-06-04 05:04:00",1780981223,"2026-06-09 01:01:09.906","rem"
"Sarah","2026-06-09 01:00:21.852","2026-06-04","2026-06-04 05:05:00",1780981223,"2026-06-09 01:01:10.196","rem"
"Sarah","2026-06-09 01:00:21.852","2026-06-04","2026-06-04 05:06:00",1780981223,"2026-06-09 01:01:10.534","light"
"Sarah","2026-06-09 01:00:21.852","2026-06-04","2026-06-04 05:07:00",1780981223,"2026-06-09 01:01:11.145","light"
"Sarah","2026-06-09 01:00:21.852","2026-06-04","2026-06-04 05:08:00",1780981223,"2026-06-09 01:01:11.512","light"
"Sarah","2026-06-09 01:00:21.852","2026-06-04","2026-06-04 05:09:00",1780981223,"2026-06-09 01:01:11.984","light"
"Sarah","2026-06-09 01:00:21.852","2026-06-04","2026-06-04 05:10:00",1780981223,"2026-06-09 01:01:12.307","light"
"Sarah","2026-06-09 01:00:21.852","2026-06-04","2026-06-04 05:11:00",1780981223,"2026-06-09 01:01:12.558","light"
"Sarah","2026-06-09 01:00:21.852","2026-06-04","2026-06-04 05:12:00",1780981223,"2026-06-09 01:01:12.873","light"
"Sarah","2026-06-09 01:00:21.852","2026-06-04","2026-06-04 05:13:00",1780981223,"2026-06-09 01:01:13.218","light"
"Sarah","2026-06-09 01:00:21.852","2026-06-04","2026-06-04 05:14:00",1780981223,"2026-06-09 01:01:13.57","light"
"Sarah","2026-06-09 01:00:21.852","2026-06-04","2026-06-04 05:15:00",1780981223,"2026-06-09 01:01:13.903","light"
"Sarah","2026-06-09 01:00:21.852","2026-06-04","2026-06-04 05:16:00",1780981223,"2026-06-09 01:01:14.213","light"
"Sarah","2026-06-09 01:00:21.852","2026-06-04","2026-06-04 05:17:00",1780981223,"2026-06-09 01:01:14.494","light"
"Sarah","2026-06-09 01:00:21.852","2026-06-04","2026-06-04 05:18:00",1780981223,"2026-06-09 01:01:14.743","light"
"Sarah","2026-06-09 01:00:21.852","2026-06-04","2026-06-04 05:19:00",1780981223,"2026-06-09 01:01:15.002","light"
"Sarah","2026-06-09 01:00:21.852","2026-06-04","2026-06-04 05:20:00",1780981223,"2026-06-09 01:01:15.271","light"
"Sarah","2026-06-09 01:00:21.852","2026-06-04","2026-06-04 05:21:00",1780981223,"2026-06-09 01:01:15.52","light"
"Sarah","2026-06-09 01:00:21.852","2026-06-04","2026-06-04 05:22:00",1780981223,"2026-06-09 01:01:15.775","light"
"Sarah","2026-06-09 01:00:21.852","2026-06-04","2026-06-04 05:23:00",1780981223,"2026-06-09 01:01:16.046","light"
"Sarah","2026-06-09 01:00:21.852","2026-06-04","2026-06-04 05:24:00",1780981223,"2026-06-09 01:01:16.321","light"
"Sarah","2026-06-09 01:00:21.852","2026-06-04","2026-06-04 05:25:00",1780981223,"2026-06-09 01:01:16.646","light"
"Sarah","2026-06-09 01:00:21.852","2026-06-04","2026-06-04 05:26:00",1780981223,"2026-06-09 01:01:16.967","light"
"Sarah","2026-06-09 01:00:21.852","2026-06-04","2026-06-04 05:27:00",1780981223,"2026-06-09 01:01:17.305","light"
"Sarah","2026-06-09 01:00:21.852","2026-06-04","2026-06-04 05:28:00",1780981223,"2026-06-09 01:01:17.689","light"
"Sarah","2026-06-09 01:00:21.852","2026-06-04","2026-06-04 05:29:00",1780981223,"2026-06-09 01:01:18.05","light"
"Sarah","2026-06-09 01:00:21.852","2026-06-04","2026-06-04 05:30:00",1780981223,"2026-06-09 01:01:18.357","light"
"Sarah","2026-06-09 01:00:21.852","2026-06-04","2026-06-04 05:31:00",1780981223,"2026-06-09 01:01:18.709","light"
"Sarah","2026-06-09 01:00:21.852","2026-06-04","2026-06-04 05:32:00",1780981223,"2026-06-09 01:01:18.99","light"
"Sarah","2026-06-09 01:00:21.852","2026-06-04","2026-06-04 05:33:00",1780981223,"2026-06-09 01:01:19.314","deep"
"Sarah","2026-06-09 01:00:21.852","2026-06-04","2026-06-04 05:34:00",1780981223,"2026-06-09 01:01:19.607","deep"
"Sarah","2026-06-09 01:00:21.852","2026-06-04","2026-06-04 05:35:00",1780981223,"2026-06-09 01:01:19.898","deep"
"Sarah","2026-06-09 01:00:21.852","2026-06-04","2026-06-04 05:36:00",1780981223,"2026-06-09 01:01:20.182","deep"
"Sarah","2026-06-09 01:00:21.852","2026-06-04","2026-06-04 05:37:00",1780981223,"2026-06-09 01:01:20.506","deep"
"Sarah","2026-06-09 01:00:21.852","2026-06-04","2026-06-04 05:38:00",1780981223,"2026-06-09 01:01:20.774","deep"
"Sarah","2026-06-09 01:00:21.852","2026-06-04","2026-06-04 05:39:00",1780981223,"2026-06-09 01:01:21.163","deep"
"Sarah","2026-06-09 01:00:21.852","2026-06-04","2026-06-04 05:40:00",1780981223,"2026-06-09 01:01:21.483","light"
"Sarah","2026-06-09 01:00:21.852","2026-06-04","2026-06-04 05:41:00",1780981223,"2026-06-09 01:01:21.807","light"
"Sarah","2026-06-09 01:00:21.852","2026-06-04","2026-06-04 05:42:00",1780981223,"2026-06-09 01:01:22.272","light"
"Sarah","2026-06-09 01:00:21.852","2026-06-04","2026-06-04 05:43:00",1780981223,"2026-06-09 01:01:22.586","light"
"Sarah","2026-06-09 01:00:21.852","2026-06-04","2026-06-04 05:44:00",1780981223,"2026-06-09 01:01:22.865","light"
"Sarah","2026-06-09 01:00:21.852","2026-06-04","2026-06-04 05:45:00",1780981223,"2026-06-09 01:01:23.192","light"
"Sarah","2026-06-09 01:00:21.852","2026-06-04","2026-06-04 05:46:00",1780981223,"2026-06-09 01:01:23.519","light"
"Sarah","2026-06-09 01:00:21.852","2026-06-04","2026-06-04 05:47:00",1780981223,"2026-06-09 01:01:23.967","light"
"Sarah","2026-06-09 01:00:21.852","2026-06-04","2026-06-04 05:48:00",1780981223,"2026-06-09 01:01:24.22","light"
"Sarah","2026-06-09 01:00:21.852","2026-06-04","2026-06-04 05:49:00",1780981223,"2026-06-09 01:01:24.481","light"
"Sarah","2026-06-09 01:00:21.852","2026-06-04","2026-06-04 05:50:00",1780981223,"2026-06-09 01:01:24.738","light"
"Sarah","2026-06-09 01:00:21.852","2026-06-04","2026-06-04 05:51:00",1780981223,"2026-06-09 01:01:25.002","light"
"Sarah","2026-06-09 01:00:21.852","2026-06-04","2026-06-04 05:52:00",1780981223,"2026-06-09 01:01:25.923","light"
"Sarah","2026-06-09 01:00:21.852","2026-06-04","2026-06-04 05:53:00",1780981223,"2026-06-09 01:01:26.182","light"
"Sarah","2026-06-09 01:00:21.852","2026-06-04","2026-06-04 05:54:00",1780981223,"2026-06-09 01:01:26.453","light"
"Sarah","2026-06-09 01:00:21.852","2026-06-04","2026-06-04 05:55:00",1780981223,"2026-06-09 01:01:26.832","light"
"Sarah","2026-06-09 01:00:21.852","2026-06-04","2026-06-04 05:56:00",1780981223,"2026-06-09 01:01:27.101","light"
"Sarah","2026-06-09 01:00:21.852","2026-06-04","2026-06-04 05:57:00",1780981223,"2026-06-09 01:01:27.44","light"
"Sarah","2026-06-09 01:00:21.852","2026-06-04","2026-06-04 05:58:00",1780981223,"2026-06-09 01:01:27.738","light"
"Sarah","2026-06-09 01:00:21.852","2026-06-04","2026-06-04 05:59:00",1780981223,"2026-06-09 01:01:28.386","light"
"Sarah","2026-06-09 01:00:21.852","2026-06-04","2026-06-04 06:00:00",1780981223,"2026-06-09 01:01:28.678","light"
"Sarah","2026-06-09 01:00:21.852","2026-06-04","2026-06-04 06:01:00",1780981223,"2026-06-09 01:01:29.02","light"
"Sarah","2026-06-09 01:00:21.852","2026-06-04","2026-06-04 06:02:00",1780981223,"2026-06-09 01:01:29.286","light"
"Sarah","2026-06-09 01:00:21.852","2026-06-04","2026-06-04 06:03:00",1780981223,"2026-06-09 01:01:29.577","light"
"Sarah","2026-06-09 01:00:21.852","2026-06-04","2026-06-04 06:04:00",1780981223,"2026-06-09 01:01:29.857","light"
"Sarah","2026-06-09 01:00:21.852","2026-06-04","2026-06-04 06:05:00",1780981223,"2026-06-09 01:01:30.111","light"
"Sarah","2026-06-09 01:00:21.852","2026-06-04","2026-06-04 06:06:00",1780981223,"2026-06-09 01:01:30.65","light"
"Sarah","2026-06-09 01:00:21.852","2026-06-04","2026-06-04 06:07:00",1780981223,"2026-06-09 01:01:30.95","light"
"Sarah","2026-06-09 01:00:21.852","2026-06-04","2026-06-04 06:08:00",1780981223,"2026-06-09 01:01:31.241","light"
"Sarah","2026-06-09 01:00:21.852","2026-06-04","2026-06-04 06:09:00",1780981223,"2026-06-09 01:01:31.501","light"
"Sarah","2026-06-09 01:00:21.852","2026-06-04","2026-06-04 06:10:00",1780981223,"2026-06-09 01:01:31.778","light"
"Sarah","2026-06-09 01:00:21.852","2026-06-04","2026-06-04 06:11:00",1780981223,"2026-06-09 01:01:32.051","light"
"Sarah","2026-06-09 01:00:21.852","2026-06-04","2026-06-04 06:12:00",1780981223,"2026-06-09 01:01:32.354","light"
"Sarah","2026-06-09 01:00:21.852","2026-06-04","2026-06-04 06:13:00",1780981223,"2026-06-09 01:01:32.624","light"
"Sarah","2026-06-09 01:00:21.852","2026-06-04","2026-06-04 06:14:00",1780981223,"2026-06-09 01:01:32.894","light"
"Sarah","2026-06-09 01:00:21.852","2026-06-04","2026-06-04 06:15:00",1780981223,"2026-06-09 01:01:33.184","light"
"Sarah","2026-06-09 01:00:21.852","2026-06-04","2026-06-04 06:16:00",1780981223,"2026-06-09 01:01:33.439","light"
"Sarah","2026-06-09 01:00:21.852","2026-06-04","2026-06-04 06:17:00",1780981223,"2026-06-09 01:01:33.914","light"
"Sarah","2026-06-09 01:00:21.852","2026-06-04","2026-06-04 06:18:00",1780981223,"2026-06-09 01:01:34.196","light"
"Sarah","2026-06-09 01:00:21.852","2026-06-04","2026-06-04 06:19:00",1780981223,"2026-06-09 01:01:34.464","light"
"Sarah","2026-06-09 01:00:21.852","2026-06-04","2026-06-04 06:20:00",1780981223,"2026-06-09 01:01:34.752","light"
"Sarah","2026-06-09 01:00:21.852","2026-06-04","2026-06-04 06:21:00",1780981223,"2026-06-09 01:01:35.116","light"
"Sarah","2026-06-09 01:00:21.852","2026-06-04","2026-06-04 06:22:00",1780981223,"2026-06-09 01:01:35.837","light"
"Sarah","2026-06-09 01:00:21.852","2026-06-04","2026-06-04 06:23:00",1780981223,"2026-06-09 01:01:36.112","light"
"Sarah","2026-06-09 01:00:21.852","2026-06-04","2026-06-04 06:24:00",1780981223,"2026-06-09 01:01:36.409","light"
"Sarah","2026-06-09 01:00:21.852","2026-06-04","2026-06-04 06:25:00",1780981223,"2026-06-09 01:01:36.704","rem"
"Sarah","2026-06-09 01:00:21.852","2026-06-04","2026-06-04 06:26:00",1780981223,"2026-06-09 01:01:36.996","rem"
"Sarah","2026-06-09 01:00:21.852","2026-06-04","2026-06-04 06:27:00",1780981223,"2026-06-09 01:01:37.296","rem"
"Sarah","2026-06-09 01:00:21.852","2026-06-04","2026-06-04 06:28:00",1780981223,"2026-06-09 01:01:37.683","rem"
"Sarah","2026-06-09 01:00:21.852","2026-06-04","2026-06-04 06:29:00",1780981223,"2026-06-09 01:01:37.973","rem"
"Sarah","2026-06-09 01:00:21.852","2026-06-04","2026-06-04 06:30:00",1780981223,"2026-06-09 01:01:38.355","rem"
"Sarah","2026-06-09 01:00:21.852","2026-06-04","2026-06-04 06:31:00",1780981223,"2026-06-09 01:01:38.647","rem"
"Sarah","2026-06-09 01:00:21.852","2026-06-04","2026-06-04 06:32:00",1780981223,"2026-06-09 01:01:39.065","rem"
"Sarah","2026-06-09 01:00:21.852","2026-06-04","2026-06-04 06:33:00",1780981223,"2026-06-09 01:01:39.364","rem"
"Sarah","2026-06-09 01:00:21.852","2026-06-04","2026-06-04 06:34:00",1780981223,"2026-06-09 01:01:39.644","rem"
"Sarah","2026-06-09 01:00:21.852","2026-06-04","2026-06-04 06:35:00",1780981223,"2026-06-09 01:01:39.892","rem"
"Sarah","2026-06-09 01:00:21.852","2026-06-04","2026-06-04 06:36:00",1780981223,"2026-06-09 01:01:40.196","rem"
"Sarah","2026-06-09 01:00:21.852","2026-06-04","2026-06-04 06:37:00",1780981223,"2026-06-09 01:01:40.48","rem"
"Sarah","2026-06-09 01:00:21.852","2026-06-04","2026-06-04 06:38:00",1780981223,"2026-06-09 01:01:40.791","rem"
"Sarah","2026-06-09 01:00:21.852","2026-06-04","2026-06-04 06:39:00",1780981223,"2026-06-09 01:01:41.084","rem"
"Sarah","2026-06-09 01:00:21.852","2026-06-04","2026-06-04 06:40:00",1780981223,"2026-06-09 01:01:41.347","rem"
"Sarah","2026-06-09 01:00:21.852","2026-06-04","2026-06-04 06:41:00",1780981223,"2026-06-09 01:01:41.631","rem"
"Sarah","2026-06-09 01:00:21.852","2026-06-04","2026-06-04 06:42:00",1780981223,"2026-06-09 01:01:41.911","rem"
"Sarah","2026-06-09 01:00:21.852","2026-06-04","2026-06-04 06:43:00",1780981223,"2026-06-09 01:01:42.182","light"
"Sarah","2026-06-09 01:00:21.852","2026-06-04","2026-06-04 06:44:00",1780981223,"2026-06-09 01:01:42.456","light"
"Sarah","2026-06-09 01:00:21.852","2026-06-04","2026-06-04 06:45:00",1780981223,"2026-06-09 01:01:42.746","light"
"Sarah","2026-06-09 01:00:21.852","2026-06-04","2026-06-04 06:46:00",1780981223,"2026-06-09 01:01:43.08","light"
"Sarah","2026-06-09 01:00:21.852","2026-06-04","2026-06-04 06:47:00",1780981223,"2026-06-09 01:01:43.479","light"
"Sarah","2026-06-09 01:00:21.852","2026-06-04","2026-06-04 06:48:00",1780981223,"2026-06-09 01:01:44.054","light"
"Sarah","2026-06-09 01:00:21.852","2026-06-04","2026-06-04 06:49:00",1780981223,"2026-06-09 01:01:44.334","light"
"Sarah","2026-06-09 01:00:21.852","2026-06-04","2026-06-04 06:50:00",1780981223,"2026-06-09 01:01:44.623","light"
"Sarah","2026-06-09 01:00:21.852","2026-06-04","2026-06-04 06:51:00",1780981223,"2026-06-09 01:01:45.111","light"
"Sarah","2026-06-09 01:00:21.852","2026-06-04","2026-06-04 06:52:00",1780981223,"2026-06-09 01:01:45.411","light"
"Sarah","2026-06-09 01:00:21.852","2026-06-04","2026-06-04 06:53:00",1780981223,"2026-06-09 01:01:45.666","light"
"Sarah","2026-06-09 01:00:21.852","2026-06-04","2026-06-04 06:54:00",1780981223,"2026-06-09 01:01:45.923","light"
"Sarah","2026-06-09 01:00:21.852","2026-06-04","2026-06-04 06:55:00",1780981223,"2026-06-09 01:01:46.17","light"
"Sarah","2026-06-09 01:00:21.852","2026-06-04","2026-06-04 06:56:00",1780981223,"2026-06-09 01:01:46.434","light"
"Sarah","2026-06-09 01:00:21.852","2026-06-04","2026-06-04 06:57:00",1780981223,"2026-06-09 01:01:46.748","light"
"Sarah","2026-06-09 01:00:21.852","2026-06-04","2026-06-04 06:58:00",1780981223,"2026-06-09 01:01:47.099","light"
"Sarah","2026-06-09 01:00:21.852","2026-06-04","2026-06-04 06:59:00",1780981223,"2026-06-09 01:01:47.666","light"
"Sarah","2026-06-09 01:00:21.852","2026-06-04","2026-06-04 07:00:00",1780981223,"2026-06-09 01:01:47.955","light"
"Sarah","2026-06-09 01:00:21.852","2026-06-04","2026-06-04 07:01:00",1780981223,"2026-06-09 01:01:48.242","light"
"Sarah","2026-06-09 01:00:21.852","2026-06-04","2026-06-04 07:02:00",1780981223,"2026-06-09 01:01:48.537","light"
"Sarah","2026-06-09 01:00:21.852","2026-06-04","2026-06-04 07:03:00",1780981223,"2026-06-09 01:01:48.812","light"
"Sarah","2026-06-09 01:00:21.852","2026-06-04","2026-06-04 07:04:00",1780981223,"2026-06-09 01:01:49.092","light"
"Sarah","2026-06-09 01:00:21.852","2026-06-04","2026-06-04 07:05:00",1780981223,"2026-06-09 01:01:49.369","light"
"Sarah","2026-06-09 01:00:21.852","2026-06-04","2026-06-04 07:06:00",1780981223,"2026-06-09 01:01:49.653","light"
"Sarah","2026-06-09 01:00:21.852","2026-06-04","2026-06-04 07:07:00",1780981223,"2026-06-09 01:01:49.931","light"
"Sarah","2026-06-09 01:00:21.852","2026-06-04","2026-06-04 07:08:00",1780981223,"2026-06-09 01:01:50.189","light"
"Sarah","2026-06-09 01:00:21.852","2026-06-04","2026-06-04 07:09:00",1780981223,"2026-06-09 01:01:50.48","light"
"Sarah","2026-06-09 01:00:21.852","2026-06-04","2026-06-04 07:10:00",1780981223,"2026-06-09 01:01:50.8","light"
"Sarah","2026-06-09 01:00:21.852","2026-06-04","2026-06-04 07:11:00",1780981223,"2026-06-09 01:01:51.062","light"
"Sarah","2026-06-09 01:00:21.852","2026-06-04","2026-06-04 07:12:00",1780981223,"2026-06-09 01:01:51.346","light"
"Sarah","2026-06-09 01:00:21.852","2026-06-04","2026-06-04 07:13:00",1780981223,"2026-06-09 01:01:51.624","light"
"Sarah","2026-06-09 01:00:21.852","2026-06-04","2026-06-04 07:14:00",1780981223,"2026-06-09 01:01:51.895","light"
"Sarah","2026-06-09 01:00:21.852","2026-06-04","2026-06-04 07:15:00",1780981223,"2026-06-09 01:01:53.606","light"
"Sarah","2026-06-09 01:00:21.852","2026-06-04","2026-06-04 07:16:00",1780981223,"2026-06-09 01:01:53.882","light"
"Sarah","2026-06-09 01:00:21.852","2026-06-04","2026-06-04 07:17:00",1780981223,"2026-06-09 01:01:54.161","light"
"Sarah","2026-06-09 01:00:21.852","2026-06-04","2026-06-04 07:18:00",1780981223,"2026-06-09 01:01:54.432","light"
"Sarah","2026-06-09 01:00:21.852","2026-06-04","2026-06-04 07:19:00",1780981223,"2026-06-09 01:01:54.733","light"
"Sarah","2026-06-09 01:00:21.852","2026-06-04","2026-06-04 07:20:00",1780981223,"2026-06-09 01:01:54.991","light"
"Sarah","2026-06-09 01:00:21.852","2026-06-04","2026-06-04 07:21:00",1780981223,"2026-06-09 01:01:55.229","light"
"Sarah","2026-06-09 01:00:21.852","2026-06-04","2026-06-04 07:22:00",1780981223,"2026-06-09 01:01:55.653","light"
"Sarah","2026-06-09 01:00:21.852","2026-06-04","2026-06-04 07:23:00",1780981223,"2026-06-09 01:01:55.9","light"
"Sarah","2026-06-09 01:00:21.852","2026-06-04","2026-06-04 07:24:00",1780981223,"2026-06-09 01:01:56.204","light"
"Sarah","2026-06-09 01:00:21.852","2026-06-04","2026-06-04 07:25:00",1780981223,"2026-06-09 01:01:56.704","light"
"Sarah","2026-06-09 01:00:21.852","2026-06-04","2026-06-04 07:26:00",1780981223,"2026-06-09 01:01:56.986","light"
"Sarah","2026-06-09 01:00:21.852","2026-06-04","2026-06-04 07:27:00",1780981223,"2026-06-09 01:01:57.24","light"
"Sarah","2026-06-09 01:00:21.852","2026-06-04","2026-06-04 07:28:00",1780981223,"2026-06-09 01:01:57.536","light"
"Sarah","2026-06-09 01:00:21.852","2026-06-04","2026-06-04 07:29:00",1780981223,"2026-06-09 01:01:57.944","light"
"Sarah","2026-06-09 01:00:21.852","2026-06-04","2026-06-04 07:30:00",1780981223,"2026-06-09 01:01:58.194","light"
"Sarah","2026-06-09 01:00:21.852","2026-06-04","2026-06-04 07:31:00",1780981223,"2026-06-09 01:01:58.474","light"
"Sarah","2026-06-09 01:00:21.852","2026-06-04","2026-06-04 07:32:00",1780981223,"2026-06-09 01:01:58.752","light"
"Sarah","2026-06-09 01:00:21.852","2026-06-04","2026-06-04 07:33:00",1780981223,"2026-06-09 01:01:59.222","deep"
"Sarah","2026-06-09 01:00:21.852","2026-06-04","2026-06-04 07:34:00",1780981223,"2026-06-09 01:01:59.524","deep"
"Sarah","2026-06-09 01:00:21.852","2026-06-04","2026-06-04 07:35:00",1780981223,"2026-06-09 01:01:59.826","deep"
"Sarah","2026-06-09 01:00:21.852","2026-06-04","2026-06-04 07:36:00",1780981223,"2026-06-09 01:02:00.122","deep"
"Sarah","2026-06-09 01:00:21.852","2026-06-04","2026-06-04 07:37:00",1780981223,"2026-06-09 01:02:00.434","deep"
"Sarah","2026-06-09 01:00:21.852","2026-06-04","2026-06-04 07:38:00",1780981223,"2026-06-09 01:02:00.72","deep"
"Sarah","2026-06-09 01:00:21.852","2026-06-04","2026-06-04 07:39:00",1780981223,"2026-06-09 01:02:01.015","deep"
"Sarah","2026-06-09 01:00:21.852","2026-06-04","2026-06-04 07:40:00",1780981223,"2026-06-09 01:02:01.298","deep"
"Sarah","2026-06-09 01:00:21.852","2026-06-04","2026-06-04 07:41:00",1780981223,"2026-06-09 01:02:01.558","deep"
"Sarah","2026-06-09 01:00:21.852","2026-06-04","2026-06-04 07:42:00",1780981223,"2026-06-09 01:02:01.838","deep"
"Sarah","2026-06-09 01:00:21.852","2026-06-04","2026-06-04 07:43:00",1780981223,"2026-06-09 01:02:02.102","deep"
"Sarah","2026-06-09 01:00:21.852","2026-06-04","2026-06-04 07:44:00",1780981223,"2026-06-09 01:02:02.369","deep"
"Sarah","2026-06-09 01:00:21.852","2026-06-04","2026-06-04 07:45:00",1780981223,"2026-06-09 01:02:02.628","deep"
"Sarah","2026-06-09 01:00:21.852","2026-06-04","2026-06-04 07:46:00",1780981223,"2026-06-09 01:02:02.907","deep"
"Sarah","2026-06-09 01:00:21.852","2026-06-04","2026-06-04 07:47:00",1780981223,"2026-06-09 01:02:03.177","deep"
"Sarah","2026-06-09 01:00:21.852","2026-06-04","2026-06-04 07:48:00",1780981223,"2026-06-09 01:02:03.453","deep"
"Sarah","2026-06-09 01:00:21.852","2026-06-04","2026-06-04 07:49:00",1780981223,"2026-06-09 01:02:03.698","deep"
"Sarah","2026-06-09 01:00:21.852","2026-06-04","2026-06-04 07:50:00",1780981223,"2026-06-09 01:02:03.991","deep"
"Sarah","2026-06-09 01:00:21.852","2026-06-04","2026-06-04 07:51:00",1780981223,"2026-06-09 01:02:04.257","deep"
"Sarah","2026-06-09 01:00:21.852","2026-06-04","2026-06-04 07:52:00",1780981223,"2026-06-09 01:02:04.539","deep"
"Sarah","2026-06-09 01:00:21.852","2026-06-04","2026-06-04 07:53:00",1780981223,"2026-06-09 01:02:04.803","deep"
"Sarah","2026-06-09 01:00:21.852","2026-06-04","2026-06-04 07:54:00",1780981223,"2026-06-09 01:02:05.069","deep"
"Sarah","2026-06-09 01:00:21.852","2026-06-04","2026-06-04 07:55:00",1780981223,"2026-06-09 01:02:05.346","deep"
"Sarah","2026-06-09 01:00:21.852","2026-06-04","2026-06-04 07:56:00",1780981223,"2026-06-09 01:02:05.629","deep"
"Sarah","2026-06-09 01:00:21.852","2026-06-04","2026-06-04 07:57:00",1780981223,"2026-06-09 01:02:06.327","light"
"Sarah","2026-06-09 01:00:21.852","2026-06-04","2026-06-04 07:58:00",1780981223,"2026-06-09 01:02:06.823","light"
"Sarah","2026-06-09 01:00:21.852","2026-06-04","2026-06-04 07:59:00",1780981223,"2026-06-09 01:02:07.191","light"
"Sarah","2026-06-09 01:00:21.852","2026-06-04","2026-06-04 08:00:00",1780981223,"2026-06-09 01:02:07.634","light"
"Sarah","2026-06-09 01:00:21.852","2026-06-04","2026-06-04 08:01:00",1780981223,"2026-06-09 01:02:07.942","light"
"Sarah","2026-06-09 01:00:21.852","2026-06-04","2026-06-04 08:02:00",1780981223,"2026-06-09 01:02:08.297","light"
"Sarah","2026-06-09 01:00:21.852","2026-06-04","2026-06-04 08:03:00",1780981223,"2026-06-09 01:02:08.59","light"
"Sarah","2026-06-09 01:00:21.852","2026-06-04","2026-06-04 08:04:00",1780981223,"2026-06-09 01:02:08.874","light"
"Sarah","2026-06-09 01:00:21.852","2026-06-04","2026-06-04 08:05:00",1780981223,"2026-06-09 01:02:09.142","light"
"Sarah","2026-06-09 01:00:21.852","2026-06-04","2026-06-04 08:06:00",1780981223,"2026-06-09 01:02:09.438","light"
"Sarah","2026-06-09 01:00:21.852","2026-06-04","2026-06-04 08:07:00",1780981223,"2026-06-09 01:02:09.702","light"
"Sarah","2026-06-09 01:00:21.852","2026-06-04","2026-06-04 08:08:00",1780981223,"2026-06-09 01:02:09.985","light"
"Sarah","2026-06-09 01:00:21.852","2026-06-04","2026-06-04 08:09:00",1780981223,"2026-06-09 01:02:10.249","light"
"Sarah","2026-06-09 01:00:21.852","2026-06-04","2026-06-04 08:10:00",1780981223,"2026-06-09 01:02:10.505","light"
"Sarah","2026-06-09 01:00:21.852","2026-06-04","2026-06-04 08:11:00",1780981223,"2026-06-09 01:02:10.766","rem"
"Sarah","2026-06-09 01:00:21.852","2026-06-04","2026-06-04 08:12:00",1780981223,"2026-06-09 01:02:11.032","rem"
"Sarah","2026-06-09 01:00:21.852","2026-06-04","2026-06-04 08:13:00",1780981223,"2026-06-09 01:02:11.285","rem"
"Sarah","2026-06-09 01:00:21.852","2026-06-04","2026-06-04 08:14:00",1780981223,"2026-06-09 01:02:11.549","rem"
"Sarah","2026-06-09 01:00:21.852","2026-06-04","2026-06-04 08:15:00",1780981223,"2026-06-09 01:02:11.852","rem"
"Sarah","2026-06-09 01:00:21.852","2026-06-04","2026-06-04 08:16:00",1780981223,"2026-06-09 01:02:12.095","rem"
"Sarah","2026-06-09 01:00:21.852","2026-06-04","2026-06-04 08:17:00",1780981223,"2026-06-09 01:02:12.361","rem"
"Sarah","2026-06-09 01:00:21.852","2026-06-04","2026-06-04 08:18:00",1780981223,"2026-06-09 01:02:12.619","rem"
"Sarah","2026-06-09 01:00:21.852","2026-06-04","2026-06-04 08:19:00",1780981223,"2026-06-09 01:02:12.889","rem"
"Sarah","2026-06-09 01:00:21.852","2026-06-04","2026-06-04 08:20:00",1780981223,"2026-06-09 01:02:13.195","rem"
"Sarah","2026-06-09 01:00:21.852","2026-06-04","2026-06-04 08:21:00",1780981223,"2026-06-09 01:02:13.486","rem"
"Sarah","2026-06-09 01:00:21.852","2026-06-04","2026-06-04 08:22:00",1780981223,"2026-06-09 01:02:13.795","rem"
"Sarah","2026-06-09 01:00:21.852","2026-06-04","2026-06-04 08:23:00",1780981223,"2026-06-09 01:02:14.08","rem"
"Sarah","2026-06-09 01:00:21.852","2026-06-04","2026-06-04 08:24:00",1780981223,"2026-06-09 01:02:14.483","rem"
"Sarah","2026-06-09 01:00:21.852","2026-06-04","2026-06-04 08:25:00",1780981223,"2026-06-09 01:02:14.743","rem"
"Sarah","2026-06-09 01:00:21.852","2026-06-04","2026-06-04 08:26:00",1780981223,"2026-06-09 01:02:15.018","rem"
"Sarah","2026-06-09 01:00:21.852","2026-06-04","2026-06-04 08:27:00",1780981223,"2026-06-09 01:02:15.287","rem"
"Sarah","2026-06-09 01:00:21.852","2026-06-04","2026-06-04 08:28:00",1780981223,"2026-06-09 01:02:17.305","rem"
"Sarah","2026-06-09 01:00:21.852","2026-06-04","2026-06-04 08:29:00",1780981223,"2026-06-09 01:02:17.573","rem"
"Sarah","2026-06-09 01:00:21.852","2026-06-04","2026-06-04 08:30:00",1780981223,"2026-06-09 01:02:17.834","rem"
"Sarah","2026-06-09 01:00:21.852","2026-06-04","2026-06-04 08:31:00",1780981223,"2026-06-09 01:02:18.111","rem"
"Sarah","2026-06-09 01:00:21.852","2026-06-04","2026-06-04 08:32:00",1780981223,"2026-06-09 01:02:18.365","rem"
"Sarah","2026-06-09 01:00:21.852","2026-06-04","2026-06-04 08:33:00",1780981223,"2026-06-09 01:02:18.634","rem"
"Sarah","2026-06-09 01:00:21.852","2026-06-04","2026-06-04 08:34:00",1780981223,"2026-06-09 01:02:18.89","rem"
"Sarah","2026-06-09 01:00:21.852","2026-06-04","2026-06-04 08:35:00",1780981223,"2026-06-09 01:02:19.164","rem"
"Sarah","2026-06-09 01:00:21.852","2026-06-04","2026-06-04 08:36:00",1780981223,"2026-06-09 01:02:19.458","light"
"Sarah","2026-06-09 01:00:21.852","2026-06-04","2026-06-04 08:37:00",1780981223,"2026-06-09 01:02:19.752","light"
"Sarah","2026-06-09 01:00:21.852","2026-06-04","2026-06-04 08:38:00",1780981223,"2026-06-09 01:02:20.028","light"
"Sarah","2026-06-09 01:00:21.852","2026-06-04","2026-06-04 08:39:00",1780981223,"2026-06-09 01:02:20.3","light"
"Sarah","2026-06-09 01:00:21.852","2026-06-04","2026-06-04 08:40:00",1780981223,"2026-06-09 01:02:20.571","light"
"Sarah","2026-06-09 01:00:21.852","2026-06-04","2026-06-04 08:41:00",1780981223,"2026-06-09 01:02:20.847","light"
"Sarah","2026-06-09 01:00:21.852","2026-06-04","2026-06-04 08:42:00",1780981223,"2026-06-09 01:02:21.126","light"
"Sarah","2026-06-09 01:00:21.852","2026-06-04","2026-06-04 08:43:00",1780981223,"2026-06-09 01:02:21.415","light"
"Sarah","2026-06-09 01:00:21.852","2026-06-04","2026-06-04 08:44:00",1780981223,"2026-06-09 01:02:21.669","light"
"Sarah","2026-06-09 01:00:21.852","2026-06-04","2026-06-04 08:45:00",1780981223,"2026-06-09 01:02:21.942","light"
"Sarah","2026-06-09 01:00:21.852","2026-06-04","2026-06-04 08:46:00",1780981223,"2026-06-09 01:02:22.215","light"
"Sarah","2026-06-09 01:00:21.852","2026-06-04","2026-06-04 08:47:00",1780981223,"2026-06-09 01:02:22.479","light"
"Sarah","2026-06-09 01:00:21.852","2026-06-04","2026-06-04 08:48:00",1780981223,"2026-06-09 01:02:22.698","light"
"Sarah","2026-06-09 01:00:21.852","2026-06-04","2026-06-04 08:49:00",1780981223,"2026-06-09 01:02:22.957","light"
"Sarah","2026-06-09 01:00:21.852","2026-06-04","2026-06-04 08:50:00",1780981223,"2026-06-09 01:02:23.216","light"
"Sarah","2026-06-09 01:00:21.852","2026-06-04","2026-06-04 08:51:00",1780981223,"2026-06-09 01:02:23.483","light"
"Sarah","2026-06-09 01:00:21.852","2026-06-04","2026-06-04 08:52:00",1780981223,"2026-06-09 01:02:23.744","light"
"Sarah","2026-06-09 01:00:21.852","2026-06-04","2026-06-04 08:53:00",1780981223,"2026-06-09 01:02:24.003","light"
"Sarah","2026-06-09 01:00:21.852","2026-06-04","2026-06-04 08:54:00",1780981223,"2026-06-09 01:02:24.382","light"
"Sarah","2026-06-09 01:00:21.852","2026-06-04","2026-06-04 08:55:00",1780981223,"2026-06-09 01:02:24.642","light"
"Sarah","2026-06-09 01:00:21.852","2026-06-04","2026-06-04 08:56:00",1780981223,"2026-06-09 01:02:24.925","light"
"Sarah","2026-06-09 01:00:21.852","2026-06-04","2026-06-04 08:57:00",1780981223,"2026-06-09 01:02:25.174","light"
"Sarah","2026-06-09 01:00:21.852","2026-06-04","2026-06-04 08:58:00",1780981223,"2026-06-09 01:02:25.428","light"
"Sarah","2026-06-09 01:00:21.852","2026-06-04","2026-06-04 08:59:00",1780981223,"2026-06-09 01:02:25.677","light"
"Sarah","2026-06-09 01:00:21.852","2026-06-04","2026-06-04 09:00:00",1780981223,"2026-06-09 01:02:25.903","light"
"Sarah","2026-06-09 01:00:21.852","2026-06-04","2026-06-04 09:01:00",1780981223,"2026-06-09 01:02:26.168","light"
"Sarah","2026-06-09 01:00:21.852","2026-06-04","2026-06-04 09:02:00",1780981223,"2026-06-09 01:02:26.422","light"
"Sarah","2026-06-09 01:00:21.852","2026-06-04","2026-06-04 09:03:00",1780981223,"2026-06-09 01:02:26.747","light"
"Sarah","2026-06-09 01:00:21.852","2026-06-04","2026-06-04 09:04:00",1780981223,"2026-06-09 01:02:27.006","light"
"Sarah","2026-06-09 01:00:21.852","2026-06-04","2026-06-04 09:05:00",1780981223,"2026-06-09 01:02:27.255","light"
"Sarah","2026-06-09 01:00:21.852","2026-06-04","2026-06-04 09:06:00",1780981223,"2026-06-09 01:02:27.512","light"
"Sarah","2026-06-09 01:00:21.852","2026-06-04","2026-06-04 09:07:00",1780981223,"2026-06-09 01:02:27.789","light"
"Sarah","2026-06-09 01:00:21.852","2026-06-04","2026-06-04 09:08:00",1780981223,"2026-06-09 01:02:28.051","light"
"Sarah","2026-06-09 01:00:21.852","2026-06-04","2026-06-04 09:09:00",1780981223,"2026-06-09 01:02:28.301","light"
"Sarah","2026-06-09 01:00:21.852","2026-06-04","2026-06-04 09:10:00",1780981223,"2026-06-09 01:02:28.601","light"
"Sarah","2026-06-09 01:00:21.852","2026-06-04","2026-06-04 09:11:00",1780981223,"2026-06-09 01:02:28.876","light"
"Sarah","2026-06-09 01:00:21.852","2026-06-04","2026-06-04 09:12:00",1780981223,"2026-06-09 01:02:29.128","light"
"Sarah","2026-06-09 01:00:21.852","2026-06-04","2026-06-04 09:13:00",1780981223,"2026-06-09 01:02:29.395","light"
"Sarah","2026-06-09 01:00:21.852","2026-06-04","2026-06-04 09:14:00",1780981223,"2026-06-09 01:02:29.668","light"
"Sarah","2026-06-09 01:00:21.852","2026-06-04","2026-06-04 09:15:00",1780981223,"2026-06-09 01:02:29.974","light"
"Sarah","2026-06-09 01:00:21.852","2026-06-04","2026-06-04 09:16:00",1780981223,"2026-06-09 01:02:30.293","light"
"Sarah","2026-06-09 01:00:21.852","2026-06-04","2026-06-04 09:17:00",1780981223,"2026-06-09 01:02:30.564","light"
"Sarah","2026-06-09 01:00:21.852","2026-06-04","2026-06-04 09:18:00",1780981223,"2026-06-09 01:02:30.861","light"
"Sarah","2026-06-09 01:00:21.852","2026-06-04","2026-06-04 09:19:00",1780981223,"2026-06-09 01:02:31.12","light"
"Sarah","2026-06-09 01:00:21.852","2026-06-04","2026-06-04 09:20:00",1780981223,"2026-06-09 01:02:31.375","light"
"Sarah","2026-06-09 01:00:21.852","2026-06-04","2026-06-04 09:21:00",1780981223,"2026-06-09 01:02:31.629","light"
"Sarah","2026-06-09 01:00:21.852","2026-06-04","2026-06-04 09:22:00",1780981223,"2026-06-09 01:02:32.515","light"
"Sarah","2026-06-09 01:00:21.852","2026-06-04","2026-06-04 09:23:00",1780981223,"2026-06-09 01:02:32.793","light"
"Sarah","2026-06-09 01:00:21.852","2026-06-04","2026-06-04 09:24:00",1780981223,"2026-06-09 01:02:33.09","light"
"Sarah","2026-06-09 01:00:21.852","2026-06-04","2026-06-04 09:25:00",1780981223,"2026-06-09 01:02:33.363","light"
"Sarah","2026-06-09 01:00:21.852","2026-06-04","2026-06-04 09:26:00",1780981223,"2026-06-09 01:02:33.646","light"
"Sarah","2026-06-09 01:00:21.852","2026-06-04","2026-06-04 09:27:00",1780981223,"2026-06-09 01:02:33.902","light"
"Sarah","2026-06-09 01:00:21.852","2026-06-04","2026-06-04 09:28:00",1780981223,"2026-06-09 01:02:34.192","light"
"Sarah","2026-06-09 01:00:21.852","2026-06-04","2026-06-04 09:29:00",1780981223,"2026-06-09 01:02:34.461","light"
"Sarah","2026-06-09 01:00:21.852","2026-06-04","2026-06-04 09:30:00",1780981223,"2026-06-09 01:02:34.762","light"
"Sarah","2026-06-09 01:00:21.852","2026-06-04","2026-06-04 09:31:00",1780981223,"2026-06-09 01:02:35.059","light"
"Sarah","2026-06-09 01:00:21.852","2026-06-04","2026-06-04 09:32:00",1780981223,"2026-06-09 01:02:35.329","light"
"Sarah","2026-06-09 01:00:21.852","2026-06-04","2026-06-04 09:33:00",1780981223,"2026-06-09 01:02:35.781","light"
"Sarah","2026-06-09 01:00:21.852","2026-06-04","2026-06-04 09:34:00",1780981223,"2026-06-09 01:02:36.051","rem"
"Sarah","2026-06-09 01:00:21.852","2026-06-04","2026-06-04 09:35:00",1780981223,"2026-06-09 01:02:36.334","rem"
"Sarah","2026-06-09 01:00:21.852","2026-06-04","2026-06-04 09:36:00",1780981223,"2026-06-09 01:02:36.602","rem"
"Sarah","2026-06-09 01:00:21.852","2026-06-04","2026-06-04 09:37:00",1780981223,"2026-06-09 01:02:37.119","rem"
"Sarah","2026-06-09 01:00:21.852","2026-06-04","2026-06-04 09:38:00",1780981223,"2026-06-09 01:02:37.383","rem"
"Sarah","2026-06-09 01:00:21.852","2026-06-04","2026-06-04 09:39:00",1780981223,"2026-06-09 01:02:37.642","rem"
"Sarah","2026-06-09 01:00:21.852","2026-06-04","2026-06-04 09:40:00",1780981223,"2026-06-09 01:02:37.932","rem"
"Sarah","2026-06-09 01:00:21.852","2026-06-04","2026-06-04 09:41:00",1780981223,"2026-06-09 01:02:38.229","rem"
"Sarah","2026-06-09 01:00:21.852","2026-06-04","2026-06-04 09:42:00",1780981223,"2026-06-09 01:02:38.54","rem"
"Sarah","2026-06-09 01:00:21.852","2026-06-04","2026-06-04 09:43:00",1780981223,"2026-06-09 01:02:39.102","rem"
"Sarah","2026-06-09 01:00:21.852","2026-06-04","2026-06-04 09:44:00",1780981223,"2026-06-09 01:02:39.41","rem"
"Sarah","2026-06-09 01:00:21.852","2026-06-04","2026-06-04 09:45:00",1780981223,"2026-06-09 01:02:39.711","rem"
"Sarah","2026-06-09 01:00:21.852","2026-06-04","2026-06-04 09:46:00",1780981223,"2026-06-09 01:02:40.045","rem"
"Sarah","2026-06-09 01:00:21.852","2026-06-04","2026-06-04 09:47:00",1780981223,"2026-06-09 01:02:40.335","rem"
"Sarah","2026-06-09 01:00:21.852","2026-06-04","2026-06-04 09:48:00",1780981223,"2026-06-09 01:02:40.642","rem"
"Sarah","2026-06-09 01:00:21.852","2026-06-04","2026-06-04 09:49:00",1780981223,"2026-06-09 01:02:40.913","rem"
"Sarah","2026-06-09 01:00:21.852","2026-06-04","2026-06-04 09:50:00",1780981223,"2026-06-09 01:02:41.192","rem"
"Sarah","2026-06-09 01:00:21.852","2026-06-04","2026-06-04 09:51:00",1780981223,"2026-06-09 01:02:41.476","rem"
"Sarah","2026-06-09 01:00:21.852","2026-06-04","2026-06-04 09:52:00",1780981223,"2026-06-09 01:02:41.768","rem"
"Sarah","2026-06-09 01:00:21.852","2026-06-04","2026-06-04 09:53:00",1780981223,"2026-06-09 01:02:42.032","rem"
"Sarah","2026-06-09 01:00:21.852","2026-06-04","2026-06-04 09:54:00",1780981223,"2026-06-09 01:02:42.352","rem"
"Sarah","2026-06-09 01:00:21.852","2026-06-04","2026-06-04 09:55:00",1780981223,"2026-06-09 01:02:42.654","rem"
"Sarah","2026-06-09 01:00:21.852","2026-06-04","2026-06-04 09:56:00",1780981223,"2026-06-09 01:02:42.966","rem"
"Sarah","2026-06-09 01:00:21.852","2026-06-04","2026-06-04 09:57:00",1780981223,"2026-06-09 01:02:43.382","rem"
"Sarah","2026-06-09 01:00:21.852","2026-06-04","2026-06-04 09:58:00",1780981223,"2026-06-09 01:02:43.654","light"
"Sarah","2026-06-09 01:00:21.852","2026-06-04","2026-06-04 09:59:00",1780981223,"2026-06-09 01:02:43.897","light"
"Sarah","2026-06-09 01:00:21.852","2026-06-04","2026-06-04 10:00:00",1780981223,"2026-06-09 01:02:44.186","light"
"Sarah","2026-06-09 01:00:21.852","2026-06-04","2026-06-04 10:01:00",1780981223,"2026-06-09 01:02:44.477","light"
"Sarah","2026-06-09 01:00:21.852","2026-06-04","2026-06-04 10:02:00",1780981223,"2026-06-09 01:02:44.767","light"
"Sarah","2026-06-09 01:00:21.852","2026-06-04","2026-06-04 10:03:00",1780981223,"2026-06-09 01:02:45.038","light"
"Sarah","2026-06-09 01:00:21.852","2026-06-04","2026-06-04 10:04:00",1780981223,"2026-06-09 01:02:45.294","light"
"Sarah","2026-06-09 01:00:21.852","2026-06-04","2026-06-04 10:05:00",1780981223,"2026-06-09 01:02:45.565","light"
"Sarah","2026-06-09 01:00:21.852","2026-06-04","2026-06-04 10:06:00",1780981223,"2026-06-09 01:02:45.853","light"
"Sarah","2026-06-09 01:00:21.852","2026-06-04","2026-06-04 10:07:00",1780981223,"2026-06-09 01:02:46.137","light"
"Sarah","2026-06-09 01:00:21.852","2026-06-04","2026-06-04 10:08:00",1780981223,"2026-06-09 01:02:46.45","light"
"Sarah","2026-06-09 01:00:21.852","2026-06-04","2026-06-04 10:09:00",1780981223,"2026-06-09 01:02:46.699","light"
"Sarah","2026-06-09 01:00:21.852","2026-06-04","2026-06-04 10:10:00",1780981223,"2026-06-09 01:02:46.986","light"
"Sarah","2026-06-09 01:00:21.852","2026-06-04","2026-06-04 10:11:00",1780981223,"2026-06-09 01:02:47.266","light"
"Sarah","2026-06-09 01:00:21.852","2026-06-04","2026-06-04 10:12:00",1780981223,"2026-06-09 01:02:47.613","light"
"Sarah","2026-06-09 01:00:21.852","2026-06-04","2026-06-04 10:13:00",1780981223,"2026-06-09 01:02:47.967","light"
"Sarah","2026-06-09 01:00:21.852","2026-06-04","2026-06-04 10:14:00",1780981223,"2026-06-09 01:02:48.255","light"
"Sarah","2026-06-09 01:00:21.852","2026-06-04","2026-06-04 10:15:00",1780981223,"2026-06-09 01:02:48.536","light"
"Sarah","2026-06-09 01:00:21.852","2026-06-04","2026-06-04 10:16:00",1780981223,"2026-06-09 01:02:48.809","light"
"Sarah","2026-06-09 01:00:21.852","2026-06-04","2026-06-04 10:17:00",1780981223,"2026-06-09 01:02:49.103","light"
"Sarah","2026-06-09 01:00:21.852","2026-06-04","2026-06-04 10:18:00",1780981223,"2026-06-09 01:02:49.393","light"
"Sarah","2026-06-09 01:00:21.852","2026-06-04","2026-06-04 10:19:00",1780981223,"2026-06-09 01:02:49.685","light"
"Sarah","2026-06-09 01:00:21.852","2026-06-04","2026-06-04 10:20:00",1780981223,"2026-06-09 01:02:49.98","light"
"Sarah","2026-06-09 01:00:21.852","2026-06-04","2026-06-04 10:21:00",1780981223,"2026-06-09 01:02:50.291","light"
"Sarah","2026-06-09 01:00:21.852","2026-06-04","2026-06-04 10:22:00",1780981223,"2026-06-09 01:02:50.639","light"
"Sarah","2026-06-09 01:00:21.852","2026-06-04","2026-06-04 10:23:00",1780981223,"2026-06-09 01:02:50.922","light"
"Sarah","2026-06-09 01:00:21.852","2026-06-04","2026-06-04 10:24:00",1780981223,"2026-06-09 01:02:51.204","light"
"Sarah","2026-06-09 01:00:21.852","2026-06-04","2026-06-04 10:25:00",1780981223,"2026-06-09 01:02:51.492","light"
"Sarah","2026-06-09 01:00:21.852","2026-06-04","2026-06-04 10:26:00",1780981223,"2026-06-09 01:02:51.868","light"
"Sarah","2026-06-09 01:00:21.852","2026-06-04","2026-06-04 10:27:00",1780981223,"2026-06-09 01:02:52.132","light"
"Sarah","2026-06-09 01:00:21.852","2026-06-04","2026-06-04 10:28:00",1780981223,"2026-06-09 01:02:52.397","light"
"Sarah","2026-06-09 01:00:21.852","2026-06-04","2026-06-04 10:29:00",1780981223,"2026-06-09 01:02:52.68","light"
"Sarah","2026-06-09 01:00:21.852","2026-06-04","2026-06-04 10:30:00",1780981223,"2026-06-09 01:02:52.926","light"
"Sarah","2026-06-09 01:00:21.852","2026-06-04","2026-06-04 10:31:00",1780981223,"2026-06-09 01:02:53.176","light"
"Sarah","2026-06-09 01:00:21.852","2026-06-04","2026-06-04 10:32:00",1780981223,"2026-06-09 01:02:53.449","light"
"Sarah","2026-06-09 01:00:21.852","2026-06-04","2026-06-04 10:33:00",1780981223,"2026-06-09 01:02:53.741","light"
"Sarah","2026-06-09 01:00:21.852","2026-06-04","2026-06-04 10:34:00",1780981223,"2026-06-09 01:02:54.062","light"
"Sarah","2026-06-09 01:00:21.852","2026-06-04","2026-06-04 10:35:00",1780981223,"2026-06-09 01:02:54.579","light"
"Sarah","2026-06-09 01:00:21.852","2026-06-04","2026-06-04 10:36:00",1780981223,"2026-06-09 01:02:54.843","light"
"Sarah","2026-06-09 01:00:21.852","2026-06-04","2026-06-04 10:37:00",1780981223,"2026-06-09 01:02:55.115","light"
"Sarah","2026-06-09 01:00:21.852","2026-06-04","2026-06-04 10:38:00",1780981223,"2026-06-09 01:02:55.379","light"
"Sarah","2026-06-09 01:00:21.852","2026-06-04","2026-06-04 10:39:00",1780981223,"2026-06-09 01:02:55.66","light"
"Sarah","2026-06-09 01:00:21.852","2026-06-04","2026-06-04 10:40:00",1780981223,"2026-06-09 01:02:55.926","light"
"Sarah","2026-06-09 01:00:21.852","2026-06-04","2026-06-04 10:41:00",1780981223,"2026-06-09 01:02:56.177","rem"
"Sarah","2026-06-09 01:00:21.852","2026-06-04","2026-06-04 10:42:00",1780981223,"2026-06-09 01:02:56.44","rem"
"Sarah","2026-06-09 01:00:21.852","2026-06-04","2026-06-04 10:43:00",1780981223,"2026-06-09 01:02:56.7","rem"
"Sarah","2026-06-09 01:00:21.852","2026-06-04","2026-06-04 10:44:00",1780981223,"2026-06-09 01:02:56.949","rem"
"Sarah","2026-06-09 01:00:21.852","2026-06-04","2026-06-04 10:45:00",1780981223,"2026-06-09 01:02:57.195","rem"
"Sarah","2026-06-09 01:00:21.852","2026-06-04","2026-06-04 10:46:00",1780981223,"2026-06-09 01:02:57.442","rem"
"Sarah","2026-06-09 01:00:21.852","2026-06-04","2026-06-04 10:47:00",1780981223,"2026-06-09 01:02:57.714","rem"
"Sarah","2026-06-09 01:00:21.852","2026-06-04","2026-06-04 10:48:00",1780981223,"2026-06-09 01:02:57.948","rem"
"Sarah","2026-06-09 01:00:21.852","2026-06-04","2026-06-04 10:49:00",1780981223,"2026-06-09 01:02:58.189","rem"
"Sarah","2026-06-09 01:00:21.852","2026-06-04","2026-06-04 10:50:00",1780981223,"2026-06-09 01:02:58.446","rem"
"Sarah","2026-06-09 01:00:21.852","2026-06-04","2026-06-04 10:51:00",1780981223,"2026-06-09 01:02:58.72","rem"
"Sarah","2026-06-09 01:00:21.852","2026-06-04","2026-06-04 10:52:00",1780981223,"2026-06-09 01:02:58.97","rem"
"Sarah","2026-06-09 01:00:21.852","2026-06-04","2026-06-04 10:53:00",1780981223,"2026-06-09 01:02:59.224","rem"
"Sarah","2026-06-09 01:00:21.852","2026-06-04","2026-06-04 10:54:00",1780981223,"2026-06-09 01:02:59.509","rem"
"Sarah","2026-06-09 01:00:21.852","2026-06-04","2026-06-04 10:55:00",1780981223,"2026-06-09 01:02:59.788","rem"
"Sarah","2026-06-09 01:00:21.852","2026-06-04","2026-06-04 10:56:00",1780981223,"2026-06-09 01:03:00.057","rem"
"Sarah","2026-06-09 01:00:21.852","2026-06-04","2026-06-04 10:57:00",1780981223,"2026-06-09 01:03:00.335","rem"
"Sarah","2026-06-09 01:00:21.852","2026-06-04","2026-06-04 10:58:00",1780981223,"2026-06-09 01:03:00.631","rem"
"Sarah","2026-06-09 01:00:21.852","2026-06-04","2026-06-04 10:59:00",1780981223,"2026-06-09 01:03:00.917","rem"
"Sarah","2026-06-09 01:00:21.852","2026-06-04","2026-06-04 11:00:00",1780981223,"2026-06-09 01:03:01.209","rem"
"Sarah","2026-06-09 01:00:21.852","2026-06-04","2026-06-04 11:01:00",1780981223,"2026-06-09 01:03:01.467","rem"
"Sarah","2026-06-09 01:00:21.852","2026-06-04","2026-06-04 11:02:00",1780981223,"2026-06-09 01:03:01.755","rem"
"Sarah","2026-06-09 01:00:21.852","2026-06-04","2026-06-04 11:03:00",1780981223,"2026-06-09 01:03:02.03","rem"
"Sarah","2026-06-09 01:00:21.852","2026-06-04","2026-06-04 11:04:00",1780981223,"2026-06-09 01:03:02.879","rem"
"Sarah","2026-06-09 01:00:21.852","2026-06-04","2026-06-04 11:05:00",1780981223,"2026-06-09 01:03:03.202","rem"
"Sarah","2026-06-09 01:00:21.852","2026-06-04","2026-06-04 11:06:00",1780981223,"2026-06-09 01:03:03.466","rem"
"Sarah","2026-06-09 01:00:21.852","2026-06-04","2026-06-04 11:07:00",1780981223,"2026-06-09 01:03:04.605","rem"
"Sarah","2026-06-09 01:00:21.852","2026-06-04","2026-06-04 11:08:00",1780981223,"2026-06-09 01:03:05.287","rem"
"Sarah","2026-06-09 01:00:21.852","2026-06-04","2026-06-04 11:09:00",1780981223,"2026-06-09 01:03:06","rem"
"Sarah","2026-06-09 01:00:21.852","2026-06-04","2026-06-04 11:10:00",1780981223,"2026-06-09 01:03:06.437","rem"
"Sarah","2026-06-09 01:00:21.852","2026-06-04","2026-06-04 11:11:00",1780981223,"2026-06-09 01:03:06.96","rem"
"Sarah","2026-06-09 01:00:21.852","2026-06-04","2026-06-04 11:12:00",1780981223,"2026-06-09 01:03:07.419","rem"
"Sarah","2026-06-09 01:00:21.852","2026-06-04","2026-06-04 11:13:00",1780981223,"2026-06-09 01:03:07.892","rem"
"Sarah","2026-06-09 01:00:21.852","2026-06-04","2026-06-04 11:14:00",1780981223,"2026-06-09 01:03:08.402","light"
"Sarah","2026-06-09 01:00:21.852","2026-06-04","2026-06-04 11:15:00",1780981223,"2026-06-09 01:03:08.985","light"
"Sarah","2026-06-09 01:00:21.852","2026-06-04","2026-06-04 11:16:00",1780981223,"2026-06-09 01:03:09.364","light"
"Sarah","2026-06-09 01:00:21.852","2026-06-04","2026-06-04 11:17:00",1780981223,"2026-06-09 01:03:09.894","light"
"Sarah","2026-06-09 01:00:21.852","2026-06-04","2026-06-04 11:18:00",1780981223,"2026-06-09 01:03:10.276","light"
"Sarah","2026-06-09 01:00:21.852","2026-06-04","2026-06-04 11:19:00",1780981223,"2026-06-09 01:03:10.55","light"
"Sarah","2026-06-09 01:00:21.852","2026-06-04","2026-06-04 11:20:00",1780981223,"2026-06-09 01:03:11.141","light"
"Sarah","2026-06-09 01:00:21.852","2026-06-04","2026-06-04 11:21:00",1780981223,"2026-06-09 01:03:11.488","light"
"Sarah","2026-06-09 01:00:21.852","2026-06-04","2026-06-04 11:22:00",1780981223,"2026-06-09 01:03:11.748","light"
"Sarah","2026-06-09 01:00:21.852","2026-06-04","2026-06-04 11:23:00",1780981223,"2026-06-09 01:03:12.032","light"
"Sarah","2026-06-09 01:00:21.852","2026-06-04","2026-06-04 11:24:00",1780981223,"2026-06-09 01:03:12.304","light"
"Sarah","2026-06-09 01:00:21.852","2026-06-04","2026-06-04 11:25:00",1780981223,"2026-06-09 01:03:12.583","light"
"Sarah","2026-06-09 01:00:21.852","2026-06-04","2026-06-04 11:26:00",1780981223,"2026-06-09 01:03:12.841","light"
"Sarah","2026-06-09 01:00:21.852","2026-06-04","2026-06-04 11:27:00",1780981223,"2026-06-09 01:03:13.125","light"
"Sarah","2026-06-09 01:00:21.852","2026-06-04","2026-06-04 11:28:00",1780981223,"2026-06-09 01:03:13.378","light"
"Sarah","2026-06-09 01:00:21.852","2026-06-04","2026-06-04 11:29:00",1780981223,"2026-06-09 01:03:13.632","light"
"Sarah","2026-06-09 01:00:21.852","2026-06-04","2026-06-04 11:30:00",1780981223,"2026-06-09 01:03:13.882","light"
"Sarah","2026-06-09 01:00:21.852","2026-06-04","2026-06-04 11:31:00",1780981223,"2026-06-09 01:03:14.161","light"
"Sarah","2026-06-09 01:00:21.852","2026-06-04","2026-06-04 11:32:00",1780981223,"2026-06-09 01:03:14.445","light"
"Sarah","2026-06-09 01:00:21.852","2026-06-04","2026-06-04 11:33:00",1780981223,"2026-06-09 01:03:14.799","light"
"Sarah","2026-06-09 01:00:21.852","2026-06-04","2026-06-04 11:34:00",1780981223,"2026-06-09 01:03:15.049","light"
"Sarah","2026-06-09 01:00:21.852","2026-06-04","2026-06-04 11:35:00",1780981223,"2026-06-09 01:03:15.332","light"
"Sarah","2026-06-09 01:00:21.852","2026-06-04","2026-06-04 11:36:00",1780981223,"2026-06-09 01:03:15.617","light"
"Sarah","2026-06-09 01:00:21.852","2026-06-04","2026-06-04 11:37:00",1780981223,"2026-06-09 01:03:15.863","light"
"Sarah","2026-06-09 01:11:56.427","2026-06-05","2026-06-05 02:05:00",1780981917,"2026-06-09 01:11:59.88","wake"
"Sarah","2026-06-09 01:11:56.427","2026-06-05","2026-06-05 02:06:00",1780981917,"2026-06-09 01:12:00.243","wake"
"Sarah","2026-06-09 01:11:56.427","2026-06-05","2026-06-05 02:07:00",1780981917,"2026-06-09 01:12:00.785","wake"
"Sarah","2026-06-09 01:11:56.427","2026-06-05","2026-06-05 02:08:00",1780981917,"2026-06-09 01:12:00.992","wake"
"Sarah","2026-06-09 01:11:56.427","2026-06-05","2026-06-05 02:09:00",1780981917,"2026-06-09 01:12:01.177","wake"
"Sarah","2026-06-09 01:11:56.427","2026-06-05","2026-06-05 02:10:00",1780981917,"2026-06-09 01:12:01.376","wake"
"Sarah","2026-06-09 01:11:56.427","2026-06-05","2026-06-05 02:11:00",1780981917,"2026-06-09 01:12:01.578","wake"
"Sarah","2026-06-09 01:11:56.427","2026-06-05","2026-06-05 02:12:00",1780981917,"2026-06-09 01:12:01.763","wake"
"Sarah","2026-06-09 01:11:56.427","2026-06-05","2026-06-05 02:13:00",1780981917,"2026-06-09 01:12:01.989","wake"
"Sarah","2026-06-09 01:11:56.427","2026-06-05","2026-06-05 02:14:00",1780981917,"2026-06-09 01:12:02.194","light"
"Sarah","2026-06-09 01:11:56.427","2026-06-05","2026-06-05 02:15:00",1780981917,"2026-06-09 01:12:02.404","light"
"Sarah","2026-06-09 01:11:56.427","2026-06-05","2026-06-05 02:16:00",1780981917,"2026-06-09 01:12:02.613","light"
"Sarah","2026-06-09 01:11:56.427","2026-06-05","2026-06-05 02:17:00",1780981917,"2026-06-09 01:12:02.878","light"
"Sarah","2026-06-09 01:11:56.427","2026-06-05","2026-06-05 02:18:00",1780981917,"2026-06-09 01:12:03.078","light"
"Sarah","2026-06-09 01:11:56.427","2026-06-05","2026-06-05 02:19:00",1780981917,"2026-06-09 01:12:03.273","light"
"Sarah","2026-06-09 01:11:56.427","2026-06-05","2026-06-05 02:20:00",1780981917,"2026-06-09 01:12:03.468","light"
"Sarah","2026-06-09 01:11:56.427","2026-06-05","2026-06-05 02:21:00",1780981917,"2026-06-09 01:12:04.666","light"
"Sarah","2026-06-09 01:11:56.427","2026-06-05","2026-06-05 02:22:00",1780981917,"2026-06-09 01:12:04.901","light"
"Sarah","2026-06-09 01:11:56.427","2026-06-05","2026-06-05 02:23:00",1780981917,"2026-06-09 01:12:05.097","light"
"Sarah","2026-06-09 01:11:56.427","2026-06-05","2026-06-05 02:24:00",1780981917,"2026-06-09 01:12:05.28","light"
"Sarah","2026-06-09 01:11:56.427","2026-06-05","2026-06-05 02:25:00",1780981917,"2026-06-09 01:12:05.491","light"
"Sarah","2026-06-09 01:11:56.427","2026-06-05","2026-06-05 02:26:00",1780981917,"2026-06-09 01:12:05.669","light"
"Sarah","2026-06-09 01:11:56.427","2026-06-05","2026-06-05 02:27:00",1780981917,"2026-06-09 01:12:05.879","light"
"Sarah","2026-06-09 01:11:56.427","2026-06-05","2026-06-05 02:28:00",1780981917,"2026-06-09 01:12:06.086","deep"
"Sarah","2026-06-09 01:11:56.427","2026-06-05","2026-06-05 02:29:00",1780981917,"2026-06-09 01:12:06.296","deep"
"Sarah","2026-06-09 01:11:56.427","2026-06-05","2026-06-05 02:30:00",1780981917,"2026-06-09 01:12:06.52","deep"
"Sarah","2026-06-09 01:11:56.427","2026-06-05","2026-06-05 02:31:00",1780981917,"2026-06-09 01:12:06.74","deep"
"Sarah","2026-06-09 01:11:56.427","2026-06-05","2026-06-05 02:32:00",1780981917,"2026-06-09 01:12:06.941","deep"
"Sarah","2026-06-09 01:11:56.427","2026-06-05","2026-06-05 02:33:00",1780981917,"2026-06-09 01:12:07.181","deep"
"Sarah","2026-06-09 01:11:56.427","2026-06-05","2026-06-05 02:34:00",1780981917,"2026-06-09 01:12:07.397","deep"
"Sarah","2026-06-09 01:11:56.427","2026-06-05","2026-06-05 02:35:00",1780981917,"2026-06-09 01:12:07.661","deep"
"Sarah","2026-06-09 01:11:56.427","2026-06-05","2026-06-05 02:36:00",1780981917,"2026-06-09 01:12:07.871","deep"
"Sarah","2026-06-09 01:11:56.427","2026-06-05","2026-06-05 02:37:00",1780981917,"2026-06-09 01:12:08.081","deep"
"Sarah","2026-06-09 01:11:56.427","2026-06-05","2026-06-05 02:38:00",1780981917,"2026-06-09 01:12:08.628","deep"
"Sarah","2026-06-09 01:11:56.427","2026-06-05","2026-06-05 02:39:00",1780981917,"2026-06-09 01:12:08.837","deep"
"Sarah","2026-06-09 01:11:56.427","2026-06-05","2026-06-05 02:40:00",1780981917,"2026-06-09 01:12:09.049","deep"
"Sarah","2026-06-09 01:11:56.427","2026-06-05","2026-06-05 02:41:00",1780981917,"2026-06-09 01:12:09.276","deep"
"Sarah","2026-06-09 01:11:56.427","2026-06-05","2026-06-05 02:42:00",1780981917,"2026-06-09 01:12:09.503","deep"
"Sarah","2026-06-09 01:11:56.427","2026-06-05","2026-06-05 02:43:00",1780981917,"2026-06-09 01:12:09.705","deep"
"Sarah","2026-06-09 01:11:56.427","2026-06-05","2026-06-05 02:44:00",1780981917,"2026-06-09 01:12:09.906","light"
"Sarah","2026-06-09 01:11:56.427","2026-06-05","2026-06-05 02:45:00",1780981917,"2026-06-09 01:12:10.099","light"
"Sarah","2026-06-09 01:11:56.427","2026-06-05","2026-06-05 02:46:00",1780981917,"2026-06-09 01:12:10.283","light"
"Sarah","2026-06-09 01:11:56.427","2026-06-05","2026-06-05 02:47:00",1780981917,"2026-06-09 01:12:10.475","light"
"Sarah","2026-06-09 01:11:56.427","2026-06-05","2026-06-05 02:48:00",1780981917,"2026-06-09 01:12:10.686","light"
"Sarah","2026-06-09 01:11:56.427","2026-06-05","2026-06-05 02:49:00",1780981917,"2026-06-09 01:12:10.942","light"
"Sarah","2026-06-09 01:11:56.427","2026-06-05","2026-06-05 02:50:00",1780981917,"2026-06-09 01:12:11.199","light"
"Sarah","2026-06-09 01:11:56.427","2026-06-05","2026-06-05 02:51:00",1780981917,"2026-06-09 01:12:12.027","light"
"Sarah","2026-06-09 01:11:56.427","2026-06-05","2026-06-05 02:52:00",1780981917,"2026-06-09 01:12:12.228","light"
"Sarah","2026-06-09 01:11:56.427","2026-06-05","2026-06-05 02:53:00",1780981917,"2026-06-09 01:12:12.673","deep"
"Sarah","2026-06-09 01:11:56.427","2026-06-05","2026-06-05 02:54:00",1780981917,"2026-06-09 01:12:13.139","deep"
"Sarah","2026-06-09 01:11:56.427","2026-06-05","2026-06-05 02:55:00",1780981917,"2026-06-09 01:12:13.519","deep"
"Sarah","2026-06-09 01:11:56.427","2026-06-05","2026-06-05 02:56:00",1780981917,"2026-06-09 01:12:13.846","deep"
"Sarah","2026-06-09 01:11:56.427","2026-06-05","2026-06-05 02:57:00",1780981917,"2026-06-09 01:12:14.138","deep"
"Sarah","2026-06-09 01:11:56.427","2026-06-05","2026-06-05 02:58:00",1780981917,"2026-06-09 01:12:14.368","deep"
"Sarah","2026-06-09 01:11:56.427","2026-06-05","2026-06-05 02:59:00",1780981917,"2026-06-09 01:12:14.601","deep"
"Sarah","2026-06-09 01:11:56.427","2026-06-05","2026-06-05 03:00:00",1780981917,"2026-06-09 01:12:14.811","deep"
"Sarah","2026-06-09 01:11:56.427","2026-06-05","2026-06-05 03:01:00",1780981917,"2026-06-09 01:12:15.082","deep"
"Sarah","2026-06-09 01:11:56.427","2026-06-05","2026-06-05 03:02:00",1780981917,"2026-06-09 01:12:15.403","deep"
"Sarah","2026-06-09 01:11:56.427","2026-06-05","2026-06-05 03:03:00",1780981917,"2026-06-09 01:12:15.608","deep"
"Sarah","2026-06-09 01:11:56.427","2026-06-05","2026-06-05 03:04:00",1780981917,"2026-06-09 01:12:15.827","deep"
"Sarah","2026-06-09 01:11:56.427","2026-06-05","2026-06-05 03:05:00",1780981917,"2026-06-09 01:12:16.112","deep"
"Sarah","2026-06-09 01:11:56.427","2026-06-05","2026-06-05 03:06:00",1780981917,"2026-06-09 01:12:16.68","light"
"Sarah","2026-06-09 01:11:56.427","2026-06-05","2026-06-05 03:07:00",1780981917,"2026-06-09 01:12:16.954","light"
"Sarah","2026-06-09 01:11:56.427","2026-06-05","2026-06-05 03:08:00",1780981917,"2026-06-09 01:12:17.181","light"
"Sarah","2026-06-09 01:11:56.427","2026-06-05","2026-06-05 03:09:00",1780981917,"2026-06-09 01:12:17.391","light"
"Sarah","2026-06-09 01:11:56.427","2026-06-05","2026-06-05 03:10:00",1780981917,"2026-06-09 01:12:17.595","light"
"Sarah","2026-06-09 01:11:56.427","2026-06-05","2026-06-05 03:11:00",1780981917,"2026-06-09 01:12:17.783","rem"
"Sarah","2026-06-09 01:11:56.427","2026-06-05","2026-06-05 03:12:00",1780981917,"2026-06-09 01:12:17.98","rem"
"Sarah","2026-06-09 01:11:56.427","2026-06-05","2026-06-05 03:13:00",1780981917,"2026-06-09 01:12:18.16","rem"
"Sarah","2026-06-09 01:11:56.427","2026-06-05","2026-06-05 03:14:00",1780981917,"2026-06-09 01:12:18.362","rem"
"Sarah","2026-06-09 01:11:56.427","2026-06-05","2026-06-05 03:15:00",1780981917,"2026-06-09 01:12:18.559","rem"
"Sarah","2026-06-09 01:11:56.427","2026-06-05","2026-06-05 03:16:00",1780981917,"2026-06-09 01:12:18.761","rem"
"Sarah","2026-06-09 01:11:56.427","2026-06-05","2026-06-05 03:17:00",1780981917,"2026-06-09 01:12:19.061","rem"
"Sarah","2026-06-09 01:11:56.427","2026-06-05","2026-06-05 03:18:00",1780981917,"2026-06-09 01:12:19.252","rem"
"Sarah","2026-06-09 01:11:56.427","2026-06-05","2026-06-05 03:19:00",1780981917,"2026-06-09 01:12:19.44","rem"
"Sarah","2026-06-09 01:11:56.427","2026-06-05","2026-06-05 03:20:00",1780981917,"2026-06-09 01:12:19.688","rem"
"Sarah","2026-06-09 01:11:56.427","2026-06-05","2026-06-05 03:21:00",1780981917,"2026-06-09 01:12:19.876","rem"
"Sarah","2026-06-09 01:11:56.427","2026-06-05","2026-06-05 03:22:00",1780981917,"2026-06-09 01:12:20.064","rem"
"Sarah","2026-06-09 01:11:56.427","2026-06-05","2026-06-05 03:23:00",1780981917,"2026-06-09 01:12:20.263","rem"
"Sarah","2026-06-09 01:11:56.427","2026-06-05","2026-06-05 03:24:00",1780981917,"2026-06-09 01:12:20.453","rem"
"Sarah","2026-06-09 01:11:56.427","2026-06-05","2026-06-05 03:25:00",1780981917,"2026-06-09 01:12:20.653","rem"
"Sarah","2026-06-09 01:11:56.427","2026-06-05","2026-06-05 03:26:00",1780981917,"2026-06-09 01:12:20.862","rem"
"Sarah","2026-06-09 01:11:56.427","2026-06-05","2026-06-05 03:27:00",1780981917,"2026-06-09 01:12:21.259","rem"
"Sarah","2026-06-09 01:11:56.427","2026-06-05","2026-06-05 03:28:00",1780981917,"2026-06-09 01:12:21.468","rem"
"Sarah","2026-06-09 01:11:56.427","2026-06-05","2026-06-05 03:29:00",1780981917,"2026-06-09 01:12:21.677","rem"
"Sarah","2026-06-09 01:11:56.427","2026-06-05","2026-06-05 03:30:00",1780981917,"2026-06-09 01:12:21.896","rem"
"Sarah","2026-06-09 01:11:56.427","2026-06-05","2026-06-05 03:31:00",1780981917,"2026-06-09 01:12:22.105","rem"
"Sarah","2026-06-09 01:11:56.427","2026-06-05","2026-06-05 03:32:00",1780981917,"2026-06-09 01:12:22.292","rem"
"Sarah","2026-06-09 01:11:56.427","2026-06-05","2026-06-05 03:33:00",1780981917,"2026-06-09 01:12:22.522","rem"
"Sarah","2026-06-09 01:11:56.427","2026-06-05","2026-06-05 03:34:00",1780981917,"2026-06-09 01:12:22.847","rem"
"Sarah","2026-06-09 01:11:56.427","2026-06-05","2026-06-05 03:35:00",1780981917,"2026-06-09 01:12:23.03","light"
"Sarah","2026-06-09 01:11:56.427","2026-06-05","2026-06-05 03:36:00",1780981917,"2026-06-09 01:12:23.222","light"
"Sarah","2026-06-09 01:11:56.427","2026-06-05","2026-06-05 03:37:00",1780981917,"2026-06-09 01:12:23.398","light"
"Sarah","2026-06-09 01:11:56.427","2026-06-05","2026-06-05 03:38:00",1780981917,"2026-06-09 01:12:23.588","light"
"Sarah","2026-06-09 01:11:56.427","2026-06-05","2026-06-05 03:39:00",1780981917,"2026-06-09 01:12:23.799","light"
"Sarah","2026-06-09 01:11:56.427","2026-06-05","2026-06-05 03:40:00",1780981917,"2026-06-09 01:12:24.023","light"
"Sarah","2026-06-09 01:11:56.427","2026-06-05","2026-06-05 03:41:00",1780981917,"2026-06-09 01:12:24.205","light"
"Sarah","2026-06-09 01:11:56.427","2026-06-05","2026-06-05 03:42:00",1780981917,"2026-06-09 01:12:24.457","light"
"Sarah","2026-06-09 01:11:56.427","2026-06-05","2026-06-05 03:43:00",1780981917,"2026-06-09 01:12:24.659","light"
"Sarah","2026-06-09 01:11:56.427","2026-06-05","2026-06-05 03:44:00",1780981917,"2026-06-09 01:12:24.859","light"
"Sarah","2026-06-09 01:11:56.427","2026-06-05","2026-06-05 03:45:00",1780981917,"2026-06-09 01:12:25.046","light"
"Sarah","2026-06-09 01:11:56.427","2026-06-05","2026-06-05 03:46:00",1780981917,"2026-06-09 01:12:25.239","light"
"Sarah","2026-06-09 01:11:56.427","2026-06-05","2026-06-05 03:47:00",1780981917,"2026-06-09 01:12:25.614","light"
"Sarah","2026-06-09 01:11:56.427","2026-06-05","2026-06-05 03:48:00",1780981917,"2026-06-09 01:12:25.783","light"
"Sarah","2026-06-09 01:11:56.427","2026-06-05","2026-06-05 03:49:00",1780981917,"2026-06-09 01:12:26.206","light"
"Sarah","2026-06-09 01:11:56.427","2026-06-05","2026-06-05 03:50:00",1780981917,"2026-06-09 01:12:26.403","light"
"Sarah","2026-06-09 01:11:56.427","2026-06-05","2026-06-05 03:51:00",1780981917,"2026-06-09 01:12:26.716","light"
"Sarah","2026-06-09 01:11:56.427","2026-06-05","2026-06-05 03:52:00",1780981917,"2026-06-09 01:12:26.928","deep"
"Sarah","2026-06-09 01:11:56.427","2026-06-05","2026-06-05 03:53:00",1780981917,"2026-06-09 01:12:27.113","deep"
"Sarah","2026-06-09 01:11:56.427","2026-06-05","2026-06-05 03:54:00",1780981917,"2026-06-09 01:12:27.282","deep"
"Sarah","2026-06-09 01:11:56.427","2026-06-05","2026-06-05 03:55:00",1780981917,"2026-06-09 01:12:27.474","deep"
"Sarah","2026-06-09 01:11:56.427","2026-06-05","2026-06-05 03:56:00",1780981917,"2026-06-09 01:12:27.671","deep"
"Sarah","2026-06-09 01:11:56.427","2026-06-05","2026-06-05 03:57:00",1780981917,"2026-06-09 01:12:27.972","deep"
"Sarah","2026-06-09 01:11:56.427","2026-06-05","2026-06-05 03:58:00",1780981917,"2026-06-09 01:12:28.165","deep"
"Sarah","2026-06-09 01:11:56.427","2026-06-05","2026-06-05 03:59:00",1780981917,"2026-06-09 01:12:28.357","deep"
"Sarah","2026-06-09 01:11:56.427","2026-06-05","2026-06-05 04:00:00",1780981917,"2026-06-09 01:12:28.531","deep"
"Sarah","2026-06-09 01:11:56.427","2026-06-05","2026-06-05 04:01:00",1780981917,"2026-06-09 01:12:28.724","deep"
"Sarah","2026-06-09 01:11:56.427","2026-06-05","2026-06-05 04:02:00",1780981917,"2026-06-09 01:12:28.91","deep"
"Sarah","2026-06-09 01:11:56.427","2026-06-05","2026-06-05 04:03:00",1780981917,"2026-06-09 01:12:29.09","deep"
"Sarah","2026-06-09 01:11:56.427","2026-06-05","2026-06-05 04:04:00",1780981917,"2026-06-09 01:12:29.28","deep"
"Sarah","2026-06-09 01:11:56.427","2026-06-05","2026-06-05 04:05:00",1780981917,"2026-06-09 01:12:29.457","deep"
"Sarah","2026-06-09 01:11:56.427","2026-06-05","2026-06-05 04:06:00",1780981917,"2026-06-09 01:12:29.643","deep"
"Sarah","2026-06-09 01:11:56.427","2026-06-05","2026-06-05 04:07:00",1780981917,"2026-06-09 01:12:29.841","deep"
"Sarah","2026-06-09 01:11:56.427","2026-06-05","2026-06-05 04:08:00",1780981917,"2026-06-09 01:12:30.057","deep"
"Sarah","2026-06-09 01:11:56.427","2026-06-05","2026-06-05 04:09:00",1780981917,"2026-06-09 01:12:30.276","deep"
"Sarah","2026-06-09 01:11:56.427","2026-06-05","2026-06-05 04:10:00",1780981917,"2026-06-09 01:12:30.749","deep"
"Sarah","2026-06-09 01:11:56.427","2026-06-05","2026-06-05 04:11:00",1780981917,"2026-06-09 01:12:30.924","deep"
"Sarah","2026-06-09 01:11:56.427","2026-06-05","2026-06-05 04:12:00",1780981917,"2026-06-09 01:12:31.104","deep"
"Sarah","2026-06-09 01:11:56.427","2026-06-05","2026-06-05 04:13:00",1780981917,"2026-06-09 01:12:31.288","deep"
"Sarah","2026-06-09 01:11:56.427","2026-06-05","2026-06-05 04:14:00",1780981917,"2026-06-09 01:12:31.488","deep"
"Sarah","2026-06-09 01:11:56.427","2026-06-05","2026-06-05 04:15:00",1780981917,"2026-06-09 01:12:31.71","deep"
"Sarah","2026-06-09 01:11:56.427","2026-06-05","2026-06-05 04:16:00",1780981917,"2026-06-09 01:12:31.875","deep"
"Sarah","2026-06-09 01:11:56.427","2026-06-05","2026-06-05 04:17:00",1780981917,"2026-06-09 01:12:32.045","deep"
"Sarah","2026-06-09 01:11:56.427","2026-06-05","2026-06-05 04:18:00",1780981917,"2026-06-09 01:12:32.228","deep"
"Sarah","2026-06-09 01:11:56.427","2026-06-05","2026-06-05 04:19:00",1780981917,"2026-06-09 01:12:32.407","deep"
"Sarah","2026-06-09 01:11:56.427","2026-06-05","2026-06-05 04:20:00",1780981917,"2026-06-09 01:12:32.588","deep"
"Sarah","2026-06-09 01:11:56.427","2026-06-05","2026-06-05 04:21:00",1780981917,"2026-06-09 01:12:32.803","deep"
"Sarah","2026-06-09 01:11:56.427","2026-06-05","2026-06-05 04:22:00",1780981917,"2026-06-09 01:12:32.992","light"
"Sarah","2026-06-09 01:11:56.427","2026-06-05","2026-06-05 04:23:00",1780981917,"2026-06-09 01:12:33.187","light"
"Sarah","2026-06-09 01:11:56.427","2026-06-05","2026-06-05 04:24:00",1780981917,"2026-06-09 01:12:33.349","light"
"Sarah","2026-06-09 01:11:56.427","2026-06-05","2026-06-05 04:25:00",1780981917,"2026-06-09 01:12:33.533","light"
"Sarah","2026-06-09 01:11:56.427","2026-06-05","2026-06-05 04:26:00",1780981917,"2026-06-09 01:12:33.725","light"
"Sarah","2026-06-09 01:11:56.427","2026-06-05","2026-06-05 04:27:00",1780981917,"2026-06-09 01:12:34.116","light"
"Sarah","2026-06-09 01:11:56.427","2026-06-05","2026-06-05 04:28:00",1780981917,"2026-06-09 01:12:34.32","light"
"Sarah","2026-06-09 01:11:56.427","2026-06-05","2026-06-05 04:29:00",1780981917,"2026-06-09 01:12:34.514","light"
"Sarah","2026-06-09 01:11:56.427","2026-06-05","2026-06-05 04:30:00",1780981917,"2026-06-09 01:12:34.689","light"
"Sarah","2026-06-09 01:11:56.427","2026-06-05","2026-06-05 04:31:00",1780981917,"2026-06-09 01:12:34.872","light"
"Sarah","2026-06-09 01:11:56.427","2026-06-05","2026-06-05 04:32:00",1780981917,"2026-06-09 01:12:35.044","light"
"Sarah","2026-06-09 01:11:56.427","2026-06-05","2026-06-05 04:33:00",1780981917,"2026-06-09 01:12:35.22","light"
"Sarah","2026-06-09 01:11:56.427","2026-06-05","2026-06-05 04:34:00",1780981917,"2026-06-09 01:12:35.404","light"
"Sarah","2026-06-09 01:11:56.427","2026-06-05","2026-06-05 04:35:00",1780981917,"2026-06-09 01:12:35.596","light"
"Sarah","2026-06-09 01:11:56.427","2026-06-05","2026-06-05 04:36:00",1780981917,"2026-06-09 01:12:35.773","light"
"Sarah","2026-06-09 01:11:56.427","2026-06-05","2026-06-05 04:37:00",1780981917,"2026-06-09 01:12:35.965","light"
"Sarah","2026-06-09 01:11:56.427","2026-06-05","2026-06-05 04:38:00",1780981917,"2026-06-09 01:12:36.152","light"
"Sarah","2026-06-09 01:11:56.427","2026-06-05","2026-06-05 04:39:00",1780981917,"2026-06-09 01:12:37.177","light"
"Sarah","2026-06-09 01:11:56.427","2026-06-05","2026-06-05 04:40:00",1780981917,"2026-06-09 01:12:37.363","light"
"Sarah","2026-06-09 01:11:56.427","2026-06-05","2026-06-05 04:41:00",1780981917,"2026-06-09 01:12:37.562","light"
"Sarah","2026-06-09 01:11:56.427","2026-06-05","2026-06-05 04:42:00",1780981917,"2026-06-09 01:12:37.784","light"
"Sarah","2026-06-09 01:11:56.427","2026-06-05","2026-06-05 04:43:00",1780981917,"2026-06-09 01:12:37.999","light"
"Sarah","2026-06-09 01:11:56.427","2026-06-05","2026-06-05 04:44:00",1780981917,"2026-06-09 01:12:38.172","light"
"Sarah","2026-06-09 01:11:56.427","2026-06-05","2026-06-05 04:45:00",1780981917,"2026-06-09 01:12:38.367","light"
"Sarah","2026-06-09 01:11:56.427","2026-06-05","2026-06-05 04:46:00",1780981917,"2026-06-09 01:12:38.56","light"
"Sarah","2026-06-09 01:11:56.427","2026-06-05","2026-06-05 04:47:00",1780981917,"2026-06-09 01:12:38.741","light"
"Sarah","2026-06-09 01:11:56.427","2026-06-05","2026-06-05 04:48:00",1780981917,"2026-06-09 01:12:38.924","light"
"Sarah","2026-06-09 01:11:56.427","2026-06-05","2026-06-05 04:49:00",1780981917,"2026-06-09 01:12:39.094","deep"
"Sarah","2026-06-09 01:11:56.427","2026-06-05","2026-06-05 04:50:00",1780981917,"2026-06-09 01:12:39.284","deep"
"Sarah","2026-06-09 01:11:56.427","2026-06-05","2026-06-05 04:51:00",1780981917,"2026-06-09 01:12:39.498","deep"
"Sarah","2026-06-09 01:11:56.427","2026-06-05","2026-06-05 04:52:00",1780981917,"2026-06-09 01:12:39.7","deep"
"Sarah","2026-06-09 01:11:56.427","2026-06-05","2026-06-05 04:53:00",1780981917,"2026-06-09 01:12:39.901","light"
"Sarah","2026-06-09 01:11:56.427","2026-06-05","2026-06-05 04:54:00",1780981917,"2026-06-09 01:12:40.085","light"
"Sarah","2026-06-09 01:11:56.427","2026-06-05","2026-06-05 04:55:00",1780981917,"2026-06-09 01:12:40.293","light"
"Sarah","2026-06-09 01:11:56.427","2026-06-05","2026-06-05 04:56:00",1780981917,"2026-06-09 01:12:40.496","light"
"Sarah","2026-06-09 01:11:56.427","2026-06-05","2026-06-05 04:57:00",1780981917,"2026-06-09 01:12:40.709","light"
"Sarah","2026-06-09 01:11:56.427","2026-06-05","2026-06-05 04:58:00",1780981917,"2026-06-09 01:12:40.899","light"
"Sarah","2026-06-09 01:11:56.427","2026-06-05","2026-06-05 04:59:00",1780981917,"2026-06-09 01:12:41.322","light"
"Sarah","2026-06-09 01:11:56.427","2026-06-05","2026-06-05 05:00:00",1780981917,"2026-06-09 01:12:41.515","light"
"Sarah","2026-06-09 01:11:56.427","2026-06-05","2026-06-05 05:01:00",1780981917,"2026-06-09 01:12:41.704","light"
"Sarah","2026-06-09 01:11:56.427","2026-06-05","2026-06-05 05:02:00",1780981917,"2026-06-09 01:12:41.906","light"
"Sarah","2026-06-09 01:11:56.427","2026-06-05","2026-06-05 05:03:00",1780981917,"2026-06-09 01:12:42.1","light"
"Sarah","2026-06-09 01:11:56.427","2026-06-05","2026-06-05 05:04:00",1780981917,"2026-06-09 01:12:42.291","light"
"Sarah","2026-06-09 01:11:56.427","2026-06-05","2026-06-05 05:05:00",1780981917,"2026-06-09 01:12:42.572","light"
"Sarah","2026-06-09 01:11:56.427","2026-06-05","2026-06-05 05:06:00",1780981917,"2026-06-09 01:12:42.806","light"
"Sarah","2026-06-09 01:11:56.427","2026-06-05","2026-06-05 05:07:00",1780981917,"2026-06-09 01:12:43.024","light"
"Sarah","2026-06-09 01:11:56.427","2026-06-05","2026-06-05 05:08:00",1780981917,"2026-06-09 01:12:43.244","light"
"Sarah","2026-06-09 01:11:56.427","2026-06-05","2026-06-05 05:09:00",1780981917,"2026-06-09 01:12:43.462","light"
"Sarah","2026-06-09 01:11:56.427","2026-06-05","2026-06-05 05:10:00",1780981917,"2026-06-09 01:12:43.681","light"
"Sarah","2026-06-09 01:11:56.427","2026-06-05","2026-06-05 05:11:00",1780981917,"2026-06-09 01:12:43.885","light"
"Sarah","2026-06-09 01:11:56.427","2026-06-05","2026-06-05 05:12:00",1780981917,"2026-06-09 01:12:44.062","light"
"Sarah","2026-06-09 01:11:56.427","2026-06-05","2026-06-05 05:13:00",1780981917,"2026-06-09 01:12:44.24","light"
"Sarah","2026-06-09 01:11:56.427","2026-06-05","2026-06-05 05:14:00",1780981917,"2026-06-09 01:12:44.422","light"
"Sarah","2026-06-09 01:11:56.427","2026-06-05","2026-06-05 05:15:00",1780981917,"2026-06-09 01:12:44.605","light"
"Sarah","2026-06-09 01:11:56.427","2026-06-05","2026-06-05 05:16:00",1780981917,"2026-06-09 01:12:44.781","light"
"Sarah","2026-06-09 01:11:56.427","2026-06-05","2026-06-05 05:17:00",1780981917,"2026-06-09 01:12:44.971","light"
"Sarah","2026-06-09 01:11:56.427","2026-06-05","2026-06-05 05:18:00",1780981917,"2026-06-09 01:12:45.174","rem"
"Sarah","2026-06-09 01:11:56.427","2026-06-05","2026-06-05 05:19:00",1780981917,"2026-06-09 01:12:45.368","rem"
"Sarah","2026-06-09 01:11:56.427","2026-06-05","2026-06-05 05:20:00",1780981917,"2026-06-09 01:12:45.544","rem"
"Sarah","2026-06-09 01:11:56.427","2026-06-05","2026-06-05 05:21:00",1780981917,"2026-06-09 01:12:45.755","rem"
"Sarah","2026-06-09 01:11:56.427","2026-06-05","2026-06-05 05:22:00",1780981917,"2026-06-09 01:12:45.967","rem"
"Sarah","2026-06-09 01:11:56.427","2026-06-05","2026-06-05 05:23:00",1780981917,"2026-06-09 01:12:47.007","rem"
"Sarah","2026-06-09 01:11:56.427","2026-06-05","2026-06-05 05:24:00",1780981917,"2026-06-09 01:12:47.41","rem"
"Sarah","2026-06-09 01:11:56.427","2026-06-05","2026-06-05 05:25:00",1780981917,"2026-06-09 01:12:47.615","rem"
"Sarah","2026-06-09 01:11:56.427","2026-06-05","2026-06-05 05:26:00",1780981917,"2026-06-09 01:12:47.802","rem"
"Sarah","2026-06-09 01:11:56.427","2026-06-05","2026-06-05 05:27:00",1780981917,"2026-06-09 01:12:48.185","rem"
"Sarah","2026-06-09 01:11:56.427","2026-06-05","2026-06-05 05:28:00",1780981917,"2026-06-09 01:12:48.37","rem"
"Sarah","2026-06-09 01:11:56.427","2026-06-05","2026-06-05 05:29:00",1780981917,"2026-06-09 01:12:48.548","rem"
"Sarah","2026-06-09 01:11:56.427","2026-06-05","2026-06-05 05:30:00",1780981917,"2026-06-09 01:12:48.983","rem"
"Sarah","2026-06-09 01:11:56.427","2026-06-05","2026-06-05 05:31:00",1780981917,"2026-06-09 01:12:49.161","rem"
"Sarah","2026-06-09 01:11:56.427","2026-06-05","2026-06-05 05:32:00",1780981917,"2026-06-09 01:12:49.352","rem"
"Sarah","2026-06-09 01:11:56.427","2026-06-05","2026-06-05 05:33:00",1780981917,"2026-06-09 01:12:49.532","rem"
"Sarah","2026-06-09 01:11:56.427","2026-06-05","2026-06-05 05:34:00",1780981917,"2026-06-09 01:12:49.716","rem"
"Sarah","2026-06-09 01:11:56.427","2026-06-05","2026-06-05 05:35:00",1780981917,"2026-06-09 01:12:49.894","rem"
"Sarah","2026-06-09 01:11:56.427","2026-06-05","2026-06-05 05:36:00",1780981917,"2026-06-09 01:12:50.096","rem"
"Sarah","2026-06-09 01:11:56.427","2026-06-05","2026-06-05 05:37:00",1780981917,"2026-06-09 01:12:50.289","rem"
"Sarah","2026-06-09 01:11:56.427","2026-06-05","2026-06-05 05:38:00",1780981917,"2026-06-09 01:12:50.48","rem"
"Sarah","2026-06-09 01:11:56.427","2026-06-05","2026-06-05 05:39:00",1780981917,"2026-06-09 01:12:50.66","rem"
"Sarah","2026-06-09 01:11:56.427","2026-06-05","2026-06-05 05:40:00",1780981917,"2026-06-09 01:12:51.001","rem"
"Sarah","2026-06-09 01:11:56.427","2026-06-05","2026-06-05 05:41:00",1780981917,"2026-06-09 01:12:51.177","rem"
"Sarah","2026-06-09 01:11:56.427","2026-06-05","2026-06-05 05:42:00",1780981917,"2026-06-09 01:12:51.349","rem"
"Sarah","2026-06-09 01:11:56.427","2026-06-05","2026-06-05 05:43:00",1780981917,"2026-06-09 01:12:51.522","rem"
"Sarah","2026-06-09 01:11:56.427","2026-06-05","2026-06-05 05:44:00",1780981917,"2026-06-09 01:12:51.697","rem"
"Sarah","2026-06-09 01:11:56.427","2026-06-05","2026-06-05 05:45:00",1780981917,"2026-06-09 01:12:51.892","rem"
"Sarah","2026-06-09 01:11:56.427","2026-06-05","2026-06-05 05:46:00",1780981917,"2026-06-09 01:12:52.093","rem"
"Sarah","2026-06-09 01:11:56.427","2026-06-05","2026-06-05 05:47:00",1780981917,"2026-06-09 01:12:52.268","rem"
"Sarah","2026-06-09 01:11:56.427","2026-06-05","2026-06-05 05:48:00",1780981917,"2026-06-09 01:12:52.455","rem"
"Sarah","2026-06-09 01:11:56.427","2026-06-05","2026-06-05 05:49:00",1780981917,"2026-06-09 01:12:52.623","rem"
"Sarah","2026-06-09 01:11:56.427","2026-06-05","2026-06-05 05:50:00",1780981917,"2026-06-09 01:12:52.81","rem"
"Sarah","2026-06-09 01:11:56.427","2026-06-05","2026-06-05 05:51:00",1780981917,"2026-06-09 01:12:53.019","light"
"Sarah","2026-06-09 01:11:56.427","2026-06-05","2026-06-05 05:52:00",1780981917,"2026-06-09 01:12:53.208","light"
"Sarah","2026-06-09 01:11:56.427","2026-06-05","2026-06-05 05:53:00",1780981917,"2026-06-09 01:12:53.384","light"
"Sarah","2026-06-09 01:11:56.427","2026-06-05","2026-06-05 05:54:00",1780981917,"2026-06-09 01:12:53.944","light"
"Sarah","2026-06-09 01:11:56.427","2026-06-05","2026-06-05 05:55:00",1780981917,"2026-06-09 01:12:54.134","light"
"Sarah","2026-06-09 01:11:56.427","2026-06-05","2026-06-05 05:56:00",1780981917,"2026-06-09 01:12:54.319","light"
"Sarah","2026-06-09 01:11:56.427","2026-06-05","2026-06-05 05:57:00",1780981917,"2026-06-09 01:12:54.496","light"
"Sarah","2026-06-09 01:11:56.427","2026-06-05","2026-06-05 05:58:00",1780981917,"2026-06-09 01:12:54.669","light"
"Sarah","2026-06-09 01:11:56.427","2026-06-05","2026-06-05 05:59:00",1780981917,"2026-06-09 01:12:54.878","light"
"Sarah","2026-06-09 01:11:56.427","2026-06-05","2026-06-05 06:00:00",1780981917,"2026-06-09 01:12:55.072","light"
"Sarah","2026-06-09 01:11:56.427","2026-06-05","2026-06-05 06:01:00",1780981917,"2026-06-09 01:12:55.271","light"
"Sarah","2026-06-09 01:11:56.427","2026-06-05","2026-06-05 06:02:00",1780981917,"2026-06-09 01:12:55.457","light"
"Sarah","2026-06-09 01:11:56.427","2026-06-05","2026-06-05 06:03:00",1780981917,"2026-06-09 01:12:55.643","light"
"Sarah","2026-06-09 01:11:56.427","2026-06-05","2026-06-05 06:04:00",1780981917,"2026-06-09 01:12:55.807","light"
"Sarah","2026-06-09 01:11:56.427","2026-06-05","2026-06-05 06:05:00",1780981917,"2026-06-09 01:12:56.106","light"
"Sarah","2026-06-09 01:11:56.427","2026-06-05","2026-06-05 06:06:00",1780981917,"2026-06-09 01:12:56.314","light"
"Sarah","2026-06-09 01:11:56.427","2026-06-05","2026-06-05 06:07:00",1780981917,"2026-06-09 01:12:56.504","light"
"Sarah","2026-06-09 01:11:56.427","2026-06-05","2026-06-05 06:08:00",1780981917,"2026-06-09 01:12:56.7","light"
"Sarah","2026-06-09 01:11:56.427","2026-06-05","2026-06-05 06:09:00",1780981917,"2026-06-09 01:12:56.878","light"
"Sarah","2026-06-09 01:11:56.427","2026-06-05","2026-06-05 06:10:00",1780981917,"2026-06-09 01:12:57.087","light"
"Sarah","2026-06-09 01:11:56.427","2026-06-05","2026-06-05 06:11:00",1780981917,"2026-06-09 01:12:57.301","light"
"Sarah","2026-06-09 01:11:56.427","2026-06-05","2026-06-05 06:12:00",1780981917,"2026-06-09 01:12:58.045","light"
"Sarah","2026-06-09 01:11:56.427","2026-06-05","2026-06-05 06:13:00",1780981917,"2026-06-09 01:12:58.221","light"
"Sarah","2026-06-09 01:11:56.427","2026-06-05","2026-06-05 06:14:00",1780981917,"2026-06-09 01:12:58.39","light"
"Sarah","2026-06-09 01:11:56.427","2026-06-05","2026-06-05 06:15:00",1780981917,"2026-06-09 01:12:58.613","light"
"Sarah","2026-06-09 01:11:56.427","2026-06-05","2026-06-05 06:16:00",1780981917,"2026-06-09 01:12:58.787","light"
"Sarah","2026-06-09 01:11:56.427","2026-06-05","2026-06-05 06:17:00",1780981917,"2026-06-09 01:12:58.969","light"
"Sarah","2026-06-09 01:11:56.427","2026-06-05","2026-06-05 06:18:00",1780981917,"2026-06-09 01:12:59.154","light"
"Sarah","2026-06-09 01:11:56.427","2026-06-05","2026-06-05 06:19:00",1780981917,"2026-06-09 01:12:59.329","light"
"Sarah","2026-06-09 01:11:56.427","2026-06-05","2026-06-05 06:20:00",1780981917,"2026-06-09 01:12:59.528","light"
"Sarah","2026-06-09 01:11:56.427","2026-06-05","2026-06-05 06:21:00",1780981917,"2026-06-09 01:12:59.715","light"
"Sarah","2026-06-09 01:11:56.427","2026-06-05","2026-06-05 06:22:00",1780981917,"2026-06-09 01:12:59.907","light"
"Sarah","2026-06-09 01:11:56.427","2026-06-05","2026-06-05 06:23:00",1780981917,"2026-06-09 01:13:00.101","light"
"Sarah","2026-06-09 01:16:34.794","2026-06-06","2026-06-06 03:30:00",1780982195,"2026-06-09 01:16:37.908","wake"
"Sarah","2026-06-09 01:16:34.794","2026-06-06","2026-06-06 03:31:00",1780982195,"2026-06-09 01:16:38.444","wake"
"Sarah","2026-06-09 01:16:34.794","2026-06-06","2026-06-06 03:32:00",1780982195,"2026-06-09 01:16:38.722","wake"
"Sarah","2026-06-09 01:16:34.794","2026-06-06","2026-06-06 03:33:00",1780982195,"2026-06-09 01:16:38.975","wake"
"Sarah","2026-06-09 01:16:34.794","2026-06-06","2026-06-06 03:34:00",1780982195,"2026-06-09 01:16:39.266","wake"
"Sarah","2026-06-09 01:16:34.794","2026-06-06","2026-06-06 03:35:00",1780982195,"2026-06-09 01:16:39.532","light"
"Sarah","2026-06-09 01:16:34.794","2026-06-06","2026-06-06 03:36:00",1780982195,"2026-06-09 01:16:39.823","light"
"Sarah","2026-06-09 01:16:34.794","2026-06-06","2026-06-06 03:37:00",1780982195,"2026-06-09 01:16:40.083","light"
"Sarah","2026-06-09 01:16:34.794","2026-06-06","2026-06-06 03:38:00",1780982195,"2026-06-09 01:16:40.346","light"
"Sarah","2026-06-09 01:16:34.794","2026-06-06","2026-06-06 03:39:00",1780982195,"2026-06-09 01:16:40.627","light"
"Sarah","2026-06-09 01:16:34.794","2026-06-06","2026-06-06 03:40:00",1780982195,"2026-06-09 01:16:40.91","light"
"Sarah","2026-06-09 01:16:34.794","2026-06-06","2026-06-06 03:41:00",1780982195,"2026-06-09 01:16:41.238","light"
"Sarah","2026-06-09 01:16:34.794","2026-06-06","2026-06-06 03:42:00",1780982195,"2026-06-09 01:16:41.48","light"
"Sarah","2026-06-09 01:16:34.794","2026-06-06","2026-06-06 03:43:00",1780982195,"2026-06-09 01:16:41.748","light"
"Sarah","2026-06-09 01:16:34.794","2026-06-06","2026-06-06 03:44:00",1780982195,"2026-06-09 01:16:41.992","light"
"Sarah","2026-06-09 01:16:34.794","2026-06-06","2026-06-06 03:45:00",1780982195,"2026-06-09 01:16:42.497","light"
"Sarah","2026-06-09 01:16:34.794","2026-06-06","2026-06-06 03:46:00",1780982195,"2026-06-09 01:16:42.747","light"
"Sarah","2026-06-09 01:16:34.794","2026-06-06","2026-06-06 03:47:00",1780982195,"2026-06-09 01:16:43.003","light"
"Sarah","2026-06-09 01:16:34.794","2026-06-06","2026-06-06 03:48:00",1780982195,"2026-06-09 01:16:43.389","light"
"Sarah","2026-06-09 01:16:34.794","2026-06-06","2026-06-06 03:49:00",1780982195,"2026-06-09 01:16:43.61","deep"
"Sarah","2026-06-09 01:16:34.794","2026-06-06","2026-06-06 03:50:00",1780982195,"2026-06-09 01:16:43.885","deep"
"Sarah","2026-06-09 01:16:34.794","2026-06-06","2026-06-06 03:51:00",1780982195,"2026-06-09 01:16:44.149","deep"
"Sarah","2026-06-09 01:16:34.794","2026-06-06","2026-06-06 03:52:00",1780982195,"2026-06-09 01:16:44.457","deep"
"Sarah","2026-06-09 01:16:34.794","2026-06-06","2026-06-06 03:53:00",1780982195,"2026-06-09 01:16:44.724","deep"
"Sarah","2026-06-09 01:16:34.794","2026-06-06","2026-06-06 03:54:00",1780982195,"2026-06-09 01:16:45.016","deep"
"Sarah","2026-06-09 01:16:34.794","2026-06-06","2026-06-06 03:55:00",1780982195,"2026-06-09 01:16:45.311","deep"
"Sarah","2026-06-09 01:16:34.794","2026-06-06","2026-06-06 03:56:00",1780982195,"2026-06-09 01:16:45.684","deep"
"Sarah","2026-06-09 01:16:34.794","2026-06-06","2026-06-06 03:57:00",1780982195,"2026-06-09 01:16:45.96","deep"
"Sarah","2026-06-09 01:16:34.794","2026-06-06","2026-06-06 03:58:00",1780982195,"2026-06-09 01:16:46.423","deep"
"Sarah","2026-06-09 01:16:34.794","2026-06-06","2026-06-06 03:59:00",1780982195,"2026-06-09 01:16:46.715","deep"
"Sarah","2026-06-09 01:16:34.794","2026-06-06","2026-06-06 04:00:00",1780982195,"2026-06-09 01:16:46.983","deep"
"Sarah","2026-06-09 01:16:34.794","2026-06-06","2026-06-06 04:01:00",1780982195,"2026-06-09 01:16:47.251","deep"
"Sarah","2026-06-09 01:16:34.794","2026-06-06","2026-06-06 04:02:00",1780982195,"2026-06-09 01:16:47.516","deep"
"Sarah","2026-06-09 01:16:34.794","2026-06-06","2026-06-06 04:03:00",1780982195,"2026-06-09 01:16:47.801","deep"
"Sarah","2026-06-09 01:16:34.794","2026-06-06","2026-06-06 04:04:00",1780982195,"2026-06-09 01:16:48.679","deep"
"Sarah","2026-06-09 01:16:34.794","2026-06-06","2026-06-06 04:05:00",1780982195,"2026-06-09 01:16:48.919","deep"
"Sarah","2026-06-09 01:16:34.794","2026-06-06","2026-06-06 04:06:00",1780982195,"2026-06-09 01:16:49.164","deep"
"Sarah","2026-06-09 01:16:34.794","2026-06-06","2026-06-06 04:07:00",1780982195,"2026-06-09 01:16:49.416","deep"
"Sarah","2026-06-09 01:16:34.794","2026-06-06","2026-06-06 04:08:00",1780982195,"2026-06-09 01:16:49.782","deep"
"Sarah","2026-06-09 01:16:34.794","2026-06-06","2026-06-06 04:09:00",1780982195,"2026-06-09 01:16:50.055","deep"
"Sarah","2026-06-09 01:16:34.794","2026-06-06","2026-06-06 04:10:00",1780982195,"2026-06-09 01:16:50.364","deep"
"Sarah","2026-06-09 01:16:34.794","2026-06-06","2026-06-06 04:11:00",1780982195,"2026-06-09 01:16:50.638","deep"
"Sarah","2026-06-09 01:16:34.794","2026-06-06","2026-06-06 04:12:00",1780982195,"2026-06-09 01:16:50.91","deep"
"Sarah","2026-06-09 01:16:34.794","2026-06-06","2026-06-06 04:13:00",1780982195,"2026-06-09 01:16:51.162","deep"
"Sarah","2026-06-09 01:16:34.794","2026-06-06","2026-06-06 04:14:00",1780982195,"2026-06-09 01:16:51.495","deep"
"Sarah","2026-06-09 01:16:34.794","2026-06-06","2026-06-06 04:15:00",1780982195,"2026-06-09 01:16:51.834","deep"
"Sarah","2026-06-09 01:16:34.794","2026-06-06","2026-06-06 04:16:00",1780982195,"2026-06-09 01:16:52.129","deep"
"Sarah","2026-06-09 01:16:34.794","2026-06-06","2026-06-06 04:17:00",1780982195,"2026-06-09 01:16:52.449","deep"
"Sarah","2026-06-09 01:16:34.794","2026-06-06","2026-06-06 04:18:00",1780982195,"2026-06-09 01:16:52.719","deep"
"Sarah","2026-06-09 01:16:34.794","2026-06-06","2026-06-06 04:19:00",1780982195,"2026-06-09 01:16:52.962","light"
"Sarah","2026-06-09 01:16:34.794","2026-06-06","2026-06-06 04:20:00",1780982195,"2026-06-09 01:16:53.204","light"
"Sarah","2026-06-09 01:16:34.794","2026-06-06","2026-06-06 04:21:00",1780982195,"2026-06-09 01:16:53.509","light"
"Sarah","2026-06-09 01:16:34.794","2026-06-06","2026-06-06 04:22:00",1780982195,"2026-06-09 01:16:53.774","light"
"Sarah","2026-06-09 01:16:34.794","2026-06-06","2026-06-06 04:23:00",1780982195,"2026-06-09 01:16:54.031","light"
"Sarah","2026-06-09 01:16:34.794","2026-06-06","2026-06-06 04:24:00",1780982195,"2026-06-09 01:16:54.317","rem"
"Sarah","2026-06-09 01:16:34.794","2026-06-06","2026-06-06 04:25:00",1780982195,"2026-06-09 01:16:54.61","rem"
"Sarah","2026-06-09 01:16:34.794","2026-06-06","2026-06-06 04:26:00",1780982195,"2026-06-09 01:16:54.899","rem"
"Sarah","2026-06-09 01:16:34.794","2026-06-06","2026-06-06 04:27:00",1780982195,"2026-06-09 01:16:55.197","rem"
"Sarah","2026-06-09 01:16:34.794","2026-06-06","2026-06-06 04:28:00",1780982195,"2026-06-09 01:16:55.624","rem"
"Sarah","2026-06-09 01:16:34.794","2026-06-06","2026-06-06 04:29:00",1780982195,"2026-06-09 01:16:55.915","rem"
"Sarah","2026-06-09 01:16:34.794","2026-06-06","2026-06-06 04:30:00",1780982195,"2026-06-09 01:16:56.211","rem"
"Sarah","2026-06-09 01:16:34.794","2026-06-06","2026-06-06 04:31:00",1780982195,"2026-06-09 01:16:56.481","rem"
"Sarah","2026-06-09 01:16:34.794","2026-06-06","2026-06-06 04:32:00",1780982195,"2026-06-09 01:16:56.783","rem"
"Sarah","2026-06-09 01:16:34.794","2026-06-06","2026-06-06 04:33:00",1780982195,"2026-06-09 01:16:57.133","rem"
"Sarah","2026-06-09 01:16:34.794","2026-06-06","2026-06-06 04:34:00",1780982195,"2026-06-09 01:16:57.401","rem"
"Sarah","2026-06-09 01:16:34.794","2026-06-06","2026-06-06 04:35:00",1780982195,"2026-06-09 01:16:57.992","rem"
"Sarah","2026-06-09 01:16:34.794","2026-06-06","2026-06-06 04:36:00",1780982195,"2026-06-09 01:16:58.255","rem"
"Sarah","2026-06-09 01:16:34.794","2026-06-06","2026-06-06 04:37:00",1780982195,"2026-06-09 01:16:58.53","rem"
"Sarah","2026-06-09 01:16:34.794","2026-06-06","2026-06-06 04:38:00",1780982195,"2026-06-09 01:16:59.053","rem"
"Sarah","2026-06-09 01:16:34.794","2026-06-06","2026-06-06 04:39:00",1780982195,"2026-06-09 01:16:59.543","rem"
"Sarah","2026-06-09 01:16:34.794","2026-06-06","2026-06-06 04:40:00",1780982195,"2026-06-09 01:16:59.81","rem"
"Sarah","2026-06-09 01:16:34.794","2026-06-06","2026-06-06 04:41:00",1780982195,"2026-06-09 01:17:00.075","rem"
"Sarah","2026-06-09 01:16:34.794","2026-06-06","2026-06-06 04:42:00",1780982195,"2026-06-09 01:17:00.332","rem"
"Sarah","2026-06-09 01:16:34.794","2026-06-06","2026-06-06 04:43:00",1780982195,"2026-06-09 01:17:00.597","rem"
"Sarah","2026-06-09 01:16:34.794","2026-06-06","2026-06-06 04:44:00",1780982195,"2026-06-09 01:17:00.918","rem"
"Sarah","2026-06-09 01:16:34.794","2026-06-06","2026-06-06 04:45:00",1780982195,"2026-06-09 01:17:01.173","rem"
"Sarah","2026-06-09 01:16:34.794","2026-06-06","2026-06-06 04:46:00",1780982195,"2026-06-09 01:17:01.451","rem"
"Sarah","2026-06-09 01:16:34.794","2026-06-06","2026-06-06 04:47:00",1780982195,"2026-06-09 01:17:01.691","rem"
"Sarah","2026-06-09 01:16:34.794","2026-06-06","2026-06-06 04:48:00",1780982195,"2026-06-09 01:17:01.977","rem"
"Sarah","2026-06-09 01:16:34.794","2026-06-06","2026-06-06 04:49:00",1780982195,"2026-06-09 01:17:02.256","rem"
"Sarah","2026-06-09 01:16:34.794","2026-06-06","2026-06-06 04:50:00",1780982195,"2026-06-09 01:17:02.499","rem"
"Sarah","2026-06-09 01:16:34.794","2026-06-06","2026-06-06 04:51:00",1780982195,"2026-06-09 01:17:02.751","rem"
"Sarah","2026-06-09 01:16:34.794","2026-06-06","2026-06-06 04:52:00",1780982195,"2026-06-09 01:17:03.017","light"
"Sarah","2026-06-09 01:16:34.794","2026-06-06","2026-06-06 04:53:00",1780982195,"2026-06-09 01:17:03.292","light"
"Sarah","2026-06-09 01:16:34.794","2026-06-06","2026-06-06 04:54:00",1780982195,"2026-06-09 01:17:03.575","light"
"Sarah","2026-06-09 01:16:34.794","2026-06-06","2026-06-06 04:55:00",1780982195,"2026-06-09 01:17:03.818","light"
"Sarah","2026-06-09 01:16:34.794","2026-06-06","2026-06-06 04:56:00",1780982195,"2026-06-09 01:17:04.076","light"
"Sarah","2026-06-09 01:16:34.794","2026-06-06","2026-06-06 04:57:00",1780982195,"2026-06-09 01:17:04.417","light"
"Sarah","2026-06-09 01:16:34.794","2026-06-06","2026-06-06 04:58:00",1780982195,"2026-06-09 01:17:04.672","light"
"Sarah","2026-06-09 01:16:34.794","2026-06-06","2026-06-06 04:59:00",1780982195,"2026-06-09 01:17:04.967","light"
"Sarah","2026-06-09 01:16:34.794","2026-06-06","2026-06-06 05:00:00",1780982195,"2026-06-09 01:17:05.327","light"
"Sarah","2026-06-09 01:16:34.794","2026-06-06","2026-06-06 05:01:00",1780982195,"2026-06-09 01:17:05.59","light"
"Sarah","2026-06-09 01:16:34.794","2026-06-06","2026-06-06 05:02:00",1780982195,"2026-06-09 01:17:05.87","light"
"Sarah","2026-06-09 01:16:34.794","2026-06-06","2026-06-06 05:03:00",1780982195,"2026-06-09 01:17:06.295","light"
"Sarah","2026-06-09 01:16:34.794","2026-06-06","2026-06-06 05:04:00",1780982195,"2026-06-09 01:17:06.611","light"
"Sarah","2026-06-09 01:16:34.794","2026-06-06","2026-06-06 05:05:00",1780982195,"2026-06-09 01:17:06.936","light"
"Sarah","2026-06-09 01:16:34.794","2026-06-06","2026-06-06 05:06:00",1780982195,"2026-06-09 01:17:07.241","light"
"Sarah","2026-06-09 01:16:34.794","2026-06-06","2026-06-06 05:07:00",1780982195,"2026-06-09 01:17:07.536","light"
"Sarah","2026-06-09 01:16:34.794","2026-06-06","2026-06-06 05:08:00",1780982195,"2026-06-09 01:17:07.827","light"
"Sarah","2026-06-09 01:16:34.794","2026-06-06","2026-06-06 05:09:00",1780982195,"2026-06-09 01:17:08.158","light"
"Sarah","2026-06-09 01:16:34.794","2026-06-06","2026-06-06 05:10:00",1780982195,"2026-06-09 01:17:08.492","light"
"Sarah","2026-06-09 01:16:34.794","2026-06-06","2026-06-06 05:11:00",1780982195,"2026-06-09 01:17:08.741","light"
"Sarah","2026-06-09 01:16:34.794","2026-06-06","2026-06-06 05:12:00",1780982195,"2026-06-09 01:17:09.014","light"
"Sarah","2026-06-09 01:16:34.794","2026-06-06","2026-06-06 05:13:00",1780982195,"2026-06-09 01:17:09.303","light"
"Sarah","2026-06-09 01:16:34.794","2026-06-06","2026-06-06 05:14:00",1780982195,"2026-06-09 01:17:09.604","light"
"Sarah","2026-06-09 01:16:34.794","2026-06-06","2026-06-06 05:15:00",1780982195,"2026-06-09 01:17:09.861","light"
"Sarah","2026-06-09 01:16:34.794","2026-06-06","2026-06-06 05:16:00",1780982195,"2026-06-09 01:17:10.139","light"
"Sarah","2026-06-09 01:16:34.794","2026-06-06","2026-06-06 05:17:00",1780982195,"2026-06-09 01:17:10.864","light"
"Sarah","2026-06-09 01:16:34.794","2026-06-06","2026-06-06 05:18:00",1780982195,"2026-06-09 01:17:11.115","light"
"Sarah","2026-06-09 01:16:34.794","2026-06-06","2026-06-06 05:19:00",1780982195,"2026-06-09 01:17:11.472","light"
"Sarah","2026-06-09 01:16:34.794","2026-06-06","2026-06-06 05:20:00",1780982195,"2026-06-09 01:17:11.74","light"
"Sarah","2026-06-09 01:16:34.794","2026-06-06","2026-06-06 05:21:00",1780982195,"2026-06-09 01:17:11.99","light"
"Sarah","2026-06-09 01:16:34.794","2026-06-06","2026-06-06 05:22:00",1780982195,"2026-06-09 01:17:12.28","light"
"Sarah","2026-06-09 01:16:34.794","2026-06-06","2026-06-06 05:23:00",1780982195,"2026-06-09 01:17:12.517","light"
"Sarah","2026-06-09 01:16:34.794","2026-06-06","2026-06-06 05:24:00",1780982195,"2026-06-09 01:17:12.762","light"
"Sarah","2026-06-09 01:16:34.794","2026-06-06","2026-06-06 05:25:00",1780982195,"2026-06-09 01:17:13.021","light"
"Sarah","2026-06-09 01:16:34.794","2026-06-06","2026-06-06 05:26:00",1780982195,"2026-06-09 01:17:13.287","light"
"Sarah","2026-06-09 01:16:34.794","2026-06-06","2026-06-06 05:27:00",1780982195,"2026-06-09 01:17:13.566","deep"
"Sarah","2026-06-09 01:16:34.794","2026-06-06","2026-06-06 05:28:00",1780982195,"2026-06-09 01:17:13.825","deep"
"Sarah","2026-06-09 01:16:34.794","2026-06-06","2026-06-06 05:29:00",1780982195,"2026-06-09 01:17:14.097","deep"
"Sarah","2026-06-09 01:16:34.794","2026-06-06","2026-06-06 05:30:00",1780982195,"2026-06-09 01:17:14.403","deep"
"Sarah","2026-06-09 01:16:34.794","2026-06-06","2026-06-06 05:31:00",1780982195,"2026-06-09 01:17:14.645","deep"
"Sarah","2026-06-09 01:16:34.794","2026-06-06","2026-06-06 05:32:00",1780982195,"2026-06-09 01:17:14.93","deep"
"Sarah","2026-06-09 01:16:34.794","2026-06-06","2026-06-06 05:33:00",1780982195,"2026-06-09 01:17:15.277","deep"
"Sarah","2026-06-09 01:16:34.794","2026-06-06","2026-06-06 05:34:00",1780982195,"2026-06-09 01:17:15.529","deep"
"Sarah","2026-06-09 01:16:34.794","2026-06-06","2026-06-06 05:35:00",1780982195,"2026-06-09 01:17:15.785","deep"
"Sarah","2026-06-09 01:16:34.794","2026-06-06","2026-06-06 05:36:00",1780982195,"2026-06-09 01:17:16.09","deep"
"Sarah","2026-06-09 01:16:34.794","2026-06-06","2026-06-06 05:37:00",1780982195,"2026-06-09 01:17:16.385","deep"
"Sarah","2026-06-09 01:16:34.794","2026-06-06","2026-06-06 05:38:00",1780982195,"2026-06-09 01:17:16.639","deep"
"Sarah","2026-06-09 01:16:34.794","2026-06-06","2026-06-06 05:39:00",1780982195,"2026-06-09 01:17:17.03","deep"
"Sarah","2026-06-09 01:16:34.794","2026-06-06","2026-06-06 05:40:00",1780982195,"2026-06-09 01:17:17.308","deep"
"Sarah","2026-06-09 01:16:34.794","2026-06-06","2026-06-06 05:41:00",1780982195,"2026-06-09 01:17:17.577","deep"
"Sarah","2026-06-09 01:16:34.794","2026-06-06","2026-06-06 05:42:00",1780982195,"2026-06-09 01:17:17.844","deep"
"Sarah","2026-06-09 01:16:34.794","2026-06-06","2026-06-06 05:43:00",1780982195,"2026-06-09 01:17:18.109","deep"
"Sarah","2026-06-09 01:16:34.794","2026-06-06","2026-06-06 05:44:00",1780982195,"2026-06-09 01:17:18.39","deep"
"Sarah","2026-06-09 01:16:34.794","2026-06-06","2026-06-06 05:45:00",1780982195,"2026-06-09 01:17:18.646","deep"
"Sarah","2026-06-09 01:16:34.794","2026-06-06","2026-06-06 05:46:00",1780982195,"2026-06-09 01:17:18.91","deep"
"Sarah","2026-06-09 01:16:34.794","2026-06-06","2026-06-06 05:47:00",1780982195,"2026-06-09 01:17:19.169","deep"
"Sarah","2026-06-09 01:16:34.794","2026-06-06","2026-06-06 05:48:00",1780982195,"2026-06-09 01:17:19.526","deep"
"Sarah","2026-06-09 01:16:34.794","2026-06-06","2026-06-06 05:49:00",1780982195,"2026-06-09 01:17:19.794","deep"
"Sarah","2026-06-09 01:16:34.794","2026-06-06","2026-06-06 05:50:00",1780982195,"2026-06-09 01:17:20.083","deep"
"Sarah","2026-06-09 01:16:34.794","2026-06-06","2026-06-06 05:51:00",1780982195,"2026-06-09 01:17:20.326","deep"
"Sarah","2026-06-09 01:16:34.794","2026-06-06","2026-06-06 05:52:00",1780982195,"2026-06-09 01:17:20.571","deep"
"Sarah","2026-06-09 01:16:34.794","2026-06-06","2026-06-06 05:53:00",1780982195,"2026-06-09 01:17:20.854","deep"
"Sarah","2026-06-09 01:16:34.794","2026-06-06","2026-06-06 05:54:00",1780982195,"2026-06-09 01:17:21.098","deep"
"Sarah","2026-06-09 01:16:34.794","2026-06-06","2026-06-06 05:55:00",1780982195,"2026-06-09 01:17:21.387","deep"
"Sarah","2026-06-09 01:16:34.794","2026-06-06","2026-06-06 05:56:00",1780982195,"2026-06-09 01:17:21.657","deep"
"Sarah","2026-06-09 01:16:34.794","2026-06-06","2026-06-06 05:57:00",1780982195,"2026-06-09 01:17:21.951","deep"
"Sarah","2026-06-09 01:16:34.794","2026-06-06","2026-06-06 05:58:00",1780982195,"2026-06-09 01:17:22.208","deep"
"Sarah","2026-06-09 01:16:34.794","2026-06-06","2026-06-06 05:59:00",1780982195,"2026-06-09 01:17:22.466","deep"
"Sarah","2026-06-09 01:16:34.794","2026-06-06","2026-06-06 06:00:00",1780982195,"2026-06-09 01:17:22.866","deep"
"Sarah","2026-06-09 01:16:34.794","2026-06-06","2026-06-06 06:01:00",1780982195,"2026-06-09 01:17:23.248","deep"
"Sarah","2026-06-09 01:16:34.794","2026-06-06","2026-06-06 06:02:00",1780982195,"2026-06-09 01:17:23.524","deep"
"Sarah","2026-06-09 01:16:34.794","2026-06-06","2026-06-06 06:03:00",1780982195,"2026-06-09 01:17:23.815","deep"
"Sarah","2026-06-09 01:16:34.794","2026-06-06","2026-06-06 06:04:00",1780982195,"2026-06-09 01:17:24.082","deep"
"Sarah","2026-06-09 01:16:34.794","2026-06-06","2026-06-06 06:05:00",1780982195,"2026-06-09 01:17:24.361","deep"
"Sarah","2026-06-09 01:16:34.794","2026-06-06","2026-06-06 06:06:00",1780982195,"2026-06-09 01:17:24.635","light"
"Sarah","2026-06-09 01:16:34.794","2026-06-06","2026-06-06 06:07:00",1780982195,"2026-06-09 01:17:24.887","rem"
"Sarah","2026-06-09 01:16:34.794","2026-06-06","2026-06-06 06:08:00",1780982195,"2026-06-09 01:17:25.159","rem"
"Sarah","2026-06-09 01:16:34.794","2026-06-06","2026-06-06 06:09:00",1780982195,"2026-06-09 01:17:25.558","rem"
"Sarah","2026-06-09 01:16:34.794","2026-06-06","2026-06-06 06:10:00",1780982195,"2026-06-09 01:17:25.813","rem"
"Sarah","2026-06-09 01:16:34.794","2026-06-06","2026-06-06 06:11:00",1780982195,"2026-06-09 01:17:26.066","rem"
"Sarah","2026-06-09 01:16:34.794","2026-06-06","2026-06-06 06:12:00",1780982195,"2026-06-09 01:17:26.328","rem"
"Sarah","2026-06-09 01:16:34.794","2026-06-06","2026-06-06 06:13:00",1780982195,"2026-06-09 01:17:26.628","rem"
"Sarah","2026-06-09 01:16:34.794","2026-06-06","2026-06-06 06:14:00",1780982195,"2026-06-09 01:17:26.897","rem"
"Sarah","2026-06-09 01:16:34.794","2026-06-06","2026-06-06 06:15:00",1780982195,"2026-06-09 01:17:27.261","rem"
"Sarah","2026-06-09 01:16:34.794","2026-06-06","2026-06-06 06:16:00",1780982195,"2026-06-09 01:17:27.548","rem"
"Sarah","2026-06-09 01:16:34.794","2026-06-06","2026-06-06 06:17:00",1780982195,"2026-06-09 01:17:27.825","rem"
"Sarah","2026-06-09 01:16:34.794","2026-06-06","2026-06-06 06:18:00",1780982195,"2026-06-09 01:17:28.101","rem"
"Sarah","2026-06-09 01:16:34.794","2026-06-06","2026-06-06 06:19:00",1780982195,"2026-06-09 01:17:28.581","rem"
"Sarah","2026-06-09 01:16:34.794","2026-06-06","2026-06-06 06:20:00",1780982195,"2026-06-09 01:17:28.838","rem"
"Sarah","2026-06-09 01:16:34.794","2026-06-06","2026-06-06 06:21:00",1780982195,"2026-06-09 01:17:29.091","rem"
"Sarah","2026-06-09 01:16:34.794","2026-06-06","2026-06-06 06:22:00",1780982195,"2026-06-09 01:17:29.341","rem"
"Sarah","2026-06-09 01:16:34.794","2026-06-06","2026-06-06 06:23:00",1780982195,"2026-06-09 01:17:29.635","rem"
"Sarah","2026-06-09 01:16:34.794","2026-06-06","2026-06-06 06:24:00",1780982195,"2026-06-09 01:17:29.9","rem"
"Sarah","2026-06-09 01:16:34.794","2026-06-06","2026-06-06 06:25:00",1780982195,"2026-06-09 01:17:30.195","rem"
"Sarah","2026-06-09 01:16:34.794","2026-06-06","2026-06-06 06:26:00",1780982195,"2026-06-09 01:17:30.491","rem"
"Sarah","2026-06-09 01:16:34.794","2026-06-06","2026-06-06 06:27:00",1780982195,"2026-06-09 01:17:30.846","rem"
"Sarah","2026-06-09 01:16:34.794","2026-06-06","2026-06-06 06:28:00",1780982195,"2026-06-09 01:17:31.111","rem"
"Sarah","2026-06-09 01:16:34.794","2026-06-06","2026-06-06 06:29:00",1780982195,"2026-06-09 01:17:31.377","rem"
"Sarah","2026-06-09 01:16:34.794","2026-06-06","2026-06-06 06:30:00",1780982195,"2026-06-09 01:17:31.635","rem"
"Sarah","2026-06-09 01:16:34.794","2026-06-06","2026-06-06 06:31:00",1780982195,"2026-06-09 01:17:31.874","rem"
"Sarah","2026-06-09 01:16:34.794","2026-06-06","2026-06-06 06:32:00",1780982195,"2026-06-09 01:17:32.116","rem"
"Sarah","2026-06-09 01:16:34.794","2026-06-06","2026-06-06 06:33:00",1780982195,"2026-06-09 01:17:32.365","rem"
"Sarah","2026-06-09 01:16:34.794","2026-06-06","2026-06-06 06:34:00",1780982195,"2026-06-09 01:17:32.796","rem"
"Sarah","2026-06-09 01:16:34.794","2026-06-06","2026-06-06 06:35:00",1780982195,"2026-06-09 01:17:33.048","rem"
"Sarah","2026-06-09 01:16:34.794","2026-06-06","2026-06-06 06:36:00",1780982195,"2026-06-09 01:17:33.307","rem"
"Sarah","2026-06-09 01:16:34.794","2026-06-06","2026-06-06 06:37:00",1780982195,"2026-06-09 01:17:33.543","rem"
"Sarah","2026-06-09 01:16:34.794","2026-06-06","2026-06-06 06:38:00",1780982195,"2026-06-09 01:17:33.783","rem"
"Sarah","2026-06-09 01:16:34.794","2026-06-06","2026-06-06 06:39:00",1780982195,"2026-06-09 01:17:34.015","rem"
"Sarah","2026-06-09 01:16:34.794","2026-06-06","2026-06-06 06:40:00",1780982195,"2026-06-09 01:17:34.321","rem"
"Sarah","2026-06-09 01:16:34.794","2026-06-06","2026-06-06 06:41:00",1780982195,"2026-06-09 01:17:34.577","rem"
"Sarah","2026-06-09 01:16:34.794","2026-06-06","2026-06-06 06:42:00",1780982195,"2026-06-09 01:17:35.147","rem"
"Sarah","2026-06-09 01:16:34.794","2026-06-06","2026-06-06 06:43:00",1780982195,"2026-06-09 01:17:35.409","rem"
"Sarah","2026-06-09 01:16:34.794","2026-06-06","2026-06-06 06:44:00",1780982195,"2026-06-09 01:17:35.677","rem"
"Sarah","2026-06-09 01:16:34.794","2026-06-06","2026-06-06 06:45:00",1780982195,"2026-06-09 01:17:35.939","rem"
"Sarah","2026-06-09 01:16:34.794","2026-06-06","2026-06-06 06:46:00",1780982195,"2026-06-09 01:17:36.248","rem"
"Sarah","2026-06-09 01:16:34.794","2026-06-06","2026-06-06 06:47:00",1780982195,"2026-06-09 01:17:36.521","rem"
"Sarah","2026-06-09 01:16:34.794","2026-06-06","2026-06-06 06:48:00",1780982195,"2026-06-09 01:17:36.733","light"
"Sarah","2026-06-09 01:16:34.794","2026-06-06","2026-06-06 06:49:00",1780982195,"2026-06-09 01:17:36.976","light"
"Sarah","2026-06-09 01:16:34.794","2026-06-06","2026-06-06 06:50:00",1780982195,"2026-06-09 01:17:37.219","light"
"Sarah","2026-06-09 01:16:34.794","2026-06-06","2026-06-06 06:51:00",1780982195,"2026-06-09 01:17:37.467","light"
"Sarah","2026-06-09 01:16:34.794","2026-06-06","2026-06-06 06:52:00",1780982195,"2026-06-09 01:17:37.731","light"
"Sarah","2026-06-09 01:16:34.794","2026-06-06","2026-06-06 06:53:00",1780982195,"2026-06-09 01:17:38.011","light"
"Sarah","2026-06-09 01:16:34.794","2026-06-06","2026-06-06 06:54:00",1780982195,"2026-06-09 01:17:38.304","light"
"Sarah","2026-06-09 01:16:34.794","2026-06-06","2026-06-06 06:55:00",1780982195,"2026-06-09 01:17:38.552","light"
"Sarah","2026-06-09 01:16:34.794","2026-06-06","2026-06-06 06:56:00",1780982195,"2026-06-09 01:17:38.78","light"
"Sarah","2026-06-09 01:16:34.794","2026-06-06","2026-06-06 06:57:00",1780982195,"2026-06-09 01:17:39.024","light"
"Sarah","2026-06-09 01:16:34.794","2026-06-06","2026-06-06 06:58:00",1780982195,"2026-06-09 01:17:39.254","light"
"Sarah","2026-06-09 01:16:34.794","2026-06-06","2026-06-06 06:59:00",1780982195,"2026-06-09 01:17:39.515","light"
"Sarah","2026-06-09 01:16:34.794","2026-06-06","2026-06-06 07:00:00",1780982195,"2026-06-09 01:17:39.792","light"
"Sarah","2026-06-09 01:16:34.794","2026-06-06","2026-06-06 07:01:00",1780982195,"2026-06-09 01:17:40.154","light"
"Sarah","2026-06-09 01:16:34.794","2026-06-06","2026-06-06 07:02:00",1780982195,"2026-06-09 01:17:40.42","light"
"Sarah","2026-06-09 01:16:34.794","2026-06-06","2026-06-06 07:03:00",1780982195,"2026-06-09 01:17:40.686","light"
"Sarah","2026-06-09 01:16:34.794","2026-06-06","2026-06-06 07:04:00",1780982195,"2026-06-09 01:17:40.94","light"
"Sarah","2026-06-09 01:16:34.794","2026-06-06","2026-06-06 07:05:00",1780982195,"2026-06-09 01:17:41.225","light"
"Sarah","2026-06-09 01:16:34.794","2026-06-06","2026-06-06 07:06:00",1780982195,"2026-06-09 01:17:41.499","light"
"Sarah","2026-06-09 01:16:34.794","2026-06-06","2026-06-06 07:07:00",1780982195,"2026-06-09 01:17:41.992","light"
"Sarah","2026-06-09 01:16:34.794","2026-06-06","2026-06-06 07:08:00",1780982195,"2026-06-09 01:17:42.246","light"
"Sarah","2026-06-09 01:16:34.794","2026-06-06","2026-06-06 07:09:00",1780982195,"2026-06-09 01:17:42.519","light"
"Sarah","2026-06-09 01:16:34.794","2026-06-06","2026-06-06 07:10:00",1780982195,"2026-06-09 01:17:42.799","light"
"Sarah","2026-06-09 01:16:34.794","2026-06-06","2026-06-06 07:11:00",1780982195,"2026-06-09 01:17:43.081","light"
"Sarah","2026-06-09 01:16:34.794","2026-06-06","2026-06-06 07:12:00",1780982195,"2026-06-09 01:17:43.351","light"
"Sarah","2026-06-09 01:16:34.794","2026-06-06","2026-06-06 07:13:00",1780982195,"2026-06-09 01:17:43.588","light"
"Sarah","2026-06-09 01:16:34.794","2026-06-06","2026-06-06 07:14:00",1780982195,"2026-06-09 01:17:43.836","light"
"Sarah","2026-06-09 01:16:34.794","2026-06-06","2026-06-06 07:15:00",1780982195,"2026-06-09 01:17:44.122","light"
"Sarah","2026-06-09 01:16:34.794","2026-06-06","2026-06-06 07:16:00",1780982195,"2026-06-09 01:17:44.374","light"
"Sarah","2026-06-09 01:16:34.794","2026-06-06","2026-06-06 07:17:00",1780982195,"2026-06-09 01:17:44.642","light"
"Sarah","2026-06-09 01:16:34.794","2026-06-06","2026-06-06 07:18:00",1780982195,"2026-06-09 01:17:44.928","light"
"Sarah","2026-06-09 01:16:34.794","2026-06-06","2026-06-06 07:19:00",1780982195,"2026-06-09 01:17:45.177","light"
"Sarah","2026-06-09 01:16:34.794","2026-06-06","2026-06-06 07:20:00",1780982195,"2026-06-09 01:17:45.455","light"
"Sarah","2026-06-09 01:16:34.794","2026-06-06","2026-06-06 07:21:00",1780982195,"2026-06-09 01:17:45.704","light"
"Sarah","2026-06-09 01:16:34.794","2026-06-06","2026-06-06 07:22:00",1780982195,"2026-06-09 01:17:45.959","light"
"Sarah","2026-06-09 01:16:34.794","2026-06-06","2026-06-06 07:23:00",1780982195,"2026-06-09 01:17:46.215","light"
"Sarah","2026-06-09 01:16:34.794","2026-06-06","2026-06-06 07:24:00",1780982195,"2026-06-09 01:17:46.459","light"
"Sarah","2026-06-09 01:16:34.794","2026-06-06","2026-06-06 07:25:00",1780982195,"2026-06-09 01:17:46.742","light"
"Sarah","2026-06-09 01:16:34.794","2026-06-06","2026-06-06 07:26:00",1780982195,"2026-06-09 01:17:46.991","light"
"Sarah","2026-06-09 01:16:34.794","2026-06-06","2026-06-06 07:27:00",1780982195,"2026-06-09 01:17:47.236","light"
"Sarah","2026-06-09 01:16:34.794","2026-06-06","2026-06-06 07:28:00",1780982195,"2026-06-09 01:17:47.475","light"
"Sarah","2026-06-09 01:16:34.794","2026-06-06","2026-06-06 07:29:00",1780982195,"2026-06-09 01:17:47.716","light"
"Sarah","2026-06-09 01:16:34.794","2026-06-06","2026-06-06 07:30:00",1780982195,"2026-06-09 01:17:47.994","deep"
"Sarah","2026-06-09 01:16:34.794","2026-06-06","2026-06-06 07:31:00",1780982195,"2026-06-09 01:17:48.235","deep"
"Sarah","2026-06-09 01:16:34.794","2026-06-06","2026-06-06 07:32:00",1780982195,"2026-06-09 01:17:48.972","deep"
"Sarah","2026-06-09 01:16:34.794","2026-06-06","2026-06-06 07:33:00",1780982195,"2026-06-09 01:17:49.316","deep"
"Sarah","2026-06-09 01:16:34.794","2026-06-06","2026-06-06 07:34:00",1780982195,"2026-06-09 01:17:49.565","deep"
"Sarah","2026-06-09 01:16:34.794","2026-06-06","2026-06-06 07:35:00",1780982195,"2026-06-09 01:17:49.838","deep"
"Sarah","2026-06-09 01:16:34.794","2026-06-06","2026-06-06 07:36:00",1780982195,"2026-06-09 01:17:50.096","deep"
"Sarah","2026-06-09 01:16:34.794","2026-06-06","2026-06-06 07:37:00",1780982195,"2026-06-09 01:17:50.346","deep"
"Sarah","2026-06-09 01:16:34.794","2026-06-06","2026-06-06 07:38:00",1780982195,"2026-06-09 01:17:50.585","deep"
"Sarah","2026-06-09 01:16:34.794","2026-06-06","2026-06-06 07:39:00",1780982195,"2026-06-09 01:17:50.831","deep"
"Sarah","2026-06-09 01:16:34.794","2026-06-06","2026-06-06 07:40:00",1780982195,"2026-06-09 01:17:51.093","deep"
"Sarah","2026-06-09 01:16:34.794","2026-06-06","2026-06-06 07:41:00",1780982195,"2026-06-09 01:17:51.334","deep"
"Sarah","2026-06-09 01:16:34.794","2026-06-06","2026-06-06 07:42:00",1780982195,"2026-06-09 01:17:51.577","deep"
"Sarah","2026-06-09 01:16:34.794","2026-06-06","2026-06-06 07:43:00",1780982195,"2026-06-09 01:17:51.835","deep"
"Sarah","2026-06-09 01:16:34.794","2026-06-06","2026-06-06 07:44:00",1780982195,"2026-06-09 01:17:52.089","deep"
"Sarah","2026-06-09 01:16:34.794","2026-06-06","2026-06-06 07:45:00",1780982195,"2026-06-09 01:17:52.353","deep"
"Sarah","2026-06-09 01:16:34.794","2026-06-06","2026-06-06 07:46:00",1780982195,"2026-06-09 01:17:52.609","deep"
"Sarah","2026-06-09 01:16:34.794","2026-06-06","2026-06-06 07:47:00",1780982195,"2026-06-09 01:17:52.869","deep"
"Sarah","2026-06-09 01:16:34.794","2026-06-06","2026-06-06 07:48:00",1780982195,"2026-06-09 01:17:53.118","deep"
"Sarah","2026-06-09 01:16:34.794","2026-06-06","2026-06-06 07:49:00",1780982195,"2026-06-09 01:17:53.381","deep"
"Sarah","2026-06-09 01:16:34.794","2026-06-06","2026-06-06 07:50:00",1780982195,"2026-06-09 01:17:53.704","deep"
"Sarah","2026-06-09 01:16:34.794","2026-06-06","2026-06-06 07:51:00",1780982195,"2026-06-09 01:17:53.944","deep"
"Sarah","2026-06-09 01:16:34.794","2026-06-06","2026-06-06 07:52:00",1780982195,"2026-06-09 01:17:54.206","deep"
"Sarah","2026-06-09 01:16:34.794","2026-06-06","2026-06-06 07:53:00",1780982195,"2026-06-09 01:17:54.459","deep"
"Sarah","2026-06-09 01:16:34.794","2026-06-06","2026-06-06 07:54:00",1780982195,"2026-06-09 01:17:54.712","deep"
"Sarah","2026-06-09 01:16:34.794","2026-06-06","2026-06-06 07:55:00",1780982195,"2026-06-09 01:17:54.967","deep"
"Sarah","2026-06-09 01:16:34.794","2026-06-06","2026-06-06 07:56:00",1780982195,"2026-06-09 01:17:55.246","deep"
"Sarah","2026-06-09 01:16:34.794","2026-06-06","2026-06-06 07:57:00",1780982195,"2026-06-09 01:17:55.512","deep"
"Sarah","2026-06-09 01:16:34.794","2026-06-06","2026-06-06 07:58:00",1780982195,"2026-06-09 01:17:55.755","rem"
"Sarah","2026-06-09 01:16:34.794","2026-06-06","2026-06-06 07:59:00",1780982195,"2026-06-09 01:17:56.263","rem"
"Sarah","2026-06-09 01:16:34.794","2026-06-06","2026-06-06 08:00:00",1780982195,"2026-06-09 01:17:56.525","rem"
"Sarah","2026-06-09 01:16:34.794","2026-06-06","2026-06-06 08:01:00",1780982195,"2026-06-09 01:17:56.808","rem"
"Sarah","2026-06-09 01:16:34.794","2026-06-06","2026-06-06 08:02:00",1780982195,"2026-06-09 01:17:57.092","rem"
"Sarah","2026-06-09 01:16:34.794","2026-06-06","2026-06-06 08:03:00",1780982195,"2026-06-09 01:17:57.358","rem"
"Sarah","2026-06-09 01:16:34.794","2026-06-06","2026-06-06 08:04:00",1780982195,"2026-06-09 01:17:57.702","rem"
"Sarah","2026-06-09 01:16:34.794","2026-06-06","2026-06-06 08:05:00",1780982195,"2026-06-09 01:17:57.944","rem"
"Sarah","2026-06-09 01:16:34.794","2026-06-06","2026-06-06 08:06:00",1780982195,"2026-06-09 01:17:58.191","rem"
"Sarah","2026-06-09 01:16:34.794","2026-06-06","2026-06-06 08:07:00",1780982195,"2026-06-09 01:17:58.45","rem"
"Sarah","2026-06-09 01:16:34.794","2026-06-06","2026-06-06 08:08:00",1780982195,"2026-06-09 01:17:58.709","rem"
"Sarah","2026-06-09 01:16:34.794","2026-06-06","2026-06-06 08:09:00",1780982195,"2026-06-09 01:17:58.979","rem"
"Sarah","2026-06-09 01:16:34.794","2026-06-06","2026-06-06 08:10:00",1780982195,"2026-06-09 01:17:59.255","rem"
"Sarah","2026-06-09 01:16:34.794","2026-06-06","2026-06-06 08:11:00",1780982195,"2026-06-09 01:17:59.521","rem"
"Sarah","2026-06-09 01:16:34.794","2026-06-06","2026-06-06 08:12:00",1780982195,"2026-06-09 01:17:59.843","rem"
"Sarah","2026-06-09 01:16:34.794","2026-06-06","2026-06-06 08:13:00",1780982195,"2026-06-09 01:18:00.11","rem"
"Sarah","2026-06-09 01:16:34.794","2026-06-06","2026-06-06 08:14:00",1780982195,"2026-06-09 01:18:00.415","rem"
"Sarah","2026-06-09 01:16:34.794","2026-06-06","2026-06-06 08:15:00",1780982195,"2026-06-09 01:18:00.699","rem"
"Sarah","2026-06-09 01:16:34.794","2026-06-06","2026-06-06 08:16:00",1780982195,"2026-06-09 01:18:00.95","rem"
"Sarah","2026-06-09 01:16:34.794","2026-06-06","2026-06-06 08:17:00",1780982195,"2026-06-09 01:18:01.232","rem"
"Sarah","2026-06-09 01:16:34.794","2026-06-06","2026-06-06 08:18:00",1780982195,"2026-06-09 01:18:01.456","rem"
"Sarah","2026-06-09 01:16:34.794","2026-06-06","2026-06-06 08:19:00",1780982195,"2026-06-09 01:18:01.717","rem"
"Sarah","2026-06-09 01:16:34.794","2026-06-06","2026-06-06 08:20:00",1780982195,"2026-06-09 01:18:01.973","rem"
"Sarah","2026-06-09 01:16:34.794","2026-06-06","2026-06-06 08:21:00",1780982195,"2026-06-09 01:18:02.226","rem"
"Sarah","2026-06-09 01:16:34.794","2026-06-06","2026-06-06 08:22:00",1780982195,"2026-06-09 01:18:02.48","rem"
"Sarah","2026-06-09 01:16:34.794","2026-06-06","2026-06-06 08:23:00",1780982195,"2026-06-09 01:18:02.763","rem"
"Sarah","2026-06-09 01:16:34.794","2026-06-06","2026-06-06 08:24:00",1780982195,"2026-06-09 01:18:03.02","rem"
"Sarah","2026-06-09 01:16:34.794","2026-06-06","2026-06-06 08:25:00",1780982195,"2026-06-09 01:18:03.303","rem"
"Sarah","2026-06-09 01:16:34.794","2026-06-06","2026-06-06 08:26:00",1780982195,"2026-06-09 01:18:04.302","light"
"Sarah","2026-06-09 01:16:34.794","2026-06-06","2026-06-06 08:27:00",1780982195,"2026-06-09 01:18:04.567","light"
"Sarah","2026-06-09 01:16:34.794","2026-06-06","2026-06-06 08:28:00",1780982195,"2026-06-09 01:18:04.828","light"
"Sarah","2026-06-09 01:16:34.794","2026-06-06","2026-06-06 08:29:00",1780982195,"2026-06-09 01:18:05.08","light"
"Sarah","2026-06-09 01:16:34.794","2026-06-06","2026-06-06 08:30:00",1780982195,"2026-06-09 01:18:05.348","light"
"Sarah","2026-06-09 01:16:34.794","2026-06-06","2026-06-06 08:31:00",1780982195,"2026-06-09 01:18:05.607","light"
"Sarah","2026-06-09 01:16:34.794","2026-06-06","2026-06-06 08:32:00",1780982195,"2026-06-09 01:18:06.154","light"
"Sarah","2026-06-09 01:16:34.794","2026-06-06","2026-06-06 08:33:00",1780982195,"2026-06-09 01:18:06.405","light"
"Sarah","2026-06-09 01:16:34.794","2026-06-06","2026-06-06 08:34:00",1780982195,"2026-06-09 01:18:06.693","light"
"Sarah","2026-06-09 01:16:34.794","2026-06-06","2026-06-06 08:35:00",1780982195,"2026-06-09 01:18:06.94","light"
"Sarah","2026-06-09 01:16:34.794","2026-06-06","2026-06-06 08:36:00",1780982195,"2026-06-09 01:18:07.212","light"
"Sarah","2026-06-09 01:16:34.794","2026-06-06","2026-06-06 08:37:00",1780982195,"2026-06-09 01:18:07.501","light"
"Sarah","2026-06-09 01:16:34.794","2026-06-06","2026-06-06 08:38:00",1780982195,"2026-06-09 01:18:07.796","light"
"Sarah","2026-06-09 01:16:34.794","2026-06-06","2026-06-06 08:39:00",1780982195,"2026-06-09 01:18:08.063","light"
"Sarah","2026-06-09 01:16:34.794","2026-06-06","2026-06-06 08:40:00",1780982195,"2026-06-09 01:18:08.336","light"
"Sarah","2026-06-09 01:16:34.794","2026-06-06","2026-06-06 08:41:00",1780982195,"2026-06-09 01:18:09.068","light"
"Sarah","2026-06-09 01:16:34.794","2026-06-06","2026-06-06 08:42:00",1780982195,"2026-06-09 01:18:09.371","light"
"Sarah","2026-06-09 01:16:34.794","2026-06-06","2026-06-06 08:43:00",1780982195,"2026-06-09 01:18:09.64","light"
"Sarah","2026-06-09 01:16:34.794","2026-06-06","2026-06-06 08:44:00",1780982195,"2026-06-09 01:18:09.892","light"
"Sarah","2026-06-09 01:16:34.794","2026-06-06","2026-06-06 08:45:00",1780982195,"2026-06-09 01:18:10.158","light"
"Sarah","2026-06-09 01:16:34.794","2026-06-06","2026-06-06 08:46:00",1780982195,"2026-06-09 01:18:10.424","light"
"Sarah","2026-06-09 01:16:34.794","2026-06-06","2026-06-06 08:47:00",1780982195,"2026-06-09 01:18:10.703","light"
"Sarah","2026-06-09 01:16:34.794","2026-06-06","2026-06-06 08:48:00",1780982195,"2026-06-09 01:18:11.035","light"
"Sarah","2026-06-09 01:16:34.794","2026-06-06","2026-06-06 08:49:00",1780982195,"2026-06-09 01:18:11.298","light"
"Sarah","2026-06-09 01:16:34.794","2026-06-06","2026-06-06 08:50:00",1780982195,"2026-06-09 01:18:11.543","light"
"Sarah","2026-06-09 01:16:34.794","2026-06-06","2026-06-06 08:51:00",1780982195,"2026-06-09 01:18:12.303","light"
"Sarah","2026-06-09 01:16:34.794","2026-06-06","2026-06-06 08:52:00",1780982195,"2026-06-09 01:18:12.606","light"
"Sarah","2026-06-09 01:16:34.794","2026-06-06","2026-06-06 08:53:00",1780982195,"2026-06-09 01:18:12.899","light"
"Sarah","2026-06-09 01:16:34.794","2026-06-06","2026-06-06 08:54:00",1780982195,"2026-06-09 01:18:13.153","light"
"Sarah","2026-06-09 01:16:34.794","2026-06-06","2026-06-06 08:55:00",1780982195,"2026-06-09 01:18:13.436","light"
"Sarah","2026-06-09 01:16:34.794","2026-06-06","2026-06-06 08:56:00",1780982195,"2026-06-09 01:18:14.066","light"
"Sarah","2026-06-09 01:16:34.794","2026-06-06","2026-06-06 08:57:00",1780982195,"2026-06-09 01:18:14.382","light"
"Sarah","2026-06-09 01:16:34.794","2026-06-06","2026-06-06 08:58:00",1780982195,"2026-06-09 01:18:14.696","light"
"Sarah","2026-06-09 01:16:34.794","2026-06-06","2026-06-06 08:59:00",1780982195,"2026-06-09 01:18:14.963","light"
"Sarah","2026-06-09 01:16:34.794","2026-06-06","2026-06-06 09:00:00",1780982195,"2026-06-09 01:18:15.267","light"
"Sarah","2026-06-09 01:16:34.794","2026-06-06","2026-06-06 09:01:00",1780982195,"2026-06-09 01:18:15.572","deep"
"Sarah","2026-06-09 01:16:34.794","2026-06-06","2026-06-06 09:02:00",1780982195,"2026-06-09 01:18:15.88","deep"
"Sarah","2026-06-09 01:16:34.794","2026-06-06","2026-06-06 09:03:00",1780982195,"2026-06-09 01:18:16.137","light"
"Sarah","2026-06-09 01:16:34.794","2026-06-06","2026-06-06 09:04:00",1780982195,"2026-06-09 01:18:16.421","light"
"Sarah","2026-06-09 01:16:34.794","2026-06-06","2026-06-06 09:05:00",1780982195,"2026-06-09 01:18:16.71","light"
"Sarah","2026-06-09 01:16:34.794","2026-06-06","2026-06-06 09:06:00",1780982195,"2026-06-09 01:18:16.985","light"
"Sarah","2026-06-09 01:16:34.794","2026-06-06","2026-06-06 09:07:00",1780982195,"2026-06-09 01:18:17.229","light"
"Sarah","2026-06-09 01:16:34.794","2026-06-06","2026-06-06 09:08:00",1780982195,"2026-06-09 01:18:17.464","light"
"Sarah","2026-06-09 01:16:34.794","2026-06-06","2026-06-06 09:09:00",1780982195,"2026-06-09 01:18:17.733","light"
"Sarah","2026-06-09 01:16:34.794","2026-06-06","2026-06-06 09:10:00",1780982195,"2026-06-09 01:18:18.044","light"
"Sarah","2026-06-09 01:16:34.794","2026-06-06","2026-06-06 09:11:00",1780982195,"2026-06-09 01:18:18.273","rem"
"Sarah","2026-06-09 01:16:34.794","2026-06-06","2026-06-06 09:12:00",1780982195,"2026-06-09 01:18:18.557","rem"
"Sarah","2026-06-09 01:16:34.794","2026-06-06","2026-06-06 09:13:00",1780982195,"2026-06-09 01:18:18.82","rem"
"Sarah","2026-06-09 01:16:34.794","2026-06-06","2026-06-06 09:14:00",1780982195,"2026-06-09 01:18:19.075","rem"
"Sarah","2026-06-09 01:16:34.794","2026-06-06","2026-06-06 09:15:00",1780982195,"2026-06-09 01:18:19.37","rem"
"Sarah","2026-06-09 01:16:34.794","2026-06-06","2026-06-06 09:16:00",1780982195,"2026-06-09 01:18:19.63","rem"
"Sarah","2026-06-09 01:16:34.794","2026-06-06","2026-06-06 09:17:00",1780982195,"2026-06-09 01:18:19.883","rem"
"Sarah","2026-06-09 01:16:34.794","2026-06-06","2026-06-06 09:18:00",1780982195,"2026-06-09 01:18:20.126","rem"
"Sarah","2026-06-09 01:16:34.794","2026-06-06","2026-06-06 09:19:00",1780982195,"2026-06-09 01:18:20.356","rem"
"Sarah","2026-06-09 01:16:34.794","2026-06-06","2026-06-06 09:20:00",1780982195,"2026-06-09 01:18:20.645","rem"
"Sarah","2026-06-09 01:16:34.794","2026-06-06","2026-06-06 09:21:00",1780982195,"2026-06-09 01:18:20.922","rem"
"Sarah","2026-06-09 01:16:34.794","2026-06-06","2026-06-06 09:22:00",1780982195,"2026-06-09 01:18:21.142","rem"
"Sarah","2026-06-09 01:16:34.794","2026-06-06","2026-06-06 09:23:00",1780982195,"2026-06-09 01:18:21.43","rem"
"Sarah","2026-06-09 01:16:34.794","2026-06-06","2026-06-06 09:24:00",1780982195,"2026-06-09 01:18:21.69","rem"
"Sarah","2026-06-09 01:16:34.794","2026-06-06","2026-06-06 09:25:00",1780982195,"2026-06-09 01:18:22.09","rem"
"Sarah","2026-06-09 01:16:34.794","2026-06-06","2026-06-06 09:26:00",1780982195,"2026-06-09 01:18:22.35","rem"
"Sarah","2026-06-09 01:16:34.794","2026-06-06","2026-06-06 09:27:00",1780982195,"2026-06-09 01:18:22.705","rem"
"Sarah","2026-06-09 01:16:34.794","2026-06-06","2026-06-06 09:28:00",1780982195,"2026-06-09 01:18:22.971","rem"
"Sarah","2026-06-09 01:16:34.794","2026-06-06","2026-06-06 09:29:00",1780982195,"2026-06-09 01:18:23.302","rem"
"Sarah","2026-06-09 01:16:34.794","2026-06-06","2026-06-06 09:30:00",1780982195,"2026-06-09 01:18:23.546","rem"
"Sarah","2026-06-09 01:16:34.794","2026-06-06","2026-06-06 09:31:00",1780982195,"2026-06-09 01:18:23.829","rem"
"Sarah","2026-06-09 01:16:34.794","2026-06-06","2026-06-06 09:32:00",1780982195,"2026-06-09 01:18:24.106","rem"
"Sarah","2026-06-09 01:16:34.794","2026-06-06","2026-06-06 09:33:00",1780982195,"2026-06-09 01:18:24.438","rem"
"Sarah","2026-06-09 01:16:34.794","2026-06-06","2026-06-06 09:34:00",1780982195,"2026-06-09 01:18:24.706","rem"
"Sarah","2026-06-09 01:16:34.794","2026-06-06","2026-06-06 09:35:00",1780982195,"2026-06-09 01:18:24.974","rem"
"Sarah","2026-06-09 01:16:34.794","2026-06-06","2026-06-06 09:36:00",1780982195,"2026-06-09 01:18:25.229","rem"
"Sarah","2026-06-09 01:16:34.794","2026-06-06","2026-06-06 09:37:00",1780982195,"2026-06-09 01:18:25.494","rem"
"Sarah","2026-06-09 01:16:34.794","2026-06-06","2026-06-06 09:38:00",1780982195,"2026-06-09 01:18:25.796","rem"
"Sarah","2026-06-09 01:16:34.794","2026-06-06","2026-06-06 09:39:00",1780982195,"2026-06-09 01:18:26.299","rem"
"Sarah","2026-06-09 01:16:34.794","2026-06-06","2026-06-06 09:40:00",1780982195,"2026-06-09 01:18:26.591","rem"
"Sarah","2026-06-09 01:16:34.794","2026-06-06","2026-06-06 09:41:00",1780982195,"2026-06-09 01:18:26.829","rem"
"Sarah","2026-06-09 01:16:34.794","2026-06-06","2026-06-06 09:42:00",1780982195,"2026-06-09 01:18:27.092","rem"
"Sarah","2026-06-09 01:16:34.794","2026-06-06","2026-06-06 09:43:00",1780982195,"2026-06-09 01:18:27.337","rem"
"Sarah","2026-06-09 01:16:34.794","2026-06-06","2026-06-06 09:44:00",1780982195,"2026-06-09 01:18:27.605","rem"
"Sarah","2026-06-09 01:16:34.794","2026-06-06","2026-06-06 09:45:00",1780982195,"2026-06-09 01:18:27.868","rem"
"Sarah","2026-06-09 01:16:34.794","2026-06-06","2026-06-06 09:46:00",1780982195,"2026-06-09 01:18:28.163","rem"
"Sarah","2026-06-09 01:16:34.794","2026-06-06","2026-06-06 09:47:00",1780982195,"2026-06-09 01:18:28.486","rem"
"Sarah","2026-06-09 01:16:34.794","2026-06-06","2026-06-06 09:48:00",1780982195,"2026-06-09 01:18:28.749","rem"
"Sarah","2026-06-09 01:16:34.794","2026-06-06","2026-06-06 09:49:00",1780982195,"2026-06-09 01:18:29","rem"
"Sarah","2026-06-09 01:16:34.794","2026-06-06","2026-06-06 09:50:00",1780982195,"2026-06-09 01:18:29.261","rem"
"Sarah","2026-06-09 01:16:34.794","2026-06-06","2026-06-06 09:51:00",1780982195,"2026-06-09 01:18:29.511","rem"
"Sarah","2026-06-09 01:16:34.794","2026-06-06","2026-06-06 09:52:00",1780982195,"2026-06-09 01:18:29.76","rem"
"Sarah","2026-06-09 01:16:34.794","2026-06-06","2026-06-06 09:53:00",1780982195,"2026-06-09 01:18:30.009","rem"
"Sarah","2026-06-09 01:16:34.794","2026-06-06","2026-06-06 09:54:00",1780982195,"2026-06-09 01:18:30.296","light"
"Sarah","2026-06-09 01:16:34.794","2026-06-06","2026-06-06 09:55:00",1780982195,"2026-06-09 01:18:30.547","light"
"Sarah","2026-06-09 01:16:34.794","2026-06-06","2026-06-06 09:56:00",1780982195,"2026-06-09 01:18:30.935","light"
"Sarah","2026-06-09 01:16:34.794","2026-06-06","2026-06-06 09:57:00",1780982195,"2026-06-09 01:18:31.204","light"
"Sarah","2026-06-09 01:16:34.794","2026-06-06","2026-06-06 09:58:00",1780982195,"2026-06-09 01:18:31.448","light"
"Sarah","2026-06-09 01:16:34.794","2026-06-06","2026-06-06 09:59:00",1780982195,"2026-06-09 01:18:32.043","light"
"Sarah","2026-06-09 01:16:34.794","2026-06-06","2026-06-06 10:00:00",1780982195,"2026-06-09 01:18:32.352","light"
"Sarah","2026-06-09 01:16:34.794","2026-06-06","2026-06-06 10:01:00",1780982195,"2026-06-09 01:18:32.614","light"
"Sarah","2026-06-09 01:16:34.794","2026-06-06","2026-06-06 10:02:00",1780982195,"2026-06-09 01:18:32.906","light"
"Sarah","2026-06-09 01:16:34.794","2026-06-06","2026-06-06 10:03:00",1780982195,"2026-06-09 01:18:33.176","light"
"Sarah","2026-06-09 01:16:34.794","2026-06-06","2026-06-06 10:04:00",1780982195,"2026-06-09 01:18:33.483","light"
"Sarah","2026-06-09 01:16:34.794","2026-06-06","2026-06-06 10:05:00",1780982195,"2026-06-09 01:18:33.846","light"
"Sarah","2026-06-09 01:16:34.794","2026-06-06","2026-06-06 10:06:00",1780982195,"2026-06-09 01:18:34.129","light"
"Sarah","2026-06-09 01:16:34.794","2026-06-06","2026-06-06 10:07:00",1780982195,"2026-06-09 01:18:34.395","light"
"Sarah","2026-06-09 01:16:34.794","2026-06-06","2026-06-06 10:08:00",1780982195,"2026-06-09 01:18:34.677","light"
"Sarah","2026-06-09 01:16:34.794","2026-06-06","2026-06-06 10:09:00",1780982195,"2026-06-09 01:18:34.954","light"
"Sarah","2026-06-09 01:16:34.794","2026-06-06","2026-06-06 10:10:00",1780982195,"2026-06-09 01:18:35.326","light"
"Sarah","2026-06-09 01:16:34.794","2026-06-06","2026-06-06 10:11:00",1780982195,"2026-06-09 01:18:35.727","light"
"Sarah","2026-06-09 01:16:34.794","2026-06-06","2026-06-06 10:12:00",1780982195,"2026-06-09 01:18:36.105","light"
"Sarah","2026-06-09 01:16:34.794","2026-06-06","2026-06-06 10:13:00",1780982195,"2026-06-09 01:18:36.549","light"
"Sarah","2026-06-09 01:16:34.794","2026-06-06","2026-06-06 10:14:00",1780982195,"2026-06-09 01:18:36.884","light"
"Sarah","2026-06-09 01:16:34.794","2026-06-06","2026-06-06 10:15:00",1780982195,"2026-06-09 01:18:37.24","light"
"Sarah","2026-06-09 01:16:34.794","2026-06-06","2026-06-06 10:16:00",1780982195,"2026-06-09 01:18:38.094","light"
"Sarah","2026-06-09 01:16:34.794","2026-06-06","2026-06-06 10:17:00",1780982195,"2026-06-09 01:18:38.407","light"
"Sarah","2026-06-09 01:16:34.794","2026-06-06","2026-06-06 10:18:00",1780982195,"2026-06-09 01:18:38.905","light"
"Sarah","2026-06-09 01:16:34.794","2026-06-06","2026-06-06 10:19:00",1780982195,"2026-06-09 01:18:39.18","light"
"Sarah","2026-06-09 01:16:34.794","2026-06-06","2026-06-06 10:20:00",1780982195,"2026-06-09 01:18:39.453","light"
"Sarah","2026-06-09 01:16:34.794","2026-06-06","2026-06-06 10:21:00",1780982195,"2026-06-09 01:18:39.702","light"
"Sarah","2026-06-09 01:16:34.794","2026-06-06","2026-06-06 10:22:00",1780982195,"2026-06-09 01:18:39.968","light"
"Sarah","2026-06-09 01:16:34.794","2026-06-06","2026-06-06 10:23:00",1780982195,"2026-06-09 01:18:40.228","deep"
"Sarah","2026-06-09 01:16:34.794","2026-06-06","2026-06-06 10:24:00",1780982195,"2026-06-09 01:18:40.505","deep"
"Sarah","2026-06-09 01:16:34.794","2026-06-06","2026-06-06 10:25:00",1780982195,"2026-06-09 01:18:40.794","deep"
"Sarah","2026-06-09 01:16:34.794","2026-06-06","2026-06-06 10:26:00",1780982195,"2026-06-09 01:18:41.038","light"
"Sarah","2026-06-09 01:16:34.794","2026-06-06","2026-06-06 10:27:00",1780982195,"2026-06-09 01:18:41.402","light"
"Sarah","2026-06-09 01:16:34.794","2026-06-06","2026-06-06 10:28:00",1780982195,"2026-06-09 01:18:41.752","deep"
"Sarah","2026-06-09 01:16:34.794","2026-06-06","2026-06-06 10:29:00",1780982195,"2026-06-09 01:18:42.005","light"
"Sarah","2026-06-09 01:16:34.794","2026-06-06","2026-06-06 10:30:00",1780982195,"2026-06-09 01:18:42.259","deep"
"Sarah","2026-06-09 01:16:34.794","2026-06-06","2026-06-06 10:31:00",1780982195,"2026-06-09 01:18:42.52","deep"
"Sarah","2026-06-09 01:16:34.794","2026-06-06","2026-06-06 10:32:00",1780982195,"2026-06-09 01:18:42.804","deep"
"Sarah","2026-06-09 01:16:34.794","2026-06-06","2026-06-06 10:33:00",1780982195,"2026-06-09 01:18:43.116","deep"
"Sarah","2026-06-09 01:16:34.794","2026-06-06","2026-06-06 10:34:00",1780982195,"2026-06-09 01:18:43.404","deep"
"Sarah","2026-06-09 01:16:34.794","2026-06-06","2026-06-06 10:35:00",1780982195,"2026-06-09 01:18:43.651","deep"
"Sarah","2026-06-09 01:16:34.794","2026-06-06","2026-06-06 10:36:00",1780982195,"2026-06-09 01:18:43.905","deep"
"Sarah","2026-06-09 01:16:34.794","2026-06-06","2026-06-06 10:37:00",1780982195,"2026-06-09 01:18:44.16","deep"
"Sarah","2026-06-09 01:16:34.794","2026-06-06","2026-06-06 10:38:00",1780982195,"2026-06-09 01:18:44.439","deep"
"Sarah","2026-06-09 01:16:34.794","2026-06-06","2026-06-06 10:39:00",1780982195,"2026-06-09 01:18:44.725","deep"
"Sarah","2026-06-09 01:16:34.794","2026-06-06","2026-06-06 10:40:00",1780982195,"2026-06-09 01:18:44.98","deep"
"Sarah","2026-06-09 01:16:34.794","2026-06-06","2026-06-06 10:41:00",1780982195,"2026-06-09 01:18:45.246","deep"
"Sarah","2026-06-09 01:16:34.794","2026-06-06","2026-06-06 10:42:00",1780982195,"2026-06-09 01:18:45.509","deep"
"Sarah","2026-06-09 01:16:34.794","2026-06-06","2026-06-06 10:43:00",1780982195,"2026-06-09 01:18:45.756","deep"
"Sarah","2026-06-09 01:16:34.794","2026-06-06","2026-06-06 10:44:00",1780982195,"2026-06-09 01:18:46.015","deep"
"Sarah","2026-06-09 01:16:34.794","2026-06-06","2026-06-06 10:45:00",1780982195,"2026-06-09 01:18:46.253","deep"
"Sarah","2026-06-09 01:16:34.794","2026-06-06","2026-06-06 10:46:00",1780982195,"2026-06-09 01:18:46.502","deep"
"Sarah","2026-06-09 01:16:34.794","2026-06-06","2026-06-06 10:47:00",1780982195,"2026-06-09 01:18:46.764","light"
"Sarah","2026-06-09 01:16:34.794","2026-06-06","2026-06-06 10:48:00",1780982195,"2026-06-09 01:18:47.012","light"
"Sarah","2026-06-09 01:16:34.794","2026-06-06","2026-06-06 10:49:00",1780982195,"2026-06-09 01:18:47.267","light"
"Sarah","2026-06-09 01:16:34.794","2026-06-06","2026-06-06 10:50:00",1780982195,"2026-06-09 01:18:47.604","light"
"Sarah","2026-06-09 01:16:34.794","2026-06-06","2026-06-06 10:51:00",1780982195,"2026-06-09 01:18:47.865","light"
"Sarah","2026-06-09 01:16:34.794","2026-06-06","2026-06-06 10:52:00",1780982195,"2026-06-09 01:18:48.194","light"
"Sarah","2026-06-09 01:16:34.794","2026-06-06","2026-06-06 10:53:00",1780982195,"2026-06-09 01:18:48.691","light"
"Sarah","2026-06-09 01:16:34.794","2026-06-06","2026-06-06 10:54:00",1780982195,"2026-06-09 01:18:48.926","light"
"Sarah","2026-06-09 01:16:34.794","2026-06-06","2026-06-06 10:55:00",1780982195,"2026-06-09 01:18:49.174","light"
"Sarah","2026-06-09 01:16:34.794","2026-06-06","2026-06-06 10:56:00",1780982195,"2026-06-09 01:18:49.442","light"
"Sarah","2026-06-09 01:16:34.794","2026-06-06","2026-06-06 10:57:00",1780982195,"2026-06-09 01:18:49.688","light"
"Sarah","2026-06-09 01:16:34.794","2026-06-06","2026-06-06 10:58:00",1780982195,"2026-06-09 01:18:49.94","light"
"Sarah","2026-06-09 01:16:34.794","2026-06-06","2026-06-06 10:59:00",1780982195,"2026-06-09 01:18:50.191","light"
"Sarah","2026-06-09 01:16:34.794","2026-06-06","2026-06-06 11:00:00",1780982195,"2026-06-09 01:18:50.47","light"
"Sarah","2026-06-09 01:16:34.794","2026-06-06","2026-06-06 11:01:00",1780982195,"2026-06-09 01:18:50.722","light"
"Sarah","2026-06-09 01:16:34.794","2026-06-06","2026-06-06 11:02:00",1780982195,"2026-06-09 01:18:50.958","light"
"Sarah","2026-06-09 01:16:34.794","2026-06-06","2026-06-06 11:03:00",1780982195,"2026-06-09 01:18:51.204","light"
"Sarah","2026-06-09 01:16:34.794","2026-06-06","2026-06-06 11:04:00",1780982195,"2026-06-09 01:18:51.456","light"
"Sarah","2026-06-09 01:16:34.794","2026-06-06","2026-06-06 11:05:00",1780982195,"2026-06-09 01:18:51.716","light"
"Sarah","2026-06-09 01:16:34.794","2026-06-06","2026-06-06 11:06:00",1780982195,"2026-06-09 01:18:51.973","light"
"Sarah","2026-06-09 01:16:34.794","2026-06-06","2026-06-06 11:07:00",1780982195,"2026-06-09 01:18:52.221","light"
"Sarah","2026-06-09 01:16:34.794","2026-06-06","2026-06-06 11:08:00",1780982195,"2026-06-09 01:18:52.911","light"
"Sarah","2026-06-09 01:16:34.794","2026-06-06","2026-06-06 11:09:00",1780982195,"2026-06-09 01:18:53.155","light"
"Sarah","2026-06-09 01:16:34.794","2026-06-06","2026-06-06 11:10:00",1780982195,"2026-06-09 01:18:53.426","light"
"Sarah","2026-06-09 01:16:34.794","2026-06-06","2026-06-06 11:11:00",1780982195,"2026-06-09 01:18:53.687","light"
"Sarah","2026-06-09 01:16:34.794","2026-06-06","2026-06-06 11:12:00",1780982195,"2026-06-09 01:18:54.403","light"
"Sarah","2026-06-09 01:16:34.794","2026-06-06","2026-06-06 11:13:00",1780982195,"2026-06-09 01:18:54.661","light"
"Sarah","2026-06-09 01:16:34.794","2026-06-06","2026-06-06 11:14:00",1780982195,"2026-06-09 01:18:54.923","light"
"Sarah","2026-06-09 01:16:34.794","2026-06-06","2026-06-06 11:15:00",1780982195,"2026-06-09 01:18:55.2","light"
"Sarah","2026-06-09 01:16:34.794","2026-06-06","2026-06-06 11:16:00",1780982195,"2026-06-09 01:18:55.434","light"
"Sarah","2026-06-09 01:16:34.794","2026-06-06","2026-06-06 11:17:00",1780982195,"2026-06-09 01:18:55.816","light"
"Sarah","2026-06-09 01:16:34.794","2026-06-06","2026-06-06 11:18:00",1780982195,"2026-06-09 01:18:56.05","light"
"Sarah","2026-06-09 01:16:34.794","2026-06-06","2026-06-06 11:19:00",1780982195,"2026-06-09 01:18:56.494","light"
"Sarah","2026-06-09 01:16:34.794","2026-06-06","2026-06-06 11:20:00",1780982195,"2026-06-09 01:18:56.793","light"
"Sarah","2026-06-09 01:16:34.794","2026-06-06","2026-06-06 11:21:00",1780982195,"2026-06-09 01:18:57.05","light"
"Sarah","2026-06-09 01:16:34.794","2026-06-06","2026-06-06 11:22:00",1780982195,"2026-06-09 01:18:57.336","light"
"Sarah","2026-06-09 01:16:34.794","2026-06-06","2026-06-06 11:23:00",1780982195,"2026-06-09 01:18:57.598","wake"
"Sarah","2026-06-09 01:16:34.794","2026-06-06","2026-06-06 11:24:00",1780982195,"2026-06-09 01:18:57.873","wake"
"Sarah","2026-06-09 01:35:28.192","2026-06-07","2026-06-07 03:13:00",1780983329,"2026-06-09 01:35:31.566","wake"
"Sarah","2026-06-09 01:35:28.192","2026-06-07","2026-06-07 03:14:00",1780983329,"2026-06-09 01:35:32.356","wake"
"Sarah","2026-06-09 01:35:28.192","2026-06-07","2026-06-07 03:15:00",1780983329,"2026-06-09 01:35:32.59","wake"
"Sarah","2026-06-09 01:35:28.192","2026-06-07","2026-06-07 03:16:00",1780983329,"2026-06-09 01:35:32.773","light"
"Sarah","2026-06-09 01:35:28.192","2026-06-07","2026-06-07 03:17:00",1780983329,"2026-06-09 01:35:32.96","light"
"Sarah","2026-06-09 01:35:28.192","2026-06-07","2026-06-07 03:18:00",1780983329,"2026-06-09 01:35:33.128","light"
"Sarah","2026-06-09 01:35:28.192","2026-06-07","2026-06-07 03:19:00",1780983329,"2026-06-09 01:35:33.315","light"
"Sarah","2026-06-09 01:35:28.192","2026-06-07","2026-06-07 03:20:00",1780983329,"2026-06-09 01:35:33.48","light"
"Sarah","2026-06-09 01:35:28.192","2026-06-07","2026-06-07 03:21:00",1780983329,"2026-06-09 01:35:33.638","light"
"Sarah","2026-06-09 01:35:28.192","2026-06-07","2026-06-07 03:22:00",1780983329,"2026-06-09 01:35:33.825","light"
"Sarah","2026-06-09 01:35:28.192","2026-06-07","2026-06-07 03:23:00",1780983329,"2026-06-09 01:35:34.207","light"
"Sarah","2026-06-09 01:35:28.192","2026-06-07","2026-06-07 03:24:00",1780983329,"2026-06-09 01:35:34.367","light"
"Sarah","2026-06-09 01:35:28.192","2026-06-07","2026-06-07 03:25:00",1780983329,"2026-06-09 01:35:34.581","light"
"Sarah","2026-06-09 01:35:28.192","2026-06-07","2026-06-07 03:26:00",1780983329,"2026-06-09 01:35:34.772","light"
"Sarah","2026-06-09 01:35:28.192","2026-06-07","2026-06-07 03:27:00",1780983329,"2026-06-09 01:35:34.964","light"
"Sarah","2026-06-09 01:35:28.192","2026-06-07","2026-06-07 03:28:00",1780983329,"2026-06-09 01:35:35.128","light"
"Sarah","2026-06-09 01:35:28.192","2026-06-07","2026-06-07 03:29:00",1780983329,"2026-06-09 01:35:35.29","deep"
"Sarah","2026-06-09 01:35:28.192","2026-06-07","2026-06-07 03:30:00",1780983329,"2026-06-09 01:35:35.476","deep"
"Sarah","2026-06-09 01:35:28.192","2026-06-07","2026-06-07 03:31:00",1780983329,"2026-06-09 01:35:35.652","deep"
"Sarah","2026-06-09 01:35:28.192","2026-06-07","2026-06-07 03:32:00",1780983329,"2026-06-09 01:35:35.878","deep"
"Sarah","2026-06-09 01:35:28.192","2026-06-07","2026-06-07 03:33:00",1780983329,"2026-06-09 01:35:36.067","deep"
"Sarah","2026-06-09 01:35:28.192","2026-06-07","2026-06-07 03:34:00",1780983329,"2026-06-09 01:35:36.317","deep"
"Sarah","2026-06-09 01:35:28.192","2026-06-07","2026-06-07 03:35:00",1780983329,"2026-06-09 01:35:36.492","deep"
"Sarah","2026-06-09 01:35:28.192","2026-06-07","2026-06-07 03:36:00",1780983329,"2026-06-09 01:35:36.669","deep"
"Sarah","2026-06-09 01:35:28.192","2026-06-07","2026-06-07 03:37:00",1780983329,"2026-06-09 01:35:36.872","deep"
"Sarah","2026-06-09 01:35:28.192","2026-06-07","2026-06-07 03:38:00",1780983329,"2026-06-09 01:35:37.079","deep"
"Sarah","2026-06-09 01:35:28.192","2026-06-07","2026-06-07 03:39:00",1780983329,"2026-06-09 01:35:37.262","deep"
"Sarah","2026-06-09 01:35:28.192","2026-06-07","2026-06-07 03:40:00",1780983329,"2026-06-09 01:35:37.45","deep"
"Sarah","2026-06-09 01:35:28.192","2026-06-07","2026-06-07 03:41:00",1780983329,"2026-06-09 01:35:37.62","deep"
"Sarah","2026-06-09 01:35:28.192","2026-06-07","2026-06-07 03:42:00",1780983329,"2026-06-09 01:35:37.799","deep"
"Sarah","2026-06-09 01:35:28.192","2026-06-07","2026-06-07 03:43:00",1780983329,"2026-06-09 01:35:37.972","deep"
"Sarah","2026-06-09 01:35:28.192","2026-06-07","2026-06-07 03:44:00",1780983329,"2026-06-09 01:35:38.736","deep"
"Sarah","2026-06-09 01:35:28.192","2026-06-07","2026-06-07 03:45:00",1780983329,"2026-06-09 01:35:38.916","deep"
"Sarah","2026-06-09 01:35:28.192","2026-06-07","2026-06-07 03:46:00",1780983329,"2026-06-09 01:35:39.095","deep"
"Sarah","2026-06-09 01:35:28.192","2026-06-07","2026-06-07 03:47:00",1780983329,"2026-06-09 01:35:39.257","deep"
"Sarah","2026-06-09 01:35:28.192","2026-06-07","2026-06-07 03:48:00",1780983329,"2026-06-09 01:35:39.407","deep"
"Sarah","2026-06-09 01:35:28.192","2026-06-07","2026-06-07 03:49:00",1780983329,"2026-06-09 01:35:39.562","deep"
"Sarah","2026-06-09 01:35:28.192","2026-06-07","2026-06-07 03:50:00",1780983329,"2026-06-09 01:35:39.731","deep"
"Sarah","2026-06-09 01:35:28.192","2026-06-07","2026-06-07 03:51:00",1780983329,"2026-06-09 01:35:39.936","deep"
"Sarah","2026-06-09 01:35:28.192","2026-06-07","2026-06-07 03:52:00",1780983329,"2026-06-09 01:35:40.097","deep"
"Sarah","2026-06-09 01:35:28.192","2026-06-07","2026-06-07 03:53:00",1780983329,"2026-06-09 01:35:40.269","deep"
"Sarah","2026-06-09 01:35:28.192","2026-06-07","2026-06-07 03:54:00",1780983329,"2026-06-09 01:35:40.443","deep"
"Sarah","2026-06-09 01:35:28.192","2026-06-07","2026-06-07 03:55:00",1780983329,"2026-06-09 01:35:40.598","deep"
"Sarah","2026-06-09 01:35:28.192","2026-06-07","2026-06-07 03:56:00",1780983329,"2026-06-09 01:35:40.768","deep"
"Sarah","2026-06-09 01:35:28.192","2026-06-07","2026-06-07 03:57:00",1780983329,"2026-06-09 01:35:40.932","deep"
"Sarah","2026-06-09 01:35:28.192","2026-06-07","2026-06-07 03:58:00",1780983329,"2026-06-09 01:35:41.092","deep"
"Sarah","2026-06-09 01:35:28.192","2026-06-07","2026-06-07 03:59:00",1780983329,"2026-06-09 01:35:41.268","deep"
"Sarah","2026-06-09 01:35:28.192","2026-06-07","2026-06-07 04:00:00",1780983329,"2026-06-09 01:35:41.436","light"
"Sarah","2026-06-09 01:35:28.192","2026-06-07","2026-06-07 04:01:00",1780983329,"2026-06-09 01:35:41.6","light"
"Sarah","2026-06-09 01:35:28.192","2026-06-07","2026-06-07 04:02:00",1780983329,"2026-06-09 01:35:41.904","light"
"Sarah","2026-06-09 01:35:28.192","2026-06-07","2026-06-07 04:03:00",1780983329,"2026-06-09 01:35:42.076","light"
"Sarah","2026-06-09 01:35:28.192","2026-06-07","2026-06-07 04:04:00",1780983329,"2026-06-09 01:35:42.242","light"
"Sarah","2026-06-09 01:35:28.192","2026-06-07","2026-06-07 04:05:00",1780983329,"2026-06-09 01:35:42.394","light"
"Sarah","2026-06-09 01:35:28.192","2026-06-07","2026-06-07 04:06:00",1780983329,"2026-06-09 01:35:42.58","light"
"Sarah","2026-06-09 01:35:28.192","2026-06-07","2026-06-07 04:07:00",1780983329,"2026-06-09 01:35:43.029","light"
"Sarah","2026-06-09 01:35:28.192","2026-06-07","2026-06-07 04:08:00",1780983329,"2026-06-09 01:35:43.211","light"
"Sarah","2026-06-09 01:35:28.192","2026-06-07","2026-06-07 04:09:00",1780983329,"2026-06-09 01:35:43.385","light"
"Sarah","2026-06-09 01:35:28.192","2026-06-07","2026-06-07 04:10:00",1780983329,"2026-06-09 01:35:43.556","rem"
"Sarah","2026-06-09 01:35:28.192","2026-06-07","2026-06-07 04:11:00",1780983329,"2026-06-09 01:35:43.711","rem"
"Sarah","2026-06-09 01:35:28.192","2026-06-07","2026-06-07 04:12:00",1780983329,"2026-06-09 01:35:43.896","rem"
"Sarah","2026-06-09 01:35:28.192","2026-06-07","2026-06-07 04:13:00",1780983329,"2026-06-09 01:35:44.083","rem"
"Sarah","2026-06-09 01:35:28.192","2026-06-07","2026-06-07 04:14:00",1780983329,"2026-06-09 01:35:44.349","rem"
"Sarah","2026-06-09 01:35:28.192","2026-06-07","2026-06-07 04:15:00",1780983329,"2026-06-09 01:35:44.511","rem"
"Sarah","2026-06-09 01:35:28.192","2026-06-07","2026-06-07 04:16:00",1780983329,"2026-06-09 01:35:44.707","rem"
"Sarah","2026-06-09 01:35:28.192","2026-06-07","2026-06-07 04:17:00",1780983329,"2026-06-09 01:35:44.882","rem"
"Sarah","2026-06-09 01:35:28.192","2026-06-07","2026-06-07 04:18:00",1780983329,"2026-06-09 01:35:45.08","rem"
"Sarah","2026-06-09 01:35:28.192","2026-06-07","2026-06-07 04:19:00",1780983329,"2026-06-09 01:35:45.553","rem"
"Sarah","2026-06-09 01:35:28.192","2026-06-07","2026-06-07 04:20:00",1780983329,"2026-06-09 01:35:45.735","rem"
"Sarah","2026-06-09 01:35:28.192","2026-06-07","2026-06-07 04:21:00",1780983329,"2026-06-09 01:35:45.911","light"
"Sarah","2026-06-09 01:35:28.192","2026-06-07","2026-06-07 04:22:00",1780983329,"2026-06-09 01:35:46.092","light"
"Sarah","2026-06-09 01:35:28.192","2026-06-07","2026-06-07 04:23:00",1780983329,"2026-06-09 01:35:46.283","light"
"Sarah","2026-06-09 01:35:28.192","2026-06-07","2026-06-07 04:24:00",1780983329,"2026-06-09 01:35:46.469","light"
"Sarah","2026-06-09 01:35:28.192","2026-06-07","2026-06-07 04:25:00",1780983329,"2026-06-09 01:35:46.637","light"
"Sarah","2026-06-09 01:35:28.192","2026-06-07","2026-06-07 04:26:00",1780983329,"2026-06-09 01:35:47.285","light"
"Sarah","2026-06-09 01:35:28.192","2026-06-07","2026-06-07 04:27:00",1780983329,"2026-06-09 01:35:47.478","light"
"Sarah","2026-06-09 01:35:28.192","2026-06-07","2026-06-07 04:28:00",1780983329,"2026-06-09 01:35:47.643","light"
"Sarah","2026-06-09 01:35:28.192","2026-06-07","2026-06-07 04:29:00",1780983329,"2026-06-09 01:35:47.845","light"
"Sarah","2026-06-09 01:35:28.192","2026-06-07","2026-06-07 04:30:00",1780983329,"2026-06-09 01:35:48.006","light"
"Sarah","2026-06-09 01:35:28.192","2026-06-07","2026-06-07 04:31:00",1780983329,"2026-06-09 01:35:48.201","light"
"Sarah","2026-06-09 01:35:28.192","2026-06-07","2026-06-07 04:32:00",1780983329,"2026-06-09 01:35:48.373","light"
"Sarah","2026-06-09 01:35:28.192","2026-06-07","2026-06-07 04:33:00",1780983329,"2026-06-09 01:35:48.977","light"
"Sarah","2026-06-09 01:35:28.192","2026-06-07","2026-06-07 04:34:00",1780983329,"2026-06-09 01:35:49.147","light"
"Sarah","2026-06-09 01:35:28.192","2026-06-07","2026-06-07 04:35:00",1780983329,"2026-06-09 01:35:49.326","light"
"Sarah","2026-06-09 01:35:28.192","2026-06-07","2026-06-07 04:36:00",1780983329,"2026-06-09 01:35:49.479","light"
"Sarah","2026-06-09 01:35:28.192","2026-06-07","2026-06-07 04:37:00",1780983329,"2026-06-09 01:35:49.636","deep"
"Sarah","2026-06-09 01:35:28.192","2026-06-07","2026-06-07 04:38:00",1780983329,"2026-06-09 01:35:49.813","deep"
"Sarah","2026-06-09 01:35:28.192","2026-06-07","2026-06-07 04:39:00",1780983329,"2026-06-09 01:35:49.989","deep"
"Sarah","2026-06-09 01:35:28.192","2026-06-07","2026-06-07 04:40:00",1780983329,"2026-06-09 01:35:50.373","deep"
"Sarah","2026-06-09 01:35:28.192","2026-06-07","2026-06-07 04:41:00",1780983329,"2026-06-09 01:35:50.553","deep"
"Sarah","2026-06-09 01:35:28.192","2026-06-07","2026-06-07 04:42:00",1780983329,"2026-06-09 01:35:50.716","deep"
"Sarah","2026-06-09 01:35:28.192","2026-06-07","2026-06-07 04:43:00",1780983329,"2026-06-09 01:35:50.878","deep"
"Sarah","2026-06-09 01:35:28.192","2026-06-07","2026-06-07 04:44:00",1780983329,"2026-06-09 01:35:51.038","deep"
"Sarah","2026-06-09 01:35:28.192","2026-06-07","2026-06-07 04:45:00",1780983329,"2026-06-09 01:35:51.226","deep"
"Sarah","2026-06-09 01:35:28.192","2026-06-07","2026-06-07 04:46:00",1780983329,"2026-06-09 01:35:51.423","deep"
"Sarah","2026-06-09 01:35:28.192","2026-06-07","2026-06-07 04:47:00",1780983329,"2026-06-09 01:35:51.636","deep"
"Sarah","2026-06-09 01:35:28.192","2026-06-07","2026-06-07 04:48:00",1780983329,"2026-06-09 01:35:51.824","deep"
"Sarah","2026-06-09 01:35:28.192","2026-06-07","2026-06-07 04:49:00",1780983329,"2026-06-09 01:35:51.993","deep"
"Sarah","2026-06-09 01:35:28.192","2026-06-07","2026-06-07 04:50:00",1780983329,"2026-06-09 01:35:52.158","deep"
"Sarah","2026-06-09 01:35:28.192","2026-06-07","2026-06-07 04:51:00",1780983329,"2026-06-09 01:35:52.351","deep"
"Sarah","2026-06-09 01:35:28.192","2026-06-07","2026-06-07 04:52:00",1780983329,"2026-06-09 01:35:52.512","deep"
"Sarah","2026-06-09 01:35:28.192","2026-06-07","2026-06-07 04:53:00",1780983329,"2026-06-09 01:35:52.719","deep"
"Sarah","2026-06-09 01:35:28.192","2026-06-07","2026-06-07 04:54:00",1780983329,"2026-06-09 01:35:52.92","deep"
"Sarah","2026-06-09 01:35:28.192","2026-06-07","2026-06-07 04:55:00",1780983329,"2026-06-09 01:35:53.114","deep"
"Sarah","2026-06-09 01:35:28.192","2026-06-07","2026-06-07 04:56:00",1780983329,"2026-06-09 01:35:53.278","deep"
"Sarah","2026-06-09 01:35:28.192","2026-06-07","2026-06-07 04:57:00",1780983329,"2026-06-09 01:35:53.463","deep"
"Sarah","2026-06-09 01:35:28.192","2026-06-07","2026-06-07 04:58:00",1780983329,"2026-06-09 01:35:53.623","deep"
"Sarah","2026-06-09 01:35:28.192","2026-06-07","2026-06-07 04:59:00",1780983329,"2026-06-09 01:35:53.781","deep"
"Sarah","2026-06-09 01:35:28.192","2026-06-07","2026-06-07 05:00:00",1780983329,"2026-06-09 01:35:53.936","deep"
"Sarah","2026-06-09 01:35:28.192","2026-06-07","2026-06-07 05:01:00",1780983329,"2026-06-09 01:35:54.089","deep"
"Sarah","2026-06-09 01:35:28.192","2026-06-07","2026-06-07 05:02:00",1780983329,"2026-06-09 01:35:54.289","deep"
"Sarah","2026-06-09 01:35:28.192","2026-06-07","2026-06-07 05:03:00",1780983329,"2026-06-09 01:35:54.467","deep"
"Sarah","2026-06-09 01:35:28.192","2026-06-07","2026-06-07 05:04:00",1780983329,"2026-06-09 01:35:54.628","deep"
"Sarah","2026-06-09 01:35:28.192","2026-06-07","2026-06-07 05:05:00",1780983329,"2026-06-09 01:35:54.8","deep"
"Sarah","2026-06-09 01:35:28.192","2026-06-07","2026-06-07 05:06:00",1780983329,"2026-06-09 01:35:55.089","deep"
"Sarah","2026-06-09 01:35:28.192","2026-06-07","2026-06-07 05:07:00",1780983329,"2026-06-09 01:35:55.269","deep"
"Sarah","2026-06-09 01:35:28.192","2026-06-07","2026-06-07 05:08:00",1780983329,"2026-06-09 01:35:55.45","deep"
"Sarah","2026-06-09 01:35:28.192","2026-06-07","2026-06-07 05:09:00",1780983329,"2026-06-09 01:35:55.667","deep"
"Sarah","2026-06-09 01:35:28.192","2026-06-07","2026-06-07 05:10:00",1780983329,"2026-06-09 01:35:55.865","deep"
"Sarah","2026-06-09 01:35:28.192","2026-06-07","2026-06-07 05:11:00",1780983329,"2026-06-09 01:35:56.059","deep"
"Sarah","2026-06-09 01:35:28.192","2026-06-07","2026-06-07 05:12:00",1780983329,"2026-06-09 01:35:56.232","deep"
"Sarah","2026-06-09 01:35:28.192","2026-06-07","2026-06-07 05:13:00",1780983329,"2026-06-09 01:35:56.395","deep"
"Sarah","2026-06-09 01:35:28.192","2026-06-07","2026-06-07 05:14:00",1780983329,"2026-06-09 01:35:56.555","deep"
"Sarah","2026-06-09 01:35:28.192","2026-06-07","2026-06-07 05:15:00",1780983329,"2026-06-09 01:35:56.791","deep"
"Sarah","2026-06-09 01:35:28.192","2026-06-07","2026-06-07 05:16:00",1780983329,"2026-06-09 01:35:56.973","deep"
"Sarah","2026-06-09 01:35:28.192","2026-06-07","2026-06-07 05:17:00",1780983329,"2026-06-09 01:35:57.403","deep"
"Sarah","2026-06-09 01:35:28.192","2026-06-07","2026-06-07 05:18:00",1780983329,"2026-06-09 01:35:57.575","deep"
"Sarah","2026-06-09 01:35:28.192","2026-06-07","2026-06-07 05:19:00",1780983329,"2026-06-09 01:35:57.798","deep"
"Sarah","2026-06-09 01:35:28.192","2026-06-07","2026-06-07 05:20:00",1780983329,"2026-06-09 01:35:57.97","deep"
"Sarah","2026-06-09 01:35:28.192","2026-06-07","2026-06-07 05:21:00",1780983329,"2026-06-09 01:35:58.249","deep"
"Sarah","2026-06-09 01:35:28.192","2026-06-07","2026-06-07 05:22:00",1780983329,"2026-06-09 01:35:58.503","deep"
"Sarah","2026-06-09 01:35:28.192","2026-06-07","2026-06-07 05:23:00",1780983329,"2026-06-09 01:35:58.811","deep"
"Sarah","2026-06-09 01:35:28.192","2026-06-07","2026-06-07 05:24:00",1780983329,"2026-06-09 01:35:59.053","deep"
"Sarah","2026-06-09 01:35:28.192","2026-06-07","2026-06-07 05:25:00",1780983329,"2026-06-09 01:35:59.247","deep"
"Sarah","2026-06-09 01:35:28.192","2026-06-07","2026-06-07 05:26:00",1780983329,"2026-06-09 01:35:59.426","deep"
"Sarah","2026-06-09 01:35:28.192","2026-06-07","2026-06-07 05:27:00",1780983329,"2026-06-09 01:35:59.602","deep"
"Sarah","2026-06-09 01:35:28.192","2026-06-07","2026-06-07 05:28:00",1780983329,"2026-06-09 01:35:59.783","deep"
"Sarah","2026-06-09 01:35:28.192","2026-06-07","2026-06-07 05:29:00",1780983329,"2026-06-09 01:35:59.973","deep"
"Sarah","2026-06-09 01:35:28.192","2026-06-07","2026-06-07 05:30:00",1780983329,"2026-06-09 01:36:00.152","deep"
"Sarah","2026-06-09 01:35:28.192","2026-06-07","2026-06-07 05:31:00",1780983329,"2026-06-09 01:36:00.338","deep"
"Sarah","2026-06-09 01:35:28.192","2026-06-07","2026-06-07 05:32:00",1780983329,"2026-06-09 01:36:00.509","deep"
"Sarah","2026-06-09 01:35:28.192","2026-06-07","2026-06-07 05:33:00",1780983329,"2026-06-09 01:36:00.7","deep"
"Sarah","2026-06-09 01:35:28.192","2026-06-07","2026-06-07 05:34:00",1780983329,"2026-06-09 01:36:00.889","deep"
"Sarah","2026-06-09 01:35:28.192","2026-06-07","2026-06-07 05:35:00",1780983329,"2026-06-09 01:36:01.151","light"
"Sarah","2026-06-09 01:35:28.192","2026-06-07","2026-06-07 05:36:00",1780983329,"2026-06-09 01:36:01.321","light"
"Sarah","2026-06-09 01:35:28.192","2026-06-07","2026-06-07 05:37:00",1780983329,"2026-06-09 01:36:01.576","light"
"Sarah","2026-06-09 01:35:28.192","2026-06-07","2026-06-07 05:38:00",1780983329,"2026-06-09 01:36:01.769","light"
"Sarah","2026-06-09 01:35:28.192","2026-06-07","2026-06-07 05:39:00",1780983329,"2026-06-09 01:36:01.967","rem"
"Sarah","2026-06-09 01:35:28.192","2026-06-07","2026-06-07 05:40:00",1780983329,"2026-06-09 01:36:02.171","rem"
"Sarah","2026-06-09 01:35:28.192","2026-06-07","2026-06-07 05:41:00",1780983329,"2026-06-09 01:36:02.354","rem"
"Sarah","2026-06-09 01:35:28.192","2026-06-07","2026-06-07 05:42:00",1780983329,"2026-06-09 01:36:02.547","rem"
"Sarah","2026-06-09 01:35:28.192","2026-06-07","2026-06-07 05:43:00",1780983329,"2026-06-09 01:36:02.742","rem"
"Sarah","2026-06-09 01:35:28.192","2026-06-07","2026-06-07 05:44:00",1780983329,"2026-06-09 01:36:02.991","rem"
"Sarah","2026-06-09 01:35:28.192","2026-06-07","2026-06-07 05:45:00",1780983329,"2026-06-09 01:36:03.43","rem"
"Sarah","2026-06-09 01:35:28.192","2026-06-07","2026-06-07 05:46:00",1780983329,"2026-06-09 01:36:04.446","rem"
"Sarah","2026-06-09 01:35:28.192","2026-06-07","2026-06-07 05:47:00",1780983329,"2026-06-09 01:36:04.722","rem"
"Sarah","2026-06-09 01:35:28.192","2026-06-07","2026-06-07 05:48:00",1780983329,"2026-06-09 01:36:04.942","rem"
"Sarah","2026-06-09 01:35:28.192","2026-06-07","2026-06-07 05:49:00",1780983329,"2026-06-09 01:36:05.455","rem"
"Sarah","2026-06-09 01:35:28.192","2026-06-07","2026-06-07 05:50:00",1780983329,"2026-06-09 01:36:05.646","rem"
"Sarah","2026-06-09 01:35:28.192","2026-06-07","2026-06-07 05:51:00",1780983329,"2026-06-09 01:36:06.383","rem"
"Sarah","2026-06-09 01:35:28.192","2026-06-07","2026-06-07 05:52:00",1780983329,"2026-06-09 01:36:06.669","rem"
"Sarah","2026-06-09 01:35:28.192","2026-06-07","2026-06-07 05:53:00",1780983329,"2026-06-09 01:36:07.271","rem"
"Sarah","2026-06-09 01:35:28.192","2026-06-07","2026-06-07 05:54:00",1780983329,"2026-06-09 01:36:07.585","rem"
"Sarah","2026-06-09 01:35:28.192","2026-06-07","2026-06-07 05:55:00",1780983329,"2026-06-09 01:36:07.886","rem"
"Sarah","2026-06-09 01:35:28.192","2026-06-07","2026-06-07 05:56:00",1780983329,"2026-06-09 01:36:08.301","rem"
"Sarah","2026-06-09 01:35:28.192","2026-06-07","2026-06-07 05:57:00",1780983329,"2026-06-09 01:36:08.661","rem"
"Sarah","2026-06-09 01:35:28.192","2026-06-07","2026-06-07 05:58:00",1780983329,"2026-06-09 01:36:08.871","rem"
"Sarah","2026-06-09 01:35:28.192","2026-06-07","2026-06-07 05:59:00",1780983329,"2026-06-09 01:36:09.256","rem"
"Sarah","2026-06-09 01:35:28.192","2026-06-07","2026-06-07 06:00:00",1780983329,"2026-06-09 01:36:09.558","rem"
"Sarah","2026-06-09 01:35:28.192","2026-06-07","2026-06-07 06:01:00",1780983329,"2026-06-09 01:36:09.898","rem"
"Sarah","2026-06-09 01:35:28.192","2026-06-07","2026-06-07 06:02:00",1780983329,"2026-06-09 01:36:10.367","rem"
"Sarah","2026-06-09 01:35:28.192","2026-06-07","2026-06-07 06:03:00",1780983329,"2026-06-09 01:36:10.818","rem"
"Sarah","2026-06-09 01:35:28.192","2026-06-07","2026-06-07 06:04:00",1780983329,"2026-06-09 01:36:11.194","rem"
"Sarah","2026-06-09 01:35:28.192","2026-06-07","2026-06-07 06:05:00",1780983329,"2026-06-09 01:36:11.49","rem"
"Sarah","2026-06-09 01:35:28.192","2026-06-07","2026-06-07 06:06:00",1780983329,"2026-06-09 01:36:11.706","rem"
"Sarah","2026-06-09 01:35:28.192","2026-06-07","2026-06-07 06:07:00",1780983329,"2026-06-09 01:36:11.89","rem"
"Sarah","2026-06-09 01:35:28.192","2026-06-07","2026-06-07 06:08:00",1780983329,"2026-06-09 01:36:12.109","rem"
"Sarah","2026-06-09 01:35:28.192","2026-06-07","2026-06-07 06:09:00",1780983329,"2026-06-09 01:36:12.312","rem"
"Sarah","2026-06-09 01:35:28.192","2026-06-07","2026-06-07 06:10:00",1780983329,"2026-06-09 01:36:12.491","light"
"Sarah","2026-06-09 01:35:28.192","2026-06-07","2026-06-07 06:11:00",1780983329,"2026-06-09 01:36:13.13","light"
"Sarah","2026-06-09 01:35:28.192","2026-06-07","2026-06-07 06:12:00",1780983329,"2026-06-09 01:36:13.319","light"
"Sarah","2026-06-09 01:35:28.192","2026-06-07","2026-06-07 06:13:00",1780983329,"2026-06-09 01:36:13.547","light"
"Sarah","2026-06-09 01:35:28.192","2026-06-07","2026-06-07 06:14:00",1780983329,"2026-06-09 01:36:13.727","light"
"Sarah","2026-06-09 01:35:28.192","2026-06-07","2026-06-07 06:15:00",1780983329,"2026-06-09 01:36:13.914","light"
"Sarah","2026-06-09 01:35:28.192","2026-06-07","2026-06-07 06:16:00",1780983329,"2026-06-09 01:36:14.088","light"
"Sarah","2026-06-09 01:35:28.192","2026-06-07","2026-06-07 06:17:00",1780983329,"2026-06-09 01:36:14.298","light"
"Sarah","2026-06-09 01:35:28.192","2026-06-07","2026-06-07 06:18:00",1780983329,"2026-06-09 01:36:14.485","light"
"Sarah","2026-06-09 01:35:28.192","2026-06-07","2026-06-07 06:19:00",1780983329,"2026-06-09 01:36:14.671","light"
"Sarah","2026-06-09 01:35:28.192","2026-06-07","2026-06-07 06:20:00",1780983329,"2026-06-09 01:36:15.209","light"
"Sarah","2026-06-09 01:35:28.192","2026-06-07","2026-06-07 06:21:00",1780983329,"2026-06-09 01:36:15.409","light"
"Sarah","2026-06-09 01:35:28.192","2026-06-07","2026-06-07 06:22:00",1780983329,"2026-06-09 01:36:15.58","light"
"Sarah","2026-06-09 01:35:28.192","2026-06-07","2026-06-07 06:23:00",1780983329,"2026-06-09 01:36:15.768","light"
"Sarah","2026-06-09 01:35:28.192","2026-06-07","2026-06-07 06:24:00",1780983329,"2026-06-09 01:36:15.965","light"
"Sarah","2026-06-09 01:35:28.192","2026-06-07","2026-06-07 06:25:00",1780983329,"2026-06-09 01:36:16.14","light"
"Sarah","2026-06-09 01:35:28.192","2026-06-07","2026-06-07 06:26:00",1780983329,"2026-06-09 01:36:16.312","light"
"Sarah","2026-06-09 01:35:28.192","2026-06-07","2026-06-07 06:27:00",1780983329,"2026-06-09 01:36:16.504","light"
"Sarah","2026-06-09 01:35:28.192","2026-06-07","2026-06-07 06:28:00",1780983329,"2026-06-09 01:36:16.688","light"
"Sarah","2026-06-09 01:35:28.192","2026-06-07","2026-06-07 06:29:00",1780983329,"2026-06-09 01:36:17.18","light"
"Sarah","2026-06-09 01:35:28.192","2026-06-07","2026-06-07 06:30:00",1780983329,"2026-06-09 01:36:17.345","light"
"Sarah","2026-06-09 01:35:28.192","2026-06-07","2026-06-07 06:31:00",1780983329,"2026-06-09 01:36:17.512","light"
"Sarah","2026-06-09 01:35:28.192","2026-06-07","2026-06-07 06:32:00",1780983329,"2026-06-09 01:36:17.716","light"
"Sarah","2026-06-09 01:35:28.192","2026-06-07","2026-06-07 06:33:00",1780983329,"2026-06-09 01:36:17.877","light"
"Sarah","2026-06-09 01:35:28.192","2026-06-07","2026-06-07 06:34:00",1780983329,"2026-06-09 01:36:18.071","light"
"Sarah","2026-06-09 01:35:28.192","2026-06-07","2026-06-07 06:35:00",1780983329,"2026-06-09 01:36:18.279","light"
"Sarah","2026-06-09 01:35:28.192","2026-06-07","2026-06-07 06:36:00",1780983329,"2026-06-09 01:36:18.472","light"
"Sarah","2026-06-09 01:35:28.192","2026-06-07","2026-06-07 06:37:00",1780983329,"2026-06-09 01:36:18.653","light"
"Sarah","2026-06-09 01:35:28.192","2026-06-07","2026-06-07 06:38:00",1780983329,"2026-06-09 01:36:18.948","light"
"Sarah","2026-06-09 01:35:28.192","2026-06-07","2026-06-07 06:39:00",1780983329,"2026-06-09 01:36:19.113","light"
"Sarah","2026-06-09 01:35:28.192","2026-06-07","2026-06-07 06:40:00",1780983329,"2026-06-09 01:36:19.287","light"
"Sarah","2026-06-09 01:35:28.192","2026-06-07","2026-06-07 06:41:00",1780983329,"2026-06-09 01:36:19.481","light"
"Sarah","2026-06-09 01:35:28.192","2026-06-07","2026-06-07 06:42:00",1780983329,"2026-06-09 01:36:19.648","light"
"Sarah","2026-06-09 01:35:28.192","2026-06-07","2026-06-07 06:43:00",1780983329,"2026-06-09 01:36:19.833","light"
"Sarah","2026-06-09 01:35:28.192","2026-06-07","2026-06-07 06:44:00",1780983329,"2026-06-09 01:36:20.184","light"
"Sarah","2026-06-09 01:35:28.192","2026-06-07","2026-06-07 06:45:00",1780983329,"2026-06-09 01:36:20.368","light"
"Sarah","2026-06-09 01:35:28.192","2026-06-07","2026-06-07 06:46:00",1780983329,"2026-06-09 01:36:20.568","light"
"Sarah","2026-06-09 01:35:28.192","2026-06-07","2026-06-07 06:47:00",1780983329,"2026-06-09 01:36:20.819","light"
"Sarah","2026-06-09 01:35:28.192","2026-06-07","2026-06-07 06:48:00",1780983329,"2026-06-09 01:36:20.998","light"
"Sarah","2026-06-09 01:35:28.192","2026-06-07","2026-06-07 06:49:00",1780983329,"2026-06-09 01:36:21.17","light"
"Sarah","2026-06-09 01:35:28.192","2026-06-07","2026-06-07 06:50:00",1780983329,"2026-06-09 01:36:21.332","light"
"Sarah","2026-06-09 01:35:28.192","2026-06-07","2026-06-07 06:51:00",1780983329,"2026-06-09 01:36:21.513","light"
"Sarah","2026-06-09 01:35:28.192","2026-06-07","2026-06-07 06:52:00",1780983329,"2026-06-09 01:36:21.689","light"
"Sarah","2026-06-09 01:35:28.192","2026-06-07","2026-06-07 06:53:00",1780983329,"2026-06-09 01:36:21.902","light"
"Sarah","2026-06-09 01:35:28.192","2026-06-07","2026-06-07 06:54:00",1780983329,"2026-06-09 01:36:22.113","light"
"Sarah","2026-06-09 01:35:28.192","2026-06-07","2026-06-07 06:55:00",1780983329,"2026-06-09 01:36:22.267","light"
"Sarah","2026-06-09 01:35:28.192","2026-06-07","2026-06-07 06:56:00",1780983329,"2026-06-09 01:36:22.449","light"
"Sarah","2026-06-09 01:35:28.192","2026-06-07","2026-06-07 06:57:00",1780983329,"2026-06-09 01:36:22.612","light"
"Sarah","2026-06-09 01:35:28.192","2026-06-07","2026-06-07 06:58:00",1780983329,"2026-06-09 01:36:22.777","light"
"Sarah","2026-06-09 01:35:28.192","2026-06-07","2026-06-07 06:59:00",1780983329,"2026-06-09 01:36:22.962","light"
"Sarah","2026-06-09 01:35:28.192","2026-06-07","2026-06-07 07:00:00",1780983329,"2026-06-09 01:36:23.178","deep"
"Sarah","2026-06-09 01:35:28.192","2026-06-07","2026-06-07 07:01:00",1780983329,"2026-06-09 01:36:23.37","deep"
"Sarah","2026-06-09 01:35:28.192","2026-06-07","2026-06-07 07:02:00",1780983329,"2026-06-09 01:36:23.564","deep"
"Sarah","2026-06-09 01:35:28.192","2026-06-07","2026-06-07 07:03:00",1780983329,"2026-06-09 01:36:23.741","deep"
"Sarah","2026-06-09 01:35:28.192","2026-06-07","2026-06-07 07:04:00",1780983329,"2026-06-09 01:36:23.907","deep"
"Sarah","2026-06-09 01:35:28.192","2026-06-07","2026-06-07 07:05:00",1780983329,"2026-06-09 01:36:24.07","deep"
"Sarah","2026-06-09 01:35:28.192","2026-06-07","2026-06-07 07:06:00",1780983329,"2026-06-09 01:36:24.239","deep"
"Sarah","2026-06-09 01:35:28.192","2026-06-07","2026-06-07 07:07:00",1780983329,"2026-06-09 01:36:24.406","deep"
"Sarah","2026-06-09 01:35:28.192","2026-06-07","2026-06-07 07:08:00",1780983329,"2026-06-09 01:36:24.581","deep"
"Sarah","2026-06-09 01:35:28.192","2026-06-07","2026-06-07 07:09:00",1780983329,"2026-06-09 01:36:24.764","deep"
"Sarah","2026-06-09 01:35:28.192","2026-06-07","2026-06-07 07:10:00",1780983329,"2026-06-09 01:36:24.941","deep"
"Sarah","2026-06-09 01:35:28.192","2026-06-07","2026-06-07 07:11:00",1780983329,"2026-06-09 01:36:25.161","deep"
"Sarah","2026-06-09 01:35:28.192","2026-06-07","2026-06-07 07:12:00",1780983329,"2026-06-09 01:36:25.333","deep"
"Sarah","2026-06-09 01:35:28.192","2026-06-07","2026-06-07 07:13:00",1780983329,"2026-06-09 01:36:25.522","deep"
"Sarah","2026-06-09 01:35:28.192","2026-06-07","2026-06-07 07:14:00",1780983329,"2026-06-09 01:36:25.702","deep"
"Sarah","2026-06-09 01:35:28.192","2026-06-07","2026-06-07 07:15:00",1780983329,"2026-06-09 01:36:26.243","deep"
"Sarah","2026-06-09 01:35:28.192","2026-06-07","2026-06-07 07:16:00",1780983329,"2026-06-09 01:36:26.42","deep"
"Sarah","2026-06-09 01:35:28.192","2026-06-07","2026-06-07 07:17:00",1780983329,"2026-06-09 01:36:26.653","light"
"Sarah","2026-06-09 01:35:28.192","2026-06-07","2026-06-07 07:18:00",1780983329,"2026-06-09 01:36:26.831","light"
"Sarah","2026-06-09 01:35:28.192","2026-06-07","2026-06-07 07:19:00",1780983329,"2026-06-09 01:36:26.991","light"
"Sarah","2026-06-09 01:35:28.192","2026-06-07","2026-06-07 07:20:00",1780983329,"2026-06-09 01:36:27.179","light"
"Sarah","2026-06-09 01:35:28.192","2026-06-07","2026-06-07 07:21:00",1780983329,"2026-06-09 01:36:27.355","rem"
"Sarah","2026-06-09 01:35:28.192","2026-06-07","2026-06-07 07:22:00",1780983329,"2026-06-09 01:36:28.087","rem"
"Sarah","2026-06-09 01:35:28.192","2026-06-07","2026-06-07 07:23:00",1780983329,"2026-06-09 01:36:28.293","rem"
"Sarah","2026-06-09 01:35:28.192","2026-06-07","2026-06-07 07:24:00",1780983329,"2026-06-09 01:36:28.47","rem"
"Sarah","2026-06-09 01:35:28.192","2026-06-07","2026-06-07 07:25:00",1780983329,"2026-06-09 01:36:28.652","rem"
"Sarah","2026-06-09 01:35:28.192","2026-06-07","2026-06-07 07:26:00",1780983329,"2026-06-09 01:36:28.827","rem"
"Sarah","2026-06-09 01:35:28.192","2026-06-07","2026-06-07 07:27:00",1780983329,"2026-06-09 01:36:29.003","rem"
"Sarah","2026-06-09 01:35:28.192","2026-06-07","2026-06-07 07:28:00",1780983329,"2026-06-09 01:36:29.185","rem"
"Sarah","2026-06-09 01:35:28.192","2026-06-07","2026-06-07 07:29:00",1780983329,"2026-06-09 01:36:29.381","rem"
"Sarah","2026-06-09 01:35:28.192","2026-06-07","2026-06-07 07:30:00",1780983329,"2026-06-09 01:36:29.58","rem"
"Sarah","2026-06-09 01:35:28.192","2026-06-07","2026-06-07 07:31:00",1780983329,"2026-06-09 01:36:29.746","rem"
"Sarah","2026-06-09 01:35:28.192","2026-06-07","2026-06-07 07:32:00",1780983329,"2026-06-09 01:36:29.913","rem"
"Sarah","2026-06-09 01:35:28.192","2026-06-07","2026-06-07 07:33:00",1780983329,"2026-06-09 01:36:30.109","rem"
"Sarah","2026-06-09 01:35:28.192","2026-06-07","2026-06-07 07:34:00",1780983329,"2026-06-09 01:36:30.53","rem"
"Sarah","2026-06-09 01:35:28.192","2026-06-07","2026-06-07 07:35:00",1780983329,"2026-06-09 01:36:31.035","rem"
"Sarah","2026-06-09 01:35:28.192","2026-06-07","2026-06-07 07:36:00",1780983329,"2026-06-09 01:36:31.208","rem"
"Sarah","2026-06-09 01:35:28.192","2026-06-07","2026-06-07 07:37:00",1780983329,"2026-06-09 01:36:31.662","rem"
"Sarah","2026-06-09 01:35:28.192","2026-06-07","2026-06-07 07:38:00",1780983329,"2026-06-09 01:36:31.862","rem"
"Sarah","2026-06-09 01:35:28.192","2026-06-07","2026-06-07 07:39:00",1780983329,"2026-06-09 01:36:32.048","rem"
"Sarah","2026-06-09 01:35:28.192","2026-06-07","2026-06-07 07:40:00",1780983329,"2026-06-09 01:36:32.236","rem"
"Sarah","2026-06-09 01:35:28.192","2026-06-07","2026-06-07 07:41:00",1780983329,"2026-06-09 01:36:32.411","rem"
"Sarah","2026-06-09 01:35:28.192","2026-06-07","2026-06-07 07:42:00",1780983329,"2026-06-09 01:36:32.58","rem"
"Sarah","2026-06-09 01:35:28.192","2026-06-07","2026-06-07 07:43:00",1780983329,"2026-06-09 01:36:32.754","rem"
"Sarah","2026-06-09 01:35:28.192","2026-06-07","2026-06-07 07:44:00",1780983329,"2026-06-09 01:36:32.931","rem"
"Sarah","2026-06-09 01:35:28.192","2026-06-07","2026-06-07 07:45:00",1780983329,"2026-06-09 01:36:33.193","rem"
"Sarah","2026-06-09 01:35:28.192","2026-06-07","2026-06-07 07:46:00",1780983329,"2026-06-09 01:36:34.057","rem"
"Sarah","2026-06-09 01:35:28.192","2026-06-07","2026-06-07 07:47:00",1780983329,"2026-06-09 01:36:34.244","rem"
"Sarah","2026-06-09 01:35:28.192","2026-06-07","2026-06-07 07:48:00",1780983329,"2026-06-09 01:36:34.419","rem"
"Sarah","2026-06-09 01:35:28.192","2026-06-07","2026-06-07 07:49:00",1780983329,"2026-06-09 01:36:34.591","light"
"Sarah","2026-06-09 01:35:28.192","2026-06-07","2026-06-07 07:50:00",1780983329,"2026-06-09 01:36:34.776","light"
"Sarah","2026-06-09 01:35:28.192","2026-06-07","2026-06-07 07:51:00",1780983329,"2026-06-09 01:36:34.96","light"
"Sarah","2026-06-09 01:35:28.192","2026-06-07","2026-06-07 07:52:00",1780983329,"2026-06-09 01:36:35.138","light"
"Sarah","2026-06-09 01:35:28.192","2026-06-07","2026-06-07 07:53:00",1780983329,"2026-06-09 01:36:35.442","light"
"Sarah","2026-06-09 01:35:28.192","2026-06-07","2026-06-07 07:54:00",1780983329,"2026-06-09 01:36:35.609","light"
"Sarah","2026-06-09 01:35:28.192","2026-06-07","2026-06-07 07:55:00",1780983329,"2026-06-09 01:36:35.762","light"
"Sarah","2026-06-09 01:35:28.192","2026-06-07","2026-06-07 07:56:00",1780983329,"2026-06-09 01:36:35.923","light"
"Sarah","2026-06-09 01:35:28.192","2026-06-07","2026-06-07 07:57:00",1780983329,"2026-06-09 01:36:36.108","light"
"Sarah","2026-06-09 01:35:28.192","2026-06-07","2026-06-07 07:58:00",1780983329,"2026-06-09 01:36:36.272","light"
"Sarah","2026-06-09 01:35:28.192","2026-06-07","2026-06-07 07:59:00",1780983329,"2026-06-09 01:36:36.438","light"
"Sarah","2026-06-09 01:35:28.192","2026-06-07","2026-06-07 08:00:00",1780983329,"2026-06-09 01:36:36.889","light"
"Sarah","2026-06-09 01:35:28.192","2026-06-07","2026-06-07 08:01:00",1780983329,"2026-06-09 01:36:37.076","light"
"Sarah","2026-06-09 01:35:28.192","2026-06-07","2026-06-07 08:02:00",1780983329,"2026-06-09 01:36:37.259","light"
"Sarah","2026-06-09 01:35:28.192","2026-06-07","2026-06-07 08:03:00",1780983329,"2026-06-09 01:36:39.048","light"
"Sarah","2026-06-09 01:35:28.192","2026-06-07","2026-06-07 08:04:00",1780983329,"2026-06-09 01:36:39.224","light"
"Sarah","2026-06-09 01:35:28.192","2026-06-07","2026-06-07 08:05:00",1780983329,"2026-06-09 01:36:39.401","light"
"Sarah","2026-06-09 01:35:28.192","2026-06-07","2026-06-07 08:06:00",1780983329,"2026-06-09 01:36:39.708","light"
"Sarah","2026-06-09 01:35:28.192","2026-06-07","2026-06-07 08:07:00",1780983329,"2026-06-09 01:36:39.898","light"
"Sarah","2026-06-09 01:35:28.192","2026-06-07","2026-06-07 08:08:00",1780983329,"2026-06-09 01:36:40.117","light"
"Sarah","2026-06-09 01:35:28.192","2026-06-07","2026-06-07 08:09:00",1780983329,"2026-06-09 01:36:40.32","light"
"Sarah","2026-06-09 01:35:28.192","2026-06-07","2026-06-07 08:10:00",1780983329,"2026-06-09 01:36:40.5","light"
"Sarah","2026-06-09 01:35:28.192","2026-06-07","2026-06-07 08:11:00",1780983329,"2026-06-09 01:36:40.667","light"
"Sarah","2026-06-09 01:35:28.192","2026-06-07","2026-06-07 08:12:00",1780983329,"2026-06-09 01:36:40.838","light"
"Sarah","2026-06-09 01:35:28.192","2026-06-07","2026-06-07 08:13:00",1780983329,"2026-06-09 01:36:41","light"
"Sarah","2026-06-09 01:35:28.192","2026-06-07","2026-06-07 08:14:00",1780983329,"2026-06-09 01:36:41.386","light"
"Sarah","2026-06-09 01:35:28.192","2026-06-07","2026-06-07 08:15:00",1780983329,"2026-06-09 01:36:41.586","light"
"Sarah","2026-06-09 01:35:28.192","2026-06-07","2026-06-07 08:16:00",1780983329,"2026-06-09 01:36:41.763","light"
"Sarah","2026-06-09 01:35:28.192","2026-06-07","2026-06-07 08:17:00",1780983329,"2026-06-09 01:36:41.947","light"
"Sarah","2026-06-09 01:35:28.192","2026-06-07","2026-06-07 08:18:00",1780983329,"2026-06-09 01:36:42.122","light"
"Sarah","2026-06-09 01:35:28.192","2026-06-07","2026-06-07 08:19:00",1780983329,"2026-06-09 01:36:42.323","light"
"Sarah","2026-06-09 01:35:28.192","2026-06-07","2026-06-07 08:20:00",1780983329,"2026-06-09 01:36:42.491","light"
"Sarah","2026-06-09 01:35:28.192","2026-06-07","2026-06-07 08:21:00",1780983329,"2026-06-09 01:36:42.668","light"
"Sarah","2026-06-09 01:35:28.192","2026-06-07","2026-06-07 08:22:00",1780983329,"2026-06-09 01:36:43.352","light"
"Sarah","2026-06-09 01:35:28.192","2026-06-07","2026-06-07 08:23:00",1780983329,"2026-06-09 01:36:43.529","light"
"Sarah","2026-06-09 01:35:28.192","2026-06-07","2026-06-07 08:24:00",1780983329,"2026-06-09 01:36:43.707","light"
"Sarah","2026-06-09 01:35:28.192","2026-06-07","2026-06-07 08:25:00",1780983329,"2026-06-09 01:36:43.866","light"
"Sarah","2026-06-09 01:35:28.192","2026-06-07","2026-06-07 08:26:00",1780983329,"2026-06-09 01:36:44.028","light"
"Sarah","2026-06-09 01:35:28.192","2026-06-07","2026-06-07 08:27:00",1780983329,"2026-06-09 01:36:44.217","light"
"Sarah","2026-06-09 01:35:28.192","2026-06-07","2026-06-07 08:28:00",1780983329,"2026-06-09 01:36:44.385","light"
"Sarah","2026-06-09 01:35:28.192","2026-06-07","2026-06-07 08:29:00",1780983329,"2026-06-09 01:36:44.548","light"
"Sarah","2026-06-09 01:35:28.192","2026-06-07","2026-06-07 08:30:00",1780983329,"2026-06-09 01:36:44.716","light"
"Sarah","2026-06-09 01:35:28.192","2026-06-07","2026-06-07 08:31:00",1780983329,"2026-06-09 01:36:45.22","light"
"Sarah","2026-06-09 01:35:28.192","2026-06-07","2026-06-07 08:32:00",1780983329,"2026-06-09 01:36:45.377","light"
"Sarah","2026-06-09 01:35:28.192","2026-06-07","2026-06-07 08:33:00",1780983329,"2026-06-09 01:36:45.552","light"
"Sarah","2026-06-09 01:35:28.192","2026-06-07","2026-06-07 08:34:00",1780983329,"2026-06-09 01:36:45.716","light"
"Sarah","2026-06-09 01:35:28.192","2026-06-07","2026-06-07 08:35:00",1780983329,"2026-06-09 01:36:45.878","light"
"Sarah","2026-06-09 01:35:28.192","2026-06-07","2026-06-07 08:36:00",1780983329,"2026-06-09 01:36:46.052","light"
"Sarah","2026-06-09 01:35:28.192","2026-06-07","2026-06-07 08:37:00",1780983329,"2026-06-09 01:36:46.202","light"
"Sarah","2026-06-09 01:35:28.192","2026-06-07","2026-06-07 08:38:00",1780983329,"2026-06-09 01:36:46.389","light"
"Sarah","2026-06-09 01:35:28.192","2026-06-07","2026-06-07 08:39:00",1780983329,"2026-06-09 01:36:46.576","light"
"Sarah","2026-06-09 01:35:28.192","2026-06-07","2026-06-07 08:40:00",1780983329,"2026-06-09 01:36:46.758","light"
"Sarah","2026-06-09 01:35:28.192","2026-06-07","2026-06-07 08:41:00",1780983329,"2026-06-09 01:36:46.935","light"
"Sarah","2026-06-09 01:35:28.192","2026-06-07","2026-06-07 08:42:00",1780983329,"2026-06-09 01:36:47.133","light"
"Sarah","2026-06-09 01:35:28.192","2026-06-07","2026-06-07 08:43:00",1780983329,"2026-06-09 01:36:47.294","light"
"Sarah","2026-06-09 01:35:28.192","2026-06-07","2026-06-07 08:44:00",1780983329,"2026-06-09 01:36:47.453","light"
"Sarah","2026-06-09 01:35:28.192","2026-06-07","2026-06-07 08:45:00",1780983329,"2026-06-09 01:36:47.622","light"
"Sarah","2026-06-09 01:35:28.192","2026-06-07","2026-06-07 08:46:00",1780983329,"2026-06-09 01:36:47.807","light"
"Sarah","2026-06-09 01:35:28.192","2026-06-07","2026-06-07 08:47:00",1780983329,"2026-06-09 01:36:48.082","light"
"Sarah","2026-06-09 01:35:28.192","2026-06-07","2026-06-07 08:48:00",1780983329,"2026-06-09 01:36:48.247","light"
"Sarah","2026-06-09 01:35:28.192","2026-06-07","2026-06-07 08:49:00",1780983329,"2026-06-09 01:36:48.416","light"
"Sarah","2026-06-09 01:35:28.192","2026-06-07","2026-06-07 08:50:00",1780983329,"2026-06-09 01:36:48.587","light"
"Sarah","2026-06-09 01:35:28.192","2026-06-07","2026-06-07 08:51:00",1780983329,"2026-06-09 01:36:48.822","rem"
"Sarah","2026-06-09 01:35:28.192","2026-06-07","2026-06-07 08:52:00",1780983329,"2026-06-09 01:36:49.006","rem"
"Sarah","2026-06-09 01:35:28.192","2026-06-07","2026-06-07 08:53:00",1780983329,"2026-06-09 01:36:49.165","rem"
"Sarah","2026-06-09 01:35:28.192","2026-06-07","2026-06-07 08:54:00",1780983329,"2026-06-09 01:36:49.33","light"
"Sarah","2026-06-09 01:35:28.192","2026-06-07","2026-06-07 08:55:00",1780983329,"2026-06-09 01:36:49.501","light"
"Sarah","2026-06-09 01:35:28.192","2026-06-07","2026-06-07 08:56:00",1780983329,"2026-06-09 01:36:49.675","light"
"Sarah","2026-06-09 01:35:28.192","2026-06-07","2026-06-07 08:57:00",1780983329,"2026-06-09 01:36:49.883","light"
"Sarah","2026-06-09 01:35:28.192","2026-06-07","2026-06-07 08:58:00",1780983329,"2026-06-09 01:36:50.06","light"
"Sarah","2026-06-09 01:35:28.192","2026-06-07","2026-06-07 08:59:00",1780983329,"2026-06-09 01:36:50.22","rem"
"Sarah","2026-06-09 01:35:28.192","2026-06-07","2026-06-07 09:00:00",1780983329,"2026-06-09 01:36:50.417","rem"
"Sarah","2026-06-09 01:35:28.192","2026-06-07","2026-06-07 09:01:00",1780983329,"2026-06-09 01:36:50.593","rem"
"Sarah","2026-06-09 01:35:28.192","2026-06-07","2026-06-07 09:02:00",1780983329,"2026-06-09 01:36:50.757","rem"
"Sarah","2026-06-09 01:35:28.192","2026-06-07","2026-06-07 09:03:00",1780983329,"2026-06-09 01:36:50.932","rem"
"Sarah","2026-06-09 01:35:28.192","2026-06-07","2026-06-07 09:04:00",1780983329,"2026-06-09 01:36:51.089","rem"
"Sarah","2026-06-09 01:35:28.192","2026-06-07","2026-06-07 09:05:00",1780983329,"2026-06-09 01:36:51.285","rem"
"Sarah","2026-06-09 01:35:28.192","2026-06-07","2026-06-07 09:06:00",1780983329,"2026-06-09 01:36:51.447","rem"
"Sarah","2026-06-09 01:35:28.192","2026-06-07","2026-06-07 09:07:00",1780983329,"2026-06-09 01:36:51.604","rem"
"Sarah","2026-06-09 01:35:28.192","2026-06-07","2026-06-07 09:08:00",1780983329,"2026-06-09 01:36:51.76","rem"
"Sarah","2026-06-09 01:35:28.192","2026-06-07","2026-06-07 09:09:00",1780983329,"2026-06-09 01:36:51.932","rem"
"Sarah","2026-06-09 01:35:28.192","2026-06-07","2026-06-07 09:10:00",1780983329,"2026-06-09 01:36:52.146","rem"
"Sarah","2026-06-09 01:35:28.192","2026-06-07","2026-06-07 09:11:00",1780983329,"2026-06-09 01:36:52.317","rem"
"Sarah","2026-06-09 01:35:28.192","2026-06-07","2026-06-07 09:12:00",1780983329,"2026-06-09 01:36:52.519","rem"
"Sarah","2026-06-09 01:35:28.192","2026-06-07","2026-06-07 09:13:00",1780983329,"2026-06-09 01:36:52.669","rem"
"Sarah","2026-06-09 01:35:28.192","2026-06-07","2026-06-07 09:14:00",1780983329,"2026-06-09 01:36:52.831","rem"
"Sarah","2026-06-09 01:35:28.192","2026-06-07","2026-06-07 09:15:00",1780983329,"2026-06-09 01:36:52.98","rem"
"Sarah","2026-06-09 01:35:28.192","2026-06-07","2026-06-07 09:16:00",1780983329,"2026-06-09 01:36:53.133","rem"
"Sarah","2026-06-09 01:35:28.192","2026-06-07","2026-06-07 09:17:00",1780983329,"2026-06-09 01:36:53.309","rem"
"Sarah","2026-06-09 01:35:28.192","2026-06-07","2026-06-07 09:18:00",1780983329,"2026-06-09 01:36:53.468","rem"
"Sarah","2026-06-09 01:35:28.192","2026-06-07","2026-06-07 09:19:00",1780983329,"2026-06-09 01:36:53.632","rem"
"Sarah","2026-06-09 01:35:28.192","2026-06-07","2026-06-07 09:20:00",1780983329,"2026-06-09 01:36:53.795","rem"
"Sarah","2026-06-09 01:35:28.192","2026-06-07","2026-06-07 09:21:00",1780983329,"2026-06-09 01:36:53.965","rem"
"Sarah","2026-06-09 01:35:28.192","2026-06-07","2026-06-07 09:22:00",1780983329,"2026-06-09 01:36:54.128","rem"
"Sarah","2026-06-09 01:35:28.192","2026-06-07","2026-06-07 09:23:00",1780983329,"2026-06-09 01:36:54.304","rem"
"Sarah","2026-06-09 01:35:28.192","2026-06-07","2026-06-07 09:24:00",1780983329,"2026-06-09 01:36:54.479","rem"
"Sarah","2026-06-09 01:35:28.192","2026-06-07","2026-06-07 09:25:00",1780983329,"2026-06-09 01:36:54.646","rem"
"Sarah","2026-06-09 01:35:28.192","2026-06-07","2026-06-07 09:26:00",1780983329,"2026-06-09 01:36:54.811","rem"
"Sarah","2026-06-09 01:35:28.192","2026-06-07","2026-06-07 09:27:00",1780983329,"2026-06-09 01:36:54.973","rem"
"Sarah","2026-06-09 01:35:28.192","2026-06-07","2026-06-07 09:28:00",1780983329,"2026-06-09 01:36:55.146","rem"
"Sarah","2026-06-09 01:35:28.192","2026-06-07","2026-06-07 09:29:00",1780983329,"2026-06-09 01:36:55.349","rem"
"Sarah","2026-06-09 01:35:28.192","2026-06-07","2026-06-07 09:30:00",1780983329,"2026-06-09 01:36:55.528","rem"
"Sarah","2026-06-09 01:35:28.192","2026-06-07","2026-06-07 09:31:00",1780983329,"2026-06-09 01:36:55.683","rem"
"Sarah","2026-06-09 01:35:28.192","2026-06-07","2026-06-07 09:32:00",1780983329,"2026-06-09 01:36:55.866","rem"
"Sarah","2026-06-09 01:35:28.192","2026-06-07","2026-06-07 09:33:00",1780983329,"2026-06-09 01:36:56.022","rem"
"Sarah","2026-06-09 01:35:28.192","2026-06-07","2026-06-07 09:34:00",1780983329,"2026-06-09 01:36:56.206","rem"
"Sarah","2026-06-09 01:35:28.192","2026-06-07","2026-06-07 09:35:00",1780983329,"2026-06-09 01:36:56.392","rem"
"Sarah","2026-06-09 01:35:28.192","2026-06-07","2026-06-07 09:36:00",1780983329,"2026-06-09 01:36:56.565","rem"
"Sarah","2026-06-09 01:35:28.192","2026-06-07","2026-06-07 09:37:00",1780983329,"2026-06-09 01:36:56.737","rem"
"Sarah","2026-06-09 01:35:28.192","2026-06-07","2026-06-07 09:38:00",1780983329,"2026-06-09 01:36:56.91","rem"
"Sarah","2026-06-09 01:35:28.192","2026-06-07","2026-06-07 09:39:00",1780983329,"2026-06-09 01:36:57.104","rem"
"Sarah","2026-06-09 01:35:28.192","2026-06-07","2026-06-07 09:40:00",1780983329,"2026-06-09 01:36:57.481","rem"
"Sarah","2026-06-09 01:35:28.192","2026-06-07","2026-06-07 09:41:00",1780983329,"2026-06-09 01:36:57.682","rem"
"Sarah","2026-06-09 01:35:28.192","2026-06-07","2026-06-07 09:42:00",1780983329,"2026-06-09 01:36:57.858","rem"
"Sarah","2026-06-09 01:35:28.192","2026-06-07","2026-06-07 09:43:00",1780983329,"2026-06-09 01:36:58.03","light"
"Sarah","2026-06-09 01:35:28.192","2026-06-07","2026-06-07 09:44:00",1780983329,"2026-06-09 01:36:58.214","light"
"Sarah","2026-06-09 01:35:28.192","2026-06-07","2026-06-07 09:45:00",1780983329,"2026-06-09 01:36:58.559","light"
"Sarah","2026-06-09 01:35:28.192","2026-06-07","2026-06-07 09:46:00",1780983329,"2026-06-09 01:36:58.742","light"
"Sarah","2026-06-09 01:35:28.192","2026-06-07","2026-06-07 09:47:00",1780983329,"2026-06-09 01:36:58.901","light"
"Sarah","2026-06-09 01:35:28.192","2026-06-07","2026-06-07 09:48:00",1780983329,"2026-06-09 01:36:59.079","light"
"Sarah","2026-06-09 01:35:28.192","2026-06-07","2026-06-07 09:49:00",1780983329,"2026-06-09 01:36:59.257","light"
"Sarah","2026-06-09 01:35:28.192","2026-06-07","2026-06-07 09:50:00",1780983329,"2026-06-09 01:36:59.411","light"
"Sarah","2026-06-09 01:35:28.192","2026-06-07","2026-06-07 09:51:00",1780983329,"2026-06-09 01:36:59.591","light"
"Sarah","2026-06-09 01:35:28.192","2026-06-07","2026-06-07 09:52:00",1780983329,"2026-06-09 01:36:59.769","light"
"Sarah","2026-06-09 01:35:28.192","2026-06-07","2026-06-07 09:53:00",1780983329,"2026-06-09 01:36:59.927","light"
"Sarah","2026-06-09 01:35:28.192","2026-06-07","2026-06-07 09:54:00",1780983329,"2026-06-09 01:37:00.161","light"
"Sarah","2026-06-09 01:35:28.192","2026-06-07","2026-06-07 09:55:00",1780983329,"2026-06-09 01:37:00.323","light"
"Sarah","2026-06-09 01:35:28.192","2026-06-07","2026-06-07 09:56:00",1780983329,"2026-06-09 01:37:00.676","light"
"Sarah","2026-06-09 01:35:28.192","2026-06-07","2026-06-07 09:57:00",1780983329,"2026-06-09 01:37:00.88","light"
"Sarah","2026-06-09 01:35:28.192","2026-06-07","2026-06-07 09:58:00",1780983329,"2026-06-09 01:37:01.056","light"
"Sarah","2026-06-09 01:35:28.192","2026-06-07","2026-06-07 09:59:00",1780983329,"2026-06-09 01:37:01.212","light"
"Sarah","2026-06-09 01:35:28.192","2026-06-07","2026-06-07 10:00:00",1780983329,"2026-06-09 01:37:01.376","light"
"Sarah","2026-06-09 01:35:28.192","2026-06-07","2026-06-07 10:01:00",1780983329,"2026-06-09 01:37:01.602","light"
"Sarah","2026-06-09 01:35:28.192","2026-06-07","2026-06-07 10:02:00",1780983329,"2026-06-09 01:37:01.798","light"
"Sarah","2026-06-09 01:35:28.192","2026-06-07","2026-06-07 10:03:00",1780983329,"2026-06-09 01:37:01.971","light"
"Sarah","2026-06-09 01:35:28.192","2026-06-07","2026-06-07 10:04:00",1780983329,"2026-06-09 01:37:02.148","light"
"Sarah","2026-06-09 01:35:28.192","2026-06-07","2026-06-07 10:05:00",1780983329,"2026-06-09 01:37:02.356","light"
"Sarah","2026-06-09 01:35:28.192","2026-06-07","2026-06-07 10:06:00",1780983329,"2026-06-09 01:37:02.525","light"
"Sarah","2026-06-09 01:35:28.192","2026-06-07","2026-06-07 10:07:00",1780983329,"2026-06-09 01:37:02.695","light"
"Sarah","2026-06-09 01:35:28.192","2026-06-07","2026-06-07 10:08:00",1780983329,"2026-06-09 01:37:02.89","light"
"Sarah","2026-06-09 01:35:28.192","2026-06-07","2026-06-07 10:09:00",1780983329,"2026-06-09 01:37:03.055","light"
"Sarah","2026-06-09 01:35:28.192","2026-06-07","2026-06-07 10:10:00",1780983329,"2026-06-09 01:37:03.267","light"
"Sarah","2026-06-09 01:35:28.192","2026-06-07","2026-06-07 10:11:00",1780983329,"2026-06-09 01:37:03.532","light"
"Sarah","2026-06-09 01:35:28.192","2026-06-07","2026-06-07 10:12:00",1780983329,"2026-06-09 01:37:03.704","light"
"Sarah","2026-06-09 01:35:28.192","2026-06-07","2026-06-07 10:13:00",1780983329,"2026-06-09 01:37:03.944","light"
"Sarah","2026-06-09 01:35:28.192","2026-06-07","2026-06-07 10:14:00",1780983329,"2026-06-09 01:37:04.119","light"
"Sarah","2026-06-09 01:35:28.192","2026-06-07","2026-06-07 10:15:00",1780983329,"2026-06-09 01:37:04.321","light"
"Sarah","2026-06-09 01:35:28.192","2026-06-07","2026-06-07 10:16:00",1780983329,"2026-06-09 01:37:04.497","light"
"Sarah","2026-06-09 01:35:28.192","2026-06-07","2026-06-07 10:17:00",1780983329,"2026-06-09 01:37:04.693","light"
"Sarah","2026-06-09 01:35:28.192","2026-06-07","2026-06-07 10:18:00",1780983329,"2026-06-09 01:37:04.908","light"
"Sarah","2026-06-09 01:35:28.192","2026-06-07","2026-06-07 10:19:00",1780983329,"2026-06-09 01:37:05.091","light"
"Sarah","2026-06-09 01:35:28.192","2026-06-07","2026-06-07 10:20:00",1780983329,"2026-06-09 01:37:05.278","light"
"Sarah","2026-06-09 01:35:28.192","2026-06-07","2026-06-07 10:21:00",1780983329,"2026-06-09 01:37:05.45","light"
"Sarah","2026-06-09 01:35:28.192","2026-06-07","2026-06-07 10:22:00",1780983329,"2026-06-09 01:37:05.634","light"
"Sarah","2026-06-09 01:35:28.192","2026-06-07","2026-06-07 10:23:00",1780983329,"2026-06-09 01:37:05.848","light"
"Sarah","2026-06-09 01:35:28.192","2026-06-07","2026-06-07 10:24:00",1780983329,"2026-06-09 01:37:06.044","light"
"Sarah","2026-06-09 01:35:28.192","2026-06-07","2026-06-07 10:25:00",1780983329,"2026-06-09 01:37:06.234","light"
"Sarah","2026-06-09 01:35:28.192","2026-06-07","2026-06-07 10:26:00",1780983329,"2026-06-09 01:37:06.42","light"
"Sarah","2026-06-09 01:35:28.192","2026-06-07","2026-06-07 10:27:00",1780983329,"2026-06-09 01:37:06.712","light"
"Sarah","2026-06-09 01:35:28.192","2026-06-07","2026-06-07 10:28:00",1780983329,"2026-06-09 01:37:07.089","light"
"Sarah","2026-06-09 01:35:28.192","2026-06-07","2026-06-07 10:29:00",1780983329,"2026-06-09 01:37:07.297","light"
"Sarah","2026-06-09 01:35:28.192","2026-06-07","2026-06-07 10:30:00",1780983329,"2026-06-09 01:37:07.52","light"
"Sarah","2026-06-09 01:35:28.192","2026-06-07","2026-06-07 10:31:00",1780983329,"2026-06-09 01:37:07.864","light"
"Sarah","2026-06-09 01:35:28.192","2026-06-07","2026-06-07 10:32:00",1780983329,"2026-06-09 01:37:08.124","light"
"Sarah","2026-06-09 01:35:28.192","2026-06-07","2026-06-07 10:33:00",1780983329,"2026-06-09 01:37:08.312","light"
"Sarah","2026-06-09 01:35:28.192","2026-06-07","2026-06-07 10:34:00",1780983329,"2026-06-09 01:37:08.477","light"
"Sarah","2026-06-09 01:35:28.192","2026-06-07","2026-06-07 10:35:00",1780983329,"2026-06-09 01:37:08.669","light"
"Sarah","2026-06-09 01:35:28.192","2026-06-07","2026-06-07 10:36:00",1780983329,"2026-06-09 01:37:08.871","light"
"Sarah","2026-06-09 01:35:28.192","2026-06-07","2026-06-07 10:37:00",1780983329,"2026-06-09 01:37:09.093","light"
"Sarah","2026-06-09 01:35:28.192","2026-06-07","2026-06-07 10:38:00",1780983329,"2026-06-09 01:37:09.279","light"
"Sarah","2026-06-09 01:35:28.192","2026-06-07","2026-06-07 10:39:00",1780983329,"2026-06-09 01:37:09.472","light"
"Sarah","2026-06-09 01:35:28.192","2026-06-07","2026-06-07 10:40:00",1780983329,"2026-06-09 01:37:09.647","light"
"Sarah","2026-06-09 01:35:28.192","2026-06-07","2026-06-07 10:41:00",1780983329,"2026-06-09 01:37:09.839","light"
"Sarah","2026-06-09 01:35:28.192","2026-06-07","2026-06-07 10:42:00",1780983329,"2026-06-09 01:37:10.057","light"
"Sarah","2026-06-09 01:35:28.192","2026-06-07","2026-06-07 10:43:00",1780983329,"2026-06-09 01:37:10.3","light"
"Sarah","2026-06-09 01:35:28.192","2026-06-07","2026-06-07 10:44:00",1780983329,"2026-06-09 01:37:10.569","light"
"Sarah","2026-06-09 01:35:28.192","2026-06-07","2026-06-07 10:45:00",1780983329,"2026-06-09 01:37:10.775","light"
"Sarah","2026-06-09 01:35:28.192","2026-06-07","2026-06-07 10:46:00",1780983329,"2026-06-09 01:37:10.949","light"
"Sarah","2026-06-09 01:35:28.192","2026-06-07","2026-06-07 10:47:00",1780983329,"2026-06-09 01:37:11.126","light"
"Sarah","2026-06-09 01:35:28.192","2026-06-07","2026-06-07 10:48:00",1780983329,"2026-06-09 01:37:11.295","light"
"Sarah","2026-06-09 01:35:28.192","2026-06-07","2026-06-07 10:49:00",1780983329,"2026-06-09 01:37:11.484","light"
"Sarah","2026-06-09 01:35:28.192","2026-06-07","2026-06-07 10:50:00",1780983329,"2026-06-09 01:37:11.677","light"
"Sarah","2026-06-09 01:35:28.192","2026-06-07","2026-06-07 10:51:00",1780983329,"2026-06-09 01:37:11.868","light"
"Sarah","2026-06-09 01:35:28.192","2026-06-07","2026-06-07 10:52:00",1780983329,"2026-06-09 01:37:12.031","light"
"Sarah","2026-06-09 01:35:28.192","2026-06-07","2026-06-07 10:53:00",1780983329,"2026-06-09 01:37:12.203","light"
"Sarah","2026-06-09 01:35:28.192","2026-06-07","2026-06-07 10:54:00",1780983329,"2026-06-09 01:37:12.381","light"
"Sarah","2026-06-09 01:35:28.192","2026-06-07","2026-06-07 10:55:00",1780983329,"2026-06-09 01:37:13.226","rem"
"Sarah","2026-06-09 01:35:28.192","2026-06-07","2026-06-07 10:56:00",1780983329,"2026-06-09 01:37:13.434","rem"
"Sarah","2026-06-09 01:35:28.192","2026-06-07","2026-06-07 10:57:00",1780983329,"2026-06-09 01:37:13.96","rem"
"Sarah","2026-06-09 01:35:28.192","2026-06-07","2026-06-07 10:58:00",1780983329,"2026-06-09 01:37:14.958","rem"
"Sarah","2026-06-09 01:35:28.192","2026-06-07","2026-06-07 10:59:00",1780983329,"2026-06-09 01:37:15.697","rem"
"Sarah","2026-06-09 01:35:28.192","2026-06-07","2026-06-07 11:00:00",1780983329,"2026-06-09 01:37:15.874","wake"
"Sarah","2026-06-09 01:35:28.192","2026-06-07","2026-06-07 11:01:00",1780983329,"2026-06-09 01:37:16.562","wake"
