"participantID","datetime_fetch","date","timestamp","value"
"Sarah","2026-06-09 00:15:41","2026-05-28","2026-05-28T18:16:34Z",97.6
"Sarah","2026-06-09 00:15:41","2026-05-28","2026-05-28T18:17:34Z",97.1
"Sarah","2026-06-09 00:15:41","2026-05-28","2026-05-28T18:18:34Z",96.9
"Sarah","2026-06-09 00:15:41","2026-05-28","2026-05-28T18:19:34Z",96.6
"Sarah","2026-06-09 00:15:41","2026-05-28","2026-05-28T18:20:34Z",96.5
"Sarah","2026-06-09 00:15:41","2026-05-28","2026-05-28T18:21:34Z",96.4
"Sarah","2026-06-09 00:15:41","2026-05-28","2026-05-28T18:22:34Z",96.4
"Sarah","2026-06-09 00:15:41","2026-05-28","2026-05-28T18:23:34Z",96.3
"Sarah","2026-06-09 00:15:41","2026-05-28","2026-05-28T18:24:34Z",96.3
"Sarah","2026-06-09 00:15:41","2026-05-28","2026-05-28T18:25:34Z",96.4
"Sarah","2026-06-09 00:15:41","2026-05-28","2026-05-28T18:26:34Z",96.3
"Sarah","2026-06-09 00:15:41","2026-05-28","2026-05-28T18:27:34Z",96.3
"Sarah","2026-06-09 00:15:41","2026-05-28","2026-05-28T18:28:34Z",96.3
"Sarah","2026-06-09 00:15:41","2026-05-28","2026-05-28T18:29:34Z",96.2
"Sarah","2026-06-09 00:15:41","2026-05-28","2026-05-28T18:30:34Z",96.2
"Sarah","2026-06-09 00:15:41","2026-05-28","2026-05-28T18:31:34Z",96.2
"Sarah","2026-06-09 00:15:41","2026-05-28","2026-05-28T18:32:34Z",96.1
"Sarah","2026-06-09 00:15:41","2026-05-28","2026-05-28T18:33:34Z",96
"Sarah","2026-06-09 00:15:41","2026-05-28","2026-05-28T18:34:34Z",96
"Sarah","2026-06-09 00:15:41","2026-05-28","2026-05-28T18:35:34Z",96
"Sarah","2026-06-09 00:15:41","2026-05-28","2026-05-28T18:36:34Z",96
"Sarah","2026-06-09 00:15:41","2026-05-28","2026-05-28T18:37:34Z",96
"Sarah","2026-06-09 00:15:41","2026-05-28","2026-05-28T18:38:34Z",95.9
"Sarah","2026-06-09 00:15:41","2026-05-28","2026-05-28T18:39:34Z",95.9
"Sarah","2026-06-09 00:15:41","2026-05-28","2026-05-28T18:40:34Z",95.9
"Sarah","2026-06-09 00:15:41","2026-05-28","2026-05-28T18:41:34Z",95.9
"Sarah","2026-06-09 00:15:41","2026-05-28","2026-05-28T18:42:34Z",95.9
"Sarah","2026-06-09 00:15:41","2026-05-28","2026-05-28T18:43:34Z",95.9
"Sarah","2026-06-09 00:15:41","2026-05-28","2026-05-28T18:44:34Z",95.8
"Sarah","2026-06-09 00:15:41","2026-05-28","2026-05-28T18:45:34Z",95.8
"Sarah","2026-06-09 00:15:41","2026-05-28","2026-05-28T18:46:34Z",95.7
"Sarah","2026-06-09 00:15:41","2026-05-28","2026-05-28T18:47:34Z",95.6
"Sarah","2026-06-09 00:15:41","2026-05-28","2026-05-28T18:48:34Z",95.6
"Sarah","2026-06-09 00:15:41","2026-05-28","2026-05-28T18:49:34Z",95.6
"Sarah","2026-06-09 00:15:41","2026-05-28","2026-05-28T18:50:34Z",95.6
"Sarah","2026-06-09 00:15:41","2026-05-28","2026-05-28T18:51:34Z",95.6
"Sarah","2026-06-09 00:15:41","2026-05-28","2026-05-28T18:52:34Z",95.6
"Sarah","2026-06-09 00:15:41","2026-05-28","2026-05-28T18:53:34Z",95.6
"Sarah","2026-06-09 00:15:41","2026-05-28","2026-05-28T18:54:34Z",95.5
"Sarah","2026-06-09 00:15:41","2026-05-28","2026-05-28T18:55:34Z",95.5
"Sarah","2026-06-09 00:15:41","2026-05-28","2026-05-28T18:56:34Z",95.4
"Sarah","2026-06-09 00:15:41","2026-05-28","2026-05-28T18:57:34Z",95.4
"Sarah","2026-06-09 00:15:41","2026-05-28","2026-05-28T18:58:34Z",95.4
"Sarah","2026-06-09 00:15:41","2026-05-28","2026-05-28T18:59:34Z",95.4
"Sarah","2026-06-09 00:15:41","2026-05-28","2026-05-28T19:00:34Z",95.4
"Sarah","2026-06-09 00:15:41","2026-05-28","2026-05-28T19:01:34Z",95.4
"Sarah","2026-06-09 00:15:41","2026-05-28","2026-05-28T19:02:34Z",95.4
"Sarah","2026-06-09 00:15:41","2026-05-28","2026-05-28T19:03:34Z",50
"Sarah","2026-06-09 00:15:41","2026-05-28","2026-05-28T19:04:34Z",96
"Sarah","2026-06-09 00:15:41","2026-05-28","2026-05-28T19:05:34Z",50
"Sarah","2026-06-09 00:15:41","2026-05-28","2026-05-28T19:06:34Z",96.2
"Sarah","2026-06-09 00:15:41","2026-05-28","2026-05-28T19:07:34Z",96.1
"Sarah","2026-06-09 00:15:41","2026-05-28","2026-05-28T19:08:34Z",50
"Sarah","2026-06-09 00:15:41","2026-05-28","2026-05-28T19:09:34Z",96.4
"Sarah","2026-06-09 00:15:41","2026-05-28","2026-05-28T19:10:34Z",50
"Sarah","2026-06-09 00:15:41","2026-05-28","2026-05-28T19:11:34Z",94.8
"Sarah","2026-06-09 00:15:41","2026-05-28","2026-05-28T19:12:34Z",93.4
"Sarah","2026-06-09 00:15:41","2026-05-28","2026-05-28T19:13:34Z",92.3
"Sarah","2026-06-09 00:15:41","2026-05-28","2026-05-28T19:14:34Z",91.8
"Sarah","2026-06-09 00:15:41","2026-05-28","2026-05-28T19:15:34Z",91.8
"Sarah","2026-06-09 00:15:41","2026-05-28","2026-05-28T19:16:34Z",91.7
"Sarah","2026-06-09 00:15:41","2026-05-28","2026-05-28T19:17:34Z",91.9
"Sarah","2026-06-09 00:15:41","2026-05-28","2026-05-28T19:18:34Z",91.8
"Sarah","2026-06-09 00:15:41","2026-05-28","2026-05-28T19:19:34Z",92.2
"Sarah","2026-06-09 00:15:41","2026-05-28","2026-05-28T19:20:34Z",92.6
"Sarah","2026-06-09 00:15:41","2026-05-28","2026-05-28T19:21:34Z",92.8
"Sarah","2026-06-09 00:15:41","2026-05-28","2026-05-28T19:22:34Z",92.8
"Sarah","2026-06-09 00:15:41","2026-05-28","2026-05-28T19:23:34Z",93
"Sarah","2026-06-09 00:15:41","2026-05-28","2026-05-28T19:24:34Z",93.1
"Sarah","2026-06-09 00:15:41","2026-05-28","2026-05-28T19:25:34Z",93
"Sarah","2026-06-09 00:15:41","2026-05-28","2026-05-28T19:26:34Z",93.1
"Sarah","2026-06-09 00:15:41","2026-05-28","2026-05-28T19:27:34Z",93.3
"Sarah","2026-06-09 00:15:41","2026-05-28","2026-05-28T19:28:34Z",93.8
"Sarah","2026-06-09 00:15:41","2026-05-28","2026-05-28T19:29:34Z",93.8
"Sarah","2026-06-09 00:15:41","2026-05-28","2026-05-28T19:30:34Z",93.7
"Sarah","2026-06-09 00:15:41","2026-05-28","2026-05-28T19:31:34Z",93.7
"Sarah","2026-06-09 00:15:41","2026-05-28","2026-05-28T19:32:34Z",94
"Sarah","2026-06-09 00:15:41","2026-05-28","2026-05-28T19:33:34Z",94.3
"Sarah","2026-06-09 00:15:41","2026-05-28","2026-05-28T19:34:34Z",94.5
"Sarah","2026-06-09 00:15:41","2026-05-28","2026-05-28T19:35:34Z",94.5
"Sarah","2026-06-09 00:15:41","2026-05-28","2026-05-28T19:36:34Z",94.4
"Sarah","2026-06-09 00:15:41","2026-05-28","2026-05-28T19:37:34Z",94.5
"Sarah","2026-06-09 00:15:41","2026-05-28","2026-05-28T19:38:34Z",94.4
"Sarah","2026-06-09 00:15:41","2026-05-28","2026-05-28T19:39:34Z",94.5
"Sarah","2026-06-09 00:15:41","2026-05-28","2026-05-28T19:40:34Z",94.4
"Sarah","2026-06-09 00:15:41","2026-05-28","2026-05-28T19:41:34Z",94.5
"Sarah","2026-06-09 00:15:41","2026-05-28","2026-05-28T19:42:34Z",93.9
"Sarah","2026-06-09 00:15:41","2026-05-28","2026-05-28T19:43:34Z",95.5
"Sarah","2026-06-09 00:15:41","2026-05-28","2026-05-28T19:44:34Z",96.3
"Sarah","2026-06-09 00:15:41","2026-05-28","2026-05-28T19:45:34Z",97
"Sarah","2026-06-09 00:15:41","2026-05-28","2026-05-28T19:46:34Z",97.5
"Sarah","2026-06-09 00:15:41","2026-05-28","2026-05-28T19:47:34Z",97.8
"Sarah","2026-06-09 00:15:41","2026-05-28","2026-05-28T19:48:34Z",97.6
"Sarah","2026-06-09 00:15:41","2026-05-28","2026-05-28T19:49:34Z",97.9
"Sarah","2026-06-09 00:15:41","2026-05-28","2026-05-28T19:50:34Z",97.9
"Sarah","2026-06-09 00:15:41","2026-05-28","2026-05-28T19:51:34Z",97.6
"Sarah","2026-06-09 00:15:41","2026-05-28","2026-05-28T19:52:34Z",97.9
"Sarah","2026-06-09 00:15:41","2026-05-28","2026-05-28T19:53:34Z",98.2
"Sarah","2026-06-09 00:15:41","2026-05-28","2026-05-28T19:54:34Z",98.5
"Sarah","2026-06-09 00:15:41","2026-05-28","2026-05-28T19:55:34Z",98.7
"Sarah","2026-06-09 00:15:41","2026-05-28","2026-05-28T19:56:34Z",98.7
"Sarah","2026-06-09 00:15:41","2026-05-28","2026-05-28T19:57:34Z",99
"Sarah","2026-06-09 00:15:41","2026-05-28","2026-05-28T19:58:34Z",99.1
"Sarah","2026-06-09 00:15:41","2026-05-28","2026-05-28T19:59:34Z",99.1
"Sarah","2026-06-09 00:15:41","2026-05-28","2026-05-28T20:00:34Z",99.2
"Sarah","2026-06-09 00:15:41","2026-05-28","2026-05-28T20:01:34Z",99.2
"Sarah","2026-06-09 00:15:41","2026-05-28","2026-05-28T20:02:34Z",99.1
"Sarah","2026-06-09 00:15:41","2026-05-28","2026-05-28T20:03:34Z",99
"Sarah","2026-06-09 00:15:41","2026-05-28","2026-05-28T20:04:34Z",98.8
"Sarah","2026-06-09 00:15:41","2026-05-28","2026-05-28T20:05:34Z",98.8
"Sarah","2026-06-09 00:15:41","2026-05-28","2026-05-28T20:06:34Z",98.7
"Sarah","2026-06-09 00:15:41","2026-05-28","2026-05-28T20:07:34Z",98.6
"Sarah","2026-06-09 00:15:41","2026-05-28","2026-05-28T20:08:34Z",98.5
"Sarah","2026-06-09 00:15:41","2026-05-28","2026-05-28T20:09:34Z",98.5
"Sarah","2026-06-09 00:15:41","2026-05-28","2026-05-28T20:10:34Z",98.4
"Sarah","2026-06-09 00:15:41","2026-05-28","2026-05-28T20:11:34Z",98.5
"Sarah","2026-06-09 00:15:41","2026-05-28","2026-05-28T20:12:34Z",98.5
"Sarah","2026-06-09 00:15:41","2026-05-28","2026-05-28T20:13:34Z",98.6
"Sarah","2026-06-09 00:15:41","2026-05-28","2026-05-28T20:14:34Z",98.7
"Sarah","2026-06-09 00:15:41","2026-05-28","2026-05-28T20:15:34Z",98.7
"Sarah","2026-06-09 00:15:41","2026-05-28","2026-05-28T20:16:34Z",98.5
"Sarah","2026-06-09 00:15:41","2026-05-28","2026-05-28T20:17:34Z",98.4
"Sarah","2026-06-09 00:15:41","2026-05-28","2026-05-28T20:18:34Z",98.4
"Sarah","2026-06-09 00:15:41","2026-05-28","2026-05-28T20:19:34Z",98.3
"Sarah","2026-06-09 00:15:41","2026-05-28","2026-05-28T20:20:34Z",98.1
"Sarah","2026-06-09 00:15:41","2026-05-28","2026-05-28T20:21:34Z",98
"Sarah","2026-06-09 00:15:41","2026-05-28","2026-05-28T20:22:34Z",50
"Sarah","2026-06-09 00:15:41","2026-05-28","2026-05-28T20:23:34Z",50
"Sarah","2026-06-09 00:15:41","2026-05-28","2026-05-28T20:24:34Z",50
"Sarah","2026-06-09 00:15:41","2026-05-28","2026-05-28T20:25:34Z",50
"Sarah","2026-06-09 00:15:41","2026-05-28","2026-05-28T20:26:34Z",50
"Sarah","2026-06-09 00:15:41","2026-05-28","2026-05-28T20:27:34Z",50
"Sarah","2026-06-09 00:15:41","2026-05-28","2026-05-28T20:28:34Z",50
"Sarah","2026-06-09 00:15:41","2026-05-28","2026-05-28T20:29:34Z",50
"Sarah","2026-06-09 00:15:41","2026-05-28","2026-05-28T20:30:34Z",50
"Sarah","2026-06-09 00:15:41","2026-05-28","2026-05-28T20:31:34Z",50
"Sarah","2026-06-09 00:15:41","2026-05-28","2026-05-28T20:32:34Z",50
"Sarah","2026-06-09 00:15:41","2026-05-28","2026-05-28T20:33:34Z",50
"Sarah","2026-06-09 00:15:41","2026-05-28","2026-05-28T20:34:34Z",50
"Sarah","2026-06-09 00:12:30","2026-05-29","2026-05-29T05:56:03Z",99.2
"Sarah","2026-06-09 00:12:30","2026-05-29","2026-05-29T05:57:03Z",98.8
"Sarah","2026-06-09 00:12:30","2026-05-29","2026-05-29T05:58:03Z",98.2
"Sarah","2026-06-09 00:12:30","2026-05-29","2026-05-29T05:59:03Z",97.5
"Sarah","2026-06-09 00:12:30","2026-05-29","2026-05-29T06:00:03Z",97.1
"Sarah","2026-06-09 00:12:30","2026-05-29","2026-05-29T06:01:03Z",95.9
"Sarah","2026-06-09 00:12:30","2026-05-29","2026-05-29T06:02:03Z",95.9
"Sarah","2026-06-09 00:12:30","2026-05-29","2026-05-29T06:03:03Z",95.7
"Sarah","2026-06-09 00:12:30","2026-05-29","2026-05-29T06:04:03Z",95.5
"Sarah","2026-06-09 00:12:30","2026-05-29","2026-05-29T06:05:03Z",95.5
"Sarah","2026-06-09 00:12:30","2026-05-29","2026-05-29T06:07:03Z",91.2
"Sarah","2026-06-09 00:12:30","2026-05-29","2026-05-29T06:08:03Z",92.7
"Sarah","2026-06-09 00:12:30","2026-05-29","2026-05-29T06:09:03Z",93.6
"Sarah","2026-06-09 00:12:30","2026-05-29","2026-05-29T06:10:03Z",94
"Sarah","2026-06-09 00:12:30","2026-05-29","2026-05-29T06:11:03Z",94.3
"Sarah","2026-06-09 00:12:30","2026-05-29","2026-05-29T06:12:03Z",94.4
"Sarah","2026-06-09 00:12:30","2026-05-29","2026-05-29T06:13:03Z",94.7
"Sarah","2026-06-09 00:12:30","2026-05-29","2026-05-29T06:14:03Z",94.7
"Sarah","2026-06-09 00:12:30","2026-05-29","2026-05-29T06:15:03Z",94.7
"Sarah","2026-06-09 00:12:30","2026-05-29","2026-05-29T06:16:03Z",94.6
"Sarah","2026-06-09 00:12:30","2026-05-29","2026-05-29T06:17:03Z",94.6
"Sarah","2026-06-09 00:12:30","2026-05-29","2026-05-29T06:18:03Z",94.6
"Sarah","2026-06-09 00:12:30","2026-05-29","2026-05-29T06:19:03Z",94.6
"Sarah","2026-06-09 00:12:30","2026-05-29","2026-05-29T06:20:03Z",94.6
"Sarah","2026-06-09 00:12:30","2026-05-29","2026-05-29T06:21:03Z",50
"Sarah","2026-06-09 00:12:30","2026-05-29","2026-05-29T06:22:03Z",95
"Sarah","2026-06-09 00:12:30","2026-05-29","2026-05-29T06:23:03Z",95.5
"Sarah","2026-06-09 00:12:30","2026-05-29","2026-05-29T06:24:03Z",95.7
"Sarah","2026-06-09 00:12:30","2026-05-29","2026-05-29T06:25:03Z",95.6
"Sarah","2026-06-09 00:12:30","2026-05-29","2026-05-29T06:26:03Z",95.6
"Sarah","2026-06-09 00:12:30","2026-05-29","2026-05-29T06:27:03Z",95.6
"Sarah","2026-06-09 00:12:30","2026-05-29","2026-05-29T06:28:03Z",95.6
"Sarah","2026-06-09 00:12:30","2026-05-29","2026-05-29T06:29:03Z",95.6
"Sarah","2026-06-09 00:12:30","2026-05-29","2026-05-29T06:30:03Z",50
"Sarah","2026-06-09 00:12:30","2026-05-29","2026-05-29T06:31:03Z",95.8
"Sarah","2026-06-09 00:12:30","2026-05-29","2026-05-29T06:32:03Z",96.1
"Sarah","2026-06-09 00:12:30","2026-05-29","2026-05-29T06:33:03Z",96.1
"Sarah","2026-06-09 00:12:30","2026-05-29","2026-05-29T06:34:03Z",96.1
"Sarah","2026-06-09 00:12:30","2026-05-29","2026-05-29T06:35:03Z",96.1
"Sarah","2026-06-09 00:12:30","2026-05-29","2026-05-29T06:36:03Z",95.9
"Sarah","2026-06-09 00:12:30","2026-05-29","2026-05-29T06:37:03Z",50
"Sarah","2026-06-09 00:12:30","2026-05-29","2026-05-29T06:38:03Z",95.9
"Sarah","2026-06-09 00:12:30","2026-05-29","2026-05-29T06:39:03Z",96.3
"Sarah","2026-06-09 00:12:30","2026-05-29","2026-05-29T06:40:03Z",96.6
"Sarah","2026-06-09 00:12:30","2026-05-29","2026-05-29T06:41:03Z",96.7
"Sarah","2026-06-09 00:12:30","2026-05-29","2026-05-29T06:42:03Z",96.6
"Sarah","2026-06-09 00:12:30","2026-05-29","2026-05-29T06:43:03Z",50
"Sarah","2026-06-09 00:12:30","2026-05-29","2026-05-29T06:44:03Z",96.5
"Sarah","2026-06-09 00:12:30","2026-05-29","2026-05-29T06:45:03Z",50
"Sarah","2026-06-09 00:12:30","2026-05-29","2026-05-29T06:46:03Z",96.4
"Sarah","2026-06-09 00:12:30","2026-05-29","2026-05-29T06:47:03Z",96
"Sarah","2026-06-09 00:12:30","2026-05-29","2026-05-29T06:48:03Z",95.9
"Sarah","2026-06-09 00:12:30","2026-05-29","2026-05-29T06:49:03Z",95.6
"Sarah","2026-06-09 00:12:30","2026-05-29","2026-05-29T06:50:03Z",95.7
"Sarah","2026-06-09 00:12:30","2026-05-29","2026-05-29T06:51:03Z",95.9
"Sarah","2026-06-09 00:12:30","2026-05-29","2026-05-29T06:52:03Z",95.9
"Sarah","2026-06-09 00:12:30","2026-05-29","2026-05-29T06:53:03Z",95.8
"Sarah","2026-06-09 00:12:30","2026-05-29","2026-05-29T06:54:03Z",95.7
"Sarah","2026-06-09 00:12:30","2026-05-29","2026-05-29T06:55:03Z",96
"Sarah","2026-06-09 00:12:30","2026-05-29","2026-05-29T06:56:03Z",96.1
"Sarah","2026-06-09 00:12:30","2026-05-29","2026-05-29T06:57:03Z",96.4
"Sarah","2026-06-09 00:12:30","2026-05-29","2026-05-29T06:58:03Z",96.5
"Sarah","2026-06-09 00:12:30","2026-05-29","2026-05-29T06:59:03Z",96.5
"Sarah","2026-06-09 00:12:30","2026-05-29","2026-05-29T07:00:03Z",96.3
"Sarah","2026-06-09 00:12:30","2026-05-29","2026-05-29T07:01:03Z",96.4
"Sarah","2026-06-09 00:12:30","2026-05-29","2026-05-29T07:02:03Z",96.2
"Sarah","2026-06-09 00:12:30","2026-05-29","2026-05-29T07:03:03Z",96
"Sarah","2026-06-09 00:12:30","2026-05-29","2026-05-29T07:04:03Z",96
"Sarah","2026-06-09 00:12:30","2026-05-29","2026-05-29T07:05:03Z",95.9
"Sarah","2026-06-09 00:12:30","2026-05-29","2026-05-29T07:06:03Z",94.8
"Sarah","2026-06-09 00:12:30","2026-05-29","2026-05-29T07:07:03Z",94.5
"Sarah","2026-06-09 00:12:30","2026-05-29","2026-05-29T07:08:03Z",50
"Sarah","2026-06-09 00:12:30","2026-05-29","2026-05-29T07:09:03Z",95
"Sarah","2026-06-09 00:12:30","2026-05-29","2026-05-29T07:10:03Z",95.1
"Sarah","2026-06-09 00:12:30","2026-05-29","2026-05-29T07:11:03Z",50
"Sarah","2026-06-09 00:12:30","2026-05-29","2026-05-29T07:12:03Z",95.6
"Sarah","2026-06-09 00:12:30","2026-05-29","2026-05-29T07:13:03Z",95.7
"Sarah","2026-06-09 00:12:30","2026-05-29","2026-05-29T07:14:03Z",95.4
"Sarah","2026-06-09 00:12:30","2026-05-29","2026-05-29T07:15:03Z",95.3
"Sarah","2026-06-09 00:12:30","2026-05-29","2026-05-29T07:16:03Z",95.3
"Sarah","2026-06-09 00:12:30","2026-05-29","2026-05-29T07:17:03Z",95.3
"Sarah","2026-06-09 00:12:30","2026-05-29","2026-05-29T07:18:03Z",95.2
"Sarah","2026-06-09 00:12:30","2026-05-29","2026-05-29T07:19:03Z",95.2
"Sarah","2026-06-09 00:12:30","2026-05-29","2026-05-29T07:20:03Z",95.2
"Sarah","2026-06-09 00:12:30","2026-05-29","2026-05-29T07:21:03Z",95.2
"Sarah","2026-06-09 00:12:30","2026-05-29","2026-05-29T07:22:03Z",95.1
"Sarah","2026-06-09 00:12:30","2026-05-29","2026-05-29T07:23:03Z",95.1
"Sarah","2026-06-09 00:12:30","2026-05-29","2026-05-29T07:24:03Z",95.1
"Sarah","2026-06-09 00:12:30","2026-05-29","2026-05-29T07:25:03Z",95.1
"Sarah","2026-06-09 00:12:30","2026-05-29","2026-05-29T07:26:03Z",95.1
"Sarah","2026-06-09 00:12:30","2026-05-29","2026-05-29T07:27:03Z",95.1
"Sarah","2026-06-09 00:12:30","2026-05-29","2026-05-29T07:28:03Z",95
"Sarah","2026-06-09 00:12:30","2026-05-29","2026-05-29T07:29:03Z",95
"Sarah","2026-06-09 00:12:30","2026-05-29","2026-05-29T07:30:03Z",95.1
"Sarah","2026-06-09 00:12:30","2026-05-29","2026-05-29T07:31:03Z",94.9
"Sarah","2026-06-09 00:12:30","2026-05-29","2026-05-29T07:32:03Z",95
"Sarah","2026-06-09 00:12:30","2026-05-29","2026-05-29T07:33:03Z",95
"Sarah","2026-06-09 00:12:30","2026-05-29","2026-05-29T07:34:03Z",95
"Sarah","2026-06-09 00:12:30","2026-05-29","2026-05-29T07:35:03Z",95
"Sarah","2026-06-09 00:12:30","2026-05-29","2026-05-29T07:36:03Z",95
"Sarah","2026-06-09 00:12:30","2026-05-29","2026-05-29T07:37:03Z",95
"Sarah","2026-06-09 00:12:30","2026-05-29","2026-05-29T07:38:03Z",95.1
"Sarah","2026-06-09 00:12:30","2026-05-29","2026-05-29T07:39:03Z",95
"Sarah","2026-06-09 00:12:30","2026-05-29","2026-05-29T07:40:03Z",95
"Sarah","2026-06-09 00:12:30","2026-05-29","2026-05-29T07:41:03Z",95
"Sarah","2026-06-09 00:12:30","2026-05-29","2026-05-29T07:42:03Z",95
"Sarah","2026-06-09 00:12:30","2026-05-29","2026-05-29T07:43:03Z",95
"Sarah","2026-06-09 00:12:30","2026-05-29","2026-05-29T07:44:03Z",95
"Sarah","2026-06-09 00:12:30","2026-05-29","2026-05-29T07:45:03Z",95
"Sarah","2026-06-09 00:12:30","2026-05-29","2026-05-29T07:46:03Z",95
"Sarah","2026-06-09 00:12:30","2026-05-29","2026-05-29T07:47:03Z",95
"Sarah","2026-06-09 00:12:30","2026-05-29","2026-05-29T07:48:03Z",95
"Sarah","2026-06-09 00:12:30","2026-05-29","2026-05-29T07:49:03Z",95
"Sarah","2026-06-09 00:12:30","2026-05-29","2026-05-29T07:50:03Z",95.1
"Sarah","2026-06-09 00:12:30","2026-05-29","2026-05-29T07:51:03Z",95.1
"Sarah","2026-06-09 00:12:30","2026-05-29","2026-05-29T07:52:03Z",95.1
"Sarah","2026-06-09 00:12:30","2026-05-29","2026-05-29T07:53:03Z",95.1
"Sarah","2026-06-09 00:12:30","2026-05-29","2026-05-29T07:54:03Z",95
"Sarah","2026-06-09 00:12:30","2026-05-29","2026-05-29T07:55:03Z",95.2
"Sarah","2026-06-09 00:12:30","2026-05-29","2026-05-29T07:56:03Z",94.8
"Sarah","2026-06-09 00:12:30","2026-05-29","2026-05-29T07:57:03Z",94.4
"Sarah","2026-06-09 00:12:30","2026-05-29","2026-05-29T07:58:03Z",93.8
"Sarah","2026-06-09 00:12:30","2026-05-29","2026-05-29T07:59:03Z",93.4
"Sarah","2026-06-09 00:12:30","2026-05-29","2026-05-29T08:00:03Z",93.4
"Sarah","2026-06-09 00:12:30","2026-05-29","2026-05-29T08:01:03Z",93.3
"Sarah","2026-06-09 00:12:30","2026-05-29","2026-05-29T08:02:03Z",93.3
"Sarah","2026-06-09 00:12:30","2026-05-29","2026-05-29T08:03:03Z",93.3
"Sarah","2026-06-09 00:12:30","2026-05-29","2026-05-29T08:04:03Z",50
"Sarah","2026-06-09 00:12:30","2026-05-29","2026-05-29T08:05:03Z",93.7
"Sarah","2026-06-09 00:12:30","2026-05-29","2026-05-29T08:06:03Z",94.2
"Sarah","2026-06-09 00:12:30","2026-05-29","2026-05-29T08:07:03Z",94.3
"Sarah","2026-06-09 00:12:30","2026-05-29","2026-05-29T08:08:03Z",94.3
"Sarah","2026-06-09 00:12:30","2026-05-29","2026-05-29T08:09:03Z",94.3
"Sarah","2026-06-09 00:12:30","2026-05-29","2026-05-29T08:10:03Z",94.2
"Sarah","2026-06-09 00:12:30","2026-05-29","2026-05-29T08:11:03Z",94.4
"Sarah","2026-06-09 00:12:30","2026-05-29","2026-05-29T08:12:03Z",94.4
"Sarah","2026-06-09 00:12:30","2026-05-29","2026-05-29T08:13:03Z",94.3
"Sarah","2026-06-09 00:12:30","2026-05-29","2026-05-29T08:14:03Z",94.3
"Sarah","2026-06-09 00:12:30","2026-05-29","2026-05-29T08:15:03Z",94.1
"Sarah","2026-06-09 00:12:30","2026-05-29","2026-05-29T08:16:03Z",94.1
"Sarah","2026-06-09 00:12:30","2026-05-29","2026-05-29T08:17:03Z",94
"Sarah","2026-06-09 00:12:30","2026-05-29","2026-05-29T08:18:03Z",94
"Sarah","2026-06-09 00:12:30","2026-05-29","2026-05-29T08:19:03Z",93.8
"Sarah","2026-06-09 00:12:30","2026-05-29","2026-05-29T08:20:03Z",94.4
"Sarah","2026-06-09 00:12:30","2026-05-29","2026-05-29T08:21:03Z",94.8
"Sarah","2026-06-09 00:12:30","2026-05-29","2026-05-29T08:22:03Z",95.3
"Sarah","2026-06-09 00:12:30","2026-05-29","2026-05-29T08:23:03Z",95.6
"Sarah","2026-06-09 00:12:30","2026-05-29","2026-05-29T08:24:03Z",96.1
"Sarah","2026-06-09 00:12:30","2026-05-29","2026-05-29T08:25:03Z",96.4
"Sarah","2026-06-09 00:12:30","2026-05-29","2026-05-29T08:26:03Z",96.4
"Sarah","2026-06-09 00:12:30","2026-05-29","2026-05-29T08:27:03Z",96.5
"Sarah","2026-06-09 00:12:30","2026-05-29","2026-05-29T08:28:03Z",96.5
"Sarah","2026-06-09 00:12:30","2026-05-29","2026-05-29T08:29:03Z",96.5
"Sarah","2026-06-09 00:12:30","2026-05-29","2026-05-29T08:30:03Z",96.8
"Sarah","2026-06-09 00:12:30","2026-05-29","2026-05-29T08:31:03Z",96.7
"Sarah","2026-06-09 00:12:30","2026-05-29","2026-05-29T08:32:03Z",96.5
"Sarah","2026-06-09 00:12:30","2026-05-29","2026-05-29T08:33:03Z",96.5
"Sarah","2026-06-09 00:12:30","2026-05-29","2026-05-29T08:34:03Z",96.9
"Sarah","2026-06-09 00:12:30","2026-05-29","2026-05-29T08:35:03Z",96.7
"Sarah","2026-06-09 00:12:30","2026-05-29","2026-05-29T08:36:03Z",96.7
"Sarah","2026-06-09 00:12:30","2026-05-29","2026-05-29T08:37:03Z",96.6
"Sarah","2026-06-09 00:12:30","2026-05-29","2026-05-29T08:38:03Z",96.8
"Sarah","2026-06-09 00:12:30","2026-05-29","2026-05-29T08:39:03Z",96.8
"Sarah","2026-06-09 00:12:30","2026-05-29","2026-05-29T08:40:03Z",96.9
"Sarah","2026-06-09 00:12:30","2026-05-29","2026-05-29T08:41:03Z",97
"Sarah","2026-06-09 00:12:30","2026-05-29","2026-05-29T08:42:03Z",97
"Sarah","2026-06-09 00:12:30","2026-05-29","2026-05-29T08:43:03Z",97.1
"Sarah","2026-06-09 00:12:30","2026-05-29","2026-05-29T08:44:03Z",96.9
"Sarah","2026-06-09 00:12:30","2026-05-29","2026-05-29T08:45:03Z",97
"Sarah","2026-06-09 00:12:30","2026-05-29","2026-05-29T08:46:03Z",97
"Sarah","2026-06-09 00:12:30","2026-05-29","2026-05-29T08:47:03Z",97
"Sarah","2026-06-09 00:12:30","2026-05-29","2026-05-29T08:48:03Z",97
"Sarah","2026-06-09 00:12:30","2026-05-29","2026-05-29T08:49:03Z",96.9
"Sarah","2026-06-09 00:12:30","2026-05-29","2026-05-29T08:50:03Z",97.2
"Sarah","2026-06-09 00:12:30","2026-05-29","2026-05-29T08:51:03Z",97.1
"Sarah","2026-06-09 00:12:30","2026-05-29","2026-05-29T08:52:03Z",97
"Sarah","2026-06-09 00:12:30","2026-05-29","2026-05-29T08:53:03Z",96.8
"Sarah","2026-06-09 00:12:30","2026-05-29","2026-05-29T08:54:03Z",96.4
"Sarah","2026-06-09 00:12:30","2026-05-29","2026-05-29T08:55:03Z",96.1
"Sarah","2026-06-09 00:12:30","2026-05-29","2026-05-29T08:56:03Z",96.2
"Sarah","2026-06-09 00:12:30","2026-05-29","2026-05-29T08:57:03Z",95.7
"Sarah","2026-06-09 00:12:30","2026-05-29","2026-05-29T08:58:03Z",95.9
"Sarah","2026-06-09 00:12:30","2026-05-29","2026-05-29T08:59:03Z",95.8
"Sarah","2026-06-09 00:12:30","2026-05-29","2026-05-29T09:00:03Z",95.8
"Sarah","2026-06-09 00:12:30","2026-05-29","2026-05-29T09:01:03Z",95.8
"Sarah","2026-06-09 00:12:30","2026-05-29","2026-05-29T09:02:03Z",95.8
"Sarah","2026-06-09 00:12:30","2026-05-29","2026-05-29T09:03:03Z",95.8
"Sarah","2026-06-09 00:12:30","2026-05-29","2026-05-29T09:04:03Z",95.6
"Sarah","2026-06-09 00:12:30","2026-05-29","2026-05-29T09:05:03Z",95.7
"Sarah","2026-06-09 00:12:30","2026-05-29","2026-05-29T09:06:03Z",50
"Sarah","2026-06-09 00:12:30","2026-05-29","2026-05-29T09:07:03Z",96.2
"Sarah","2026-06-09 00:12:30","2026-05-29","2026-05-29T09:08:03Z",96.3
"Sarah","2026-06-09 00:12:30","2026-05-29","2026-05-29T09:09:03Z",96.1
"Sarah","2026-06-09 00:12:30","2026-05-29","2026-05-29T09:10:03Z",96
"Sarah","2026-06-09 00:12:30","2026-05-29","2026-05-29T09:11:03Z",96
"Sarah","2026-06-09 00:12:30","2026-05-29","2026-05-29T09:12:03Z",95.9
"Sarah","2026-06-09 00:12:30","2026-05-29","2026-05-29T09:13:03Z",95.9
"Sarah","2026-06-09 00:12:30","2026-05-29","2026-05-29T09:14:03Z",96
"Sarah","2026-06-09 00:12:30","2026-05-29","2026-05-29T09:15:03Z",96
"Sarah","2026-06-09 00:12:30","2026-05-29","2026-05-29T09:16:03Z",95.9
"Sarah","2026-06-09 00:12:30","2026-05-29","2026-05-29T09:17:03Z",96
"Sarah","2026-06-09 00:12:30","2026-05-29","2026-05-29T09:18:03Z",96
"Sarah","2026-06-09 00:12:30","2026-05-29","2026-05-29T09:19:03Z",95.7
"Sarah","2026-06-09 00:12:30","2026-05-29","2026-05-29T09:20:03Z",95.2
"Sarah","2026-06-09 00:12:30","2026-05-29","2026-05-29T09:21:03Z",94.4
"Sarah","2026-06-09 00:12:30","2026-05-29","2026-05-29T09:22:03Z",94
"Sarah","2026-06-09 00:12:30","2026-05-29","2026-05-29T09:23:03Z",93.7
"Sarah","2026-06-09 00:12:30","2026-05-29","2026-05-29T09:24:03Z",93.5
"Sarah","2026-06-09 00:12:30","2026-05-29","2026-05-29T09:25:03Z",93.4
"Sarah","2026-06-09 00:12:30","2026-05-29","2026-05-29T09:26:03Z",50
"Sarah","2026-06-09 00:12:30","2026-05-29","2026-05-29T09:27:03Z",94.1
"Sarah","2026-06-09 00:12:30","2026-05-29","2026-05-29T09:28:03Z",94.9
"Sarah","2026-06-09 00:12:30","2026-05-29","2026-05-29T09:29:03Z",94.8
"Sarah","2026-06-09 00:12:30","2026-05-29","2026-05-29T09:30:03Z",94.9
"Sarah","2026-06-09 00:12:30","2026-05-29","2026-05-29T09:31:03Z",95
"Sarah","2026-06-09 00:12:30","2026-05-29","2026-05-29T09:32:03Z",95
"Sarah","2026-06-09 00:12:30","2026-05-29","2026-05-29T09:33:03Z",95
"Sarah","2026-06-09 00:12:30","2026-05-29","2026-05-29T09:34:03Z",95.2
"Sarah","2026-06-09 00:12:30","2026-05-29","2026-05-29T09:35:03Z",95.2
"Sarah","2026-06-09 00:12:30","2026-05-29","2026-05-29T09:36:03Z",95.3
"Sarah","2026-06-09 00:12:30","2026-05-29","2026-05-29T09:37:03Z",95.3
"Sarah","2026-06-09 00:12:30","2026-05-29","2026-05-29T09:38:03Z",95.4
"Sarah","2026-06-09 00:12:30","2026-05-29","2026-05-29T09:39:03Z",95.5
"Sarah","2026-06-09 00:12:30","2026-05-29","2026-05-29T09:40:03Z",95.6
"Sarah","2026-06-09 00:12:30","2026-05-29","2026-05-29T09:41:03Z",95.7
"Sarah","2026-06-09 00:12:30","2026-05-29","2026-05-29T09:42:03Z",95.6
"Sarah","2026-06-09 00:12:30","2026-05-29","2026-05-29T09:43:03Z",95.5
"Sarah","2026-06-09 00:12:30","2026-05-29","2026-05-29T09:44:03Z",95.5
"Sarah","2026-06-09 00:12:30","2026-05-29","2026-05-29T09:45:03Z",95.4
"Sarah","2026-06-09 00:12:30","2026-05-29","2026-05-29T09:46:03Z",95.4
"Sarah","2026-06-09 00:12:30","2026-05-29","2026-05-29T09:47:03Z",95.4
"Sarah","2026-06-09 00:12:30","2026-05-29","2026-05-29T09:48:03Z",95.5
"Sarah","2026-06-09 00:12:30","2026-05-29","2026-05-29T09:49:03Z",95.5
"Sarah","2026-06-09 00:12:30","2026-05-29","2026-05-29T09:50:03Z",95.6
"Sarah","2026-06-09 00:12:30","2026-05-29","2026-05-29T09:51:03Z",95.6
"Sarah","2026-06-09 00:12:30","2026-05-29","2026-05-29T09:52:03Z",95.4
"Sarah","2026-06-09 00:12:30","2026-05-29","2026-05-29T09:53:03Z",95.3
"Sarah","2026-06-09 00:12:30","2026-05-29","2026-05-29T09:54:03Z",95.3
"Sarah","2026-06-09 00:12:30","2026-05-29","2026-05-29T09:55:03Z",95.3
"Sarah","2026-06-09 00:12:30","2026-05-29","2026-05-29T09:56:03Z",95.3
"Sarah","2026-06-09 00:12:30","2026-05-29","2026-05-29T09:57:03Z",95.4
"Sarah","2026-06-09 00:12:30","2026-05-29","2026-05-29T09:58:03Z",95.4
"Sarah","2026-06-09 00:12:30","2026-05-29","2026-05-29T09:59:03Z",95.4
"Sarah","2026-06-09 00:12:30","2026-05-29","2026-05-29T10:00:03Z",50
"Sarah","2026-06-09 00:12:30","2026-05-29","2026-05-29T10:01:03Z",95
"Sarah","2026-06-09 00:12:30","2026-05-29","2026-05-29T10:02:03Z",95
"Sarah","2026-06-09 00:12:30","2026-05-29","2026-05-29T10:03:03Z",95
"Sarah","2026-06-09 00:12:30","2026-05-29","2026-05-29T10:04:03Z",95.4
"Sarah","2026-06-09 00:12:30","2026-05-29","2026-05-29T10:05:03Z",95.4
"Sarah","2026-06-09 00:12:30","2026-05-29","2026-05-29T10:06:03Z",95.6
"Sarah","2026-06-09 00:12:30","2026-05-29","2026-05-29T10:07:03Z",95.7
"Sarah","2026-06-09 00:12:30","2026-05-29","2026-05-29T10:08:03Z",95.5
"Sarah","2026-06-09 00:12:30","2026-05-29","2026-05-29T10:09:03Z",95.3
"Sarah","2026-06-09 00:12:30","2026-05-29","2026-05-29T10:10:03Z",95.6
"Sarah","2026-06-09 00:12:30","2026-05-29","2026-05-29T10:11:03Z",95.4
"Sarah","2026-06-09 00:12:30","2026-05-29","2026-05-29T10:12:03Z",95.4
"Sarah","2026-06-09 00:12:30","2026-05-29","2026-05-29T10:13:03Z",95.7
"Sarah","2026-06-09 00:12:30","2026-05-29","2026-05-29T10:14:03Z",95.7
"Sarah","2026-06-09 00:12:30","2026-05-29","2026-05-29T10:15:03Z",95.8
"Sarah","2026-06-09 00:12:30","2026-05-29","2026-05-29T10:16:03Z",50
"Sarah","2026-06-09 00:12:30","2026-05-29","2026-05-29T10:17:03Z",96
"Sarah","2026-06-09 00:12:30","2026-05-29","2026-05-29T10:18:03Z",95.8
"Sarah","2026-06-09 00:12:30","2026-05-29","2026-05-29T10:19:03Z",95.6
"Sarah","2026-06-09 00:12:30","2026-05-29","2026-05-29T10:20:03Z",95.9
"Sarah","2026-06-09 00:12:30","2026-05-29","2026-05-29T10:21:03Z",95.8
"Sarah","2026-06-09 00:12:30","2026-05-29","2026-05-29T10:22:03Z",95.6
"Sarah","2026-06-09 00:12:30","2026-05-29","2026-05-29T10:23:03Z",95.4
"Sarah","2026-06-09 00:12:30","2026-05-29","2026-05-29T10:24:03Z",95.2
"Sarah","2026-06-09 00:12:30","2026-05-29","2026-05-29T10:25:03Z",95
"Sarah","2026-06-09 00:12:30","2026-05-29","2026-05-29T10:26:03Z",94.9
"Sarah","2026-06-09 00:12:30","2026-05-29","2026-05-29T10:27:03Z",94.8
"Sarah","2026-06-09 00:12:30","2026-05-29","2026-05-29T10:28:03Z",94.8
"Sarah","2026-06-09 00:12:30","2026-05-29","2026-05-29T10:29:03Z",94.9
"Sarah","2026-06-09 00:12:30","2026-05-29","2026-05-29T10:30:03Z",50
"Sarah","2026-06-09 00:12:30","2026-05-29","2026-05-29T10:31:03Z",95
"Sarah","2026-06-09 00:12:30","2026-05-29","2026-05-29T10:32:03Z",94.9
"Sarah","2026-06-09 00:12:30","2026-05-29","2026-05-29T10:33:03Z",94.9
"Sarah","2026-06-09 00:12:30","2026-05-29","2026-05-29T10:34:03Z",95.1
"Sarah","2026-06-09 00:12:30","2026-05-29","2026-05-29T10:35:03Z",95.1
"Sarah","2026-06-09 00:12:30","2026-05-29","2026-05-29T10:36:03Z",95.1
"Sarah","2026-06-09 00:12:30","2026-05-29","2026-05-29T10:37:03Z",95.3
"Sarah","2026-06-09 00:12:30","2026-05-29","2026-05-29T10:38:03Z",95.4
"Sarah","2026-06-09 00:12:30","2026-05-29","2026-05-29T10:39:03Z",95.4
"Sarah","2026-06-09 00:12:30","2026-05-29","2026-05-29T10:40:03Z",95.4
"Sarah","2026-06-09 00:12:30","2026-05-29","2026-05-29T10:41:03Z",95.4
"Sarah","2026-06-09 00:12:30","2026-05-29","2026-05-29T10:42:03Z",95.5
"Sarah","2026-06-09 00:12:30","2026-05-29","2026-05-29T10:43:03Z",95.6
"Sarah","2026-06-09 00:12:30","2026-05-29","2026-05-29T10:44:03Z",95.6
"Sarah","2026-06-09 00:12:30","2026-05-29","2026-05-29T10:45:03Z",95.6
"Sarah","2026-06-09 00:12:30","2026-05-29","2026-05-29T10:46:03Z",95.7
"Sarah","2026-06-09 00:12:30","2026-05-29","2026-05-29T10:47:03Z",95.5
"Sarah","2026-06-09 00:12:30","2026-05-29","2026-05-29T10:48:03Z",95.5
"Sarah","2026-06-09 00:12:30","2026-05-29","2026-05-29T10:49:03Z",95.4
"Sarah","2026-06-09 00:12:30","2026-05-29","2026-05-29T10:50:03Z",95.5
"Sarah","2026-06-09 00:12:30","2026-05-29","2026-05-29T10:51:03Z",95.4
"Sarah","2026-06-09 00:12:30","2026-05-29","2026-05-29T10:52:03Z",50
"Sarah","2026-06-09 00:12:30","2026-05-29","2026-05-29T10:53:03Z",94.5
"Sarah","2026-06-09 00:12:30","2026-05-29","2026-05-29T10:54:03Z",94.3
"Sarah","2026-06-09 00:12:30","2026-05-29","2026-05-29T10:55:03Z",94.4
"Sarah","2026-06-09 00:12:30","2026-05-29","2026-05-29T10:56:03Z",94.3
"Sarah","2026-06-09 00:12:30","2026-05-29","2026-05-29T10:57:03Z",94.3
"Sarah","2026-06-09 00:12:30","2026-05-29","2026-05-29T10:58:03Z",94.3
"Sarah","2026-06-09 00:12:30","2026-05-29","2026-05-29T10:59:03Z",94.4
"Sarah","2026-06-09 00:12:30","2026-05-29","2026-05-29T11:00:03Z",94.4
"Sarah","2026-06-09 00:12:30","2026-05-29","2026-05-29T11:01:03Z",94.5
"Sarah","2026-06-09 00:12:30","2026-05-29","2026-05-29T11:02:03Z",94.5
"Sarah","2026-06-09 00:12:30","2026-05-29","2026-05-29T11:03:03Z",94.6
"Sarah","2026-06-09 00:12:30","2026-05-29","2026-05-29T11:04:03Z",94.5
"Sarah","2026-06-09 00:12:30","2026-05-29","2026-05-29T11:05:03Z",94.6
"Sarah","2026-06-09 00:12:30","2026-05-29","2026-05-29T11:06:03Z",94.6
"Sarah","2026-06-09 00:12:30","2026-05-29","2026-05-29T11:07:03Z",94.6
"Sarah","2026-06-09 00:12:30","2026-05-29","2026-05-29T11:08:03Z",94.7
"Sarah","2026-06-09 00:12:30","2026-05-29","2026-05-29T11:09:03Z",94.6
"Sarah","2026-06-09 00:12:30","2026-05-29","2026-05-29T11:10:03Z",94.5
"Sarah","2026-06-09 00:12:30","2026-05-29","2026-05-29T11:11:03Z",94.6
"Sarah","2026-06-09 00:12:30","2026-05-29","2026-05-29T11:12:03Z",94.4
"Sarah","2026-06-09 00:12:30","2026-05-29","2026-05-29T11:13:03Z",94.5
"Sarah","2026-06-09 00:12:30","2026-05-29","2026-05-29T11:14:03Z",94.5
"Sarah","2026-06-09 00:12:30","2026-05-29","2026-05-29T11:15:03Z",94.4
"Sarah","2026-06-09 00:12:30","2026-05-29","2026-05-29T11:16:03Z",50
"Sarah","2026-06-09 00:12:30","2026-05-29","2026-05-29T11:17:03Z",93.9
"Sarah","2026-06-09 00:12:30","2026-05-29","2026-05-29T11:18:03Z",93.2
"Sarah","2026-06-09 00:12:30","2026-05-29","2026-05-29T11:19:03Z",93
"Sarah","2026-06-09 00:12:30","2026-05-29","2026-05-29T11:20:03Z",93
"Sarah","2026-06-09 00:12:30","2026-05-29","2026-05-29T11:21:03Z",92.3
"Sarah","2026-06-09 00:12:30","2026-05-29","2026-05-29T11:22:03Z",93.5
"Sarah","2026-06-09 00:12:30","2026-05-29","2026-05-29T11:23:03Z",92.9
"Sarah","2026-06-09 00:12:30","2026-05-29","2026-05-29T11:24:03Z",92.5
"Sarah","2026-06-09 00:12:30","2026-05-29","2026-05-29T11:25:03Z",92.3
"Sarah","2026-06-09 00:12:30","2026-05-29","2026-05-29T11:26:03Z",92.4
"Sarah","2026-06-09 00:12:30","2026-05-29","2026-05-29T11:27:03Z",92.1
"Sarah","2026-06-09 00:12:30","2026-05-29","2026-05-29T11:28:03Z",91.8
"Sarah","2026-06-09 00:12:30","2026-05-29","2026-05-29T11:29:03Z",92.7
"Sarah","2026-06-09 00:12:30","2026-05-29","2026-05-29T11:30:03Z",93.5
"Sarah","2026-06-09 00:12:30","2026-05-29","2026-05-29T11:31:03Z",93.4
"Sarah","2026-06-09 00:12:30","2026-05-29","2026-05-29T11:32:03Z",93.1
"Sarah","2026-06-09 00:12:30","2026-05-29","2026-05-29T11:33:03Z",93.8
"Sarah","2026-06-09 00:12:30","2026-05-29","2026-05-29T11:34:03Z",93.6
"Sarah","2026-06-09 00:12:30","2026-05-29","2026-05-29T11:35:03Z",93.6
"Sarah","2026-06-09 00:12:30","2026-05-29","2026-05-29T11:36:03Z",93.9
"Sarah","2026-06-09 00:12:30","2026-05-29","2026-05-29T11:37:03Z",95.3
"Sarah","2026-06-09 00:12:30","2026-05-29","2026-05-29T11:38:03Z",95.8
"Sarah","2026-06-09 00:12:30","2026-05-29","2026-05-29T11:39:03Z",96.1
"Sarah","2026-06-09 00:12:30","2026-05-29","2026-05-29T11:40:03Z",95.8
"Sarah","2026-06-09 00:12:30","2026-05-29","2026-05-29T11:41:03Z",95.5
"Sarah","2026-06-09 00:12:30","2026-05-29","2026-05-29T11:42:03Z",96
"Sarah","2026-06-09 00:12:30","2026-05-29","2026-05-29T11:43:03Z",96
"Sarah","2026-06-09 00:12:30","2026-05-29","2026-05-29T11:44:03Z",95.8
"Sarah","2026-06-09 00:12:30","2026-05-29","2026-05-29T11:45:03Z",96.7
"Sarah","2026-06-09 00:12:30","2026-05-29","2026-05-29T11:46:03Z",97.2
"Sarah","2026-06-09 00:12:30","2026-05-29","2026-05-29T11:47:03Z",97.2
"Sarah","2026-06-09 00:12:30","2026-05-29","2026-05-29T11:48:03Z",96.1
"Sarah","2026-06-09 00:12:30","2026-05-29","2026-05-29T11:49:03Z",95.4
"Sarah","2026-06-09 00:12:30","2026-05-29","2026-05-29T11:50:03Z",96
"Sarah","2026-06-09 00:12:30","2026-05-29","2026-05-29T11:51:03Z",96.4
"Sarah","2026-06-09 00:12:30","2026-05-29","2026-05-29T11:52:03Z",95.5
"Sarah","2026-06-09 00:12:30","2026-05-29","2026-05-29T11:53:03Z",96.7
"Sarah","2026-06-09 00:12:30","2026-05-29","2026-05-29T11:54:03Z",96.8
"Sarah","2026-06-09 00:12:30","2026-05-29","2026-05-29T11:55:03Z",96.6
"Sarah","2026-06-09 00:12:30","2026-05-29","2026-05-29T11:56:03Z",97.1
"Sarah","2026-06-09 00:12:30","2026-05-29","2026-05-29T11:57:03Z",97.3
"Sarah","2026-06-09 00:12:30","2026-05-29","2026-05-29T11:58:03Z",96.8
"Sarah","2026-06-09 00:12:30","2026-05-29","2026-05-29T11:59:03Z",97.2
"Sarah","2026-06-09 00:12:30","2026-05-29","2026-05-29T12:00:03Z",97
"Sarah","2026-06-09 00:12:30","2026-05-29","2026-05-29T12:01:03Z",97.1
"Sarah","2026-06-09 00:12:30","2026-05-29","2026-05-29T12:02:03Z",96.6
"Sarah","2026-06-09 00:12:30","2026-05-29","2026-05-29T12:03:03Z",95.7
"Sarah","2026-06-09 00:12:30","2026-05-29","2026-05-29T12:04:03Z",95.1
"Sarah","2026-06-09 00:12:30","2026-05-29","2026-05-29T12:05:03Z",94.7
"Sarah","2026-06-09 00:12:30","2026-05-29","2026-05-29T12:06:03Z",94.9
"Sarah","2026-06-09 00:12:30","2026-05-29","2026-05-29T12:07:03Z",95.3
"Sarah","2026-06-09 00:12:30","2026-05-29","2026-05-29T12:08:03Z",50
"Sarah","2026-06-09 00:12:30","2026-05-29","2026-05-29T12:09:03Z",50
"Sarah","2026-06-09 00:12:30","2026-05-29","2026-05-29T12:10:03Z",50
"Sarah","2026-06-09 00:12:30","2026-05-29","2026-05-29T12:11:03Z",50
"Sarah","2026-06-09 00:12:30","2026-05-29","2026-05-29T12:12:03Z",50
"Sarah","2026-06-09 00:12:30","2026-05-29","2026-05-29T12:13:03Z",50
"Sarah","2026-06-09 00:12:30","2026-05-29","2026-05-29T12:14:03Z",50
"Sarah","2026-06-09 00:12:30","2026-05-29","2026-05-29T12:15:03Z",50
"Sarah","2026-06-09 00:12:30","2026-05-29","2026-05-29T12:16:03Z",50
"Sarah","2026-06-09 00:12:30","2026-05-29","2026-05-29T12:17:03Z",50
"Sarah","2026-06-09 00:12:30","2026-05-29","2026-05-29T12:18:03Z",50
"Sarah","2026-06-08 21:48:51","2026-05-30","2026-05-30T05:54:04Z",93.5
"Sarah","2026-06-08 21:48:51","2026-05-30","2026-05-30T05:55:04Z",93.4
"Sarah","2026-06-08 21:48:51","2026-05-30","2026-05-30T05:56:04Z",93.3
"Sarah","2026-06-08 21:48:51","2026-05-30","2026-05-30T05:57:04Z",94
"Sarah","2026-06-08 21:48:51","2026-05-30","2026-05-30T05:58:04Z",94.2
"Sarah","2026-06-08 21:48:51","2026-05-30","2026-05-30T05:59:04Z",94.3
"Sarah","2026-06-08 21:48:51","2026-05-30","2026-05-30T06:00:04Z",94.3
"Sarah","2026-06-08 21:48:51","2026-05-30","2026-05-30T06:01:04Z",94.4
"Sarah","2026-06-08 21:48:51","2026-05-30","2026-05-30T06:02:04Z",94.5
"Sarah","2026-06-08 21:48:51","2026-05-30","2026-05-30T06:03:04Z",94.4
"Sarah","2026-06-08 21:48:51","2026-05-30","2026-05-30T06:04:04Z",94.1
"Sarah","2026-06-08 21:48:51","2026-05-30","2026-05-30T06:05:04Z",94
"Sarah","2026-06-08 21:48:51","2026-05-30","2026-05-30T06:06:04Z",93.9
"Sarah","2026-06-08 21:48:51","2026-05-30","2026-05-30T06:07:04Z",93.8
"Sarah","2026-06-08 21:48:51","2026-05-30","2026-05-30T06:08:04Z",93.8
"Sarah","2026-06-08 21:48:51","2026-05-30","2026-05-30T06:09:04Z",93.7
"Sarah","2026-06-08 21:48:51","2026-05-30","2026-05-30T06:10:04Z",93.4
"Sarah","2026-06-08 21:48:51","2026-05-30","2026-05-30T06:11:04Z",93.4
"Sarah","2026-06-08 21:48:51","2026-05-30","2026-05-30T06:12:04Z",93.3
"Sarah","2026-06-08 21:48:51","2026-05-30","2026-05-30T06:13:04Z",93.3
"Sarah","2026-06-08 21:48:51","2026-05-30","2026-05-30T06:14:04Z",93.3
"Sarah","2026-06-08 21:48:51","2026-05-30","2026-05-30T06:15:04Z",93.2
"Sarah","2026-06-08 21:48:51","2026-05-30","2026-05-30T06:16:04Z",93
"Sarah","2026-06-08 21:48:51","2026-05-30","2026-05-30T06:17:04Z",93.1
"Sarah","2026-06-08 21:48:51","2026-05-30","2026-05-30T06:18:04Z",93.2
"Sarah","2026-06-08 21:48:51","2026-05-30","2026-05-30T06:19:04Z",93.2
"Sarah","2026-06-08 21:48:51","2026-05-30","2026-05-30T06:20:04Z",93.1
"Sarah","2026-06-08 21:48:51","2026-05-30","2026-05-30T06:21:04Z",93.1
"Sarah","2026-06-08 21:48:51","2026-05-30","2026-05-30T06:22:04Z",93.1
"Sarah","2026-06-08 21:48:51","2026-05-30","2026-05-30T06:23:04Z",93
"Sarah","2026-06-08 21:48:51","2026-05-30","2026-05-30T06:24:04Z",92.8
"Sarah","2026-06-08 21:48:51","2026-05-30","2026-05-30T06:25:04Z",92.7
"Sarah","2026-06-08 21:48:51","2026-05-30","2026-05-30T06:26:04Z",92.7
"Sarah","2026-06-08 21:48:51","2026-05-30","2026-05-30T06:27:04Z",92.9
"Sarah","2026-06-08 21:48:51","2026-05-30","2026-05-30T06:28:04Z",92.9
"Sarah","2026-06-08 21:48:51","2026-05-30","2026-05-30T06:29:04Z",92.8
"Sarah","2026-06-08 21:48:51","2026-05-30","2026-05-30T06:30:04Z",92.9
"Sarah","2026-06-08 21:48:51","2026-05-30","2026-05-30T06:31:04Z",92.9
"Sarah","2026-06-08 21:48:51","2026-05-30","2026-05-30T06:32:04Z",92.8
"Sarah","2026-06-08 21:48:51","2026-05-30","2026-05-30T06:33:04Z",92.9
"Sarah","2026-06-08 21:48:51","2026-05-30","2026-05-30T06:34:04Z",92.8
"Sarah","2026-06-08 21:48:51","2026-05-30","2026-05-30T06:35:04Z",93.1
"Sarah","2026-06-08 21:48:51","2026-05-30","2026-05-30T06:36:04Z",93.2
"Sarah","2026-06-08 21:48:51","2026-05-30","2026-05-30T06:37:04Z",93.1
"Sarah","2026-06-08 21:48:51","2026-05-30","2026-05-30T06:38:04Z",50
"Sarah","2026-06-08 21:48:51","2026-05-30","2026-05-30T06:39:04Z",94.4
"Sarah","2026-06-08 21:48:51","2026-05-30","2026-05-30T06:40:04Z",95.5
"Sarah","2026-06-08 21:48:51","2026-05-30","2026-05-30T06:41:04Z",96.2
"Sarah","2026-06-08 21:48:51","2026-05-30","2026-05-30T06:42:04Z",96.4
"Sarah","2026-06-08 21:48:51","2026-05-30","2026-05-30T06:43:04Z",96.6
"Sarah","2026-06-08 21:48:51","2026-05-30","2026-05-30T06:44:04Z",96.6
"Sarah","2026-06-08 21:48:51","2026-05-30","2026-05-30T06:45:04Z",96.7
"Sarah","2026-06-08 21:48:51","2026-05-30","2026-05-30T06:46:04Z",96.7
"Sarah","2026-06-08 21:48:51","2026-05-30","2026-05-30T06:47:04Z",96.5
"Sarah","2026-06-08 21:48:51","2026-05-30","2026-05-30T06:48:04Z",96.6
"Sarah","2026-06-08 21:48:51","2026-05-30","2026-05-30T06:49:04Z",96.7
"Sarah","2026-06-08 21:48:51","2026-05-30","2026-05-30T06:50:04Z",96.9
"Sarah","2026-06-08 21:48:51","2026-05-30","2026-05-30T06:51:04Z",96.8
"Sarah","2026-06-08 21:48:51","2026-05-30","2026-05-30T06:52:04Z",97
"Sarah","2026-06-08 21:48:51","2026-05-30","2026-05-30T06:53:04Z",97.1
"Sarah","2026-06-08 21:48:51","2026-05-30","2026-05-30T06:54:04Z",97
"Sarah","2026-06-08 21:48:51","2026-05-30","2026-05-30T06:55:04Z",97.2
"Sarah","2026-06-08 21:48:51","2026-05-30","2026-05-30T06:56:04Z",97.2
"Sarah","2026-06-08 21:48:51","2026-05-30","2026-05-30T06:57:04Z",96.9
"Sarah","2026-06-08 21:48:51","2026-05-30","2026-05-30T06:58:04Z",96.8
"Sarah","2026-06-08 21:48:51","2026-05-30","2026-05-30T06:59:04Z",97
"Sarah","2026-06-08 21:48:51","2026-05-30","2026-05-30T07:00:04Z",97.1
"Sarah","2026-06-08 21:48:51","2026-05-30","2026-05-30T07:01:04Z",97
"Sarah","2026-06-08 21:48:51","2026-05-30","2026-05-30T07:02:04Z",97
"Sarah","2026-06-08 21:48:51","2026-05-30","2026-05-30T07:03:04Z",96.6
"Sarah","2026-06-08 21:48:51","2026-05-30","2026-05-30T07:04:04Z",97.2
"Sarah","2026-06-08 21:48:51","2026-05-30","2026-05-30T07:05:04Z",50
"Sarah","2026-06-08 21:48:51","2026-05-30","2026-05-30T07:06:04Z",50
"Sarah","2026-06-08 21:48:51","2026-05-30","2026-05-30T07:07:04Z",96.9
"Sarah","2026-06-08 21:48:51","2026-05-30","2026-05-30T07:08:04Z",96.9
"Sarah","2026-06-08 21:48:51","2026-05-30","2026-05-30T07:09:04Z",96.9
"Sarah","2026-06-08 21:48:51","2026-05-30","2026-05-30T07:10:04Z",96.7
"Sarah","2026-06-08 21:48:51","2026-05-30","2026-05-30T07:11:04Z",96.7
"Sarah","2026-06-08 21:48:51","2026-05-30","2026-05-30T07:12:04Z",96.6
"Sarah","2026-06-08 21:48:51","2026-05-30","2026-05-30T07:13:04Z",96.7
"Sarah","2026-06-08 21:48:51","2026-05-30","2026-05-30T07:14:04Z",96.6
"Sarah","2026-06-08 21:48:51","2026-05-30","2026-05-30T07:15:04Z",96.5
"Sarah","2026-06-08 21:48:51","2026-05-30","2026-05-30T07:16:04Z",96.6
"Sarah","2026-06-08 21:48:51","2026-05-30","2026-05-30T07:17:04Z",96.5
"Sarah","2026-06-08 21:48:51","2026-05-30","2026-05-30T07:18:04Z",96.5
"Sarah","2026-06-08 21:48:51","2026-05-30","2026-05-30T07:19:04Z",96.4
"Sarah","2026-06-08 21:48:51","2026-05-30","2026-05-30T07:20:04Z",96.4
"Sarah","2026-06-08 21:48:51","2026-05-30","2026-05-30T07:21:04Z",96.3
"Sarah","2026-06-08 21:48:51","2026-05-30","2026-05-30T07:22:04Z",96.4
"Sarah","2026-06-08 21:48:51","2026-05-30","2026-05-30T07:23:04Z",96.3
"Sarah","2026-06-08 21:48:51","2026-05-30","2026-05-30T07:24:04Z",96.2
"Sarah","2026-06-08 21:48:51","2026-05-30","2026-05-30T07:25:04Z",96.3
"Sarah","2026-06-08 21:48:51","2026-05-30","2026-05-30T07:26:04Z",96.2
"Sarah","2026-06-08 21:48:51","2026-05-30","2026-05-30T07:27:04Z",96.1
"Sarah","2026-06-08 21:48:51","2026-05-30","2026-05-30T07:28:04Z",96.1
"Sarah","2026-06-08 21:48:51","2026-05-30","2026-05-30T07:29:04Z",96.1
"Sarah","2026-06-08 21:48:51","2026-05-30","2026-05-30T07:30:04Z",96.1
"Sarah","2026-06-08 21:48:51","2026-05-30","2026-05-30T07:31:04Z",96.2
"Sarah","2026-06-08 21:48:51","2026-05-30","2026-05-30T07:32:04Z",96.2
"Sarah","2026-06-08 21:48:51","2026-05-30","2026-05-30T07:33:04Z",96.2
"Sarah","2026-06-08 21:48:51","2026-05-30","2026-05-30T07:34:04Z",96.2
"Sarah","2026-06-08 21:48:51","2026-05-30","2026-05-30T07:35:04Z",96.2
"Sarah","2026-06-08 21:48:51","2026-05-30","2026-05-30T07:36:04Z",96.2
"Sarah","2026-06-08 21:48:51","2026-05-30","2026-05-30T07:37:04Z",96.2
"Sarah","2026-06-08 21:48:51","2026-05-30","2026-05-30T07:38:04Z",96.2
"Sarah","2026-06-08 21:48:51","2026-05-30","2026-05-30T07:39:04Z",96.2
"Sarah","2026-06-08 21:48:51","2026-05-30","2026-05-30T07:40:04Z",96.3
"Sarah","2026-06-08 21:48:51","2026-05-30","2026-05-30T07:41:04Z",96.4
"Sarah","2026-06-08 21:48:51","2026-05-30","2026-05-30T07:42:04Z",96.4
"Sarah","2026-06-08 21:48:51","2026-05-30","2026-05-30T07:43:04Z",96.3
"Sarah","2026-06-08 21:48:51","2026-05-30","2026-05-30T07:44:04Z",96.2
"Sarah","2026-06-08 21:48:51","2026-05-30","2026-05-30T07:45:04Z",96.1
"Sarah","2026-06-08 21:48:51","2026-05-30","2026-05-30T07:46:04Z",96.1
"Sarah","2026-06-08 21:48:51","2026-05-30","2026-05-30T07:47:04Z",96
"Sarah","2026-06-08 21:48:51","2026-05-30","2026-05-30T07:48:04Z",96
"Sarah","2026-06-08 21:48:51","2026-05-30","2026-05-30T07:49:04Z",96
"Sarah","2026-06-08 21:48:51","2026-05-30","2026-05-30T07:50:04Z",95.9
"Sarah","2026-06-08 21:48:51","2026-05-30","2026-05-30T07:51:04Z",96
"Sarah","2026-06-08 21:48:51","2026-05-30","2026-05-30T07:52:04Z",96
"Sarah","2026-06-08 21:48:51","2026-05-30","2026-05-30T07:53:04Z",95.4
"Sarah","2026-06-08 21:48:51","2026-05-30","2026-05-30T07:54:04Z",94.9
"Sarah","2026-06-08 21:48:51","2026-05-30","2026-05-30T07:55:04Z",95.2
"Sarah","2026-06-08 21:48:51","2026-05-30","2026-05-30T07:56:04Z",95.9
"Sarah","2026-06-08 21:48:51","2026-05-30","2026-05-30T07:57:04Z",96.1
"Sarah","2026-06-08 21:48:51","2026-05-30","2026-05-30T07:58:04Z",96.9
"Sarah","2026-06-08 21:48:51","2026-05-30","2026-05-30T07:59:04Z",96.9
"Sarah","2026-06-08 21:48:51","2026-05-30","2026-05-30T08:00:04Z",50
"Sarah","2026-06-08 21:48:51","2026-05-30","2026-05-30T08:01:04Z",96.7
"Sarah","2026-06-08 21:48:51","2026-05-30","2026-05-30T08:02:04Z",50
"Sarah","2026-06-08 21:48:51","2026-05-30","2026-05-30T08:03:04Z",96.1
"Sarah","2026-06-08 21:48:51","2026-05-30","2026-05-30T08:04:04Z",95.9
"Sarah","2026-06-08 21:48:51","2026-05-30","2026-05-30T08:05:04Z",95.8
"Sarah","2026-06-08 21:48:51","2026-05-30","2026-05-30T08:06:04Z",95.7
"Sarah","2026-06-08 21:48:51","2026-05-30","2026-05-30T08:07:04Z",95.7
"Sarah","2026-06-08 21:48:51","2026-05-30","2026-05-30T08:08:04Z",95.6
"Sarah","2026-06-08 21:48:51","2026-05-30","2026-05-30T08:09:04Z",95.7
"Sarah","2026-06-08 21:48:51","2026-05-30","2026-05-30T08:10:04Z",95.7
"Sarah","2026-06-08 21:48:51","2026-05-30","2026-05-30T08:11:04Z",95.7
"Sarah","2026-06-08 21:48:51","2026-05-30","2026-05-30T08:12:04Z",95.8
"Sarah","2026-06-08 21:48:51","2026-05-30","2026-05-30T08:13:04Z",95.8
"Sarah","2026-06-08 21:48:51","2026-05-30","2026-05-30T08:14:04Z",95.8
"Sarah","2026-06-08 21:48:51","2026-05-30","2026-05-30T08:15:04Z",95.8
"Sarah","2026-06-08 21:48:51","2026-05-30","2026-05-30T08:16:04Z",95.7
"Sarah","2026-06-08 21:48:51","2026-05-30","2026-05-30T08:17:04Z",95.8
"Sarah","2026-06-08 21:48:51","2026-05-30","2026-05-30T08:18:04Z",95.8
"Sarah","2026-06-08 21:48:51","2026-05-30","2026-05-30T08:19:04Z",95.8
"Sarah","2026-06-08 21:48:51","2026-05-30","2026-05-30T08:20:04Z",95.9
"Sarah","2026-06-08 21:48:51","2026-05-30","2026-05-30T08:21:04Z",95.8
"Sarah","2026-06-08 21:48:51","2026-05-30","2026-05-30T08:22:04Z",95.9
"Sarah","2026-06-08 21:48:51","2026-05-30","2026-05-30T08:23:04Z",95.9
"Sarah","2026-06-08 21:48:51","2026-05-30","2026-05-30T08:24:04Z",95.9
"Sarah","2026-06-08 21:48:51","2026-05-30","2026-05-30T08:25:04Z",95.9
"Sarah","2026-06-08 21:48:51","2026-05-30","2026-05-30T08:26:04Z",95.9
"Sarah","2026-06-08 21:48:51","2026-05-30","2026-05-30T08:27:04Z",95.9
"Sarah","2026-06-08 21:48:51","2026-05-30","2026-05-30T08:28:04Z",96
"Sarah","2026-06-08 21:48:51","2026-05-30","2026-05-30T08:29:04Z",96
"Sarah","2026-06-08 21:48:51","2026-05-30","2026-05-30T08:30:04Z",50
"Sarah","2026-06-08 21:48:51","2026-05-30","2026-05-30T08:31:04Z",97.2
"Sarah","2026-06-08 21:48:51","2026-05-30","2026-05-30T08:32:04Z",98.1
"Sarah","2026-06-08 21:48:51","2026-05-30","2026-05-30T08:33:04Z",50
"Sarah","2026-06-08 21:48:51","2026-05-30","2026-05-30T08:34:04Z",97.7
"Sarah","2026-06-08 21:48:51","2026-05-30","2026-05-30T08:35:04Z",50
"Sarah","2026-06-08 21:48:51","2026-05-30","2026-05-30T08:36:04Z",96.5
"Sarah","2026-06-08 21:48:51","2026-05-30","2026-05-30T08:37:04Z",96
"Sarah","2026-06-08 21:48:51","2026-05-30","2026-05-30T08:38:04Z",96
"Sarah","2026-06-08 21:48:51","2026-05-30","2026-05-30T08:39:04Z",95.8
"Sarah","2026-06-08 21:48:51","2026-05-30","2026-05-30T08:40:04Z",95.6
"Sarah","2026-06-08 21:48:51","2026-05-30","2026-05-30T08:41:04Z",95.5
"Sarah","2026-06-08 21:48:51","2026-05-30","2026-05-30T08:42:04Z",94.4
"Sarah","2026-06-08 21:48:51","2026-05-30","2026-05-30T08:43:04Z",95.1
"Sarah","2026-06-08 21:48:51","2026-05-30","2026-05-30T08:44:04Z",95.5
"Sarah","2026-06-08 21:48:51","2026-05-30","2026-05-30T08:45:04Z",50
"Sarah","2026-06-08 21:48:51","2026-05-30","2026-05-30T08:46:04Z",95.7
"Sarah","2026-06-08 21:48:51","2026-05-30","2026-05-30T08:47:04Z",95.6
"Sarah","2026-06-08 21:48:51","2026-05-30","2026-05-30T08:48:04Z",95.6
"Sarah","2026-06-08 21:48:51","2026-05-30","2026-05-30T08:49:04Z",95.6
"Sarah","2026-06-08 21:48:51","2026-05-30","2026-05-30T08:50:04Z",95.5
"Sarah","2026-06-08 21:48:51","2026-05-30","2026-05-30T08:51:04Z",95.3
"Sarah","2026-06-08 21:48:51","2026-05-30","2026-05-30T08:52:04Z",94.2
"Sarah","2026-06-08 21:48:51","2026-05-30","2026-05-30T08:53:04Z",94.6
"Sarah","2026-06-08 21:48:51","2026-05-30","2026-05-30T08:54:04Z",94.8
"Sarah","2026-06-08 21:48:51","2026-05-30","2026-05-30T08:55:04Z",95.3
"Sarah","2026-06-08 21:48:51","2026-05-30","2026-05-30T08:56:04Z",95.3
"Sarah","2026-06-08 21:48:51","2026-05-30","2026-05-30T08:57:04Z",95.2
"Sarah","2026-06-08 21:48:51","2026-05-30","2026-05-30T08:58:04Z",95.1
"Sarah","2026-06-08 21:48:51","2026-05-30","2026-05-30T08:59:04Z",94.4
"Sarah","2026-06-08 21:48:51","2026-05-30","2026-05-30T09:00:04Z",94.7
"Sarah","2026-06-08 21:48:51","2026-05-30","2026-05-30T09:01:04Z",95.3
"Sarah","2026-06-08 21:48:51","2026-05-30","2026-05-30T09:02:04Z",95.4
"Sarah","2026-06-08 21:48:51","2026-05-30","2026-05-30T09:03:04Z",95.4
"Sarah","2026-06-08 21:48:51","2026-05-30","2026-05-30T09:04:04Z",95.6
"Sarah","2026-06-08 21:48:51","2026-05-30","2026-05-30T09:05:04Z",95.7
"Sarah","2026-06-08 21:48:51","2026-05-30","2026-05-30T09:06:04Z",95.6
"Sarah","2026-06-08 21:48:51","2026-05-30","2026-05-30T09:07:04Z",95.5
"Sarah","2026-06-08 21:48:51","2026-05-30","2026-05-30T09:08:04Z",95.6
"Sarah","2026-06-08 21:48:51","2026-05-30","2026-05-30T09:09:04Z",95.5
"Sarah","2026-06-08 21:48:51","2026-05-30","2026-05-30T09:10:04Z",95.5
"Sarah","2026-06-08 21:48:51","2026-05-30","2026-05-30T09:11:04Z",95.4
"Sarah","2026-06-08 21:48:51","2026-05-30","2026-05-30T09:12:04Z",95.4
"Sarah","2026-06-08 21:48:51","2026-05-30","2026-05-30T09:13:04Z",95.4
"Sarah","2026-06-08 21:48:51","2026-05-30","2026-05-30T09:14:04Z",95.5
"Sarah","2026-06-08 21:48:51","2026-05-30","2026-05-30T09:15:04Z",95.5
"Sarah","2026-06-08 21:48:51","2026-05-30","2026-05-30T09:16:04Z",95.5
"Sarah","2026-06-08 21:48:51","2026-05-30","2026-05-30T09:17:04Z",95.6
"Sarah","2026-06-08 21:48:51","2026-05-30","2026-05-30T09:18:04Z",95.6
"Sarah","2026-06-08 21:48:51","2026-05-30","2026-05-30T09:19:04Z",95.6
"Sarah","2026-06-08 21:48:51","2026-05-30","2026-05-30T09:20:04Z",95.6
"Sarah","2026-06-08 21:48:51","2026-05-30","2026-05-30T09:21:04Z",95.8
"Sarah","2026-06-08 21:48:51","2026-05-30","2026-05-30T09:22:04Z",95.7
"Sarah","2026-06-08 21:48:51","2026-05-30","2026-05-30T09:23:04Z",95.8
"Sarah","2026-06-08 21:48:51","2026-05-30","2026-05-30T09:24:04Z",95.7
"Sarah","2026-06-08 21:48:51","2026-05-30","2026-05-30T09:25:04Z",95.6
"Sarah","2026-06-08 21:48:51","2026-05-30","2026-05-30T09:26:04Z",95.7
"Sarah","2026-06-08 21:48:51","2026-05-30","2026-05-30T09:27:04Z",95.7
"Sarah","2026-06-08 21:48:51","2026-05-30","2026-05-30T09:28:04Z",95.8
"Sarah","2026-06-08 21:48:51","2026-05-30","2026-05-30T09:29:04Z",95.6
"Sarah","2026-06-08 21:48:51","2026-05-30","2026-05-30T09:30:04Z",95.6
"Sarah","2026-06-08 21:48:51","2026-05-30","2026-05-30T09:31:04Z",95.6
"Sarah","2026-06-08 21:48:51","2026-05-30","2026-05-30T09:32:04Z",95.7
"Sarah","2026-06-08 21:48:51","2026-05-30","2026-05-30T09:33:04Z",95.8
"Sarah","2026-06-08 21:48:51","2026-05-30","2026-05-30T09:34:04Z",50
"Sarah","2026-06-08 21:48:51","2026-05-30","2026-05-30T09:35:04Z",95.3
"Sarah","2026-06-08 21:48:51","2026-05-30","2026-05-30T09:36:04Z",94.5
"Sarah","2026-06-08 21:48:51","2026-05-30","2026-05-30T09:37:04Z",94.7
"Sarah","2026-06-08 21:48:51","2026-05-30","2026-05-30T09:38:04Z",94.8
"Sarah","2026-06-08 21:48:51","2026-05-30","2026-05-30T09:39:04Z",94.9
"Sarah","2026-06-08 21:48:51","2026-05-30","2026-05-30T09:40:04Z",95
"Sarah","2026-06-08 21:48:51","2026-05-30","2026-05-30T09:41:04Z",95.1
"Sarah","2026-06-08 21:48:51","2026-05-30","2026-05-30T09:42:04Z",95.2
"Sarah","2026-06-08 21:48:51","2026-05-30","2026-05-30T09:43:04Z",95.2
"Sarah","2026-06-08 21:48:51","2026-05-30","2026-05-30T09:44:04Z",95.3
"Sarah","2026-06-08 21:48:51","2026-05-30","2026-05-30T09:45:04Z",95.4
"Sarah","2026-06-08 21:48:51","2026-05-30","2026-05-30T09:46:04Z",95.5
"Sarah","2026-06-08 21:48:51","2026-05-30","2026-05-30T09:47:04Z",50
"Sarah","2026-06-08 21:48:51","2026-05-30","2026-05-30T09:48:04Z",95.7
"Sarah","2026-06-08 21:48:51","2026-05-30","2026-05-30T09:49:04Z",50
"Sarah","2026-06-08 21:48:51","2026-05-30","2026-05-30T09:50:04Z",50
"Sarah","2026-06-08 21:48:51","2026-05-30","2026-05-30T09:51:04Z",95.7
"Sarah","2026-06-08 21:48:51","2026-05-30","2026-05-30T09:52:04Z",95.8
"Sarah","2026-06-08 21:48:51","2026-05-30","2026-05-30T09:53:04Z",96
"Sarah","2026-06-08 21:48:51","2026-05-30","2026-05-30T09:54:04Z",96
"Sarah","2026-06-08 21:48:51","2026-05-30","2026-05-30T09:55:04Z",96.2
"Sarah","2026-06-08 21:48:51","2026-05-30","2026-05-30T09:56:04Z",96.2
"Sarah","2026-06-08 21:48:51","2026-05-30","2026-05-30T09:57:04Z",96.1
"Sarah","2026-06-08 21:48:51","2026-05-30","2026-05-30T09:58:04Z",96.1
"Sarah","2026-06-08 21:48:51","2026-05-30","2026-05-30T09:59:04Z",96.1
"Sarah","2026-06-08 21:48:51","2026-05-30","2026-05-30T10:00:04Z",96
"Sarah","2026-06-08 21:48:51","2026-05-30","2026-05-30T10:01:04Z",96.1
"Sarah","2026-06-08 21:48:51","2026-05-30","2026-05-30T10:02:04Z",96
"Sarah","2026-06-08 21:48:51","2026-05-30","2026-05-30T10:03:04Z",96
"Sarah","2026-06-08 21:48:51","2026-05-30","2026-05-30T10:04:04Z",96
"Sarah","2026-06-08 21:48:51","2026-05-30","2026-05-30T10:05:04Z",96
"Sarah","2026-06-08 21:48:51","2026-05-30","2026-05-30T10:06:04Z",96
"Sarah","2026-06-08 21:48:51","2026-05-30","2026-05-30T10:07:04Z",96
"Sarah","2026-06-08 21:48:51","2026-05-30","2026-05-30T10:08:04Z",96
"Sarah","2026-06-08 21:48:51","2026-05-30","2026-05-30T10:09:04Z",95.8
"Sarah","2026-06-08 21:48:51","2026-05-30","2026-05-30T10:10:04Z",95.7
"Sarah","2026-06-08 21:48:51","2026-05-30","2026-05-30T10:11:04Z",95.7
"Sarah","2026-06-08 21:48:51","2026-05-30","2026-05-30T10:12:04Z",95.7
"Sarah","2026-06-08 21:48:51","2026-05-30","2026-05-30T10:13:04Z",95.7
"Sarah","2026-06-08 21:48:51","2026-05-30","2026-05-30T10:14:04Z",95.7
"Sarah","2026-06-08 21:48:51","2026-05-30","2026-05-30T10:15:04Z",95.6
"Sarah","2026-06-08 21:48:51","2026-05-30","2026-05-30T10:16:04Z",95.7
"Sarah","2026-06-08 21:48:51","2026-05-30","2026-05-30T10:17:04Z",95.8
"Sarah","2026-06-08 21:48:51","2026-05-30","2026-05-30T10:18:04Z",95.8
"Sarah","2026-06-08 21:48:51","2026-05-30","2026-05-30T10:19:04Z",95.9
"Sarah","2026-06-08 21:48:51","2026-05-30","2026-05-30T10:20:04Z",95.9
"Sarah","2026-06-08 21:48:51","2026-05-30","2026-05-30T10:21:04Z",95.8
"Sarah","2026-06-08 21:48:51","2026-05-30","2026-05-30T10:22:04Z",95.7
"Sarah","2026-06-08 21:48:51","2026-05-30","2026-05-30T10:23:04Z",95.7
"Sarah","2026-06-08 21:48:51","2026-05-30","2026-05-30T10:24:04Z",95.8
"Sarah","2026-06-08 21:48:51","2026-05-30","2026-05-30T10:25:04Z",95.8
"Sarah","2026-06-08 21:48:51","2026-05-30","2026-05-30T10:26:04Z",95.8
"Sarah","2026-06-08 21:48:51","2026-05-30","2026-05-30T10:27:04Z",95.7
"Sarah","2026-06-08 21:48:51","2026-05-30","2026-05-30T10:28:04Z",95.7
"Sarah","2026-06-08 21:48:51","2026-05-30","2026-05-30T10:29:04Z",95.7
"Sarah","2026-06-08 21:48:51","2026-05-30","2026-05-30T10:30:04Z",95.8
"Sarah","2026-06-08 21:48:51","2026-05-30","2026-05-30T10:31:04Z",50
"Sarah","2026-06-08 21:48:51","2026-05-30","2026-05-30T10:32:04Z",96.3
"Sarah","2026-06-08 21:48:51","2026-05-30","2026-05-30T10:33:04Z",50
"Sarah","2026-06-08 21:48:51","2026-05-30","2026-05-30T10:34:04Z",96.5
"Sarah","2026-06-08 21:48:51","2026-05-30","2026-05-30T10:35:04Z",96.5
"Sarah","2026-06-08 21:48:51","2026-05-30","2026-05-30T10:36:04Z",96.5
"Sarah","2026-06-08 21:48:51","2026-05-30","2026-05-30T10:37:04Z",96.5
"Sarah","2026-06-08 21:48:51","2026-05-30","2026-05-30T10:38:04Z",96.6
"Sarah","2026-06-08 21:48:51","2026-05-30","2026-05-30T10:39:04Z",96.5
"Sarah","2026-06-08 21:48:51","2026-05-30","2026-05-30T10:40:04Z",96.4
"Sarah","2026-06-08 21:48:51","2026-05-30","2026-05-30T10:41:04Z",50
"Sarah","2026-06-08 21:48:51","2026-05-30","2026-05-30T10:42:04Z",96.2
"Sarah","2026-06-08 21:48:51","2026-05-30","2026-05-30T10:43:04Z",96.1
"Sarah","2026-06-08 21:48:51","2026-05-30","2026-05-30T10:44:04Z",95.8
"Sarah","2026-06-08 21:48:51","2026-05-30","2026-05-30T10:45:04Z",95.9
"Sarah","2026-06-08 21:48:51","2026-05-30","2026-05-30T10:46:04Z",96
"Sarah","2026-06-08 21:48:51","2026-05-30","2026-05-30T10:47:04Z",95.7
"Sarah","2026-06-08 21:48:51","2026-05-30","2026-05-30T10:48:04Z",95.2
"Sarah","2026-06-08 21:48:51","2026-05-30","2026-05-30T10:49:04Z",95.4
"Sarah","2026-06-08 21:48:51","2026-05-30","2026-05-30T10:50:04Z",95.5
"Sarah","2026-06-08 21:48:51","2026-05-30","2026-05-30T10:51:04Z",95.5
"Sarah","2026-06-08 21:48:51","2026-05-30","2026-05-30T10:52:04Z",95.7
"Sarah","2026-06-08 21:48:51","2026-05-30","2026-05-30T10:53:04Z",95.3
"Sarah","2026-06-08 21:48:51","2026-05-30","2026-05-30T10:54:04Z",95.7
"Sarah","2026-06-08 21:48:51","2026-05-30","2026-05-30T10:55:04Z",95.9
"Sarah","2026-06-08 21:48:51","2026-05-30","2026-05-30T10:56:04Z",96
"Sarah","2026-06-08 21:48:51","2026-05-30","2026-05-30T10:57:04Z",95.9
"Sarah","2026-06-08 21:48:51","2026-05-30","2026-05-30T10:58:04Z",96
"Sarah","2026-06-08 21:48:51","2026-05-30","2026-05-30T10:59:04Z",96.2
"Sarah","2026-06-08 21:48:51","2026-05-30","2026-05-30T11:00:04Z",96.3
"Sarah","2026-06-08 21:48:51","2026-05-30","2026-05-30T11:01:04Z",96.4
"Sarah","2026-06-08 21:48:51","2026-05-30","2026-05-30T11:02:04Z",96.4
"Sarah","2026-06-08 21:48:51","2026-05-30","2026-05-30T11:03:04Z",96.5
"Sarah","2026-06-08 21:48:51","2026-05-30","2026-05-30T11:04:04Z",96.6
"Sarah","2026-06-08 21:48:51","2026-05-30","2026-05-30T11:05:04Z",96.6
"Sarah","2026-06-08 21:48:51","2026-05-30","2026-05-30T11:06:04Z",50
"Sarah","2026-06-08 21:48:51","2026-05-30","2026-05-30T11:07:04Z",96.7
"Sarah","2026-06-08 21:48:51","2026-05-30","2026-05-30T11:08:04Z",96.6
"Sarah","2026-06-08 21:48:51","2026-05-30","2026-05-30T11:09:04Z",96.5
"Sarah","2026-06-08 21:48:51","2026-05-30","2026-05-30T11:10:04Z",96.4
"Sarah","2026-06-08 21:48:51","2026-05-30","2026-05-30T11:11:04Z",96.3
"Sarah","2026-06-08 21:48:51","2026-05-30","2026-05-30T11:12:04Z",96.4
"Sarah","2026-06-08 21:48:51","2026-05-30","2026-05-30T11:13:04Z",96.3
"Sarah","2026-06-08 21:48:51","2026-05-30","2026-05-30T11:14:04Z",96.4
"Sarah","2026-06-08 21:48:51","2026-05-30","2026-05-30T11:15:04Z",96.3
"Sarah","2026-06-08 21:48:51","2026-05-30","2026-05-30T11:16:04Z",96.4
"Sarah","2026-06-08 21:48:51","2026-05-30","2026-05-30T11:17:04Z",50
"Sarah","2026-06-08 21:48:51","2026-05-30","2026-05-30T11:18:04Z",50
"Sarah","2026-06-08 21:48:51","2026-05-30","2026-05-30T11:19:04Z",96.4
"Sarah","2026-06-08 21:48:51","2026-05-30","2026-05-30T11:20:04Z",96.3
"Sarah","2026-06-08 21:48:51","2026-05-30","2026-05-30T11:21:04Z",50
"Sarah","2026-06-08 21:48:51","2026-05-30","2026-05-30T11:22:04Z",95.9
"Sarah","2026-06-08 21:48:51","2026-05-30","2026-05-30T11:23:04Z",96.2
"Sarah","2026-06-08 21:48:51","2026-05-30","2026-05-30T11:24:04Z",96.6
"Sarah","2026-06-08 21:48:51","2026-05-30","2026-05-30T11:25:04Z",96.8
"Sarah","2026-06-08 21:48:51","2026-05-30","2026-05-30T11:26:04Z",96.8
"Sarah","2026-06-08 21:48:51","2026-05-30","2026-05-30T11:27:04Z",96.8
"Sarah","2026-06-08 21:48:51","2026-05-30","2026-05-30T11:28:04Z",97.2
"Sarah","2026-06-08 21:48:51","2026-05-30","2026-05-30T11:29:04Z",96
"Sarah","2026-06-08 21:48:51","2026-05-30","2026-05-30T11:30:04Z",50
"Sarah","2026-06-08 21:48:51","2026-05-30","2026-05-30T11:31:04Z",96.3
"Sarah","2026-06-08 21:48:51","2026-05-30","2026-05-30T11:32:04Z",95.2
"Sarah","2026-06-08 21:48:51","2026-05-30","2026-05-30T11:33:04Z",50
"Sarah","2026-06-08 21:48:51","2026-05-30","2026-05-30T11:34:04Z",50
"Sarah","2026-06-08 21:48:51","2026-05-30","2026-05-30T11:35:04Z",50
"Sarah","2026-06-08 21:48:51","2026-05-30","2026-05-30T11:36:04Z",50
"Sarah","2026-06-08 21:48:51","2026-05-30","2026-05-30T11:37:04Z",50
"Sarah","2026-06-08 21:48:51","2026-05-30","2026-05-30T11:38:04Z",50
"Sarah","2026-06-08 21:48:51","2026-05-30","2026-05-30T11:39:04Z",50
"Sarah","2026-06-08 21:48:51","2026-05-30","2026-05-30T11:40:04Z",50
"Sarah","2026-06-08 21:48:51","2026-05-30","2026-05-30T11:41:04Z",50
"Sarah","2026-06-08 21:48:51","2026-05-30","2026-05-30T11:42:04Z",94.2
"Sarah","2026-06-08 21:48:51","2026-05-30","2026-05-30T11:43:04Z",50
"Sarah","2026-06-08 21:48:51","2026-05-30","2026-05-30T11:44:04Z",50
"Sarah","2026-06-08 21:48:51","2026-05-30","2026-05-30T11:45:04Z",50
"Sarah","2026-06-08 21:48:51","2026-05-30","2026-05-30T11:46:04Z",50
"Sarah","2026-06-08 21:48:51","2026-05-30","2026-05-30T11:47:04Z",50
"Sarah","2026-06-08 21:48:51","2026-05-30","2026-05-30T11:48:04Z",95.3
"Sarah","2026-06-08 21:48:51","2026-05-30","2026-05-30T11:49:04Z",96.1
"Sarah","2026-06-08 21:48:51","2026-05-30","2026-05-30T11:50:04Z",96.8
"Sarah","2026-06-08 21:48:51","2026-05-30","2026-05-30T11:51:04Z",97.1
"Sarah","2026-06-08 21:48:51","2026-05-30","2026-05-30T11:52:04Z",97.2
"Sarah","2026-06-08 21:48:51","2026-05-30","2026-05-30T11:53:04Z",50
"Sarah","2026-06-08 21:48:51","2026-05-30","2026-05-30T11:54:04Z",97.1
"Sarah","2026-06-08 21:48:51","2026-05-30","2026-05-30T11:55:04Z",97.5
"Sarah","2026-06-08 21:48:51","2026-05-30","2026-05-30T11:56:04Z",98.4
"Sarah","2026-06-08 21:48:51","2026-05-30","2026-05-30T11:57:04Z",98.3
"Sarah","2026-06-08 21:48:51","2026-05-30","2026-05-30T11:58:04Z",98.2
"Sarah","2026-06-08 21:48:51","2026-05-30","2026-05-30T11:59:04Z",50
"Sarah","2026-06-08 21:48:51","2026-05-30","2026-05-30T12:00:04Z",98.3
"Sarah","2026-06-08 21:48:51","2026-05-30","2026-05-30T14:00:03Z",98.5
"Sarah","2026-06-08 21:48:51","2026-05-30","2026-05-30T14:01:03Z",98.1
"Sarah","2026-06-08 21:48:51","2026-05-30","2026-05-30T14:02:03Z",97.3
"Sarah","2026-06-08 21:48:51","2026-05-30","2026-05-30T14:03:03Z",96.6
"Sarah","2026-06-08 21:48:51","2026-05-30","2026-05-30T14:04:03Z",96.5
"Sarah","2026-06-08 21:48:51","2026-05-30","2026-05-30T14:05:03Z",96.2
"Sarah","2026-06-08 21:48:51","2026-05-30","2026-05-30T14:06:03Z",96.1
"Sarah","2026-06-08 21:48:51","2026-05-30","2026-05-30T14:07:03Z",96
"Sarah","2026-06-08 21:48:51","2026-05-30","2026-05-30T14:08:03Z",96
"Sarah","2026-06-08 21:48:51","2026-05-30","2026-05-30T14:09:03Z",96.1
"Sarah","2026-06-08 21:48:51","2026-05-30","2026-05-30T14:10:03Z",96.1
"Sarah","2026-06-08 21:48:51","2026-05-30","2026-05-30T14:11:03Z",96.1
"Sarah","2026-06-08 21:48:51","2026-05-30","2026-05-30T14:12:03Z",96.1
"Sarah","2026-06-08 21:48:51","2026-05-30","2026-05-30T14:13:03Z",96.1
"Sarah","2026-06-08 21:48:51","2026-05-30","2026-05-30T14:14:03Z",94.3
"Sarah","2026-06-08 21:48:51","2026-05-30","2026-05-30T14:15:03Z",93.2
"Sarah","2026-06-08 21:48:51","2026-05-30","2026-05-30T14:16:03Z",92
"Sarah","2026-06-08 21:48:51","2026-05-30","2026-05-30T14:17:03Z",91.4
"Sarah","2026-06-08 21:48:51","2026-05-30","2026-05-30T14:18:03Z",91.2
"Sarah","2026-06-08 21:48:51","2026-05-30","2026-05-30T14:19:03Z",90.6
"Sarah","2026-06-08 21:48:51","2026-05-30","2026-05-30T14:20:03Z",90
"Sarah","2026-06-08 21:48:51","2026-05-30","2026-05-30T14:21:03Z",89.9
"Sarah","2026-06-08 21:48:51","2026-05-30","2026-05-30T14:22:03Z",89.5
"Sarah","2026-06-08 21:48:51","2026-05-30","2026-05-30T14:23:03Z",89.8
"Sarah","2026-06-08 21:48:51","2026-05-30","2026-05-30T14:24:03Z",89.9
"Sarah","2026-06-08 21:48:51","2026-05-30","2026-05-30T14:25:03Z",90.4
"Sarah","2026-06-08 21:48:51","2026-05-30","2026-05-30T14:26:03Z",89.9
"Sarah","2026-06-08 21:48:51","2026-05-30","2026-05-30T14:27:03Z",90.1
"Sarah","2026-06-08 21:48:51","2026-05-30","2026-05-30T14:28:03Z",90.6
"Sarah","2026-06-08 21:48:51","2026-05-30","2026-05-30T14:29:03Z",91
"Sarah","2026-06-08 21:48:51","2026-05-30","2026-05-30T14:30:03Z",91.2
"Sarah","2026-06-08 21:48:51","2026-05-30","2026-05-30T14:31:03Z",91.1
"Sarah","2026-06-08 21:48:51","2026-05-30","2026-05-30T14:32:03Z",90.9
"Sarah","2026-06-08 21:48:51","2026-05-30","2026-05-30T14:33:03Z",91.1
"Sarah","2026-06-08 21:48:51","2026-05-30","2026-05-30T14:34:03Z",91.6
"Sarah","2026-06-08 21:48:51","2026-05-30","2026-05-30T14:35:03Z",91.9
"Sarah","2026-06-08 21:48:51","2026-05-30","2026-05-30T14:36:03Z",92.1
"Sarah","2026-06-08 21:48:51","2026-05-30","2026-05-30T14:37:03Z",92.4
"Sarah","2026-06-08 21:48:51","2026-05-30","2026-05-30T14:38:03Z",92.3
"Sarah","2026-06-08 21:48:51","2026-05-30","2026-05-30T14:39:03Z",92.4
"Sarah","2026-06-08 21:48:51","2026-05-30","2026-05-30T14:40:03Z",92.1
"Sarah","2026-06-08 21:48:51","2026-05-30","2026-05-30T14:41:03Z",50
"Sarah","2026-06-08 21:48:51","2026-05-30","2026-05-30T14:42:03Z",50
"Sarah","2026-06-08 21:48:51","2026-05-30","2026-05-30T14:43:03Z",50
"Sarah","2026-06-08 21:48:51","2026-05-30","2026-05-30T14:44:03Z",94.1
"Sarah","2026-06-08 21:48:51","2026-05-30","2026-05-30T14:45:03Z",95
"Sarah","2026-06-08 21:48:51","2026-05-30","2026-05-30T14:46:03Z",95.9
"Sarah","2026-06-08 21:48:51","2026-05-30","2026-05-30T14:47:03Z",50
"Sarah","2026-06-08 21:48:51","2026-05-30","2026-05-30T14:48:03Z",97.2
"Sarah","2026-06-08 21:48:51","2026-05-30","2026-05-30T14:49:03Z",97.9
"Sarah","2026-06-08 21:48:51","2026-05-30","2026-05-30T14:50:03Z",98.1
"Sarah","2026-06-08 21:48:51","2026-05-30","2026-05-30T14:51:03Z",97.6
"Sarah","2026-06-08 21:48:51","2026-05-30","2026-05-30T14:52:03Z",97.6
"Sarah","2026-06-08 21:48:51","2026-05-30","2026-05-30T14:53:03Z",97.4
"Sarah","2026-06-08 21:48:51","2026-05-30","2026-05-30T14:54:03Z",98
"Sarah","2026-06-08 21:48:51","2026-05-30","2026-05-30T14:55:03Z",50
"Sarah","2026-06-08 21:48:51","2026-05-30","2026-05-30T14:56:03Z",98.4
"Sarah","2026-06-08 21:48:51","2026-05-30","2026-05-30T14:57:03Z",98.8
"Sarah","2026-06-08 21:48:51","2026-05-30","2026-05-30T14:58:03Z",98.3
"Sarah","2026-06-08 21:48:51","2026-05-30","2026-05-30T14:59:03Z",98.4
"Sarah","2026-06-08 21:48:51","2026-05-30","2026-05-30T15:00:03Z",99
"Sarah","2026-06-08 21:48:51","2026-05-30","2026-05-30T15:01:03Z",99.2
"Sarah","2026-06-08 21:48:51","2026-05-30","2026-05-30T15:02:03Z",50
"Sarah","2026-06-08 21:48:51","2026-05-30","2026-05-30T15:03:03Z",98.9
"Sarah","2026-06-08 21:48:51","2026-05-30","2026-05-30T15:04:03Z",99.5
"Sarah","2026-06-08 21:48:51","2026-05-30","2026-05-30T15:05:03Z",99
"Sarah","2026-06-08 21:48:51","2026-05-30","2026-05-30T15:06:03Z",50
"Sarah","2026-06-08 21:48:51","2026-05-30","2026-05-30T15:07:03Z",98.3
"Sarah","2026-06-08 21:48:51","2026-05-30","2026-05-30T15:08:03Z",50
"Sarah","2026-06-08 21:48:51","2026-05-30","2026-05-30T15:09:03Z",98.2
"Sarah","2026-06-08 21:48:51","2026-05-30","2026-05-30T15:10:03Z",98.3
"Sarah","2026-06-08 21:48:51","2026-05-30","2026-05-30T15:11:03Z",97.8
"Sarah","2026-06-08 21:48:51","2026-05-30","2026-05-30T15:12:03Z",96.9
"Sarah","2026-06-08 21:48:51","2026-05-30","2026-05-30T15:13:03Z",97.1
"Sarah","2026-06-08 21:48:51","2026-05-30","2026-05-30T15:14:03Z",97.6
"Sarah","2026-06-08 21:48:51","2026-05-30","2026-05-30T15:15:03Z",97.7
"Sarah","2026-06-08 21:48:51","2026-05-30","2026-05-30T15:16:03Z",97.5
"Sarah","2026-06-08 21:48:51","2026-05-30","2026-05-30T15:17:03Z",97.3
"Sarah","2026-06-08 21:48:51","2026-05-30","2026-05-30T15:18:03Z",50
"Sarah","2026-06-08 21:48:51","2026-05-30","2026-05-30T15:19:03Z",97
"Sarah","2026-06-08 21:48:51","2026-05-30","2026-05-30T15:20:03Z",97
"Sarah","2026-06-08 21:48:51","2026-05-30","2026-05-30T15:21:03Z",97.3
"Sarah","2026-06-08 21:48:51","2026-05-30","2026-05-30T15:22:03Z",97.2
"Sarah","2026-06-08 21:48:51","2026-05-30","2026-05-30T15:23:03Z",97.2
"Sarah","2026-06-08 21:48:51","2026-05-30","2026-05-30T15:24:03Z",97.4
"Sarah","2026-06-08 21:48:51","2026-05-30","2026-05-30T15:25:03Z",97.3
"Sarah","2026-06-08 21:48:51","2026-05-30","2026-05-30T15:26:03Z",97.4
"Sarah","2026-06-08 21:48:51","2026-05-30","2026-05-30T15:27:03Z",97.5
"Sarah","2026-06-08 21:48:51","2026-05-30","2026-05-30T15:28:03Z",97.6
"Sarah","2026-06-08 21:48:51","2026-05-30","2026-05-30T15:29:03Z",97.5
"Sarah","2026-06-08 21:48:51","2026-05-30","2026-05-30T15:30:03Z",97.7
"Sarah","2026-06-08 21:48:51","2026-05-30","2026-05-30T15:31:03Z",97.6
"Sarah","2026-06-08 21:48:51","2026-05-30","2026-05-30T15:32:03Z",97.8
"Sarah","2026-06-08 21:48:51","2026-05-30","2026-05-30T15:33:03Z",97.8
"Sarah","2026-06-08 21:48:51","2026-05-30","2026-05-30T15:34:03Z",97.9
"Sarah","2026-06-08 21:48:51","2026-05-30","2026-05-30T15:35:03Z",97.7
"Sarah","2026-06-08 21:48:51","2026-05-30","2026-05-30T15:36:03Z",97.9
"Sarah","2026-06-08 21:48:51","2026-05-30","2026-05-30T15:37:03Z",98
"Sarah","2026-06-08 21:48:51","2026-05-30","2026-05-30T15:38:03Z",98
"Sarah","2026-06-08 21:48:51","2026-05-30","2026-05-30T15:39:03Z",98.1
"Sarah","2026-06-08 21:48:51","2026-05-30","2026-05-30T15:40:03Z",98.1
"Sarah","2026-06-08 21:48:51","2026-05-30","2026-05-30T15:41:03Z",98.1
"Sarah","2026-06-08 21:48:51","2026-05-30","2026-05-30T15:42:03Z",98.4
"Sarah","2026-06-08 21:48:51","2026-05-30","2026-05-30T15:43:03Z",98.3
"Sarah","2026-06-08 21:48:51","2026-05-30","2026-05-30T15:44:03Z",98.3
"Sarah","2026-06-08 21:48:51","2026-05-30","2026-05-30T15:45:03Z",98.2
"Sarah","2026-06-08 21:48:51","2026-05-30","2026-05-30T15:46:03Z",98.4
"Sarah","2026-06-08 21:48:51","2026-05-30","2026-05-30T15:47:03Z",98.5
"Sarah","2026-06-08 21:48:51","2026-05-30","2026-05-30T15:48:03Z",98.7
"Sarah","2026-06-08 21:48:51","2026-05-30","2026-05-30T15:49:03Z",98.6
"Sarah","2026-06-08 21:48:51","2026-05-30","2026-05-30T15:50:03Z",98.3
"Sarah","2026-06-08 21:48:51","2026-05-30","2026-05-30T15:51:03Z",98.2
"Sarah","2026-06-08 21:48:51","2026-05-30","2026-05-30T15:52:03Z",98.4
"Sarah","2026-06-08 21:48:51","2026-05-30","2026-05-30T15:53:03Z",98.5
"Sarah","2026-06-08 21:48:51","2026-05-30","2026-05-30T15:54:03Z",98.6
"Sarah","2026-06-08 21:48:51","2026-05-30","2026-05-30T15:55:03Z",98.8
"Sarah","2026-06-08 21:48:51","2026-05-30","2026-05-30T15:56:03Z",98.8
"Sarah","2026-06-08 21:48:51","2026-05-30","2026-05-30T15:57:03Z",98.6
"Sarah","2026-06-08 21:48:51","2026-05-30","2026-05-30T15:58:03Z",98.5
"Sarah","2026-06-08 21:48:51","2026-05-30","2026-05-30T15:59:03Z",98.6
"Sarah","2026-06-08 21:48:51","2026-05-30","2026-05-30T16:00:03Z",50
"Sarah","2026-06-08 21:48:51","2026-05-30","2026-05-30T16:01:03Z",97.8
"Sarah","2026-06-08 21:48:51","2026-05-30","2026-05-30T16:02:03Z",95.5
"Sarah","2026-06-08 21:48:51","2026-05-30","2026-05-30T16:03:03Z",94.1
"Sarah","2026-06-08 21:48:51","2026-05-30","2026-05-30T16:04:03Z",93.5
"Sarah","2026-06-08 21:48:51","2026-05-30","2026-05-30T16:05:03Z",50
"Sarah","2026-06-08 21:48:51","2026-05-30","2026-05-30T16:06:03Z",93.2
"Sarah","2026-06-08 21:48:51","2026-05-30","2026-05-30T16:07:03Z",50
"Sarah","2026-06-08 21:48:51","2026-05-30","2026-05-30T16:08:03Z",94.6
"Sarah","2026-06-08 21:48:51","2026-05-30","2026-05-30T16:09:03Z",95.6
"Sarah","2026-06-08 21:48:51","2026-05-30","2026-05-30T16:10:03Z",96.3
"Sarah","2026-06-08 21:48:51","2026-05-30","2026-05-30T16:11:03Z",96.6
"Sarah","2026-06-08 21:48:51","2026-05-30","2026-05-30T16:12:03Z",96.1
"Sarah","2026-06-08 21:48:51","2026-05-30","2026-05-30T16:13:03Z",95.9
"Sarah","2026-06-08 21:48:51","2026-05-30","2026-05-30T16:14:03Z",95.7
"Sarah","2026-06-08 21:48:51","2026-05-30","2026-05-30T16:15:03Z",96
"Sarah","2026-06-08 21:48:51","2026-05-30","2026-05-30T16:16:03Z",95.5
"Sarah","2026-06-08 21:48:51","2026-05-30","2026-05-30T16:17:03Z",95.4
"Sarah","2026-06-08 21:48:51","2026-05-30","2026-05-30T16:18:03Z",95.8
"Sarah","2026-06-08 21:48:51","2026-05-30","2026-05-30T16:19:03Z",95.6
"Sarah","2026-06-08 21:48:51","2026-05-30","2026-05-30T16:20:03Z",95.8
"Sarah","2026-06-08 21:48:51","2026-05-30","2026-05-30T16:21:03Z",95.9
"Sarah","2026-06-08 21:48:51","2026-05-30","2026-05-30T16:22:03Z",95.2
"Sarah","2026-06-08 21:48:51","2026-05-30","2026-05-30T16:23:03Z",94.9
"Sarah","2026-06-08 21:48:51","2026-05-30","2026-05-30T16:24:03Z",50
"Sarah","2026-06-08 21:48:51","2026-05-30","2026-05-30T16:25:03Z",94.8
"Sarah","2026-06-08 21:48:51","2026-05-30","2026-05-30T16:26:03Z",94.7
"Sarah","2026-06-08 21:48:51","2026-05-30","2026-05-30T16:27:03Z",94.7
"Sarah","2026-06-08 21:48:51","2026-05-30","2026-05-30T16:28:03Z",95.2
"Sarah","2026-06-08 21:48:51","2026-05-30","2026-05-30T16:29:03Z",95.9
"Sarah","2026-06-08 21:48:51","2026-05-30","2026-05-30T16:30:03Z",96.2
"Sarah","2026-06-08 21:48:51","2026-05-30","2026-05-30T16:31:03Z",96.7
"Sarah","2026-06-08 21:48:51","2026-05-30","2026-05-30T16:32:03Z",97.3
"Sarah","2026-06-08 21:48:51","2026-05-30","2026-05-30T16:33:03Z",97
"Sarah","2026-06-08 21:48:51","2026-05-30","2026-05-30T16:34:03Z",97.5
"Sarah","2026-06-08 21:48:51","2026-05-30","2026-05-30T16:35:03Z",97
"Sarah","2026-06-08 21:48:51","2026-05-30","2026-05-30T16:36:03Z",96.8
"Sarah","2026-06-08 21:48:51","2026-05-30","2026-05-30T16:37:03Z",96.8
"Sarah","2026-06-08 21:48:51","2026-05-30","2026-05-30T16:38:03Z",96.6
"Sarah","2026-06-08 21:48:51","2026-05-30","2026-05-30T16:39:03Z",96.9
"Sarah","2026-06-08 21:48:51","2026-05-30","2026-05-30T16:40:03Z",96.8
"Sarah","2026-06-08 21:48:51","2026-05-30","2026-05-30T16:41:03Z",97
"Sarah","2026-06-08 21:48:51","2026-05-30","2026-05-30T16:42:03Z",97.4
"Sarah","2026-06-08 21:48:51","2026-05-30","2026-05-30T16:43:03Z",97.9
"Sarah","2026-06-08 21:48:51","2026-05-30","2026-05-30T16:44:03Z",98
"Sarah","2026-06-08 21:48:51","2026-05-30","2026-05-30T16:45:03Z",98.1
"Sarah","2026-06-08 21:48:51","2026-05-30","2026-05-30T16:46:03Z",97.5
"Sarah","2026-06-08 21:48:51","2026-05-30","2026-05-30T16:47:03Z",97.2
"Sarah","2026-06-08 21:48:51","2026-05-30","2026-05-30T16:48:03Z",97.3
"Sarah","2026-06-08 21:48:51","2026-05-30","2026-05-30T16:49:03Z",97.4
"Sarah","2026-06-08 21:48:51","2026-05-30","2026-05-30T16:50:03Z",97.8
"Sarah","2026-06-08 21:48:51","2026-05-30","2026-05-30T16:51:03Z",97.7
"Sarah","2026-06-08 21:48:51","2026-05-30","2026-05-30T16:52:03Z",97.4
"Sarah","2026-06-08 21:48:51","2026-05-30","2026-05-30T16:53:03Z",97.1
"Sarah","2026-06-08 21:48:51","2026-05-30","2026-05-30T16:54:03Z",97
"Sarah","2026-06-08 21:48:51","2026-05-30","2026-05-30T16:55:03Z",97.1
"Sarah","2026-06-08 21:48:51","2026-05-30","2026-05-30T16:56:03Z",97.3
"Sarah","2026-06-08 21:48:51","2026-05-30","2026-05-30T16:57:03Z",97.5
"Sarah","2026-06-08 21:48:51","2026-05-30","2026-05-30T16:58:03Z",97.4
"Sarah","2026-06-08 21:48:51","2026-05-30","2026-05-30T16:59:03Z",97.4
"Sarah","2026-06-08 21:48:51","2026-05-30","2026-05-30T17:00:03Z",97.3
"Sarah","2026-06-08 21:48:51","2026-05-30","2026-05-30T17:01:03Z",97.3
"Sarah","2026-06-08 21:48:51","2026-05-30","2026-05-30T17:02:03Z",97.7
"Sarah","2026-06-08 21:48:51","2026-05-30","2026-05-30T17:03:03Z",97.1
"Sarah","2026-06-08 21:48:51","2026-05-30","2026-05-30T17:04:03Z",96.5
"Sarah","2026-06-08 21:48:51","2026-05-30","2026-05-30T17:05:03Z",96.4
"Sarah","2026-06-08 21:48:51","2026-05-30","2026-05-30T17:06:03Z",96.8
"Sarah","2026-06-08 21:48:51","2026-05-30","2026-05-30T17:07:03Z",50
"Sarah","2026-06-08 21:48:51","2026-05-30","2026-05-30T17:08:03Z",96.9
"Sarah","2026-06-08 21:48:51","2026-05-30","2026-05-30T17:09:03Z",50
"Sarah","2026-06-08 21:48:51","2026-05-30","2026-05-30T17:10:03Z",97.2
"Sarah","2026-06-08 21:48:51","2026-05-30","2026-05-30T17:11:03Z",97.2
"Sarah","2026-06-08 21:48:51","2026-05-30","2026-05-30T17:12:03Z",97.1
"Sarah","2026-06-08 21:48:51","2026-05-30","2026-05-30T17:13:03Z",97
"Sarah","2026-06-08 21:48:51","2026-05-30","2026-05-30T17:14:03Z",97.1
"Sarah","2026-06-08 21:48:51","2026-05-30","2026-05-30T17:15:03Z",50
"Sarah","2026-06-08 21:48:51","2026-05-30","2026-05-30T17:16:03Z",96.7
"Sarah","2026-06-08 21:48:51","2026-05-30","2026-05-30T17:17:03Z",96.5
"Sarah","2026-06-08 21:48:51","2026-05-30","2026-05-30T17:18:03Z",50
"Sarah","2026-06-08 21:48:51","2026-05-30","2026-05-30T17:19:03Z",96.7
"Sarah","2026-06-08 21:48:51","2026-05-30","2026-05-30T17:20:03Z",97.4
"Sarah","2026-06-08 21:48:51","2026-05-30","2026-05-30T17:21:03Z",97.8
"Sarah","2026-06-08 21:48:51","2026-05-30","2026-05-30T17:22:03Z",50
"Sarah","2026-06-08 21:48:51","2026-05-30","2026-05-30T17:23:03Z",96.8
"Sarah","2026-06-08 21:48:51","2026-05-30","2026-05-30T17:24:03Z",95.7
"Sarah","2026-06-08 21:48:51","2026-05-30","2026-05-30T17:25:03Z",95
"Sarah","2026-06-08 21:48:51","2026-05-30","2026-05-30T17:26:03Z",94.7
"Sarah","2026-06-08 21:48:51","2026-05-30","2026-05-30T17:27:03Z",94.4
"Sarah","2026-06-08 21:48:51","2026-05-30","2026-05-30T17:28:03Z",94.7
"Sarah","2026-06-08 21:48:51","2026-05-30","2026-05-30T17:29:03Z",95
"Sarah","2026-06-08 21:48:51","2026-05-30","2026-05-30T17:30:03Z",50
"Sarah","2026-06-08 21:48:51","2026-05-30","2026-05-30T17:31:03Z",95.7
"Sarah","2026-06-08 21:48:51","2026-05-30","2026-05-30T17:32:03Z",96.3
"Sarah","2026-06-08 21:48:51","2026-05-30","2026-05-30T17:33:03Z",96.6
"Sarah","2026-06-08 21:48:51","2026-05-30","2026-05-30T17:34:03Z",96.7
"Sarah","2026-06-08 21:48:51","2026-05-30","2026-05-30T17:35:03Z",50
"Sarah","2026-06-08 21:48:51","2026-05-30","2026-05-30T17:36:03Z",97.2
"Sarah","2026-06-08 21:48:51","2026-05-30","2026-05-30T17:37:03Z",97.5
"Sarah","2026-06-08 21:48:51","2026-05-30","2026-05-30T17:38:03Z",50
"Sarah","2026-06-08 21:48:51","2026-05-30","2026-05-30T17:39:03Z",97.6
"Sarah","2026-06-08 21:48:51","2026-05-30","2026-05-30T17:40:03Z",96.9
"Sarah","2026-06-08 21:48:51","2026-05-30","2026-05-30T17:41:03Z",96.6
"Sarah","2026-06-08 21:48:51","2026-05-30","2026-05-30T17:42:03Z",96.3
"Sarah","2026-06-08 21:48:51","2026-05-30","2026-05-30T17:43:03Z",96.2
"Sarah","2026-06-08 21:48:51","2026-05-30","2026-05-30T17:44:03Z",50
"Sarah","2026-06-08 21:48:51","2026-05-30","2026-05-30T17:45:03Z",96.2
"Sarah","2026-06-08 21:48:51","2026-05-30","2026-05-30T17:46:03Z",96.2
"Sarah","2026-06-08 21:48:51","2026-05-30","2026-05-30T17:47:03Z",96.3
"Sarah","2026-06-08 21:48:51","2026-05-30","2026-05-30T17:48:03Z",96
"Sarah","2026-06-08 21:48:51","2026-05-30","2026-05-30T17:49:03Z",50
"Sarah","2026-06-08 21:48:51","2026-05-30","2026-05-30T17:50:03Z",95.4
"Sarah","2026-06-08 21:48:51","2026-05-30","2026-05-30T17:51:03Z",50
"Sarah","2026-06-08 21:48:51","2026-05-30","2026-05-30T17:52:03Z",95.5
"Sarah","2026-06-08 21:48:51","2026-05-30","2026-05-30T17:53:03Z",95.7
"Sarah","2026-06-08 21:48:51","2026-05-30","2026-05-30T17:54:03Z",95.5
"Sarah","2026-06-08 21:48:51","2026-05-30","2026-05-30T17:55:03Z",95.1
"Sarah","2026-06-08 21:48:51","2026-05-30","2026-05-30T17:56:03Z",50
"Sarah","2026-06-08 21:48:51","2026-05-30","2026-05-30T17:57:03Z",95.4
"Sarah","2026-06-08 21:48:51","2026-05-30","2026-05-30T17:58:03Z",95.3
"Sarah","2026-06-08 21:48:51","2026-05-30","2026-05-30T17:59:03Z",50
"Sarah","2026-06-08 21:48:51","2026-05-30","2026-05-30T18:00:03Z",94.1
"Sarah","2026-06-08 21:48:51","2026-05-30","2026-05-30T18:01:03Z",95.4
"Sarah","2026-06-08 21:48:51","2026-05-30","2026-05-30T18:02:03Z",93.9
"Sarah","2026-06-08 21:48:51","2026-05-30","2026-05-30T18:03:03Z",91.1
"Sarah","2026-06-08 21:48:51","2026-05-30","2026-05-30T18:04:03Z",89.3
"Sarah","2026-06-08 21:48:51","2026-05-30","2026-05-30T18:05:03Z",89.2
"Sarah","2026-06-08 21:48:51","2026-05-30","2026-05-30T18:06:03Z",88.9
"Sarah","2026-06-08 21:48:51","2026-05-30","2026-05-30T18:07:03Z",90.4
"Sarah","2026-06-08 21:48:51","2026-05-30","2026-05-30T18:08:03Z",90.6
"Sarah","2026-06-08 21:48:51","2026-05-30","2026-05-30T18:09:03Z",90.2
"Sarah","2026-06-08 21:48:51","2026-05-30","2026-05-30T18:10:03Z",91.5
"Sarah","2026-06-08 21:48:51","2026-05-30","2026-05-30T18:11:03Z",93.7
"Sarah","2026-06-08 21:48:51","2026-05-30","2026-05-30T18:12:03Z",95
"Sarah","2026-06-08 21:48:51","2026-05-30","2026-05-30T18:13:03Z",50
"Sarah","2026-06-08 21:48:51","2026-05-30","2026-05-30T18:14:03Z",93.9
"Sarah","2026-06-08 21:48:51","2026-05-30","2026-05-30T18:15:03Z",94.7
"Sarah","2026-06-08 21:48:51","2026-05-30","2026-05-30T18:16:03Z",95.9
"Sarah","2026-06-08 21:48:51","2026-05-30","2026-05-30T18:17:03Z",97.4
"Sarah","2026-06-08 21:48:51","2026-05-30","2026-05-30T18:18:03Z",98.3
"Sarah","2026-06-08 21:48:51","2026-05-30","2026-05-30T18:19:03Z",98.5
"Sarah","2026-06-08 21:48:51","2026-05-30","2026-05-30T18:20:03Z",98.4
"Sarah","2026-06-08 21:48:51","2026-05-30","2026-05-30T18:21:03Z",99
"Sarah","2026-06-08 21:48:51","2026-05-30","2026-05-30T18:22:03Z",99.5
"Sarah","2026-06-08 21:48:51","2026-05-30","2026-05-30T18:23:03Z",99.4
"Sarah","2026-06-08 21:48:51","2026-05-30","2026-05-30T18:24:03Z",99.7
"Sarah","2026-06-08 21:48:51","2026-05-30","2026-05-30T18:25:03Z",99.9
"Sarah","2026-06-08 21:48:51","2026-05-30","2026-05-30T18:26:03Z",99.9
"Sarah","2026-06-08 21:48:51","2026-05-30","2026-05-30T18:27:03Z",99.9
"Sarah","2026-06-08 21:48:51","2026-05-30","2026-05-30T18:28:03Z",99.9
"Sarah","2026-06-08 21:48:51","2026-05-30","2026-05-30T18:29:03Z",100
"Sarah","2026-06-08 21:48:51","2026-05-30","2026-05-30T18:30:03Z",100
"Sarah","2026-06-08 21:48:51","2026-05-30","2026-05-30T18:31:03Z",100
"Sarah","2026-06-08 21:48:51","2026-05-30","2026-05-30T18:32:03Z",100
"Sarah","2026-06-08 21:48:51","2026-05-30","2026-05-30T18:33:03Z",100
"Sarah","2026-06-08 21:48:51","2026-05-30","2026-05-30T18:34:03Z",100
"Sarah","2026-06-08 21:48:51","2026-05-30","2026-05-30T18:35:03Z",99.7
"Sarah","2026-06-08 21:48:51","2026-05-30","2026-05-30T18:36:03Z",99.8
"Sarah","2026-06-08 21:48:51","2026-05-30","2026-05-30T18:37:03Z",99.9
"Sarah","2026-06-08 21:48:51","2026-05-30","2026-05-30T18:38:03Z",99.9
"Sarah","2026-06-08 21:48:51","2026-05-30","2026-05-30T18:39:03Z",99.8
"Sarah","2026-06-08 21:48:51","2026-05-30","2026-05-30T18:40:03Z",50
"Sarah","2026-06-08 21:48:51","2026-05-30","2026-05-30T18:41:03Z",50
"Sarah","2026-06-08 21:48:51","2026-05-30","2026-05-30T18:42:03Z",50
"Sarah","2026-06-08 21:48:51","2026-05-30","2026-05-30T18:43:03Z",50
"Sarah","2026-06-08 21:48:51","2026-05-30","2026-05-30T18:44:03Z",50
"Sarah","2026-06-08 21:48:51","2026-05-30","2026-05-30T18:45:03Z",50
"Sarah","2026-06-08 21:48:51","2026-05-30","2026-05-30T18:46:03Z",50
"Sarah","2026-06-08 21:48:51","2026-05-30","2026-05-30T18:47:03Z",50
"Sarah","2026-06-08 21:48:51","2026-05-30","2026-05-30T18:48:03Z",50
"Sarah","2026-06-08 21:48:51","2026-05-30","2026-05-30T18:49:03Z",50
"Sarah","2026-06-08 21:48:51","2026-05-30","2026-05-30T18:50:03Z",50
"Sarah","2026-06-08 21:48:51","2026-05-30","2026-05-30T20:16:34Z",93.5
"Sarah","2026-06-08 21:48:51","2026-05-30","2026-05-30T20:17:34Z",50
"Sarah","2026-06-08 21:48:51","2026-05-30","2026-05-30T20:18:34Z",88.1
"Sarah","2026-06-08 21:48:51","2026-05-30","2026-05-30T20:19:34Z",50
"Sarah","2026-06-08 21:48:51","2026-05-30","2026-05-30T20:20:34Z",50
"Sarah","2026-06-08 21:48:51","2026-05-30","2026-05-30T20:21:34Z",50
"Sarah","2026-06-08 23:30:39","2026-05-31","2026-05-31T08:32:33Z",85.9
"Sarah","2026-06-08 23:30:39","2026-05-31","2026-05-31T08:33:33Z",86
"Sarah","2026-06-08 23:30:39","2026-05-31","2026-05-31T08:34:33Z",86
"Sarah","2026-06-08 23:30:39","2026-05-31","2026-05-31T08:35:33Z",86
"Sarah","2026-06-08 23:30:39","2026-05-31","2026-05-31T08:36:33Z",86.4
"Sarah","2026-06-08 23:30:39","2026-05-31","2026-05-31T08:37:33Z",86.2
"Sarah","2026-06-08 23:30:39","2026-05-31","2026-05-31T08:38:33Z",86.6
"Sarah","2026-06-08 23:30:39","2026-05-31","2026-05-31T08:39:33Z",86.6
"Sarah","2026-06-08 23:30:39","2026-05-31","2026-05-31T08:40:33Z",50
"Sarah","2026-06-08 23:30:39","2026-05-31","2026-05-31T08:41:33Z",90.2
"Sarah","2026-06-08 23:30:39","2026-05-31","2026-05-31T08:42:33Z",90.9
"Sarah","2026-06-08 23:30:39","2026-05-31","2026-05-31T08:43:33Z",50
"Sarah","2026-06-08 23:30:39","2026-05-31","2026-05-31T08:44:33Z",94.3
"Sarah","2026-06-08 23:30:39","2026-05-31","2026-05-31T08:45:33Z",50
"Sarah","2026-06-08 23:30:39","2026-05-31","2026-05-31T08:46:33Z",94
"Sarah","2026-06-08 23:30:39","2026-05-31","2026-05-31T08:47:33Z",94.1
"Sarah","2026-06-08 23:30:39","2026-05-31","2026-05-31T08:48:33Z",94.1
"Sarah","2026-06-08 23:30:39","2026-05-31","2026-05-31T08:49:33Z",50
"Sarah","2026-06-08 23:30:39","2026-05-31","2026-05-31T08:50:33Z",50
"Sarah","2026-06-08 23:30:39","2026-05-31","2026-05-31T08:51:33Z",95
"Sarah","2026-06-08 23:30:39","2026-05-31","2026-05-31T08:52:33Z",96.5
"Sarah","2026-06-08 23:30:39","2026-05-31","2026-05-31T08:53:33Z",97.4
"Sarah","2026-06-08 23:30:39","2026-05-31","2026-05-31T08:54:33Z",97.2
"Sarah","2026-06-08 23:30:39","2026-05-31","2026-05-31T08:55:33Z",50
"Sarah","2026-06-08 23:30:39","2026-05-31","2026-05-31T08:56:33Z",97.3
"Sarah","2026-06-08 23:30:39","2026-05-31","2026-05-31T08:57:33Z",96.9
"Sarah","2026-06-08 23:30:39","2026-05-31","2026-05-31T08:58:33Z",96.7
"Sarah","2026-06-08 23:30:39","2026-05-31","2026-05-31T08:59:33Z",96.2
"Sarah","2026-06-08 23:30:39","2026-05-31","2026-05-31T09:00:33Z",96
"Sarah","2026-06-08 23:30:39","2026-05-31","2026-05-31T09:01:33Z",95.9
"Sarah","2026-06-08 23:30:39","2026-05-31","2026-05-31T09:02:33Z",95.9
"Sarah","2026-06-08 23:30:39","2026-05-31","2026-05-31T09:03:33Z",95.8
"Sarah","2026-06-08 23:30:39","2026-05-31","2026-05-31T09:04:33Z",95.9
"Sarah","2026-06-08 23:30:39","2026-05-31","2026-05-31T09:05:33Z",96
"Sarah","2026-06-08 23:30:39","2026-05-31","2026-05-31T09:06:33Z",96.1
"Sarah","2026-06-08 23:30:39","2026-05-31","2026-05-31T09:07:33Z",96.4
"Sarah","2026-06-08 23:30:39","2026-05-31","2026-05-31T09:08:33Z",96.6
"Sarah","2026-06-08 23:30:39","2026-05-31","2026-05-31T09:09:33Z",96.8
"Sarah","2026-06-08 23:30:39","2026-05-31","2026-05-31T09:10:33Z",96.7
"Sarah","2026-06-08 23:30:39","2026-05-31","2026-05-31T09:11:33Z",96.8
"Sarah","2026-06-08 23:30:39","2026-05-31","2026-05-31T09:12:33Z",96.9
"Sarah","2026-06-08 23:30:39","2026-05-31","2026-05-31T09:13:33Z",97
"Sarah","2026-06-08 23:30:39","2026-05-31","2026-05-31T09:14:33Z",97
"Sarah","2026-06-08 23:30:39","2026-05-31","2026-05-31T09:15:33Z",97.1
"Sarah","2026-06-08 23:30:39","2026-05-31","2026-05-31T09:16:33Z",96.9
"Sarah","2026-06-08 23:30:39","2026-05-31","2026-05-31T09:17:33Z",96.9
"Sarah","2026-06-08 23:30:39","2026-05-31","2026-05-31T09:18:33Z",96.9
"Sarah","2026-06-08 23:30:39","2026-05-31","2026-05-31T09:19:33Z",96.9
"Sarah","2026-06-08 23:30:39","2026-05-31","2026-05-31T09:20:33Z",96.9
"Sarah","2026-06-08 23:30:39","2026-05-31","2026-05-31T09:21:33Z",50
"Sarah","2026-06-08 23:30:39","2026-05-31","2026-05-31T09:22:33Z",96.9
"Sarah","2026-06-08 23:30:39","2026-05-31","2026-05-31T09:23:33Z",96.6
"Sarah","2026-06-08 23:30:39","2026-05-31","2026-05-31T09:24:33Z",50
"Sarah","2026-06-08 23:30:39","2026-05-31","2026-05-31T09:25:33Z",96.6
"Sarah","2026-06-08 23:30:39","2026-05-31","2026-05-31T09:26:33Z",96.7
"Sarah","2026-06-08 23:30:39","2026-05-31","2026-05-31T09:27:33Z",96.8
"Sarah","2026-06-08 23:30:39","2026-05-31","2026-05-31T09:28:33Z",96.8
"Sarah","2026-06-08 23:30:39","2026-05-31","2026-05-31T09:29:33Z",96.9
"Sarah","2026-06-08 23:30:39","2026-05-31","2026-05-31T09:30:33Z",96.8
"Sarah","2026-06-08 23:30:39","2026-05-31","2026-05-31T09:31:33Z",96.8
"Sarah","2026-06-08 23:30:39","2026-05-31","2026-05-31T09:32:33Z",96.8
"Sarah","2026-06-08 23:30:39","2026-05-31","2026-05-31T09:33:33Z",96.8
"Sarah","2026-06-08 23:30:39","2026-05-31","2026-05-31T09:34:33Z",96.8
"Sarah","2026-06-08 23:30:39","2026-05-31","2026-05-31T09:35:33Z",96.8
"Sarah","2026-06-08 23:30:39","2026-05-31","2026-05-31T09:36:33Z",96.7
"Sarah","2026-06-08 23:30:39","2026-05-31","2026-05-31T09:37:33Z",96.7
"Sarah","2026-06-08 23:30:39","2026-05-31","2026-05-31T09:38:33Z",96.6
"Sarah","2026-06-08 23:30:39","2026-05-31","2026-05-31T09:39:33Z",96.9
"Sarah","2026-06-08 23:30:39","2026-05-31","2026-05-31T09:40:33Z",96.6
"Sarah","2026-06-08 23:30:39","2026-05-31","2026-05-31T09:41:33Z",96.3
"Sarah","2026-06-08 23:30:39","2026-05-31","2026-05-31T09:42:33Z",96.1
"Sarah","2026-06-08 23:30:39","2026-05-31","2026-05-31T09:43:33Z",95.8
"Sarah","2026-06-08 23:30:39","2026-05-31","2026-05-31T09:44:33Z",96
"Sarah","2026-06-08 23:30:39","2026-05-31","2026-05-31T09:45:33Z",96.3
"Sarah","2026-06-08 23:30:39","2026-05-31","2026-05-31T09:46:33Z",96.1
"Sarah","2026-06-08 23:30:39","2026-05-31","2026-05-31T09:47:33Z",96
"Sarah","2026-06-08 23:30:39","2026-05-31","2026-05-31T09:48:33Z",96
"Sarah","2026-06-08 23:30:39","2026-05-31","2026-05-31T09:49:33Z",95.8
"Sarah","2026-06-08 23:30:39","2026-05-31","2026-05-31T09:50:33Z",95.8
"Sarah","2026-06-08 23:30:39","2026-05-31","2026-05-31T09:51:33Z",95.8
"Sarah","2026-06-08 23:30:39","2026-05-31","2026-05-31T09:52:33Z",96
"Sarah","2026-06-08 23:30:39","2026-05-31","2026-05-31T09:53:33Z",96
"Sarah","2026-06-08 23:30:39","2026-05-31","2026-05-31T09:54:33Z",95.5
"Sarah","2026-06-08 23:30:39","2026-05-31","2026-05-31T09:55:33Z",95.6
"Sarah","2026-06-08 23:30:39","2026-05-31","2026-05-31T09:56:33Z",95.8
"Sarah","2026-06-08 23:30:39","2026-05-31","2026-05-31T09:57:33Z",95.9
"Sarah","2026-06-08 23:30:39","2026-05-31","2026-05-31T09:58:33Z",95.8
"Sarah","2026-06-08 23:30:39","2026-05-31","2026-05-31T09:59:33Z",95.7
"Sarah","2026-06-08 23:30:39","2026-05-31","2026-05-31T10:00:33Z",96
"Sarah","2026-06-08 23:30:39","2026-05-31","2026-05-31T10:01:33Z",96.1
"Sarah","2026-06-08 23:30:39","2026-05-31","2026-05-31T10:02:33Z",96.3
"Sarah","2026-06-08 23:30:39","2026-05-31","2026-05-31T10:03:33Z",96.2
"Sarah","2026-06-08 23:30:39","2026-05-31","2026-05-31T10:04:33Z",95.9
"Sarah","2026-06-08 23:30:39","2026-05-31","2026-05-31T10:05:33Z",95.8
"Sarah","2026-06-08 23:30:39","2026-05-31","2026-05-31T10:06:33Z",96
"Sarah","2026-06-08 23:30:39","2026-05-31","2026-05-31T10:07:33Z",96
"Sarah","2026-06-08 23:30:39","2026-05-31","2026-05-31T10:08:33Z",96
"Sarah","2026-06-08 23:30:39","2026-05-31","2026-05-31T10:09:33Z",95.9
"Sarah","2026-06-08 23:30:39","2026-05-31","2026-05-31T10:10:33Z",95.9
"Sarah","2026-06-08 23:30:39","2026-05-31","2026-05-31T10:11:33Z",96
"Sarah","2026-06-08 23:30:39","2026-05-31","2026-05-31T10:12:33Z",96
"Sarah","2026-06-08 23:30:39","2026-05-31","2026-05-31T10:13:33Z",95.8
"Sarah","2026-06-08 23:30:39","2026-05-31","2026-05-31T10:14:33Z",95.9
"Sarah","2026-06-08 23:30:39","2026-05-31","2026-05-31T10:15:33Z",95.9
"Sarah","2026-06-08 23:30:39","2026-05-31","2026-05-31T10:16:33Z",95.7
"Sarah","2026-06-08 23:30:39","2026-05-31","2026-05-31T10:17:33Z",95.8
"Sarah","2026-06-08 23:30:39","2026-05-31","2026-05-31T10:18:33Z",95.9
"Sarah","2026-06-08 23:30:39","2026-05-31","2026-05-31T10:19:33Z",95.9
"Sarah","2026-06-08 23:30:39","2026-05-31","2026-05-31T10:20:33Z",95.6
"Sarah","2026-06-08 23:30:39","2026-05-31","2026-05-31T10:21:33Z",95.8
"Sarah","2026-06-08 23:30:39","2026-05-31","2026-05-31T10:22:33Z",95.9
"Sarah","2026-06-08 23:30:39","2026-05-31","2026-05-31T10:23:33Z",96
"Sarah","2026-06-08 23:30:39","2026-05-31","2026-05-31T10:24:33Z",95.9
"Sarah","2026-06-08 23:30:39","2026-05-31","2026-05-31T10:25:33Z",95.9
"Sarah","2026-06-08 23:30:39","2026-05-31","2026-05-31T10:26:33Z",95.9
"Sarah","2026-06-08 23:30:39","2026-05-31","2026-05-31T10:27:33Z",96
"Sarah","2026-06-08 23:30:39","2026-05-31","2026-05-31T10:28:33Z",96.1
"Sarah","2026-06-08 23:30:39","2026-05-31","2026-05-31T10:29:33Z",96
"Sarah","2026-06-08 23:30:39","2026-05-31","2026-05-31T10:30:33Z",96
"Sarah","2026-06-08 23:30:39","2026-05-31","2026-05-31T10:31:33Z",95.9
"Sarah","2026-06-08 23:30:39","2026-05-31","2026-05-31T10:32:33Z",96
"Sarah","2026-06-08 23:30:39","2026-05-31","2026-05-31T10:33:33Z",95.9
"Sarah","2026-06-08 23:30:39","2026-05-31","2026-05-31T10:34:33Z",95.9
"Sarah","2026-06-08 23:30:39","2026-05-31","2026-05-31T10:35:33Z",95.9
"Sarah","2026-06-08 23:30:39","2026-05-31","2026-05-31T10:36:33Z",95.9
"Sarah","2026-06-08 23:30:39","2026-05-31","2026-05-31T10:37:33Z",95.9
"Sarah","2026-06-08 23:30:39","2026-05-31","2026-05-31T10:38:33Z",96
"Sarah","2026-06-08 23:30:39","2026-05-31","2026-05-31T10:39:33Z",96.1
"Sarah","2026-06-08 23:30:39","2026-05-31","2026-05-31T10:40:33Z",96.1
"Sarah","2026-06-08 23:30:39","2026-05-31","2026-05-31T10:41:33Z",96
"Sarah","2026-06-08 23:30:39","2026-05-31","2026-05-31T10:42:33Z",96
"Sarah","2026-06-08 23:30:39","2026-05-31","2026-05-31T10:43:33Z",96
"Sarah","2026-06-08 23:30:39","2026-05-31","2026-05-31T10:44:33Z",96.1
"Sarah","2026-06-08 23:30:39","2026-05-31","2026-05-31T10:45:33Z",96.1
"Sarah","2026-06-08 23:30:39","2026-05-31","2026-05-31T10:46:33Z",50
"Sarah","2026-06-08 23:30:39","2026-05-31","2026-05-31T10:47:33Z",50
"Sarah","2026-06-08 23:30:39","2026-05-31","2026-05-31T10:48:33Z",50
"Sarah","2026-06-08 23:30:39","2026-05-31","2026-05-31T10:49:33Z",96.1
"Sarah","2026-06-08 23:30:39","2026-05-31","2026-05-31T10:50:33Z",96.2
"Sarah","2026-06-08 23:30:39","2026-05-31","2026-05-31T10:51:33Z",96.5
"Sarah","2026-06-08 23:30:39","2026-05-31","2026-05-31T10:52:33Z",50
"Sarah","2026-06-08 23:30:39","2026-05-31","2026-05-31T10:53:33Z",96.5
"Sarah","2026-06-08 23:30:39","2026-05-31","2026-05-31T10:54:33Z",96.1
"Sarah","2026-06-08 23:30:39","2026-05-31","2026-05-31T10:55:33Z",50
"Sarah","2026-06-08 23:30:39","2026-05-31","2026-05-31T10:56:33Z",96.5
"Sarah","2026-06-08 23:30:39","2026-05-31","2026-05-31T10:57:33Z",96.1
"Sarah","2026-06-08 23:30:39","2026-05-31","2026-05-31T10:58:33Z",95.9
"Sarah","2026-06-08 23:30:39","2026-05-31","2026-05-31T10:59:33Z",95.2
"Sarah","2026-06-08 23:30:39","2026-05-31","2026-05-31T11:00:33Z",94.9
"Sarah","2026-06-08 23:30:39","2026-05-31","2026-05-31T11:01:33Z",94.1
"Sarah","2026-06-08 23:30:39","2026-05-31","2026-05-31T11:02:33Z",93.8
"Sarah","2026-06-08 23:30:39","2026-05-31","2026-05-31T11:03:33Z",93.4
"Sarah","2026-06-08 23:30:39","2026-05-31","2026-05-31T11:04:33Z",93.4
"Sarah","2026-06-08 23:30:39","2026-05-31","2026-05-31T11:05:33Z",93.1
"Sarah","2026-06-08 23:30:39","2026-05-31","2026-05-31T11:06:33Z",93.2
"Sarah","2026-06-08 23:30:39","2026-05-31","2026-05-31T11:07:33Z",93.4
"Sarah","2026-06-08 23:30:39","2026-05-31","2026-05-31T11:08:33Z",93.8
"Sarah","2026-06-08 23:30:39","2026-05-31","2026-05-31T11:09:33Z",50
"Sarah","2026-06-08 23:30:39","2026-05-31","2026-05-31T11:10:33Z",94.3
"Sarah","2026-06-08 23:30:39","2026-05-31","2026-05-31T11:11:33Z",50
"Sarah","2026-06-08 23:30:39","2026-05-31","2026-05-31T11:12:33Z",94.4
"Sarah","2026-06-08 23:30:39","2026-05-31","2026-05-31T11:13:33Z",50
"Sarah","2026-06-08 23:30:39","2026-05-31","2026-05-31T11:14:33Z",94.3
"Sarah","2026-06-08 23:30:39","2026-05-31","2026-05-31T11:15:33Z",94.1
"Sarah","2026-06-08 23:30:39","2026-05-31","2026-05-31T11:16:33Z",97.1
"Sarah","2026-06-08 23:30:39","2026-05-31","2026-05-31T11:17:33Z",50
"Sarah","2026-06-08 23:30:39","2026-05-31","2026-05-31T11:18:33Z",96.2
"Sarah","2026-06-08 23:30:39","2026-05-31","2026-05-31T11:19:33Z",95.4
"Sarah","2026-06-08 23:30:39","2026-05-31","2026-05-31T11:20:33Z",96.4
"Sarah","2026-06-08 23:30:39","2026-05-31","2026-05-31T11:21:33Z",96.5
"Sarah","2026-06-08 23:30:39","2026-05-31","2026-05-31T11:22:33Z",96.4
"Sarah","2026-06-08 23:30:39","2026-05-31","2026-05-31T11:23:33Z",96.6
"Sarah","2026-06-08 23:30:39","2026-05-31","2026-05-31T11:24:33Z",96.6
"Sarah","2026-06-08 23:30:39","2026-05-31","2026-05-31T11:25:33Z",96.5
"Sarah","2026-06-08 23:30:39","2026-05-31","2026-05-31T11:26:33Z",96.5
"Sarah","2026-06-08 23:30:39","2026-05-31","2026-05-31T11:27:33Z",50
"Sarah","2026-06-08 23:30:39","2026-05-31","2026-05-31T11:28:33Z",96.1
"Sarah","2026-06-08 23:30:39","2026-05-31","2026-05-31T11:29:33Z",95.6
"Sarah","2026-06-08 23:30:39","2026-05-31","2026-05-31T11:30:33Z",95.7
"Sarah","2026-06-08 23:30:39","2026-05-31","2026-05-31T11:31:33Z",95.5
"Sarah","2026-06-08 23:30:39","2026-05-31","2026-05-31T11:32:33Z",95.4
"Sarah","2026-06-08 23:30:39","2026-05-31","2026-05-31T11:33:33Z",95.4
"Sarah","2026-06-08 23:30:39","2026-05-31","2026-05-31T11:34:33Z",95.1
"Sarah","2026-06-08 23:30:39","2026-05-31","2026-05-31T11:35:33Z",94.8
"Sarah","2026-06-08 23:30:39","2026-05-31","2026-05-31T11:36:33Z",94.9
"Sarah","2026-06-08 23:30:39","2026-05-31","2026-05-31T11:37:33Z",95.3
"Sarah","2026-06-08 23:30:39","2026-05-31","2026-05-31T11:38:33Z",95.3
"Sarah","2026-06-08 23:30:39","2026-05-31","2026-05-31T11:39:33Z",94.9
"Sarah","2026-06-08 23:30:39","2026-05-31","2026-05-31T11:40:33Z",94.8
"Sarah","2026-06-08 23:30:39","2026-05-31","2026-05-31T11:41:33Z",94.6
"Sarah","2026-06-08 23:30:39","2026-05-31","2026-05-31T11:42:33Z",94.5
"Sarah","2026-06-08 23:30:39","2026-05-31","2026-05-31T11:43:33Z",94.7
"Sarah","2026-06-08 23:30:39","2026-05-31","2026-05-31T11:44:33Z",94.7
"Sarah","2026-06-08 23:30:39","2026-05-31","2026-05-31T11:45:33Z",94.8
"Sarah","2026-06-08 23:30:39","2026-05-31","2026-05-31T11:46:33Z",94.8
"Sarah","2026-06-08 23:30:39","2026-05-31","2026-05-31T11:47:33Z",94.6
"Sarah","2026-06-08 23:30:39","2026-05-31","2026-05-31T11:48:33Z",94.7
"Sarah","2026-06-08 23:30:39","2026-05-31","2026-05-31T11:49:33Z",94.6
"Sarah","2026-06-08 23:30:39","2026-05-31","2026-05-31T11:50:33Z",94.6
"Sarah","2026-06-08 23:30:39","2026-05-31","2026-05-31T11:51:33Z",94.5
"Sarah","2026-06-08 23:30:39","2026-05-31","2026-05-31T11:52:33Z",94.6
"Sarah","2026-06-08 23:30:39","2026-05-31","2026-05-31T11:53:33Z",95.3
"Sarah","2026-06-08 23:30:39","2026-05-31","2026-05-31T11:54:33Z",50
"Sarah","2026-06-08 23:30:39","2026-05-31","2026-05-31T11:55:33Z",95.7
"Sarah","2026-06-08 23:30:39","2026-05-31","2026-05-31T11:56:33Z",95.9
"Sarah","2026-06-08 23:30:39","2026-05-31","2026-05-31T11:57:33Z",50
"Sarah","2026-06-08 23:30:39","2026-05-31","2026-05-31T11:58:33Z",50
"Sarah","2026-06-08 23:30:39","2026-05-31","2026-05-31T11:59:33Z",50
"Sarah","2026-06-08 23:30:39","2026-05-31","2026-05-31T12:00:33Z",96.5
"Sarah","2026-06-08 23:30:39","2026-05-31","2026-05-31T12:01:33Z",96.3
"Sarah","2026-06-08 23:30:39","2026-05-31","2026-05-31T12:02:33Z",96.2
"Sarah","2026-06-08 23:30:39","2026-05-31","2026-05-31T12:03:33Z",96.1
"Sarah","2026-06-08 23:30:39","2026-05-31","2026-05-31T12:04:33Z",95.2
"Sarah","2026-06-08 23:30:39","2026-05-31","2026-05-31T12:05:33Z",95.3
"Sarah","2026-06-08 23:30:39","2026-05-31","2026-05-31T12:06:33Z",95.4
"Sarah","2026-06-08 23:30:39","2026-05-31","2026-05-31T12:07:33Z",95.5
"Sarah","2026-06-08 23:30:39","2026-05-31","2026-05-31T12:08:33Z",95.8
"Sarah","2026-06-08 23:30:39","2026-05-31","2026-05-31T12:09:33Z",95.8
"Sarah","2026-06-08 23:30:39","2026-05-31","2026-05-31T12:10:33Z",95.6
"Sarah","2026-06-08 23:30:39","2026-05-31","2026-05-31T12:11:33Z",95.3
"Sarah","2026-06-08 23:30:39","2026-05-31","2026-05-31T12:12:33Z",95.4
"Sarah","2026-06-08 23:30:39","2026-05-31","2026-05-31T12:13:33Z",95.5
"Sarah","2026-06-08 23:30:39","2026-05-31","2026-05-31T12:14:33Z",95.2
"Sarah","2026-06-08 23:30:39","2026-05-31","2026-05-31T12:15:33Z",95.2
"Sarah","2026-06-08 23:30:39","2026-05-31","2026-05-31T12:16:33Z",95.2
"Sarah","2026-06-08 23:30:39","2026-05-31","2026-05-31T12:17:33Z",95.4
"Sarah","2026-06-08 23:30:39","2026-05-31","2026-05-31T12:18:33Z",95.3
"Sarah","2026-06-08 23:30:39","2026-05-31","2026-05-31T12:19:33Z",95.3
"Sarah","2026-06-08 23:30:39","2026-05-31","2026-05-31T12:20:33Z",95.4
"Sarah","2026-06-08 23:30:39","2026-05-31","2026-05-31T12:21:33Z",95.3
"Sarah","2026-06-08 23:30:39","2026-05-31","2026-05-31T12:22:33Z",95.2
"Sarah","2026-06-08 23:30:39","2026-05-31","2026-05-31T12:23:33Z",95
"Sarah","2026-06-08 23:30:39","2026-05-31","2026-05-31T12:24:33Z",95
"Sarah","2026-06-08 23:30:39","2026-05-31","2026-05-31T12:25:33Z",95.3
"Sarah","2026-06-08 23:30:39","2026-05-31","2026-05-31T12:26:33Z",95.4
"Sarah","2026-06-08 23:30:39","2026-05-31","2026-05-31T12:27:33Z",95.4
"Sarah","2026-06-08 23:30:39","2026-05-31","2026-05-31T12:28:33Z",50
"Sarah","2026-06-08 23:30:39","2026-05-31","2026-05-31T12:29:33Z",95.2
"Sarah","2026-06-08 23:30:39","2026-05-31","2026-05-31T12:30:33Z",50
"Sarah","2026-06-08 23:30:39","2026-05-31","2026-05-31T12:31:33Z",95.2
"Sarah","2026-06-08 23:30:39","2026-05-31","2026-05-31T12:32:33Z",94.9
"Sarah","2026-06-08 23:30:39","2026-05-31","2026-05-31T12:33:33Z",94.8
"Sarah","2026-06-08 23:30:39","2026-05-31","2026-05-31T12:34:33Z",94.8
"Sarah","2026-06-08 23:30:39","2026-05-31","2026-05-31T12:35:33Z",94.7
"Sarah","2026-06-08 23:30:39","2026-05-31","2026-05-31T12:36:33Z",94.7
"Sarah","2026-06-08 23:30:39","2026-05-31","2026-05-31T12:37:33Z",94.7
"Sarah","2026-06-08 23:30:39","2026-05-31","2026-05-31T12:38:33Z",94.8
"Sarah","2026-06-08 23:30:39","2026-05-31","2026-05-31T12:39:33Z",94.7
"Sarah","2026-06-08 23:30:39","2026-05-31","2026-05-31T12:40:33Z",94.7
"Sarah","2026-06-08 23:30:39","2026-05-31","2026-05-31T12:41:33Z",94.7
"Sarah","2026-06-08 23:30:39","2026-05-31","2026-05-31T12:42:33Z",94.6
"Sarah","2026-06-08 23:30:39","2026-05-31","2026-05-31T12:43:33Z",50
"Sarah","2026-06-08 23:30:39","2026-05-31","2026-05-31T12:44:33Z",95.3
"Sarah","2026-06-08 23:30:39","2026-05-31","2026-05-31T12:45:33Z",95.7
"Sarah","2026-06-08 23:30:39","2026-05-31","2026-05-31T12:46:33Z",95.9
"Sarah","2026-06-08 23:30:39","2026-05-31","2026-05-31T12:47:33Z",96
"Sarah","2026-06-08 23:30:39","2026-05-31","2026-05-31T12:48:33Z",96.1
"Sarah","2026-06-08 23:30:39","2026-05-31","2026-05-31T12:49:33Z",96.1
"Sarah","2026-06-08 23:30:39","2026-05-31","2026-05-31T12:50:33Z",96
"Sarah","2026-06-08 23:30:39","2026-05-31","2026-05-31T12:51:33Z",96
"Sarah","2026-06-08 23:30:39","2026-05-31","2026-05-31T12:52:33Z",96
"Sarah","2026-06-08 23:30:39","2026-05-31","2026-05-31T12:53:33Z",96
"Sarah","2026-06-08 23:30:39","2026-05-31","2026-05-31T12:54:33Z",96
"Sarah","2026-06-08 23:30:39","2026-05-31","2026-05-31T12:55:33Z",96
"Sarah","2026-06-08 23:30:39","2026-05-31","2026-05-31T12:56:33Z",96
"Sarah","2026-06-08 23:30:39","2026-05-31","2026-05-31T12:57:33Z",96
"Sarah","2026-06-08 23:30:39","2026-05-31","2026-05-31T12:58:33Z",96
"Sarah","2026-06-08 23:30:39","2026-05-31","2026-05-31T12:59:33Z",96
"Sarah","2026-06-08 23:30:39","2026-05-31","2026-05-31T13:00:33Z",96.1
"Sarah","2026-06-08 23:30:39","2026-05-31","2026-05-31T13:01:33Z",96.1
"Sarah","2026-06-08 23:30:39","2026-05-31","2026-05-31T13:02:33Z",96.1
"Sarah","2026-06-08 23:30:39","2026-05-31","2026-05-31T13:03:33Z",96.1
"Sarah","2026-06-08 23:30:39","2026-05-31","2026-05-31T13:04:33Z",96.1
"Sarah","2026-06-08 23:30:39","2026-05-31","2026-05-31T13:05:33Z",96.1
"Sarah","2026-06-08 23:30:39","2026-05-31","2026-05-31T13:06:33Z",96.1
"Sarah","2026-06-08 23:30:39","2026-05-31","2026-05-31T13:07:33Z",96.1
"Sarah","2026-06-08 23:30:39","2026-05-31","2026-05-31T13:08:33Z",96.1
"Sarah","2026-06-08 23:30:39","2026-05-31","2026-05-31T13:09:33Z",96
"Sarah","2026-06-08 23:30:39","2026-05-31","2026-05-31T13:10:33Z",96
"Sarah","2026-06-08 23:30:39","2026-05-31","2026-05-31T13:11:33Z",96.1
"Sarah","2026-06-08 23:30:39","2026-05-31","2026-05-31T13:12:33Z",96.1
"Sarah","2026-06-08 23:30:39","2026-05-31","2026-05-31T13:13:33Z",96.1
"Sarah","2026-06-08 23:30:39","2026-05-31","2026-05-31T13:14:33Z",96.1
"Sarah","2026-06-08 23:30:39","2026-05-31","2026-05-31T13:15:33Z",96.1
"Sarah","2026-06-08 23:30:39","2026-05-31","2026-05-31T13:16:33Z",96.1
"Sarah","2026-06-08 23:30:39","2026-05-31","2026-05-31T13:17:33Z",96.1
"Sarah","2026-06-08 23:30:39","2026-05-31","2026-05-31T13:18:33Z",96.1
"Sarah","2026-06-08 23:30:39","2026-05-31","2026-05-31T13:19:33Z",96.1
"Sarah","2026-06-08 23:30:39","2026-05-31","2026-05-31T13:20:33Z",96.2
"Sarah","2026-06-08 23:30:39","2026-05-31","2026-05-31T13:21:33Z",50
"Sarah","2026-06-08 23:30:39","2026-05-31","2026-05-31T13:22:33Z",50
"Sarah","2026-06-08 23:30:39","2026-05-31","2026-05-31T13:23:33Z",50
"Sarah","2026-06-08 23:30:39","2026-05-31","2026-05-31T13:24:33Z",96.1
"Sarah","2026-06-08 23:30:39","2026-05-31","2026-05-31T13:25:33Z",95.7
"Sarah","2026-06-08 23:30:39","2026-05-31","2026-05-31T13:26:33Z",95.5
"Sarah","2026-06-08 23:30:39","2026-05-31","2026-05-31T13:27:33Z",95.3
"Sarah","2026-06-08 23:30:39","2026-05-31","2026-05-31T13:28:33Z",95.2
"Sarah","2026-06-08 23:30:39","2026-05-31","2026-05-31T13:29:33Z",95
"Sarah","2026-06-08 23:30:39","2026-05-31","2026-05-31T13:30:33Z",94.9
"Sarah","2026-06-08 23:30:39","2026-05-31","2026-05-31T13:31:33Z",94.9
"Sarah","2026-06-08 23:30:39","2026-05-31","2026-05-31T13:32:33Z",95.1
"Sarah","2026-06-08 23:30:39","2026-05-31","2026-05-31T13:33:33Z",94.8
"Sarah","2026-06-08 23:30:39","2026-05-31","2026-05-31T13:34:33Z",95.1
"Sarah","2026-06-08 23:30:39","2026-05-31","2026-05-31T13:35:33Z",95.1
"Sarah","2026-06-08 23:30:39","2026-05-31","2026-05-31T13:36:33Z",50
"Sarah","2026-06-08 23:30:39","2026-05-31","2026-05-31T13:37:33Z",95.5
"Sarah","2026-06-08 23:30:39","2026-05-31","2026-05-31T13:38:33Z",95.4
"Sarah","2026-06-08 23:30:39","2026-05-31","2026-05-31T13:39:33Z",95.4
"Sarah","2026-06-08 23:30:39","2026-05-31","2026-05-31T13:40:33Z",95.4
"Sarah","2026-06-08 23:30:39","2026-05-31","2026-05-31T13:41:33Z",95.4
"Sarah","2026-06-08 23:30:39","2026-05-31","2026-05-31T13:42:33Z",95.7
"Sarah","2026-06-08 23:30:39","2026-05-31","2026-05-31T13:43:33Z",95.7
"Sarah","2026-06-08 23:30:39","2026-05-31","2026-05-31T13:44:33Z",95.6
"Sarah","2026-06-08 23:30:39","2026-05-31","2026-05-31T13:45:33Z",95.4
"Sarah","2026-06-08 23:30:39","2026-05-31","2026-05-31T13:46:33Z",95.3
"Sarah","2026-06-08 23:30:39","2026-05-31","2026-05-31T13:47:33Z",95.6
"Sarah","2026-06-08 23:30:39","2026-05-31","2026-05-31T13:48:33Z",95.5
"Sarah","2026-06-08 23:30:39","2026-05-31","2026-05-31T13:49:33Z",95.4
"Sarah","2026-06-08 23:30:39","2026-05-31","2026-05-31T13:50:33Z",95.4
"Sarah","2026-06-08 23:30:39","2026-05-31","2026-05-31T13:51:33Z",95.6
"Sarah","2026-06-08 23:30:39","2026-05-31","2026-05-31T13:52:33Z",95.4
"Sarah","2026-06-08 23:30:39","2026-05-31","2026-05-31T13:53:33Z",95.1
"Sarah","2026-06-08 23:30:39","2026-05-31","2026-05-31T13:54:33Z",95.1
"Sarah","2026-06-08 23:30:39","2026-05-31","2026-05-31T13:55:33Z",95.1
"Sarah","2026-06-08 23:30:39","2026-05-31","2026-05-31T13:56:33Z",95.1
"Sarah","2026-06-08 23:30:39","2026-05-31","2026-05-31T13:57:33Z",95.3
"Sarah","2026-06-08 23:30:39","2026-05-31","2026-05-31T13:58:33Z",95.4
"Sarah","2026-06-08 23:30:39","2026-05-31","2026-05-31T13:59:33Z",95.5
"Sarah","2026-06-08 23:30:39","2026-05-31","2026-05-31T14:00:33Z",95.9
"Sarah","2026-06-08 23:30:39","2026-05-31","2026-05-31T14:01:33Z",95.9
"Sarah","2026-06-08 23:30:39","2026-05-31","2026-05-31T14:02:33Z",95.7
"Sarah","2026-06-08 23:30:39","2026-05-31","2026-05-31T14:03:33Z",95.8
"Sarah","2026-06-08 23:30:39","2026-05-31","2026-05-31T14:04:33Z",96
"Sarah","2026-06-08 23:30:39","2026-05-31","2026-05-31T14:05:33Z",96.1
"Sarah","2026-06-08 23:30:39","2026-05-31","2026-05-31T14:06:33Z",96.1
"Sarah","2026-06-08 23:30:39","2026-05-31","2026-05-31T14:07:33Z",96
"Sarah","2026-06-08 23:30:39","2026-05-31","2026-05-31T14:08:33Z",95.9
"Sarah","2026-06-08 23:30:39","2026-05-31","2026-05-31T14:09:33Z",96
"Sarah","2026-06-08 23:30:39","2026-05-31","2026-05-31T14:10:33Z",96
"Sarah","2026-06-08 23:30:39","2026-05-31","2026-05-31T14:11:33Z",96
"Sarah","2026-06-08 23:30:39","2026-05-31","2026-05-31T14:12:33Z",96
"Sarah","2026-06-08 23:30:39","2026-05-31","2026-05-31T14:13:33Z",96
"Sarah","2026-06-08 23:30:39","2026-05-31","2026-05-31T14:14:33Z",95.9
"Sarah","2026-06-08 23:30:39","2026-05-31","2026-05-31T14:15:33Z",95.9
"Sarah","2026-06-08 23:30:39","2026-05-31","2026-05-31T14:16:33Z",96
"Sarah","2026-06-08 23:30:39","2026-05-31","2026-05-31T14:17:33Z",96.1
"Sarah","2026-06-08 23:30:39","2026-05-31","2026-05-31T14:18:33Z",96.1
"Sarah","2026-06-08 23:30:39","2026-05-31","2026-05-31T14:19:33Z",96.1
"Sarah","2026-06-08 23:30:39","2026-05-31","2026-05-31T14:20:33Z",96
"Sarah","2026-06-08 23:30:39","2026-05-31","2026-05-31T14:21:33Z",96
"Sarah","2026-06-08 23:30:39","2026-05-31","2026-05-31T14:22:33Z",95.9
"Sarah","2026-06-08 23:30:39","2026-05-31","2026-05-31T14:23:33Z",95.9
"Sarah","2026-06-08 23:30:39","2026-05-31","2026-05-31T14:24:33Z",95.9
"Sarah","2026-06-08 23:30:39","2026-05-31","2026-05-31T14:25:33Z",95.9
"Sarah","2026-06-08 23:30:39","2026-05-31","2026-05-31T14:26:33Z",95.8
"Sarah","2026-06-08 23:30:39","2026-05-31","2026-05-31T14:27:33Z",95.9
"Sarah","2026-06-08 23:30:39","2026-05-31","2026-05-31T14:28:33Z",95.9
"Sarah","2026-06-08 23:30:39","2026-05-31","2026-05-31T14:29:33Z",95.9
"Sarah","2026-06-08 23:30:39","2026-05-31","2026-05-31T14:30:33Z",95.9
"Sarah","2026-06-08 23:30:39","2026-05-31","2026-05-31T14:31:33Z",95.9
"Sarah","2026-06-08 23:30:39","2026-05-31","2026-05-31T14:32:33Z",95.9
"Sarah","2026-06-08 23:30:39","2026-05-31","2026-05-31T14:33:33Z",95.8
"Sarah","2026-06-08 23:30:39","2026-05-31","2026-05-31T14:34:33Z",96
"Sarah","2026-06-08 23:30:39","2026-05-31","2026-05-31T14:35:33Z",95.9
"Sarah","2026-06-08 23:30:39","2026-05-31","2026-05-31T14:36:33Z",95.9
"Sarah","2026-06-08 23:30:39","2026-05-31","2026-05-31T14:37:33Z",95.8
"Sarah","2026-06-08 23:30:39","2026-05-31","2026-05-31T14:38:33Z",95.8
"Sarah","2026-06-08 23:30:39","2026-05-31","2026-05-31T14:39:33Z",95.8
"Sarah","2026-06-08 23:30:39","2026-05-31","2026-05-31T14:40:33Z",95.8
"Sarah","2026-06-08 23:30:39","2026-05-31","2026-05-31T14:41:33Z",95.8
"Sarah","2026-06-08 23:30:39","2026-05-31","2026-05-31T14:42:33Z",95.7
"Sarah","2026-06-08 23:30:39","2026-05-31","2026-05-31T14:43:33Z",95.7
"Sarah","2026-06-08 23:30:39","2026-05-31","2026-05-31T14:44:33Z",95.7
"Sarah","2026-06-08 23:30:39","2026-05-31","2026-05-31T14:45:33Z",95.7
"Sarah","2026-06-08 23:30:39","2026-05-31","2026-05-31T14:46:33Z",95.8
"Sarah","2026-06-08 23:30:39","2026-05-31","2026-05-31T14:47:33Z",95.9
"Sarah","2026-06-08 23:30:39","2026-05-31","2026-05-31T14:48:33Z",50
"Sarah","2026-06-08 23:30:39","2026-05-31","2026-05-31T14:49:33Z",96.3
"Sarah","2026-06-08 23:30:39","2026-05-31","2026-05-31T14:50:33Z",50
"Sarah","2026-06-08 23:30:39","2026-05-31","2026-05-31T14:51:33Z",50
"Sarah","2026-06-08 23:30:39","2026-05-31","2026-05-31T14:52:33Z",50
"Sarah","2026-06-08 23:30:39","2026-05-31","2026-05-31T14:53:33Z",50
"Sarah","2026-06-08 23:30:39","2026-05-31","2026-05-31T14:54:33Z",50
"Sarah","2026-06-08 23:30:39","2026-05-31","2026-05-31T14:55:33Z",50
"Sarah","2026-06-08 23:30:39","2026-05-31","2026-05-31T14:56:33Z",50
"Sarah","2026-06-08 23:30:39","2026-05-31","2026-05-31T14:57:33Z",50
"Sarah","2026-06-08 23:30:39","2026-05-31","2026-05-31T14:58:33Z",50
"Sarah","2026-06-08 23:30:39","2026-05-31","2026-05-31T14:59:33Z",50
"Sarah","2026-06-08 23:30:39","2026-05-31","2026-05-31T15:00:33Z",50
"Sarah","2026-06-08 23:30:39","2026-05-31","2026-05-31T15:01:33Z",50
"Sarah","2026-06-08 23:30:39","2026-05-31","2026-05-31T15:02:33Z",50
"Sarah","2026-06-08 23:30:39","2026-05-31","2026-05-31T15:03:33Z",50
"Sarah","2026-06-08 23:30:39","2026-05-31","2026-05-31T15:04:33Z",50
"Sarah","2026-06-09 00:38:51","2026-06-01","2026-06-01T15:44:34Z",50
"Sarah","2026-06-09 00:38:51","2026-06-01","2026-06-01T15:43:34Z",50
"Sarah","2026-06-09 00:38:51","2026-06-01","2026-06-01T15:42:34Z",50
"Sarah","2026-06-09 00:38:51","2026-06-01","2026-06-01T15:41:34Z",96.7
"Sarah","2026-06-09 00:38:51","2026-06-01","2026-06-01T15:40:34Z",96.7
"Sarah","2026-06-09 00:38:51","2026-06-01","2026-06-01T15:39:34Z",50
"Sarah","2026-06-09 00:38:51","2026-06-01","2026-06-01T15:38:34Z",50
"Sarah","2026-06-09 00:38:51","2026-06-01","2026-06-01T15:37:34Z",50
"Sarah","2026-06-09 00:38:51","2026-06-01","2026-06-01T15:36:34Z",50
"Sarah","2026-06-09 00:38:51","2026-06-01","2026-06-01T15:35:34Z",50
"Sarah","2026-06-09 00:38:51","2026-06-01","2026-06-01T15:34:34Z",50
"Sarah","2026-06-09 00:38:51","2026-06-01","2026-06-01T15:33:34Z",50
"Sarah","2026-06-09 00:38:51","2026-06-01","2026-06-01T15:32:34Z",96.9
"Sarah","2026-06-09 00:38:51","2026-06-01","2026-06-01T15:31:34Z",50
"Sarah","2026-06-09 00:38:51","2026-06-01","2026-06-01T15:30:34Z",50
"Sarah","2026-06-09 00:38:51","2026-06-01","2026-06-01T15:29:34Z",50
"Sarah","2026-06-09 00:38:51","2026-06-01","2026-06-01T15:28:34Z",96.6
"Sarah","2026-06-09 00:38:51","2026-06-01","2026-06-01T15:27:34Z",50
"Sarah","2026-06-09 00:38:51","2026-06-01","2026-06-01T15:26:34Z",96.9
"Sarah","2026-06-09 00:38:51","2026-06-01","2026-06-01T15:25:34Z",50
"Sarah","2026-06-09 00:38:51","2026-06-01","2026-06-01T15:24:34Z",50
"Sarah","2026-06-09 00:38:51","2026-06-01","2026-06-01T15:23:34Z",50
"Sarah","2026-06-09 00:38:51","2026-06-01","2026-06-01T15:22:34Z",96.7
"Sarah","2026-06-09 00:38:51","2026-06-01","2026-06-01T15:21:34Z",50
"Sarah","2026-06-09 00:38:51","2026-06-01","2026-06-01T15:20:34Z",96.6
"Sarah","2026-06-09 00:38:51","2026-06-01","2026-06-01T15:19:34Z",96.5
"Sarah","2026-06-09 00:38:51","2026-06-01","2026-06-01T15:18:34Z",96.3
"Sarah","2026-06-09 00:38:51","2026-06-01","2026-06-01T15:17:34Z",96.3
"Sarah","2026-06-09 00:38:51","2026-06-01","2026-06-01T15:16:34Z",96.3
"Sarah","2026-06-09 00:38:51","2026-06-01","2026-06-01T15:15:34Z",96.5
"Sarah","2026-06-09 00:38:51","2026-06-01","2026-06-01T15:14:34Z",96.9
"Sarah","2026-06-09 00:38:51","2026-06-01","2026-06-01T15:13:34Z",50
"Sarah","2026-06-09 00:38:51","2026-06-01","2026-06-01T15:12:34Z",96.5
"Sarah","2026-06-09 00:38:51","2026-06-01","2026-06-01T15:11:34Z",96.5
"Sarah","2026-06-09 00:38:51","2026-06-01","2026-06-01T15:10:34Z",96.8
"Sarah","2026-06-09 00:38:51","2026-06-01","2026-06-01T15:09:34Z",50
"Sarah","2026-06-09 00:38:51","2026-06-01","2026-06-01T15:08:34Z",96.9
"Sarah","2026-06-09 00:38:51","2026-06-01","2026-06-01T15:07:34Z",96.8
"Sarah","2026-06-09 00:38:51","2026-06-01","2026-06-01T15:06:34Z",96.7
"Sarah","2026-06-09 00:38:51","2026-06-01","2026-06-01T15:05:34Z",96.8
"Sarah","2026-06-09 00:38:51","2026-06-01","2026-06-01T15:04:34Z",96.7
"Sarah","2026-06-09 00:38:51","2026-06-01","2026-06-01T15:03:34Z",96.7
"Sarah","2026-06-09 00:38:51","2026-06-01","2026-06-01T15:02:34Z",96.6
"Sarah","2026-06-09 00:38:51","2026-06-01","2026-06-01T15:01:34Z",96.5
"Sarah","2026-06-09 00:38:51","2026-06-01","2026-06-01T15:00:34Z",96.6
"Sarah","2026-06-09 00:38:51","2026-06-01","2026-06-01T14:59:34Z",96.6
"Sarah","2026-06-09 00:38:51","2026-06-01","2026-06-01T14:58:34Z",96.6
"Sarah","2026-06-09 00:38:51","2026-06-01","2026-06-01T14:57:34Z",96.7
"Sarah","2026-06-09 00:38:51","2026-06-01","2026-06-01T14:56:34Z",96.8
"Sarah","2026-06-09 00:38:51","2026-06-01","2026-06-01T14:55:34Z",97.3
"Sarah","2026-06-09 00:38:51","2026-06-01","2026-06-01T14:54:34Z",50
"Sarah","2026-06-09 00:38:51","2026-06-01","2026-06-01T14:53:34Z",97.7
"Sarah","2026-06-09 00:38:51","2026-06-01","2026-06-01T14:52:34Z",98
"Sarah","2026-06-09 00:38:51","2026-06-01","2026-06-01T14:51:34Z",98.3
"Sarah","2026-06-09 00:38:51","2026-06-01","2026-06-01T14:50:34Z",98.2
"Sarah","2026-06-09 00:38:51","2026-06-01","2026-06-01T14:49:34Z",97.9
"Sarah","2026-06-09 00:38:51","2026-06-01","2026-06-01T14:48:34Z",97.9
"Sarah","2026-06-09 00:38:51","2026-06-01","2026-06-01T14:47:34Z",97.8
"Sarah","2026-06-09 00:38:51","2026-06-01","2026-06-01T14:46:34Z",98.1
"Sarah","2026-06-09 00:38:51","2026-06-01","2026-06-01T14:45:34Z",98.1
"Sarah","2026-06-09 00:38:51","2026-06-01","2026-06-01T14:44:34Z",98
"Sarah","2026-06-09 00:38:51","2026-06-01","2026-06-01T14:43:34Z",98.1
"Sarah","2026-06-09 00:38:51","2026-06-01","2026-06-01T14:42:34Z",98
"Sarah","2026-06-09 00:38:51","2026-06-01","2026-06-01T14:41:34Z",97.8
"Sarah","2026-06-09 00:38:51","2026-06-01","2026-06-01T14:40:34Z",97.8
"Sarah","2026-06-09 00:38:51","2026-06-01","2026-06-01T14:39:34Z",97.9
"Sarah","2026-06-09 00:38:51","2026-06-01","2026-06-01T14:38:34Z",98.2
"Sarah","2026-06-09 00:38:51","2026-06-01","2026-06-01T14:37:34Z",98
"Sarah","2026-06-09 00:38:51","2026-06-01","2026-06-01T14:36:34Z",97.9
"Sarah","2026-06-09 00:38:51","2026-06-01","2026-06-01T14:35:34Z",97.8
"Sarah","2026-06-09 00:38:51","2026-06-01","2026-06-01T14:34:34Z",97.7
"Sarah","2026-06-09 00:38:51","2026-06-01","2026-06-01T14:33:34Z",97.1
"Sarah","2026-06-09 00:38:51","2026-06-01","2026-06-01T14:32:34Z",97
"Sarah","2026-06-09 00:38:51","2026-06-01","2026-06-01T14:31:34Z",96.4
"Sarah","2026-06-09 00:38:51","2026-06-01","2026-06-01T14:30:34Z",96.1
"Sarah","2026-06-09 00:38:51","2026-06-01","2026-06-01T14:29:34Z",96.2
"Sarah","2026-06-09 00:38:51","2026-06-01","2026-06-01T14:28:34Z",96.2
"Sarah","2026-06-09 00:38:51","2026-06-01","2026-06-01T14:27:34Z",96.2
"Sarah","2026-06-09 00:38:51","2026-06-01","2026-06-01T14:26:34Z",96.4
"Sarah","2026-06-09 00:38:51","2026-06-01","2026-06-01T14:25:34Z",96.4
"Sarah","2026-06-09 00:38:51","2026-06-01","2026-06-01T14:24:34Z",96.6
"Sarah","2026-06-09 00:38:51","2026-06-01","2026-06-01T14:23:34Z",96.8
"Sarah","2026-06-09 00:38:51","2026-06-01","2026-06-01T14:22:34Z",96.9
"Sarah","2026-06-09 00:38:51","2026-06-01","2026-06-01T14:21:34Z",50
"Sarah","2026-06-09 00:38:51","2026-06-01","2026-06-01T14:20:34Z",97
"Sarah","2026-06-09 00:38:51","2026-06-01","2026-06-01T14:19:34Z",97.1
"Sarah","2026-06-09 00:38:51","2026-06-01","2026-06-01T14:18:34Z",97.1
"Sarah","2026-06-09 00:38:51","2026-06-01","2026-06-01T14:17:34Z",97.1
"Sarah","2026-06-09 00:38:51","2026-06-01","2026-06-01T14:16:34Z",97
"Sarah","2026-06-09 00:38:51","2026-06-01","2026-06-01T14:15:34Z",97.1
"Sarah","2026-06-09 00:38:51","2026-06-01","2026-06-01T14:14:34Z",97.1
"Sarah","2026-06-09 00:38:51","2026-06-01","2026-06-01T14:13:34Z",97.2
"Sarah","2026-06-09 00:38:51","2026-06-01","2026-06-01T14:12:34Z",97.2
"Sarah","2026-06-09 00:38:51","2026-06-01","2026-06-01T14:11:34Z",97.3
"Sarah","2026-06-09 00:38:51","2026-06-01","2026-06-01T14:10:34Z",97.3
"Sarah","2026-06-09 00:38:51","2026-06-01","2026-06-01T14:09:34Z",97.3
"Sarah","2026-06-09 00:38:51","2026-06-01","2026-06-01T14:08:34Z",97.3
"Sarah","2026-06-09 00:38:51","2026-06-01","2026-06-01T14:07:34Z",97.4
"Sarah","2026-06-09 00:38:51","2026-06-01","2026-06-01T14:06:34Z",97.4
"Sarah","2026-06-09 00:38:51","2026-06-01","2026-06-01T14:05:34Z",97.5
"Sarah","2026-06-09 00:38:51","2026-06-01","2026-06-01T14:04:34Z",97.5
"Sarah","2026-06-09 00:38:51","2026-06-01","2026-06-01T14:03:34Z",97.5
"Sarah","2026-06-09 00:38:51","2026-06-01","2026-06-01T14:02:34Z",97.5
"Sarah","2026-06-09 00:38:51","2026-06-01","2026-06-01T14:01:34Z",97.5
"Sarah","2026-06-09 00:38:51","2026-06-01","2026-06-01T14:00:34Z",97.5
"Sarah","2026-06-09 00:38:51","2026-06-01","2026-06-01T13:59:34Z",97.4
"Sarah","2026-06-09 00:38:51","2026-06-01","2026-06-01T13:58:34Z",97.3
"Sarah","2026-06-09 00:38:51","2026-06-01","2026-06-01T13:57:34Z",97.2
"Sarah","2026-06-09 00:38:51","2026-06-01","2026-06-01T13:56:34Z",97
"Sarah","2026-06-09 00:38:51","2026-06-01","2026-06-01T13:55:34Z",96.8
"Sarah","2026-06-09 00:38:51","2026-06-01","2026-06-01T13:54:34Z",97
"Sarah","2026-06-09 00:38:51","2026-06-01","2026-06-01T13:53:34Z",50
"Sarah","2026-06-09 00:38:51","2026-06-01","2026-06-01T13:52:34Z",97.2
"Sarah","2026-06-09 00:38:51","2026-06-01","2026-06-01T13:51:34Z",97.1
"Sarah","2026-06-09 00:38:51","2026-06-01","2026-06-01T13:50:34Z",97.1
"Sarah","2026-06-09 00:38:51","2026-06-01","2026-06-01T13:49:34Z",97.1
"Sarah","2026-06-09 00:38:51","2026-06-01","2026-06-01T13:48:34Z",50
"Sarah","2026-06-09 00:38:51","2026-06-01","2026-06-01T13:47:34Z",97.2
"Sarah","2026-06-09 00:38:51","2026-06-01","2026-06-01T13:46:34Z",97.5
"Sarah","2026-06-09 00:38:51","2026-06-01","2026-06-01T13:45:34Z",97.8
"Sarah","2026-06-09 00:38:51","2026-06-01","2026-06-01T13:44:34Z",98.1
"Sarah","2026-06-09 00:38:51","2026-06-01","2026-06-01T13:43:34Z",98.4
"Sarah","2026-06-09 00:38:51","2026-06-01","2026-06-01T13:42:34Z",98.7
"Sarah","2026-06-09 00:38:51","2026-06-01","2026-06-01T13:41:34Z",98.8
"Sarah","2026-06-09 00:38:51","2026-06-01","2026-06-01T13:40:34Z",97.7
"Sarah","2026-06-09 00:38:51","2026-06-01","2026-06-01T11:45:03Z",50
"Sarah","2026-06-09 00:38:51","2026-06-01","2026-06-01T11:44:03Z",50
"Sarah","2026-06-09 00:38:51","2026-06-01","2026-06-01T11:43:03Z",50
"Sarah","2026-06-09 00:38:51","2026-06-01","2026-06-01T11:42:03Z",50
"Sarah","2026-06-09 00:38:51","2026-06-01","2026-06-01T11:41:03Z",50
"Sarah","2026-06-09 00:38:51","2026-06-01","2026-06-01T11:40:03Z",50
"Sarah","2026-06-09 00:38:51","2026-06-01","2026-06-01T11:39:03Z",50
"Sarah","2026-06-09 00:38:51","2026-06-01","2026-06-01T11:38:03Z",50
"Sarah","2026-06-09 00:38:51","2026-06-01","2026-06-01T11:37:03Z",50
"Sarah","2026-06-09 00:38:51","2026-06-01","2026-06-01T11:36:03Z",50
"Sarah","2026-06-09 00:38:51","2026-06-01","2026-06-01T11:35:03Z",50
"Sarah","2026-06-09 00:38:51","2026-06-01","2026-06-01T11:34:03Z",87.8
"Sarah","2026-06-09 00:38:51","2026-06-01","2026-06-01T11:33:03Z",88.1
"Sarah","2026-06-09 00:38:51","2026-06-01","2026-06-01T11:32:03Z",87.8
"Sarah","2026-06-09 00:38:51","2026-06-01","2026-06-01T11:31:03Z",88
"Sarah","2026-06-09 00:38:51","2026-06-01","2026-06-01T11:30:03Z",88.3
"Sarah","2026-06-09 00:38:51","2026-06-01","2026-06-01T11:29:03Z",50
"Sarah","2026-06-09 00:38:51","2026-06-01","2026-06-01T11:28:03Z",50
"Sarah","2026-06-09 00:38:51","2026-06-01","2026-06-01T11:27:03Z",85.6
"Sarah","2026-06-09 00:38:51","2026-06-01","2026-06-01T11:26:03Z",84.4
"Sarah","2026-06-09 00:38:51","2026-06-01","2026-06-01T11:25:03Z",84.4
"Sarah","2026-06-09 00:38:51","2026-06-01","2026-06-01T11:24:03Z",83.2
"Sarah","2026-06-09 00:38:51","2026-06-01","2026-06-01T11:23:03Z",84.8
"Sarah","2026-06-09 00:38:51","2026-06-01","2026-06-01T11:22:03Z",84.4
"Sarah","2026-06-09 00:38:51","2026-06-01","2026-06-01T11:21:03Z",50
"Sarah","2026-06-09 00:38:51","2026-06-01","2026-06-01T11:20:03Z",84.7
"Sarah","2026-06-09 00:38:51","2026-06-01","2026-06-01T11:19:03Z",85.3
"Sarah","2026-06-09 00:38:51","2026-06-01","2026-06-01T11:18:03Z",86.2
"Sarah","2026-06-09 00:38:51","2026-06-01","2026-06-01T11:17:03Z",50
"Sarah","2026-06-09 00:38:51","2026-06-01","2026-06-01T10:01:33Z",50
"Sarah","2026-06-09 00:38:51","2026-06-01","2026-06-01T10:00:33Z",50
"Sarah","2026-06-09 00:38:51","2026-06-01","2026-06-01T09:59:33Z",50
"Sarah","2026-06-09 00:38:51","2026-06-01","2026-06-01T09:58:33Z",50
"Sarah","2026-06-09 00:38:51","2026-06-01","2026-06-01T09:57:33Z",50
"Sarah","2026-06-09 00:38:51","2026-06-01","2026-06-01T09:56:33Z",50
"Sarah","2026-06-09 00:38:51","2026-06-01","2026-06-01T09:55:33Z",50
"Sarah","2026-06-09 00:38:51","2026-06-01","2026-06-01T09:54:33Z",50
"Sarah","2026-06-09 00:38:51","2026-06-01","2026-06-01T09:53:33Z",50
"Sarah","2026-06-09 00:38:51","2026-06-01","2026-06-01T09:52:33Z",50
"Sarah","2026-06-09 00:38:51","2026-06-01","2026-06-01T09:51:33Z",50
"Sarah","2026-06-09 00:38:51","2026-06-01","2026-06-01T09:50:33Z",50
"Sarah","2026-06-09 00:38:51","2026-06-01","2026-06-01T09:49:33Z",50
"Sarah","2026-06-09 00:38:51","2026-06-01","2026-06-01T09:48:33Z",50
"Sarah","2026-06-09 00:38:51","2026-06-01","2026-06-01T09:47:33Z",50
"Sarah","2026-06-09 00:38:51","2026-06-01","2026-06-01T09:46:33Z",95.4
"Sarah","2026-06-09 00:38:51","2026-06-01","2026-06-01T09:45:33Z",95.3
"Sarah","2026-06-09 00:38:51","2026-06-01","2026-06-01T09:44:33Z",95.3
"Sarah","2026-06-09 00:38:51","2026-06-01","2026-06-01T09:43:33Z",95.2
"Sarah","2026-06-09 00:38:51","2026-06-01","2026-06-01T09:42:33Z",95.3
"Sarah","2026-06-09 00:38:51","2026-06-01","2026-06-01T09:41:33Z",95.2
"Sarah","2026-06-09 00:38:51","2026-06-01","2026-06-01T09:40:33Z",95.2
"Sarah","2026-06-09 00:38:51","2026-06-01","2026-06-01T09:39:33Z",95.2
"Sarah","2026-06-09 00:38:51","2026-06-01","2026-06-01T09:38:33Z",95.2
"Sarah","2026-06-09 00:38:51","2026-06-01","2026-06-01T09:37:33Z",95.1
"Sarah","2026-06-09 00:38:51","2026-06-01","2026-06-01T09:36:33Z",95.1
"Sarah","2026-06-09 00:38:51","2026-06-01","2026-06-01T09:35:33Z",95.2
"Sarah","2026-06-09 00:38:51","2026-06-01","2026-06-01T09:34:33Z",95.1
"Sarah","2026-06-09 00:38:51","2026-06-01","2026-06-01T09:33:33Z",95.1
"Sarah","2026-06-09 00:38:51","2026-06-01","2026-06-01T09:32:33Z",95.1
"Sarah","2026-06-09 00:38:51","2026-06-01","2026-06-01T09:31:33Z",95.1
"Sarah","2026-06-09 00:38:51","2026-06-01","2026-06-01T09:30:33Z",95.1
"Sarah","2026-06-09 00:38:51","2026-06-01","2026-06-01T09:29:33Z",95.2
"Sarah","2026-06-09 00:38:51","2026-06-01","2026-06-01T09:28:33Z",95.2
"Sarah","2026-06-09 00:38:51","2026-06-01","2026-06-01T09:27:33Z",95.3
"Sarah","2026-06-09 00:38:51","2026-06-01","2026-06-01T09:26:33Z",95.4
"Sarah","2026-06-09 00:38:51","2026-06-01","2026-06-01T09:25:33Z",50
"Sarah","2026-06-09 00:38:51","2026-06-01","2026-06-01T09:24:33Z",95.1
"Sarah","2026-06-09 00:38:51","2026-06-01","2026-06-01T09:23:33Z",95.1
"Sarah","2026-06-09 00:38:51","2026-06-01","2026-06-01T09:22:33Z",95.1
"Sarah","2026-06-09 00:38:51","2026-06-01","2026-06-01T09:21:33Z",95.1
"Sarah","2026-06-09 00:38:51","2026-06-01","2026-06-01T09:20:33Z",95.1
"Sarah","2026-06-09 00:38:51","2026-06-01","2026-06-01T09:19:33Z",95.3
"Sarah","2026-06-09 00:38:51","2026-06-01","2026-06-01T09:18:33Z",95.6
"Sarah","2026-06-09 00:38:51","2026-06-01","2026-06-01T09:17:33Z",50
"Sarah","2026-06-09 00:38:51","2026-06-01","2026-06-01T09:16:33Z",96
"Sarah","2026-06-09 00:38:51","2026-06-01","2026-06-01T09:15:33Z",50
"Sarah","2026-06-09 00:38:51","2026-06-01","2026-06-01T09:14:33Z",96.8
"Sarah","2026-06-09 00:38:51","2026-06-01","2026-06-01T09:13:33Z",96.8
"Sarah","2026-06-09 00:38:51","2026-06-01","2026-06-01T09:12:33Z",96.8
"Sarah","2026-06-09 00:38:51","2026-06-01","2026-06-01T09:11:33Z",96.8
"Sarah","2026-06-09 00:38:51","2026-06-01","2026-06-01T09:10:33Z",96.9
"Sarah","2026-06-09 00:38:51","2026-06-01","2026-06-01T09:09:33Z",96.9
"Sarah","2026-06-09 00:38:51","2026-06-01","2026-06-01T09:08:33Z",96.8
"Sarah","2026-06-09 00:38:51","2026-06-01","2026-06-01T09:07:33Z",96.8
"Sarah","2026-06-09 00:38:51","2026-06-01","2026-06-01T09:06:33Z",96.6
"Sarah","2026-06-09 00:38:51","2026-06-01","2026-06-01T09:05:33Z",96.4
"Sarah","2026-06-09 00:38:51","2026-06-01","2026-06-01T09:04:33Z",96.3
"Sarah","2026-06-09 00:38:51","2026-06-01","2026-06-01T09:03:33Z",96
"Sarah","2026-06-09 00:38:51","2026-06-01","2026-06-01T09:02:33Z",96
"Sarah","2026-06-09 00:38:51","2026-06-01","2026-06-01T09:01:33Z",96.3
"Sarah","2026-06-09 00:38:51","2026-06-01","2026-06-01T09:00:33Z",96.2
"Sarah","2026-06-09 00:38:51","2026-06-01","2026-06-01T08:59:33Z",96.1
"Sarah","2026-06-09 00:38:51","2026-06-01","2026-06-01T08:58:33Z",96.1
"Sarah","2026-06-09 00:38:51","2026-06-01","2026-06-01T08:57:33Z",96.1
"Sarah","2026-06-09 00:38:51","2026-06-01","2026-06-01T08:56:33Z",96.2
"Sarah","2026-06-09 00:38:51","2026-06-01","2026-06-01T08:55:33Z",96.3
"Sarah","2026-06-09 00:38:51","2026-06-01","2026-06-01T08:54:33Z",96.3
"Sarah","2026-06-09 00:38:51","2026-06-01","2026-06-01T08:53:33Z",96.5
"Sarah","2026-06-09 00:38:51","2026-06-01","2026-06-01T08:52:33Z",96.7
"Sarah","2026-06-09 00:38:51","2026-06-01","2026-06-01T08:51:33Z",96.6
"Sarah","2026-06-09 00:38:51","2026-06-01","2026-06-01T08:50:33Z",96.6
"Sarah","2026-06-09 00:38:51","2026-06-01","2026-06-01T08:49:33Z",96.7
"Sarah","2026-06-09 00:38:51","2026-06-01","2026-06-01T08:48:33Z",96.7
"Sarah","2026-06-09 00:38:51","2026-06-01","2026-06-01T08:47:33Z",96.8
"Sarah","2026-06-09 00:38:51","2026-06-01","2026-06-01T08:46:33Z",97
"Sarah","2026-06-09 00:38:51","2026-06-01","2026-06-01T08:45:33Z",97.1
"Sarah","2026-06-09 00:38:51","2026-06-01","2026-06-01T08:44:33Z",97.3
"Sarah","2026-06-09 00:38:51","2026-06-01","2026-06-01T08:43:33Z",97.6
"Sarah","2026-06-09 00:38:51","2026-06-01","2026-06-01T08:42:33Z",97.4
"Sarah","2026-06-09 00:38:51","2026-06-01","2026-06-01T08:41:33Z",50
"Sarah","2026-06-09 00:38:51","2026-06-01","2026-06-01T08:40:33Z",97.3
"Sarah","2026-06-09 00:38:51","2026-06-01","2026-06-01T08:39:33Z",97.3
"Sarah","2026-06-09 00:38:51","2026-06-01","2026-06-01T08:38:33Z",97.4
"Sarah","2026-06-09 00:38:51","2026-06-01","2026-06-01T08:37:33Z",97.4
"Sarah","2026-06-09 00:38:51","2026-06-01","2026-06-01T08:36:33Z",97.4
"Sarah","2026-06-09 00:38:51","2026-06-01","2026-06-01T08:35:33Z",97.3
"Sarah","2026-06-09 00:38:51","2026-06-01","2026-06-01T08:34:33Z",97.3
"Sarah","2026-06-09 00:38:51","2026-06-01","2026-06-01T08:33:33Z",97.4
"Sarah","2026-06-09 00:38:51","2026-06-01","2026-06-01T08:32:33Z",97.5
"Sarah","2026-06-09 00:38:51","2026-06-01","2026-06-01T08:31:33Z",97.5
"Sarah","2026-06-09 00:38:51","2026-06-01","2026-06-01T08:30:33Z",97.6
"Sarah","2026-06-09 00:38:51","2026-06-01","2026-06-01T08:29:33Z",97.7
"Sarah","2026-06-09 00:38:51","2026-06-01","2026-06-01T08:28:33Z",97.6
"Sarah","2026-06-09 00:38:51","2026-06-01","2026-06-01T08:27:33Z",97.6
"Sarah","2026-06-09 00:38:51","2026-06-01","2026-06-01T08:26:33Z",97.5
"Sarah","2026-06-09 00:38:51","2026-06-01","2026-06-01T08:25:33Z",97
"Sarah","2026-06-09 00:38:51","2026-06-01","2026-06-01T08:24:33Z",96.8
"Sarah","2026-06-09 00:38:51","2026-06-01","2026-06-01T08:23:33Z",96.8
"Sarah","2026-06-09 00:38:51","2026-06-01","2026-06-01T08:22:33Z",96.9
"Sarah","2026-06-09 00:38:51","2026-06-01","2026-06-01T08:21:33Z",96.8
"Sarah","2026-06-09 00:38:51","2026-06-01","2026-06-01T08:20:33Z",96.9
"Sarah","2026-06-09 00:38:51","2026-06-01","2026-06-01T08:19:33Z",96.9
"Sarah","2026-06-09 00:38:51","2026-06-01","2026-06-01T08:18:33Z",96.9
"Sarah","2026-06-09 00:38:51","2026-06-01","2026-06-01T08:17:33Z",97
"Sarah","2026-06-09 00:38:51","2026-06-01","2026-06-01T08:16:33Z",97.1
"Sarah","2026-06-09 00:38:51","2026-06-01","2026-06-01T08:15:33Z",97.2
"Sarah","2026-06-09 00:38:51","2026-06-01","2026-06-01T08:14:33Z",97
"Sarah","2026-06-09 00:38:51","2026-06-01","2026-06-01T08:13:33Z",96.9
"Sarah","2026-06-09 00:38:51","2026-06-01","2026-06-01T08:12:33Z",96.4
"Sarah","2026-06-09 00:38:51","2026-06-01","2026-06-01T08:11:33Z",50
"Sarah","2026-06-09 00:38:51","2026-06-01","2026-06-01T08:10:33Z",96.3
"Sarah","2026-06-09 00:38:51","2026-06-01","2026-06-01T08:09:33Z",96.3
"Sarah","2026-06-09 00:38:51","2026-06-01","2026-06-01T08:08:33Z",96.4
"Sarah","2026-06-09 00:38:51","2026-06-01","2026-06-01T08:07:33Z",96.3
"Sarah","2026-06-09 00:38:51","2026-06-01","2026-06-01T08:06:33Z",96.3
"Sarah","2026-06-09 00:38:51","2026-06-01","2026-06-01T08:05:33Z",96.4
"Sarah","2026-06-09 00:38:51","2026-06-01","2026-06-01T08:04:33Z",96.3
"Sarah","2026-06-09 00:38:51","2026-06-01","2026-06-01T08:03:33Z",96.3
"Sarah","2026-06-09 00:38:51","2026-06-01","2026-06-01T08:02:33Z",96.2
"Sarah","2026-06-09 00:38:51","2026-06-01","2026-06-01T08:01:33Z",96.3
"Sarah","2026-06-09 00:38:51","2026-06-01","2026-06-01T08:00:33Z",96.3
"Sarah","2026-06-09 00:38:51","2026-06-01","2026-06-01T07:59:33Z",96.2
"Sarah","2026-06-09 00:38:51","2026-06-01","2026-06-01T07:58:33Z",96.1
"Sarah","2026-06-09 00:38:51","2026-06-01","2026-06-01T07:57:33Z",96.2
"Sarah","2026-06-09 00:38:51","2026-06-01","2026-06-01T07:56:33Z",96.4
"Sarah","2026-06-09 00:38:51","2026-06-01","2026-06-01T07:55:33Z",96.4
"Sarah","2026-06-09 00:38:51","2026-06-01","2026-06-01T07:54:33Z",96.4
"Sarah","2026-06-09 00:38:51","2026-06-01","2026-06-01T07:53:33Z",96.2
"Sarah","2026-06-09 00:38:51","2026-06-01","2026-06-01T07:52:33Z",95.9
"Sarah","2026-06-09 00:38:51","2026-06-01","2026-06-01T07:51:33Z",50
"Sarah","2026-06-09 00:38:51","2026-06-01","2026-06-01T07:50:33Z",95.5
"Sarah","2026-06-09 00:38:51","2026-06-01","2026-06-01T07:49:33Z",95.4
"Sarah","2026-06-09 00:38:51","2026-06-01","2026-06-01T07:48:33Z",95.4
"Sarah","2026-06-09 00:38:51","2026-06-01","2026-06-01T07:47:33Z",95.4
"Sarah","2026-06-09 00:38:51","2026-06-01","2026-06-01T07:46:33Z",95.4
"Sarah","2026-06-09 00:38:51","2026-06-01","2026-06-01T07:45:33Z",95.3
"Sarah","2026-06-09 00:38:51","2026-06-01","2026-06-01T07:44:33Z",95.4
"Sarah","2026-06-09 00:38:51","2026-06-01","2026-06-01T07:43:33Z",95.4
"Sarah","2026-06-09 00:38:51","2026-06-01","2026-06-01T07:42:33Z",95.1
"Sarah","2026-06-09 00:38:51","2026-06-01","2026-06-01T07:41:33Z",94.8
"Sarah","2026-06-09 00:38:51","2026-06-01","2026-06-01T07:40:33Z",94
"Sarah","2026-06-09 00:38:51","2026-06-01","2026-06-01T07:39:33Z",50
"Sarah","2026-06-09 00:38:51","2026-06-01","2026-06-01T07:38:33Z",50
"Sarah","2026-06-09 00:38:51","2026-06-01","2026-06-01T07:37:33Z",50
"Sarah","2026-06-09 00:38:51","2026-06-01","2026-06-01T07:36:33Z",93.6
"Sarah","2026-06-09 00:38:51","2026-06-01","2026-06-01T07:35:33Z",93.5
"Sarah","2026-06-09 00:38:51","2026-06-01","2026-06-01T07:34:33Z",93.7
"Sarah","2026-06-09 00:38:51","2026-06-01","2026-06-01T07:33:33Z",93.8
"Sarah","2026-06-09 00:38:51","2026-06-01","2026-06-01T07:32:33Z",93.5
"Sarah","2026-06-09 00:38:51","2026-06-01","2026-06-01T07:31:33Z",93
"Sarah","2026-06-09 00:38:51","2026-06-01","2026-06-01T07:30:33Z",92.7
"Sarah","2026-06-09 00:38:51","2026-06-01","2026-06-01T07:29:33Z",92.7
"Sarah","2026-06-09 00:38:51","2026-06-01","2026-06-01T07:28:33Z",92.8
"Sarah","2026-06-09 00:38:51","2026-06-01","2026-06-01T07:27:33Z",92.9
"Sarah","2026-06-09 00:38:51","2026-06-01","2026-06-01T07:26:33Z",93
"Sarah","2026-06-09 00:38:51","2026-06-01","2026-06-01T07:25:33Z",93
"Sarah","2026-06-09 00:38:51","2026-06-01","2026-06-01T07:24:33Z",92.9
"Sarah","2026-06-09 00:38:51","2026-06-01","2026-06-01T07:23:33Z",92.9
"Sarah","2026-06-09 00:38:51","2026-06-01","2026-06-01T07:22:33Z",93
"Sarah","2026-06-09 00:38:51","2026-06-01","2026-06-01T07:21:33Z",93.3
"Sarah","2026-06-09 00:38:51","2026-06-01","2026-06-01T07:20:33Z",93.3
"Sarah","2026-06-09 00:38:51","2026-06-01","2026-06-01T07:19:33Z",93.5
"Sarah","2026-06-09 00:38:51","2026-06-01","2026-06-01T07:18:33Z",93.7
"Sarah","2026-06-09 00:38:51","2026-06-01","2026-06-01T07:17:33Z",93.8
"Sarah","2026-06-09 00:38:51","2026-06-01","2026-06-01T07:16:33Z",94.1
"Sarah","2026-06-09 00:38:51","2026-06-01","2026-06-01T07:15:33Z",94.1
"Sarah","2026-06-09 00:38:51","2026-06-01","2026-06-01T07:14:33Z",94.4
"Sarah","2026-06-09 00:38:51","2026-06-01","2026-06-01T07:13:33Z",94.3
"Sarah","2026-06-09 00:38:51","2026-06-01","2026-06-01T07:12:33Z",94.3
"Sarah","2026-06-09 00:38:51","2026-06-01","2026-06-01T07:11:33Z",94.5
"Sarah","2026-06-09 00:38:51","2026-06-01","2026-06-01T07:10:33Z",94.8
"Sarah","2026-06-09 00:38:51","2026-06-01","2026-06-01T07:09:33Z",95.1
"Sarah","2026-06-09 00:38:51","2026-06-01","2026-06-01T07:08:33Z",95.2
"Sarah","2026-06-09 00:38:51","2026-06-01","2026-06-01T07:07:33Z",95.7
"Sarah","2026-06-09 00:38:51","2026-06-01","2026-06-01T07:06:33Z",95.8
"Sarah","2026-06-09 00:38:51","2026-06-01","2026-06-01T07:05:33Z",95.9
"Sarah","2026-06-09 00:38:51","2026-06-01","2026-06-01T07:04:33Z",95.8
"Sarah","2026-06-09 00:38:51","2026-06-01","2026-06-01T07:03:33Z",50
"Sarah","2026-06-09 00:38:51","2026-06-01","2026-06-01T07:02:33Z",96
"Sarah","2026-06-09 00:38:51","2026-06-01","2026-06-01T07:01:33Z",96
"Sarah","2026-06-09 00:38:51","2026-06-01","2026-06-01T07:00:33Z",95.9
"Sarah","2026-06-09 00:38:51","2026-06-01","2026-06-01T06:59:33Z",95.9
"Sarah","2026-06-09 00:38:51","2026-06-01","2026-06-01T06:58:33Z",95.8
"Sarah","2026-06-09 00:38:51","2026-06-01","2026-06-01T06:57:33Z",95.8
"Sarah","2026-06-09 00:38:51","2026-06-01","2026-06-01T06:56:33Z",95.8
"Sarah","2026-06-09 00:38:51","2026-06-01","2026-06-01T06:55:33Z",95.6
"Sarah","2026-06-09 00:38:51","2026-06-01","2026-06-01T06:54:33Z",95.6
"Sarah","2026-06-09 00:38:51","2026-06-01","2026-06-01T06:53:33Z",95.7
"Sarah","2026-06-09 00:38:51","2026-06-01","2026-06-01T06:52:33Z",95.6
"Sarah","2026-06-09 00:38:51","2026-06-01","2026-06-01T06:51:33Z",95.6
"Sarah","2026-06-09 00:38:51","2026-06-01","2026-06-01T06:50:33Z",95.6
"Sarah","2026-06-09 00:38:51","2026-06-01","2026-06-01T06:49:33Z",95.7
"Sarah","2026-06-09 00:38:51","2026-06-01","2026-06-01T06:48:33Z",95.8
"Sarah","2026-06-09 00:38:51","2026-06-01","2026-06-01T06:47:33Z",95.8
"Sarah","2026-06-09 00:38:51","2026-06-01","2026-06-01T06:46:33Z",95.7
"Sarah","2026-06-09 00:38:51","2026-06-01","2026-06-01T06:45:33Z",95.7
"Sarah","2026-06-09 00:38:51","2026-06-01","2026-06-01T06:44:33Z",95.6
"Sarah","2026-06-09 00:38:51","2026-06-01","2026-06-01T06:43:33Z",95.6
"Sarah","2026-06-09 00:38:51","2026-06-01","2026-06-01T06:42:33Z",95.7
"Sarah","2026-06-09 00:38:51","2026-06-01","2026-06-01T06:41:33Z",95.5
"Sarah","2026-06-09 00:38:51","2026-06-01","2026-06-01T06:40:33Z",95.7
"Sarah","2026-06-09 00:38:51","2026-06-01","2026-06-01T06:39:33Z",95.8
"Sarah","2026-06-09 00:38:51","2026-06-01","2026-06-01T06:38:33Z",95.7
"Sarah","2026-06-09 00:38:51","2026-06-01","2026-06-01T06:37:33Z",95.6
"Sarah","2026-06-09 00:38:51","2026-06-01","2026-06-01T06:36:33Z",95.6
"Sarah","2026-06-09 00:38:51","2026-06-01","2026-06-01T06:35:33Z",95.8
"Sarah","2026-06-09 00:38:51","2026-06-01","2026-06-01T06:34:33Z",95.8
"Sarah","2026-06-09 00:38:51","2026-06-01","2026-06-01T06:33:33Z",96
"Sarah","2026-06-09 00:38:51","2026-06-01","2026-06-01T06:32:33Z",96.1
"Sarah","2026-06-09 00:38:51","2026-06-01","2026-06-01T06:31:33Z",96.4
"Sarah","2026-06-09 00:38:51","2026-06-01","2026-06-01T06:30:33Z",96.3
"Sarah","2026-06-09 00:38:51","2026-06-01","2026-06-01T06:29:33Z",96.1
"Sarah","2026-06-09 00:38:51","2026-06-01","2026-06-01T06:28:33Z",96.1
"Sarah","2026-06-09 00:38:51","2026-06-01","2026-06-01T06:27:33Z",96.1
"Sarah","2026-06-09 00:38:51","2026-06-01","2026-06-01T06:26:33Z",96
"Sarah","2026-06-09 00:38:51","2026-06-01","2026-06-01T06:25:33Z",96
"Sarah","2026-06-09 00:38:51","2026-06-01","2026-06-01T06:24:33Z",96
"Sarah","2026-06-09 00:38:51","2026-06-01","2026-06-01T06:23:33Z",96.1
"Sarah","2026-06-09 00:38:51","2026-06-01","2026-06-01T06:22:33Z",96.1
"Sarah","2026-06-09 00:38:51","2026-06-01","2026-06-01T06:21:33Z",96
"Sarah","2026-06-09 00:38:51","2026-06-01","2026-06-01T06:20:33Z",96.1
"Sarah","2026-06-09 00:38:51","2026-06-01","2026-06-01T06:19:33Z",96.1
"Sarah","2026-06-09 00:38:51","2026-06-01","2026-06-01T06:18:33Z",96.1
"Sarah","2026-06-09 00:38:51","2026-06-01","2026-06-01T06:17:33Z",50
"Sarah","2026-06-09 00:38:51","2026-06-01","2026-06-01T06:16:33Z",96.2
"Sarah","2026-06-09 00:38:51","2026-06-01","2026-06-01T06:15:33Z",96.2
"Sarah","2026-06-09 00:38:51","2026-06-01","2026-06-01T06:14:33Z",96.3
"Sarah","2026-06-09 00:38:51","2026-06-01","2026-06-01T06:13:33Z",96.2
"Sarah","2026-06-09 00:38:51","2026-06-01","2026-06-01T06:12:33Z",96.2
"Sarah","2026-06-09 00:38:51","2026-06-01","2026-06-01T06:11:33Z",96.2
"Sarah","2026-06-09 00:38:51","2026-06-01","2026-06-01T06:10:33Z",96.2
"Sarah","2026-06-09 00:38:51","2026-06-01","2026-06-01T06:09:33Z",96.4
"Sarah","2026-06-09 00:38:51","2026-06-01","2026-06-01T06:08:33Z",96.4
"Sarah","2026-06-09 00:38:51","2026-06-01","2026-06-01T06:07:33Z",96.5
"Sarah","2026-06-09 00:38:51","2026-06-01","2026-06-01T06:06:33Z",96.6
"Sarah","2026-06-09 00:38:51","2026-06-01","2026-06-01T06:05:33Z",96.6
"Sarah","2026-06-09 00:38:51","2026-06-01","2026-06-01T06:04:33Z",96.7
"Sarah","2026-06-09 00:38:51","2026-06-01","2026-06-01T06:03:33Z",96.7
"Sarah","2026-06-09 00:38:51","2026-06-01","2026-06-01T06:02:33Z",96.8
"Sarah","2026-06-09 00:38:51","2026-06-01","2026-06-01T06:01:33Z",96.8
"Sarah","2026-06-09 00:38:51","2026-06-01","2026-06-01T06:00:33Z",96.8
"Sarah","2026-06-09 00:38:51","2026-06-01","2026-06-01T05:59:33Z",96.9
"Sarah","2026-06-09 00:38:51","2026-06-01","2026-06-01T05:58:33Z",97.1
"Sarah","2026-06-09 00:38:51","2026-06-01","2026-06-01T05:57:33Z",97.2
"Sarah","2026-06-09 00:38:51","2026-06-01","2026-06-01T05:56:33Z",97.4
"Sarah","2026-06-09 00:38:51","2026-06-01","2026-06-01T05:55:33Z",97.4
"Sarah","2026-06-09 00:38:51","2026-06-01","2026-06-01T05:54:33Z",97.5
"Sarah","2026-06-09 00:38:51","2026-06-01","2026-06-01T05:53:33Z",97.5
"Sarah","2026-06-09 00:38:51","2026-06-01","2026-06-01T05:52:33Z",97.6
"Sarah","2026-06-09 00:38:51","2026-06-01","2026-06-01T05:51:33Z",97.8
"Sarah","2026-06-09 00:38:51","2026-06-01","2026-06-01T05:50:33Z",97.9
"Sarah","2026-06-09 00:38:51","2026-06-01","2026-06-01T05:49:33Z",97.9
"Sarah","2026-06-09 00:38:51","2026-06-01","2026-06-01T05:48:33Z",98
"Sarah","2026-06-09 00:38:51","2026-06-01","2026-06-01T05:47:33Z",98
"Sarah","2026-06-09 00:38:51","2026-06-01","2026-06-01T05:46:33Z",98.1
"Sarah","2026-06-09 00:38:51","2026-06-01","2026-06-01T05:45:33Z",98.1
"Sarah","2026-06-09 00:38:51","2026-06-01","2026-06-01T05:44:33Z",98
"Sarah","2026-06-09 00:38:51","2026-06-01","2026-06-01T05:43:33Z",98
"Sarah","2026-06-09 00:38:51","2026-06-01","2026-06-01T05:42:33Z",98
"Sarah","2026-06-09 00:38:51","2026-06-01","2026-06-01T05:41:33Z",98.1
"Sarah","2026-06-09 00:38:51","2026-06-01","2026-06-01T05:40:33Z",97.7
"Sarah","2026-06-09 00:38:51","2026-06-01","2026-06-01T05:39:33Z",97.7
"Sarah","2026-06-09 00:38:51","2026-06-01","2026-06-01T05:38:33Z",97.5
"Sarah","2026-06-09 00:38:51","2026-06-01","2026-06-01T05:37:33Z",50
"Sarah","2026-06-09 00:38:51","2026-06-01","2026-06-01T05:36:33Z",97.5
"Sarah","2026-06-09 00:38:51","2026-06-01","2026-06-01T05:35:33Z",97.6
"Sarah","2026-06-09 00:38:51","2026-06-01","2026-06-01T05:34:33Z",97.5
"Sarah","2026-06-09 00:38:51","2026-06-01","2026-06-01T05:33:33Z",97.5
"Sarah","2026-06-09 00:38:51","2026-06-01","2026-06-01T05:32:33Z",97.3
"Sarah","2026-06-09 00:38:51","2026-06-01","2026-06-01T05:31:33Z",50
"Sarah","2026-06-09 00:38:51","2026-06-01","2026-06-01T05:30:33Z",95.7
"Sarah","2026-06-09 00:38:51","2026-06-01","2026-06-01T05:29:33Z",50
"Sarah","2026-06-09 00:38:51","2026-06-01","2026-06-01T05:28:33Z",50
"Sarah","2026-06-09 00:38:51","2026-06-01","2026-06-01T05:27:33Z",50
"Sarah","2026-06-09 00:38:51","2026-06-01","2026-06-01T05:26:33Z",50
"Sarah","2026-06-09 00:38:51","2026-06-01","2026-06-01T05:25:33Z",95
"Sarah","2026-06-09 00:38:51","2026-06-01","2026-06-01T05:24:33Z",50
"Sarah","2026-06-09 00:38:51","2026-06-01","2026-06-01T05:23:33Z",94
"Sarah","2026-06-09 00:38:51","2026-06-01","2026-06-01T05:22:33Z",92.4
"Sarah","2026-06-09 00:38:51","2026-06-01","2026-06-01T05:21:33Z",91.2
"Sarah","2026-06-09 00:38:51","2026-06-01","2026-06-01T05:20:33Z",89.5
"Sarah","2026-06-09 00:38:51","2026-06-01","2026-06-01T05:19:33Z",86.5
"Sarah","2026-06-09 00:38:51","2026-06-01","2026-06-01T05:18:33Z",82
"Sarah","2026-06-09 00:38:51","2026-06-01","2026-06-01T05:17:33Z",81.5
"Sarah","2026-06-09 00:38:51","2026-06-01","2026-06-01T05:16:33Z",50
"Sarah","2026-06-09 00:38:51","2026-06-01","2026-06-01T05:15:33Z",80.8
"Sarah","2026-06-09 00:38:51","2026-06-01","2026-06-01T05:14:33Z",50
"Sarah","2026-06-09 00:38:51","2026-06-01","2026-06-01T05:13:33Z",81
"Sarah","2026-06-09 00:38:51","2026-06-01","2026-06-01T05:12:33Z",50
"Sarah","2026-06-09 00:38:51","2026-06-01","2026-06-01T05:11:33Z",84.7
"Sarah","2026-06-09 00:38:51","2026-06-01","2026-06-01T05:10:33Z",87.4
"Sarah","2026-06-09 00:38:51","2026-06-01","2026-06-01T05:09:33Z",87.4
"Sarah","2026-06-09 00:38:51","2026-06-01","2026-06-01T05:08:33Z",90.3
"Sarah","2026-06-09 00:38:51","2026-06-01","2026-06-01T05:07:33Z",50
"Sarah","2026-06-09 00:38:51","2026-06-01","2026-06-01T05:06:33Z",50
"Sarah","2026-06-09 00:38:51","2026-06-01","2026-06-01T05:05:33Z",50
"Sarah","2026-06-09 00:38:51","2026-06-01","2026-06-01T05:04:33Z",96.8
"Sarah","2026-06-09 00:38:51","2026-06-01","2026-06-01T05:03:33Z",97.8
"Sarah","2026-06-09 00:38:51","2026-06-01","2026-06-01T05:02:33Z",98
"Sarah","2026-06-09 00:38:51","2026-06-01","2026-06-01T05:01:33Z",97.6
"Sarah","2026-06-09 00:38:51","2026-06-01","2026-06-01T05:00:33Z",96.1
"Sarah","2026-06-09 00:38:51","2026-06-01","2026-06-01T04:59:33Z",95.3
"Sarah","2026-06-09 00:38:51","2026-06-01","2026-06-01T04:58:33Z",97.2
"Sarah","2026-06-09 00:38:51","2026-06-01","2026-06-01T04:57:33Z",50
"Sarah","2026-06-09 00:38:51","2026-06-01","2026-06-01T04:56:33Z",50
"Sarah","2026-06-09 00:38:51","2026-06-01","2026-06-01T04:55:33Z",99.3
"Sarah","2026-06-09 00:38:51","2026-06-01","2026-06-01T04:54:33Z",50
"Sarah","2026-06-09 00:48:45","2026-06-02","2026-06-02T13:19:04Z",50
"Sarah","2026-06-09 00:48:45","2026-06-02","2026-06-02T13:18:04Z",50
"Sarah","2026-06-09 00:48:45","2026-06-02","2026-06-02T13:17:04Z",50
"Sarah","2026-06-09 00:48:45","2026-06-02","2026-06-02T13:16:04Z",50
"Sarah","2026-06-09 00:48:45","2026-06-02","2026-06-02T13:15:04Z",50
"Sarah","2026-06-09 00:48:45","2026-06-02","2026-06-02T13:14:04Z",50
"Sarah","2026-06-09 00:48:45","2026-06-02","2026-06-02T13:13:04Z",50
"Sarah","2026-06-09 00:48:45","2026-06-02","2026-06-02T13:12:04Z",50
"Sarah","2026-06-09 00:48:45","2026-06-02","2026-06-02T13:11:04Z",50
"Sarah","2026-06-09 00:48:45","2026-06-02","2026-06-02T13:10:04Z",50
"Sarah","2026-06-09 00:48:45","2026-06-02","2026-06-02T13:09:04Z",50
"Sarah","2026-06-09 00:48:45","2026-06-02","2026-06-02T13:08:04Z",50
"Sarah","2026-06-09 00:48:45","2026-06-02","2026-06-02T13:07:04Z",95.2
"Sarah","2026-06-09 00:48:45","2026-06-02","2026-06-02T13:06:04Z",95.3
"Sarah","2026-06-09 00:48:45","2026-06-02","2026-06-02T13:05:04Z",50
"Sarah","2026-06-09 00:48:45","2026-06-02","2026-06-02T13:04:04Z",95.8
"Sarah","2026-06-09 00:48:45","2026-06-02","2026-06-02T13:03:04Z",95.7
"Sarah","2026-06-09 00:48:45","2026-06-02","2026-06-02T13:02:04Z",95.7
"Sarah","2026-06-09 00:48:45","2026-06-02","2026-06-02T13:01:04Z",95.6
"Sarah","2026-06-09 00:48:45","2026-06-02","2026-06-02T13:00:04Z",95.7
"Sarah","2026-06-09 00:48:45","2026-06-02","2026-06-02T12:59:04Z",95.6
"Sarah","2026-06-09 00:48:45","2026-06-02","2026-06-02T12:58:04Z",95.5
"Sarah","2026-06-09 00:48:45","2026-06-02","2026-06-02T12:57:04Z",95.6
"Sarah","2026-06-09 00:48:45","2026-06-02","2026-06-02T12:56:04Z",95.5
"Sarah","2026-06-09 00:48:45","2026-06-02","2026-06-02T12:55:04Z",95.6
"Sarah","2026-06-09 00:48:45","2026-06-02","2026-06-02T12:54:04Z",95.7
"Sarah","2026-06-09 00:48:45","2026-06-02","2026-06-02T12:53:04Z",95.9
"Sarah","2026-06-09 00:48:45","2026-06-02","2026-06-02T12:52:04Z",96
"Sarah","2026-06-09 00:48:45","2026-06-02","2026-06-02T12:51:04Z",95.9
"Sarah","2026-06-09 00:48:45","2026-06-02","2026-06-02T12:50:04Z",96
"Sarah","2026-06-09 00:48:45","2026-06-02","2026-06-02T12:49:04Z",96
"Sarah","2026-06-09 00:48:45","2026-06-02","2026-06-02T12:48:04Z",95.8
"Sarah","2026-06-09 00:48:45","2026-06-02","2026-06-02T12:47:04Z",96
"Sarah","2026-06-09 00:48:45","2026-06-02","2026-06-02T12:46:04Z",96
"Sarah","2026-06-09 00:48:45","2026-06-02","2026-06-02T12:45:04Z",96
"Sarah","2026-06-09 00:48:45","2026-06-02","2026-06-02T12:44:04Z",95.9
"Sarah","2026-06-09 00:48:45","2026-06-02","2026-06-02T12:43:04Z",50
"Sarah","2026-06-09 00:48:45","2026-06-02","2026-06-02T12:42:04Z",95.8
"Sarah","2026-06-09 00:48:45","2026-06-02","2026-06-02T12:41:04Z",96.5
"Sarah","2026-06-09 00:48:45","2026-06-02","2026-06-02T12:40:04Z",96.5
"Sarah","2026-06-09 00:48:45","2026-06-02","2026-06-02T12:39:04Z",96.1
"Sarah","2026-06-09 00:48:45","2026-06-02","2026-06-02T12:38:04Z",96.4
"Sarah","2026-06-09 00:48:45","2026-06-02","2026-06-02T12:37:04Z",96.5
"Sarah","2026-06-09 00:48:45","2026-06-02","2026-06-02T12:36:04Z",96.4
"Sarah","2026-06-09 00:48:45","2026-06-02","2026-06-02T12:35:04Z",96.7
"Sarah","2026-06-09 00:48:45","2026-06-02","2026-06-02T12:34:04Z",97.5
"Sarah","2026-06-09 00:48:45","2026-06-02","2026-06-02T12:33:04Z",50
"Sarah","2026-06-09 00:48:45","2026-06-02","2026-06-02T12:32:04Z",97.6
"Sarah","2026-06-09 00:48:45","2026-06-02","2026-06-02T12:31:04Z",97.7
"Sarah","2026-06-09 00:48:45","2026-06-02","2026-06-02T12:30:04Z",97.8
"Sarah","2026-06-09 00:48:45","2026-06-02","2026-06-02T12:29:04Z",97.5
"Sarah","2026-06-09 00:48:45","2026-06-02","2026-06-02T12:28:04Z",97.6
"Sarah","2026-06-09 00:48:45","2026-06-02","2026-06-02T12:27:04Z",97.8
"Sarah","2026-06-09 00:48:45","2026-06-02","2026-06-02T12:26:04Z",97.8
"Sarah","2026-06-09 00:48:45","2026-06-02","2026-06-02T12:25:04Z",97.8
"Sarah","2026-06-09 00:48:45","2026-06-02","2026-06-02T12:24:04Z",97.8
"Sarah","2026-06-09 00:48:45","2026-06-02","2026-06-02T12:23:04Z",97.7
"Sarah","2026-06-09 00:48:45","2026-06-02","2026-06-02T12:22:04Z",97.8
"Sarah","2026-06-09 00:48:45","2026-06-02","2026-06-02T12:21:04Z",97.9
"Sarah","2026-06-09 00:48:45","2026-06-02","2026-06-02T12:20:04Z",97.5
"Sarah","2026-06-09 00:48:45","2026-06-02","2026-06-02T12:19:04Z",97.8
"Sarah","2026-06-09 00:48:45","2026-06-02","2026-06-02T12:18:04Z",97.4
"Sarah","2026-06-09 00:48:45","2026-06-02","2026-06-02T12:17:04Z",97
"Sarah","2026-06-09 00:48:45","2026-06-02","2026-06-02T12:16:04Z",96.9
"Sarah","2026-06-09 00:48:45","2026-06-02","2026-06-02T12:15:04Z",96.2
"Sarah","2026-06-09 00:48:45","2026-06-02","2026-06-02T12:14:04Z",95.5
"Sarah","2026-06-09 00:48:45","2026-06-02","2026-06-02T12:13:04Z",50
"Sarah","2026-06-09 00:48:45","2026-06-02","2026-06-02T12:12:04Z",95.6
"Sarah","2026-06-09 00:48:45","2026-06-02","2026-06-02T12:11:04Z",95.6
"Sarah","2026-06-09 00:48:45","2026-06-02","2026-06-02T12:10:04Z",95.6
"Sarah","2026-06-09 00:48:45","2026-06-02","2026-06-02T12:09:04Z",95.6
"Sarah","2026-06-09 00:48:45","2026-06-02","2026-06-02T12:08:04Z",95.5
"Sarah","2026-06-09 00:48:45","2026-06-02","2026-06-02T12:07:04Z",95.3
"Sarah","2026-06-09 00:48:45","2026-06-02","2026-06-02T12:06:04Z",50
"Sarah","2026-06-09 00:48:45","2026-06-02","2026-06-02T12:05:04Z",95.2
"Sarah","2026-06-09 00:48:45","2026-06-02","2026-06-02T12:04:04Z",95
"Sarah","2026-06-09 00:48:45","2026-06-02","2026-06-02T12:03:04Z",95
"Sarah","2026-06-09 00:48:45","2026-06-02","2026-06-02T12:02:04Z",95
"Sarah","2026-06-09 00:48:45","2026-06-02","2026-06-02T12:01:04Z",95
"Sarah","2026-06-09 00:48:45","2026-06-02","2026-06-02T12:00:04Z",94.9
"Sarah","2026-06-09 00:48:45","2026-06-02","2026-06-02T11:59:04Z",94.9
"Sarah","2026-06-09 00:48:45","2026-06-02","2026-06-02T11:58:04Z",95
"Sarah","2026-06-09 00:48:45","2026-06-02","2026-06-02T11:57:04Z",95
"Sarah","2026-06-09 00:48:45","2026-06-02","2026-06-02T11:56:04Z",94.9
"Sarah","2026-06-09 00:48:45","2026-06-02","2026-06-02T11:55:04Z",95
"Sarah","2026-06-09 00:48:45","2026-06-02","2026-06-02T11:54:04Z",95.1
"Sarah","2026-06-09 00:48:45","2026-06-02","2026-06-02T11:53:04Z",95.1
"Sarah","2026-06-09 00:48:45","2026-06-02","2026-06-02T11:52:04Z",95.1
"Sarah","2026-06-09 00:48:45","2026-06-02","2026-06-02T11:51:04Z",95.1
"Sarah","2026-06-09 00:48:45","2026-06-02","2026-06-02T11:50:04Z",95.1
"Sarah","2026-06-09 00:48:45","2026-06-02","2026-06-02T11:49:04Z",95.2
"Sarah","2026-06-09 00:48:45","2026-06-02","2026-06-02T11:48:04Z",95.1
"Sarah","2026-06-09 00:48:45","2026-06-02","2026-06-02T11:47:04Z",95.1
"Sarah","2026-06-09 00:48:45","2026-06-02","2026-06-02T11:46:04Z",95.1
"Sarah","2026-06-09 00:48:45","2026-06-02","2026-06-02T11:45:04Z",95.1
"Sarah","2026-06-09 00:48:45","2026-06-02","2026-06-02T11:44:04Z",95.1
"Sarah","2026-06-09 00:48:45","2026-06-02","2026-06-02T11:43:04Z",95.1
"Sarah","2026-06-09 00:48:45","2026-06-02","2026-06-02T11:42:04Z",95.2
"Sarah","2026-06-09 00:48:45","2026-06-02","2026-06-02T11:41:04Z",95.2
"Sarah","2026-06-09 00:48:45","2026-06-02","2026-06-02T11:40:04Z",95.3
"Sarah","2026-06-09 00:48:45","2026-06-02","2026-06-02T11:39:04Z",95.3
"Sarah","2026-06-09 00:48:45","2026-06-02","2026-06-02T11:38:04Z",95.3
"Sarah","2026-06-09 00:48:45","2026-06-02","2026-06-02T11:37:04Z",95.4
"Sarah","2026-06-09 00:48:45","2026-06-02","2026-06-02T11:36:04Z",95.5
"Sarah","2026-06-09 00:48:45","2026-06-02","2026-06-02T11:35:04Z",95.5
"Sarah","2026-06-09 00:48:45","2026-06-02","2026-06-02T11:34:04Z",95.5
"Sarah","2026-06-09 00:48:45","2026-06-02","2026-06-02T11:33:04Z",95.6
"Sarah","2026-06-09 00:48:45","2026-06-02","2026-06-02T11:32:04Z",95.6
"Sarah","2026-06-09 00:48:45","2026-06-02","2026-06-02T11:31:04Z",95.5
"Sarah","2026-06-09 00:48:45","2026-06-02","2026-06-02T11:30:04Z",95.6
"Sarah","2026-06-09 00:48:45","2026-06-02","2026-06-02T11:29:04Z",95.5
"Sarah","2026-06-09 00:48:45","2026-06-02","2026-06-02T11:28:04Z",95.5
"Sarah","2026-06-09 00:48:45","2026-06-02","2026-06-02T11:27:04Z",95.5
"Sarah","2026-06-09 00:48:45","2026-06-02","2026-06-02T11:26:04Z",95.7
"Sarah","2026-06-09 00:48:45","2026-06-02","2026-06-02T11:25:04Z",95.5
"Sarah","2026-06-09 00:48:45","2026-06-02","2026-06-02T11:24:04Z",95.4
"Sarah","2026-06-09 00:48:45","2026-06-02","2026-06-02T11:23:04Z",95.4
"Sarah","2026-06-09 00:48:45","2026-06-02","2026-06-02T11:22:04Z",95.2
"Sarah","2026-06-09 00:48:45","2026-06-02","2026-06-02T11:21:04Z",95.1
"Sarah","2026-06-09 00:48:45","2026-06-02","2026-06-02T11:20:04Z",95.1
"Sarah","2026-06-09 00:48:45","2026-06-02","2026-06-02T11:19:04Z",95.2
"Sarah","2026-06-09 00:48:45","2026-06-02","2026-06-02T11:18:04Z",95
"Sarah","2026-06-09 00:48:45","2026-06-02","2026-06-02T11:17:04Z",95.1
"Sarah","2026-06-09 00:48:45","2026-06-02","2026-06-02T11:16:04Z",95.3
"Sarah","2026-06-09 00:48:45","2026-06-02","2026-06-02T11:15:04Z",95.3
"Sarah","2026-06-09 00:48:45","2026-06-02","2026-06-02T11:14:04Z",95.2
"Sarah","2026-06-09 00:48:45","2026-06-02","2026-06-02T11:13:04Z",95.3
"Sarah","2026-06-09 00:48:45","2026-06-02","2026-06-02T11:12:04Z",95.3
"Sarah","2026-06-09 00:48:45","2026-06-02","2026-06-02T11:11:04Z",95.3
"Sarah","2026-06-09 00:48:45","2026-06-02","2026-06-02T11:10:04Z",95.3
"Sarah","2026-06-09 00:48:45","2026-06-02","2026-06-02T11:09:04Z",95.2
"Sarah","2026-06-09 00:48:45","2026-06-02","2026-06-02T11:08:04Z",95
"Sarah","2026-06-09 00:48:45","2026-06-02","2026-06-02T11:07:04Z",95.3
"Sarah","2026-06-09 00:48:45","2026-06-02","2026-06-02T11:06:04Z",95.4
"Sarah","2026-06-09 00:48:45","2026-06-02","2026-06-02T11:05:04Z",95.3
"Sarah","2026-06-09 00:48:45","2026-06-02","2026-06-02T11:04:04Z",95.3
"Sarah","2026-06-09 00:48:45","2026-06-02","2026-06-02T11:03:04Z",95.2
"Sarah","2026-06-09 00:48:45","2026-06-02","2026-06-02T11:02:04Z",95.2
"Sarah","2026-06-09 00:48:45","2026-06-02","2026-06-02T11:01:04Z",95.2
"Sarah","2026-06-09 00:48:45","2026-06-02","2026-06-02T11:00:04Z",95.1
"Sarah","2026-06-09 00:48:45","2026-06-02","2026-06-02T10:59:04Z",95.2
"Sarah","2026-06-09 00:48:45","2026-06-02","2026-06-02T10:58:04Z",95.1
"Sarah","2026-06-09 00:48:45","2026-06-02","2026-06-02T10:57:04Z",95.2
"Sarah","2026-06-09 00:48:45","2026-06-02","2026-06-02T10:56:04Z",95.3
"Sarah","2026-06-09 00:48:45","2026-06-02","2026-06-02T10:55:04Z",95.2
"Sarah","2026-06-09 00:48:45","2026-06-02","2026-06-02T10:54:04Z",95.3
"Sarah","2026-06-09 00:48:45","2026-06-02","2026-06-02T10:53:04Z",95
"Sarah","2026-06-09 00:48:45","2026-06-02","2026-06-02T10:52:04Z",94.9
"Sarah","2026-06-09 00:48:45","2026-06-02","2026-06-02T10:51:04Z",94.9
"Sarah","2026-06-09 00:48:45","2026-06-02","2026-06-02T10:50:04Z",95
"Sarah","2026-06-09 00:48:45","2026-06-02","2026-06-02T10:49:04Z",95.2
"Sarah","2026-06-09 00:48:45","2026-06-02","2026-06-02T10:48:04Z",95
"Sarah","2026-06-09 00:48:45","2026-06-02","2026-06-02T10:47:04Z",95.1
"Sarah","2026-06-09 00:48:45","2026-06-02","2026-06-02T10:46:04Z",94.9
"Sarah","2026-06-09 00:48:45","2026-06-02","2026-06-02T10:45:04Z",95
"Sarah","2026-06-09 00:48:45","2026-06-02","2026-06-02T10:44:04Z",95.1
"Sarah","2026-06-09 00:48:45","2026-06-02","2026-06-02T10:43:04Z",94.8
"Sarah","2026-06-09 00:48:45","2026-06-02","2026-06-02T10:42:04Z",94.9
"Sarah","2026-06-09 00:48:45","2026-06-02","2026-06-02T10:41:04Z",95.1
"Sarah","2026-06-09 00:48:45","2026-06-02","2026-06-02T10:40:04Z",95.2
"Sarah","2026-06-09 00:48:45","2026-06-02","2026-06-02T10:39:04Z",95.4
"Sarah","2026-06-09 00:48:45","2026-06-02","2026-06-02T10:38:04Z",95.4
"Sarah","2026-06-09 00:48:45","2026-06-02","2026-06-02T10:37:04Z",95.4
"Sarah","2026-06-09 00:48:45","2026-06-02","2026-06-02T10:36:04Z",95.4
"Sarah","2026-06-09 00:48:45","2026-06-02","2026-06-02T10:35:04Z",95.3
"Sarah","2026-06-09 00:48:45","2026-06-02","2026-06-02T10:34:04Z",94.9
"Sarah","2026-06-09 00:48:45","2026-06-02","2026-06-02T10:33:04Z",94.4
"Sarah","2026-06-09 00:48:45","2026-06-02","2026-06-02T10:32:04Z",50
"Sarah","2026-06-09 00:48:45","2026-06-02","2026-06-02T10:31:04Z",93.7
"Sarah","2026-06-09 00:48:45","2026-06-02","2026-06-02T10:30:04Z",50
"Sarah","2026-06-09 00:48:45","2026-06-02","2026-06-02T10:29:04Z",93.4
"Sarah","2026-06-09 00:48:45","2026-06-02","2026-06-02T10:28:04Z",93.4
"Sarah","2026-06-09 00:48:45","2026-06-02","2026-06-02T10:27:04Z",93.6
"Sarah","2026-06-09 00:48:45","2026-06-02","2026-06-02T10:26:04Z",94
"Sarah","2026-06-09 00:48:45","2026-06-02","2026-06-02T10:25:04Z",94.6
"Sarah","2026-06-09 00:48:45","2026-06-02","2026-06-02T10:24:04Z",50
"Sarah","2026-06-09 00:48:45","2026-06-02","2026-06-02T10:23:04Z",94.6
"Sarah","2026-06-09 00:48:45","2026-06-02","2026-06-02T10:22:04Z",50
"Sarah","2026-06-09 00:48:45","2026-06-02","2026-06-02T10:21:04Z",94.3
"Sarah","2026-06-09 00:48:45","2026-06-02","2026-06-02T10:20:04Z",94.4
"Sarah","2026-06-09 00:48:45","2026-06-02","2026-06-02T10:19:04Z",94.2
"Sarah","2026-06-09 00:48:45","2026-06-02","2026-06-02T10:18:04Z",94.4
"Sarah","2026-06-09 00:48:45","2026-06-02","2026-06-02T10:17:04Z",94.5
"Sarah","2026-06-09 00:48:45","2026-06-02","2026-06-02T10:16:04Z",94.4
"Sarah","2026-06-09 00:48:45","2026-06-02","2026-06-02T10:15:04Z",94.3
"Sarah","2026-06-09 00:48:45","2026-06-02","2026-06-02T10:14:04Z",94.4
"Sarah","2026-06-09 00:48:45","2026-06-02","2026-06-02T10:13:04Z",94.4
"Sarah","2026-06-09 00:48:45","2026-06-02","2026-06-02T10:12:04Z",94.3
"Sarah","2026-06-09 00:48:45","2026-06-02","2026-06-02T10:11:04Z",94.2
"Sarah","2026-06-09 00:48:45","2026-06-02","2026-06-02T10:10:04Z",94.2
"Sarah","2026-06-09 00:48:45","2026-06-02","2026-06-02T10:09:04Z",94.2
"Sarah","2026-06-09 00:48:45","2026-06-02","2026-06-02T10:08:04Z",94.2
"Sarah","2026-06-09 00:48:45","2026-06-02","2026-06-02T10:07:04Z",94.4
"Sarah","2026-06-09 00:48:45","2026-06-02","2026-06-02T10:06:04Z",94.3
"Sarah","2026-06-09 00:48:45","2026-06-02","2026-06-02T10:05:04Z",94.4
"Sarah","2026-06-09 00:48:45","2026-06-02","2026-06-02T10:04:04Z",94.5
"Sarah","2026-06-09 00:48:45","2026-06-02","2026-06-02T10:03:04Z",94.6
"Sarah","2026-06-09 00:48:45","2026-06-02","2026-06-02T10:02:04Z",94.8
"Sarah","2026-06-09 00:48:45","2026-06-02","2026-06-02T10:01:04Z",50
"Sarah","2026-06-09 00:48:45","2026-06-02","2026-06-02T10:00:04Z",95.5
"Sarah","2026-06-09 00:48:45","2026-06-02","2026-06-02T09:59:04Z",50
"Sarah","2026-06-09 00:48:45","2026-06-02","2026-06-02T09:58:04Z",50
"Sarah","2026-06-09 00:48:45","2026-06-02","2026-06-02T09:57:04Z",50
"Sarah","2026-06-09 00:48:45","2026-06-02","2026-06-02T09:56:04Z",95.6
"Sarah","2026-06-09 00:48:45","2026-06-02","2026-06-02T09:55:04Z",95.6
"Sarah","2026-06-09 00:48:45","2026-06-02","2026-06-02T09:54:04Z",95.6
"Sarah","2026-06-09 00:48:45","2026-06-02","2026-06-02T09:53:04Z",95.5
"Sarah","2026-06-09 00:48:45","2026-06-02","2026-06-02T09:52:04Z",95
"Sarah","2026-06-09 00:48:45","2026-06-02","2026-06-02T09:51:04Z",50
"Sarah","2026-06-09 00:48:45","2026-06-02","2026-06-02T09:50:04Z",94.3
"Sarah","2026-06-09 00:48:45","2026-06-02","2026-06-02T09:49:04Z",50
"Sarah","2026-06-09 00:48:45","2026-06-02","2026-06-02T09:48:04Z",50
"Sarah","2026-06-09 00:48:45","2026-06-02","2026-06-02T09:47:04Z",93.8
"Sarah","2026-06-09 00:48:45","2026-06-02","2026-06-02T09:46:04Z",94.1
"Sarah","2026-06-09 00:48:45","2026-06-02","2026-06-02T09:45:04Z",94.5
"Sarah","2026-06-09 00:48:45","2026-06-02","2026-06-02T09:44:04Z",95
"Sarah","2026-06-09 00:48:45","2026-06-02","2026-06-02T09:43:04Z",50
"Sarah","2026-06-09 00:48:45","2026-06-02","2026-06-02T09:42:04Z",95
"Sarah","2026-06-09 00:48:45","2026-06-02","2026-06-02T09:41:04Z",95
"Sarah","2026-06-09 00:48:45","2026-06-02","2026-06-02T09:40:04Z",94.9
"Sarah","2026-06-09 00:48:45","2026-06-02","2026-06-02T09:39:04Z",94.9
"Sarah","2026-06-09 00:48:45","2026-06-02","2026-06-02T09:38:04Z",94.8
"Sarah","2026-06-09 00:48:45","2026-06-02","2026-06-02T09:37:04Z",50
"Sarah","2026-06-09 00:48:45","2026-06-02","2026-06-02T09:36:04Z",94.5
"Sarah","2026-06-09 00:48:45","2026-06-02","2026-06-02T09:35:04Z",94.3
"Sarah","2026-06-09 00:48:45","2026-06-02","2026-06-02T09:34:04Z",94.2
"Sarah","2026-06-09 00:48:45","2026-06-02","2026-06-02T09:33:04Z",50
"Sarah","2026-06-09 00:48:45","2026-06-02","2026-06-02T09:32:04Z",94.3
"Sarah","2026-06-09 00:48:45","2026-06-02","2026-06-02T09:31:04Z",50
"Sarah","2026-06-09 00:48:45","2026-06-02","2026-06-02T09:30:04Z",50
"Sarah","2026-06-09 00:48:45","2026-06-02","2026-06-02T09:29:04Z",94.4
"Sarah","2026-06-09 00:48:45","2026-06-02","2026-06-02T09:28:04Z",94.3
"Sarah","2026-06-09 00:48:45","2026-06-02","2026-06-02T09:27:04Z",94.3
"Sarah","2026-06-09 00:48:45","2026-06-02","2026-06-02T09:26:04Z",94.4
"Sarah","2026-06-09 00:48:45","2026-06-02","2026-06-02T09:25:04Z",94.4
"Sarah","2026-06-09 00:48:45","2026-06-02","2026-06-02T09:24:04Z",94.4
"Sarah","2026-06-09 00:48:45","2026-06-02","2026-06-02T09:23:04Z",94.4
"Sarah","2026-06-09 00:48:45","2026-06-02","2026-06-02T09:22:04Z",94.3
"Sarah","2026-06-09 00:48:45","2026-06-02","2026-06-02T09:21:04Z",94.3
"Sarah","2026-06-09 00:48:45","2026-06-02","2026-06-02T09:20:04Z",94.3
"Sarah","2026-06-09 00:48:45","2026-06-02","2026-06-02T09:19:04Z",94.3
"Sarah","2026-06-09 00:48:45","2026-06-02","2026-06-02T09:18:04Z",94.3
"Sarah","2026-06-09 00:48:45","2026-06-02","2026-06-02T09:17:04Z",94.3
"Sarah","2026-06-09 00:48:45","2026-06-02","2026-06-02T09:16:04Z",94.3
"Sarah","2026-06-09 00:48:45","2026-06-02","2026-06-02T09:15:04Z",94.4
"Sarah","2026-06-09 00:48:45","2026-06-02","2026-06-02T09:14:04Z",94.3
"Sarah","2026-06-09 00:48:45","2026-06-02","2026-06-02T09:13:04Z",94.3
"Sarah","2026-06-09 00:48:45","2026-06-02","2026-06-02T09:12:04Z",94.3
"Sarah","2026-06-09 00:48:45","2026-06-02","2026-06-02T09:11:04Z",94.3
"Sarah","2026-06-09 00:48:45","2026-06-02","2026-06-02T09:10:04Z",94.4
"Sarah","2026-06-09 00:48:45","2026-06-02","2026-06-02T09:09:04Z",94.4
"Sarah","2026-06-09 00:48:45","2026-06-02","2026-06-02T09:08:04Z",94.4
"Sarah","2026-06-09 00:48:45","2026-06-02","2026-06-02T09:07:04Z",94.4
"Sarah","2026-06-09 00:48:45","2026-06-02","2026-06-02T09:06:04Z",94.3
"Sarah","2026-06-09 00:48:45","2026-06-02","2026-06-02T09:05:04Z",94.4
"Sarah","2026-06-09 00:48:45","2026-06-02","2026-06-02T09:04:04Z",94.3
"Sarah","2026-06-09 00:48:45","2026-06-02","2026-06-02T09:03:04Z",94.4
"Sarah","2026-06-09 00:48:45","2026-06-02","2026-06-02T09:02:04Z",94.4
"Sarah","2026-06-09 00:48:45","2026-06-02","2026-06-02T09:01:04Z",94.6
"Sarah","2026-06-09 00:48:45","2026-06-02","2026-06-02T09:00:04Z",50
"Sarah","2026-06-09 00:48:45","2026-06-02","2026-06-02T08:59:04Z",94.6
"Sarah","2026-06-09 00:48:45","2026-06-02","2026-06-02T08:58:04Z",50
"Sarah","2026-06-09 00:48:45","2026-06-02","2026-06-02T08:57:04Z",94.6
"Sarah","2026-06-09 00:48:45","2026-06-02","2026-06-02T08:56:04Z",94.4
"Sarah","2026-06-09 00:48:45","2026-06-02","2026-06-02T08:55:04Z",94.4
"Sarah","2026-06-09 00:48:45","2026-06-02","2026-06-02T08:54:04Z",94.4
"Sarah","2026-06-09 00:48:45","2026-06-02","2026-06-02T08:53:04Z",94.1
"Sarah","2026-06-09 00:48:45","2026-06-02","2026-06-02T08:52:04Z",94
"Sarah","2026-06-09 00:48:45","2026-06-02","2026-06-02T08:51:04Z",94.1
"Sarah","2026-06-09 00:48:45","2026-06-02","2026-06-02T08:50:04Z",94.2
"Sarah","2026-06-09 00:48:45","2026-06-02","2026-06-02T08:49:04Z",94.2
"Sarah","2026-06-09 00:48:45","2026-06-02","2026-06-02T08:48:04Z",94.1
"Sarah","2026-06-09 00:48:45","2026-06-02","2026-06-02T08:47:04Z",94.6
"Sarah","2026-06-09 00:48:45","2026-06-02","2026-06-02T08:46:04Z",94.5
"Sarah","2026-06-09 00:48:45","2026-06-02","2026-06-02T08:45:04Z",94.4
"Sarah","2026-06-09 00:48:45","2026-06-02","2026-06-02T08:44:04Z",94.4
"Sarah","2026-06-09 00:48:45","2026-06-02","2026-06-02T08:43:04Z",94.4
"Sarah","2026-06-09 00:48:45","2026-06-02","2026-06-02T08:42:04Z",94.3
"Sarah","2026-06-09 00:48:45","2026-06-02","2026-06-02T08:41:04Z",94.3
"Sarah","2026-06-09 00:48:45","2026-06-02","2026-06-02T08:40:04Z",94.4
"Sarah","2026-06-09 00:48:45","2026-06-02","2026-06-02T08:39:04Z",94.4
"Sarah","2026-06-09 00:48:45","2026-06-02","2026-06-02T08:38:04Z",94.3
"Sarah","2026-06-09 00:48:45","2026-06-02","2026-06-02T08:37:04Z",94.3
"Sarah","2026-06-09 00:48:45","2026-06-02","2026-06-02T08:36:04Z",94.3
"Sarah","2026-06-09 00:48:45","2026-06-02","2026-06-02T08:35:04Z",94.2
"Sarah","2026-06-09 00:48:45","2026-06-02","2026-06-02T08:34:04Z",94.4
"Sarah","2026-06-09 00:48:45","2026-06-02","2026-06-02T08:33:04Z",94.4
"Sarah","2026-06-09 00:48:45","2026-06-02","2026-06-02T08:32:04Z",94.4
"Sarah","2026-06-09 00:48:45","2026-06-02","2026-06-02T08:31:04Z",94.2
"Sarah","2026-06-09 00:48:45","2026-06-02","2026-06-02T08:30:04Z",94.2
"Sarah","2026-06-09 00:48:45","2026-06-02","2026-06-02T08:29:04Z",94.1
"Sarah","2026-06-09 00:48:45","2026-06-02","2026-06-02T08:28:04Z",94.2
"Sarah","2026-06-09 00:48:45","2026-06-02","2026-06-02T08:27:04Z",95
"Sarah","2026-06-09 00:48:45","2026-06-02","2026-06-02T08:26:04Z",95.4
"Sarah","2026-06-09 00:48:45","2026-06-02","2026-06-02T08:25:04Z",95.9
"Sarah","2026-06-09 00:48:45","2026-06-02","2026-06-02T08:24:04Z",50
"Sarah","2026-06-09 00:48:45","2026-06-02","2026-06-02T08:23:04Z",96.6
"Sarah","2026-06-09 00:48:45","2026-06-02","2026-06-02T08:22:04Z",96.3
"Sarah","2026-06-09 00:48:45","2026-06-02","2026-06-02T08:21:04Z",96.7
"Sarah","2026-06-09 00:48:45","2026-06-02","2026-06-02T08:20:04Z",96.9
"Sarah","2026-06-09 00:48:45","2026-06-02","2026-06-02T08:19:04Z",97
"Sarah","2026-06-09 00:48:45","2026-06-02","2026-06-02T08:18:04Z",97.1
"Sarah","2026-06-09 00:48:45","2026-06-02","2026-06-02T08:17:04Z",97
"Sarah","2026-06-09 00:48:45","2026-06-02","2026-06-02T08:16:04Z",96.8
"Sarah","2026-06-09 00:48:45","2026-06-02","2026-06-02T08:15:04Z",96.3
"Sarah","2026-06-09 00:48:45","2026-06-02","2026-06-02T08:14:04Z",95.7
"Sarah","2026-06-09 00:48:45","2026-06-02","2026-06-02T08:13:04Z",94.3
"Sarah","2026-06-09 00:48:45","2026-06-02","2026-06-02T08:12:04Z",93.4
"Sarah","2026-06-09 00:48:45","2026-06-02","2026-06-02T08:11:04Z",93.7
"Sarah","2026-06-09 00:48:45","2026-06-02","2026-06-02T08:10:04Z",93.6
"Sarah","2026-06-09 00:48:45","2026-06-02","2026-06-02T08:09:04Z",93.4
"Sarah","2026-06-09 00:48:45","2026-06-02","2026-06-02T08:08:04Z",93.2
"Sarah","2026-06-09 00:48:45","2026-06-02","2026-06-02T08:07:04Z",92.6
"Sarah","2026-06-09 00:48:45","2026-06-02","2026-06-02T08:06:04Z",92.5
"Sarah","2026-06-09 00:48:45","2026-06-02","2026-06-02T08:05:04Z",92.5
"Sarah","2026-06-09 00:48:45","2026-06-02","2026-06-02T08:04:04Z",92.5
"Sarah","2026-06-09 00:48:45","2026-06-02","2026-06-02T08:03:04Z",92.5
"Sarah","2026-06-09 00:48:45","2026-06-02","2026-06-02T08:02:04Z",92.5
"Sarah","2026-06-09 00:48:45","2026-06-02","2026-06-02T08:01:04Z",92.5
"Sarah","2026-06-09 00:48:45","2026-06-02","2026-06-02T08:00:04Z",92.5
"Sarah","2026-06-09 00:48:45","2026-06-02","2026-06-02T07:59:04Z",92.5
"Sarah","2026-06-09 00:48:45","2026-06-02","2026-06-02T07:58:04Z",92.7
"Sarah","2026-06-09 00:48:45","2026-06-02","2026-06-02T07:57:04Z",92.9
"Sarah","2026-06-09 00:48:45","2026-06-02","2026-06-02T07:56:04Z",93.1
"Sarah","2026-06-09 00:48:45","2026-06-02","2026-06-02T07:55:04Z",93.4
"Sarah","2026-06-09 00:48:45","2026-06-02","2026-06-02T07:54:04Z",93.7
"Sarah","2026-06-09 00:48:45","2026-06-02","2026-06-02T07:53:04Z",93.7
"Sarah","2026-06-09 00:48:45","2026-06-02","2026-06-02T07:52:04Z",94.4
"Sarah","2026-06-09 00:48:45","2026-06-02","2026-06-02T07:51:04Z",50
"Sarah","2026-06-09 00:48:45","2026-06-02","2026-06-02T07:50:04Z",94.1
"Sarah","2026-06-09 00:48:45","2026-06-02","2026-06-02T07:49:04Z",94.3
"Sarah","2026-06-09 00:48:45","2026-06-02","2026-06-02T07:48:04Z",94.8
"Sarah","2026-06-09 00:48:45","2026-06-02","2026-06-02T07:47:04Z",50
"Sarah","2026-06-09 00:48:45","2026-06-02","2026-06-02T07:46:04Z",94.9
"Sarah","2026-06-09 00:48:45","2026-06-02","2026-06-02T07:45:04Z",94.9
"Sarah","2026-06-09 00:48:45","2026-06-02","2026-06-02T07:44:04Z",95
"Sarah","2026-06-09 00:48:45","2026-06-02","2026-06-02T07:43:04Z",95
"Sarah","2026-06-09 00:48:45","2026-06-02","2026-06-02T07:42:04Z",95
"Sarah","2026-06-09 00:48:45","2026-06-02","2026-06-02T07:41:04Z",95
"Sarah","2026-06-09 00:48:45","2026-06-02","2026-06-02T07:40:04Z",95
"Sarah","2026-06-09 00:48:45","2026-06-02","2026-06-02T07:39:04Z",95
"Sarah","2026-06-09 00:48:45","2026-06-02","2026-06-02T07:38:04Z",94.9
"Sarah","2026-06-09 00:48:45","2026-06-02","2026-06-02T07:37:04Z",95
"Sarah","2026-06-09 00:48:45","2026-06-02","2026-06-02T07:36:04Z",94.9
"Sarah","2026-06-09 00:48:45","2026-06-02","2026-06-02T07:35:04Z",94.8
"Sarah","2026-06-09 00:48:45","2026-06-02","2026-06-02T07:34:04Z",94.8
"Sarah","2026-06-09 00:48:45","2026-06-02","2026-06-02T07:33:04Z",94.6
"Sarah","2026-06-09 00:48:45","2026-06-02","2026-06-02T07:32:04Z",94.2
"Sarah","2026-06-09 00:48:45","2026-06-02","2026-06-02T07:31:04Z",50
"Sarah","2026-06-09 00:48:45","2026-06-02","2026-06-02T07:30:04Z",93.5
"Sarah","2026-06-09 00:48:45","2026-06-02","2026-06-02T07:29:04Z",93.6
"Sarah","2026-06-09 00:48:45","2026-06-02","2026-06-02T07:28:04Z",93.7
"Sarah","2026-06-09 00:48:45","2026-06-02","2026-06-02T07:27:04Z",93.7
"Sarah","2026-06-09 00:48:45","2026-06-02","2026-06-02T07:26:04Z",94.1
"Sarah","2026-06-09 00:48:45","2026-06-02","2026-06-02T07:25:04Z",94.4
"Sarah","2026-06-09 00:48:45","2026-06-02","2026-06-02T07:24:04Z",94.4
"Sarah","2026-06-09 00:48:45","2026-06-02","2026-06-02T07:23:04Z",94.1
"Sarah","2026-06-09 00:48:45","2026-06-02","2026-06-02T07:22:04Z",93.8
"Sarah","2026-06-09 00:48:45","2026-06-02","2026-06-02T07:21:04Z",93.7
"Sarah","2026-06-09 00:48:45","2026-06-02","2026-06-02T07:20:04Z",93.6
"Sarah","2026-06-09 00:48:45","2026-06-02","2026-06-02T07:19:04Z",50
"Sarah","2026-06-09 00:48:45","2026-06-02","2026-06-02T07:18:04Z",93.1
"Sarah","2026-06-09 00:48:45","2026-06-02","2026-06-02T07:17:04Z",93.7
"Sarah","2026-06-09 00:48:45","2026-06-02","2026-06-02T07:16:04Z",93.5
"Sarah","2026-06-09 00:48:45","2026-06-02","2026-06-02T07:15:04Z",93.9
"Sarah","2026-06-09 00:48:45","2026-06-02","2026-06-02T07:14:04Z",94.3
"Sarah","2026-06-09 00:48:45","2026-06-02","2026-06-02T07:13:04Z",94.3
"Sarah","2026-06-09 00:48:45","2026-06-02","2026-06-02T07:12:04Z",94.2
"Sarah","2026-06-09 00:48:45","2026-06-02","2026-06-02T07:11:04Z",94.3
"Sarah","2026-06-09 00:48:45","2026-06-02","2026-06-02T07:10:04Z",94.6
"Sarah","2026-06-09 00:48:45","2026-06-02","2026-06-02T07:09:04Z",94.8
"Sarah","2026-06-09 00:48:45","2026-06-02","2026-06-02T07:08:04Z",94.9
"Sarah","2026-06-09 00:48:45","2026-06-02","2026-06-02T07:07:04Z",95.2
"Sarah","2026-06-09 00:48:45","2026-06-02","2026-06-02T07:06:04Z",95.5
"Sarah","2026-06-09 00:48:45","2026-06-02","2026-06-02T07:05:04Z",94.3
"Sarah","2026-06-09 00:48:45","2026-06-02","2026-06-02T07:04:04Z",94.3
"Sarah","2026-06-09 00:48:45","2026-06-02","2026-06-02T07:03:04Z",94.4
"Sarah","2026-06-09 00:48:45","2026-06-02","2026-06-02T07:02:04Z",94.4
"Sarah","2026-06-09 00:48:45","2026-06-02","2026-06-02T07:01:04Z",94.8
"Sarah","2026-06-09 00:48:45","2026-06-02","2026-06-02T07:00:04Z",94.9
"Sarah","2026-06-09 00:48:45","2026-06-02","2026-06-02T06:59:04Z",95.1
"Sarah","2026-06-09 00:48:45","2026-06-02","2026-06-02T06:58:04Z",95.3
"Sarah","2026-06-09 00:48:45","2026-06-02","2026-06-02T06:57:04Z",95.7
"Sarah","2026-06-09 00:48:45","2026-06-02","2026-06-02T06:56:04Z",95.9
"Sarah","2026-06-09 00:48:45","2026-06-02","2026-06-02T06:55:04Z",95.9
"Sarah","2026-06-09 00:48:45","2026-06-02","2026-06-02T06:54:04Z",95.9
"Sarah","2026-06-09 00:48:45","2026-06-02","2026-06-02T06:53:04Z",95.9
"Sarah","2026-06-09 00:48:45","2026-06-02","2026-06-02T06:52:04Z",95.7
"Sarah","2026-06-09 00:48:45","2026-06-02","2026-06-02T06:51:04Z",95.8
"Sarah","2026-06-09 00:48:45","2026-06-02","2026-06-02T06:50:04Z",95.8
"Sarah","2026-06-09 00:48:45","2026-06-02","2026-06-02T06:49:04Z",95.9
"Sarah","2026-06-09 00:48:45","2026-06-02","2026-06-02T06:48:04Z",95.9
"Sarah","2026-06-09 00:48:45","2026-06-02","2026-06-02T06:47:04Z",95.8
"Sarah","2026-06-09 00:48:45","2026-06-02","2026-06-02T06:46:04Z",95.7
"Sarah","2026-06-09 00:48:45","2026-06-02","2026-06-02T06:45:04Z",95.5
"Sarah","2026-06-09 00:48:45","2026-06-02","2026-06-02T06:44:04Z",95.2
"Sarah","2026-06-09 00:48:45","2026-06-02","2026-06-02T06:43:04Z",94.8
"Sarah","2026-06-09 00:48:45","2026-06-02","2026-06-02T06:42:04Z",94.6
"Sarah","2026-06-09 00:48:45","2026-06-02","2026-06-02T06:41:04Z",94.3
"Sarah","2026-06-09 00:48:45","2026-06-02","2026-06-02T06:40:04Z",50
"Sarah","2026-06-09 00:48:45","2026-06-02","2026-06-02T06:39:04Z",93.8
"Sarah","2026-06-09 00:48:45","2026-06-02","2026-06-02T06:38:04Z",94
"Sarah","2026-06-09 00:48:45","2026-06-02","2026-06-02T06:37:04Z",94
"Sarah","2026-06-09 00:48:45","2026-06-02","2026-06-02T06:36:04Z",93.9
"Sarah","2026-06-09 00:48:45","2026-06-02","2026-06-02T06:35:04Z",93.9
"Sarah","2026-06-09 00:48:45","2026-06-02","2026-06-02T06:34:04Z",94
"Sarah","2026-06-09 00:48:45","2026-06-02","2026-06-02T06:33:04Z",94
"Sarah","2026-06-09 00:48:45","2026-06-02","2026-06-02T06:32:04Z",94
"Sarah","2026-06-09 00:48:45","2026-06-02","2026-06-02T06:31:04Z",94.1
"Sarah","2026-06-09 00:48:45","2026-06-02","2026-06-02T06:30:04Z",94.2
"Sarah","2026-06-09 00:48:45","2026-06-02","2026-06-02T06:29:04Z",94.3
"Sarah","2026-06-09 00:48:45","2026-06-02","2026-06-02T06:28:04Z",94.4
"Sarah","2026-06-09 00:48:45","2026-06-02","2026-06-02T06:27:04Z",94.6
"Sarah","2026-06-09 00:48:45","2026-06-02","2026-06-02T06:26:04Z",94.6
"Sarah","2026-06-09 00:48:45","2026-06-02","2026-06-02T06:25:04Z",94.6
"Sarah","2026-06-09 00:48:45","2026-06-02","2026-06-02T06:24:04Z",94.8
"Sarah","2026-06-09 00:48:45","2026-06-02","2026-06-02T06:23:04Z",94.8
"Sarah","2026-06-09 00:48:45","2026-06-02","2026-06-02T06:22:04Z",94.8
"Sarah","2026-06-09 00:48:45","2026-06-02","2026-06-02T06:21:04Z",94.8
"Sarah","2026-06-09 00:48:45","2026-06-02","2026-06-02T06:20:04Z",94.9
"Sarah","2026-06-09 00:48:45","2026-06-02","2026-06-02T06:19:04Z",95.1
"Sarah","2026-06-09 00:48:45","2026-06-02","2026-06-02T06:18:04Z",95.4
"Sarah","2026-06-09 00:48:45","2026-06-02","2026-06-02T06:17:04Z",95.7
"Sarah","2026-06-09 00:48:45","2026-06-02","2026-06-02T06:16:04Z",95.8
"Sarah","2026-06-09 00:48:45","2026-06-02","2026-06-02T06:15:04Z",95.8
"Sarah","2026-06-09 00:48:45","2026-06-02","2026-06-02T06:14:04Z",95.8
"Sarah","2026-06-09 00:48:45","2026-06-02","2026-06-02T06:13:04Z",95.9
"Sarah","2026-06-09 00:48:45","2026-06-02","2026-06-02T06:12:04Z",95.9
"Sarah","2026-06-09 00:48:45","2026-06-02","2026-06-02T06:11:04Z",96.3
"Sarah","2026-06-09 00:48:45","2026-06-02","2026-06-02T06:10:04Z",96.2
"Sarah","2026-06-09 00:48:45","2026-06-02","2026-06-02T06:09:04Z",96.3
"Sarah","2026-06-09 00:48:45","2026-06-02","2026-06-02T06:08:04Z",96.5
"Sarah","2026-06-09 00:48:45","2026-06-02","2026-06-02T06:07:04Z",96.6
"Sarah","2026-06-09 00:48:45","2026-06-02","2026-06-02T06:06:04Z",96.6
"Sarah","2026-06-09 00:48:45","2026-06-02","2026-06-02T06:05:04Z",96.5
"Sarah","2026-06-09 00:48:45","2026-06-02","2026-06-02T06:04:04Z",96.8
"Sarah","2026-06-09 00:48:45","2026-06-02","2026-06-02T06:03:04Z",97.1
"Sarah","2026-06-09 00:48:45","2026-06-02","2026-06-02T06:02:04Z",97.2
"Sarah","2026-06-09 00:48:45","2026-06-02","2026-06-02T06:01:04Z",98.1
"Sarah","2026-06-09 00:48:45","2026-06-02","2026-06-02T06:00:04Z",98.7
"Sarah","2026-06-09 00:48:45","2026-06-02","2026-06-02T05:59:04Z",99.5
"Sarah","2026-06-09 00:48:45","2026-06-02","2026-06-02T05:58:04Z",99.9
"Sarah","2026-06-09 00:48:45","2026-06-02","2026-06-02T05:57:04Z",98.7
"Sarah","2026-06-09 00:48:45","2026-06-02","2026-06-02T05:04:33Z",83.4
"Sarah","2026-06-09 00:48:45","2026-06-02","2026-06-02T05:03:33Z",83.8
"Sarah","2026-06-09 00:48:45","2026-06-02","2026-06-02T05:02:33Z",50
"Sarah","2026-06-09 00:48:45","2026-06-02","2026-06-02T05:01:33Z",84.2
"Sarah","2026-06-09 00:48:45","2026-06-02","2026-06-02T05:00:33Z",85.9
"Sarah","2026-06-09 00:48:45","2026-06-02","2026-06-02T04:59:33Z",85.1
"Sarah","2026-06-09 00:48:45","2026-06-02","2026-06-02T04:58:33Z",50
"Sarah","2026-06-09 00:48:45","2026-06-02","2026-06-02T04:57:33Z",84.8
"Sarah","2026-06-09 00:48:45","2026-06-02","2026-06-02T04:56:33Z",50
"Sarah","2026-06-09 00:48:45","2026-06-02","2026-06-02T04:55:33Z",86.9
"Sarah","2026-06-09 00:48:45","2026-06-02","2026-06-02T04:54:33Z",84.6
"Sarah","2026-06-09 00:48:45","2026-06-02","2026-06-02T04:53:33Z",50
"Sarah","2026-06-09 00:48:45","2026-06-02","2026-06-02T04:52:33Z",84.9
"Sarah","2026-06-09 00:48:45","2026-06-02","2026-06-02T04:51:33Z",86.2
"Sarah","2026-06-09 00:48:45","2026-06-02","2026-06-02T04:50:33Z",87.4
"Sarah","2026-06-09 00:48:45","2026-06-02","2026-06-02T04:49:33Z",88.5
"Sarah","2026-06-09 00:48:45","2026-06-02","2026-06-02T04:48:33Z",90.1
"Sarah","2026-06-09 00:48:45","2026-06-02","2026-06-02T04:47:33Z",88.6
"Sarah","2026-06-09 00:48:45","2026-06-02","2026-06-02T04:46:33Z",50
"Sarah","2026-06-09 00:48:45","2026-06-02","2026-06-02T04:45:33Z",50
"Sarah","2026-06-09 00:48:45","2026-06-02","2026-06-02T04:44:33Z",87.6
"Sarah","2026-06-09 00:48:45","2026-06-02","2026-06-02T04:43:33Z",92.2
"Sarah","2026-06-09 00:48:45","2026-06-02","2026-06-02T04:42:33Z",95
"Sarah","2026-06-09 00:48:45","2026-06-02","2026-06-02T04:41:33Z",95.4
"Sarah","2026-06-09 00:48:45","2026-06-02","2026-06-02T04:40:33Z",97.6
"Sarah","2026-06-09 00:48:45","2026-06-02","2026-06-02T04:39:33Z",98.5
"Sarah","2026-06-09 00:54:12","2026-06-03","2026-06-03T09:45:33Z",50
"Sarah","2026-06-09 00:54:12","2026-06-03","2026-06-03T09:44:33Z",50
"Sarah","2026-06-09 00:54:12","2026-06-03","2026-06-03T09:43:33Z",50
"Sarah","2026-06-09 00:54:12","2026-06-03","2026-06-03T09:42:33Z",50
"Sarah","2026-06-09 00:54:12","2026-06-03","2026-06-03T09:41:33Z",50
"Sarah","2026-06-09 00:54:12","2026-06-03","2026-06-03T09:40:33Z",50
"Sarah","2026-06-09 00:54:12","2026-06-03","2026-06-03T09:39:33Z",50
"Sarah","2026-06-09 00:54:12","2026-06-03","2026-06-03T09:38:33Z",50
"Sarah","2026-06-09 00:54:12","2026-06-03","2026-06-03T09:37:33Z",50
"Sarah","2026-06-09 00:54:12","2026-06-03","2026-06-03T09:36:33Z",50
"Sarah","2026-06-09 00:54:12","2026-06-03","2026-06-03T09:35:33Z",50
"Sarah","2026-06-09 00:54:12","2026-06-03","2026-06-03T09:34:33Z",50
"Sarah","2026-06-09 00:54:12","2026-06-03","2026-06-03T09:33:33Z",97.6
"Sarah","2026-06-09 00:54:12","2026-06-03","2026-06-03T09:32:33Z",97.5
"Sarah","2026-06-09 00:54:12","2026-06-03","2026-06-03T09:31:33Z",50
"Sarah","2026-06-09 00:54:12","2026-06-03","2026-06-03T09:30:33Z",50
"Sarah","2026-06-09 00:54:12","2026-06-03","2026-06-03T09:29:33Z",97
"Sarah","2026-06-09 00:54:12","2026-06-03","2026-06-03T09:28:33Z",97
"Sarah","2026-06-09 00:54:12","2026-06-03","2026-06-03T09:27:33Z",97
"Sarah","2026-06-09 00:54:12","2026-06-03","2026-06-03T09:26:33Z",97
"Sarah","2026-06-09 00:54:12","2026-06-03","2026-06-03T09:25:33Z",96.9
"Sarah","2026-06-09 00:54:12","2026-06-03","2026-06-03T09:24:33Z",97
"Sarah","2026-06-09 00:54:12","2026-06-03","2026-06-03T09:23:33Z",97.1
"Sarah","2026-06-09 00:54:12","2026-06-03","2026-06-03T09:22:33Z",97
"Sarah","2026-06-09 00:54:12","2026-06-03","2026-06-03T09:21:33Z",96.5
"Sarah","2026-06-09 00:54:12","2026-06-03","2026-06-03T09:20:33Z",50
"Sarah","2026-06-09 00:54:12","2026-06-03","2026-06-03T09:19:33Z",96.4
"Sarah","2026-06-09 00:54:12","2026-06-03","2026-06-03T09:18:33Z",95.9
"Sarah","2026-06-09 00:54:12","2026-06-03","2026-06-03T09:17:33Z",96
"Sarah","2026-06-09 00:54:12","2026-06-03","2026-06-03T09:16:33Z",96.1
"Sarah","2026-06-09 00:54:12","2026-06-03","2026-06-03T09:15:33Z",96
"Sarah","2026-06-09 00:54:12","2026-06-03","2026-06-03T09:14:33Z",96.2
"Sarah","2026-06-09 00:54:12","2026-06-03","2026-06-03T09:13:33Z",96.2
"Sarah","2026-06-09 00:54:12","2026-06-03","2026-06-03T09:12:33Z",96.2
"Sarah","2026-06-09 00:54:12","2026-06-03","2026-06-03T09:11:33Z",96.1
"Sarah","2026-06-09 00:54:12","2026-06-03","2026-06-03T09:10:33Z",96
"Sarah","2026-06-09 00:54:12","2026-06-03","2026-06-03T09:09:33Z",96.1
"Sarah","2026-06-09 00:54:12","2026-06-03","2026-06-03T09:08:33Z",96.1
"Sarah","2026-06-09 00:54:12","2026-06-03","2026-06-03T09:07:33Z",96.3
"Sarah","2026-06-09 00:54:12","2026-06-03","2026-06-03T09:06:33Z",96.3
"Sarah","2026-06-09 00:54:12","2026-06-03","2026-06-03T09:05:33Z",96.5
"Sarah","2026-06-09 00:54:12","2026-06-03","2026-06-03T09:04:33Z",96.6
"Sarah","2026-06-09 00:54:12","2026-06-03","2026-06-03T09:03:33Z",96.7
"Sarah","2026-06-09 00:54:12","2026-06-03","2026-06-03T09:02:33Z",96.8
"Sarah","2026-06-09 00:54:12","2026-06-03","2026-06-03T09:01:33Z",97.1
"Sarah","2026-06-09 00:54:12","2026-06-03","2026-06-03T09:00:33Z",97.2
"Sarah","2026-06-09 00:54:12","2026-06-03","2026-06-03T08:59:33Z",97.2
"Sarah","2026-06-09 00:54:12","2026-06-03","2026-06-03T08:58:33Z",97.2
"Sarah","2026-06-09 00:54:12","2026-06-03","2026-06-03T08:57:33Z",97.2
"Sarah","2026-06-09 00:54:12","2026-06-03","2026-06-03T08:56:33Z",96.8
"Sarah","2026-06-09 00:54:12","2026-06-03","2026-06-03T08:55:33Z",50
"Sarah","2026-06-09 00:54:12","2026-06-03","2026-06-03T08:54:33Z",96.4
"Sarah","2026-06-09 00:54:12","2026-06-03","2026-06-03T08:53:33Z",96.5
"Sarah","2026-06-09 00:54:12","2026-06-03","2026-06-03T08:52:33Z",96.4
"Sarah","2026-06-09 00:54:12","2026-06-03","2026-06-03T08:51:33Z",96.4
"Sarah","2026-06-09 00:54:12","2026-06-03","2026-06-03T08:50:33Z",96.3
"Sarah","2026-06-09 00:54:12","2026-06-03","2026-06-03T08:49:33Z",96.2
"Sarah","2026-06-09 00:54:12","2026-06-03","2026-06-03T08:48:33Z",96.1
"Sarah","2026-06-09 00:54:12","2026-06-03","2026-06-03T08:47:33Z",96.1
"Sarah","2026-06-09 00:54:12","2026-06-03","2026-06-03T08:46:33Z",96
"Sarah","2026-06-09 00:54:12","2026-06-03","2026-06-03T08:45:33Z",96.1
"Sarah","2026-06-09 00:54:12","2026-06-03","2026-06-03T08:44:33Z",95.9
"Sarah","2026-06-09 00:54:12","2026-06-03","2026-06-03T08:43:33Z",95.8
"Sarah","2026-06-09 00:54:12","2026-06-03","2026-06-03T08:42:33Z",95.7
"Sarah","2026-06-09 00:54:12","2026-06-03","2026-06-03T08:41:33Z",95.6
"Sarah","2026-06-09 00:54:12","2026-06-03","2026-06-03T08:40:33Z",95.5
"Sarah","2026-06-09 00:54:12","2026-06-03","2026-06-03T08:39:33Z",95.4
"Sarah","2026-06-09 00:54:12","2026-06-03","2026-06-03T08:38:33Z",95.2
"Sarah","2026-06-09 00:54:12","2026-06-03","2026-06-03T08:37:33Z",95.1
"Sarah","2026-06-09 00:54:12","2026-06-03","2026-06-03T08:36:33Z",95
"Sarah","2026-06-09 00:54:12","2026-06-03","2026-06-03T08:35:33Z",94.9
"Sarah","2026-06-09 00:54:12","2026-06-03","2026-06-03T08:34:33Z",94.8
"Sarah","2026-06-09 00:54:12","2026-06-03","2026-06-03T08:33:33Z",94.7
"Sarah","2026-06-09 00:54:12","2026-06-03","2026-06-03T08:32:33Z",50
"Sarah","2026-06-09 00:54:12","2026-06-03","2026-06-03T08:31:33Z",94.7
"Sarah","2026-06-09 00:54:12","2026-06-03","2026-06-03T08:30:33Z",94.7
"Sarah","2026-06-09 00:54:12","2026-06-03","2026-06-03T08:29:33Z",94.7
"Sarah","2026-06-09 00:54:12","2026-06-03","2026-06-03T08:28:33Z",94.7
"Sarah","2026-06-09 00:54:12","2026-06-03","2026-06-03T08:27:33Z",94.7
"Sarah","2026-06-09 00:54:12","2026-06-03","2026-06-03T08:26:33Z",94.6
"Sarah","2026-06-09 00:54:12","2026-06-03","2026-06-03T08:25:33Z",94.8
"Sarah","2026-06-09 00:54:12","2026-06-03","2026-06-03T08:24:33Z",94.8
"Sarah","2026-06-09 00:54:12","2026-06-03","2026-06-03T08:23:33Z",94.7
"Sarah","2026-06-09 00:54:12","2026-06-03","2026-06-03T08:22:33Z",94.7
"Sarah","2026-06-09 00:54:12","2026-06-03","2026-06-03T08:21:33Z",94.7
"Sarah","2026-06-09 00:54:12","2026-06-03","2026-06-03T08:20:33Z",94.7
"Sarah","2026-06-09 00:54:12","2026-06-03","2026-06-03T08:19:33Z",94.7
"Sarah","2026-06-09 00:54:12","2026-06-03","2026-06-03T08:18:33Z",94.9
"Sarah","2026-06-09 00:54:12","2026-06-03","2026-06-03T08:17:33Z",50
"Sarah","2026-06-09 00:54:12","2026-06-03","2026-06-03T08:16:33Z",50
"Sarah","2026-06-09 00:54:12","2026-06-03","2026-06-03T08:15:33Z",94.9
"Sarah","2026-06-09 00:54:12","2026-06-03","2026-06-03T08:14:33Z",94.7
"Sarah","2026-06-09 00:54:12","2026-06-03","2026-06-03T08:13:33Z",94.8
"Sarah","2026-06-09 00:54:12","2026-06-03","2026-06-03T08:12:33Z",94.9
"Sarah","2026-06-09 00:54:12","2026-06-03","2026-06-03T08:11:33Z",94.9
"Sarah","2026-06-09 00:54:12","2026-06-03","2026-06-03T08:10:33Z",95
"Sarah","2026-06-09 00:54:12","2026-06-03","2026-06-03T08:09:33Z",95
"Sarah","2026-06-09 00:54:12","2026-06-03","2026-06-03T08:08:33Z",94.8
"Sarah","2026-06-09 00:54:12","2026-06-03","2026-06-03T08:07:33Z",94.6
"Sarah","2026-06-09 00:54:12","2026-06-03","2026-06-03T08:06:33Z",94.1
"Sarah","2026-06-09 00:54:12","2026-06-03","2026-06-03T08:05:33Z",94.6
"Sarah","2026-06-09 00:54:12","2026-06-03","2026-06-03T08:04:33Z",94.7
"Sarah","2026-06-09 00:54:12","2026-06-03","2026-06-03T08:03:33Z",94.6
"Sarah","2026-06-09 00:54:12","2026-06-03","2026-06-03T08:02:33Z",94.6
"Sarah","2026-06-09 00:54:12","2026-06-03","2026-06-03T08:01:33Z",94.3
"Sarah","2026-06-09 00:54:12","2026-06-03","2026-06-03T08:00:33Z",94.2
"Sarah","2026-06-09 00:54:12","2026-06-03","2026-06-03T07:59:33Z",94.2
"Sarah","2026-06-09 00:54:12","2026-06-03","2026-06-03T07:58:33Z",94.1
"Sarah","2026-06-09 00:54:12","2026-06-03","2026-06-03T07:57:33Z",94.4
"Sarah","2026-06-09 00:54:12","2026-06-03","2026-06-03T07:56:33Z",94.2
"Sarah","2026-06-09 00:54:12","2026-06-03","2026-06-03T07:55:33Z",94.4
"Sarah","2026-06-09 00:54:12","2026-06-03","2026-06-03T07:54:33Z",50
"Sarah","2026-06-09 00:54:12","2026-06-03","2026-06-03T07:53:33Z",94.2
"Sarah","2026-06-09 00:54:12","2026-06-03","2026-06-03T07:52:33Z",94.3
"Sarah","2026-06-09 00:54:12","2026-06-03","2026-06-03T07:51:33Z",94.1
"Sarah","2026-06-09 00:54:12","2026-06-03","2026-06-03T07:50:33Z",50
"Sarah","2026-06-09 00:54:12","2026-06-03","2026-06-03T07:49:33Z",94.1
"Sarah","2026-06-09 00:54:12","2026-06-03","2026-06-03T07:48:33Z",94.1
"Sarah","2026-06-09 00:54:12","2026-06-03","2026-06-03T07:47:33Z",94.2
"Sarah","2026-06-09 00:54:12","2026-06-03","2026-06-03T07:46:33Z",50
"Sarah","2026-06-09 00:54:12","2026-06-03","2026-06-03T07:45:33Z",50
"Sarah","2026-06-09 00:54:12","2026-06-03","2026-06-03T07:44:33Z",50
"Sarah","2026-06-09 00:54:12","2026-06-03","2026-06-03T07:43:33Z",50
"Sarah","2026-06-09 00:54:12","2026-06-03","2026-06-03T07:42:33Z",50
"Sarah","2026-06-09 00:54:12","2026-06-03","2026-06-03T07:41:33Z",93.6
"Sarah","2026-06-09 00:54:12","2026-06-03","2026-06-03T07:40:33Z",93.5
"Sarah","2026-06-09 00:54:12","2026-06-03","2026-06-03T07:39:33Z",93.5
"Sarah","2026-06-09 00:54:12","2026-06-03","2026-06-03T07:38:33Z",93.5
"Sarah","2026-06-09 00:54:12","2026-06-03","2026-06-03T07:37:33Z",93.6
"Sarah","2026-06-09 00:54:12","2026-06-03","2026-06-03T07:36:33Z",93.5
"Sarah","2026-06-09 00:54:12","2026-06-03","2026-06-03T07:35:33Z",93.5
"Sarah","2026-06-09 00:54:12","2026-06-03","2026-06-03T07:34:33Z",93.6
"Sarah","2026-06-09 00:54:12","2026-06-03","2026-06-03T07:33:33Z",93.6
"Sarah","2026-06-09 00:54:12","2026-06-03","2026-06-03T07:32:33Z",93.7
"Sarah","2026-06-09 00:54:12","2026-06-03","2026-06-03T07:31:33Z",93.6
"Sarah","2026-06-09 00:54:12","2026-06-03","2026-06-03T07:30:33Z",93.8
"Sarah","2026-06-09 00:54:12","2026-06-03","2026-06-03T07:29:33Z",94.2
"Sarah","2026-06-09 00:54:12","2026-06-03","2026-06-03T07:28:33Z",94.5
"Sarah","2026-06-09 00:54:12","2026-06-03","2026-06-03T07:27:33Z",95
"Sarah","2026-06-09 00:54:12","2026-06-03","2026-06-03T07:26:33Z",95
"Sarah","2026-06-09 00:54:12","2026-06-03","2026-06-03T07:25:33Z",95.2
"Sarah","2026-06-09 00:54:12","2026-06-03","2026-06-03T07:24:33Z",50
"Sarah","2026-06-09 00:54:12","2026-06-03","2026-06-03T07:23:33Z",95.1
"Sarah","2026-06-09 00:54:12","2026-06-03","2026-06-03T07:22:33Z",95.2
"Sarah","2026-06-09 00:54:12","2026-06-03","2026-06-03T07:21:33Z",95.2
"Sarah","2026-06-09 00:54:12","2026-06-03","2026-06-03T07:20:33Z",95.2
"Sarah","2026-06-09 00:54:12","2026-06-03","2026-06-03T07:19:33Z",95.2
"Sarah","2026-06-09 00:54:12","2026-06-03","2026-06-03T07:18:33Z",95.1
"Sarah","2026-06-09 00:54:12","2026-06-03","2026-06-03T07:17:33Z",95.1
"Sarah","2026-06-09 00:54:12","2026-06-03","2026-06-03T07:16:33Z",95.1
"Sarah","2026-06-09 00:54:12","2026-06-03","2026-06-03T07:15:33Z",95.1
"Sarah","2026-06-09 00:54:12","2026-06-03","2026-06-03T07:14:33Z",95.2
"Sarah","2026-06-09 00:54:12","2026-06-03","2026-06-03T07:13:33Z",95.2
"Sarah","2026-06-09 00:54:12","2026-06-03","2026-06-03T07:12:33Z",95.2
"Sarah","2026-06-09 00:54:12","2026-06-03","2026-06-03T07:11:33Z",95.2
"Sarah","2026-06-09 00:54:12","2026-06-03","2026-06-03T07:10:33Z",95.2
"Sarah","2026-06-09 00:54:12","2026-06-03","2026-06-03T07:09:33Z",95.3
"Sarah","2026-06-09 00:54:12","2026-06-03","2026-06-03T07:08:33Z",95.3
"Sarah","2026-06-09 00:54:12","2026-06-03","2026-06-03T07:07:33Z",95.3
"Sarah","2026-06-09 00:54:12","2026-06-03","2026-06-03T07:06:33Z",95.3
"Sarah","2026-06-09 00:54:12","2026-06-03","2026-06-03T07:05:33Z",95.3
"Sarah","2026-06-09 00:54:12","2026-06-03","2026-06-03T07:04:33Z",95.2
"Sarah","2026-06-09 00:54:12","2026-06-03","2026-06-03T07:03:33Z",95.3
"Sarah","2026-06-09 00:54:12","2026-06-03","2026-06-03T07:02:33Z",95.2
"Sarah","2026-06-09 00:54:12","2026-06-03","2026-06-03T07:01:33Z",95.3
"Sarah","2026-06-09 00:54:12","2026-06-03","2026-06-03T07:00:33Z",95.3
"Sarah","2026-06-09 00:54:12","2026-06-03","2026-06-03T06:59:33Z",95.2
"Sarah","2026-06-09 00:54:12","2026-06-03","2026-06-03T06:58:33Z",95
"Sarah","2026-06-09 00:54:12","2026-06-03","2026-06-03T06:57:33Z",95
"Sarah","2026-06-09 00:54:12","2026-06-03","2026-06-03T06:56:33Z",95
"Sarah","2026-06-09 00:54:12","2026-06-03","2026-06-03T06:55:33Z",94.9
"Sarah","2026-06-09 00:54:12","2026-06-03","2026-06-03T06:54:33Z",94.8
"Sarah","2026-06-09 00:54:12","2026-06-03","2026-06-03T06:53:33Z",94.8
"Sarah","2026-06-09 00:54:12","2026-06-03","2026-06-03T06:52:33Z",94.5
"Sarah","2026-06-09 00:54:12","2026-06-03","2026-06-03T06:51:33Z",50
"Sarah","2026-06-09 00:54:12","2026-06-03","2026-06-03T06:50:33Z",50
"Sarah","2026-06-09 00:54:12","2026-06-03","2026-06-03T06:49:33Z",94.5
"Sarah","2026-06-09 00:54:12","2026-06-03","2026-06-03T06:48:33Z",95
"Sarah","2026-06-09 00:54:12","2026-06-03","2026-06-03T06:47:33Z",95.9
"Sarah","2026-06-09 00:54:12","2026-06-03","2026-06-03T06:46:33Z",50
"Sarah","2026-06-09 00:54:12","2026-06-03","2026-06-03T06:45:33Z",95.8
"Sarah","2026-06-09 00:54:12","2026-06-03","2026-06-03T06:44:33Z",50
"Sarah","2026-06-09 00:54:12","2026-06-03","2026-06-03T06:43:33Z",95.5
"Sarah","2026-06-09 00:54:12","2026-06-03","2026-06-03T06:42:33Z",50
"Sarah","2026-06-09 00:54:12","2026-06-03","2026-06-03T06:41:33Z",95
"Sarah","2026-06-09 00:54:12","2026-06-03","2026-06-03T06:40:33Z",94.9
"Sarah","2026-06-09 00:54:12","2026-06-03","2026-06-03T06:39:33Z",94.9
"Sarah","2026-06-09 00:54:12","2026-06-03","2026-06-03T06:38:33Z",95
"Sarah","2026-06-09 00:54:12","2026-06-03","2026-06-03T06:37:33Z",94.9
"Sarah","2026-06-09 00:54:12","2026-06-03","2026-06-03T06:36:33Z",94.9
"Sarah","2026-06-09 00:54:12","2026-06-03","2026-06-03T06:35:33Z",95.1
"Sarah","2026-06-09 00:54:12","2026-06-03","2026-06-03T06:34:33Z",95.2
"Sarah","2026-06-09 00:54:12","2026-06-03","2026-06-03T06:33:33Z",95.1
"Sarah","2026-06-09 00:54:12","2026-06-03","2026-06-03T06:32:33Z",95.2
"Sarah","2026-06-09 00:54:12","2026-06-03","2026-06-03T06:31:33Z",95.2
"Sarah","2026-06-09 00:54:12","2026-06-03","2026-06-03T06:30:33Z",95.3
"Sarah","2026-06-09 00:54:12","2026-06-03","2026-06-03T06:29:33Z",95.3
"Sarah","2026-06-09 00:54:12","2026-06-03","2026-06-03T06:28:33Z",95.3
"Sarah","2026-06-09 00:54:12","2026-06-03","2026-06-03T06:27:33Z",95.3
"Sarah","2026-06-09 00:54:12","2026-06-03","2026-06-03T06:26:33Z",95.2
"Sarah","2026-06-09 00:54:12","2026-06-03","2026-06-03T06:25:33Z",95.2
"Sarah","2026-06-09 00:54:12","2026-06-03","2026-06-03T06:24:33Z",50
"Sarah","2026-06-09 00:54:12","2026-06-03","2026-06-03T06:23:33Z",95.2
"Sarah","2026-06-09 00:54:12","2026-06-03","2026-06-03T06:22:33Z",95.2
"Sarah","2026-06-09 00:54:12","2026-06-03","2026-06-03T06:21:33Z",95.1
"Sarah","2026-06-09 00:54:12","2026-06-03","2026-06-03T06:20:33Z",95.2
"Sarah","2026-06-09 00:54:12","2026-06-03","2026-06-03T06:19:33Z",95.2
"Sarah","2026-06-09 00:54:12","2026-06-03","2026-06-03T06:18:33Z",95.1
"Sarah","2026-06-09 00:54:12","2026-06-03","2026-06-03T06:17:33Z",95
"Sarah","2026-06-09 00:54:12","2026-06-03","2026-06-03T06:16:33Z",95.2
"Sarah","2026-06-09 00:54:12","2026-06-03","2026-06-03T06:15:33Z",95
"Sarah","2026-06-09 00:54:12","2026-06-03","2026-06-03T06:14:33Z",94.9
"Sarah","2026-06-09 00:54:12","2026-06-03","2026-06-03T06:13:33Z",95.1
"Sarah","2026-06-09 00:54:12","2026-06-03","2026-06-03T06:12:33Z",95.1
"Sarah","2026-06-09 00:54:12","2026-06-03","2026-06-03T06:11:33Z",94.9
"Sarah","2026-06-09 00:54:12","2026-06-03","2026-06-03T06:10:33Z",95
"Sarah","2026-06-09 00:54:12","2026-06-03","2026-06-03T06:09:33Z",94.8
"Sarah","2026-06-09 00:54:12","2026-06-03","2026-06-03T06:08:33Z",94.9
"Sarah","2026-06-09 00:54:12","2026-06-03","2026-06-03T06:07:33Z",94.7
"Sarah","2026-06-09 00:54:12","2026-06-03","2026-06-03T06:06:33Z",94.5
"Sarah","2026-06-09 00:54:12","2026-06-03","2026-06-03T06:05:33Z",94.4
"Sarah","2026-06-09 00:54:12","2026-06-03","2026-06-03T06:04:33Z",94.4
"Sarah","2026-06-09 00:54:12","2026-06-03","2026-06-03T06:03:33Z",94.2
"Sarah","2026-06-09 00:54:12","2026-06-03","2026-06-03T06:02:33Z",94.1
"Sarah","2026-06-09 00:54:12","2026-06-03","2026-06-03T06:01:33Z",94.1
"Sarah","2026-06-09 00:54:12","2026-06-03","2026-06-03T06:00:33Z",94.1
"Sarah","2026-06-09 00:54:12","2026-06-03","2026-06-03T05:59:33Z",94.2
"Sarah","2026-06-09 00:54:12","2026-06-03","2026-06-03T05:58:33Z",94
"Sarah","2026-06-09 00:54:12","2026-06-03","2026-06-03T05:57:33Z",93.9
"Sarah","2026-06-09 00:54:12","2026-06-03","2026-06-03T05:56:33Z",93.6
"Sarah","2026-06-09 00:54:12","2026-06-03","2026-06-03T05:55:33Z",50
"Sarah","2026-06-09 00:54:12","2026-06-03","2026-06-03T05:54:33Z",93.1
"Sarah","2026-06-09 00:54:12","2026-06-03","2026-06-03T05:53:33Z",93.1
"Sarah","2026-06-09 00:54:12","2026-06-03","2026-06-03T05:52:33Z",93.1
"Sarah","2026-06-09 00:54:12","2026-06-03","2026-06-03T05:51:33Z",93.4
"Sarah","2026-06-09 00:54:12","2026-06-03","2026-06-03T05:50:33Z",93.8
"Sarah","2026-06-09 00:54:12","2026-06-03","2026-06-03T05:49:33Z",94.3
"Sarah","2026-06-09 00:54:12","2026-06-03","2026-06-03T05:48:33Z",50
"Sarah","2026-06-09 00:54:12","2026-06-03","2026-06-03T05:47:33Z",94.6
"Sarah","2026-06-09 00:54:12","2026-06-03","2026-06-03T05:46:33Z",94.5
"Sarah","2026-06-09 00:54:12","2026-06-03","2026-06-03T05:45:33Z",94.6
"Sarah","2026-06-09 00:54:12","2026-06-03","2026-06-03T05:44:33Z",94.6
"Sarah","2026-06-09 00:54:12","2026-06-03","2026-06-03T05:43:33Z",94.6
"Sarah","2026-06-09 00:54:12","2026-06-03","2026-06-03T05:42:33Z",94.6
"Sarah","2026-06-09 00:54:12","2026-06-03","2026-06-03T05:41:33Z",94.6
"Sarah","2026-06-09 00:54:12","2026-06-03","2026-06-03T05:40:33Z",94.7
"Sarah","2026-06-09 00:54:12","2026-06-03","2026-06-03T05:39:33Z",94.7
"Sarah","2026-06-09 00:54:12","2026-06-03","2026-06-03T05:38:33Z",94.7
"Sarah","2026-06-09 00:54:12","2026-06-03","2026-06-03T05:37:33Z",94.7
"Sarah","2026-06-09 00:54:12","2026-06-03","2026-06-03T05:36:33Z",94.8
"Sarah","2026-06-09 00:54:12","2026-06-03","2026-06-03T05:35:33Z",94.8
"Sarah","2026-06-09 00:54:12","2026-06-03","2026-06-03T05:34:33Z",94.8
"Sarah","2026-06-09 00:54:12","2026-06-03","2026-06-03T05:33:33Z",94.9
"Sarah","2026-06-09 00:54:12","2026-06-03","2026-06-03T05:32:33Z",94.9
"Sarah","2026-06-09 00:54:12","2026-06-03","2026-06-03T05:31:33Z",94.9
"Sarah","2026-06-09 00:54:12","2026-06-03","2026-06-03T05:30:33Z",94.9
"Sarah","2026-06-09 00:54:12","2026-06-03","2026-06-03T05:29:33Z",94.9
"Sarah","2026-06-09 00:54:12","2026-06-03","2026-06-03T05:28:33Z",94.9
"Sarah","2026-06-09 00:54:12","2026-06-03","2026-06-03T05:27:33Z",94.9
"Sarah","2026-06-09 00:54:12","2026-06-03","2026-06-03T05:26:33Z",95
"Sarah","2026-06-09 00:54:12","2026-06-03","2026-06-03T05:25:33Z",95
"Sarah","2026-06-09 00:54:12","2026-06-03","2026-06-03T05:24:33Z",95
"Sarah","2026-06-09 00:54:12","2026-06-03","2026-06-03T05:23:33Z",95
"Sarah","2026-06-09 00:54:12","2026-06-03","2026-06-03T05:22:33Z",94.9
"Sarah","2026-06-09 00:54:12","2026-06-03","2026-06-03T05:21:33Z",94.9
"Sarah","2026-06-09 00:54:12","2026-06-03","2026-06-03T05:20:33Z",94.6
"Sarah","2026-06-09 00:54:12","2026-06-03","2026-06-03T05:19:33Z",94.2
"Sarah","2026-06-09 00:54:12","2026-06-03","2026-06-03T05:18:33Z",93.3
"Sarah","2026-06-09 00:54:12","2026-06-03","2026-06-03T05:17:33Z",92
"Sarah","2026-06-09 00:54:12","2026-06-03","2026-06-03T05:16:33Z",89.9
"Sarah","2026-06-09 00:54:12","2026-06-03","2026-06-03T05:14:34Z",95.7
"Sarah","2026-06-09 00:54:12","2026-06-03","2026-06-03T05:13:34Z",95.4
"Sarah","2026-06-09 00:54:12","2026-06-03","2026-06-03T05:12:34Z",95.1
"Sarah","2026-06-09 00:54:12","2026-06-03","2026-06-03T05:11:34Z",94.5
"Sarah","2026-06-09 00:54:12","2026-06-03","2026-06-03T05:10:34Z",50
"Sarah","2026-06-09 00:54:12","2026-06-03","2026-06-03T05:09:34Z",93.8
"Sarah","2026-06-09 01:05:03","2026-06-04","2026-06-04T15:52:33Z",50
"Sarah","2026-06-09 01:05:03","2026-06-04","2026-06-04T15:51:33Z",50
"Sarah","2026-06-09 01:05:03","2026-06-04","2026-06-04T15:50:33Z",50
"Sarah","2026-06-09 01:05:03","2026-06-04","2026-06-04T15:49:33Z",50
"Sarah","2026-06-09 01:05:03","2026-06-04","2026-06-04T15:48:33Z",50
"Sarah","2026-06-09 01:05:03","2026-06-04","2026-06-04T15:47:33Z",50
"Sarah","2026-06-09 01:05:03","2026-06-04","2026-06-04T15:46:33Z",50
"Sarah","2026-06-09 01:05:03","2026-06-04","2026-06-04T15:45:33Z",50
"Sarah","2026-06-09 01:05:03","2026-06-04","2026-06-04T15:44:33Z",50
"Sarah","2026-06-09 01:05:03","2026-06-04","2026-06-04T15:43:33Z",94.2
"Sarah","2026-06-09 01:05:03","2026-06-04","2026-06-04T15:42:33Z",50
"Sarah","2026-06-09 01:05:03","2026-06-04","2026-06-04T15:41:33Z",50
"Sarah","2026-06-09 01:05:03","2026-06-04","2026-06-04T15:40:33Z",50
"Sarah","2026-06-09 01:05:03","2026-06-04","2026-06-04T15:39:33Z",50
"Sarah","2026-06-09 01:05:03","2026-06-04","2026-06-04T15:38:33Z",50
"Sarah","2026-06-09 01:05:03","2026-06-04","2026-06-04T15:37:33Z",94.1
"Sarah","2026-06-09 01:05:03","2026-06-04","2026-06-04T15:36:33Z",94.1
"Sarah","2026-06-09 01:05:03","2026-06-04","2026-06-04T15:35:33Z",94
"Sarah","2026-06-09 01:05:03","2026-06-04","2026-06-04T15:34:33Z",94.2
"Sarah","2026-06-09 01:05:03","2026-06-04","2026-06-04T15:33:33Z",94.2
"Sarah","2026-06-09 01:05:03","2026-06-04","2026-06-04T15:32:33Z",94.3
"Sarah","2026-06-09 01:05:03","2026-06-04","2026-06-04T15:31:33Z",94.5
"Sarah","2026-06-09 01:05:03","2026-06-04","2026-06-04T15:30:33Z",94.5
"Sarah","2026-06-09 01:05:03","2026-06-04","2026-06-04T15:29:33Z",94.6
"Sarah","2026-06-09 01:05:03","2026-06-04","2026-06-04T15:28:33Z",94.8
"Sarah","2026-06-09 01:05:03","2026-06-04","2026-06-04T15:27:33Z",50
"Sarah","2026-06-09 01:05:03","2026-06-04","2026-06-04T15:26:33Z",94.7
"Sarah","2026-06-09 01:05:03","2026-06-04","2026-06-04T15:25:33Z",50
"Sarah","2026-06-09 01:05:03","2026-06-04","2026-06-04T15:24:33Z",94.2
"Sarah","2026-06-09 01:05:03","2026-06-04","2026-06-04T15:23:33Z",94.1
"Sarah","2026-06-09 01:05:03","2026-06-04","2026-06-04T15:22:33Z",93.9
"Sarah","2026-06-09 01:05:03","2026-06-04","2026-06-04T15:21:33Z",93.3
"Sarah","2026-06-09 01:05:03","2026-06-04","2026-06-04T15:20:33Z",92.7
"Sarah","2026-06-09 01:05:03","2026-06-04","2026-06-04T15:19:33Z",93.1
"Sarah","2026-06-09 01:05:03","2026-06-04","2026-06-04T15:18:33Z",94.5
"Sarah","2026-06-09 01:05:03","2026-06-04","2026-06-04T15:17:33Z",95.1
"Sarah","2026-06-09 01:05:03","2026-06-04","2026-06-04T15:16:33Z",95.3
"Sarah","2026-06-09 01:05:03","2026-06-04","2026-06-04T15:15:33Z",95.6
"Sarah","2026-06-09 01:05:03","2026-06-04","2026-06-04T15:14:33Z",50
"Sarah","2026-06-09 01:05:03","2026-06-04","2026-06-04T15:13:33Z",96
"Sarah","2026-06-09 01:05:03","2026-06-04","2026-06-04T15:12:33Z",96
"Sarah","2026-06-09 01:05:03","2026-06-04","2026-06-04T15:11:33Z",95.9
"Sarah","2026-06-09 01:05:03","2026-06-04","2026-06-04T15:10:33Z",95.8
"Sarah","2026-06-09 01:05:03","2026-06-04","2026-06-04T15:09:33Z",95.8
"Sarah","2026-06-09 01:05:03","2026-06-04","2026-06-04T15:08:33Z",95.6
"Sarah","2026-06-09 01:05:03","2026-06-04","2026-06-04T15:07:33Z",95.6
"Sarah","2026-06-09 01:05:03","2026-06-04","2026-06-04T15:06:33Z",95.7
"Sarah","2026-06-09 01:05:03","2026-06-04","2026-06-04T15:05:33Z",95.6
"Sarah","2026-06-09 01:05:03","2026-06-04","2026-06-04T15:04:33Z",95.6
"Sarah","2026-06-09 01:05:03","2026-06-04","2026-06-04T15:03:33Z",95.7
"Sarah","2026-06-09 01:05:03","2026-06-04","2026-06-04T15:02:33Z",95.6
"Sarah","2026-06-09 01:05:03","2026-06-04","2026-06-04T15:01:33Z",95.6
"Sarah","2026-06-09 01:05:03","2026-06-04","2026-06-04T15:00:33Z",95.7
"Sarah","2026-06-09 01:05:03","2026-06-04","2026-06-04T14:59:33Z",95.5
"Sarah","2026-06-09 01:05:03","2026-06-04","2026-06-04T14:58:33Z",95.4
"Sarah","2026-06-09 01:05:03","2026-06-04","2026-06-04T14:57:33Z",95.4
"Sarah","2026-06-09 01:05:03","2026-06-04","2026-06-04T14:56:33Z",95.5
"Sarah","2026-06-09 01:05:03","2026-06-04","2026-06-04T14:55:33Z",95.5
"Sarah","2026-06-09 01:05:03","2026-06-04","2026-06-04T14:54:33Z",95.5
"Sarah","2026-06-09 01:05:03","2026-06-04","2026-06-04T14:53:33Z",95.6
"Sarah","2026-06-09 01:05:03","2026-06-04","2026-06-04T14:52:33Z",95.5
"Sarah","2026-06-09 01:05:03","2026-06-04","2026-06-04T14:51:33Z",95.4
"Sarah","2026-06-09 01:05:03","2026-06-04","2026-06-04T14:50:33Z",95.4
"Sarah","2026-06-09 01:05:03","2026-06-04","2026-06-04T14:49:33Z",95.3
"Sarah","2026-06-09 01:05:03","2026-06-04","2026-06-04T14:48:33Z",95.3
"Sarah","2026-06-09 01:05:03","2026-06-04","2026-06-04T14:47:33Z",95.3
"Sarah","2026-06-09 01:05:03","2026-06-04","2026-06-04T14:46:33Z",95.3
"Sarah","2026-06-09 01:05:03","2026-06-04","2026-06-04T14:45:33Z",95.5
"Sarah","2026-06-09 01:05:03","2026-06-04","2026-06-04T14:44:33Z",95.5
"Sarah","2026-06-09 01:05:03","2026-06-04","2026-06-04T14:43:33Z",95.6
"Sarah","2026-06-09 01:05:03","2026-06-04","2026-06-04T14:42:33Z",95.6
"Sarah","2026-06-09 01:05:03","2026-06-04","2026-06-04T14:41:33Z",95.6
"Sarah","2026-06-09 01:05:03","2026-06-04","2026-06-04T14:40:33Z",95.9
"Sarah","2026-06-09 01:05:03","2026-06-04","2026-06-04T14:39:33Z",95.5
"Sarah","2026-06-09 01:05:03","2026-06-04","2026-06-04T14:38:33Z",95.6
"Sarah","2026-06-09 01:05:03","2026-06-04","2026-06-04T14:37:33Z",95.4
"Sarah","2026-06-09 01:05:03","2026-06-04","2026-06-04T14:36:33Z",95.5
"Sarah","2026-06-09 01:05:03","2026-06-04","2026-06-04T14:35:33Z",95.6
"Sarah","2026-06-09 01:05:03","2026-06-04","2026-06-04T14:34:33Z",95.5
"Sarah","2026-06-09 01:05:03","2026-06-04","2026-06-04T14:33:33Z",95.7
"Sarah","2026-06-09 01:05:03","2026-06-04","2026-06-04T14:32:33Z",50
"Sarah","2026-06-09 01:05:03","2026-06-04","2026-06-04T14:31:33Z",95.7
"Sarah","2026-06-09 01:05:03","2026-06-04","2026-06-04T14:30:33Z",50
"Sarah","2026-06-09 01:05:03","2026-06-04","2026-06-04T14:29:33Z",95.8
"Sarah","2026-06-09 01:05:03","2026-06-04","2026-06-04T14:28:33Z",95.7
"Sarah","2026-06-09 01:05:03","2026-06-04","2026-06-04T14:27:33Z",95.7
"Sarah","2026-06-09 01:05:03","2026-06-04","2026-06-04T14:26:33Z",95.6
"Sarah","2026-06-09 01:05:03","2026-06-04","2026-06-04T14:25:33Z",95.6
"Sarah","2026-06-09 01:05:03","2026-06-04","2026-06-04T14:24:33Z",95.6
"Sarah","2026-06-09 01:05:03","2026-06-04","2026-06-04T14:23:33Z",95.6
"Sarah","2026-06-09 01:05:03","2026-06-04","2026-06-04T14:22:33Z",95.6
"Sarah","2026-06-09 01:05:03","2026-06-04","2026-06-04T14:21:33Z",95.6
"Sarah","2026-06-09 01:05:03","2026-06-04","2026-06-04T14:20:33Z",95.8
"Sarah","2026-06-09 01:05:03","2026-06-04","2026-06-04T14:19:33Z",95.7
"Sarah","2026-06-09 01:05:03","2026-06-04","2026-06-04T14:18:33Z",95.8
"Sarah","2026-06-09 01:05:03","2026-06-04","2026-06-04T14:17:33Z",50
"Sarah","2026-06-09 01:05:03","2026-06-04","2026-06-04T14:16:33Z",96.2
"Sarah","2026-06-09 01:05:03","2026-06-04","2026-06-04T14:15:33Z",95.9
"Sarah","2026-06-09 01:05:03","2026-06-04","2026-06-04T14:14:33Z",50
"Sarah","2026-06-09 01:05:03","2026-06-04","2026-06-04T14:13:33Z",95.8
"Sarah","2026-06-09 01:05:03","2026-06-04","2026-06-04T14:12:33Z",95.8
"Sarah","2026-06-09 01:05:03","2026-06-04","2026-06-04T14:11:33Z",95.8
"Sarah","2026-06-09 01:05:03","2026-06-04","2026-06-04T14:10:33Z",95.9
"Sarah","2026-06-09 01:05:03","2026-06-04","2026-06-04T14:09:33Z",95.9
"Sarah","2026-06-09 01:05:03","2026-06-04","2026-06-04T14:08:33Z",96
"Sarah","2026-06-09 01:05:03","2026-06-04","2026-06-04T14:07:33Z",95.9
"Sarah","2026-06-09 01:05:03","2026-06-04","2026-06-04T14:06:33Z",96
"Sarah","2026-06-09 01:05:03","2026-06-04","2026-06-04T14:05:33Z",96
"Sarah","2026-06-09 01:05:03","2026-06-04","2026-06-04T14:04:33Z",96.1
"Sarah","2026-06-09 01:05:03","2026-06-04","2026-06-04T14:03:33Z",50
"Sarah","2026-06-09 01:05:03","2026-06-04","2026-06-04T14:02:33Z",95.7
"Sarah","2026-06-09 01:05:03","2026-06-04","2026-06-04T14:01:33Z",95.8
"Sarah","2026-06-09 01:05:03","2026-06-04","2026-06-04T14:00:33Z",95.7
"Sarah","2026-06-09 01:05:03","2026-06-04","2026-06-04T13:59:33Z",95.8
"Sarah","2026-06-09 01:05:03","2026-06-04","2026-06-04T13:58:33Z",95.6
"Sarah","2026-06-09 01:05:03","2026-06-04","2026-06-04T13:57:33Z",50
"Sarah","2026-06-09 01:05:03","2026-06-04","2026-06-04T13:56:33Z",95.6
"Sarah","2026-06-09 01:05:03","2026-06-04","2026-06-04T13:55:33Z",95.7
"Sarah","2026-06-09 01:05:03","2026-06-04","2026-06-04T13:54:33Z",95.8
"Sarah","2026-06-09 01:05:03","2026-06-04","2026-06-04T13:53:33Z",96.1
"Sarah","2026-06-09 01:05:03","2026-06-04","2026-06-04T13:52:33Z",96.1
"Sarah","2026-06-09 01:05:03","2026-06-04","2026-06-04T13:51:33Z",96.1
"Sarah","2026-06-09 01:05:03","2026-06-04","2026-06-04T13:50:33Z",96.1
"Sarah","2026-06-09 01:05:03","2026-06-04","2026-06-04T13:49:33Z",95.9
"Sarah","2026-06-09 01:05:03","2026-06-04","2026-06-04T13:48:33Z",95.8
"Sarah","2026-06-09 01:05:03","2026-06-04","2026-06-04T13:47:33Z",96.1
"Sarah","2026-06-09 01:05:03","2026-06-04","2026-06-04T13:46:33Z",96.1
"Sarah","2026-06-09 01:05:03","2026-06-04","2026-06-04T13:45:33Z",95.9
"Sarah","2026-06-09 01:05:03","2026-06-04","2026-06-04T13:44:33Z",96
"Sarah","2026-06-09 01:05:03","2026-06-04","2026-06-04T13:43:33Z",95.8
"Sarah","2026-06-09 01:05:03","2026-06-04","2026-06-04T13:42:33Z",95.3
"Sarah","2026-06-09 01:05:03","2026-06-04","2026-06-04T13:41:33Z",94.8
"Sarah","2026-06-09 01:05:03","2026-06-04","2026-06-04T13:40:33Z",95.3
"Sarah","2026-06-09 01:05:03","2026-06-04","2026-06-04T13:39:33Z",95.1
"Sarah","2026-06-09 01:05:03","2026-06-04","2026-06-04T13:38:33Z",95.1
"Sarah","2026-06-09 01:05:03","2026-06-04","2026-06-04T13:37:33Z",95.1
"Sarah","2026-06-09 01:05:03","2026-06-04","2026-06-04T13:36:33Z",95.1
"Sarah","2026-06-09 01:05:03","2026-06-04","2026-06-04T13:35:33Z",50
"Sarah","2026-06-09 01:05:03","2026-06-04","2026-06-04T13:34:33Z",95.1
"Sarah","2026-06-09 01:05:03","2026-06-04","2026-06-04T13:33:33Z",95.1
"Sarah","2026-06-09 01:05:03","2026-06-04","2026-06-04T13:32:33Z",95.5
"Sarah","2026-06-09 01:05:03","2026-06-04","2026-06-04T13:31:33Z",50
"Sarah","2026-06-09 01:05:03","2026-06-04","2026-06-04T13:30:33Z",95.6
"Sarah","2026-06-09 01:05:03","2026-06-04","2026-06-04T13:29:33Z",95.6
"Sarah","2026-06-09 01:05:03","2026-06-04","2026-06-04T13:28:33Z",50
"Sarah","2026-06-09 01:05:03","2026-06-04","2026-06-04T13:27:33Z",95.5
"Sarah","2026-06-09 01:05:03","2026-06-04","2026-06-04T13:26:33Z",95.6
"Sarah","2026-06-09 01:05:03","2026-06-04","2026-06-04T13:25:33Z",96
"Sarah","2026-06-09 01:05:03","2026-06-04","2026-06-04T13:24:33Z",96.1
"Sarah","2026-06-09 01:05:03","2026-06-04","2026-06-04T13:23:33Z",50
"Sarah","2026-06-09 01:05:03","2026-06-04","2026-06-04T13:22:33Z",96.1
"Sarah","2026-06-09 01:05:03","2026-06-04","2026-06-04T13:21:33Z",96.2
"Sarah","2026-06-09 01:05:03","2026-06-04","2026-06-04T13:20:33Z",96.2
"Sarah","2026-06-09 01:05:03","2026-06-04","2026-06-04T13:19:33Z",96.2
"Sarah","2026-06-09 01:05:03","2026-06-04","2026-06-04T13:18:33Z",96.2
"Sarah","2026-06-09 01:05:03","2026-06-04","2026-06-04T13:17:33Z",96.2
"Sarah","2026-06-09 01:05:03","2026-06-04","2026-06-04T13:16:33Z",96.3
"Sarah","2026-06-09 01:05:03","2026-06-04","2026-06-04T13:15:33Z",96.4
"Sarah","2026-06-09 01:05:03","2026-06-04","2026-06-04T13:14:33Z",96.6
"Sarah","2026-06-09 01:05:03","2026-06-04","2026-06-04T13:13:33Z",96.7
"Sarah","2026-06-09 01:05:03","2026-06-04","2026-06-04T13:12:33Z",96.6
"Sarah","2026-06-09 01:05:03","2026-06-04","2026-06-04T13:11:33Z",96.6
"Sarah","2026-06-09 01:05:03","2026-06-04","2026-06-04T13:10:33Z",96.3
"Sarah","2026-06-09 01:05:03","2026-06-04","2026-06-04T13:09:33Z",96.1
"Sarah","2026-06-09 01:05:03","2026-06-04","2026-06-04T13:08:33Z",96
"Sarah","2026-06-09 01:05:03","2026-06-04","2026-06-04T13:07:33Z",95.8
"Sarah","2026-06-09 01:05:03","2026-06-04","2026-06-04T13:06:33Z",95.7
"Sarah","2026-06-09 01:05:03","2026-06-04","2026-06-04T13:05:33Z",95.6
"Sarah","2026-06-09 01:05:03","2026-06-04","2026-06-04T13:04:33Z",95.4
"Sarah","2026-06-09 01:05:03","2026-06-04","2026-06-04T13:03:33Z",95.2
"Sarah","2026-06-09 01:05:03","2026-06-04","2026-06-04T13:02:33Z",95.1
"Sarah","2026-06-09 01:05:03","2026-06-04","2026-06-04T13:01:33Z",94.7
"Sarah","2026-06-09 01:05:03","2026-06-04","2026-06-04T13:00:33Z",94.3
"Sarah","2026-06-09 01:05:03","2026-06-04","2026-06-04T12:59:33Z",93.5
"Sarah","2026-06-09 01:05:03","2026-06-04","2026-06-04T12:58:33Z",92.3
"Sarah","2026-06-09 01:05:03","2026-06-04","2026-06-04T12:57:33Z",90.7
"Sarah","2026-06-09 01:05:03","2026-06-04","2026-06-04T12:56:33Z",90.4
"Sarah","2026-06-09 01:05:03","2026-06-04","2026-06-04T12:55:33Z",90.4
"Sarah","2026-06-09 01:05:03","2026-06-04","2026-06-04T12:54:33Z",90.4
"Sarah","2026-06-09 01:05:03","2026-06-04","2026-06-04T12:53:33Z",90.4
"Sarah","2026-06-09 01:05:03","2026-06-04","2026-06-04T12:52:33Z",90.5
"Sarah","2026-06-09 01:05:03","2026-06-04","2026-06-04T12:51:33Z",91
"Sarah","2026-06-09 01:05:03","2026-06-04","2026-06-04T12:50:33Z",91.4
"Sarah","2026-06-09 01:05:03","2026-06-04","2026-06-04T12:49:33Z",91.8
"Sarah","2026-06-09 01:05:03","2026-06-04","2026-06-04T12:48:33Z",92.4
"Sarah","2026-06-09 01:05:03","2026-06-04","2026-06-04T12:47:33Z",93.5
"Sarah","2026-06-09 01:05:03","2026-06-04","2026-06-04T12:46:33Z",94.1
"Sarah","2026-06-09 01:05:03","2026-06-04","2026-06-04T12:45:33Z",94.9
"Sarah","2026-06-09 01:05:03","2026-06-04","2026-06-04T12:44:33Z",50
"Sarah","2026-06-09 01:05:03","2026-06-04","2026-06-04T12:43:33Z",95.1
"Sarah","2026-06-09 01:05:03","2026-06-04","2026-06-04T12:42:33Z",95.2
"Sarah","2026-06-09 01:05:03","2026-06-04","2026-06-04T12:41:33Z",95.2
"Sarah","2026-06-09 01:05:03","2026-06-04","2026-06-04T12:40:33Z",95.5
"Sarah","2026-06-09 01:05:03","2026-06-04","2026-06-04T12:39:33Z",95.5
"Sarah","2026-06-09 01:05:03","2026-06-04","2026-06-04T12:38:33Z",95.4
"Sarah","2026-06-09 01:05:03","2026-06-04","2026-06-04T12:37:33Z",50
"Sarah","2026-06-09 01:05:03","2026-06-04","2026-06-04T12:36:33Z",50
"Sarah","2026-06-09 01:05:03","2026-06-04","2026-06-04T12:35:33Z",94.3
"Sarah","2026-06-09 01:05:03","2026-06-04","2026-06-04T12:34:33Z",94.4
"Sarah","2026-06-09 01:05:03","2026-06-04","2026-06-04T12:33:33Z",94.2
"Sarah","2026-06-09 01:05:03","2026-06-04","2026-06-04T12:32:33Z",94
"Sarah","2026-06-09 01:05:03","2026-06-04","2026-06-04T12:31:33Z",93.9
"Sarah","2026-06-09 01:05:03","2026-06-04","2026-06-04T12:30:33Z",93.7
"Sarah","2026-06-09 01:05:03","2026-06-04","2026-06-04T12:29:33Z",93.8
"Sarah","2026-06-09 01:05:03","2026-06-04","2026-06-04T12:28:33Z",93.9
"Sarah","2026-06-09 01:05:03","2026-06-04","2026-06-04T12:27:33Z",94.1
"Sarah","2026-06-09 01:05:03","2026-06-04","2026-06-04T12:26:33Z",93.9
"Sarah","2026-06-09 01:05:03","2026-06-04","2026-06-04T12:25:33Z",93.8
"Sarah","2026-06-09 01:05:03","2026-06-04","2026-06-04T12:24:33Z",94
"Sarah","2026-06-09 01:05:03","2026-06-04","2026-06-04T12:23:33Z",93.5
"Sarah","2026-06-09 01:05:03","2026-06-04","2026-06-04T12:22:33Z",93.1
"Sarah","2026-06-09 01:05:03","2026-06-04","2026-06-04T12:21:33Z",92.8
"Sarah","2026-06-09 01:05:03","2026-06-04","2026-06-04T12:20:33Z",92.8
"Sarah","2026-06-09 01:05:03","2026-06-04","2026-06-04T12:19:33Z",92.6
"Sarah","2026-06-09 01:05:03","2026-06-04","2026-06-04T12:18:33Z",92.6
"Sarah","2026-06-09 01:05:03","2026-06-04","2026-06-04T12:17:33Z",92.5
"Sarah","2026-06-09 01:05:03","2026-06-04","2026-06-04T12:16:33Z",92.3
"Sarah","2026-06-09 01:05:03","2026-06-04","2026-06-04T12:15:33Z",92.4
"Sarah","2026-06-09 01:05:03","2026-06-04","2026-06-04T12:14:33Z",92.5
"Sarah","2026-06-09 01:05:03","2026-06-04","2026-06-04T12:13:33Z",92.6
"Sarah","2026-06-09 01:05:03","2026-06-04","2026-06-04T12:12:33Z",92.8
"Sarah","2026-06-09 01:05:03","2026-06-04","2026-06-04T12:11:33Z",93
"Sarah","2026-06-09 01:05:03","2026-06-04","2026-06-04T12:10:33Z",93.2
"Sarah","2026-06-09 01:05:03","2026-06-04","2026-06-04T12:09:33Z",93.2
"Sarah","2026-06-09 01:05:03","2026-06-04","2026-06-04T12:08:33Z",50
"Sarah","2026-06-09 01:05:03","2026-06-04","2026-06-04T12:07:33Z",94.2
"Sarah","2026-06-09 01:05:03","2026-06-04","2026-06-04T12:06:33Z",94.3
"Sarah","2026-06-09 01:05:03","2026-06-04","2026-06-04T12:05:33Z",94.5
"Sarah","2026-06-09 01:05:03","2026-06-04","2026-06-04T12:04:33Z",94.8
"Sarah","2026-06-09 01:05:03","2026-06-04","2026-06-04T12:03:33Z",50
"Sarah","2026-06-09 01:05:03","2026-06-04","2026-06-04T12:02:33Z",95.8
"Sarah","2026-06-09 01:05:03","2026-06-04","2026-06-04T12:01:33Z",95.7
"Sarah","2026-06-09 01:05:03","2026-06-04","2026-06-04T12:00:33Z",95.2
"Sarah","2026-06-09 01:05:03","2026-06-04","2026-06-04T11:59:33Z",50
"Sarah","2026-06-09 01:05:03","2026-06-04","2026-06-04T11:58:33Z",50
"Sarah","2026-06-09 01:05:03","2026-06-04","2026-06-04T11:57:33Z",95.3
"Sarah","2026-06-09 01:05:03","2026-06-04","2026-06-04T11:56:33Z",50
"Sarah","2026-06-09 01:05:03","2026-06-04","2026-06-04T11:55:33Z",95.1
"Sarah","2026-06-09 01:05:03","2026-06-04","2026-06-04T11:54:33Z",95.1
"Sarah","2026-06-09 01:05:03","2026-06-04","2026-06-04T11:53:33Z",95.2
"Sarah","2026-06-09 01:05:03","2026-06-04","2026-06-04T11:52:33Z",95.2
"Sarah","2026-06-09 01:05:03","2026-06-04","2026-06-04T11:51:33Z",95.2
"Sarah","2026-06-09 01:05:03","2026-06-04","2026-06-04T11:50:33Z",95.2
"Sarah","2026-06-09 01:05:03","2026-06-04","2026-06-04T11:49:33Z",95.2
"Sarah","2026-06-09 01:05:03","2026-06-04","2026-06-04T11:48:33Z",95.2
"Sarah","2026-06-09 01:05:03","2026-06-04","2026-06-04T11:47:33Z",95.2
"Sarah","2026-06-09 01:05:03","2026-06-04","2026-06-04T11:46:33Z",95.2
"Sarah","2026-06-09 01:05:03","2026-06-04","2026-06-04T11:45:33Z",95.2
"Sarah","2026-06-09 01:05:03","2026-06-04","2026-06-04T11:44:33Z",95.3
"Sarah","2026-06-09 01:05:03","2026-06-04","2026-06-04T11:43:33Z",95.4
"Sarah","2026-06-09 01:05:03","2026-06-04","2026-06-04T11:42:33Z",95.3
"Sarah","2026-06-09 01:05:03","2026-06-04","2026-06-04T11:41:33Z",95.3
"Sarah","2026-06-09 01:05:03","2026-06-04","2026-06-04T11:40:33Z",95.3
"Sarah","2026-06-09 01:05:03","2026-06-04","2026-06-04T11:39:33Z",95.3
"Sarah","2026-06-09 01:05:03","2026-06-04","2026-06-04T11:38:33Z",95.3
"Sarah","2026-06-09 01:05:03","2026-06-04","2026-06-04T11:37:33Z",95.3
"Sarah","2026-06-09 01:05:03","2026-06-04","2026-06-04T11:36:33Z",95.2
"Sarah","2026-06-09 01:05:03","2026-06-04","2026-06-04T11:35:33Z",95.3
"Sarah","2026-06-09 01:05:03","2026-06-04","2026-06-04T11:34:33Z",95.3
"Sarah","2026-06-09 01:05:03","2026-06-04","2026-06-04T11:33:33Z",95.3
"Sarah","2026-06-09 01:05:03","2026-06-04","2026-06-04T11:32:33Z",95.2
"Sarah","2026-06-09 01:05:03","2026-06-04","2026-06-04T11:31:33Z",95.1
"Sarah","2026-06-09 01:05:03","2026-06-04","2026-06-04T11:30:33Z",95.1
"Sarah","2026-06-09 01:05:03","2026-06-04","2026-06-04T11:29:33Z",95
"Sarah","2026-06-09 01:05:03","2026-06-04","2026-06-04T11:28:33Z",95.1
"Sarah","2026-06-09 01:05:03","2026-06-04","2026-06-04T11:27:33Z",95
"Sarah","2026-06-09 01:05:03","2026-06-04","2026-06-04T11:26:33Z",94.8
"Sarah","2026-06-09 01:05:03","2026-06-04","2026-06-04T11:25:33Z",94.8
"Sarah","2026-06-09 01:05:03","2026-06-04","2026-06-04T11:24:33Z",94.6
"Sarah","2026-06-09 01:05:03","2026-06-04","2026-06-04T11:23:33Z",94
"Sarah","2026-06-09 01:05:03","2026-06-04","2026-06-04T11:22:33Z",50
"Sarah","2026-06-09 01:05:03","2026-06-04","2026-06-04T11:21:33Z",94.1
"Sarah","2026-06-09 01:05:03","2026-06-04","2026-06-04T11:20:33Z",93.9
"Sarah","2026-06-09 01:05:03","2026-06-04","2026-06-04T11:19:33Z",94.2
"Sarah","2026-06-09 01:05:03","2026-06-04","2026-06-04T11:18:33Z",94.2
"Sarah","2026-06-09 01:05:03","2026-06-04","2026-06-04T11:17:33Z",94.2
"Sarah","2026-06-09 01:05:03","2026-06-04","2026-06-04T11:16:33Z",94.5
"Sarah","2026-06-09 01:05:03","2026-06-04","2026-06-04T11:15:33Z",94.6
"Sarah","2026-06-09 01:05:03","2026-06-04","2026-06-04T11:14:33Z",94.9
"Sarah","2026-06-09 01:05:03","2026-06-04","2026-06-04T11:13:33Z",95.5
"Sarah","2026-06-09 01:05:03","2026-06-04","2026-06-04T11:12:33Z",95.9
"Sarah","2026-06-09 01:05:03","2026-06-04","2026-06-04T11:11:33Z",96
"Sarah","2026-06-09 01:05:03","2026-06-04","2026-06-04T11:10:33Z",96
"Sarah","2026-06-09 01:05:03","2026-06-04","2026-06-04T11:09:33Z",96.1
"Sarah","2026-06-09 01:05:03","2026-06-04","2026-06-04T11:08:33Z",50
"Sarah","2026-06-09 01:05:03","2026-06-04","2026-06-04T11:07:33Z",96.1
"Sarah","2026-06-09 01:05:03","2026-06-04","2026-06-04T11:06:33Z",96.1
"Sarah","2026-06-09 01:05:03","2026-06-04","2026-06-04T11:05:33Z",95.9
"Sarah","2026-06-09 01:05:03","2026-06-04","2026-06-04T11:04:33Z",95.7
"Sarah","2026-06-09 01:05:03","2026-06-04","2026-06-04T11:03:33Z",95.5
"Sarah","2026-06-09 01:05:03","2026-06-04","2026-06-04T11:02:33Z",94.9
"Sarah","2026-06-09 01:05:03","2026-06-04","2026-06-04T11:01:33Z",50
"Sarah","2026-06-09 01:05:03","2026-06-04","2026-06-04T11:00:33Z",94.4
"Sarah","2026-06-09 01:05:03","2026-06-04","2026-06-04T10:59:33Z",94.4
"Sarah","2026-06-09 01:05:03","2026-06-04","2026-06-04T10:58:33Z",94.5
"Sarah","2026-06-09 01:05:03","2026-06-04","2026-06-04T10:57:33Z",94.5
"Sarah","2026-06-09 01:05:03","2026-06-04","2026-06-04T10:56:33Z",94.5
"Sarah","2026-06-09 01:05:03","2026-06-04","2026-06-04T10:55:33Z",94.7
"Sarah","2026-06-09 01:05:03","2026-06-04","2026-06-04T10:54:33Z",94.9
"Sarah","2026-06-09 01:05:03","2026-06-04","2026-06-04T10:53:33Z",94.8
"Sarah","2026-06-09 01:05:03","2026-06-04","2026-06-04T10:52:33Z",50
"Sarah","2026-06-09 01:05:03","2026-06-04","2026-06-04T10:51:33Z",94.6
"Sarah","2026-06-09 01:05:03","2026-06-04","2026-06-04T10:50:33Z",94.6
"Sarah","2026-06-09 01:05:03","2026-06-04","2026-06-04T10:49:33Z",94.8
"Sarah","2026-06-09 01:05:03","2026-06-04","2026-06-04T10:48:33Z",94.7
"Sarah","2026-06-09 01:05:03","2026-06-04","2026-06-04T10:47:33Z",94.8
"Sarah","2026-06-09 01:05:03","2026-06-04","2026-06-04T10:46:33Z",94.9
"Sarah","2026-06-09 01:05:03","2026-06-04","2026-06-04T10:45:33Z",95
"Sarah","2026-06-09 01:05:03","2026-06-04","2026-06-04T10:44:33Z",95.1
"Sarah","2026-06-09 01:05:03","2026-06-04","2026-06-04T10:43:33Z",95.3
"Sarah","2026-06-09 01:05:03","2026-06-04","2026-06-04T10:42:33Z",95.2
"Sarah","2026-06-09 01:05:03","2026-06-04","2026-06-04T10:41:33Z",95.1
"Sarah","2026-06-09 01:05:03","2026-06-04","2026-06-04T10:40:33Z",95.2
"Sarah","2026-06-09 01:05:03","2026-06-04","2026-06-04T10:39:33Z",95.5
"Sarah","2026-06-09 01:05:03","2026-06-04","2026-06-04T10:38:33Z",95.4
"Sarah","2026-06-09 01:05:03","2026-06-04","2026-06-04T10:37:33Z",95.6
"Sarah","2026-06-09 01:05:03","2026-06-04","2026-06-04T10:36:33Z",95.6
"Sarah","2026-06-09 01:05:03","2026-06-04","2026-06-04T10:35:33Z",95.8
"Sarah","2026-06-09 01:05:03","2026-06-04","2026-06-04T10:34:33Z",95.5
"Sarah","2026-06-09 01:05:03","2026-06-04","2026-06-04T10:33:33Z",95.8
"Sarah","2026-06-09 01:05:03","2026-06-04","2026-06-04T10:32:33Z",95.6
"Sarah","2026-06-09 01:05:03","2026-06-04","2026-06-04T10:31:33Z",95.8
"Sarah","2026-06-09 01:05:03","2026-06-04","2026-06-04T10:30:33Z",95.7
"Sarah","2026-06-09 01:05:03","2026-06-04","2026-06-04T10:29:33Z",95.8
"Sarah","2026-06-09 01:05:03","2026-06-04","2026-06-04T10:28:33Z",95.6
"Sarah","2026-06-09 01:05:03","2026-06-04","2026-06-04T10:27:33Z",95.4
"Sarah","2026-06-09 01:05:03","2026-06-04","2026-06-04T10:26:33Z",95.1
"Sarah","2026-06-09 01:05:03","2026-06-04","2026-06-04T10:25:33Z",94.7
"Sarah","2026-06-09 01:05:03","2026-06-04","2026-06-04T10:24:33Z",94.6
"Sarah","2026-06-09 01:05:03","2026-06-04","2026-06-04T10:23:33Z",94.4
"Sarah","2026-06-09 01:05:03","2026-06-04","2026-06-04T10:22:33Z",94.5
"Sarah","2026-06-09 01:05:03","2026-06-04","2026-06-04T10:21:33Z",94.1
"Sarah","2026-06-09 01:05:03","2026-06-04","2026-06-04T10:20:33Z",94.4
"Sarah","2026-06-09 01:05:03","2026-06-04","2026-06-04T10:19:33Z",94.3
"Sarah","2026-06-09 01:05:03","2026-06-04","2026-06-04T10:18:33Z",94.5
"Sarah","2026-06-09 01:05:03","2026-06-04","2026-06-04T10:17:33Z",95
"Sarah","2026-06-09 01:05:03","2026-06-04","2026-06-04T10:16:33Z",95.3
"Sarah","2026-06-09 01:05:03","2026-06-04","2026-06-04T10:15:33Z",95.8
"Sarah","2026-06-09 01:05:03","2026-06-04","2026-06-04T10:14:33Z",95.9
"Sarah","2026-06-09 01:05:03","2026-06-04","2026-06-04T10:13:33Z",96.2
"Sarah","2026-06-09 01:05:03","2026-06-04","2026-06-04T10:12:33Z",96.3
"Sarah","2026-06-09 01:05:03","2026-06-04","2026-06-04T10:11:33Z",96.2
"Sarah","2026-06-09 01:05:03","2026-06-04","2026-06-04T10:10:33Z",96.1
"Sarah","2026-06-09 01:05:03","2026-06-04","2026-06-04T10:09:33Z",96.2
"Sarah","2026-06-09 01:05:03","2026-06-04","2026-06-04T10:08:33Z",96
"Sarah","2026-06-09 01:05:03","2026-06-04","2026-06-04T10:07:33Z",96
"Sarah","2026-06-09 01:05:03","2026-06-04","2026-06-04T10:06:33Z",95.9
"Sarah","2026-06-09 01:05:03","2026-06-04","2026-06-04T10:05:33Z",95.9
"Sarah","2026-06-09 01:05:03","2026-06-04","2026-06-04T10:04:33Z",96
"Sarah","2026-06-09 01:05:03","2026-06-04","2026-06-04T10:03:33Z",96
"Sarah","2026-06-09 01:05:03","2026-06-04","2026-06-04T10:02:33Z",96.2
"Sarah","2026-06-09 01:05:03","2026-06-04","2026-06-04T10:01:33Z",96.3
"Sarah","2026-06-09 01:05:03","2026-06-04","2026-06-04T10:00:33Z",96.7
"Sarah","2026-06-09 01:05:03","2026-06-04","2026-06-04T09:59:33Z",50
"Sarah","2026-06-09 01:05:03","2026-06-04","2026-06-04T09:58:33Z",96.9
"Sarah","2026-06-09 01:05:03","2026-06-04","2026-06-04T09:57:33Z",96.9
"Sarah","2026-06-09 01:05:03","2026-06-04","2026-06-04T09:56:33Z",96.8
"Sarah","2026-06-09 01:05:03","2026-06-04","2026-06-04T09:55:33Z",96.7
"Sarah","2026-06-09 01:05:03","2026-06-04","2026-06-04T09:54:33Z",96.7
"Sarah","2026-06-09 01:05:03","2026-06-04","2026-06-04T09:53:33Z",96.7
"Sarah","2026-06-09 01:05:03","2026-06-04","2026-06-04T09:52:33Z",96.5
"Sarah","2026-06-09 01:05:03","2026-06-04","2026-06-04T09:51:33Z",96.3
"Sarah","2026-06-09 01:05:03","2026-06-04","2026-06-04T09:50:33Z",96.1
"Sarah","2026-06-09 01:05:03","2026-06-04","2026-06-04T09:49:33Z",95.7
"Sarah","2026-06-09 01:05:03","2026-06-04","2026-06-04T09:48:33Z",50
"Sarah","2026-06-09 01:05:03","2026-06-04","2026-06-04T09:47:33Z",94.8
"Sarah","2026-06-09 01:05:03","2026-06-04","2026-06-04T09:46:33Z",94.7
"Sarah","2026-06-09 01:05:03","2026-06-04","2026-06-04T09:45:33Z",94.6
"Sarah","2026-06-09 01:05:03","2026-06-04","2026-06-04T09:44:33Z",94.8
"Sarah","2026-06-09 01:05:03","2026-06-04","2026-06-04T09:43:33Z",94.2
"Sarah","2026-06-09 01:05:03","2026-06-04","2026-06-04T09:42:33Z",94.4
"Sarah","2026-06-09 01:05:03","2026-06-04","2026-06-04T09:41:33Z",95
"Sarah","2026-06-09 01:05:03","2026-06-04","2026-06-04T09:40:33Z",50
"Sarah","2026-06-09 01:05:03","2026-06-04","2026-06-04T09:39:33Z",95
"Sarah","2026-06-09 01:05:03","2026-06-04","2026-06-04T09:38:33Z",95
"Sarah","2026-06-09 01:05:03","2026-06-04","2026-06-04T09:37:33Z",94.9
"Sarah","2026-06-09 01:05:03","2026-06-04","2026-06-04T09:36:33Z",94.9
"Sarah","2026-06-09 01:05:03","2026-06-04","2026-06-04T09:35:33Z",94.9
"Sarah","2026-06-09 01:05:03","2026-06-04","2026-06-04T09:34:33Z",95
"Sarah","2026-06-09 01:05:03","2026-06-04","2026-06-04T09:33:33Z",95
"Sarah","2026-06-09 01:05:03","2026-06-04","2026-06-04T09:32:33Z",95
"Sarah","2026-06-09 01:05:03","2026-06-04","2026-06-04T09:31:33Z",95
"Sarah","2026-06-09 01:05:03","2026-06-04","2026-06-04T09:30:33Z",94.9
"Sarah","2026-06-09 01:05:03","2026-06-04","2026-06-04T09:29:33Z",95
"Sarah","2026-06-09 01:05:03","2026-06-04","2026-06-04T09:28:33Z",95
"Sarah","2026-06-09 01:05:03","2026-06-04","2026-06-04T09:27:33Z",95.1
"Sarah","2026-06-09 01:05:03","2026-06-04","2026-06-04T09:26:33Z",95.1
"Sarah","2026-06-09 01:05:03","2026-06-04","2026-06-04T09:25:33Z",95
"Sarah","2026-06-09 01:05:03","2026-06-04","2026-06-04T09:24:33Z",95
"Sarah","2026-06-09 01:05:03","2026-06-04","2026-06-04T09:23:33Z",94.9
"Sarah","2026-06-09 01:05:03","2026-06-04","2026-06-04T09:22:33Z",95.1
"Sarah","2026-06-09 01:05:03","2026-06-04","2026-06-04T09:21:33Z",95.1
"Sarah","2026-06-09 01:05:03","2026-06-04","2026-06-04T09:20:33Z",95
"Sarah","2026-06-09 01:05:03","2026-06-04","2026-06-04T09:19:33Z",95.1
"Sarah","2026-06-09 01:05:03","2026-06-04","2026-06-04T09:18:33Z",95.2
"Sarah","2026-06-09 01:05:03","2026-06-04","2026-06-04T09:17:33Z",95.1
"Sarah","2026-06-09 01:05:03","2026-06-04","2026-06-04T09:16:33Z",95
"Sarah","2026-06-09 01:05:03","2026-06-04","2026-06-04T09:15:33Z",94.7
"Sarah","2026-06-09 01:05:03","2026-06-04","2026-06-04T09:14:33Z",94.8
"Sarah","2026-06-09 01:05:03","2026-06-04","2026-06-04T09:13:33Z",94.8
"Sarah","2026-06-09 01:05:03","2026-06-04","2026-06-04T09:12:33Z",95
"Sarah","2026-06-09 01:05:03","2026-06-04","2026-06-04T09:11:33Z",50
"Sarah","2026-06-09 01:05:03","2026-06-04","2026-06-04T09:10:33Z",95.6
"Sarah","2026-06-09 01:05:03","2026-06-04","2026-06-04T09:09:33Z",95.8
"Sarah","2026-06-09 01:05:03","2026-06-04","2026-06-04T09:08:33Z",96.2
"Sarah","2026-06-09 01:05:03","2026-06-04","2026-06-04T09:07:33Z",96.7
"Sarah","2026-06-09 01:05:03","2026-06-04","2026-06-04T09:06:33Z",97.3
"Sarah","2026-06-09 01:05:03","2026-06-04","2026-06-04T09:05:33Z",50
"Sarah","2026-06-09 01:05:03","2026-06-04","2026-06-04T09:04:33Z",97.6
"Sarah","2026-06-09 01:05:03","2026-06-04","2026-06-04T09:03:33Z",97.6
"Sarah","2026-06-09 01:05:03","2026-06-04","2026-06-04T09:02:33Z",97.7
"Sarah","2026-06-09 01:05:03","2026-06-04","2026-06-04T09:01:33Z",97.3
"Sarah","2026-06-09 01:05:03","2026-06-04","2026-06-04T09:00:33Z",97.3
"Sarah","2026-06-09 01:05:03","2026-06-04","2026-06-04T08:59:33Z",97.5
"Sarah","2026-06-09 01:05:03","2026-06-04","2026-06-04T08:58:33Z",97.6
"Sarah","2026-06-09 01:05:03","2026-06-04","2026-06-04T08:57:33Z",97.5
"Sarah","2026-06-09 01:05:03","2026-06-04","2026-06-04T08:56:33Z",97.5
"Sarah","2026-06-09 01:05:03","2026-06-04","2026-06-04T08:55:33Z",97.6
"Sarah","2026-06-09 01:05:03","2026-06-04","2026-06-04T08:54:33Z",97.8
"Sarah","2026-06-09 01:05:03","2026-06-04","2026-06-04T08:53:33Z",98
"Sarah","2026-06-09 01:05:03","2026-06-04","2026-06-04T08:52:33Z",98.1
"Sarah","2026-06-09 01:05:03","2026-06-04","2026-06-04T08:51:33Z",98.1
"Sarah","2026-06-09 01:05:03","2026-06-04","2026-06-04T08:50:33Z",97.8
"Sarah","2026-06-09 01:05:03","2026-06-04","2026-06-04T08:49:33Z",97.9
"Sarah","2026-06-09 01:05:03","2026-06-04","2026-06-04T08:48:33Z",97.9
"Sarah","2026-06-09 01:05:03","2026-06-04","2026-06-04T08:47:33Z",97.7
"Sarah","2026-06-09 01:05:03","2026-06-04","2026-06-04T08:46:33Z",97.7
"Sarah","2026-06-09 01:05:03","2026-06-04","2026-06-04T08:45:33Z",97.8
"Sarah","2026-06-09 01:05:03","2026-06-04","2026-06-04T08:44:33Z",97.4
"Sarah","2026-06-09 01:05:03","2026-06-04","2026-06-04T08:43:33Z",97.3
"Sarah","2026-06-09 01:05:03","2026-06-04","2026-06-04T08:42:33Z",97.5
"Sarah","2026-06-09 01:05:03","2026-06-04","2026-06-04T08:41:33Z",97.3
"Sarah","2026-06-09 01:05:03","2026-06-04","2026-06-04T08:40:33Z",97.2
"Sarah","2026-06-09 01:05:03","2026-06-04","2026-06-04T08:39:33Z",97.4
"Sarah","2026-06-09 01:05:03","2026-06-04","2026-06-04T08:38:33Z",97
"Sarah","2026-06-09 01:05:03","2026-06-04","2026-06-04T08:37:33Z",97.2
"Sarah","2026-06-09 01:05:03","2026-06-04","2026-06-04T08:36:33Z",97.3
"Sarah","2026-06-09 01:05:03","2026-06-04","2026-06-04T08:35:33Z",97.5
"Sarah","2026-06-09 01:05:03","2026-06-04","2026-06-04T08:34:33Z",97.6
"Sarah","2026-06-09 01:05:03","2026-06-04","2026-06-04T08:33:33Z",97.5
"Sarah","2026-06-09 01:05:03","2026-06-04","2026-06-04T08:32:33Z",97.2
"Sarah","2026-06-09 01:05:03","2026-06-04","2026-06-04T08:31:33Z",96.9
"Sarah","2026-06-09 01:05:03","2026-06-04","2026-06-04T08:30:33Z",96.9
"Sarah","2026-06-09 01:05:03","2026-06-04","2026-06-04T08:29:33Z",96.7
"Sarah","2026-06-09 01:05:03","2026-06-04","2026-06-04T08:28:33Z",96.4
"Sarah","2026-06-09 01:05:03","2026-06-04","2026-06-04T08:27:33Z",96.1
"Sarah","2026-06-09 01:05:03","2026-06-04","2026-06-04T08:26:33Z",95.5
"Sarah","2026-06-09 01:05:03","2026-06-04","2026-06-04T08:25:33Z",50
"Sarah","2026-06-09 01:05:03","2026-06-04","2026-06-04T08:24:33Z",50
"Sarah","2026-06-09 01:05:03","2026-06-04","2026-06-04T08:23:33Z",50
"Sarah","2026-06-09 01:05:03","2026-06-04","2026-06-04T08:22:33Z",94
"Sarah","2026-06-09 01:05:03","2026-06-04","2026-06-04T08:21:33Z",94
"Sarah","2026-06-09 01:05:03","2026-06-04","2026-06-04T08:20:33Z",94
"Sarah","2026-06-09 01:05:03","2026-06-04","2026-06-04T08:19:33Z",94
"Sarah","2026-06-09 01:05:03","2026-06-04","2026-06-04T08:18:33Z",94
"Sarah","2026-06-09 01:05:03","2026-06-04","2026-06-04T08:17:33Z",94.1
"Sarah","2026-06-09 01:05:03","2026-06-04","2026-06-04T08:16:33Z",94.2
"Sarah","2026-06-09 01:05:03","2026-06-04","2026-06-04T08:15:33Z",94.3
"Sarah","2026-06-09 01:05:03","2026-06-04","2026-06-04T08:14:33Z",94.5
"Sarah","2026-06-09 01:05:03","2026-06-04","2026-06-04T08:13:33Z",94.8
"Sarah","2026-06-09 01:05:03","2026-06-04","2026-06-04T08:12:33Z",94.8
"Sarah","2026-06-09 01:05:03","2026-06-04","2026-06-04T08:11:33Z",94.9
"Sarah","2026-06-09 01:05:03","2026-06-04","2026-06-04T08:10:33Z",95.2
"Sarah","2026-06-09 01:05:03","2026-06-04","2026-06-04T08:09:33Z",95.3
"Sarah","2026-06-09 01:05:03","2026-06-04","2026-06-04T08:08:33Z",95.6
"Sarah","2026-06-09 01:05:03","2026-06-04","2026-06-04T08:07:33Z",50
"Sarah","2026-06-09 01:05:03","2026-06-04","2026-06-04T08:06:33Z",95.7
"Sarah","2026-06-09 01:05:03","2026-06-04","2026-06-04T08:05:33Z",95.4
"Sarah","2026-06-09 01:05:03","2026-06-04","2026-06-04T08:04:33Z",95.3
"Sarah","2026-06-09 01:05:03","2026-06-04","2026-06-04T08:03:33Z",94.9
"Sarah","2026-06-09 01:05:03","2026-06-04","2026-06-04T08:02:33Z",50
"Sarah","2026-06-09 01:05:03","2026-06-04","2026-06-04T08:01:33Z",94.5
"Sarah","2026-06-09 01:05:03","2026-06-04","2026-06-04T08:00:33Z",50
"Sarah","2026-06-09 01:05:03","2026-06-04","2026-06-04T07:59:33Z",94.6
"Sarah","2026-06-09 01:05:03","2026-06-04","2026-06-04T07:58:33Z",94.7
"Sarah","2026-06-09 01:05:03","2026-06-04","2026-06-04T07:57:33Z",94.7
"Sarah","2026-06-09 01:05:03","2026-06-04","2026-06-04T07:56:33Z",94.7
"Sarah","2026-06-09 01:05:03","2026-06-04","2026-06-04T07:55:33Z",94.7
"Sarah","2026-06-09 01:05:03","2026-06-04","2026-06-04T07:54:33Z",94.7
"Sarah","2026-06-09 01:05:03","2026-06-04","2026-06-04T07:53:33Z",94.7
"Sarah","2026-06-09 01:05:03","2026-06-04","2026-06-04T07:52:33Z",50
"Sarah","2026-06-09 01:05:03","2026-06-04","2026-06-04T07:51:33Z",94.7
"Sarah","2026-06-09 01:05:03","2026-06-04","2026-06-04T07:50:33Z",94.8
"Sarah","2026-06-09 01:05:03","2026-06-04","2026-06-04T07:49:33Z",94.7
"Sarah","2026-06-09 01:05:03","2026-06-04","2026-06-04T07:48:33Z",94.5
"Sarah","2026-06-09 01:05:03","2026-06-04","2026-06-04T07:47:33Z",94.5
"Sarah","2026-06-09 01:05:03","2026-06-04","2026-06-04T07:46:33Z",94.3
"Sarah","2026-06-09 01:05:03","2026-06-04","2026-06-04T07:45:33Z",94.3
"Sarah","2026-06-09 01:05:03","2026-06-04","2026-06-04T07:44:33Z",94.4
"Sarah","2026-06-09 01:05:03","2026-06-04","2026-06-04T07:43:33Z",94.5
"Sarah","2026-06-09 01:05:03","2026-06-04","2026-06-04T07:42:33Z",94.7
"Sarah","2026-06-09 01:05:03","2026-06-04","2026-06-04T07:41:33Z",94.8
"Sarah","2026-06-09 01:05:03","2026-06-04","2026-06-04T07:40:33Z",94.8
"Sarah","2026-06-09 01:05:03","2026-06-04","2026-06-04T07:39:33Z",94.9
"Sarah","2026-06-09 01:05:03","2026-06-04","2026-06-04T07:38:33Z",94.9
"Sarah","2026-06-09 01:05:03","2026-06-04","2026-06-04T07:37:33Z",94.9
"Sarah","2026-06-09 01:05:03","2026-06-04","2026-06-04T07:36:33Z",95
"Sarah","2026-06-09 01:05:03","2026-06-04","2026-06-04T07:35:33Z",95.1
"Sarah","2026-06-09 01:05:03","2026-06-04","2026-06-04T07:34:33Z",95.1
"Sarah","2026-06-09 01:05:03","2026-06-04","2026-06-04T07:33:33Z",95.1
"Sarah","2026-06-09 01:05:03","2026-06-04","2026-06-04T07:32:33Z",95.2
"Sarah","2026-06-09 01:05:03","2026-06-04","2026-06-04T07:31:33Z",95.1
"Sarah","2026-06-09 01:05:03","2026-06-04","2026-06-04T07:30:33Z",95.2
"Sarah","2026-06-09 01:05:03","2026-06-04","2026-06-04T07:29:33Z",95.2
"Sarah","2026-06-09 01:05:03","2026-06-04","2026-06-04T07:28:33Z",95.2
"Sarah","2026-06-09 01:05:03","2026-06-04","2026-06-04T07:27:33Z",95.2
"Sarah","2026-06-09 01:05:03","2026-06-04","2026-06-04T07:26:33Z",95.3
"Sarah","2026-06-09 01:05:03","2026-06-04","2026-06-04T07:25:33Z",95.3
"Sarah","2026-06-09 01:05:03","2026-06-04","2026-06-04T07:24:33Z",95.4
"Sarah","2026-06-09 01:05:03","2026-06-04","2026-06-04T07:23:33Z",95.5
"Sarah","2026-06-09 01:05:03","2026-06-04","2026-06-04T07:22:33Z",95.4
"Sarah","2026-06-09 01:05:03","2026-06-04","2026-06-04T07:21:33Z",95.5
"Sarah","2026-06-09 01:05:03","2026-06-04","2026-06-04T07:20:33Z",95.5
"Sarah","2026-06-09 01:05:03","2026-06-04","2026-06-04T07:19:33Z",95.6
"Sarah","2026-06-09 01:05:03","2026-06-04","2026-06-04T07:18:33Z",95.6
"Sarah","2026-06-09 01:05:03","2026-06-04","2026-06-04T07:17:33Z",95.7
"Sarah","2026-06-09 01:05:03","2026-06-04","2026-06-04T07:16:33Z",95.7
"Sarah","2026-06-09 01:05:03","2026-06-04","2026-06-04T07:15:33Z",95.8
"Sarah","2026-06-09 01:05:03","2026-06-04","2026-06-04T07:14:33Z",95.8
"Sarah","2026-06-09 01:05:03","2026-06-04","2026-06-04T07:13:33Z",95.9
"Sarah","2026-06-09 01:05:03","2026-06-04","2026-06-04T07:12:33Z",95.9
"Sarah","2026-06-09 01:05:03","2026-06-04","2026-06-04T07:11:33Z",95.9
"Sarah","2026-06-09 01:05:03","2026-06-04","2026-06-04T07:10:33Z",96
"Sarah","2026-06-09 01:05:03","2026-06-04","2026-06-04T07:09:33Z",96.1
"Sarah","2026-06-09 01:05:03","2026-06-04","2026-06-04T07:08:33Z",96.2
"Sarah","2026-06-09 01:05:03","2026-06-04","2026-06-04T07:07:33Z",96.1
"Sarah","2026-06-09 01:05:03","2026-06-04","2026-06-04T07:06:33Z",96.2
"Sarah","2026-06-09 01:05:03","2026-06-04","2026-06-04T07:05:33Z",96.2
"Sarah","2026-06-09 01:05:03","2026-06-04","2026-06-04T07:04:33Z",96.2
"Sarah","2026-06-09 01:05:03","2026-06-04","2026-06-04T07:03:33Z",96.3
"Sarah","2026-06-09 01:05:03","2026-06-04","2026-06-04T07:02:33Z",96.4
"Sarah","2026-06-09 01:05:03","2026-06-04","2026-06-04T07:01:33Z",96.4
"Sarah","2026-06-09 01:05:03","2026-06-04","2026-06-04T07:00:33Z",96.5
"Sarah","2026-06-09 01:05:03","2026-06-04","2026-06-04T06:59:33Z",96.7
"Sarah","2026-06-09 01:05:03","2026-06-04","2026-06-04T06:58:33Z",97
"Sarah","2026-06-09 01:05:03","2026-06-04","2026-06-04T06:57:33Z",97.3
"Sarah","2026-06-09 01:05:03","2026-06-04","2026-06-04T06:56:33Z",97.6
"Sarah","2026-06-09 01:05:03","2026-06-04","2026-06-04T06:55:33Z",98
"Sarah","2026-06-09 01:05:03","2026-06-04","2026-06-04T06:54:33Z",98.6
"Sarah","2026-06-09 01:14:22","2026-06-05","2026-06-05T10:36:33Z",50
"Sarah","2026-06-09 01:14:22","2026-06-05","2026-06-05T10:35:33Z",50
"Sarah","2026-06-09 01:14:22","2026-06-05","2026-06-05T10:34:33Z",50
"Sarah","2026-06-09 01:14:22","2026-06-05","2026-06-05T10:33:33Z",50
"Sarah","2026-06-09 01:14:22","2026-06-05","2026-06-05T10:32:33Z",50
"Sarah","2026-06-09 01:14:22","2026-06-05","2026-06-05T10:31:33Z",50
"Sarah","2026-06-09 01:14:22","2026-06-05","2026-06-05T10:30:33Z",50
"Sarah","2026-06-09 01:14:22","2026-06-05","2026-06-05T10:29:33Z",50
"Sarah","2026-06-09 01:14:22","2026-06-05","2026-06-05T10:28:33Z",50
"Sarah","2026-06-09 01:14:22","2026-06-05","2026-06-05T10:27:33Z",50
"Sarah","2026-06-09 01:14:22","2026-06-05","2026-06-05T10:26:33Z",50
"Sarah","2026-06-09 01:14:22","2026-06-05","2026-06-05T10:25:33Z",50
"Sarah","2026-06-09 01:14:22","2026-06-05","2026-06-05T10:24:33Z",95.5
"Sarah","2026-06-09 01:14:22","2026-06-05","2026-06-05T10:23:33Z",95.6
"Sarah","2026-06-09 01:14:22","2026-06-05","2026-06-05T10:22:33Z",95.7
"Sarah","2026-06-09 01:14:22","2026-06-05","2026-06-05T10:21:33Z",95.9
"Sarah","2026-06-09 01:14:22","2026-06-05","2026-06-05T10:20:33Z",96.3
"Sarah","2026-06-09 01:14:22","2026-06-05","2026-06-05T10:19:33Z",96.7
"Sarah","2026-06-09 01:14:22","2026-06-05","2026-06-05T10:18:33Z",50
"Sarah","2026-06-09 01:14:22","2026-06-05","2026-06-05T10:17:33Z",97
"Sarah","2026-06-09 01:14:22","2026-06-05","2026-06-05T10:16:33Z",97.3
"Sarah","2026-06-09 01:14:22","2026-06-05","2026-06-05T10:15:33Z",50
"Sarah","2026-06-09 01:14:22","2026-06-05","2026-06-05T10:14:33Z",50
"Sarah","2026-06-09 01:14:22","2026-06-05","2026-06-05T10:13:33Z",97.5
"Sarah","2026-06-09 01:14:22","2026-06-05","2026-06-05T10:12:33Z",97.5
"Sarah","2026-06-09 01:14:22","2026-06-05","2026-06-05T10:11:33Z",97.5
"Sarah","2026-06-09 01:14:22","2026-06-05","2026-06-05T10:10:33Z",97.5
"Sarah","2026-06-09 01:14:22","2026-06-05","2026-06-05T10:09:33Z",97.6
"Sarah","2026-06-09 01:14:22","2026-06-05","2026-06-05T10:08:33Z",97.5
"Sarah","2026-06-09 01:14:22","2026-06-05","2026-06-05T10:07:33Z",97.5
"Sarah","2026-06-09 01:14:22","2026-06-05","2026-06-05T10:06:33Z",97.4
"Sarah","2026-06-09 01:14:22","2026-06-05","2026-06-05T10:05:33Z",97.2
"Sarah","2026-06-09 01:14:22","2026-06-05","2026-06-05T10:04:33Z",97.2
"Sarah","2026-06-09 01:14:22","2026-06-05","2026-06-05T10:03:33Z",96.9
"Sarah","2026-06-09 01:14:22","2026-06-05","2026-06-05T10:02:33Z",96.7
"Sarah","2026-06-09 01:14:22","2026-06-05","2026-06-05T10:01:33Z",96.4
"Sarah","2026-06-09 01:14:22","2026-06-05","2026-06-05T10:00:33Z",95.9
"Sarah","2026-06-09 01:14:22","2026-06-05","2026-06-05T09:59:33Z",95.2
"Sarah","2026-06-09 01:14:22","2026-06-05","2026-06-05T09:58:33Z",95.2
"Sarah","2026-06-09 01:14:22","2026-06-05","2026-06-05T09:57:33Z",95.3
"Sarah","2026-06-09 01:14:22","2026-06-05","2026-06-05T09:56:33Z",95.3
"Sarah","2026-06-09 01:14:22","2026-06-05","2026-06-05T09:55:33Z",95.4
"Sarah","2026-06-09 01:14:22","2026-06-05","2026-06-05T09:54:33Z",95.4
"Sarah","2026-06-09 01:14:22","2026-06-05","2026-06-05T09:53:33Z",95.5
"Sarah","2026-06-09 01:14:22","2026-06-05","2026-06-05T09:52:33Z",95.6
"Sarah","2026-06-09 01:14:22","2026-06-05","2026-06-05T09:51:33Z",95.8
"Sarah","2026-06-09 01:14:22","2026-06-05","2026-06-05T09:50:33Z",96.1
"Sarah","2026-06-09 01:14:22","2026-06-05","2026-06-05T09:49:33Z",50
"Sarah","2026-06-09 01:14:22","2026-06-05","2026-06-05T09:48:33Z",96.1
"Sarah","2026-06-09 01:14:22","2026-06-05","2026-06-05T09:47:33Z",96.2
"Sarah","2026-06-09 01:14:22","2026-06-05","2026-06-05T09:46:33Z",96
"Sarah","2026-06-09 01:14:22","2026-06-05","2026-06-05T09:45:33Z",95.9
"Sarah","2026-06-09 01:14:22","2026-06-05","2026-06-05T09:44:33Z",95.9
"Sarah","2026-06-09 01:14:22","2026-06-05","2026-06-05T09:43:33Z",95.8
"Sarah","2026-06-09 01:14:22","2026-06-05","2026-06-05T09:42:33Z",95.8
"Sarah","2026-06-09 01:14:22","2026-06-05","2026-06-05T09:41:33Z",95.7
"Sarah","2026-06-09 01:14:22","2026-06-05","2026-06-05T09:40:33Z",95.8
"Sarah","2026-06-09 01:14:22","2026-06-05","2026-06-05T09:39:33Z",96
"Sarah","2026-06-09 01:14:22","2026-06-05","2026-06-05T09:38:33Z",96.1
"Sarah","2026-06-09 01:14:22","2026-06-05","2026-06-05T09:37:33Z",95.9
"Sarah","2026-06-09 01:14:22","2026-06-05","2026-06-05T09:36:33Z",96
"Sarah","2026-06-09 01:14:22","2026-06-05","2026-06-05T09:35:33Z",96
"Sarah","2026-06-09 01:14:22","2026-06-05","2026-06-05T09:34:33Z",96
"Sarah","2026-06-09 01:14:22","2026-06-05","2026-06-05T09:33:33Z",96
"Sarah","2026-06-09 01:14:22","2026-06-05","2026-06-05T09:32:33Z",96.1
"Sarah","2026-06-09 01:14:22","2026-06-05","2026-06-05T09:31:33Z",95.9
"Sarah","2026-06-09 01:14:22","2026-06-05","2026-06-05T09:30:33Z",96
"Sarah","2026-06-09 01:14:22","2026-06-05","2026-06-05T09:29:33Z",95.9
"Sarah","2026-06-09 01:14:22","2026-06-05","2026-06-05T09:28:33Z",95.7
"Sarah","2026-06-09 01:14:22","2026-06-05","2026-06-05T09:27:33Z",95.6
"Sarah","2026-06-09 01:14:22","2026-06-05","2026-06-05T09:26:33Z",95.8
"Sarah","2026-06-09 01:14:22","2026-06-05","2026-06-05T09:25:33Z",95.9
"Sarah","2026-06-09 01:14:22","2026-06-05","2026-06-05T09:24:33Z",96
"Sarah","2026-06-09 01:14:22","2026-06-05","2026-06-05T09:23:33Z",96
"Sarah","2026-06-09 01:14:22","2026-06-05","2026-06-05T09:22:33Z",95.9
"Sarah","2026-06-09 01:14:22","2026-06-05","2026-06-05T09:21:33Z",95.9
"Sarah","2026-06-09 01:14:22","2026-06-05","2026-06-05T09:20:33Z",96
"Sarah","2026-06-09 01:14:22","2026-06-05","2026-06-05T09:19:33Z",95.9
"Sarah","2026-06-09 01:14:22","2026-06-05","2026-06-05T09:18:33Z",96
"Sarah","2026-06-09 01:14:22","2026-06-05","2026-06-05T09:17:33Z",95.9
"Sarah","2026-06-09 01:14:22","2026-06-05","2026-06-05T09:16:33Z",95.6
"Sarah","2026-06-09 01:14:22","2026-06-05","2026-06-05T09:15:33Z",95.3
"Sarah","2026-06-09 01:14:22","2026-06-05","2026-06-05T09:14:33Z",94.9
"Sarah","2026-06-09 01:14:22","2026-06-05","2026-06-05T09:13:33Z",50
"Sarah","2026-06-09 01:14:22","2026-06-05","2026-06-05T09:12:33Z",94.7
"Sarah","2026-06-09 01:14:22","2026-06-05","2026-06-05T09:11:33Z",50
"Sarah","2026-06-09 01:14:22","2026-06-05","2026-06-05T09:10:33Z",94.8
"Sarah","2026-06-09 01:14:22","2026-06-05","2026-06-05T09:09:33Z",50
"Sarah","2026-06-09 01:14:22","2026-06-05","2026-06-05T09:08:33Z",94.7
"Sarah","2026-06-09 01:14:22","2026-06-05","2026-06-05T09:07:33Z",94.4
"Sarah","2026-06-09 01:14:22","2026-06-05","2026-06-05T09:06:33Z",50
"Sarah","2026-06-09 01:14:22","2026-06-05","2026-06-05T09:05:33Z",50
"Sarah","2026-06-09 01:14:22","2026-06-05","2026-06-05T09:04:33Z",94.3
"Sarah","2026-06-09 01:14:22","2026-06-05","2026-06-05T09:03:33Z",94.2
"Sarah","2026-06-09 01:14:22","2026-06-05","2026-06-05T09:02:33Z",94.2
"Sarah","2026-06-09 01:14:22","2026-06-05","2026-06-05T09:01:33Z",94.2
"Sarah","2026-06-09 01:14:22","2026-06-05","2026-06-05T09:00:33Z",94.2
"Sarah","2026-06-09 01:14:22","2026-06-05","2026-06-05T08:59:33Z",94.1
"Sarah","2026-06-09 01:14:22","2026-06-05","2026-06-05T08:58:33Z",94.3
"Sarah","2026-06-09 01:14:22","2026-06-05","2026-06-05T08:57:33Z",94.5
"Sarah","2026-06-09 01:14:22","2026-06-05","2026-06-05T08:56:33Z",50
"Sarah","2026-06-09 01:14:22","2026-06-05","2026-06-05T08:55:33Z",95
"Sarah","2026-06-09 01:14:22","2026-06-05","2026-06-05T08:54:33Z",95.2
"Sarah","2026-06-09 01:14:22","2026-06-05","2026-06-05T08:53:33Z",95.6
"Sarah","2026-06-09 01:14:22","2026-06-05","2026-06-05T08:52:33Z",95.4
"Sarah","2026-06-09 01:14:22","2026-06-05","2026-06-05T08:51:33Z",95.3
"Sarah","2026-06-09 01:14:22","2026-06-05","2026-06-05T08:50:33Z",95.3
"Sarah","2026-06-09 01:14:22","2026-06-05","2026-06-05T08:49:33Z",95.3
"Sarah","2026-06-09 01:14:22","2026-06-05","2026-06-05T08:48:33Z",95.3
"Sarah","2026-06-09 01:14:22","2026-06-05","2026-06-05T08:47:33Z",95.2
"Sarah","2026-06-09 01:14:22","2026-06-05","2026-06-05T08:46:33Z",95.3
"Sarah","2026-06-09 01:14:22","2026-06-05","2026-06-05T08:45:33Z",95.3
"Sarah","2026-06-09 01:14:22","2026-06-05","2026-06-05T08:44:33Z",95.3
"Sarah","2026-06-09 01:14:22","2026-06-05","2026-06-05T08:43:33Z",95.3
"Sarah","2026-06-09 01:14:22","2026-06-05","2026-06-05T08:42:33Z",95.2
"Sarah","2026-06-09 01:14:22","2026-06-05","2026-06-05T08:41:33Z",95.1
"Sarah","2026-06-09 01:14:22","2026-06-05","2026-06-05T08:40:33Z",95.1
"Sarah","2026-06-09 01:14:22","2026-06-05","2026-06-05T08:39:33Z",94.9
"Sarah","2026-06-09 01:14:22","2026-06-05","2026-06-05T08:38:33Z",94.8
"Sarah","2026-06-09 01:14:22","2026-06-05","2026-06-05T08:37:33Z",94.4
"Sarah","2026-06-09 01:14:22","2026-06-05","2026-06-05T08:36:33Z",94.1
"Sarah","2026-06-09 01:14:22","2026-06-05","2026-06-05T08:35:33Z",93.5
"Sarah","2026-06-09 01:14:22","2026-06-05","2026-06-05T08:34:33Z",50
"Sarah","2026-06-09 01:14:22","2026-06-05","2026-06-05T08:33:33Z",50
"Sarah","2026-06-09 01:14:22","2026-06-05","2026-06-05T08:32:33Z",50
"Sarah","2026-06-09 01:14:22","2026-06-05","2026-06-05T08:31:33Z",94.4
"Sarah","2026-06-09 01:14:22","2026-06-05","2026-06-05T08:30:33Z",94.3
"Sarah","2026-06-09 01:14:22","2026-06-05","2026-06-05T08:29:33Z",94.3
"Sarah","2026-06-09 01:14:22","2026-06-05","2026-06-05T08:28:33Z",94.4
"Sarah","2026-06-09 01:14:22","2026-06-05","2026-06-05T08:27:33Z",94.3
"Sarah","2026-06-09 01:14:22","2026-06-05","2026-06-05T08:26:33Z",94.3
"Sarah","2026-06-09 01:14:22","2026-06-05","2026-06-05T08:25:33Z",94.3
"Sarah","2026-06-09 01:14:22","2026-06-05","2026-06-05T08:24:33Z",50
"Sarah","2026-06-09 01:14:22","2026-06-05","2026-06-05T08:23:33Z",50
"Sarah","2026-06-09 01:14:22","2026-06-05","2026-06-05T08:22:33Z",94.2
"Sarah","2026-06-09 01:14:22","2026-06-05","2026-06-05T08:21:33Z",50
"Sarah","2026-06-09 01:14:22","2026-06-05","2026-06-05T08:20:33Z",94.1
"Sarah","2026-06-09 01:14:22","2026-06-05","2026-06-05T08:19:33Z",94.1
"Sarah","2026-06-09 01:14:22","2026-06-05","2026-06-05T08:18:33Z",94.1
"Sarah","2026-06-09 01:14:22","2026-06-05","2026-06-05T08:17:33Z",94.1
"Sarah","2026-06-09 01:14:22","2026-06-05","2026-06-05T08:16:33Z",94.1
"Sarah","2026-06-09 01:14:22","2026-06-05","2026-06-05T08:15:33Z",94.2
"Sarah","2026-06-09 01:14:22","2026-06-05","2026-06-05T08:14:33Z",94.2
"Sarah","2026-06-09 01:14:22","2026-06-05","2026-06-05T08:13:33Z",94.4
"Sarah","2026-06-09 01:14:22","2026-06-05","2026-06-05T08:12:33Z",94.3
"Sarah","2026-06-09 01:14:22","2026-06-05","2026-06-05T08:11:33Z",94.2
"Sarah","2026-06-09 01:14:22","2026-06-05","2026-06-05T08:10:33Z",94.2
"Sarah","2026-06-09 01:14:22","2026-06-05","2026-06-05T08:09:33Z",94.2
"Sarah","2026-06-09 01:14:22","2026-06-05","2026-06-05T08:08:33Z",94.2
"Sarah","2026-06-09 01:14:22","2026-06-05","2026-06-05T08:07:33Z",94.2
"Sarah","2026-06-09 01:14:22","2026-06-05","2026-06-05T08:06:33Z",94.2
"Sarah","2026-06-09 01:14:22","2026-06-05","2026-06-05T08:05:33Z",94.2
"Sarah","2026-06-09 01:14:22","2026-06-05","2026-06-05T08:04:33Z",94.3
"Sarah","2026-06-09 01:14:22","2026-06-05","2026-06-05T08:03:33Z",94.3
"Sarah","2026-06-09 01:14:22","2026-06-05","2026-06-05T08:02:33Z",94.4
"Sarah","2026-06-09 01:14:22","2026-06-05","2026-06-05T08:01:33Z",94.4
"Sarah","2026-06-09 01:14:22","2026-06-05","2026-06-05T08:00:33Z",94.9
"Sarah","2026-06-09 01:14:22","2026-06-05","2026-06-05T07:59:33Z",94.9
"Sarah","2026-06-09 01:14:22","2026-06-05","2026-06-05T07:58:33Z",95
"Sarah","2026-06-09 01:14:22","2026-06-05","2026-06-05T07:57:33Z",94.9
"Sarah","2026-06-09 01:14:22","2026-06-05","2026-06-05T07:56:33Z",94.9
"Sarah","2026-06-09 01:14:22","2026-06-05","2026-06-05T07:55:33Z",95
"Sarah","2026-06-09 01:14:22","2026-06-05","2026-06-05T07:54:33Z",95
"Sarah","2026-06-09 01:14:22","2026-06-05","2026-06-05T07:53:33Z",95
"Sarah","2026-06-09 01:14:22","2026-06-05","2026-06-05T07:52:33Z",95.1
"Sarah","2026-06-09 01:14:22","2026-06-05","2026-06-05T07:51:33Z",95
"Sarah","2026-06-09 01:14:22","2026-06-05","2026-06-05T07:50:33Z",95
"Sarah","2026-06-09 01:14:22","2026-06-05","2026-06-05T07:49:33Z",95.1
"Sarah","2026-06-09 01:14:22","2026-06-05","2026-06-05T07:48:33Z",95
"Sarah","2026-06-09 01:14:22","2026-06-05","2026-06-05T07:47:33Z",95
"Sarah","2026-06-09 01:14:22","2026-06-05","2026-06-05T07:46:33Z",95.1
"Sarah","2026-06-09 01:14:22","2026-06-05","2026-06-05T07:45:33Z",95.1
"Sarah","2026-06-09 01:14:22","2026-06-05","2026-06-05T07:44:33Z",50
"Sarah","2026-06-09 01:14:22","2026-06-05","2026-06-05T07:43:33Z",95.1
"Sarah","2026-06-09 01:14:22","2026-06-05","2026-06-05T07:42:33Z",95.1
"Sarah","2026-06-09 01:14:22","2026-06-05","2026-06-05T07:41:33Z",95.2
"Sarah","2026-06-09 01:14:22","2026-06-05","2026-06-05T07:40:33Z",50
"Sarah","2026-06-09 01:14:22","2026-06-05","2026-06-05T07:39:33Z",95.2
"Sarah","2026-06-09 01:14:22","2026-06-05","2026-06-05T07:38:33Z",95.2
"Sarah","2026-06-09 01:14:22","2026-06-05","2026-06-05T07:37:33Z",95.3
"Sarah","2026-06-09 01:14:22","2026-06-05","2026-06-05T07:36:33Z",95.3
"Sarah","2026-06-09 01:14:22","2026-06-05","2026-06-05T07:35:33Z",95.4
"Sarah","2026-06-09 01:14:22","2026-06-05","2026-06-05T07:34:33Z",95.5
"Sarah","2026-06-09 01:14:22","2026-06-05","2026-06-05T07:33:33Z",95.5
"Sarah","2026-06-09 01:14:22","2026-06-05","2026-06-05T07:32:33Z",95.6
"Sarah","2026-06-09 01:14:22","2026-06-05","2026-06-05T07:31:33Z",50
"Sarah","2026-06-09 01:14:22","2026-06-05","2026-06-05T07:30:33Z",95.8
"Sarah","2026-06-09 01:14:22","2026-06-05","2026-06-05T07:29:33Z",95.7
"Sarah","2026-06-09 01:14:22","2026-06-05","2026-06-05T07:28:33Z",95.4
"Sarah","2026-06-09 01:14:22","2026-06-05","2026-06-05T07:27:33Z",95.6
"Sarah","2026-06-09 01:14:22","2026-06-05","2026-06-05T07:26:33Z",95.6
"Sarah","2026-06-09 01:14:22","2026-06-05","2026-06-05T07:25:33Z",95.5
"Sarah","2026-06-09 01:14:22","2026-06-05","2026-06-05T07:24:33Z",95.5
"Sarah","2026-06-09 01:14:22","2026-06-05","2026-06-05T07:23:33Z",95.3
"Sarah","2026-06-09 01:14:22","2026-06-05","2026-06-05T07:22:33Z",95.7
"Sarah","2026-06-09 01:14:22","2026-06-05","2026-06-05T07:21:33Z",95.5
"Sarah","2026-06-09 01:14:22","2026-06-05","2026-06-05T07:20:33Z",95.5
"Sarah","2026-06-09 01:14:22","2026-06-05","2026-06-05T07:19:33Z",95.4
"Sarah","2026-06-09 01:14:22","2026-06-05","2026-06-05T07:18:33Z",95.3
"Sarah","2026-06-09 01:14:22","2026-06-05","2026-06-05T07:17:33Z",95.3
"Sarah","2026-06-09 01:14:22","2026-06-05","2026-06-05T07:16:33Z",95.1
"Sarah","2026-06-09 01:14:22","2026-06-05","2026-06-05T07:15:33Z",94.8
"Sarah","2026-06-09 01:14:22","2026-06-05","2026-06-05T07:14:33Z",94.7
"Sarah","2026-06-09 01:14:22","2026-06-05","2026-06-05T07:13:33Z",95
"Sarah","2026-06-09 01:14:22","2026-06-05","2026-06-05T07:12:33Z",95
"Sarah","2026-06-09 01:14:22","2026-06-05","2026-06-05T07:11:33Z",50
"Sarah","2026-06-09 01:14:22","2026-06-05","2026-06-05T07:10:33Z",95.2
"Sarah","2026-06-09 01:14:22","2026-06-05","2026-06-05T07:09:33Z",95.6
"Sarah","2026-06-09 01:14:22","2026-06-05","2026-06-05T07:08:33Z",96
"Sarah","2026-06-09 01:14:22","2026-06-05","2026-06-05T07:07:33Z",96.3
"Sarah","2026-06-09 01:14:22","2026-06-05","2026-06-05T07:06:33Z",50
"Sarah","2026-06-09 01:14:22","2026-06-05","2026-06-05T07:05:33Z",96.5
"Sarah","2026-06-09 01:14:22","2026-06-05","2026-06-05T07:04:33Z",96.5
"Sarah","2026-06-09 01:14:22","2026-06-05","2026-06-05T07:03:33Z",96.4
"Sarah","2026-06-09 01:14:22","2026-06-05","2026-06-05T07:02:33Z",96.5
"Sarah","2026-06-09 01:14:22","2026-06-05","2026-06-05T07:01:33Z",96.9
"Sarah","2026-06-09 01:14:22","2026-06-05","2026-06-05T07:00:33Z",97
"Sarah","2026-06-09 01:14:22","2026-06-05","2026-06-05T06:59:33Z",96.6
"Sarah","2026-06-09 01:14:22","2026-06-05","2026-06-05T06:58:33Z",96.6
"Sarah","2026-06-09 01:14:22","2026-06-05","2026-06-05T06:57:33Z",96.5
"Sarah","2026-06-09 01:14:22","2026-06-05","2026-06-05T06:56:33Z",96.6
"Sarah","2026-06-09 01:14:22","2026-06-05","2026-06-05T06:55:33Z",96.6
"Sarah","2026-06-09 01:14:22","2026-06-05","2026-06-05T06:54:33Z",96.5
"Sarah","2026-06-09 01:14:22","2026-06-05","2026-06-05T06:53:33Z",96.6
"Sarah","2026-06-09 01:14:22","2026-06-05","2026-06-05T06:52:33Z",96.5
"Sarah","2026-06-09 01:14:22","2026-06-05","2026-06-05T06:51:33Z",96.4
"Sarah","2026-06-09 01:14:22","2026-06-05","2026-06-05T06:50:33Z",96.3
"Sarah","2026-06-09 01:14:22","2026-06-05","2026-06-05T06:49:33Z",96.1
"Sarah","2026-06-09 01:14:22","2026-06-05","2026-06-05T06:48:33Z",96.1
"Sarah","2026-06-09 01:14:22","2026-06-05","2026-06-05T06:47:33Z",96.4
"Sarah","2026-06-09 01:14:22","2026-06-05","2026-06-05T06:46:33Z",96.6
"Sarah","2026-06-09 01:14:22","2026-06-05","2026-06-05T06:45:33Z",96.7
"Sarah","2026-06-09 01:14:22","2026-06-05","2026-06-05T06:44:33Z",50
"Sarah","2026-06-09 01:14:22","2026-06-05","2026-06-05T06:43:33Z",96.3
"Sarah","2026-06-09 01:14:22","2026-06-05","2026-06-05T06:42:33Z",50
"Sarah","2026-06-09 01:14:22","2026-06-05","2026-06-05T06:41:33Z",96.1
"Sarah","2026-06-09 01:14:22","2026-06-05","2026-06-05T06:40:33Z",96.1
"Sarah","2026-06-09 01:14:22","2026-06-05","2026-06-05T06:39:33Z",96
"Sarah","2026-06-09 01:14:22","2026-06-05","2026-06-05T06:38:33Z",96
"Sarah","2026-06-09 01:14:22","2026-06-05","2026-06-05T06:37:33Z",96
"Sarah","2026-06-09 01:14:22","2026-06-05","2026-06-05T06:36:33Z",96.1
"Sarah","2026-06-09 01:14:22","2026-06-05","2026-06-05T06:35:33Z",96.1
"Sarah","2026-06-09 01:14:22","2026-06-05","2026-06-05T06:34:33Z",96.2
"Sarah","2026-06-09 01:14:22","2026-06-05","2026-06-05T06:33:33Z",96.3
"Sarah","2026-06-09 01:14:22","2026-06-05","2026-06-05T06:32:33Z",96.4
"Sarah","2026-06-09 01:14:22","2026-06-05","2026-06-05T06:31:33Z",96.5
"Sarah","2026-06-09 01:14:22","2026-06-05","2026-06-05T06:21:03Z",97.6
"Sarah","2026-06-09 01:14:22","2026-06-05","2026-06-05T06:20:03Z",96.9
"Sarah","2026-06-09 01:14:22","2026-06-05","2026-06-05T06:19:03Z",95.8
"Sarah","2026-06-09 01:14:22","2026-06-05","2026-06-05T06:18:03Z",94.2
"Sarah","2026-06-09 01:14:22","2026-06-05","2026-06-05T06:17:03Z",90.9
"Sarah","2026-06-09 01:14:22","2026-06-05","2026-06-05T06:16:03Z",50
"Sarah","2026-06-09 01:14:22","2026-06-05","2026-06-05T06:15:03Z",87.2
"Sarah","2026-06-09 01:14:22","2026-06-05","2026-06-05T06:14:03Z",81.4
"Sarah","2026-06-09 01:14:22","2026-06-05","2026-06-05T06:13:03Z",76.6
"Sarah","2026-06-09 01:31:34","2026-06-06","2026-06-06T15:36:34Z",50
"Sarah","2026-06-09 01:31:34","2026-06-06","2026-06-06T15:35:34Z",50
"Sarah","2026-06-09 01:31:34","2026-06-06","2026-06-06T15:34:34Z",50
"Sarah","2026-06-09 01:31:34","2026-06-06","2026-06-06T15:33:34Z",50
"Sarah","2026-06-09 01:31:34","2026-06-06","2026-06-06T15:32:34Z",50
"Sarah","2026-06-09 01:31:34","2026-06-06","2026-06-06T15:31:34Z",50
"Sarah","2026-06-09 01:31:34","2026-06-06","2026-06-06T15:30:34Z",50
"Sarah","2026-06-09 01:31:34","2026-06-06","2026-06-06T15:29:34Z",50
"Sarah","2026-06-09 01:31:34","2026-06-06","2026-06-06T15:28:34Z",50
"Sarah","2026-06-09 01:31:34","2026-06-06","2026-06-06T15:27:34Z",50
"Sarah","2026-06-09 01:31:34","2026-06-06","2026-06-06T15:26:34Z",50
"Sarah","2026-06-09 01:31:34","2026-06-06","2026-06-06T15:25:34Z",94.4
"Sarah","2026-06-09 01:31:34","2026-06-06","2026-06-06T15:24:34Z",93.9
"Sarah","2026-06-09 01:31:34","2026-06-06","2026-06-06T15:23:34Z",50
"Sarah","2026-06-09 01:31:34","2026-06-06","2026-06-06T15:22:34Z",93.8
"Sarah","2026-06-09 01:31:34","2026-06-06","2026-06-06T15:21:34Z",93.8
"Sarah","2026-06-09 01:31:34","2026-06-06","2026-06-06T15:20:34Z",93.9
"Sarah","2026-06-09 01:31:34","2026-06-06","2026-06-06T15:19:34Z",93.6
"Sarah","2026-06-09 01:31:34","2026-06-06","2026-06-06T15:18:34Z",93.7
"Sarah","2026-06-09 01:31:34","2026-06-06","2026-06-06T15:17:34Z",94.1
"Sarah","2026-06-09 01:31:34","2026-06-06","2026-06-06T15:16:34Z",94.7
"Sarah","2026-06-09 01:31:34","2026-06-06","2026-06-06T15:15:34Z",95
"Sarah","2026-06-09 01:31:34","2026-06-06","2026-06-06T15:14:34Z",50
"Sarah","2026-06-09 01:31:34","2026-06-06","2026-06-06T15:13:34Z",95.3
"Sarah","2026-06-09 01:31:34","2026-06-06","2026-06-06T15:12:34Z",94.9
"Sarah","2026-06-09 01:31:34","2026-06-06","2026-06-06T15:11:34Z",94.9
"Sarah","2026-06-09 01:31:34","2026-06-06","2026-06-06T15:10:34Z",95
"Sarah","2026-06-09 01:31:34","2026-06-06","2026-06-06T15:09:34Z",95
"Sarah","2026-06-09 01:31:34","2026-06-06","2026-06-06T15:08:34Z",94.4
"Sarah","2026-06-09 01:31:34","2026-06-06","2026-06-06T15:07:34Z",94.6
"Sarah","2026-06-09 01:31:34","2026-06-06","2026-06-06T15:06:34Z",95
"Sarah","2026-06-09 01:31:34","2026-06-06","2026-06-06T15:05:34Z",95
"Sarah","2026-06-09 01:31:34","2026-06-06","2026-06-06T15:04:34Z",50
"Sarah","2026-06-09 01:31:34","2026-06-06","2026-06-06T15:03:34Z",50
"Sarah","2026-06-09 01:31:34","2026-06-06","2026-06-06T15:02:34Z",94.8
"Sarah","2026-06-09 01:31:34","2026-06-06","2026-06-06T15:01:34Z",94.7
"Sarah","2026-06-09 01:31:34","2026-06-06","2026-06-06T15:00:34Z",94.8
"Sarah","2026-06-09 01:31:34","2026-06-06","2026-06-06T14:59:34Z",50
"Sarah","2026-06-09 01:31:34","2026-06-06","2026-06-06T14:58:34Z",94.3
"Sarah","2026-06-09 01:31:34","2026-06-06","2026-06-06T14:57:34Z",94.7
"Sarah","2026-06-09 01:31:34","2026-06-06","2026-06-06T14:56:34Z",95.1
"Sarah","2026-06-09 01:31:34","2026-06-06","2026-06-06T14:55:34Z",95.8
"Sarah","2026-06-09 01:31:34","2026-06-06","2026-06-06T14:54:34Z",95.4
"Sarah","2026-06-09 01:31:34","2026-06-06","2026-06-06T14:53:34Z",50
"Sarah","2026-06-09 01:31:34","2026-06-06","2026-06-06T14:52:34Z",95.4
"Sarah","2026-06-09 01:31:34","2026-06-06","2026-06-06T14:51:34Z",95.4
"Sarah","2026-06-09 01:31:34","2026-06-06","2026-06-06T14:50:34Z",95.5
"Sarah","2026-06-09 01:31:34","2026-06-06","2026-06-06T14:49:34Z",50
"Sarah","2026-06-09 01:31:34","2026-06-06","2026-06-06T14:48:34Z",50
"Sarah","2026-06-09 01:31:34","2026-06-06","2026-06-06T14:47:34Z",95.6
"Sarah","2026-06-09 01:31:34","2026-06-06","2026-06-06T14:46:34Z",50
"Sarah","2026-06-09 01:31:34","2026-06-06","2026-06-06T14:45:34Z",95.5
"Sarah","2026-06-09 01:31:34","2026-06-06","2026-06-06T14:44:34Z",95.5
"Sarah","2026-06-09 01:31:34","2026-06-06","2026-06-06T14:43:34Z",95.6
"Sarah","2026-06-09 01:31:34","2026-06-06","2026-06-06T14:42:34Z",95.5
"Sarah","2026-06-09 01:31:34","2026-06-06","2026-06-06T14:41:34Z",95.3
"Sarah","2026-06-09 01:31:34","2026-06-06","2026-06-06T14:40:34Z",95.3
"Sarah","2026-06-09 01:31:34","2026-06-06","2026-06-06T14:39:34Z",95.4
"Sarah","2026-06-09 01:31:34","2026-06-06","2026-06-06T14:38:34Z",95.3
"Sarah","2026-06-09 01:31:34","2026-06-06","2026-06-06T14:37:34Z",95.5
"Sarah","2026-06-09 01:31:34","2026-06-06","2026-06-06T14:36:34Z",95.5
"Sarah","2026-06-09 01:31:34","2026-06-06","2026-06-06T14:35:34Z",95.5
"Sarah","2026-06-09 01:31:34","2026-06-06","2026-06-06T14:34:34Z",95.5
"Sarah","2026-06-09 01:31:34","2026-06-06","2026-06-06T14:33:34Z",95.3
"Sarah","2026-06-09 01:31:34","2026-06-06","2026-06-06T14:32:34Z",95.3
"Sarah","2026-06-09 01:31:34","2026-06-06","2026-06-06T14:31:34Z",95.3
"Sarah","2026-06-09 01:31:34","2026-06-06","2026-06-06T14:30:34Z",95.2
"Sarah","2026-06-09 01:31:34","2026-06-06","2026-06-06T14:29:34Z",95
"Sarah","2026-06-09 01:31:34","2026-06-06","2026-06-06T14:28:34Z",94.9
"Sarah","2026-06-09 01:31:34","2026-06-06","2026-06-06T14:27:34Z",95.1
"Sarah","2026-06-09 01:31:34","2026-06-06","2026-06-06T14:26:34Z",95.6
"Sarah","2026-06-09 01:31:34","2026-06-06","2026-06-06T14:25:34Z",95.9
"Sarah","2026-06-09 01:31:34","2026-06-06","2026-06-06T14:24:34Z",95.9
"Sarah","2026-06-09 01:31:34","2026-06-06","2026-06-06T14:23:34Z",96.4
"Sarah","2026-06-09 01:31:34","2026-06-06","2026-06-06T14:22:34Z",96.6
"Sarah","2026-06-09 01:31:34","2026-06-06","2026-06-06T14:21:34Z",96.8
"Sarah","2026-06-09 01:31:34","2026-06-06","2026-06-06T14:20:34Z",96.6
"Sarah","2026-06-09 01:31:34","2026-06-06","2026-06-06T14:19:34Z",96.6
"Sarah","2026-06-09 01:31:34","2026-06-06","2026-06-06T14:18:34Z",96.4
"Sarah","2026-06-09 01:31:34","2026-06-06","2026-06-06T14:17:34Z",96.3
"Sarah","2026-06-09 01:31:34","2026-06-06","2026-06-06T14:16:34Z",96.2
"Sarah","2026-06-09 01:31:34","2026-06-06","2026-06-06T14:15:34Z",96.2
"Sarah","2026-06-09 01:31:34","2026-06-06","2026-06-06T14:14:34Z",96.2
"Sarah","2026-06-09 01:31:34","2026-06-06","2026-06-06T14:13:34Z",96.4
"Sarah","2026-06-09 01:31:34","2026-06-06","2026-06-06T14:12:34Z",96.3
"Sarah","2026-06-09 01:31:34","2026-06-06","2026-06-06T14:11:34Z",96.4
"Sarah","2026-06-09 01:31:34","2026-06-06","2026-06-06T14:10:34Z",96.3
"Sarah","2026-06-09 01:31:34","2026-06-06","2026-06-06T14:09:34Z",96.3
"Sarah","2026-06-09 01:31:34","2026-06-06","2026-06-06T14:08:34Z",96.4
"Sarah","2026-06-09 01:31:34","2026-06-06","2026-06-06T14:07:34Z",96.4
"Sarah","2026-06-09 01:31:34","2026-06-06","2026-06-06T14:06:34Z",96.4
"Sarah","2026-06-09 01:31:34","2026-06-06","2026-06-06T14:05:34Z",96.3
"Sarah","2026-06-09 01:31:34","2026-06-06","2026-06-06T14:04:34Z",96.4
"Sarah","2026-06-09 01:31:34","2026-06-06","2026-06-06T14:03:34Z",96.3
"Sarah","2026-06-09 01:31:34","2026-06-06","2026-06-06T14:02:34Z",96.2
"Sarah","2026-06-09 01:31:34","2026-06-06","2026-06-06T14:01:34Z",96.2
"Sarah","2026-06-09 01:31:34","2026-06-06","2026-06-06T14:00:34Z",96.1
"Sarah","2026-06-09 01:31:34","2026-06-06","2026-06-06T13:59:34Z",96.3
"Sarah","2026-06-09 01:31:34","2026-06-06","2026-06-06T13:58:34Z",96
"Sarah","2026-06-09 01:31:34","2026-06-06","2026-06-06T13:57:34Z",96.1
"Sarah","2026-06-09 01:31:34","2026-06-06","2026-06-06T13:56:34Z",95.9
"Sarah","2026-06-09 01:31:34","2026-06-06","2026-06-06T13:55:34Z",96
"Sarah","2026-06-09 01:31:34","2026-06-06","2026-06-06T13:54:34Z",95.6
"Sarah","2026-06-09 01:31:34","2026-06-06","2026-06-06T13:53:34Z",95.7
"Sarah","2026-06-09 01:31:34","2026-06-06","2026-06-06T13:52:34Z",95.4
"Sarah","2026-06-09 01:31:34","2026-06-06","2026-06-06T13:51:34Z",50
"Sarah","2026-06-09 01:31:34","2026-06-06","2026-06-06T13:50:34Z",94.9
"Sarah","2026-06-09 01:31:34","2026-06-06","2026-06-06T13:49:34Z",95.1
"Sarah","2026-06-09 01:31:34","2026-06-06","2026-06-06T13:48:34Z",95.1
"Sarah","2026-06-09 01:31:34","2026-06-06","2026-06-06T13:47:34Z",94.7
"Sarah","2026-06-09 01:31:34","2026-06-06","2026-06-06T13:46:34Z",94.8
"Sarah","2026-06-09 01:31:34","2026-06-06","2026-06-06T13:45:34Z",95.1
"Sarah","2026-06-09 01:31:34","2026-06-06","2026-06-06T13:44:34Z",94.8
"Sarah","2026-06-09 01:31:34","2026-06-06","2026-06-06T13:43:34Z",94.7
"Sarah","2026-06-09 01:31:34","2026-06-06","2026-06-06T13:42:34Z",94.5
"Sarah","2026-06-09 01:31:34","2026-06-06","2026-06-06T13:41:34Z",94.5
"Sarah","2026-06-09 01:31:34","2026-06-06","2026-06-06T13:40:34Z",94.3
"Sarah","2026-06-09 01:31:34","2026-06-06","2026-06-06T13:39:34Z",94.6
"Sarah","2026-06-09 01:31:34","2026-06-06","2026-06-06T13:38:34Z",94.4
"Sarah","2026-06-09 01:31:34","2026-06-06","2026-06-06T13:37:34Z",94.4
"Sarah","2026-06-09 01:31:34","2026-06-06","2026-06-06T13:36:34Z",94.6
"Sarah","2026-06-09 01:31:34","2026-06-06","2026-06-06T13:35:34Z",94.4
"Sarah","2026-06-09 01:31:34","2026-06-06","2026-06-06T13:34:34Z",94.4
"Sarah","2026-06-09 01:31:34","2026-06-06","2026-06-06T13:33:34Z",94.7
"Sarah","2026-06-09 01:31:34","2026-06-06","2026-06-06T13:32:34Z",94.8
"Sarah","2026-06-09 01:31:34","2026-06-06","2026-06-06T13:31:34Z",95
"Sarah","2026-06-09 01:31:34","2026-06-06","2026-06-06T13:30:34Z",94.9
"Sarah","2026-06-09 01:31:34","2026-06-06","2026-06-06T13:29:34Z",94.7
"Sarah","2026-06-09 01:31:34","2026-06-06","2026-06-06T13:28:34Z",94.7
"Sarah","2026-06-09 01:31:34","2026-06-06","2026-06-06T13:27:34Z",94.8
"Sarah","2026-06-09 01:31:34","2026-06-06","2026-06-06T13:26:34Z",94.7
"Sarah","2026-06-09 01:31:34","2026-06-06","2026-06-06T13:25:34Z",94.5
"Sarah","2026-06-09 01:31:34","2026-06-06","2026-06-06T13:24:34Z",94.4
"Sarah","2026-06-09 01:31:34","2026-06-06","2026-06-06T13:23:34Z",94.4
"Sarah","2026-06-09 01:31:34","2026-06-06","2026-06-06T13:22:34Z",94.7
"Sarah","2026-06-09 01:31:34","2026-06-06","2026-06-06T13:21:34Z",94.9
"Sarah","2026-06-09 01:31:34","2026-06-06","2026-06-06T13:20:34Z",94.7
"Sarah","2026-06-09 01:31:34","2026-06-06","2026-06-06T13:19:34Z",94.8
"Sarah","2026-06-09 01:31:34","2026-06-06","2026-06-06T13:18:34Z",94.8
"Sarah","2026-06-09 01:31:34","2026-06-06","2026-06-06T13:17:34Z",94.6
"Sarah","2026-06-09 01:31:34","2026-06-06","2026-06-06T13:16:34Z",94.7
"Sarah","2026-06-09 01:31:34","2026-06-06","2026-06-06T13:15:34Z",94.6
"Sarah","2026-06-09 01:31:34","2026-06-06","2026-06-06T13:14:34Z",94.9
"Sarah","2026-06-09 01:31:34","2026-06-06","2026-06-06T13:13:34Z",94.7
"Sarah","2026-06-09 01:31:34","2026-06-06","2026-06-06T13:12:34Z",94.6
"Sarah","2026-06-09 01:31:34","2026-06-06","2026-06-06T13:11:34Z",94.7
"Sarah","2026-06-09 01:31:34","2026-06-06","2026-06-06T13:10:34Z",94.9
"Sarah","2026-06-09 01:31:34","2026-06-06","2026-06-06T13:09:34Z",94.8
"Sarah","2026-06-09 01:31:34","2026-06-06","2026-06-06T13:08:34Z",94.5
"Sarah","2026-06-09 01:31:34","2026-06-06","2026-06-06T13:07:34Z",94.9
"Sarah","2026-06-09 01:31:34","2026-06-06","2026-06-06T13:06:34Z",95.8
"Sarah","2026-06-09 01:31:34","2026-06-06","2026-06-06T13:05:34Z",50
"Sarah","2026-06-09 01:31:34","2026-06-06","2026-06-06T13:04:34Z",96.5
"Sarah","2026-06-09 01:31:34","2026-06-06","2026-06-06T13:03:34Z",96.7
"Sarah","2026-06-09 01:31:34","2026-06-06","2026-06-06T13:02:34Z",96.8
"Sarah","2026-06-09 01:31:34","2026-06-06","2026-06-06T13:01:34Z",96.7
"Sarah","2026-06-09 01:31:34","2026-06-06","2026-06-06T13:00:34Z",96.6
"Sarah","2026-06-09 01:31:34","2026-06-06","2026-06-06T12:59:34Z",96.6
"Sarah","2026-06-09 01:31:34","2026-06-06","2026-06-06T12:58:34Z",96.5
"Sarah","2026-06-09 01:31:34","2026-06-06","2026-06-06T12:57:34Z",96.4
"Sarah","2026-06-09 01:31:34","2026-06-06","2026-06-06T12:56:34Z",96.2
"Sarah","2026-06-09 01:31:34","2026-06-06","2026-06-06T12:55:34Z",96.2
"Sarah","2026-06-09 01:31:34","2026-06-06","2026-06-06T12:54:34Z",95.9
"Sarah","2026-06-09 01:31:34","2026-06-06","2026-06-06T12:53:34Z",95.7
"Sarah","2026-06-09 01:31:34","2026-06-06","2026-06-06T12:52:34Z",95.6
"Sarah","2026-06-09 01:31:34","2026-06-06","2026-06-06T12:51:34Z",95.7
"Sarah","2026-06-09 01:31:34","2026-06-06","2026-06-06T12:50:34Z",95.5
"Sarah","2026-06-09 01:31:34","2026-06-06","2026-06-06T12:49:34Z",95.5
"Sarah","2026-06-09 01:31:34","2026-06-06","2026-06-06T12:48:34Z",95.5
"Sarah","2026-06-09 01:31:34","2026-06-06","2026-06-06T12:47:34Z",95.5
"Sarah","2026-06-09 01:31:34","2026-06-06","2026-06-06T12:46:34Z",95.6
"Sarah","2026-06-09 01:31:34","2026-06-06","2026-06-06T12:45:34Z",50
"Sarah","2026-06-09 01:31:34","2026-06-06","2026-06-06T12:44:34Z",95.7
"Sarah","2026-06-09 01:31:34","2026-06-06","2026-06-06T12:43:34Z",95.6
"Sarah","2026-06-09 01:31:34","2026-06-06","2026-06-06T12:42:34Z",95.5
"Sarah","2026-06-09 01:31:34","2026-06-06","2026-06-06T12:41:34Z",95.7
"Sarah","2026-06-09 01:31:34","2026-06-06","2026-06-06T12:40:34Z",95.9
"Sarah","2026-06-09 01:31:34","2026-06-06","2026-06-06T12:39:34Z",95.6
"Sarah","2026-06-09 01:31:34","2026-06-06","2026-06-06T12:38:34Z",95.7
"Sarah","2026-06-09 01:31:34","2026-06-06","2026-06-06T12:37:34Z",95.9
"Sarah","2026-06-09 01:31:34","2026-06-06","2026-06-06T12:36:34Z",96.1
"Sarah","2026-06-09 01:31:34","2026-06-06","2026-06-06T12:35:34Z",95.8
"Sarah","2026-06-09 01:31:34","2026-06-06","2026-06-06T12:34:34Z",95.9
"Sarah","2026-06-09 01:31:34","2026-06-06","2026-06-06T12:33:34Z",95.4
"Sarah","2026-06-09 01:31:34","2026-06-06","2026-06-06T12:32:34Z",95.2
"Sarah","2026-06-09 01:31:34","2026-06-06","2026-06-06T12:31:34Z",95.2
"Sarah","2026-06-09 01:31:34","2026-06-06","2026-06-06T12:30:34Z",95.4
"Sarah","2026-06-09 01:31:34","2026-06-06","2026-06-06T12:29:34Z",95.4
"Sarah","2026-06-09 01:31:34","2026-06-06","2026-06-06T12:28:34Z",96
"Sarah","2026-06-09 01:31:34","2026-06-06","2026-06-06T12:27:34Z",95.8
"Sarah","2026-06-09 01:31:34","2026-06-06","2026-06-06T12:26:34Z",50
"Sarah","2026-06-09 01:31:34","2026-06-06","2026-06-06T12:25:34Z",96.3
"Sarah","2026-06-09 01:31:34","2026-06-06","2026-06-06T12:24:34Z",96.2
"Sarah","2026-06-09 01:31:34","2026-06-06","2026-06-06T12:23:34Z",96.3
"Sarah","2026-06-09 01:31:34","2026-06-06","2026-06-06T12:22:34Z",96.6
"Sarah","2026-06-09 01:31:34","2026-06-06","2026-06-06T12:21:34Z",50
"Sarah","2026-06-09 01:31:34","2026-06-06","2026-06-06T12:20:34Z",96.7
"Sarah","2026-06-09 01:31:34","2026-06-06","2026-06-06T12:19:34Z",96.6
"Sarah","2026-06-09 01:31:34","2026-06-06","2026-06-06T12:18:34Z",96.6
"Sarah","2026-06-09 01:31:34","2026-06-06","2026-06-06T12:17:34Z",96.4
"Sarah","2026-06-09 01:31:34","2026-06-06","2026-06-06T12:16:34Z",96.4
"Sarah","2026-06-09 01:31:34","2026-06-06","2026-06-06T12:15:34Z",96
"Sarah","2026-06-09 01:31:34","2026-06-06","2026-06-06T12:14:34Z",95.6
"Sarah","2026-06-09 01:31:34","2026-06-06","2026-06-06T12:13:34Z",96.3
"Sarah","2026-06-09 01:31:34","2026-06-06","2026-06-06T12:12:34Z",50
"Sarah","2026-06-09 01:31:34","2026-06-06","2026-06-06T12:11:34Z",96.5
"Sarah","2026-06-09 01:31:34","2026-06-06","2026-06-06T12:10:34Z",95.9
"Sarah","2026-06-09 01:31:34","2026-06-06","2026-06-06T12:09:34Z",94.6
"Sarah","2026-06-09 01:31:34","2026-06-06","2026-06-06T12:08:34Z",50
"Sarah","2026-06-09 01:31:34","2026-06-06","2026-06-06T12:07:34Z",93.1
"Sarah","2026-06-09 01:31:34","2026-06-06","2026-06-06T12:06:34Z",92.4
"Sarah","2026-06-09 01:31:34","2026-06-06","2026-06-06T12:05:34Z",92.5
"Sarah","2026-06-09 01:31:34","2026-06-06","2026-06-06T12:04:34Z",94.5
"Sarah","2026-06-09 01:31:34","2026-06-06","2026-06-06T12:03:34Z",50
"Sarah","2026-06-09 01:31:34","2026-06-06","2026-06-06T12:02:34Z",50
"Sarah","2026-06-09 01:31:34","2026-06-06","2026-06-06T12:01:34Z",96
"Sarah","2026-06-09 01:31:34","2026-06-06","2026-06-06T12:00:34Z",96.1
"Sarah","2026-06-09 01:31:34","2026-06-06","2026-06-06T11:59:34Z",96.3
"Sarah","2026-06-09 01:31:34","2026-06-06","2026-06-06T11:58:34Z",96.5
"Sarah","2026-06-09 01:31:34","2026-06-06","2026-06-06T11:57:34Z",96.6
"Sarah","2026-06-09 01:31:34","2026-06-06","2026-06-06T11:56:34Z",96.7
"Sarah","2026-06-09 01:31:34","2026-06-06","2026-06-06T11:55:34Z",96.7
"Sarah","2026-06-09 01:31:34","2026-06-06","2026-06-06T11:54:34Z",96.7
"Sarah","2026-06-09 01:31:34","2026-06-06","2026-06-06T11:53:34Z",96.7
"Sarah","2026-06-09 01:31:34","2026-06-06","2026-06-06T11:52:34Z",96.7
"Sarah","2026-06-09 01:31:34","2026-06-06","2026-06-06T11:51:34Z",96.7
"Sarah","2026-06-09 01:31:34","2026-06-06","2026-06-06T11:50:34Z",96.7
"Sarah","2026-06-09 01:31:34","2026-06-06","2026-06-06T11:49:34Z",96.6
"Sarah","2026-06-09 01:31:34","2026-06-06","2026-06-06T11:48:34Z",96.7
"Sarah","2026-06-09 01:31:34","2026-06-06","2026-06-06T11:47:34Z",96.6
"Sarah","2026-06-09 01:31:34","2026-06-06","2026-06-06T11:46:34Z",96.7
"Sarah","2026-06-09 01:31:34","2026-06-06","2026-06-06T11:45:34Z",96.7
"Sarah","2026-06-09 01:31:34","2026-06-06","2026-06-06T11:44:34Z",96.7
"Sarah","2026-06-09 01:31:34","2026-06-06","2026-06-06T11:43:34Z",96.7
"Sarah","2026-06-09 01:31:34","2026-06-06","2026-06-06T11:42:34Z",96.7
"Sarah","2026-06-09 01:31:34","2026-06-06","2026-06-06T11:41:34Z",96.8
"Sarah","2026-06-09 01:31:34","2026-06-06","2026-06-06T11:40:34Z",96.8
"Sarah","2026-06-09 01:31:34","2026-06-06","2026-06-06T11:39:34Z",96.8
"Sarah","2026-06-09 01:31:34","2026-06-06","2026-06-06T11:38:34Z",96.8
"Sarah","2026-06-09 01:31:34","2026-06-06","2026-06-06T11:37:34Z",96.8
"Sarah","2026-06-09 01:31:34","2026-06-06","2026-06-06T11:36:34Z",96.9
"Sarah","2026-06-09 01:31:34","2026-06-06","2026-06-06T11:35:34Z",96.9
"Sarah","2026-06-09 01:31:34","2026-06-06","2026-06-06T11:34:34Z",96.8
"Sarah","2026-06-09 01:31:34","2026-06-06","2026-06-06T11:33:34Z",96.9
"Sarah","2026-06-09 01:31:34","2026-06-06","2026-06-06T11:32:34Z",96.9
"Sarah","2026-06-09 01:31:34","2026-06-06","2026-06-06T11:31:34Z",96.9
"Sarah","2026-06-09 01:31:34","2026-06-06","2026-06-06T11:30:34Z",96.9
"Sarah","2026-06-09 01:31:34","2026-06-06","2026-06-06T11:29:34Z",96.9
"Sarah","2026-06-09 01:31:34","2026-06-06","2026-06-06T11:28:34Z",96.9
"Sarah","2026-06-09 01:31:34","2026-06-06","2026-06-06T11:27:34Z",96.9
"Sarah","2026-06-09 01:31:34","2026-06-06","2026-06-06T11:26:34Z",96.9
"Sarah","2026-06-09 01:31:34","2026-06-06","2026-06-06T11:25:34Z",96.9
"Sarah","2026-06-09 01:31:34","2026-06-06","2026-06-06T11:24:34Z",96.9
"Sarah","2026-06-09 01:31:34","2026-06-06","2026-06-06T11:23:34Z",96.9
"Sarah","2026-06-09 01:31:34","2026-06-06","2026-06-06T11:22:34Z",96.8
"Sarah","2026-06-09 01:31:34","2026-06-06","2026-06-06T11:21:34Z",96.8
"Sarah","2026-06-09 01:31:34","2026-06-06","2026-06-06T11:20:34Z",96.8
"Sarah","2026-06-09 01:31:34","2026-06-06","2026-06-06T11:19:34Z",96.8
"Sarah","2026-06-09 01:31:34","2026-06-06","2026-06-06T11:18:34Z",96.8
"Sarah","2026-06-09 01:31:34","2026-06-06","2026-06-06T11:17:34Z",96.7
"Sarah","2026-06-09 01:31:34","2026-06-06","2026-06-06T11:16:34Z",96.6
"Sarah","2026-06-09 01:31:34","2026-06-06","2026-06-06T11:15:34Z",96.7
"Sarah","2026-06-09 01:31:34","2026-06-06","2026-06-06T11:14:34Z",96.6
"Sarah","2026-06-09 01:31:34","2026-06-06","2026-06-06T11:13:34Z",96.7
"Sarah","2026-06-09 01:31:34","2026-06-06","2026-06-06T11:12:34Z",96.7
"Sarah","2026-06-09 01:31:34","2026-06-06","2026-06-06T11:11:34Z",96.9
"Sarah","2026-06-09 01:31:34","2026-06-06","2026-06-06T11:10:34Z",97
"Sarah","2026-06-09 01:31:34","2026-06-06","2026-06-06T11:09:34Z",97.1
"Sarah","2026-06-09 01:31:34","2026-06-06","2026-06-06T11:08:34Z",50
"Sarah","2026-06-09 01:31:34","2026-06-06","2026-06-06T11:07:34Z",97.1
"Sarah","2026-06-09 01:31:34","2026-06-06","2026-06-06T11:06:34Z",96.5
"Sarah","2026-06-09 01:31:34","2026-06-06","2026-06-06T11:05:34Z",50
"Sarah","2026-06-09 01:31:34","2026-06-06","2026-06-06T11:04:34Z",96.1
"Sarah","2026-06-09 01:31:34","2026-06-06","2026-06-06T11:03:34Z",95.8
"Sarah","2026-06-09 01:31:34","2026-06-06","2026-06-06T11:02:34Z",95.5
"Sarah","2026-06-09 01:31:34","2026-06-06","2026-06-06T11:01:34Z",95
"Sarah","2026-06-09 01:31:34","2026-06-06","2026-06-06T11:00:34Z",94.7
"Sarah","2026-06-09 01:31:34","2026-06-06","2026-06-06T10:59:34Z",50
"Sarah","2026-06-09 01:31:34","2026-06-06","2026-06-06T10:58:34Z",94.3
"Sarah","2026-06-09 01:31:34","2026-06-06","2026-06-06T10:57:34Z",94.3
"Sarah","2026-06-09 01:31:34","2026-06-06","2026-06-06T10:56:34Z",94.2
"Sarah","2026-06-09 01:31:34","2026-06-06","2026-06-06T10:55:34Z",94.2
"Sarah","2026-06-09 01:31:34","2026-06-06","2026-06-06T10:54:34Z",94.3
"Sarah","2026-06-09 01:31:34","2026-06-06","2026-06-06T10:53:34Z",94.3
"Sarah","2026-06-09 01:31:34","2026-06-06","2026-06-06T10:52:34Z",94.4
"Sarah","2026-06-09 01:31:34","2026-06-06","2026-06-06T10:51:34Z",94.4
"Sarah","2026-06-09 01:31:34","2026-06-06","2026-06-06T10:50:34Z",94.5
"Sarah","2026-06-09 01:31:34","2026-06-06","2026-06-06T10:49:34Z",94.6
"Sarah","2026-06-09 01:31:34","2026-06-06","2026-06-06T10:48:34Z",94.9
"Sarah","2026-06-09 01:31:34","2026-06-06","2026-06-06T10:47:34Z",50
"Sarah","2026-06-09 01:31:34","2026-06-06","2026-06-06T10:46:34Z",95.1
"Sarah","2026-06-09 01:31:34","2026-06-06","2026-06-06T10:45:34Z",95
"Sarah","2026-06-09 01:31:34","2026-06-06","2026-06-06T10:44:34Z",95
"Sarah","2026-06-09 01:31:34","2026-06-06","2026-06-06T10:43:34Z",94.9
"Sarah","2026-06-09 01:31:34","2026-06-06","2026-06-06T10:42:34Z",94.7
"Sarah","2026-06-09 01:31:34","2026-06-06","2026-06-06T10:41:34Z",94.8
"Sarah","2026-06-09 01:31:34","2026-06-06","2026-06-06T10:40:34Z",94.5
"Sarah","2026-06-09 01:31:34","2026-06-06","2026-06-06T10:39:34Z",94.5
"Sarah","2026-06-09 01:31:34","2026-06-06","2026-06-06T10:38:34Z",94.2
"Sarah","2026-06-09 01:31:34","2026-06-06","2026-06-06T10:37:34Z",94.4
"Sarah","2026-06-09 01:31:34","2026-06-06","2026-06-06T10:36:34Z",94.4
"Sarah","2026-06-09 01:31:34","2026-06-06","2026-06-06T10:35:34Z",94.3
"Sarah","2026-06-09 01:31:34","2026-06-06","2026-06-06T10:34:34Z",94.2
"Sarah","2026-06-09 01:31:34","2026-06-06","2026-06-06T10:33:34Z",94.2
"Sarah","2026-06-09 01:31:34","2026-06-06","2026-06-06T10:32:34Z",94.2
"Sarah","2026-06-09 01:31:34","2026-06-06","2026-06-06T10:31:34Z",94.1
"Sarah","2026-06-09 01:31:34","2026-06-06","2026-06-06T10:30:34Z",94
"Sarah","2026-06-09 01:31:34","2026-06-06","2026-06-06T10:29:34Z",94.4
"Sarah","2026-06-09 01:31:34","2026-06-06","2026-06-06T10:28:34Z",94.4
"Sarah","2026-06-09 01:31:34","2026-06-06","2026-06-06T10:27:34Z",94.3
"Sarah","2026-06-09 01:31:34","2026-06-06","2026-06-06T10:26:34Z",94.2
"Sarah","2026-06-09 01:31:34","2026-06-06","2026-06-06T10:25:34Z",94.3
"Sarah","2026-06-09 01:31:34","2026-06-06","2026-06-06T10:24:34Z",94.5
"Sarah","2026-06-09 01:31:34","2026-06-06","2026-06-06T10:23:34Z",93.9
"Sarah","2026-06-09 01:31:34","2026-06-06","2026-06-06T10:22:34Z",94.1
"Sarah","2026-06-09 01:31:34","2026-06-06","2026-06-06T10:21:34Z",94.5
"Sarah","2026-06-09 01:31:34","2026-06-06","2026-06-06T10:20:34Z",94.6
"Sarah","2026-06-09 01:31:34","2026-06-06","2026-06-06T10:19:34Z",94.5
"Sarah","2026-06-09 01:31:34","2026-06-06","2026-06-06T10:18:34Z",94.5
"Sarah","2026-06-09 01:31:34","2026-06-06","2026-06-06T10:17:34Z",94.7
"Sarah","2026-06-09 01:31:34","2026-06-06","2026-06-06T10:16:34Z",94.1
"Sarah","2026-06-09 01:31:34","2026-06-06","2026-06-06T10:15:34Z",93.4
"Sarah","2026-06-09 01:31:34","2026-06-06","2026-06-06T10:14:34Z",93.1
"Sarah","2026-06-09 01:31:34","2026-06-06","2026-06-06T10:13:34Z",93.6
"Sarah","2026-06-09 01:31:34","2026-06-06","2026-06-06T10:12:34Z",93.8
"Sarah","2026-06-09 01:31:34","2026-06-06","2026-06-06T10:11:34Z",93.4
"Sarah","2026-06-09 01:31:34","2026-06-06","2026-06-06T10:10:34Z",93.1
"Sarah","2026-06-09 01:31:34","2026-06-06","2026-06-06T10:09:34Z",92.7
"Sarah","2026-06-09 01:31:34","2026-06-06","2026-06-06T10:08:34Z",93.1
"Sarah","2026-06-09 01:31:34","2026-06-06","2026-06-06T10:07:34Z",93.7
"Sarah","2026-06-09 01:31:34","2026-06-06","2026-06-06T10:06:34Z",92.9
"Sarah","2026-06-09 01:31:34","2026-06-06","2026-06-06T10:05:34Z",92.5
"Sarah","2026-06-09 01:31:34","2026-06-06","2026-06-06T10:04:34Z",92.6
"Sarah","2026-06-09 01:31:34","2026-06-06","2026-06-06T10:03:34Z",92.5
"Sarah","2026-06-09 01:31:34","2026-06-06","2026-06-06T10:02:34Z",92.8
"Sarah","2026-06-09 01:31:34","2026-06-06","2026-06-06T10:01:34Z",92.4
"Sarah","2026-06-09 01:31:34","2026-06-06","2026-06-06T10:00:34Z",92.8
"Sarah","2026-06-09 01:31:34","2026-06-06","2026-06-06T09:59:34Z",92.8
"Sarah","2026-06-09 01:31:34","2026-06-06","2026-06-06T09:58:34Z",92.9
"Sarah","2026-06-09 01:31:34","2026-06-06","2026-06-06T09:57:34Z",92.8
"Sarah","2026-06-09 01:31:34","2026-06-06","2026-06-06T09:56:34Z",92.8
"Sarah","2026-06-09 01:31:34","2026-06-06","2026-06-06T09:55:34Z",92.6
"Sarah","2026-06-09 01:31:34","2026-06-06","2026-06-06T09:54:34Z",92.7
"Sarah","2026-06-09 01:31:34","2026-06-06","2026-06-06T09:53:34Z",92.2
"Sarah","2026-06-09 01:31:34","2026-06-06","2026-06-06T09:52:34Z",92.3
"Sarah","2026-06-09 01:31:34","2026-06-06","2026-06-06T09:51:34Z",92.5
"Sarah","2026-06-09 01:31:34","2026-06-06","2026-06-06T09:50:34Z",92.1
"Sarah","2026-06-09 01:31:34","2026-06-06","2026-06-06T09:49:34Z",92.2
"Sarah","2026-06-09 01:31:34","2026-06-06","2026-06-06T09:48:34Z",92.4
"Sarah","2026-06-09 01:31:34","2026-06-06","2026-06-06T09:47:34Z",92.3
"Sarah","2026-06-09 01:31:34","2026-06-06","2026-06-06T09:46:34Z",92.5
"Sarah","2026-06-09 01:31:34","2026-06-06","2026-06-06T09:45:34Z",91.9
"Sarah","2026-06-09 01:31:34","2026-06-06","2026-06-06T09:44:34Z",91.8
"Sarah","2026-06-09 01:31:34","2026-06-06","2026-06-06T09:43:34Z",92.2
"Sarah","2026-06-09 01:31:34","2026-06-06","2026-06-06T09:42:34Z",92.5
"Sarah","2026-06-09 01:31:34","2026-06-06","2026-06-06T09:41:34Z",92.5
"Sarah","2026-06-09 01:31:34","2026-06-06","2026-06-06T09:40:34Z",92.4
"Sarah","2026-06-09 01:31:34","2026-06-06","2026-06-06T09:39:34Z",92.8
"Sarah","2026-06-09 01:31:34","2026-06-06","2026-06-06T09:38:34Z",93.1
"Sarah","2026-06-09 01:31:34","2026-06-06","2026-06-06T09:37:34Z",92.9
"Sarah","2026-06-09 01:31:34","2026-06-06","2026-06-06T09:36:34Z",93.1
"Sarah","2026-06-09 01:31:34","2026-06-06","2026-06-06T09:35:34Z",93.1
"Sarah","2026-06-09 01:31:34","2026-06-06","2026-06-06T09:34:34Z",93.2
"Sarah","2026-06-09 01:31:34","2026-06-06","2026-06-06T09:33:34Z",93.2
"Sarah","2026-06-09 01:31:34","2026-06-06","2026-06-06T09:32:34Z",93.6
"Sarah","2026-06-09 01:31:34","2026-06-06","2026-06-06T09:31:34Z",93.8
"Sarah","2026-06-09 01:31:34","2026-06-06","2026-06-06T09:30:34Z",93.6
"Sarah","2026-06-09 01:31:34","2026-06-06","2026-06-06T09:29:34Z",93.9
"Sarah","2026-06-09 01:31:34","2026-06-06","2026-06-06T09:28:34Z",94.2
"Sarah","2026-06-09 01:31:34","2026-06-06","2026-06-06T09:27:34Z",94.8
"Sarah","2026-06-09 01:31:34","2026-06-06","2026-06-06T09:26:34Z",95.1
"Sarah","2026-06-09 01:31:34","2026-06-06","2026-06-06T09:25:34Z",95.1
"Sarah","2026-06-09 01:31:34","2026-06-06","2026-06-06T09:24:34Z",95.6
"Sarah","2026-06-09 01:31:34","2026-06-06","2026-06-06T09:23:34Z",95.4
"Sarah","2026-06-09 01:31:34","2026-06-06","2026-06-06T09:22:34Z",95.8
"Sarah","2026-06-09 01:31:34","2026-06-06","2026-06-06T09:21:34Z",96.8
"Sarah","2026-06-09 01:31:34","2026-06-06","2026-06-06T09:20:34Z",97.4
"Sarah","2026-06-09 01:31:34","2026-06-06","2026-06-06T09:19:34Z",97.4
"Sarah","2026-06-09 01:31:34","2026-06-06","2026-06-06T09:18:34Z",97.6
"Sarah","2026-06-09 01:31:34","2026-06-06","2026-06-06T09:17:34Z",97.1
"Sarah","2026-06-09 01:31:34","2026-06-06","2026-06-06T09:16:34Z",96.1
"Sarah","2026-06-09 01:31:34","2026-06-06","2026-06-06T09:15:34Z",94.8
"Sarah","2026-06-09 01:31:34","2026-06-06","2026-06-06T09:14:34Z",50
"Sarah","2026-06-09 01:31:34","2026-06-06","2026-06-06T09:13:34Z",50
"Sarah","2026-06-09 01:31:34","2026-06-06","2026-06-06T09:12:34Z",93.6
"Sarah","2026-06-09 01:31:34","2026-06-06","2026-06-06T09:11:34Z",94.1
"Sarah","2026-06-09 01:31:34","2026-06-06","2026-06-06T09:10:34Z",50
"Sarah","2026-06-09 01:31:34","2026-06-06","2026-06-06T09:09:34Z",94
"Sarah","2026-06-09 01:31:34","2026-06-06","2026-06-06T09:08:34Z",93.9
"Sarah","2026-06-09 01:31:34","2026-06-06","2026-06-06T09:07:34Z",93.7
"Sarah","2026-06-09 01:31:34","2026-06-06","2026-06-06T09:06:34Z",93.6
"Sarah","2026-06-09 01:31:34","2026-06-06","2026-06-06T09:05:34Z",93.5
"Sarah","2026-06-09 01:31:34","2026-06-06","2026-06-06T09:04:34Z",93.3
"Sarah","2026-06-09 01:31:34","2026-06-06","2026-06-06T09:03:34Z",93.2
"Sarah","2026-06-09 01:31:34","2026-06-06","2026-06-06T09:02:34Z",92.8
"Sarah","2026-06-09 01:31:34","2026-06-06","2026-06-06T09:01:34Z",92.7
"Sarah","2026-06-09 01:31:34","2026-06-06","2026-06-06T09:00:34Z",50
"Sarah","2026-06-09 01:31:34","2026-06-06","2026-06-06T08:59:34Z",92.5
"Sarah","2026-06-09 01:31:34","2026-06-06","2026-06-06T08:58:34Z",92.7
"Sarah","2026-06-09 01:31:34","2026-06-06","2026-06-06T08:57:34Z",92.9
"Sarah","2026-06-09 01:31:34","2026-06-06","2026-06-06T08:56:34Z",93
"Sarah","2026-06-09 01:31:34","2026-06-06","2026-06-06T08:55:34Z",93
"Sarah","2026-06-09 01:31:34","2026-06-06","2026-06-06T08:54:34Z",92.9
"Sarah","2026-06-09 01:31:34","2026-06-06","2026-06-06T08:53:34Z",92.9
"Sarah","2026-06-09 01:31:34","2026-06-06","2026-06-06T08:52:34Z",92.6
"Sarah","2026-06-09 01:31:34","2026-06-06","2026-06-06T08:51:34Z",50
"Sarah","2026-06-09 01:31:34","2026-06-06","2026-06-06T08:50:34Z",92.9
"Sarah","2026-06-09 01:31:34","2026-06-06","2026-06-06T08:49:34Z",93.1
"Sarah","2026-06-09 01:31:34","2026-06-06","2026-06-06T08:48:34Z",92.9
"Sarah","2026-06-09 01:31:34","2026-06-06","2026-06-06T08:47:34Z",93.4
"Sarah","2026-06-09 01:31:34","2026-06-06","2026-06-06T08:46:34Z",94.1
"Sarah","2026-06-09 01:31:34","2026-06-06","2026-06-06T08:45:34Z",95
"Sarah","2026-06-09 01:31:34","2026-06-06","2026-06-06T08:44:34Z",95.1
"Sarah","2026-06-09 01:31:34","2026-06-06","2026-06-06T08:43:34Z",95.2
"Sarah","2026-06-09 01:31:34","2026-06-06","2026-06-06T08:42:34Z",95.3
"Sarah","2026-06-09 01:31:34","2026-06-06","2026-06-06T08:41:34Z",95.4
"Sarah","2026-06-09 01:31:34","2026-06-06","2026-06-06T08:40:34Z",95.4
"Sarah","2026-06-09 01:31:34","2026-06-06","2026-06-06T08:39:34Z",95.5
"Sarah","2026-06-09 01:31:34","2026-06-06","2026-06-06T08:38:34Z",95.5
"Sarah","2026-06-09 01:31:34","2026-06-06","2026-06-06T08:37:34Z",95.4
"Sarah","2026-06-09 01:31:34","2026-06-06","2026-06-06T08:36:34Z",50
"Sarah","2026-06-09 01:31:34","2026-06-06","2026-06-06T08:35:34Z",95
"Sarah","2026-06-09 01:31:34","2026-06-06","2026-06-06T08:34:34Z",94.8
"Sarah","2026-06-09 01:31:34","2026-06-06","2026-06-06T08:33:34Z",94.8
"Sarah","2026-06-09 01:31:34","2026-06-06","2026-06-06T08:32:34Z",94.6
"Sarah","2026-06-09 01:31:34","2026-06-06","2026-06-06T08:31:34Z",94.6
"Sarah","2026-06-09 01:31:34","2026-06-06","2026-06-06T08:30:34Z",94.6
"Sarah","2026-06-09 01:31:34","2026-06-06","2026-06-06T08:29:34Z",94.6
"Sarah","2026-06-09 01:31:34","2026-06-06","2026-06-06T08:28:34Z",94.6
"Sarah","2026-06-09 01:31:34","2026-06-06","2026-06-06T08:27:34Z",94.5
"Sarah","2026-06-09 01:31:34","2026-06-06","2026-06-06T08:26:34Z",94.3
"Sarah","2026-06-09 01:31:34","2026-06-06","2026-06-06T08:25:34Z",94.3
"Sarah","2026-06-09 01:31:34","2026-06-06","2026-06-06T08:24:34Z",94.5
"Sarah","2026-06-09 01:31:34","2026-06-06","2026-06-06T08:23:34Z",94.3
"Sarah","2026-06-09 01:31:34","2026-06-06","2026-06-06T08:22:34Z",94.2
"Sarah","2026-06-09 01:31:34","2026-06-06","2026-06-06T08:21:34Z",94.1
"Sarah","2026-06-09 01:31:34","2026-06-06","2026-06-06T08:20:34Z",93.9
"Sarah","2026-06-09 01:31:34","2026-06-06","2026-06-06T08:19:34Z",50
"Sarah","2026-06-09 01:31:34","2026-06-06","2026-06-06T08:18:34Z",50
"Sarah","2026-06-09 01:31:34","2026-06-06","2026-06-06T08:17:34Z",93.8
"Sarah","2026-06-09 01:31:34","2026-06-06","2026-06-06T08:16:34Z",93.8
"Sarah","2026-06-09 01:31:34","2026-06-06","2026-06-06T08:15:34Z",93.9
"Sarah","2026-06-09 01:31:34","2026-06-06","2026-06-06T08:14:34Z",93.9
"Sarah","2026-06-09 01:31:34","2026-06-06","2026-06-06T08:13:34Z",93.8
"Sarah","2026-06-09 01:31:34","2026-06-06","2026-06-06T08:12:34Z",93.7
"Sarah","2026-06-09 01:31:34","2026-06-06","2026-06-06T08:11:34Z",93.6
"Sarah","2026-06-09 01:31:34","2026-06-06","2026-06-06T08:10:34Z",93.6
"Sarah","2026-06-09 01:31:34","2026-06-06","2026-06-06T08:09:34Z",93.6
"Sarah","2026-06-09 01:31:34","2026-06-06","2026-06-06T08:08:34Z",93.5
"Sarah","2026-06-09 01:31:34","2026-06-06","2026-06-06T08:07:34Z",93.5
"Sarah","2026-06-09 01:31:34","2026-06-06","2026-06-06T08:06:34Z",93.4
"Sarah","2026-06-09 01:31:34","2026-06-06","2026-06-06T08:05:34Z",93.3
"Sarah","2026-06-09 01:31:34","2026-06-06","2026-06-06T08:04:34Z",93.3
"Sarah","2026-06-09 01:31:34","2026-06-06","2026-06-06T08:03:34Z",93.2
"Sarah","2026-06-09 01:31:34","2026-06-06","2026-06-06T08:02:34Z",93.2
"Sarah","2026-06-09 01:31:34","2026-06-06","2026-06-06T08:01:34Z",93.1
"Sarah","2026-06-09 01:31:34","2026-06-06","2026-06-06T08:00:34Z",93
"Sarah","2026-06-09 01:31:34","2026-06-06","2026-06-06T07:59:34Z",93
"Sarah","2026-06-09 01:31:34","2026-06-06","2026-06-06T07:58:34Z",93.1
"Sarah","2026-06-09 01:31:34","2026-06-06","2026-06-06T07:57:34Z",93
"Sarah","2026-06-09 01:31:34","2026-06-06","2026-06-06T07:56:34Z",93
"Sarah","2026-06-09 01:31:34","2026-06-06","2026-06-06T07:55:34Z",93.1
"Sarah","2026-06-09 01:31:34","2026-06-06","2026-06-06T07:54:34Z",93.1
"Sarah","2026-06-09 01:31:34","2026-06-06","2026-06-06T07:53:34Z",93.4
"Sarah","2026-06-09 01:31:34","2026-06-06","2026-06-06T07:52:34Z",93.8
"Sarah","2026-06-09 01:31:34","2026-06-06","2026-06-06T07:51:34Z",94.3
"Sarah","2026-06-09 01:31:34","2026-06-06","2026-06-06T07:50:34Z",95.2
"Sarah","2026-06-09 01:31:34","2026-06-06","2026-06-06T07:49:34Z",96.4
"Sarah","2026-06-09 01:31:34","2026-06-06","2026-06-06T07:46:33Z",92.8
"Sarah","2026-06-09 01:31:34","2026-06-06","2026-06-06T07:45:33Z",93.2
"Sarah","2026-06-09 01:31:34","2026-06-06","2026-06-06T07:44:33Z",94
"Sarah","2026-06-09 01:31:34","2026-06-06","2026-06-06T07:43:33Z",50
"Sarah","2026-06-09 01:31:34","2026-06-06","2026-06-06T07:42:33Z",50
"Sarah","2026-06-09 01:31:34","2026-06-06","2026-06-06T07:41:33Z",95.3
"Sarah","2026-06-09 01:31:34","2026-06-06","2026-06-06T07:40:33Z",95.5
"Sarah","2026-06-09 01:31:34","2026-06-06","2026-06-06T07:39:33Z",96.1
"Sarah","2026-06-09 01:31:34","2026-06-06","2026-06-06T07:38:33Z",96.6
"Sarah","2026-06-09 01:31:34","2026-06-06","2026-06-06T07:37:33Z",97.4
"Sarah","2026-06-09 01:31:34","2026-06-06","2026-06-06T07:02:34Z",50
"Sarah","2026-06-09 01:31:34","2026-06-06","2026-06-06T07:01:34Z",50
"Sarah","2026-06-09 01:31:34","2026-06-06","2026-06-06T07:00:34Z",50
"Sarah","2026-06-09 01:31:34","2026-06-06","2026-06-06T06:59:34Z",50
"Sarah","2026-06-09 01:31:34","2026-06-06","2026-06-06T06:58:34Z",50
"Sarah","2026-06-09 01:31:34","2026-06-06","2026-06-06T06:57:34Z",50
"Sarah","2026-06-09 01:38:14","2026-06-07","2026-06-07T15:17:03Z",50
"Sarah","2026-06-09 01:38:14","2026-06-07","2026-06-07T15:16:03Z",50
"Sarah","2026-06-09 01:38:14","2026-06-07","2026-06-07T15:15:03Z",50
"Sarah","2026-06-09 01:38:14","2026-06-07","2026-06-07T15:14:03Z",50
"Sarah","2026-06-09 01:38:14","2026-06-07","2026-06-07T15:13:03Z",50
"Sarah","2026-06-09 01:38:14","2026-06-07","2026-06-07T15:12:03Z",50
"Sarah","2026-06-09 01:38:14","2026-06-07","2026-06-07T15:11:03Z",50
"Sarah","2026-06-09 01:38:14","2026-06-07","2026-06-07T15:10:03Z",50
"Sarah","2026-06-09 01:38:14","2026-06-07","2026-06-07T15:09:03Z",50
"Sarah","2026-06-09 01:38:14","2026-06-07","2026-06-07T15:08:03Z",50
"Sarah","2026-06-09 01:38:14","2026-06-07","2026-06-07T15:07:03Z",50
"Sarah","2026-06-09 01:38:14","2026-06-07","2026-06-07T15:06:03Z",50
"Sarah","2026-06-09 01:38:14","2026-06-07","2026-06-07T15:05:03Z",94.9
"Sarah","2026-06-09 01:38:14","2026-06-07","2026-06-07T15:04:03Z",50
"Sarah","2026-06-09 01:38:14","2026-06-07","2026-06-07T15:03:03Z",50
"Sarah","2026-06-09 01:38:14","2026-06-07","2026-06-07T15:02:03Z",50
"Sarah","2026-06-09 01:38:14","2026-06-07","2026-06-07T15:01:03Z",95.4
"Sarah","2026-06-09 01:38:14","2026-06-07","2026-06-07T15:00:03Z",95.4
"Sarah","2026-06-09 01:38:14","2026-06-07","2026-06-07T14:59:03Z",95.4
"Sarah","2026-06-09 01:38:14","2026-06-07","2026-06-07T14:58:03Z",95.4
"Sarah","2026-06-09 01:38:14","2026-06-07","2026-06-07T14:57:03Z",95.3
"Sarah","2026-06-09 01:38:14","2026-06-07","2026-06-07T14:56:03Z",95.3
"Sarah","2026-06-09 01:38:14","2026-06-07","2026-06-07T14:55:03Z",95.4
"Sarah","2026-06-09 01:38:14","2026-06-07","2026-06-07T14:54:03Z",95.3
"Sarah","2026-06-09 01:38:14","2026-06-07","2026-06-07T14:53:03Z",95.3
"Sarah","2026-06-09 01:38:14","2026-06-07","2026-06-07T14:52:03Z",95.4
"Sarah","2026-06-09 01:38:14","2026-06-07","2026-06-07T14:51:03Z",95.5
"Sarah","2026-06-09 01:38:14","2026-06-07","2026-06-07T14:50:03Z",95.5
"Sarah","2026-06-09 01:38:14","2026-06-07","2026-06-07T14:49:03Z",95.4
"Sarah","2026-06-09 01:38:14","2026-06-07","2026-06-07T14:48:03Z",95.3
"Sarah","2026-06-09 01:38:14","2026-06-07","2026-06-07T14:47:03Z",95.3
"Sarah","2026-06-09 01:38:14","2026-06-07","2026-06-07T14:46:03Z",95.1
"Sarah","2026-06-09 01:38:14","2026-06-07","2026-06-07T14:45:03Z",95.3
"Sarah","2026-06-09 01:38:14","2026-06-07","2026-06-07T14:44:03Z",95.3
"Sarah","2026-06-09 01:38:14","2026-06-07","2026-06-07T14:43:03Z",95.3
"Sarah","2026-06-09 01:38:14","2026-06-07","2026-06-07T14:42:03Z",95.4
"Sarah","2026-06-09 01:38:14","2026-06-07","2026-06-07T14:41:03Z",95.3
"Sarah","2026-06-09 01:38:14","2026-06-07","2026-06-07T14:40:03Z",95.4
"Sarah","2026-06-09 01:38:14","2026-06-07","2026-06-07T14:39:03Z",95.3
"Sarah","2026-06-09 01:38:14","2026-06-07","2026-06-07T14:38:03Z",95.2
"Sarah","2026-06-09 01:38:14","2026-06-07","2026-06-07T14:37:03Z",95.1
"Sarah","2026-06-09 01:38:14","2026-06-07","2026-06-07T14:36:03Z",95
"Sarah","2026-06-09 01:38:14","2026-06-07","2026-06-07T14:35:03Z",95
"Sarah","2026-06-09 01:38:14","2026-06-07","2026-06-07T14:34:03Z",95
"Sarah","2026-06-09 01:38:14","2026-06-07","2026-06-07T14:33:03Z",94.9
"Sarah","2026-06-09 01:38:14","2026-06-07","2026-06-07T14:32:03Z",94.8
"Sarah","2026-06-09 01:38:14","2026-06-07","2026-06-07T14:31:03Z",94.9
"Sarah","2026-06-09 01:38:14","2026-06-07","2026-06-07T14:30:03Z",94.7
"Sarah","2026-06-09 01:38:14","2026-06-07","2026-06-07T14:29:03Z",94.7
"Sarah","2026-06-09 01:38:14","2026-06-07","2026-06-07T14:28:03Z",94.7
"Sarah","2026-06-09 01:38:14","2026-06-07","2026-06-07T14:27:03Z",94.5
"Sarah","2026-06-09 01:38:14","2026-06-07","2026-06-07T14:26:03Z",94.8
"Sarah","2026-06-09 01:38:14","2026-06-07","2026-06-07T14:25:03Z",95.2
"Sarah","2026-06-09 01:38:14","2026-06-07","2026-06-07T14:24:03Z",50
"Sarah","2026-06-09 01:38:14","2026-06-07","2026-06-07T14:23:03Z",95.9
"Sarah","2026-06-09 01:38:14","2026-06-07","2026-06-07T14:22:03Z",95.8
"Sarah","2026-06-09 01:38:14","2026-06-07","2026-06-07T14:21:03Z",95.6
"Sarah","2026-06-09 01:38:14","2026-06-07","2026-06-07T14:20:03Z",95.8
"Sarah","2026-06-09 01:38:14","2026-06-07","2026-06-07T14:19:03Z",95.8
"Sarah","2026-06-09 01:38:14","2026-06-07","2026-06-07T14:18:03Z",50
"Sarah","2026-06-09 01:38:14","2026-06-07","2026-06-07T14:17:03Z",95.2
"Sarah","2026-06-09 01:38:14","2026-06-07","2026-06-07T14:16:03Z",94.5
"Sarah","2026-06-09 01:38:14","2026-06-07","2026-06-07T14:15:03Z",93.8
"Sarah","2026-06-09 01:38:14","2026-06-07","2026-06-07T14:14:03Z",50
"Sarah","2026-06-09 01:38:14","2026-06-07","2026-06-07T14:13:03Z",93.7
"Sarah","2026-06-09 01:38:14","2026-06-07","2026-06-07T14:12:03Z",94.2
"Sarah","2026-06-09 01:38:14","2026-06-07","2026-06-07T14:11:03Z",94.7
"Sarah","2026-06-09 01:38:14","2026-06-07","2026-06-07T14:10:03Z",94.7
"Sarah","2026-06-09 01:38:14","2026-06-07","2026-06-07T14:09:03Z",50
"Sarah","2026-06-09 01:38:14","2026-06-07","2026-06-07T14:08:03Z",96.2
"Sarah","2026-06-09 01:38:14","2026-06-07","2026-06-07T14:07:03Z",96
"Sarah","2026-06-09 01:38:14","2026-06-07","2026-06-07T14:06:03Z",96.1
"Sarah","2026-06-09 01:38:14","2026-06-07","2026-06-07T14:05:03Z",96.1
"Sarah","2026-06-09 01:38:14","2026-06-07","2026-06-07T14:04:03Z",96.2
"Sarah","2026-06-09 01:38:14","2026-06-07","2026-06-07T14:03:03Z",96.3
"Sarah","2026-06-09 01:38:14","2026-06-07","2026-06-07T14:02:03Z",96.5
"Sarah","2026-06-09 01:38:14","2026-06-07","2026-06-07T14:01:03Z",96.7
"Sarah","2026-06-09 01:38:14","2026-06-07","2026-06-07T14:00:03Z",97.1
"Sarah","2026-06-09 01:38:14","2026-06-07","2026-06-07T13:59:03Z",97.3
"Sarah","2026-06-09 01:38:14","2026-06-07","2026-06-07T13:58:03Z",96.8
"Sarah","2026-06-09 01:38:14","2026-06-07","2026-06-07T13:57:03Z",96.1
"Sarah","2026-06-09 01:38:14","2026-06-07","2026-06-07T13:56:03Z",96.1
"Sarah","2026-06-09 01:38:14","2026-06-07","2026-06-07T13:55:03Z",96.1
"Sarah","2026-06-09 01:38:14","2026-06-07","2026-06-07T13:54:03Z",96.1
"Sarah","2026-06-09 01:38:14","2026-06-07","2026-06-07T13:53:03Z",96.2
"Sarah","2026-06-09 01:38:14","2026-06-07","2026-06-07T13:52:03Z",50
"Sarah","2026-06-09 01:38:14","2026-06-07","2026-06-07T13:51:03Z",50
"Sarah","2026-06-09 01:38:14","2026-06-07","2026-06-07T13:50:03Z",96.1
"Sarah","2026-06-09 01:38:14","2026-06-07","2026-06-07T13:49:03Z",96.2
"Sarah","2026-06-09 01:38:14","2026-06-07","2026-06-07T13:48:03Z",96.1
"Sarah","2026-06-09 01:38:14","2026-06-07","2026-06-07T13:47:03Z",96.3
"Sarah","2026-06-09 01:38:14","2026-06-07","2026-06-07T13:46:03Z",96.1
"Sarah","2026-06-09 01:38:14","2026-06-07","2026-06-07T13:45:03Z",96.3
"Sarah","2026-06-09 01:38:14","2026-06-07","2026-06-07T13:44:03Z",96.2
"Sarah","2026-06-09 01:38:14","2026-06-07","2026-06-07T13:43:03Z",96.2
"Sarah","2026-06-09 01:38:14","2026-06-07","2026-06-07T13:42:03Z",96.1
"Sarah","2026-06-09 01:38:14","2026-06-07","2026-06-07T13:41:03Z",96.1
"Sarah","2026-06-09 01:38:14","2026-06-07","2026-06-07T13:40:03Z",96
"Sarah","2026-06-09 01:38:14","2026-06-07","2026-06-07T13:39:03Z",96.3
"Sarah","2026-06-09 01:38:14","2026-06-07","2026-06-07T13:38:03Z",96.2
"Sarah","2026-06-09 01:38:14","2026-06-07","2026-06-07T13:37:03Z",96.3
"Sarah","2026-06-09 01:38:14","2026-06-07","2026-06-07T13:36:03Z",96.4
"Sarah","2026-06-09 01:38:14","2026-06-07","2026-06-07T13:35:03Z",96.4
"Sarah","2026-06-09 01:38:14","2026-06-07","2026-06-07T13:34:03Z",96.4
"Sarah","2026-06-09 01:38:14","2026-06-07","2026-06-07T13:33:03Z",96.2
"Sarah","2026-06-09 01:38:14","2026-06-07","2026-06-07T13:32:03Z",96.3
"Sarah","2026-06-09 01:38:14","2026-06-07","2026-06-07T13:31:03Z",96.2
"Sarah","2026-06-09 01:38:14","2026-06-07","2026-06-07T13:30:03Z",96.3
"Sarah","2026-06-09 01:38:14","2026-06-07","2026-06-07T13:29:03Z",96.3
"Sarah","2026-06-09 01:38:14","2026-06-07","2026-06-07T13:28:03Z",96.3
"Sarah","2026-06-09 01:38:14","2026-06-07","2026-06-07T13:27:03Z",96.5
"Sarah","2026-06-09 01:38:14","2026-06-07","2026-06-07T13:26:03Z",96.3
"Sarah","2026-06-09 01:38:14","2026-06-07","2026-06-07T13:25:03Z",96.3
"Sarah","2026-06-09 01:38:14","2026-06-07","2026-06-07T13:24:03Z",96.4
"Sarah","2026-06-09 01:38:14","2026-06-07","2026-06-07T13:23:03Z",96.2
"Sarah","2026-06-09 01:38:14","2026-06-07","2026-06-07T13:22:03Z",96.3
"Sarah","2026-06-09 01:38:14","2026-06-07","2026-06-07T13:21:03Z",96.2
"Sarah","2026-06-09 01:38:14","2026-06-07","2026-06-07T13:20:03Z",96.3
"Sarah","2026-06-09 01:38:14","2026-06-07","2026-06-07T13:19:03Z",96.2
"Sarah","2026-06-09 01:38:14","2026-06-07","2026-06-07T13:18:03Z",96.2
"Sarah","2026-06-09 01:38:14","2026-06-07","2026-06-07T13:17:03Z",96.2
"Sarah","2026-06-09 01:38:14","2026-06-07","2026-06-07T13:16:03Z",96.4
"Sarah","2026-06-09 01:38:14","2026-06-07","2026-06-07T13:15:03Z",96.2
"Sarah","2026-06-09 01:38:14","2026-06-07","2026-06-07T13:14:03Z",96.1
"Sarah","2026-06-09 01:38:14","2026-06-07","2026-06-07T13:13:03Z",96.1
"Sarah","2026-06-09 01:38:14","2026-06-07","2026-06-07T13:12:03Z",96.3
"Sarah","2026-06-09 01:38:14","2026-06-07","2026-06-07T13:11:03Z",96.4
"Sarah","2026-06-09 01:38:14","2026-06-07","2026-06-07T13:10:03Z",96.2
"Sarah","2026-06-09 01:38:14","2026-06-07","2026-06-07T13:09:03Z",96.3
"Sarah","2026-06-09 01:38:14","2026-06-07","2026-06-07T13:08:03Z",96.3
"Sarah","2026-06-09 01:38:14","2026-06-07","2026-06-07T13:07:03Z",96.2
"Sarah","2026-06-09 01:38:14","2026-06-07","2026-06-07T13:06:03Z",96.1
"Sarah","2026-06-09 01:38:14","2026-06-07","2026-06-07T13:05:03Z",96.1
"Sarah","2026-06-09 01:38:14","2026-06-07","2026-06-07T13:04:03Z",96.3
"Sarah","2026-06-09 01:38:14","2026-06-07","2026-06-07T13:03:03Z",96.3
"Sarah","2026-06-09 01:38:14","2026-06-07","2026-06-07T13:02:03Z",96.4
"Sarah","2026-06-09 01:38:14","2026-06-07","2026-06-07T13:01:03Z",96.4
"Sarah","2026-06-09 01:38:14","2026-06-07","2026-06-07T13:00:03Z",96.6
"Sarah","2026-06-09 01:38:14","2026-06-07","2026-06-07T12:59:03Z",96.9
"Sarah","2026-06-09 01:38:14","2026-06-07","2026-06-07T12:58:03Z",96.3
"Sarah","2026-06-09 01:38:14","2026-06-07","2026-06-07T12:57:03Z",96.5
"Sarah","2026-06-09 01:38:14","2026-06-07","2026-06-07T12:56:03Z",96.6
"Sarah","2026-06-09 01:38:14","2026-06-07","2026-06-07T12:55:03Z",96.6
"Sarah","2026-06-09 01:38:14","2026-06-07","2026-06-07T12:54:03Z",96.6
"Sarah","2026-06-09 01:38:14","2026-06-07","2026-06-07T12:53:03Z",96.5
"Sarah","2026-06-09 01:38:14","2026-06-07","2026-06-07T12:52:03Z",96.7
"Sarah","2026-06-09 01:38:14","2026-06-07","2026-06-07T12:51:03Z",96.5
"Sarah","2026-06-09 01:38:14","2026-06-07","2026-06-07T12:50:03Z",96.5
"Sarah","2026-06-09 01:38:14","2026-06-07","2026-06-07T12:49:03Z",96.5
"Sarah","2026-06-09 01:38:14","2026-06-07","2026-06-07T12:48:03Z",96.5
"Sarah","2026-06-09 01:38:14","2026-06-07","2026-06-07T12:47:03Z",96.5
"Sarah","2026-06-09 01:38:14","2026-06-07","2026-06-07T12:46:03Z",96.5
"Sarah","2026-06-09 01:38:14","2026-06-07","2026-06-07T12:45:03Z",96.6
"Sarah","2026-06-09 01:38:14","2026-06-07","2026-06-07T12:44:03Z",96.5
"Sarah","2026-06-09 01:38:14","2026-06-07","2026-06-07T12:43:03Z",96.3
"Sarah","2026-06-09 01:38:14","2026-06-07","2026-06-07T12:42:03Z",96
"Sarah","2026-06-09 01:38:14","2026-06-07","2026-06-07T12:41:03Z",95.8
"Sarah","2026-06-09 01:38:14","2026-06-07","2026-06-07T12:40:03Z",95.2
"Sarah","2026-06-09 01:38:14","2026-06-07","2026-06-07T12:39:03Z",94.3
"Sarah","2026-06-09 01:38:14","2026-06-07","2026-06-07T12:38:03Z",93.1
"Sarah","2026-06-09 01:38:14","2026-06-07","2026-06-07T12:37:03Z",91.4
"Sarah","2026-06-09 01:38:14","2026-06-07","2026-06-07T12:36:03Z",50
"Sarah","2026-06-09 01:38:14","2026-06-07","2026-06-07T12:35:03Z",90.6
"Sarah","2026-06-09 01:38:14","2026-06-07","2026-06-07T12:34:03Z",90.7
"Sarah","2026-06-09 01:38:14","2026-06-07","2026-06-07T12:33:03Z",90.8
"Sarah","2026-06-09 01:38:14","2026-06-07","2026-06-07T12:32:03Z",90.8
"Sarah","2026-06-09 01:38:14","2026-06-07","2026-06-07T12:31:03Z",90.9
"Sarah","2026-06-09 01:38:14","2026-06-07","2026-06-07T12:30:03Z",91.1
"Sarah","2026-06-09 01:38:14","2026-06-07","2026-06-07T12:29:03Z",91.3
"Sarah","2026-06-09 01:38:14","2026-06-07","2026-06-07T12:28:03Z",91.8
"Sarah","2026-06-09 01:38:14","2026-06-07","2026-06-07T12:27:03Z",92.3
"Sarah","2026-06-09 01:38:14","2026-06-07","2026-06-07T12:26:03Z",93.3
"Sarah","2026-06-09 01:38:14","2026-06-07","2026-06-07T12:25:03Z",94.3
"Sarah","2026-06-09 01:38:14","2026-06-07","2026-06-07T12:24:03Z",50
"Sarah","2026-06-09 01:38:14","2026-06-07","2026-06-07T12:23:03Z",50
"Sarah","2026-06-09 01:38:14","2026-06-07","2026-06-07T12:22:03Z",94.9
"Sarah","2026-06-09 01:38:14","2026-06-07","2026-06-07T12:21:03Z",94.9
"Sarah","2026-06-09 01:38:14","2026-06-07","2026-06-07T12:20:03Z",94.9
"Sarah","2026-06-09 01:38:14","2026-06-07","2026-06-07T12:19:03Z",94.9
"Sarah","2026-06-09 01:38:14","2026-06-07","2026-06-07T12:18:03Z",95.1
"Sarah","2026-06-09 01:38:14","2026-06-07","2026-06-07T12:17:03Z",95.5
"Sarah","2026-06-09 01:38:14","2026-06-07","2026-06-07T12:16:03Z",95.8
"Sarah","2026-06-09 01:38:14","2026-06-07","2026-06-07T12:15:03Z",50
"Sarah","2026-06-09 01:38:14","2026-06-07","2026-06-07T12:14:03Z",50
"Sarah","2026-06-09 01:38:14","2026-06-07","2026-06-07T12:13:03Z",96.2
"Sarah","2026-06-09 01:38:14","2026-06-07","2026-06-07T12:12:03Z",95.7
"Sarah","2026-06-09 01:38:14","2026-06-07","2026-06-07T12:11:03Z",95
"Sarah","2026-06-09 01:38:14","2026-06-07","2026-06-07T12:10:03Z",94.2
"Sarah","2026-06-09 01:38:14","2026-06-07","2026-06-07T12:09:03Z",94.2
"Sarah","2026-06-09 01:38:14","2026-06-07","2026-06-07T12:08:03Z",94.1
"Sarah","2026-06-09 01:38:14","2026-06-07","2026-06-07T12:07:03Z",94.1
"Sarah","2026-06-09 01:38:14","2026-06-07","2026-06-07T12:06:03Z",94.1
"Sarah","2026-06-09 01:38:14","2026-06-07","2026-06-07T12:05:03Z",94.2
"Sarah","2026-06-09 01:38:14","2026-06-07","2026-06-07T12:04:03Z",94
"Sarah","2026-06-09 01:38:14","2026-06-07","2026-06-07T12:03:03Z",94
"Sarah","2026-06-09 01:38:14","2026-06-07","2026-06-07T12:02:03Z",94.1
"Sarah","2026-06-09 01:38:14","2026-06-07","2026-06-07T12:01:03Z",94.3
"Sarah","2026-06-09 01:38:14","2026-06-07","2026-06-07T12:00:03Z",94.6
"Sarah","2026-06-09 01:38:14","2026-06-07","2026-06-07T11:59:03Z",94.9
"Sarah","2026-06-09 01:38:14","2026-06-07","2026-06-07T11:58:03Z",95.4
"Sarah","2026-06-09 01:38:14","2026-06-07","2026-06-07T11:57:03Z",95.9
"Sarah","2026-06-09 01:38:14","2026-06-07","2026-06-07T11:56:03Z",96.1
"Sarah","2026-06-09 01:38:14","2026-06-07","2026-06-07T11:55:03Z",50
"Sarah","2026-06-09 01:38:14","2026-06-07","2026-06-07T11:54:03Z",96.2
"Sarah","2026-06-09 01:38:14","2026-06-07","2026-06-07T11:53:03Z",96.1
"Sarah","2026-06-09 01:38:14","2026-06-07","2026-06-07T11:52:03Z",96.1
"Sarah","2026-06-09 01:38:14","2026-06-07","2026-06-07T11:51:03Z",96
"Sarah","2026-06-09 01:38:14","2026-06-07","2026-06-07T11:50:03Z",95.8
"Sarah","2026-06-09 01:38:14","2026-06-07","2026-06-07T11:49:03Z",95.3
"Sarah","2026-06-09 01:38:14","2026-06-07","2026-06-07T11:48:03Z",50
"Sarah","2026-06-09 01:38:14","2026-06-07","2026-06-07T11:47:03Z",95.2
"Sarah","2026-06-09 01:38:14","2026-06-07","2026-06-07T11:46:03Z",95.1
"Sarah","2026-06-09 01:38:14","2026-06-07","2026-06-07T11:45:03Z",95
"Sarah","2026-06-09 01:38:14","2026-06-07","2026-06-07T11:44:03Z",94.9
"Sarah","2026-06-09 01:38:14","2026-06-07","2026-06-07T11:43:03Z",95.1
"Sarah","2026-06-09 01:38:14","2026-06-07","2026-06-07T11:42:03Z",95
"Sarah","2026-06-09 01:38:14","2026-06-07","2026-06-07T11:41:03Z",95.2
"Sarah","2026-06-09 01:38:14","2026-06-07","2026-06-07T11:40:03Z",95.1
"Sarah","2026-06-09 01:38:14","2026-06-07","2026-06-07T11:39:03Z",95.3
"Sarah","2026-06-09 01:38:14","2026-06-07","2026-06-07T11:38:03Z",95.5
"Sarah","2026-06-09 01:38:14","2026-06-07","2026-06-07T11:37:03Z",95.4
"Sarah","2026-06-09 01:38:14","2026-06-07","2026-06-07T11:36:03Z",95.4
"Sarah","2026-06-09 01:38:14","2026-06-07","2026-06-07T11:35:03Z",95.1
"Sarah","2026-06-09 01:38:14","2026-06-07","2026-06-07T11:34:03Z",95.2
"Sarah","2026-06-09 01:38:14","2026-06-07","2026-06-07T11:33:03Z",95.1
"Sarah","2026-06-09 01:38:14","2026-06-07","2026-06-07T11:32:03Z",94.8
"Sarah","2026-06-09 01:38:14","2026-06-07","2026-06-07T11:31:03Z",94.8
"Sarah","2026-06-09 01:38:14","2026-06-07","2026-06-07T11:30:03Z",94.7
"Sarah","2026-06-09 01:38:14","2026-06-07","2026-06-07T11:29:03Z",50
"Sarah","2026-06-09 01:38:14","2026-06-07","2026-06-07T11:28:03Z",94.6
"Sarah","2026-06-09 01:38:14","2026-06-07","2026-06-07T11:27:03Z",94.7
"Sarah","2026-06-09 01:38:14","2026-06-07","2026-06-07T11:26:03Z",95
"Sarah","2026-06-09 01:38:14","2026-06-07","2026-06-07T11:25:03Z",94.8
"Sarah","2026-06-09 01:38:14","2026-06-07","2026-06-07T11:24:03Z",94.6
"Sarah","2026-06-09 01:38:14","2026-06-07","2026-06-07T11:23:03Z",95
"Sarah","2026-06-09 01:38:14","2026-06-07","2026-06-07T11:22:03Z",94.7
"Sarah","2026-06-09 01:38:14","2026-06-07","2026-06-07T11:21:03Z",94.7
"Sarah","2026-06-09 01:38:14","2026-06-07","2026-06-07T11:20:03Z",94.8
"Sarah","2026-06-09 01:38:14","2026-06-07","2026-06-07T11:19:03Z",94.8
"Sarah","2026-06-09 01:38:14","2026-06-07","2026-06-07T11:18:03Z",94.5
"Sarah","2026-06-09 01:38:14","2026-06-07","2026-06-07T11:17:03Z",94.2
"Sarah","2026-06-09 01:38:14","2026-06-07","2026-06-07T11:16:03Z",94.2
"Sarah","2026-06-09 01:38:14","2026-06-07","2026-06-07T11:15:03Z",94
"Sarah","2026-06-09 01:38:14","2026-06-07","2026-06-07T11:14:03Z",94.1
"Sarah","2026-06-09 01:38:14","2026-06-07","2026-06-07T11:13:03Z",94.1
"Sarah","2026-06-09 01:38:14","2026-06-07","2026-06-07T11:12:03Z",94.3
"Sarah","2026-06-09 01:38:14","2026-06-07","2026-06-07T11:11:03Z",94.1
"Sarah","2026-06-09 01:38:14","2026-06-07","2026-06-07T11:10:03Z",94
"Sarah","2026-06-09 01:38:14","2026-06-07","2026-06-07T11:09:03Z",94
"Sarah","2026-06-09 01:38:14","2026-06-07","2026-06-07T11:08:03Z",94
"Sarah","2026-06-09 01:38:14","2026-06-07","2026-06-07T11:07:03Z",94
"Sarah","2026-06-09 01:38:14","2026-06-07","2026-06-07T11:06:03Z",93.8
"Sarah","2026-06-09 01:38:14","2026-06-07","2026-06-07T11:05:03Z",93.9
"Sarah","2026-06-09 01:38:14","2026-06-07","2026-06-07T11:04:03Z",93.9
"Sarah","2026-06-09 01:38:14","2026-06-07","2026-06-07T11:03:03Z",93.8
"Sarah","2026-06-09 01:38:14","2026-06-07","2026-06-07T11:02:03Z",93.8
"Sarah","2026-06-09 01:38:14","2026-06-07","2026-06-07T11:01:03Z",94.2
"Sarah","2026-06-09 01:38:14","2026-06-07","2026-06-07T11:00:03Z",94
"Sarah","2026-06-09 01:38:14","2026-06-07","2026-06-07T10:59:03Z",94
"Sarah","2026-06-09 01:38:14","2026-06-07","2026-06-07T10:58:03Z",94
"Sarah","2026-06-09 01:38:14","2026-06-07","2026-06-07T10:57:03Z",94.1
"Sarah","2026-06-09 01:38:14","2026-06-07","2026-06-07T10:56:03Z",94.1
"Sarah","2026-06-09 01:38:14","2026-06-07","2026-06-07T10:55:03Z",94.2
"Sarah","2026-06-09 01:38:14","2026-06-07","2026-06-07T10:54:03Z",94
"Sarah","2026-06-09 01:38:14","2026-06-07","2026-06-07T10:53:03Z",94.1
"Sarah","2026-06-09 01:38:14","2026-06-07","2026-06-07T10:52:03Z",93.9
"Sarah","2026-06-09 01:38:14","2026-06-07","2026-06-07T10:51:03Z",93.8
"Sarah","2026-06-09 01:38:14","2026-06-07","2026-06-07T10:50:03Z",93.3
"Sarah","2026-06-09 01:38:14","2026-06-07","2026-06-07T10:49:03Z",92.4
"Sarah","2026-06-09 01:38:14","2026-06-07","2026-06-07T10:48:03Z",92.3
"Sarah","2026-06-09 01:38:14","2026-06-07","2026-06-07T10:47:03Z",92.5
"Sarah","2026-06-09 01:38:14","2026-06-07","2026-06-07T10:46:03Z",92.6
"Sarah","2026-06-09 01:38:14","2026-06-07","2026-06-07T10:45:03Z",92.5
"Sarah","2026-06-09 01:38:14","2026-06-07","2026-06-07T10:44:03Z",92.5
"Sarah","2026-06-09 01:38:14","2026-06-07","2026-06-07T10:43:03Z",92.5
"Sarah","2026-06-09 01:38:14","2026-06-07","2026-06-07T10:42:03Z",92.8
"Sarah","2026-06-09 01:38:14","2026-06-07","2026-06-07T10:41:03Z",92.9
"Sarah","2026-06-09 01:38:14","2026-06-07","2026-06-07T10:40:03Z",93
"Sarah","2026-06-09 01:38:14","2026-06-07","2026-06-07T10:39:03Z",93.2
"Sarah","2026-06-09 01:38:14","2026-06-07","2026-06-07T10:38:03Z",93.4
"Sarah","2026-06-09 01:38:14","2026-06-07","2026-06-07T10:37:03Z",93.6
"Sarah","2026-06-09 01:38:14","2026-06-07","2026-06-07T10:36:03Z",94.1
"Sarah","2026-06-09 01:38:14","2026-06-07","2026-06-07T10:35:03Z",94.9
"Sarah","2026-06-09 01:38:14","2026-06-07","2026-06-07T10:34:03Z",95.9
"Sarah","2026-06-09 01:38:14","2026-06-07","2026-06-07T10:33:03Z",50
"Sarah","2026-06-09 01:38:14","2026-06-07","2026-06-07T10:32:03Z",50
"Sarah","2026-06-09 01:38:14","2026-06-07","2026-06-07T10:31:03Z",96.1
"Sarah","2026-06-09 01:38:14","2026-06-07","2026-06-07T10:30:03Z",96.1
"Sarah","2026-06-09 01:38:14","2026-06-07","2026-06-07T10:29:03Z",96
"Sarah","2026-06-09 01:38:14","2026-06-07","2026-06-07T10:28:03Z",96.2
"Sarah","2026-06-09 01:38:14","2026-06-07","2026-06-07T10:27:03Z",50
"Sarah","2026-06-09 01:38:14","2026-06-07","2026-06-07T10:26:03Z",96
"Sarah","2026-06-09 01:38:14","2026-06-07","2026-06-07T10:25:03Z",50
"Sarah","2026-06-09 01:38:14","2026-06-07","2026-06-07T10:24:03Z",95.7
"Sarah","2026-06-09 01:38:14","2026-06-07","2026-06-07T10:23:03Z",95.7
"Sarah","2026-06-09 01:38:14","2026-06-07","2026-06-07T10:22:03Z",95.8
"Sarah","2026-06-09 01:38:14","2026-06-07","2026-06-07T10:21:03Z",95.8
"Sarah","2026-06-09 01:38:14","2026-06-07","2026-06-07T10:20:03Z",95.8
"Sarah","2026-06-09 01:38:14","2026-06-07","2026-06-07T10:19:03Z",95.8
"Sarah","2026-06-09 01:38:14","2026-06-07","2026-06-07T10:18:03Z",95.8
"Sarah","2026-06-09 01:38:14","2026-06-07","2026-06-07T10:17:03Z",95.8
"Sarah","2026-06-09 01:38:14","2026-06-07","2026-06-07T10:16:03Z",95.8
"Sarah","2026-06-09 01:38:14","2026-06-07","2026-06-07T10:15:03Z",96
"Sarah","2026-06-09 01:38:14","2026-06-07","2026-06-07T10:14:03Z",96.1
"Sarah","2026-06-09 01:38:14","2026-06-07","2026-06-07T10:13:03Z",96.2
"Sarah","2026-06-09 01:38:14","2026-06-07","2026-06-07T10:12:03Z",96.4
"Sarah","2026-06-09 01:38:14","2026-06-07","2026-06-07T10:11:03Z",96.4
"Sarah","2026-06-09 01:38:14","2026-06-07","2026-06-07T10:10:03Z",96.4
"Sarah","2026-06-09 01:38:14","2026-06-07","2026-06-07T10:09:03Z",96.4
"Sarah","2026-06-09 01:38:14","2026-06-07","2026-06-07T10:08:03Z",96.3
"Sarah","2026-06-09 01:38:14","2026-06-07","2026-06-07T10:07:03Z",96.3
"Sarah","2026-06-09 01:38:14","2026-06-07","2026-06-07T10:06:03Z",95.8
"Sarah","2026-06-09 01:38:14","2026-06-07","2026-06-07T10:05:03Z",95.7
"Sarah","2026-06-09 01:38:14","2026-06-07","2026-06-07T10:04:03Z",95.3
"Sarah","2026-06-09 01:38:14","2026-06-07","2026-06-07T10:03:03Z",95.8
"Sarah","2026-06-09 01:38:14","2026-06-07","2026-06-07T10:02:03Z",95.7
"Sarah","2026-06-09 01:38:14","2026-06-07","2026-06-07T10:01:03Z",95.6
"Sarah","2026-06-09 01:38:14","2026-06-07","2026-06-07T10:00:03Z",95.3
"Sarah","2026-06-09 01:38:14","2026-06-07","2026-06-07T09:59:03Z",95.3
"Sarah","2026-06-09 01:38:14","2026-06-07","2026-06-07T09:58:03Z",50
"Sarah","2026-06-09 01:38:14","2026-06-07","2026-06-07T09:57:03Z",95
"Sarah","2026-06-09 01:38:14","2026-06-07","2026-06-07T09:56:03Z",95
"Sarah","2026-06-09 01:38:14","2026-06-07","2026-06-07T09:55:03Z",95
"Sarah","2026-06-09 01:38:14","2026-06-07","2026-06-07T09:54:03Z",95
"Sarah","2026-06-09 01:38:14","2026-06-07","2026-06-07T09:53:03Z",94.9
"Sarah","2026-06-09 01:38:14","2026-06-07","2026-06-07T09:52:03Z",94.7
"Sarah","2026-06-09 01:38:14","2026-06-07","2026-06-07T09:51:03Z",94.4
"Sarah","2026-06-09 01:38:14","2026-06-07","2026-06-07T09:50:03Z",94.8
"Sarah","2026-06-09 01:38:14","2026-06-07","2026-06-07T09:49:03Z",94.7
"Sarah","2026-06-09 01:38:14","2026-06-07","2026-06-07T09:48:03Z",94.7
"Sarah","2026-06-09 01:38:14","2026-06-07","2026-06-07T09:47:03Z",94.7
"Sarah","2026-06-09 01:38:14","2026-06-07","2026-06-07T09:46:03Z",94.6
"Sarah","2026-06-09 01:38:14","2026-06-07","2026-06-07T09:45:03Z",94.6
"Sarah","2026-06-09 01:38:14","2026-06-07","2026-06-07T09:44:03Z",94.5
"Sarah","2026-06-09 01:38:14","2026-06-07","2026-06-07T09:43:03Z",94.6
"Sarah","2026-06-09 01:38:14","2026-06-07","2026-06-07T09:42:03Z",94.6
"Sarah","2026-06-09 01:38:14","2026-06-07","2026-06-07T09:41:03Z",94.6
"Sarah","2026-06-09 01:38:14","2026-06-07","2026-06-07T09:40:03Z",94.5
"Sarah","2026-06-09 01:38:14","2026-06-07","2026-06-07T09:39:03Z",94.5
"Sarah","2026-06-09 01:38:14","2026-06-07","2026-06-07T09:38:03Z",94.7
"Sarah","2026-06-09 01:38:14","2026-06-07","2026-06-07T09:37:03Z",94.8
"Sarah","2026-06-09 01:38:14","2026-06-07","2026-06-07T09:36:03Z",95.1
"Sarah","2026-06-09 01:38:14","2026-06-07","2026-06-07T09:35:03Z",95.2
"Sarah","2026-06-09 01:38:14","2026-06-07","2026-06-07T09:34:03Z",94.7
"Sarah","2026-06-09 01:38:14","2026-06-07","2026-06-07T09:33:03Z",94.6
"Sarah","2026-06-09 01:38:14","2026-06-07","2026-06-07T09:32:03Z",94.6
"Sarah","2026-06-09 01:38:14","2026-06-07","2026-06-07T09:31:03Z",94.6
"Sarah","2026-06-09 01:38:14","2026-06-07","2026-06-07T09:30:03Z",94.7
"Sarah","2026-06-09 01:38:14","2026-06-07","2026-06-07T09:29:03Z",94.7
"Sarah","2026-06-09 01:38:14","2026-06-07","2026-06-07T09:28:03Z",94.7
"Sarah","2026-06-09 01:38:14","2026-06-07","2026-06-07T09:27:03Z",94.8
"Sarah","2026-06-09 01:38:14","2026-06-07","2026-06-07T09:26:03Z",94.8
"Sarah","2026-06-09 01:38:14","2026-06-07","2026-06-07T09:25:03Z",94.6
"Sarah","2026-06-09 01:38:14","2026-06-07","2026-06-07T09:24:03Z",94.7
"Sarah","2026-06-09 01:38:14","2026-06-07","2026-06-07T09:23:03Z",94.6
"Sarah","2026-06-09 01:38:14","2026-06-07","2026-06-07T09:22:03Z",94.6
"Sarah","2026-06-09 01:38:14","2026-06-07","2026-06-07T09:21:03Z",94.7
"Sarah","2026-06-09 01:38:14","2026-06-07","2026-06-07T09:20:03Z",94.7
"Sarah","2026-06-09 01:38:14","2026-06-07","2026-06-07T09:19:03Z",94.7
"Sarah","2026-06-09 01:38:14","2026-06-07","2026-06-07T09:18:03Z",94.7
"Sarah","2026-06-09 01:38:14","2026-06-07","2026-06-07T09:17:03Z",94.8
"Sarah","2026-06-09 01:38:14","2026-06-07","2026-06-07T09:16:03Z",94.8
"Sarah","2026-06-09 01:38:14","2026-06-07","2026-06-07T09:15:03Z",94.8
"Sarah","2026-06-09 01:38:14","2026-06-07","2026-06-07T09:14:03Z",94.8
"Sarah","2026-06-09 01:38:14","2026-06-07","2026-06-07T09:13:03Z",94.8
"Sarah","2026-06-09 01:38:14","2026-06-07","2026-06-07T09:12:03Z",94.8
"Sarah","2026-06-09 01:38:14","2026-06-07","2026-06-07T09:11:03Z",94.8
"Sarah","2026-06-09 01:38:14","2026-06-07","2026-06-07T09:10:03Z",94.8
"Sarah","2026-06-09 01:38:14","2026-06-07","2026-06-07T09:09:03Z",94.8
"Sarah","2026-06-09 01:38:14","2026-06-07","2026-06-07T09:08:03Z",94.8
"Sarah","2026-06-09 01:38:14","2026-06-07","2026-06-07T09:07:03Z",94.8
"Sarah","2026-06-09 01:38:14","2026-06-07","2026-06-07T09:06:03Z",94.8
"Sarah","2026-06-09 01:38:14","2026-06-07","2026-06-07T09:05:03Z",94.8
"Sarah","2026-06-09 01:38:14","2026-06-07","2026-06-07T09:04:03Z",94.9
"Sarah","2026-06-09 01:38:14","2026-06-07","2026-06-07T09:03:03Z",94.9
"Sarah","2026-06-09 01:38:14","2026-06-07","2026-06-07T09:02:03Z",94.9
"Sarah","2026-06-09 01:38:14","2026-06-07","2026-06-07T09:01:03Z",94.9
"Sarah","2026-06-09 01:38:14","2026-06-07","2026-06-07T09:00:03Z",95
"Sarah","2026-06-09 01:38:14","2026-06-07","2026-06-07T08:59:03Z",95.1
"Sarah","2026-06-09 01:38:14","2026-06-07","2026-06-07T08:58:03Z",95.1
"Sarah","2026-06-09 01:38:14","2026-06-07","2026-06-07T08:57:03Z",95.2
"Sarah","2026-06-09 01:38:14","2026-06-07","2026-06-07T08:56:03Z",95.3
"Sarah","2026-06-09 01:38:14","2026-06-07","2026-06-07T08:55:03Z",95.5
"Sarah","2026-06-09 01:38:14","2026-06-07","2026-06-07T08:54:03Z",95.7
"Sarah","2026-06-09 01:38:14","2026-06-07","2026-06-07T08:53:03Z",95.7
"Sarah","2026-06-09 01:38:14","2026-06-07","2026-06-07T08:52:03Z",95.6
"Sarah","2026-06-09 01:38:14","2026-06-07","2026-06-07T08:51:03Z",95.4
"Sarah","2026-06-09 01:38:14","2026-06-07","2026-06-07T08:50:03Z",95.1
"Sarah","2026-06-09 01:38:14","2026-06-07","2026-06-07T08:49:03Z",95
"Sarah","2026-06-09 01:38:14","2026-06-07","2026-06-07T08:48:03Z",95
"Sarah","2026-06-09 01:38:14","2026-06-07","2026-06-07T08:47:03Z",95
"Sarah","2026-06-09 01:38:14","2026-06-07","2026-06-07T08:46:03Z",95
"Sarah","2026-06-09 01:38:14","2026-06-07","2026-06-07T08:45:03Z",95
"Sarah","2026-06-09 01:38:14","2026-06-07","2026-06-07T08:44:03Z",95.1
"Sarah","2026-06-09 01:38:14","2026-06-07","2026-06-07T08:43:03Z",95.1
"Sarah","2026-06-09 01:38:14","2026-06-07","2026-06-07T08:42:03Z",95.2
"Sarah","2026-06-09 01:38:14","2026-06-07","2026-06-07T08:41:03Z",95.3
"Sarah","2026-06-09 01:38:14","2026-06-07","2026-06-07T08:40:03Z",95.4
"Sarah","2026-06-09 01:38:14","2026-06-07","2026-06-07T08:39:03Z",95.4
"Sarah","2026-06-09 01:38:14","2026-06-07","2026-06-07T08:38:03Z",95.3
"Sarah","2026-06-09 01:38:14","2026-06-07","2026-06-07T08:37:03Z",95.3
"Sarah","2026-06-09 01:38:14","2026-06-07","2026-06-07T08:36:03Z",95.4
"Sarah","2026-06-09 01:38:14","2026-06-07","2026-06-07T08:35:03Z",95.5
"Sarah","2026-06-09 01:38:14","2026-06-07","2026-06-07T08:34:03Z",95.4
"Sarah","2026-06-09 01:38:14","2026-06-07","2026-06-07T08:33:03Z",95.5
"Sarah","2026-06-09 01:38:14","2026-06-07","2026-06-07T08:32:03Z",95.5
"Sarah","2026-06-09 01:38:14","2026-06-07","2026-06-07T08:31:03Z",95.5
"Sarah","2026-06-09 01:38:14","2026-06-07","2026-06-07T08:30:03Z",95.6
"Sarah","2026-06-09 01:38:14","2026-06-07","2026-06-07T08:29:03Z",95.6
"Sarah","2026-06-09 01:38:14","2026-06-07","2026-06-07T08:28:03Z",95.7
"Sarah","2026-06-09 01:38:14","2026-06-07","2026-06-07T08:27:03Z",95.6
"Sarah","2026-06-09 01:38:14","2026-06-07","2026-06-07T08:26:03Z",95.4
"Sarah","2026-06-09 01:38:14","2026-06-07","2026-06-07T08:25:03Z",95.5
"Sarah","2026-06-09 01:38:14","2026-06-07","2026-06-07T08:24:03Z",95.9
"Sarah","2026-06-09 01:38:14","2026-06-07","2026-06-07T08:23:03Z",50
"Sarah","2026-06-09 01:38:14","2026-06-07","2026-06-07T08:22:03Z",96.2
"Sarah","2026-06-09 01:38:14","2026-06-07","2026-06-07T08:21:03Z",50
"Sarah","2026-06-09 01:38:14","2026-06-07","2026-06-07T08:20:03Z",97.8
"Sarah","2026-06-09 01:38:14","2026-06-07","2026-06-07T08:19:03Z",97.9
"Sarah","2026-06-09 01:38:14","2026-06-07","2026-06-07T08:18:03Z",97.8
"Sarah","2026-06-09 01:38:14","2026-06-07","2026-06-07T08:17:03Z",97.8
"Sarah","2026-06-09 01:38:14","2026-06-07","2026-06-07T08:16:03Z",97.7
"Sarah","2026-06-09 01:38:14","2026-06-07","2026-06-07T08:15:03Z",97.9
"Sarah","2026-06-09 01:38:14","2026-06-07","2026-06-07T08:14:03Z",98.1
"Sarah","2026-06-09 01:38:14","2026-06-07","2026-06-07T08:13:03Z",98.1
"Sarah","2026-06-09 01:38:14","2026-06-07","2026-06-07T08:12:03Z",98.3
"Sarah","2026-06-09 01:38:14","2026-06-07","2026-06-07T08:11:03Z",98.5
"Sarah","2026-06-09 01:38:14","2026-06-07","2026-06-07T08:10:03Z",98.5
"Sarah","2026-06-09 01:38:14","2026-06-07","2026-06-07T08:09:03Z",98.4
"Sarah","2026-06-09 01:38:14","2026-06-07","2026-06-07T08:08:03Z",98.7
"Sarah","2026-06-09 01:38:14","2026-06-07","2026-06-07T08:07:03Z",98.8
"Sarah","2026-06-09 01:38:14","2026-06-07","2026-06-07T08:06:03Z",98.8
"Sarah","2026-06-09 01:38:14","2026-06-07","2026-06-07T08:05:03Z",98.8
"Sarah","2026-06-09 01:38:14","2026-06-07","2026-06-07T08:04:03Z",98.7
"Sarah","2026-06-09 01:38:14","2026-06-07","2026-06-07T08:03:03Z",98.4
"Sarah","2026-06-09 01:38:14","2026-06-07","2026-06-07T08:02:03Z",98.7
"Sarah","2026-06-09 01:38:14","2026-06-07","2026-06-07T08:01:03Z",99
"Sarah","2026-06-09 01:38:14","2026-06-07","2026-06-07T08:00:03Z",50
"Sarah","2026-06-09 01:38:14","2026-06-07","2026-06-07T07:59:03Z",98.5
"Sarah","2026-06-09 01:38:14","2026-06-07","2026-06-07T07:58:03Z",98.5
"Sarah","2026-06-09 01:38:14","2026-06-07","2026-06-07T07:57:03Z",98.5
"Sarah","2026-06-09 01:38:14","2026-06-07","2026-06-07T07:56:03Z",98.2
"Sarah","2026-06-09 01:38:14","2026-06-07","2026-06-07T07:55:03Z",98
"Sarah","2026-06-09 01:38:14","2026-06-07","2026-06-07T07:54:03Z",97.4
"Sarah","2026-06-09 01:38:14","2026-06-07","2026-06-07T07:53:03Z",96.7
"Sarah","2026-06-09 01:38:14","2026-06-07","2026-06-07T07:52:03Z",96
"Sarah","2026-06-09 01:38:14","2026-06-07","2026-06-07T07:51:03Z",95.1
"Sarah","2026-06-09 01:38:14","2026-06-07","2026-06-07T07:50:03Z",50
"Sarah","2026-06-09 01:38:14","2026-06-07","2026-06-07T07:49:03Z",94.8
"Sarah","2026-06-09 01:38:14","2026-06-07","2026-06-07T07:48:03Z",94.7
"Sarah","2026-06-09 01:38:14","2026-06-07","2026-06-07T07:47:03Z",94.7
"Sarah","2026-06-09 01:38:14","2026-06-07","2026-06-07T07:46:03Z",95
"Sarah","2026-06-09 01:38:14","2026-06-07","2026-06-07T07:45:03Z",95.3
"Sarah","2026-06-09 01:38:14","2026-06-07","2026-06-07T07:44:03Z",95.1
"Sarah","2026-06-09 01:38:14","2026-06-07","2026-06-07T07:43:03Z",95.5
"Sarah","2026-06-09 01:38:14","2026-06-07","2026-06-07T07:42:03Z",95.4
"Sarah","2026-06-09 01:38:14","2026-06-07","2026-06-07T07:41:03Z",95.4
"Sarah","2026-06-09 01:38:14","2026-06-07","2026-06-07T07:40:03Z",95.3
"Sarah","2026-06-09 01:38:14","2026-06-07","2026-06-07T07:39:03Z",95.2
"Sarah","2026-06-09 01:38:14","2026-06-07","2026-06-07T07:38:03Z",95.1
"Sarah","2026-06-09 01:38:14","2026-06-07","2026-06-07T07:37:03Z",95.1
"Sarah","2026-06-09 01:38:14","2026-06-07","2026-06-07T07:36:03Z",95.1
"Sarah","2026-06-09 01:38:14","2026-06-07","2026-06-07T07:35:03Z",94.8
"Sarah","2026-06-09 01:38:14","2026-06-07","2026-06-07T07:34:03Z",94.7
"Sarah","2026-06-09 01:38:14","2026-06-07","2026-06-07T07:33:03Z",94.2
"Sarah","2026-06-09 01:38:14","2026-06-07","2026-06-07T07:32:03Z",93.5
"Sarah","2026-06-09 01:38:14","2026-06-07","2026-06-07T07:31:03Z",92.6
"Sarah","2026-06-09 01:38:14","2026-06-07","2026-06-07T07:29:33Z",94.5
"Sarah","2026-06-09 01:38:14","2026-06-07","2026-06-07T07:28:33Z",93.9
"Sarah","2026-06-09 01:38:14","2026-06-07","2026-06-07T07:27:33Z",92.8
"Sarah","2026-06-09 01:38:14","2026-06-07","2026-06-07T07:26:33Z",91.3
"Sarah","2026-06-09 01:38:14","2026-06-07","2026-06-07T07:25:33Z",89.8
"Sarah","2026-06-09 01:38:14","2026-06-07","2026-06-07T07:24:33Z",50
"Sarah","2026-06-09 01:38:14","2026-06-07","2026-06-07T07:23:33Z",88
"Sarah","2026-06-09 01:38:14","2026-06-07","2026-06-07T07:22:33Z",86.5
"Sarah","2026-06-09 01:38:14","2026-06-07","2026-06-07T07:21:33Z",84.2
"Sarah","2026-06-09 01:38:14","2026-06-07","2026-06-07T07:20:33Z",81.4
"Sarah","2026-06-09 01:38:14","2026-06-07","2026-06-07T07:19:33Z",78
"Sarah","2026-06-09 01:38:14","2026-06-07","2026-06-07T07:18:33Z",74.6
