"participantID","datetime_fetch","date","timestamp","value"
"Josh","2026-06-08 09:32:42","2026-05-28","2026-05-28T22:23:39Z",98.3
"Josh","2026-06-08 09:32:42","2026-05-28","2026-05-28T22:24:39Z",98.3
"Josh","2026-06-08 09:32:42","2026-05-28","2026-05-28T22:25:39Z",98.3
"Josh","2026-06-08 09:32:42","2026-05-28","2026-05-28T22:26:39Z",98.3
"Josh","2026-06-08 09:32:42","2026-05-28","2026-05-28T22:27:39Z",98.3
"Josh","2026-06-08 09:32:42","2026-05-28","2026-05-28T22:28:39Z",98.3
"Josh","2026-06-08 09:32:42","2026-05-28","2026-05-28T22:29:39Z",98.3
"Josh","2026-06-08 09:32:42","2026-05-28","2026-05-28T22:30:39Z",98.3
"Josh","2026-06-08 09:32:42","2026-05-28","2026-05-28T22:31:39Z",98.3
"Josh","2026-06-08 09:32:42","2026-05-28","2026-05-28T22:32:39Z",98.3
"Josh","2026-06-08 09:32:42","2026-05-28","2026-05-28T22:33:39Z",98.3
"Josh","2026-06-08 09:32:42","2026-05-28","2026-05-28T22:34:39Z",98.3
"Josh","2026-06-08 09:32:42","2026-05-28","2026-05-28T22:35:39Z",98.3
"Josh","2026-06-08 09:32:42","2026-05-28","2026-05-28T22:36:39Z",98.2
"Josh","2026-06-08 09:32:42","2026-05-28","2026-05-28T22:37:39Z",98.2
"Josh","2026-06-08 09:32:42","2026-05-28","2026-05-28T22:38:39Z",98.2
"Josh","2026-06-08 09:32:42","2026-05-28","2026-05-28T22:39:39Z",98.3
"Josh","2026-06-08 09:32:42","2026-05-28","2026-05-28T22:40:39Z",98.3
"Josh","2026-06-08 09:32:42","2026-05-28","2026-05-28T22:41:39Z",98.3
"Josh","2026-06-08 09:32:42","2026-05-28","2026-05-28T22:42:39Z",98.3
"Josh","2026-06-08 09:32:42","2026-05-28","2026-05-28T22:43:39Z",98.3
"Josh","2026-06-08 09:32:42","2026-05-28","2026-05-28T22:44:39Z",98.3
"Josh","2026-06-08 09:32:42","2026-05-28","2026-05-28T22:45:39Z",98.4
"Josh","2026-06-08 09:32:42","2026-05-28","2026-05-28T22:46:39Z",98.3
"Josh","2026-06-08 09:32:42","2026-05-28","2026-05-28T22:47:39Z",98.3
"Josh","2026-06-08 09:32:42","2026-05-28","2026-05-28T22:48:39Z",98.4
"Josh","2026-06-08 09:32:42","2026-05-28","2026-05-28T22:49:39Z",98.4
"Josh","2026-06-08 09:32:42","2026-05-28","2026-05-28T22:50:39Z",98.4
"Josh","2026-06-08 09:32:42","2026-05-28","2026-05-28T22:51:39Z",98.4
"Josh","2026-06-08 09:32:42","2026-05-28","2026-05-28T22:52:39Z",98.5
"Josh","2026-06-08 09:32:42","2026-05-28","2026-05-28T22:53:39Z",98.4
"Josh","2026-06-08 09:32:42","2026-05-28","2026-05-28T22:54:39Z",98.4
"Josh","2026-06-08 09:32:42","2026-05-28","2026-05-28T22:55:39Z",98.5
"Josh","2026-06-08 09:32:42","2026-05-28","2026-05-28T22:56:39Z",98.5
"Josh","2026-06-08 09:32:42","2026-05-28","2026-05-28T22:57:39Z",98.5
"Josh","2026-06-08 09:32:42","2026-05-28","2026-05-28T22:58:39Z",98.5
"Josh","2026-06-08 09:32:42","2026-05-28","2026-05-28T22:59:39Z",98.5
"Josh","2026-06-08 09:32:42","2026-05-28","2026-05-28T23:00:39Z",98.5
"Josh","2026-06-08 09:32:42","2026-05-28","2026-05-28T23:01:39Z",98.5
"Josh","2026-06-08 09:32:42","2026-05-28","2026-05-28T23:02:39Z",98.6
"Josh","2026-06-08 09:32:42","2026-05-28","2026-05-28T23:03:39Z",98.7
"Josh","2026-06-08 09:32:42","2026-05-28","2026-05-28T23:04:39Z",98.7
"Josh","2026-06-08 09:32:42","2026-05-28","2026-05-28T23:05:39Z",98.8
"Josh","2026-06-08 09:32:42","2026-05-28","2026-05-28T23:06:39Z",98.9
"Josh","2026-06-08 09:32:42","2026-05-28","2026-05-28T23:07:39Z",98.9
"Josh","2026-06-08 09:32:42","2026-05-28","2026-05-28T23:08:39Z",98.8
"Josh","2026-06-08 09:32:42","2026-05-28","2026-05-28T23:09:39Z",98.8
"Josh","2026-06-08 09:32:42","2026-05-28","2026-05-28T23:10:39Z",98.9
"Josh","2026-06-08 09:32:42","2026-05-28","2026-05-28T23:11:39Z",98.8
"Josh","2026-06-08 09:32:42","2026-05-28","2026-05-28T23:12:39Z",98.8
"Josh","2026-06-08 09:32:42","2026-05-28","2026-05-28T23:13:39Z",98.8
"Josh","2026-06-08 09:32:42","2026-05-28","2026-05-28T23:14:39Z",98.7
"Josh","2026-06-08 09:32:42","2026-05-28","2026-05-28T23:15:39Z",98.7
"Josh","2026-06-08 09:32:42","2026-05-28","2026-05-28T23:16:39Z",98.6
"Josh","2026-06-08 09:32:42","2026-05-28","2026-05-28T23:17:39Z",98.5
"Josh","2026-06-08 09:32:42","2026-05-28","2026-05-28T23:18:39Z",98.5
"Josh","2026-06-08 09:32:42","2026-05-28","2026-05-28T23:19:39Z",98.4
"Josh","2026-06-08 09:32:42","2026-05-28","2026-05-28T23:20:39Z",98.4
"Josh","2026-06-08 09:32:42","2026-05-28","2026-05-28T23:21:39Z",98.3
"Josh","2026-06-08 09:32:42","2026-05-28","2026-05-28T23:22:39Z",98.3
"Josh","2026-06-08 09:32:42","2026-05-28","2026-05-28T23:23:39Z",98.2
"Josh","2026-06-08 09:32:42","2026-05-28","2026-05-28T23:24:39Z",98.2
"Josh","2026-06-08 09:32:42","2026-05-28","2026-05-28T23:25:39Z",98.2
"Josh","2026-06-08 09:32:42","2026-05-28","2026-05-28T23:26:39Z",98.1
"Josh","2026-06-08 09:32:42","2026-05-28","2026-05-28T23:27:39Z",98.1
"Josh","2026-06-08 09:32:42","2026-05-28","2026-05-28T23:28:39Z",98.0
"Josh","2026-06-08 09:32:42","2026-05-28","2026-05-28T23:29:39Z",98.0
"Josh","2026-06-08 09:32:42","2026-05-28","2026-05-28T23:30:39Z",97.9
"Josh","2026-06-08 09:32:42","2026-05-28","2026-05-28T23:31:39Z",97.9
"Josh","2026-06-08 09:32:42","2026-05-28","2026-05-28T23:32:39Z",97.8
"Josh","2026-06-08 09:32:42","2026-05-28","2026-05-28T23:33:39Z",97.8
"Josh","2026-06-08 09:32:42","2026-05-28","2026-05-28T23:34:39Z",97.7
"Josh","2026-06-08 09:32:42","2026-05-28","2026-05-28T23:35:39Z",97.7
"Josh","2026-06-08 09:32:42","2026-05-28","2026-05-28T23:36:39Z",97.5
"Josh","2026-06-08 09:32:42","2026-05-28","2026-05-28T23:37:39Z",97.3
"Josh","2026-06-08 09:32:42","2026-05-28","2026-05-28T23:38:39Z",97.2
"Josh","2026-06-08 09:32:42","2026-05-28","2026-05-28T23:39:39Z",97.3
"Josh","2026-06-08 09:32:42","2026-05-28","2026-05-28T23:40:39Z",97.2
"Josh","2026-06-08 09:32:42","2026-05-28","2026-05-28T23:41:39Z",97.2
"Josh","2026-06-08 09:32:42","2026-05-28","2026-05-28T23:42:39Z",97.1
"Josh","2026-06-08 09:32:42","2026-05-28","2026-05-28T23:43:39Z",97.1
"Josh","2026-06-08 09:32:42","2026-05-28","2026-05-28T23:44:39Z",97.1
"Josh","2026-06-08 09:32:42","2026-05-28","2026-05-28T23:45:39Z",97.1
"Josh","2026-06-08 09:32:42","2026-05-28","2026-05-28T23:46:39Z",97.1
"Josh","2026-06-08 09:32:42","2026-05-28","2026-05-28T23:47:39Z",97.0
"Josh","2026-06-08 09:32:42","2026-05-28","2026-05-28T23:48:39Z",97.1
"Josh","2026-06-08 09:32:42","2026-05-28","2026-05-28T23:49:39Z",97.1
"Josh","2026-06-08 09:32:42","2026-05-28","2026-05-28T23:50:39Z",97.0
"Josh","2026-06-08 09:32:42","2026-05-28","2026-05-28T23:51:39Z",97.0
"Josh","2026-06-08 09:32:42","2026-05-28","2026-05-28T23:52:39Z",97.0
"Josh","2026-06-08 09:32:42","2026-05-28","2026-05-28T23:53:39Z",97.1
"Josh","2026-06-08 09:32:42","2026-05-28","2026-05-28T23:54:39Z",97.2
"Josh","2026-06-08 09:32:42","2026-05-28","2026-05-28T23:55:39Z",97.3
"Josh","2026-06-08 09:32:42","2026-05-28","2026-05-28T23:56:39Z",97.3
"Josh","2026-06-08 09:32:42","2026-05-28","2026-05-28T23:57:39Z",97.4
"Josh","2026-06-08 09:32:42","2026-05-28","2026-05-28T23:58:39Z",97.4
"Josh","2026-06-08 09:32:42","2026-05-28","2026-05-28T23:59:39Z",97.5
"Josh","2026-06-08 09:32:42","2026-05-28","2026-05-29T00:00:39Z",97.6
"Josh","2026-06-08 09:32:42","2026-05-28","2026-05-29T00:01:39Z",97.6
"Josh","2026-06-08 09:32:42","2026-05-28","2026-05-29T00:02:39Z",97.7
"Josh","2026-06-08 09:32:42","2026-05-28","2026-05-29T00:03:39Z",97.7
"Josh","2026-06-08 09:32:42","2026-05-28","2026-05-29T00:04:39Z",97.8
"Josh","2026-06-08 09:32:42","2026-05-28","2026-05-29T00:05:39Z",97.8
"Josh","2026-06-08 09:32:42","2026-05-28","2026-05-29T00:06:39Z",97.9
"Josh","2026-06-08 09:32:42","2026-05-28","2026-05-29T00:07:39Z",97.9
"Josh","2026-06-08 09:32:42","2026-05-28","2026-05-29T00:08:39Z",98.0
"Josh","2026-06-08 09:32:42","2026-05-28","2026-05-29T00:09:39Z",98.0
"Josh","2026-06-08 09:32:42","2026-05-28","2026-05-29T00:10:39Z",98.0
"Josh","2026-06-08 09:32:42","2026-05-28","2026-05-29T00:11:39Z",98.1
"Josh","2026-06-08 09:32:42","2026-05-28","2026-05-29T00:12:39Z",98.1
"Josh","2026-06-08 09:32:42","2026-05-28","2026-05-29T00:13:39Z",98.2
"Josh","2026-06-08 09:32:42","2026-05-28","2026-05-29T00:14:39Z",98.2
"Josh","2026-06-08 09:32:42","2026-05-28","2026-05-29T00:15:39Z",98.3
"Josh","2026-06-08 09:32:42","2026-05-28","2026-05-29T00:16:39Z",98.4
"Josh","2026-06-08 09:32:42","2026-05-28","2026-05-29T00:17:39Z",98.4
"Josh","2026-06-08 09:32:42","2026-05-28","2026-05-29T00:18:39Z",98.3
"Josh","2026-06-08 09:32:42","2026-05-28","2026-05-29T00:19:39Z",98.3
"Josh","2026-06-08 09:32:42","2026-05-28","2026-05-29T00:20:39Z",98.3
"Josh","2026-06-08 09:32:42","2026-05-28","2026-05-29T00:21:39Z",98.4
"Josh","2026-06-08 09:32:42","2026-05-28","2026-05-29T00:22:39Z",98.5
"Josh","2026-06-08 09:32:42","2026-05-28","2026-05-29T00:23:39Z",98.5
"Josh","2026-06-08 09:32:42","2026-05-28","2026-05-29T00:24:39Z",98.5
"Josh","2026-06-08 09:32:42","2026-05-28","2026-05-29T00:25:39Z",98.5
"Josh","2026-06-08 09:32:42","2026-05-28","2026-05-29T00:26:39Z",98.5
"Josh","2026-06-08 09:32:42","2026-05-28","2026-05-29T00:27:39Z",98.5
"Josh","2026-06-08 09:32:42","2026-05-28","2026-05-29T00:28:39Z",98.5
"Josh","2026-06-08 09:32:42","2026-05-28","2026-05-29T00:29:39Z",98.5
"Josh","2026-06-08 09:32:42","2026-05-28","2026-05-29T00:30:39Z",98.5
"Josh","2026-06-08 09:32:42","2026-05-28","2026-05-29T00:31:39Z",98.4
"Josh","2026-06-08 09:32:42","2026-05-28","2026-05-29T00:32:39Z",98.5
"Josh","2026-06-08 09:32:42","2026-05-28","2026-05-29T00:33:39Z",98.6
"Josh","2026-06-08 09:32:42","2026-05-28","2026-05-29T00:34:39Z",98.6
"Josh","2026-06-08 09:32:42","2026-05-28","2026-05-29T00:35:39Z",98.6
"Josh","2026-06-08 09:32:42","2026-05-28","2026-05-29T00:36:39Z",98.6
"Josh","2026-06-08 09:32:42","2026-05-28","2026-05-29T00:37:39Z",98.6
"Josh","2026-06-08 09:32:42","2026-05-28","2026-05-29T00:38:39Z",98.7
"Josh","2026-06-08 09:32:42","2026-05-28","2026-05-29T00:39:39Z",98.7
"Josh","2026-06-08 09:32:42","2026-05-28","2026-05-29T00:40:39Z",98.7
"Josh","2026-06-08 09:32:42","2026-05-28","2026-05-29T00:41:39Z",98.7
"Josh","2026-06-08 09:32:42","2026-05-28","2026-05-29T00:42:39Z",98.7
"Josh","2026-06-08 09:32:42","2026-05-28","2026-05-29T00:43:39Z",98.7
"Josh","2026-06-08 09:32:42","2026-05-28","2026-05-29T00:44:39Z",98.6
"Josh","2026-06-08 09:32:42","2026-05-28","2026-05-29T00:45:39Z",98.6
"Josh","2026-06-08 09:32:42","2026-05-28","2026-05-29T00:46:39Z",98.5
"Josh","2026-06-08 09:32:42","2026-05-28","2026-05-29T00:47:39Z",98.5
"Josh","2026-06-08 09:32:42","2026-05-28","2026-05-29T00:48:39Z",98.5
"Josh","2026-06-08 09:32:42","2026-05-28","2026-05-29T00:49:39Z",98.4
"Josh","2026-06-08 09:32:42","2026-05-28","2026-05-29T00:50:39Z",98.4
"Josh","2026-06-08 09:32:42","2026-05-28","2026-05-29T00:51:39Z",98.3
"Josh","2026-06-08 09:32:42","2026-05-28","2026-05-29T00:52:39Z",98.3
"Josh","2026-06-08 09:32:42","2026-05-28","2026-05-29T00:53:39Z",98.2
"Josh","2026-06-08 09:32:42","2026-05-28","2026-05-29T00:54:39Z",98.2
"Josh","2026-06-08 09:32:42","2026-05-28","2026-05-29T00:55:39Z",98.1
"Josh","2026-06-08 09:32:42","2026-05-28","2026-05-29T00:56:39Z",98.1
"Josh","2026-06-08 09:32:42","2026-05-28","2026-05-29T00:57:39Z",98.1
"Josh","2026-06-08 09:32:42","2026-05-28","2026-05-29T00:58:39Z",98.0
"Josh","2026-06-08 09:32:42","2026-05-28","2026-05-29T00:59:39Z",98.0
"Josh","2026-06-08 09:32:42","2026-05-28","2026-05-29T01:00:39Z",97.9
"Josh","2026-06-08 09:32:42","2026-05-28","2026-05-29T01:01:39Z",97.9
"Josh","2026-06-08 09:32:42","2026-05-28","2026-05-29T01:02:39Z",97.8
"Josh","2026-06-08 09:32:42","2026-05-28","2026-05-29T01:03:39Z",97.8
"Josh","2026-06-08 09:32:42","2026-05-28","2026-05-29T01:04:39Z",97.7
"Josh","2026-06-08 09:32:42","2026-05-28","2026-05-29T01:05:39Z",97.6
"Josh","2026-06-08 09:32:42","2026-05-28","2026-05-29T01:06:39Z",97.4
"Josh","2026-06-08 09:32:42","2026-05-28","2026-05-29T01:07:39Z",97.4
"Josh","2026-06-08 09:32:42","2026-05-28","2026-05-29T01:08:39Z",97.3
"Josh","2026-06-08 09:32:42","2026-05-28","2026-05-29T01:09:39Z",97.3
"Josh","2026-06-08 09:32:42","2026-05-28","2026-05-29T01:10:39Z",97.2
"Josh","2026-06-08 09:32:42","2026-05-28","2026-05-29T01:11:39Z",97.3
"Josh","2026-06-08 09:32:42","2026-05-28","2026-05-29T01:12:39Z",97.2
"Josh","2026-06-08 09:32:42","2026-05-28","2026-05-29T01:13:39Z",97.2
"Josh","2026-06-08 09:32:42","2026-05-28","2026-05-29T01:14:39Z",97.2
"Josh","2026-06-08 09:32:42","2026-05-28","2026-05-29T01:15:39Z",97.2
"Josh","2026-06-08 09:32:42","2026-05-28","2026-05-29T01:16:39Z",50.0
"Josh","2026-06-08 09:32:42","2026-05-28","2026-05-29T01:17:39Z",96.8
"Josh","2026-06-08 09:32:42","2026-05-28","2026-05-29T01:18:39Z",96.8
"Josh","2026-06-08 09:32:42","2026-05-28","2026-05-29T01:19:39Z",96.8
"Josh","2026-06-08 09:32:42","2026-05-28","2026-05-29T01:20:39Z",96.9
"Josh","2026-06-08 09:32:42","2026-05-28","2026-05-29T01:21:39Z",96.9
"Josh","2026-06-08 09:32:42","2026-05-28","2026-05-29T01:22:39Z",96.9
"Josh","2026-06-08 09:32:42","2026-05-28","2026-05-29T01:23:39Z",97.0
"Josh","2026-06-08 09:32:42","2026-05-28","2026-05-29T01:24:39Z",97.1
"Josh","2026-06-08 09:32:42","2026-05-28","2026-05-29T01:25:39Z",97.2
"Josh","2026-06-08 09:32:42","2026-05-28","2026-05-29T01:26:39Z",97.3
"Josh","2026-06-08 09:32:42","2026-05-28","2026-05-29T01:27:39Z",97.4
"Josh","2026-06-08 09:32:42","2026-05-28","2026-05-29T01:28:39Z",97.4
"Josh","2026-06-08 09:32:42","2026-05-28","2026-05-29T01:29:39Z",97.5
"Josh","2026-06-08 09:32:42","2026-05-28","2026-05-29T01:30:39Z",97.5
"Josh","2026-06-08 09:32:42","2026-05-28","2026-05-29T01:31:39Z",97.6
"Josh","2026-06-08 09:32:42","2026-05-28","2026-05-29T01:32:39Z",97.7
"Josh","2026-06-08 09:32:42","2026-05-28","2026-05-29T01:33:39Z",97.7
"Josh","2026-06-08 09:32:42","2026-05-28","2026-05-29T01:34:39Z",97.8
"Josh","2026-06-08 09:32:42","2026-05-28","2026-05-29T01:35:39Z",97.8
"Josh","2026-06-08 09:32:42","2026-05-28","2026-05-29T01:36:39Z",97.9
"Josh","2026-06-08 09:32:42","2026-05-28","2026-05-29T01:37:39Z",97.9
"Josh","2026-06-08 09:32:42","2026-05-28","2026-05-29T01:38:39Z",98.0
"Josh","2026-06-08 09:32:42","2026-05-28","2026-05-29T01:39:39Z",98.0
"Josh","2026-06-08 09:32:42","2026-05-28","2026-05-29T01:40:39Z",98.0
"Josh","2026-06-08 09:32:42","2026-05-28","2026-05-29T01:41:39Z",98.1
"Josh","2026-06-08 09:32:42","2026-05-28","2026-05-29T01:42:39Z",98.1
"Josh","2026-06-08 09:32:42","2026-05-28","2026-05-29T01:43:39Z",98.2
"Josh","2026-06-08 09:32:42","2026-05-28","2026-05-29T01:44:39Z",98.2
"Josh","2026-06-08 09:32:42","2026-05-28","2026-05-29T01:45:39Z",98.3
"Josh","2026-06-08 09:32:42","2026-05-28","2026-05-29T01:46:39Z",98.4
"Josh","2026-06-08 09:32:42","2026-05-28","2026-05-29T01:47:39Z",98.4
"Josh","2026-06-08 09:32:42","2026-05-28","2026-05-29T01:48:39Z",98.5
"Josh","2026-06-08 09:32:42","2026-05-28","2026-05-29T01:49:39Z",98.6
"Josh","2026-06-08 09:32:42","2026-05-28","2026-05-29T01:50:39Z",98.7
"Josh","2026-06-08 09:32:42","2026-05-28","2026-05-29T01:51:39Z",98.6
"Josh","2026-06-08 09:32:42","2026-05-28","2026-05-29T01:52:39Z",98.7
"Josh","2026-06-08 09:32:42","2026-05-28","2026-05-29T01:53:39Z",98.6
"Josh","2026-06-08 09:32:42","2026-05-28","2026-05-29T01:54:39Z",98.6
"Josh","2026-06-08 09:32:42","2026-05-28","2026-05-29T01:55:39Z",98.6
"Josh","2026-06-08 09:32:42","2026-05-28","2026-05-29T01:56:39Z",98.6
"Josh","2026-06-08 09:32:42","2026-05-28","2026-05-29T01:57:39Z",98.5
"Josh","2026-06-08 09:32:42","2026-05-28","2026-05-29T01:58:39Z",98.7
"Josh","2026-06-08 09:32:42","2026-05-28","2026-05-29T01:59:39Z",98.6
"Josh","2026-06-08 09:32:42","2026-05-28","2026-05-29T02:00:39Z",98.6
"Josh","2026-06-08 09:32:42","2026-05-28","2026-05-29T02:01:39Z",98.6
"Josh","2026-06-08 09:32:42","2026-05-28","2026-05-29T02:02:39Z",98.6
"Josh","2026-06-08 09:32:42","2026-05-28","2026-05-29T02:03:39Z",98.5
"Josh","2026-06-08 09:32:42","2026-05-28","2026-05-29T02:04:39Z",98.5
"Josh","2026-06-08 09:32:42","2026-05-28","2026-05-29T02:05:39Z",98.6
"Josh","2026-06-08 09:32:42","2026-05-28","2026-05-29T02:06:39Z",98.6
"Josh","2026-06-08 09:32:42","2026-05-28","2026-05-29T02:07:39Z",98.6
"Josh","2026-06-08 09:32:42","2026-05-28","2026-05-29T02:08:39Z",98.6
"Josh","2026-06-08 09:32:42","2026-05-28","2026-05-29T02:09:39Z",98.7
"Josh","2026-06-08 09:32:42","2026-05-28","2026-05-29T02:10:39Z",98.8
"Josh","2026-06-08 09:32:42","2026-05-28","2026-05-29T02:11:39Z",98.8
"Josh","2026-06-08 09:32:42","2026-05-28","2026-05-29T02:12:39Z",98.8
"Josh","2026-06-08 09:32:42","2026-05-28","2026-05-29T02:13:39Z",98.7
"Josh","2026-06-08 09:32:42","2026-05-28","2026-05-29T02:14:39Z",98.7
"Josh","2026-06-08 09:32:42","2026-05-28","2026-05-29T02:15:39Z",98.6
"Josh","2026-06-08 09:32:42","2026-05-28","2026-05-29T02:16:39Z",98.6
"Josh","2026-06-08 09:32:42","2026-05-28","2026-05-29T02:17:39Z",98.5
"Josh","2026-06-08 09:32:42","2026-05-28","2026-05-29T02:18:39Z",98.5
"Josh","2026-06-08 09:32:42","2026-05-28","2026-05-29T02:19:39Z",98.4
"Josh","2026-06-08 09:32:42","2026-05-28","2026-05-29T02:20:39Z",98.4
"Josh","2026-06-08 09:32:42","2026-05-28","2026-05-29T02:21:39Z",98.3
"Josh","2026-06-08 09:32:42","2026-05-28","2026-05-29T02:22:39Z",98.3
"Josh","2026-06-08 09:32:42","2026-05-28","2026-05-29T02:23:39Z",98.2
"Josh","2026-06-08 09:32:42","2026-05-28","2026-05-29T02:24:39Z",98.2
"Josh","2026-06-08 09:32:42","2026-05-28","2026-05-29T02:25:39Z",98.2
"Josh","2026-06-08 09:32:42","2026-05-28","2026-05-29T02:26:39Z",98.1
"Josh","2026-06-08 09:32:42","2026-05-28","2026-05-29T02:27:39Z",98.1
"Josh","2026-06-08 09:32:42","2026-05-28","2026-05-29T02:28:39Z",98.0
"Josh","2026-06-08 09:32:42","2026-05-28","2026-05-29T02:29:39Z",98.0
"Josh","2026-06-08 09:32:42","2026-05-28","2026-05-29T02:30:39Z",97.9
"Josh","2026-06-08 09:32:42","2026-05-28","2026-05-29T02:31:39Z",97.9
"Josh","2026-06-08 09:32:42","2026-05-28","2026-05-29T02:32:39Z",97.8
"Josh","2026-06-08 09:32:42","2026-05-28","2026-05-29T02:33:39Z",97.8
"Josh","2026-06-08 09:32:42","2026-05-28","2026-05-29T02:34:39Z",97.7
"Josh","2026-06-08 09:32:42","2026-05-28","2026-05-29T02:35:39Z",97.5
"Josh","2026-06-08 09:32:42","2026-05-28","2026-05-29T02:36:39Z",97.4
"Josh","2026-06-08 09:32:42","2026-05-28","2026-05-29T02:37:39Z",97.3
"Josh","2026-06-08 09:32:42","2026-05-28","2026-05-29T02:38:39Z",97.3
"Josh","2026-06-08 09:32:42","2026-05-28","2026-05-29T02:39:39Z",97.3
"Josh","2026-06-08 09:32:42","2026-05-28","2026-05-29T02:40:39Z",97.3
"Josh","2026-06-08 09:32:42","2026-05-28","2026-05-29T02:41:39Z",97.2
"Josh","2026-06-08 09:32:42","2026-05-28","2026-05-29T02:42:39Z",97.2
"Josh","2026-06-08 09:32:42","2026-05-28","2026-05-29T02:43:39Z",97.1
"Josh","2026-06-08 09:32:42","2026-05-28","2026-05-29T02:44:39Z",97.2
"Josh","2026-06-08 09:32:42","2026-05-28","2026-05-29T02:45:39Z",97.2
"Josh","2026-06-08 09:32:42","2026-05-28","2026-05-29T02:46:39Z",97.1
"Josh","2026-06-08 09:32:42","2026-05-28","2026-05-29T02:47:39Z",97.1
"Josh","2026-06-08 09:32:42","2026-05-28","2026-05-29T02:48:39Z",97.1
"Josh","2026-06-08 09:32:42","2026-05-28","2026-05-29T02:49:39Z",97.1
"Josh","2026-06-08 09:32:42","2026-05-28","2026-05-29T02:50:39Z",97.1
"Josh","2026-06-08 09:32:42","2026-05-28","2026-05-29T02:51:39Z",97.1
"Josh","2026-06-08 09:32:42","2026-05-28","2026-05-29T02:52:39Z",97.1
"Josh","2026-06-08 09:32:42","2026-05-28","2026-05-29T02:53:39Z",97.2
"Josh","2026-06-08 09:32:42","2026-05-28","2026-05-29T02:54:39Z",97.2
"Josh","2026-06-08 09:32:42","2026-05-28","2026-05-29T02:55:39Z",97.3
"Josh","2026-06-08 09:32:42","2026-05-28","2026-05-29T02:56:39Z",97.4
"Josh","2026-06-08 09:32:42","2026-05-28","2026-05-29T02:57:39Z",97.4
"Josh","2026-06-08 09:32:42","2026-05-28","2026-05-29T02:58:39Z",97.5
"Josh","2026-06-08 09:32:42","2026-05-28","2026-05-29T02:59:39Z",97.5
"Josh","2026-06-08 09:32:42","2026-05-28","2026-05-29T03:00:39Z",97.6
"Josh","2026-06-08 09:32:42","2026-05-28","2026-05-29T03:01:39Z",97.6
"Josh","2026-06-08 09:32:42","2026-05-28","2026-05-29T03:02:39Z",97.7
"Josh","2026-06-08 09:32:42","2026-05-28","2026-05-29T03:03:39Z",97.7
"Josh","2026-06-08 09:32:42","2026-05-28","2026-05-29T03:04:39Z",97.8
"Josh","2026-06-08 09:32:42","2026-05-28","2026-05-29T03:05:39Z",97.8
"Josh","2026-06-08 09:32:42","2026-05-28","2026-05-29T03:06:39Z",97.9
"Josh","2026-06-08 09:32:42","2026-05-28","2026-05-29T03:07:39Z",97.9
"Josh","2026-06-08 09:32:42","2026-05-28","2026-05-29T03:08:39Z",98.0
"Josh","2026-06-08 09:32:42","2026-05-28","2026-05-29T03:09:39Z",98.0
"Josh","2026-06-08 09:32:42","2026-05-28","2026-05-29T03:10:39Z",97.8
"Josh","2026-06-08 09:32:42","2026-05-28","2026-05-29T03:11:39Z",97.9
"Josh","2026-06-08 09:32:42","2026-05-28","2026-05-29T03:12:39Z",98.0
"Josh","2026-06-08 09:32:42","2026-05-28","2026-05-29T03:13:39Z",50.0
"Josh","2026-06-08 09:32:42","2026-05-28","2026-05-29T03:14:39Z",98.1
"Josh","2026-06-08 09:32:42","2026-05-28","2026-05-29T03:15:39Z",98.2
"Josh","2026-06-08 09:32:42","2026-05-28","2026-05-29T03:16:39Z",98.2
"Josh","2026-06-08 09:32:42","2026-05-28","2026-05-29T03:17:39Z",98.4
"Josh","2026-06-08 09:32:42","2026-05-28","2026-05-29T03:18:39Z",98.4
"Josh","2026-06-08 09:32:42","2026-05-28","2026-05-29T03:19:39Z",98.5
"Josh","2026-06-08 09:32:42","2026-05-28","2026-05-29T03:20:39Z",98.5
"Josh","2026-06-08 09:32:42","2026-05-28","2026-05-29T03:21:39Z",98.6
"Josh","2026-06-08 09:32:42","2026-05-28","2026-05-29T03:22:39Z",98.6
"Josh","2026-06-08 09:32:42","2026-05-28","2026-05-29T03:23:39Z",98.6
"Josh","2026-06-08 09:32:42","2026-05-28","2026-05-29T03:24:39Z",98.6
"Josh","2026-06-08 09:32:42","2026-05-28","2026-05-29T03:25:39Z",98.6
"Josh","2026-06-08 09:32:42","2026-05-28","2026-05-29T03:26:39Z",98.5
"Josh","2026-06-08 09:32:42","2026-05-28","2026-05-29T03:27:39Z",98.6
"Josh","2026-06-08 09:32:42","2026-05-28","2026-05-29T03:28:39Z",98.7
"Josh","2026-06-08 09:32:42","2026-05-28","2026-05-29T03:29:39Z",98.8
"Josh","2026-06-08 09:32:42","2026-05-28","2026-05-29T03:30:39Z",98.7
"Josh","2026-06-08 09:32:42","2026-05-28","2026-05-29T03:31:39Z",98.7
"Josh","2026-06-08 09:32:42","2026-05-28","2026-05-29T03:32:39Z",98.7
"Josh","2026-06-08 09:32:42","2026-05-28","2026-05-29T03:33:39Z",98.6
"Josh","2026-06-08 09:32:42","2026-05-28","2026-05-29T03:34:39Z",98.6
"Josh","2026-06-08 09:32:42","2026-05-28","2026-05-29T03:35:39Z",98.5
"Josh","2026-06-08 09:32:42","2026-05-28","2026-05-29T03:36:39Z",98.6
"Josh","2026-06-08 09:32:42","2026-05-28","2026-05-29T03:37:39Z",98.7
"Josh","2026-06-08 09:32:42","2026-05-28","2026-05-29T03:38:39Z",98.6
"Josh","2026-06-08 09:32:42","2026-05-28","2026-05-29T03:39:39Z",98.6
"Josh","2026-06-08 09:32:42","2026-05-28","2026-05-29T03:40:39Z",98.7
"Josh","2026-06-08 09:32:42","2026-05-28","2026-05-29T03:41:39Z",98.7
"Josh","2026-06-08 09:32:42","2026-05-28","2026-05-29T03:42:39Z",98.6
"Josh","2026-06-08 09:32:42","2026-05-28","2026-05-29T03:43:39Z",98.6
"Josh","2026-06-08 09:32:42","2026-05-28","2026-05-29T03:44:39Z",98.6
"Josh","2026-06-08 09:32:42","2026-05-28","2026-05-29T03:45:39Z",98.6
"Josh","2026-06-08 09:32:42","2026-05-28","2026-05-29T03:46:39Z",98.5
"Josh","2026-06-08 09:32:42","2026-05-28","2026-05-29T03:47:39Z",98.5
"Josh","2026-06-08 09:32:42","2026-05-28","2026-05-29T03:48:39Z",98.4
"Josh","2026-06-08 09:32:42","2026-05-28","2026-05-29T03:49:39Z",98.4
"Josh","2026-06-08 09:32:42","2026-05-28","2026-05-29T03:50:39Z",98.4
"Josh","2026-06-08 09:32:42","2026-05-28","2026-05-29T03:51:39Z",98.3
"Josh","2026-06-08 09:32:42","2026-05-28","2026-05-29T03:52:39Z",98.3
"Josh","2026-06-08 09:32:42","2026-05-28","2026-05-29T03:53:39Z",98.2
"Josh","2026-06-08 09:32:42","2026-05-28","2026-05-29T03:54:39Z",97.8
"Josh","2026-06-08 09:32:42","2026-05-28","2026-05-29T03:55:39Z",97.9
"Josh","2026-06-08 09:32:42","2026-05-28","2026-05-29T03:56:39Z",97.9
"Josh","2026-06-08 09:32:42","2026-05-28","2026-05-29T03:57:39Z",97.9
"Josh","2026-06-08 09:32:42","2026-05-28","2026-05-29T03:58:39Z",97.9
"Josh","2026-06-08 09:32:42","2026-05-28","2026-05-29T03:59:39Z",97.8
"Josh","2026-06-08 09:32:42","2026-05-28","2026-05-29T04:00:39Z",97.8
"Josh","2026-06-08 09:32:42","2026-05-28","2026-05-29T04:01:39Z",97.8
"Josh","2026-06-08 09:32:42","2026-05-28","2026-05-29T04:02:39Z",97.8
"Josh","2026-06-08 09:32:42","2026-05-28","2026-05-29T04:03:39Z",97.7
"Josh","2026-06-08 09:32:42","2026-05-28","2026-05-29T04:04:39Z",97.7
"Josh","2026-06-08 09:32:42","2026-05-28","2026-05-29T04:05:39Z",97.7
"Josh","2026-06-08 09:32:42","2026-05-28","2026-05-29T04:06:39Z",97.6
"Josh","2026-06-08 09:32:42","2026-05-28","2026-05-29T04:07:39Z",97.6
"Josh","2026-06-08 09:32:42","2026-05-28","2026-05-29T04:08:39Z",97.5
"Josh","2026-06-08 09:32:42","2026-05-28","2026-05-29T04:09:39Z",97.3
"Josh","2026-06-08 09:32:42","2026-05-28","2026-05-29T04:10:39Z",97.2
"Josh","2026-06-08 09:32:42","2026-05-28","2026-05-29T04:11:39Z",97.2
"Josh","2026-06-08 09:32:42","2026-05-28","2026-05-29T04:12:39Z",97.1
"Josh","2026-06-08 09:32:42","2026-05-28","2026-05-29T04:13:39Z",97.0
"Josh","2026-06-08 09:32:42","2026-05-28","2026-05-29T04:14:39Z",97.1
"Josh","2026-06-08 09:32:42","2026-05-28","2026-05-29T04:15:39Z",97.1
"Josh","2026-06-08 09:32:42","2026-05-28","2026-05-29T04:16:39Z",97.1
"Josh","2026-06-08 09:32:42","2026-05-28","2026-05-29T04:17:39Z",97.1
"Josh","2026-06-08 09:32:42","2026-05-28","2026-05-29T04:18:39Z",97.1
"Josh","2026-06-08 09:32:42","2026-05-28","2026-05-29T04:19:39Z",97.1
"Josh","2026-06-08 09:32:42","2026-05-28","2026-05-29T04:20:39Z",97.0
"Josh","2026-06-08 09:32:42","2026-05-28","2026-05-29T04:21:39Z",96.9
"Josh","2026-06-08 09:32:42","2026-05-28","2026-05-29T04:22:39Z",97.0
"Josh","2026-06-08 09:32:42","2026-05-28","2026-05-29T04:23:39Z",97.1
"Josh","2026-06-08 09:32:42","2026-05-28","2026-05-29T04:24:39Z",97.2
"Josh","2026-06-08 09:32:42","2026-05-28","2026-05-29T04:25:39Z",97.2
"Josh","2026-06-08 09:32:42","2026-05-28","2026-05-29T04:26:39Z",97.3
"Josh","2026-06-08 09:32:42","2026-05-28","2026-05-29T04:27:39Z",97.4
"Josh","2026-06-08 09:32:42","2026-05-28","2026-05-29T04:28:39Z",97.4
"Josh","2026-06-08 09:32:42","2026-05-28","2026-05-29T04:29:39Z",97.5
"Josh","2026-06-08 09:32:42","2026-05-28","2026-05-29T04:30:39Z",97.6
"Josh","2026-06-08 09:32:42","2026-05-28","2026-05-29T04:31:39Z",97.6
"Josh","2026-06-08 09:32:42","2026-05-28","2026-05-29T04:32:39Z",97.7
"Josh","2026-06-08 09:32:42","2026-05-28","2026-05-29T04:33:39Z",97.7
"Josh","2026-06-08 09:32:42","2026-05-28","2026-05-29T04:34:39Z",97.8
"Josh","2026-06-08 09:32:42","2026-05-28","2026-05-29T04:35:39Z",97.8
"Josh","2026-06-08 09:32:42","2026-05-28","2026-05-29T04:36:39Z",97.9
"Josh","2026-06-08 09:32:42","2026-05-28","2026-05-29T04:37:39Z",97.9
"Josh","2026-06-08 09:32:42","2026-05-28","2026-05-29T04:38:39Z",97.6
"Josh","2026-06-08 09:32:42","2026-05-28","2026-05-29T04:39:39Z",97.7
"Josh","2026-06-08 09:32:42","2026-05-28","2026-05-29T04:40:39Z",97.8
"Josh","2026-06-08 09:32:42","2026-05-28","2026-05-29T04:41:39Z",97.9
"Josh","2026-06-08 09:32:42","2026-05-28","2026-05-29T04:42:39Z",98.0
"Josh","2026-06-08 09:32:42","2026-05-28","2026-05-29T04:43:39Z",98.0
"Josh","2026-06-08 09:32:42","2026-05-28","2026-05-29T04:44:39Z",98.1
"Josh","2026-06-08 09:32:42","2026-05-28","2026-05-29T04:45:39Z",98.2
"Josh","2026-06-08 09:32:42","2026-05-28","2026-05-29T04:46:39Z",98.3
"Josh","2026-06-08 09:32:42","2026-05-28","2026-05-29T04:47:39Z",98.4
"Josh","2026-06-08 09:32:42","2026-05-28","2026-05-29T04:48:39Z",98.5
"Josh","2026-06-08 09:32:42","2026-05-28","2026-05-29T04:49:39Z",98.6
"Josh","2026-06-08 09:32:42","2026-05-28","2026-05-29T04:50:39Z",98.7
"Josh","2026-06-08 09:32:42","2026-05-28","2026-05-29T04:51:39Z",98.7
"Josh","2026-06-08 09:32:42","2026-05-28","2026-05-29T04:52:39Z",50.0
"Josh","2026-06-08 09:32:42","2026-05-28","2026-05-29T04:53:39Z",98.8
"Josh","2026-06-08 09:32:42","2026-05-28","2026-05-29T04:54:39Z",98.7
"Josh","2026-06-08 09:32:42","2026-05-28","2026-05-29T04:55:39Z",98.8
"Josh","2026-06-08 09:32:42","2026-05-28","2026-05-29T04:56:39Z",98.7
"Josh","2026-06-08 09:32:42","2026-05-28","2026-05-29T04:57:39Z",98.7
"Josh","2026-06-08 09:32:42","2026-05-28","2026-05-29T04:58:39Z",98.7
"Josh","2026-06-08 09:32:42","2026-05-28","2026-05-29T04:59:39Z",98.7
"Josh","2026-06-08 09:32:42","2026-05-28","2026-05-29T05:00:39Z",98.8
"Josh","2026-06-08 09:32:42","2026-05-28","2026-05-29T05:01:39Z",98.8
"Josh","2026-06-08 09:32:42","2026-05-28","2026-05-29T05:02:39Z",98.8
"Josh","2026-06-08 09:32:42","2026-05-28","2026-05-29T05:03:39Z",98.8
"Josh","2026-06-08 09:32:42","2026-05-28","2026-05-29T05:04:39Z",98.8
"Josh","2026-06-08 09:32:42","2026-05-28","2026-05-29T05:05:39Z",98.7
"Josh","2026-06-08 09:32:42","2026-05-28","2026-05-29T05:06:39Z",98.8
"Josh","2026-06-08 09:32:42","2026-05-28","2026-05-29T05:07:39Z",50.0
"Josh","2026-06-08 09:32:42","2026-05-28","2026-05-29T05:08:39Z",98.7
"Josh","2026-06-08 09:32:42","2026-05-28","2026-05-29T05:09:39Z",98.7
"Josh","2026-06-08 09:32:42","2026-05-28","2026-05-29T05:10:39Z",98.8
"Josh","2026-06-08 09:32:42","2026-05-28","2026-05-29T05:11:39Z",98.7
"Josh","2026-06-08 09:32:42","2026-05-28","2026-05-29T05:12:39Z",98.6
"Josh","2026-06-08 09:32:42","2026-05-28","2026-05-29T05:13:39Z",98.6
"Josh","2026-06-08 09:32:42","2026-05-28","2026-05-29T05:14:39Z",98.6
"Josh","2026-06-08 09:32:42","2026-05-28","2026-05-29T05:15:39Z",98.5
"Josh","2026-06-08 09:32:42","2026-05-28","2026-05-29T05:16:39Z",98.5
"Josh","2026-06-08 09:32:42","2026-05-28","2026-05-29T05:17:39Z",98.5
"Josh","2026-06-08 09:32:42","2026-05-28","2026-05-29T05:18:39Z",98.4
"Josh","2026-06-08 09:32:42","2026-05-28","2026-05-29T05:19:39Z",98.4
"Josh","2026-06-08 09:32:42","2026-05-28","2026-05-29T05:20:39Z",98.4
"Josh","2026-06-08 09:32:42","2026-05-28","2026-05-29T05:21:39Z",98.3
"Josh","2026-06-08 09:32:42","2026-05-28","2026-05-29T05:22:39Z",98.3
"Josh","2026-06-08 09:32:42","2026-05-28","2026-05-29T05:23:39Z",98.2
"Josh","2026-06-08 09:32:42","2026-05-28","2026-05-29T05:24:39Z",98.2
"Josh","2026-06-08 09:32:42","2026-05-28","2026-05-29T05:25:39Z",98.1
"Josh","2026-06-08 09:32:42","2026-05-28","2026-05-29T05:26:39Z",98.1
"Josh","2026-06-08 09:32:42","2026-05-28","2026-05-29T05:27:39Z",98.1
"Josh","2026-06-08 09:32:42","2026-05-28","2026-05-29T05:28:39Z",98.0
"Josh","2026-06-08 09:32:42","2026-05-28","2026-05-29T05:29:39Z",98.0
"Josh","2026-06-08 09:32:42","2026-05-28","2026-05-29T05:30:39Z",97.9
"Josh","2026-06-08 09:32:42","2026-05-28","2026-05-29T05:31:39Z",97.9
"Josh","2026-06-08 09:32:42","2026-05-28","2026-05-29T05:32:39Z",97.8
"Josh","2026-06-08 09:32:42","2026-05-28","2026-05-29T05:33:39Z",97.8
"Josh","2026-06-08 09:32:42","2026-05-28","2026-05-29T05:34:39Z",97.7
"Josh","2026-06-08 09:32:42","2026-05-28","2026-05-29T05:35:39Z",97.7
"Josh","2026-06-08 09:32:42","2026-05-28","2026-05-29T05:36:39Z",97.5
"Josh","2026-06-08 09:32:42","2026-05-28","2026-05-29T05:37:39Z",97.5
"Josh","2026-06-08 09:32:42","2026-05-28","2026-05-29T05:38:39Z",97.4
"Josh","2026-06-08 09:32:42","2026-05-28","2026-05-29T05:39:39Z",97.3
"Josh","2026-06-08 09:32:42","2026-05-28","2026-05-29T05:40:39Z",97.2
"Josh","2026-06-08 09:32:42","2026-05-28","2026-05-29T05:41:39Z",97.2
"Josh","2026-06-08 09:32:42","2026-05-28","2026-05-29T05:42:39Z",50.0
"Josh","2026-06-08 09:32:42","2026-05-28","2026-05-29T05:43:39Z",97.1
"Josh","2026-06-08 09:32:42","2026-05-28","2026-05-29T05:44:39Z",97.0
"Josh","2026-06-08 09:32:42","2026-05-28","2026-05-29T05:45:39Z",96.9
"Josh","2026-06-08 09:32:42","2026-05-28","2026-05-29T05:46:39Z",97.0
"Josh","2026-06-08 09:32:42","2026-05-28","2026-05-29T05:47:39Z",96.9
"Josh","2026-06-08 09:32:42","2026-05-28","2026-05-29T05:48:39Z",97.0
"Josh","2026-06-08 09:32:42","2026-05-28","2026-05-29T05:49:39Z",96.9
"Josh","2026-06-08 09:32:42","2026-05-28","2026-05-29T05:50:39Z",96.9
"Josh","2026-06-08 09:32:42","2026-05-28","2026-05-29T05:51:39Z",97.0
"Josh","2026-06-08 09:32:42","2026-05-28","2026-05-29T05:52:39Z",97.0
"Josh","2026-06-08 09:32:42","2026-05-28","2026-05-29T05:53:39Z",97.1
"Josh","2026-06-08 09:32:42","2026-05-28","2026-05-29T05:54:39Z",97.2
"Josh","2026-06-08 09:32:42","2026-05-28","2026-05-29T05:55:39Z",50.0
"Josh","2026-06-08 09:32:42","2026-05-28","2026-05-29T05:56:39Z",97.3
"Josh","2026-06-08 09:32:42","2026-05-28","2026-05-29T05:57:39Z",97.4
"Josh","2026-06-08 09:32:42","2026-05-28","2026-05-29T05:58:39Z",97.5
"Josh","2026-06-08 09:32:42","2026-05-28","2026-05-29T05:59:39Z",97.5
"Josh","2026-06-08 09:32:42","2026-05-28","2026-05-29T06:00:39Z",97.6
"Josh","2026-06-08 09:32:42","2026-05-28","2026-05-29T06:01:39Z",97.6
"Josh","2026-06-08 09:32:42","2026-05-28","2026-05-29T06:02:39Z",97.7
"Josh","2026-06-08 09:32:42","2026-05-28","2026-05-29T06:03:39Z",97.7
"Josh","2026-06-08 09:32:42","2026-05-28","2026-05-29T06:04:39Z",97.8
"Josh","2026-06-08 09:32:42","2026-05-28","2026-05-29T06:05:39Z",97.8
"Josh","2026-06-08 09:32:42","2026-05-28","2026-05-29T06:06:39Z",97.9
"Josh","2026-06-08 09:32:42","2026-05-28","2026-05-29T06:07:39Z",97.9
"Josh","2026-06-08 09:32:42","2026-05-28","2026-05-29T06:08:39Z",98.0
"Josh","2026-06-08 09:32:42","2026-05-28","2026-05-29T06:09:39Z",98.0
"Josh","2026-06-08 09:32:42","2026-05-28","2026-05-29T06:10:39Z",98.0
"Josh","2026-06-08 09:32:42","2026-05-28","2026-05-29T06:11:39Z",98.1
"Josh","2026-06-08 09:32:42","2026-05-28","2026-05-29T06:12:39Z",98.1
"Josh","2026-06-08 09:32:42","2026-05-28","2026-05-29T06:13:39Z",98.2
"Josh","2026-06-08 09:32:42","2026-05-28","2026-05-29T06:14:39Z",98.2
"Josh","2026-06-08 09:32:42","2026-05-28","2026-05-29T06:15:39Z",98.3
"Josh","2026-06-08 09:32:42","2026-05-28","2026-05-29T06:16:39Z",98.5
"Josh","2026-06-08 09:32:42","2026-05-28","2026-05-29T06:17:39Z",98.4
"Josh","2026-06-08 09:32:42","2026-05-28","2026-05-29T06:18:39Z",98.6
"Josh","2026-06-08 09:32:42","2026-05-28","2026-05-29T06:19:39Z",98.6
"Josh","2026-06-08 09:32:42","2026-05-28","2026-05-29T06:20:39Z",98.6
"Josh","2026-06-08 09:32:42","2026-05-28","2026-05-29T06:21:39Z",98.6
"Josh","2026-06-08 09:32:42","2026-05-28","2026-05-29T06:22:39Z",98.6
"Josh","2026-06-08 09:32:42","2026-05-28","2026-05-29T06:23:39Z",98.6
"Josh","2026-06-08 09:32:42","2026-05-28","2026-05-29T06:24:39Z",98.6
"Josh","2026-06-08 09:32:42","2026-05-28","2026-05-29T06:25:39Z",98.8
"Josh","2026-06-08 09:32:42","2026-05-28","2026-05-29T06:26:39Z",98.7
"Josh","2026-06-08 09:32:42","2026-05-28","2026-05-29T06:27:39Z",98.8
"Josh","2026-06-08 09:32:42","2026-05-28","2026-05-29T06:28:39Z",98.7
"Josh","2026-06-08 09:32:42","2026-05-28","2026-05-29T06:29:39Z",98.7
"Josh","2026-06-08 09:32:42","2026-05-28","2026-05-29T06:30:39Z",98.7
"Josh","2026-06-08 09:32:42","2026-05-28","2026-05-29T06:31:39Z",98.7
"Josh","2026-06-08 09:32:42","2026-05-28","2026-05-29T06:32:39Z",98.7
"Josh","2026-06-08 09:32:42","2026-05-28","2026-05-29T06:33:39Z",98.8
"Josh","2026-06-08 09:32:42","2026-05-28","2026-05-29T06:34:39Z",98.8
"Josh","2026-06-08 09:32:42","2026-05-28","2026-05-29T06:35:39Z",98.8
"Josh","2026-06-08 09:32:42","2026-05-28","2026-05-29T06:36:39Z",98.8
"Josh","2026-06-08 09:32:42","2026-05-28","2026-05-29T06:37:39Z",98.8
"Josh","2026-06-08 09:32:42","2026-05-28","2026-05-29T06:38:39Z",98.9
"Josh","2026-06-08 09:32:42","2026-05-28","2026-05-29T06:39:39Z",98.8
"Josh","2026-06-08 09:32:42","2026-05-28","2026-05-29T06:40:39Z",98.7
"Josh","2026-06-08 09:32:42","2026-05-28","2026-05-29T06:41:39Z",98.8
"Josh","2026-06-08 09:32:42","2026-05-28","2026-05-29T06:42:39Z",98.6
"Josh","2026-06-08 09:32:42","2026-05-28","2026-05-29T06:43:39Z",98.5
"Josh","2026-06-08 09:32:42","2026-05-28","2026-05-29T06:44:39Z",98.5
"Josh","2026-06-08 09:32:42","2026-05-28","2026-05-29T06:45:39Z",98.5
"Josh","2026-06-08 09:32:42","2026-05-28","2026-05-29T06:46:39Z",98.5
"Josh","2026-06-08 09:32:42","2026-05-28","2026-05-29T06:47:39Z",98.4
"Josh","2026-06-08 09:32:42","2026-05-28","2026-05-29T06:48:39Z",98.4
"Josh","2026-06-08 09:32:42","2026-05-28","2026-05-29T06:49:39Z",98.4
"Josh","2026-06-08 09:32:42","2026-05-28","2026-05-29T06:50:39Z",98.3
"Josh","2026-06-08 09:32:42","2026-05-28","2026-05-29T06:51:39Z",98.3
"Josh","2026-06-08 09:32:42","2026-05-28","2026-05-29T06:52:39Z",98.3
"Josh","2026-06-08 09:32:42","2026-05-28","2026-05-29T06:53:39Z",98.2
"Josh","2026-06-08 09:32:42","2026-05-28","2026-05-29T06:54:39Z",98.2
"Josh","2026-06-08 09:32:42","2026-05-28","2026-05-29T06:55:39Z",98.1
"Josh","2026-06-08 09:32:42","2026-05-28","2026-05-29T06:56:39Z",98.1
"Josh","2026-06-08 09:32:42","2026-05-28","2026-05-29T06:57:39Z",98.0
"Josh","2026-06-08 09:32:42","2026-05-28","2026-05-29T06:58:39Z",98.0
"Josh","2026-06-08 09:32:42","2026-05-28","2026-05-29T06:59:39Z",98.0
"Josh","2026-06-08 09:32:42","2026-05-28","2026-05-29T07:00:39Z",97.9
"Josh","2026-06-08 09:32:42","2026-05-28","2026-05-29T07:01:39Z",97.9
"Josh","2026-06-08 09:32:42","2026-05-28","2026-05-29T07:02:39Z",97.8
"Josh","2026-06-08 09:32:42","2026-05-28","2026-05-29T07:03:39Z",97.8
"Josh","2026-06-08 09:32:42","2026-05-28","2026-05-29T07:04:39Z",97.7
"Josh","2026-06-08 09:32:42","2026-05-28","2026-05-29T07:05:39Z",97.6
"Josh","2026-06-08 09:32:42","2026-05-28","2026-05-29T07:06:39Z",97.5
"Josh","2026-06-08 09:32:42","2026-05-28","2026-05-29T07:07:39Z",97.5
"Josh","2026-06-08 09:32:42","2026-05-28","2026-05-29T07:08:39Z",97.4
"Josh","2026-06-08 09:32:42","2026-05-28","2026-05-29T07:09:39Z",97.4
"Josh","2026-06-08 09:32:42","2026-05-28","2026-05-29T07:10:39Z",97.4
"Josh","2026-06-08 09:32:42","2026-05-28","2026-05-29T07:11:39Z",97.2
"Josh","2026-06-08 09:32:42","2026-05-28","2026-05-29T07:12:39Z",97.2
"Josh","2026-06-08 09:32:42","2026-05-28","2026-05-29T07:13:39Z",97.2
"Josh","2026-06-08 09:32:42","2026-05-28","2026-05-29T07:14:39Z",97.1
"Josh","2026-06-08 09:32:42","2026-05-28","2026-05-29T07:15:39Z",97.1
"Josh","2026-06-08 09:32:42","2026-05-28","2026-05-29T07:16:39Z",97.2
"Josh","2026-06-08 09:32:42","2026-05-28","2026-05-29T07:17:39Z",97.1
"Josh","2026-06-08 09:32:42","2026-05-28","2026-05-29T07:18:39Z",97.2
"Josh","2026-06-08 09:32:42","2026-05-28","2026-05-29T07:19:39Z",97.1
"Josh","2026-06-08 09:32:42","2026-05-28","2026-05-29T07:20:39Z",97.2
"Josh","2026-06-08 09:32:42","2026-05-28","2026-05-29T07:21:39Z",97.1
"Josh","2026-06-08 09:32:42","2026-05-28","2026-05-29T07:22:39Z",97.1
"Josh","2026-06-08 09:32:42","2026-05-28","2026-05-29T07:23:39Z",97.2
"Josh","2026-06-08 09:32:42","2026-05-28","2026-05-29T07:24:39Z",97.2
"Josh","2026-06-08 09:32:42","2026-05-28","2026-05-29T07:25:39Z",97.3
"Josh","2026-06-08 09:32:42","2026-05-28","2026-05-29T07:26:39Z",97.4
"Josh","2026-06-08 09:32:42","2026-05-28","2026-05-29T07:27:39Z",97.4
"Josh","2026-06-08 09:32:42","2026-05-28","2026-05-29T07:28:39Z",97.5
"Josh","2026-06-08 09:32:42","2026-05-28","2026-05-29T07:29:39Z",97.6
"Josh","2026-06-08 09:32:42","2026-05-28","2026-05-29T07:30:39Z",97.6
"Josh","2026-06-08 09:32:42","2026-05-28","2026-05-29T07:31:39Z",97.7
"Josh","2026-06-08 09:32:42","2026-05-28","2026-05-29T07:32:39Z",97.8
"Josh","2026-06-08 09:32:42","2026-05-28","2026-05-29T07:33:39Z",97.9
"Josh","2026-06-08 09:32:42","2026-05-28","2026-05-29T07:34:39Z",98.0
"Josh","2026-06-08 09:32:42","2026-05-28","2026-05-29T07:35:39Z",98.1
"Josh","2026-06-08 09:32:42","2026-05-28","2026-05-29T07:36:39Z",98.1
"Josh","2026-06-08 09:32:42","2026-05-28","2026-05-29T07:37:39Z",98.2
"Josh","2026-06-08 09:32:42","2026-05-28","2026-05-29T07:38:39Z",98.3
"Josh","2026-06-08 09:32:42","2026-05-28","2026-05-29T07:39:39Z",98.4
"Josh","2026-06-08 09:32:42","2026-05-28","2026-05-29T07:40:39Z",98.4
"Josh","2026-06-08 09:32:42","2026-05-28","2026-05-29T07:41:39Z",98.5
"Josh","2026-06-08 09:32:42","2026-05-29","2026-05-29T22:35:57Z",98.3
"Josh","2026-06-08 09:32:42","2026-05-29","2026-05-29T22:36:57Z",98.3
"Josh","2026-06-08 09:32:42","2026-05-29","2026-05-29T22:37:57Z",98.3
"Josh","2026-06-08 09:32:42","2026-05-29","2026-05-29T22:38:57Z",98.3
"Josh","2026-06-08 09:32:42","2026-05-29","2026-05-29T22:39:57Z",98.3
"Josh","2026-06-08 09:32:42","2026-05-29","2026-05-29T22:40:57Z",98.3
"Josh","2026-06-08 09:32:42","2026-05-29","2026-05-29T22:41:57Z",98.3
"Josh","2026-06-08 09:32:42","2026-05-29","2026-05-29T22:42:57Z",98.3
"Josh","2026-06-08 09:32:42","2026-05-29","2026-05-29T22:43:57Z",98.3
"Josh","2026-06-08 09:32:42","2026-05-29","2026-05-29T22:44:57Z",98.3
"Josh","2026-06-08 09:32:42","2026-05-29","2026-05-29T22:45:57Z",98.3
"Josh","2026-06-08 09:32:42","2026-05-29","2026-05-29T22:46:57Z",98.3
"Josh","2026-06-08 09:32:42","2026-05-29","2026-05-29T22:47:57Z",98.3
"Josh","2026-06-08 09:32:42","2026-05-29","2026-05-29T22:48:57Z",98.2
"Josh","2026-06-08 09:32:42","2026-05-29","2026-05-29T22:49:57Z",98.2
"Josh","2026-06-08 09:32:42","2026-05-29","2026-05-29T22:50:57Z",98.2
"Josh","2026-06-08 09:32:42","2026-05-29","2026-05-29T22:51:57Z",98.3
"Josh","2026-06-08 09:32:42","2026-05-29","2026-05-29T22:52:57Z",98.3
"Josh","2026-06-08 09:32:42","2026-05-29","2026-05-29T22:53:57Z",98.3
"Josh","2026-06-08 09:32:42","2026-05-29","2026-05-29T22:54:57Z",98.3
"Josh","2026-06-08 09:32:42","2026-05-29","2026-05-29T22:55:57Z",98.3
"Josh","2026-06-08 09:32:42","2026-05-29","2026-05-29T22:56:57Z",98.3
"Josh","2026-06-08 09:32:42","2026-05-29","2026-05-29T22:57:57Z",98.4
"Josh","2026-06-08 09:32:42","2026-05-29","2026-05-29T22:58:57Z",98.4
"Josh","2026-06-08 09:32:42","2026-05-29","2026-05-29T22:59:57Z",98.5
"Josh","2026-06-08 09:32:42","2026-05-29","2026-05-29T23:00:57Z",98.5
"Josh","2026-06-08 09:32:42","2026-05-29","2026-05-29T23:01:57Z",98.5
"Josh","2026-06-08 09:32:42","2026-05-29","2026-05-29T23:02:57Z",98.5
"Josh","2026-06-08 09:32:42","2026-05-29","2026-05-29T23:03:57Z",98.5
"Josh","2026-06-08 09:32:42","2026-05-29","2026-05-29T23:04:57Z",98.5
"Josh","2026-06-08 09:32:42","2026-05-29","2026-05-29T23:05:57Z",98.5
"Josh","2026-06-08 09:32:42","2026-05-29","2026-05-29T23:06:57Z",98.5
"Josh","2026-06-08 09:32:42","2026-05-29","2026-05-29T23:07:57Z",98.6
"Josh","2026-06-08 09:32:42","2026-05-29","2026-05-29T23:08:57Z",98.6
"Josh","2026-06-08 09:32:42","2026-05-29","2026-05-29T23:09:57Z",98.6
"Josh","2026-06-08 09:32:42","2026-05-29","2026-05-29T23:10:57Z",98.6
"Josh","2026-06-08 09:32:42","2026-05-29","2026-05-29T23:11:57Z",98.7
"Josh","2026-06-08 09:32:42","2026-05-29","2026-05-29T23:12:57Z",98.8
"Josh","2026-06-08 09:32:42","2026-05-29","2026-05-29T23:13:57Z",98.8
"Josh","2026-06-08 09:32:42","2026-05-29","2026-05-29T23:14:57Z",98.8
"Josh","2026-06-08 09:32:42","2026-05-29","2026-05-29T23:15:57Z",50.0
"Josh","2026-06-08 09:32:42","2026-05-29","2026-05-29T23:16:57Z",98.8
"Josh","2026-06-08 09:32:42","2026-05-29","2026-05-29T23:17:57Z",98.8
"Josh","2026-06-08 09:32:42","2026-05-29","2026-05-29T23:18:57Z",98.9
"Josh","2026-06-08 09:32:42","2026-05-29","2026-05-29T23:19:57Z",98.9
"Josh","2026-06-08 09:32:42","2026-05-29","2026-05-29T23:20:57Z",98.8
"Josh","2026-06-08 09:32:42","2026-05-29","2026-05-29T23:21:57Z",98.8
"Josh","2026-06-08 09:32:42","2026-05-29","2026-05-29T23:22:57Z",98.7
"Josh","2026-06-08 09:32:42","2026-05-29","2026-05-29T23:23:57Z",98.8
"Josh","2026-06-08 09:32:42","2026-05-29","2026-05-29T23:24:57Z",98.7
"Josh","2026-06-08 09:32:42","2026-05-29","2026-05-29T23:25:57Z",98.7
"Josh","2026-06-08 09:32:42","2026-05-29","2026-05-29T23:26:57Z",98.6
"Josh","2026-06-08 09:32:42","2026-05-29","2026-05-29T23:27:57Z",98.6
"Josh","2026-06-08 09:32:42","2026-05-29","2026-05-29T23:28:57Z",98.5
"Josh","2026-06-08 09:32:42","2026-05-29","2026-05-29T23:29:57Z",98.5
"Josh","2026-06-08 09:32:42","2026-05-29","2026-05-29T23:30:57Z",98.4
"Josh","2026-06-08 09:32:42","2026-05-29","2026-05-29T23:31:57Z",98.4
"Josh","2026-06-08 09:32:42","2026-05-29","2026-05-29T23:32:57Z",98.4
"Josh","2026-06-08 09:32:42","2026-05-29","2026-05-29T23:33:57Z",98.3
"Josh","2026-06-08 09:32:42","2026-05-29","2026-05-29T23:34:57Z",98.3
"Josh","2026-06-08 09:32:42","2026-05-29","2026-05-29T23:35:57Z",98.2
"Josh","2026-06-08 09:32:42","2026-05-29","2026-05-29T23:36:57Z",98.2
"Josh","2026-06-08 09:32:42","2026-05-29","2026-05-29T23:37:57Z",98.1
"Josh","2026-06-08 09:32:42","2026-05-29","2026-05-29T23:38:57Z",98.1
"Josh","2026-06-08 09:32:42","2026-05-29","2026-05-29T23:39:57Z",98.1
"Josh","2026-06-08 09:32:42","2026-05-29","2026-05-29T23:40:57Z",98.0
"Josh","2026-06-08 09:32:42","2026-05-29","2026-05-29T23:41:57Z",98.0
"Josh","2026-06-08 09:32:42","2026-05-29","2026-05-29T23:42:57Z",97.9
"Josh","2026-06-08 09:32:42","2026-05-29","2026-05-29T23:43:57Z",97.9
"Josh","2026-06-08 09:32:42","2026-05-29","2026-05-29T23:44:57Z",97.8
"Josh","2026-06-08 09:32:42","2026-05-29","2026-05-29T23:45:57Z",97.8
"Josh","2026-06-08 09:32:42","2026-05-29","2026-05-29T23:46:57Z",97.7
"Josh","2026-06-08 09:32:42","2026-05-29","2026-05-29T23:47:57Z",97.6
"Josh","2026-06-08 09:32:42","2026-05-29","2026-05-29T23:48:57Z",97.5
"Josh","2026-06-08 09:32:42","2026-05-29","2026-05-29T23:49:57Z",97.4
"Josh","2026-06-08 09:32:42","2026-05-29","2026-05-29T23:50:57Z",97.3
"Josh","2026-06-08 09:32:42","2026-05-29","2026-05-29T23:51:57Z",97.3
"Josh","2026-06-08 09:32:42","2026-05-29","2026-05-29T23:52:57Z",97.2
"Josh","2026-06-08 09:32:42","2026-05-29","2026-05-29T23:53:57Z",97.1
"Josh","2026-06-08 09:32:42","2026-05-29","2026-05-29T23:54:57Z",97.1
"Josh","2026-06-08 09:32:42","2026-05-29","2026-05-29T23:55:57Z",97.1
"Josh","2026-06-08 09:32:42","2026-05-29","2026-05-29T23:56:57Z",97.1
"Josh","2026-06-08 09:32:42","2026-05-29","2026-05-29T23:57:57Z",97.1
"Josh","2026-06-08 09:32:42","2026-05-29","2026-05-29T23:58:57Z",97.0
"Josh","2026-06-08 09:32:42","2026-05-29","2026-05-29T23:59:57Z",97.1
"Josh","2026-06-08 09:32:42","2026-05-29","2026-05-30T00:00:57Z",97.1
"Josh","2026-06-08 09:32:42","2026-05-29","2026-05-30T00:01:57Z",97.1
"Josh","2026-06-08 09:32:42","2026-05-29","2026-05-30T00:02:57Z",97.1
"Josh","2026-06-08 09:32:42","2026-05-29","2026-05-30T00:03:57Z",97.1
"Josh","2026-06-08 09:32:42","2026-05-29","2026-05-30T00:04:57Z",97.1
"Josh","2026-06-08 09:32:42","2026-05-29","2026-05-30T00:05:57Z",97.2
"Josh","2026-06-08 09:32:42","2026-05-29","2026-05-30T00:06:57Z",97.3
"Josh","2026-06-08 09:32:42","2026-05-29","2026-05-30T00:07:57Z",97.3
"Josh","2026-06-08 09:32:42","2026-05-29","2026-05-30T00:08:57Z",97.4
"Josh","2026-06-08 09:32:42","2026-05-29","2026-05-30T00:09:57Z",97.4
"Josh","2026-06-08 09:32:42","2026-05-29","2026-05-30T00:10:57Z",97.5
"Josh","2026-06-08 09:32:42","2026-05-29","2026-05-30T00:11:57Z",97.5
"Josh","2026-06-08 09:32:42","2026-05-29","2026-05-30T00:12:57Z",97.6
"Josh","2026-06-08 09:32:42","2026-05-29","2026-05-30T00:13:57Z",97.6
"Josh","2026-06-08 09:32:42","2026-05-29","2026-05-30T00:14:57Z",97.7
"Josh","2026-06-08 09:32:42","2026-05-29","2026-05-30T00:15:57Z",97.7
"Josh","2026-06-08 09:32:42","2026-05-29","2026-05-30T00:16:57Z",97.8
"Josh","2026-06-08 09:32:42","2026-05-29","2026-05-30T00:17:57Z",97.8
"Josh","2026-06-08 09:32:42","2026-05-29","2026-05-30T00:18:57Z",97.9
"Josh","2026-06-08 09:32:42","2026-05-29","2026-05-30T00:19:57Z",97.9
"Josh","2026-06-08 09:32:42","2026-05-29","2026-05-30T00:20:57Z",98.0
"Josh","2026-06-08 09:32:42","2026-05-29","2026-05-30T00:21:57Z",98.0
"Josh","2026-06-08 09:32:42","2026-05-29","2026-05-30T00:22:57Z",98.0
"Josh","2026-06-08 09:32:42","2026-05-29","2026-05-30T00:23:57Z",98.1
"Josh","2026-06-08 09:32:42","2026-05-29","2026-05-30T00:24:57Z",98.1
"Josh","2026-06-08 09:32:42","2026-05-29","2026-05-30T00:25:57Z",98.2
"Josh","2026-06-08 09:32:42","2026-05-29","2026-05-30T00:26:57Z",98.2
"Josh","2026-06-08 09:32:42","2026-05-29","2026-05-30T00:27:57Z",98.3
"Josh","2026-06-08 09:32:42","2026-05-29","2026-05-30T00:28:57Z",98.5
"Josh","2026-06-08 09:32:42","2026-05-29","2026-05-30T00:29:57Z",98.6
"Josh","2026-06-08 09:32:42","2026-05-29","2026-05-30T00:30:57Z",98.7
"Josh","2026-06-08 09:32:42","2026-05-29","2026-05-30T00:31:57Z",98.8
"Josh","2026-06-08 09:32:42","2026-05-29","2026-05-30T00:32:57Z",98.8
"Josh","2026-06-08 09:32:42","2026-05-29","2026-05-30T00:33:57Z",98.9
"Josh","2026-06-08 09:32:42","2026-05-29","2026-05-30T00:34:57Z",99.0
"Josh","2026-06-08 09:32:42","2026-05-29","2026-05-30T00:35:57Z",99.0
"Josh","2026-06-08 09:32:42","2026-05-29","2026-05-30T00:36:57Z",99.0
"Josh","2026-06-08 09:32:42","2026-05-29","2026-05-30T00:37:57Z",99.0
"Josh","2026-06-08 09:32:42","2026-05-29","2026-05-30T00:38:57Z",99.0
"Josh","2026-06-08 09:32:42","2026-05-29","2026-05-30T00:39:57Z",98.9
"Josh","2026-06-08 09:32:42","2026-05-29","2026-05-30T00:40:57Z",98.9
"Josh","2026-06-08 09:32:42","2026-05-29","2026-05-30T00:41:57Z",98.8
"Josh","2026-06-08 09:32:42","2026-05-29","2026-05-30T00:42:57Z",98.8
"Josh","2026-06-08 09:32:42","2026-05-29","2026-05-30T00:43:57Z",98.7
"Josh","2026-06-08 09:32:42","2026-05-29","2026-05-30T00:44:57Z",98.8
"Josh","2026-06-08 09:32:42","2026-05-29","2026-05-30T00:45:57Z",98.7
"Josh","2026-06-08 09:32:42","2026-05-29","2026-05-30T00:46:57Z",98.7
"Josh","2026-06-08 09:32:42","2026-05-29","2026-05-30T00:47:57Z",98.8
"Josh","2026-06-08 09:32:42","2026-05-29","2026-05-30T00:48:57Z",98.8
"Josh","2026-06-08 09:32:42","2026-05-29","2026-05-30T00:49:57Z",98.8
"Josh","2026-06-08 09:32:42","2026-05-29","2026-05-30T00:50:57Z",98.9
"Josh","2026-06-08 09:32:42","2026-05-29","2026-05-30T00:51:57Z",98.8
"Josh","2026-06-08 09:32:42","2026-05-29","2026-05-30T00:52:57Z",98.9
"Josh","2026-06-08 09:32:42","2026-05-29","2026-05-30T00:53:57Z",98.8
"Josh","2026-06-08 09:32:42","2026-05-29","2026-05-30T00:54:57Z",98.7
"Josh","2026-06-08 09:32:42","2026-05-29","2026-05-30T00:55:57Z",98.7
"Josh","2026-06-08 09:32:42","2026-05-29","2026-05-30T00:56:57Z",98.6
"Josh","2026-06-08 09:32:42","2026-05-29","2026-05-30T00:57:57Z",98.6
"Josh","2026-06-08 09:32:42","2026-05-29","2026-05-30T00:58:57Z",98.6
"Josh","2026-06-08 09:32:42","2026-05-29","2026-05-30T00:59:57Z",98.5
"Josh","2026-06-08 09:32:42","2026-05-29","2026-05-30T01:00:57Z",98.5
"Josh","2026-06-08 09:32:42","2026-05-29","2026-05-30T01:01:57Z",98.4
"Josh","2026-06-08 09:32:42","2026-05-29","2026-05-30T01:02:57Z",98.4
"Josh","2026-06-08 09:32:42","2026-05-29","2026-05-30T01:03:57Z",98.3
"Josh","2026-06-08 09:32:42","2026-05-29","2026-05-30T01:04:57Z",98.3
"Josh","2026-06-08 09:32:42","2026-05-29","2026-05-30T01:05:57Z",98.2
"Josh","2026-06-08 09:32:42","2026-05-29","2026-05-30T01:06:57Z",98.2
"Josh","2026-06-08 09:32:42","2026-05-29","2026-05-30T01:07:57Z",98.1
"Josh","2026-06-08 09:32:42","2026-05-29","2026-05-30T01:08:57Z",98.1
"Josh","2026-06-08 09:32:42","2026-05-29","2026-05-30T01:09:57Z",98.1
"Josh","2026-06-08 09:32:42","2026-05-29","2026-05-30T01:10:57Z",98.0
"Josh","2026-06-08 09:32:42","2026-05-29","2026-05-30T01:11:57Z",98.0
"Josh","2026-06-08 09:32:42","2026-05-29","2026-05-30T01:12:57Z",97.9
"Josh","2026-06-08 09:32:42","2026-05-29","2026-05-30T01:13:57Z",97.9
"Josh","2026-06-08 09:32:42","2026-05-29","2026-05-30T01:14:57Z",97.8
"Josh","2026-06-08 09:32:42","2026-05-29","2026-05-30T01:15:57Z",97.8
"Josh","2026-06-08 09:32:42","2026-05-29","2026-05-30T01:16:57Z",97.7
"Josh","2026-06-08 09:32:42","2026-05-29","2026-05-30T01:17:57Z",97.6
"Josh","2026-06-08 09:32:42","2026-05-29","2026-05-30T01:18:57Z",97.5
"Josh","2026-06-08 09:32:42","2026-05-29","2026-05-30T01:19:57Z",97.4
"Josh","2026-06-08 09:32:42","2026-05-29","2026-05-30T01:20:57Z",97.4
"Josh","2026-06-08 09:32:42","2026-05-29","2026-05-30T01:21:57Z",97.3
"Josh","2026-06-08 09:32:42","2026-05-29","2026-05-30T01:22:57Z",97.2
"Josh","2026-06-08 09:32:42","2026-05-29","2026-05-30T01:23:57Z",97.3
"Josh","2026-06-08 09:32:42","2026-05-29","2026-05-30T01:24:57Z",97.2
"Josh","2026-06-08 09:32:42","2026-05-29","2026-05-30T01:25:57Z",97.1
"Josh","2026-06-08 09:32:42","2026-05-29","2026-05-30T01:26:57Z",97.1
"Josh","2026-06-08 09:32:42","2026-05-29","2026-05-30T01:27:57Z",97.1
"Josh","2026-06-08 09:32:42","2026-05-29","2026-05-30T01:28:57Z",97.2
"Josh","2026-06-08 09:32:42","2026-05-29","2026-05-30T01:29:57Z",97.2
"Josh","2026-06-08 09:32:42","2026-05-29","2026-05-30T01:30:57Z",97.0
"Josh","2026-06-08 09:32:42","2026-05-29","2026-05-30T01:31:57Z",97.0
"Josh","2026-06-08 09:32:42","2026-05-29","2026-05-30T01:32:57Z",97.1
"Josh","2026-06-08 09:32:42","2026-05-29","2026-05-30T01:33:57Z",97.0
"Josh","2026-06-08 09:32:42","2026-05-29","2026-05-30T01:34:57Z",97.0
"Josh","2026-06-08 09:32:42","2026-05-29","2026-05-30T01:35:57Z",97.1
"Josh","2026-06-08 09:32:42","2026-05-29","2026-05-30T01:36:57Z",97.2
"Josh","2026-06-08 09:32:42","2026-05-29","2026-05-30T01:37:57Z",97.3
"Josh","2026-06-08 09:32:42","2026-05-29","2026-05-30T01:38:57Z",97.3
"Josh","2026-06-08 09:32:42","2026-05-29","2026-05-30T01:39:57Z",97.4
"Josh","2026-06-08 09:32:42","2026-05-29","2026-05-30T01:40:57Z",97.4
"Josh","2026-06-08 09:32:42","2026-05-29","2026-05-30T01:41:57Z",97.5
"Josh","2026-06-08 09:32:42","2026-05-29","2026-05-30T01:42:57Z",97.6
"Josh","2026-06-08 09:32:42","2026-05-29","2026-05-30T01:43:57Z",97.6
"Josh","2026-06-08 09:32:42","2026-05-29","2026-05-30T01:44:57Z",97.7
"Josh","2026-06-08 09:32:42","2026-05-29","2026-05-30T01:45:57Z",97.7
"Josh","2026-06-08 09:32:42","2026-05-29","2026-05-30T01:46:57Z",97.8
"Josh","2026-06-08 09:32:42","2026-05-29","2026-05-30T01:47:57Z",97.8
"Josh","2026-06-08 09:32:42","2026-05-29","2026-05-30T01:48:57Z",97.9
"Josh","2026-06-08 09:32:42","2026-05-29","2026-05-30T01:49:57Z",97.9
"Josh","2026-06-08 09:32:42","2026-05-29","2026-05-30T01:50:57Z",98.0
"Josh","2026-06-08 09:32:42","2026-05-29","2026-05-30T01:51:57Z",98.0
"Josh","2026-06-08 09:32:42","2026-05-29","2026-05-30T01:52:57Z",98.0
"Josh","2026-06-08 09:32:42","2026-05-29","2026-05-30T01:53:57Z",98.1
"Josh","2026-06-08 09:32:42","2026-05-29","2026-05-30T01:54:57Z",98.1
"Josh","2026-06-08 09:32:42","2026-05-29","2026-05-30T01:55:57Z",98.2
"Josh","2026-06-08 09:32:42","2026-05-29","2026-05-30T01:56:57Z",98.2
"Josh","2026-06-08 09:32:42","2026-05-29","2026-05-30T01:57:57Z",98.3
"Josh","2026-06-08 09:32:42","2026-05-29","2026-05-30T01:58:57Z",98.3
"Josh","2026-06-08 09:32:42","2026-05-29","2026-05-30T01:59:57Z",98.3
"Josh","2026-06-08 09:32:42","2026-05-29","2026-05-30T02:00:57Z",98.4
"Josh","2026-06-08 09:32:42","2026-05-29","2026-05-30T02:01:57Z",98.5
"Josh","2026-06-08 09:32:42","2026-05-29","2026-05-30T02:02:57Z",98.4
"Josh","2026-06-08 09:32:42","2026-05-29","2026-05-30T02:03:57Z",98.5
"Josh","2026-06-08 09:32:42","2026-05-29","2026-05-30T02:04:57Z",98.5
"Josh","2026-06-08 09:32:42","2026-05-29","2026-05-30T02:05:57Z",98.5
"Josh","2026-06-08 09:32:42","2026-05-29","2026-05-30T02:06:57Z",98.5
"Josh","2026-06-08 09:32:42","2026-05-29","2026-05-30T02:07:57Z",98.6
"Josh","2026-06-08 09:32:42","2026-05-29","2026-05-30T02:08:57Z",98.6
"Josh","2026-06-08 09:32:42","2026-05-29","2026-05-30T02:09:57Z",98.6
"Josh","2026-06-08 09:32:42","2026-05-29","2026-05-30T02:10:57Z",98.6
"Josh","2026-06-08 09:32:42","2026-05-29","2026-05-30T02:11:57Z",98.6
"Josh","2026-06-08 09:32:42","2026-05-29","2026-05-30T02:12:57Z",98.6
"Josh","2026-06-08 09:32:42","2026-05-29","2026-05-30T02:13:57Z",98.7
"Josh","2026-06-08 09:32:42","2026-05-29","2026-05-30T02:14:57Z",98.6
"Josh","2026-06-08 09:32:42","2026-05-29","2026-05-30T02:15:57Z",98.6
"Josh","2026-06-08 09:32:42","2026-05-29","2026-05-30T02:16:57Z",98.7
"Josh","2026-06-08 09:32:42","2026-05-29","2026-05-30T02:17:57Z",98.8
"Josh","2026-06-08 09:32:42","2026-05-29","2026-05-30T02:18:57Z",98.8
"Josh","2026-06-08 09:32:42","2026-05-29","2026-05-30T02:19:57Z",98.7
"Josh","2026-06-08 09:32:42","2026-05-29","2026-05-30T02:20:57Z",98.7
"Josh","2026-06-08 09:32:42","2026-05-29","2026-05-30T02:21:57Z",98.8
"Josh","2026-06-08 09:32:42","2026-05-29","2026-05-30T02:22:57Z",98.7
"Josh","2026-06-08 09:32:42","2026-05-29","2026-05-30T02:23:57Z",98.6
"Josh","2026-06-08 09:32:42","2026-05-29","2026-05-30T02:24:57Z",98.7
"Josh","2026-06-08 09:32:42","2026-05-29","2026-05-30T02:25:57Z",98.7
"Josh","2026-06-08 09:32:42","2026-05-29","2026-05-30T02:26:57Z",98.6
"Josh","2026-06-08 09:32:42","2026-05-29","2026-05-30T02:27:57Z",98.6
"Josh","2026-06-08 09:32:42","2026-05-29","2026-05-30T02:28:57Z",98.5
"Josh","2026-06-08 09:32:42","2026-05-29","2026-05-30T02:29:57Z",98.2
"Josh","2026-06-08 09:32:42","2026-05-29","2026-05-30T02:30:57Z",98.2
"Josh","2026-06-08 09:32:42","2026-05-29","2026-05-30T02:31:57Z",98.2
"Josh","2026-06-08 09:32:42","2026-05-29","2026-05-30T02:32:57Z",50.0
"Josh","2026-06-08 09:32:42","2026-05-29","2026-05-30T02:33:57Z",98.2
"Josh","2026-06-08 09:32:42","2026-05-29","2026-05-30T02:34:57Z",98.2
"Josh","2026-06-08 09:32:42","2026-05-29","2026-05-30T02:35:57Z",98.1
"Josh","2026-06-08 09:32:42","2026-05-29","2026-05-30T02:36:57Z",98.1
"Josh","2026-06-08 09:32:42","2026-05-29","2026-05-30T02:37:57Z",98.1
"Josh","2026-06-08 09:32:42","2026-05-29","2026-05-30T02:38:57Z",98.0
"Josh","2026-06-08 09:32:42","2026-05-29","2026-05-30T02:39:57Z",98.0
"Josh","2026-06-08 09:32:42","2026-05-29","2026-05-30T02:40:57Z",98.0
"Josh","2026-06-08 09:32:42","2026-05-29","2026-05-30T02:41:57Z",97.9
"Josh","2026-06-08 09:32:42","2026-05-29","2026-05-30T02:42:57Z",97.9
"Josh","2026-06-08 09:32:42","2026-05-29","2026-05-30T02:43:57Z",97.9
"Josh","2026-06-08 09:32:42","2026-05-29","2026-05-30T02:44:57Z",97.8
"Josh","2026-06-08 09:32:42","2026-05-29","2026-05-30T02:45:57Z",97.8
"Josh","2026-06-08 09:32:42","2026-05-29","2026-05-30T02:46:57Z",97.7
"Josh","2026-06-08 09:32:42","2026-05-29","2026-05-30T02:47:57Z",97.7
"Josh","2026-06-08 09:32:42","2026-05-29","2026-05-30T02:48:57Z",97.5
"Josh","2026-06-08 09:32:42","2026-05-29","2026-05-30T02:49:57Z",50.0
"Josh","2026-06-08 09:32:42","2026-05-29","2026-05-30T02:50:57Z",97.3
"Josh","2026-06-08 09:32:42","2026-05-29","2026-05-30T02:51:57Z",97.2
"Josh","2026-06-08 09:32:42","2026-05-29","2026-05-30T02:52:57Z",97.1
"Josh","2026-06-08 09:32:42","2026-05-29","2026-05-30T02:53:57Z",97.1
"Josh","2026-06-08 09:32:42","2026-05-29","2026-05-30T02:54:57Z",97.2
"Josh","2026-06-08 09:32:42","2026-05-29","2026-05-30T02:55:57Z",97.1
"Josh","2026-06-08 09:32:42","2026-05-29","2026-05-30T02:56:57Z",97.2
"Josh","2026-06-08 09:32:42","2026-05-29","2026-05-30T02:57:57Z",97.2
"Josh","2026-06-08 09:32:42","2026-05-29","2026-05-30T02:58:57Z",97.1
"Josh","2026-06-08 09:32:42","2026-05-29","2026-05-30T02:59:57Z",97.1
"Josh","2026-06-08 09:32:42","2026-05-29","2026-05-30T03:00:57Z",97.0
"Josh","2026-06-08 09:32:42","2026-05-29","2026-05-30T03:01:57Z",97.0
"Josh","2026-06-08 09:32:42","2026-05-29","2026-05-30T03:02:57Z",97.0
"Josh","2026-06-08 09:32:42","2026-05-29","2026-05-30T03:03:57Z",96.9
"Josh","2026-06-08 09:32:42","2026-05-29","2026-05-30T03:04:57Z",96.9
"Josh","2026-06-08 09:32:42","2026-05-29","2026-05-30T03:05:57Z",97.0
"Josh","2026-06-08 09:32:42","2026-05-29","2026-05-30T03:06:57Z",97.1
"Josh","2026-06-08 09:32:42","2026-05-29","2026-05-30T03:07:57Z",97.2
"Josh","2026-06-08 09:32:42","2026-05-29","2026-05-30T03:08:57Z",97.3
"Josh","2026-06-08 09:32:42","2026-05-29","2026-05-30T03:09:57Z",97.3
"Josh","2026-06-08 09:32:42","2026-05-29","2026-05-30T03:10:57Z",97.4
"Josh","2026-06-08 09:32:42","2026-05-29","2026-05-30T03:11:57Z",97.5
"Josh","2026-06-08 09:32:42","2026-05-29","2026-05-30T03:12:57Z",97.5
"Josh","2026-06-08 09:32:42","2026-05-29","2026-05-30T03:13:57Z",97.6
"Josh","2026-06-08 09:32:42","2026-05-29","2026-05-30T03:14:57Z",97.6
"Josh","2026-06-08 09:32:42","2026-05-29","2026-05-30T03:15:57Z",97.7
"Josh","2026-06-08 09:32:42","2026-05-29","2026-05-30T03:16:57Z",97.8
"Josh","2026-06-08 09:32:42","2026-05-29","2026-05-30T03:17:57Z",97.8
"Josh","2026-06-08 09:32:42","2026-05-29","2026-05-30T03:18:57Z",97.9
"Josh","2026-06-08 09:32:42","2026-05-29","2026-05-30T03:19:57Z",97.9
"Josh","2026-06-08 09:32:42","2026-05-29","2026-05-30T03:20:57Z",97.9
"Josh","2026-06-08 09:32:42","2026-05-29","2026-05-30T03:21:57Z",98.0
"Josh","2026-06-08 09:32:42","2026-05-29","2026-05-30T03:22:57Z",98.0
"Josh","2026-06-08 09:32:42","2026-05-29","2026-05-30T03:23:57Z",98.1
"Josh","2026-06-08 09:32:42","2026-05-29","2026-05-30T03:24:57Z",98.1
"Josh","2026-06-08 09:32:42","2026-05-29","2026-05-30T03:25:57Z",98.2
"Josh","2026-06-08 09:32:42","2026-05-29","2026-05-30T03:26:57Z",98.2
"Josh","2026-06-08 09:32:42","2026-05-29","2026-05-30T03:27:57Z",98.3
"Josh","2026-06-08 09:32:42","2026-05-29","2026-05-30T03:28:57Z",98.3
"Josh","2026-06-08 09:32:42","2026-05-29","2026-05-30T03:29:57Z",98.3
"Josh","2026-06-08 09:32:42","2026-05-29","2026-05-30T03:30:57Z",98.5
"Josh","2026-06-08 09:32:42","2026-05-29","2026-05-30T03:31:57Z",98.5
"Josh","2026-06-08 09:32:42","2026-05-29","2026-05-30T03:32:57Z",98.6
"Josh","2026-06-08 09:32:42","2026-05-29","2026-05-30T03:33:57Z",98.6
"Josh","2026-06-08 09:32:42","2026-05-29","2026-05-30T03:34:57Z",98.6
"Josh","2026-06-08 09:32:42","2026-05-29","2026-05-30T03:35:57Z",98.6
"Josh","2026-06-08 09:32:42","2026-05-29","2026-05-30T03:36:57Z",98.6
"Josh","2026-06-08 09:32:42","2026-05-29","2026-05-30T03:37:57Z",98.6
"Josh","2026-06-08 09:32:42","2026-05-29","2026-05-30T03:38:57Z",98.6
"Josh","2026-06-08 09:32:42","2026-05-29","2026-05-30T03:39:57Z",98.7
"Josh","2026-06-08 09:32:42","2026-05-29","2026-05-30T03:40:57Z",98.7
"Josh","2026-06-08 09:32:42","2026-05-29","2026-05-30T03:41:57Z",98.7
"Josh","2026-06-08 09:32:42","2026-05-29","2026-05-30T03:42:57Z",98.6
"Josh","2026-06-08 09:32:42","2026-05-29","2026-05-30T03:43:57Z",98.7
"Josh","2026-06-08 09:32:42","2026-05-29","2026-05-30T03:44:57Z",98.6
"Josh","2026-06-08 09:32:42","2026-05-29","2026-05-30T03:45:57Z",98.7
"Josh","2026-06-08 09:32:42","2026-05-29","2026-05-30T03:46:57Z",98.6
"Josh","2026-06-08 09:32:42","2026-05-29","2026-05-30T03:47:57Z",98.5
"Josh","2026-06-08 09:32:42","2026-05-29","2026-05-30T03:48:57Z",98.6
"Josh","2026-06-08 09:32:42","2026-05-29","2026-05-30T03:49:57Z",98.6
"Josh","2026-06-08 09:32:42","2026-05-29","2026-05-30T03:50:57Z",98.6
"Josh","2026-06-08 09:32:42","2026-05-29","2026-05-30T03:51:57Z",50.0
"Josh","2026-06-08 09:32:42","2026-05-29","2026-05-30T03:52:57Z",98.6
"Josh","2026-06-08 09:32:42","2026-05-29","2026-05-30T03:53:57Z",98.6
"Josh","2026-06-08 09:32:42","2026-05-29","2026-05-30T03:54:57Z",98.7
"Josh","2026-06-08 09:32:42","2026-05-29","2026-05-30T03:55:57Z",98.7
"Josh","2026-06-08 09:32:42","2026-05-29","2026-05-30T03:56:57Z",98.6
"Josh","2026-06-08 09:32:42","2026-05-29","2026-05-30T03:57:57Z",98.6
"Josh","2026-06-08 09:32:42","2026-05-29","2026-05-30T03:58:57Z",98.5
"Josh","2026-06-08 09:32:42","2026-05-29","2026-05-30T03:59:57Z",98.5
"Josh","2026-06-08 09:32:42","2026-05-29","2026-05-30T04:00:57Z",98.5
"Josh","2026-06-08 09:32:42","2026-05-29","2026-05-30T04:01:57Z",98.4
"Josh","2026-06-08 09:32:42","2026-05-29","2026-05-30T04:02:57Z",98.4
"Josh","2026-06-08 09:32:42","2026-05-29","2026-05-30T04:03:57Z",98.3
"Josh","2026-06-08 09:32:42","2026-05-29","2026-05-30T04:04:57Z",98.3
"Josh","2026-06-08 09:32:42","2026-05-29","2026-05-30T04:05:57Z",98.2
"Josh","2026-06-08 09:32:42","2026-05-29","2026-05-30T04:06:57Z",98.2
"Josh","2026-06-08 09:32:42","2026-05-29","2026-05-30T04:07:57Z",98.1
"Josh","2026-06-08 09:32:42","2026-05-29","2026-05-30T04:08:57Z",98.1
"Josh","2026-06-08 09:32:42","2026-05-29","2026-05-30T04:09:57Z",98.1
"Josh","2026-06-08 09:32:42","2026-05-29","2026-05-30T04:10:57Z",98.0
"Josh","2026-06-08 09:32:42","2026-05-29","2026-05-30T04:11:57Z",98.0
"Josh","2026-06-08 09:32:42","2026-05-29","2026-05-30T04:12:57Z",97.9
"Josh","2026-06-08 09:32:42","2026-05-29","2026-05-30T04:13:57Z",97.9
"Josh","2026-06-08 09:32:42","2026-05-29","2026-05-30T04:14:57Z",97.8
"Josh","2026-06-08 09:32:42","2026-05-29","2026-05-30T04:15:57Z",97.8
"Josh","2026-06-08 09:32:42","2026-05-29","2026-05-30T04:16:57Z",97.7
"Josh","2026-06-08 09:32:42","2026-05-29","2026-05-30T04:17:57Z",97.5
"Josh","2026-06-08 09:32:42","2026-05-29","2026-05-30T04:18:57Z",97.4
"Josh","2026-06-08 09:32:42","2026-05-29","2026-05-30T04:19:57Z",97.3
"Josh","2026-06-08 09:32:42","2026-05-29","2026-05-30T04:20:57Z",97.3
"Josh","2026-06-08 09:32:42","2026-05-29","2026-05-30T04:21:57Z",97.3
"Josh","2026-06-08 09:32:42","2026-05-29","2026-05-30T04:22:57Z",97.3
"Josh","2026-06-08 09:32:42","2026-05-29","2026-05-30T04:23:57Z",97.3
"Josh","2026-06-08 09:32:42","2026-05-29","2026-05-30T04:24:57Z",97.2
"Josh","2026-06-08 09:32:42","2026-05-29","2026-05-30T04:25:57Z",97.1
"Josh","2026-06-08 09:32:42","2026-05-29","2026-05-30T04:26:57Z",97.1
"Josh","2026-06-08 09:32:42","2026-05-29","2026-05-30T04:27:57Z",97.0
"Josh","2026-06-08 09:32:42","2026-05-29","2026-05-30T04:28:57Z",97.1
"Josh","2026-06-08 09:32:42","2026-05-29","2026-05-30T04:29:57Z",97.1
"Josh","2026-06-08 09:32:42","2026-05-29","2026-05-30T04:30:57Z",97.1
"Josh","2026-06-08 09:32:42","2026-05-29","2026-05-30T04:31:57Z",97.0
"Josh","2026-06-08 09:32:42","2026-05-29","2026-05-30T04:32:57Z",97.1
"Josh","2026-06-08 09:32:42","2026-05-29","2026-05-30T04:33:57Z",97.1
"Josh","2026-06-08 09:32:42","2026-05-29","2026-05-30T04:34:57Z",97.1
"Josh","2026-06-08 09:32:42","2026-05-29","2026-05-30T04:35:57Z",97.2
"Josh","2026-06-08 09:32:42","2026-05-29","2026-05-30T04:36:57Z",97.2
"Josh","2026-06-08 09:32:42","2026-05-29","2026-05-30T04:37:57Z",97.3
"Josh","2026-06-08 09:32:42","2026-05-29","2026-05-30T04:38:57Z",97.4
"Josh","2026-06-08 09:32:42","2026-05-29","2026-05-30T04:39:57Z",97.4
"Josh","2026-06-08 09:32:42","2026-05-29","2026-05-30T04:40:57Z",97.5
"Josh","2026-06-08 09:32:42","2026-05-29","2026-05-30T04:41:57Z",97.5
"Josh","2026-06-08 09:32:42","2026-05-29","2026-05-30T04:42:57Z",97.6
"Josh","2026-06-08 09:32:42","2026-05-29","2026-05-30T04:43:57Z",97.6
"Josh","2026-06-08 09:32:42","2026-05-29","2026-05-30T04:44:57Z",97.7
"Josh","2026-06-08 09:32:42","2026-05-29","2026-05-30T04:45:57Z",97.7
"Josh","2026-06-08 09:32:42","2026-05-29","2026-05-30T04:46:57Z",97.8
"Josh","2026-06-08 09:32:42","2026-05-29","2026-05-30T04:47:57Z",97.8
"Josh","2026-06-08 09:32:42","2026-05-29","2026-05-30T04:48:57Z",97.9
"Josh","2026-06-08 09:32:42","2026-05-29","2026-05-30T04:49:57Z",97.9
"Josh","2026-06-08 09:32:42","2026-05-29","2026-05-30T04:50:57Z",98.0
"Josh","2026-06-08 09:32:42","2026-05-29","2026-05-30T04:51:57Z",98.0
"Josh","2026-06-08 09:32:42","2026-05-29","2026-05-30T04:52:57Z",98.0
"Josh","2026-06-08 09:32:42","2026-05-29","2026-05-30T04:53:57Z",98.1
"Josh","2026-06-08 09:32:42","2026-05-29","2026-05-30T04:54:57Z",98.1
"Josh","2026-06-08 09:32:42","2026-05-29","2026-05-30T04:55:57Z",98.2
"Josh","2026-06-08 09:32:42","2026-05-29","2026-05-30T04:56:57Z",98.2
"Josh","2026-06-08 09:32:42","2026-05-29","2026-05-30T04:57:57Z",98.3
"Josh","2026-06-08 09:32:42","2026-05-29","2026-05-30T04:58:57Z",98.4
"Josh","2026-06-08 09:32:42","2026-05-29","2026-05-30T04:59:57Z",98.5
"Josh","2026-06-08 09:32:42","2026-05-29","2026-05-30T05:00:57Z",98.6
"Josh","2026-06-08 09:32:42","2026-05-29","2026-05-30T05:01:57Z",98.6
"Josh","2026-06-08 09:32:42","2026-05-29","2026-05-30T05:02:57Z",98.6
"Josh","2026-06-08 09:32:42","2026-05-29","2026-05-30T05:03:57Z",98.7
"Josh","2026-06-08 09:32:42","2026-05-29","2026-05-30T05:04:57Z",98.7
"Josh","2026-06-08 09:32:42","2026-05-29","2026-05-30T05:05:57Z",98.8
"Josh","2026-06-08 09:32:42","2026-05-29","2026-05-30T05:06:57Z",98.8
"Josh","2026-06-08 09:32:42","2026-05-29","2026-05-30T05:07:57Z",98.8
"Josh","2026-06-08 09:32:42","2026-05-29","2026-05-30T05:08:57Z",98.7
"Josh","2026-06-08 09:32:42","2026-05-29","2026-05-30T05:09:57Z",98.7
"Josh","2026-06-08 09:32:42","2026-05-29","2026-05-30T05:10:57Z",98.8
"Josh","2026-06-08 09:32:42","2026-05-29","2026-05-30T05:11:57Z",98.7
"Josh","2026-06-08 09:32:42","2026-05-29","2026-05-30T05:12:57Z",98.8
"Josh","2026-06-08 09:32:42","2026-05-29","2026-05-30T05:13:57Z",98.8
"Josh","2026-06-08 09:32:42","2026-05-29","2026-05-30T05:14:57Z",98.8
"Josh","2026-06-08 09:32:42","2026-05-29","2026-05-30T05:15:57Z",98.8
"Josh","2026-06-08 09:32:42","2026-05-29","2026-05-30T05:16:57Z",98.8
"Josh","2026-06-08 09:32:42","2026-05-29","2026-05-30T05:17:57Z",98.8
"Josh","2026-06-08 09:32:42","2026-05-29","2026-05-30T05:18:57Z",98.7
"Josh","2026-06-08 09:32:42","2026-05-29","2026-05-30T05:19:57Z",98.8
"Josh","2026-06-08 09:32:42","2026-05-29","2026-05-30T05:20:57Z",98.7
"Josh","2026-06-08 09:32:42","2026-05-29","2026-05-30T05:21:57Z",98.8
"Josh","2026-06-08 09:32:42","2026-05-29","2026-05-30T05:22:57Z",98.7
"Josh","2026-06-08 09:32:42","2026-05-29","2026-05-30T05:23:57Z",98.6
"Josh","2026-06-08 09:32:42","2026-05-29","2026-05-30T05:24:57Z",98.6
"Josh","2026-06-08 09:32:42","2026-05-29","2026-05-30T05:25:57Z",98.6
"Josh","2026-06-08 09:32:42","2026-05-29","2026-05-30T05:26:57Z",98.6
"Josh","2026-06-08 09:32:42","2026-05-29","2026-05-30T05:27:57Z",98.5
"Josh","2026-06-08 09:32:42","2026-05-29","2026-05-30T05:28:57Z",98.5
"Josh","2026-06-08 09:32:42","2026-05-29","2026-05-30T05:29:57Z",98.5
"Josh","2026-06-08 09:32:42","2026-05-29","2026-05-30T05:30:57Z",98.4
"Josh","2026-06-08 09:32:42","2026-05-29","2026-05-30T05:31:57Z",98.4
"Josh","2026-06-08 09:32:42","2026-05-29","2026-05-30T05:32:57Z",98.3
"Josh","2026-06-08 09:32:42","2026-05-29","2026-05-30T05:33:57Z",98.3
"Josh","2026-06-08 09:32:42","2026-05-29","2026-05-30T05:34:57Z",98.3
"Josh","2026-06-08 09:32:42","2026-05-29","2026-05-30T05:35:57Z",98.2
"Josh","2026-06-08 09:32:42","2026-05-29","2026-05-30T05:36:57Z",98.2
"Josh","2026-06-08 09:32:42","2026-05-29","2026-05-30T05:37:57Z",98.1
"Josh","2026-06-08 09:32:42","2026-05-29","2026-05-30T05:38:57Z",98.1
"Josh","2026-06-08 09:32:42","2026-05-29","2026-05-30T05:39:57Z",98.1
"Josh","2026-06-08 09:32:42","2026-05-29","2026-05-30T05:40:57Z",98.0
"Josh","2026-06-08 09:32:42","2026-05-29","2026-05-30T05:41:57Z",98.0
"Josh","2026-06-08 09:32:42","2026-05-29","2026-05-30T05:42:57Z",97.9
"Josh","2026-06-08 09:32:42","2026-05-29","2026-05-30T05:43:57Z",97.9
"Josh","2026-06-08 09:32:42","2026-05-29","2026-05-30T05:44:57Z",97.8
"Josh","2026-06-08 09:32:42","2026-05-29","2026-05-30T05:45:57Z",97.8
"Josh","2026-06-08 09:32:42","2026-05-29","2026-05-30T05:46:57Z",97.7
"Josh","2026-06-08 09:32:42","2026-05-29","2026-05-30T05:47:57Z",97.5
"Josh","2026-06-08 09:32:42","2026-05-29","2026-05-30T05:48:57Z",97.5
"Josh","2026-06-08 09:32:42","2026-05-29","2026-05-30T05:49:57Z",97.5
"Josh","2026-06-08 09:32:42","2026-05-29","2026-05-30T05:50:57Z",97.3
"Josh","2026-06-08 09:32:42","2026-05-29","2026-05-30T05:51:57Z",97.2
"Josh","2026-06-08 09:32:42","2026-05-29","2026-05-30T05:52:57Z",97.1
"Josh","2026-06-08 09:32:42","2026-05-29","2026-05-30T05:53:57Z",97.1
"Josh","2026-06-08 09:32:42","2026-05-29","2026-05-30T05:54:57Z",97.1
"Josh","2026-06-08 09:32:42","2026-05-29","2026-05-30T05:55:57Z",97.1
"Josh","2026-06-08 09:32:42","2026-05-29","2026-05-30T05:56:57Z",97.2
"Josh","2026-06-08 09:32:42","2026-05-29","2026-05-30T05:57:57Z",97.2
"Josh","2026-06-08 09:32:42","2026-05-29","2026-05-30T05:58:57Z",97.1
"Josh","2026-06-08 09:32:42","2026-05-29","2026-05-30T05:59:57Z",97.2
"Josh","2026-06-08 09:32:42","2026-05-29","2026-05-30T06:00:57Z",97.2
"Josh","2026-06-08 09:32:42","2026-05-29","2026-05-30T06:01:57Z",97.1
"Josh","2026-06-08 09:32:42","2026-05-29","2026-05-30T06:02:57Z",97.0
"Josh","2026-06-08 09:32:42","2026-05-29","2026-05-30T06:03:57Z",97.0
"Josh","2026-06-08 09:32:42","2026-05-29","2026-05-30T06:04:57Z",97.0
"Josh","2026-06-08 09:32:42","2026-05-29","2026-05-30T06:05:57Z",97.1
"Josh","2026-06-08 09:32:42","2026-05-29","2026-05-30T06:06:57Z",97.2
"Josh","2026-06-08 09:32:42","2026-05-29","2026-05-30T06:07:57Z",97.2
"Josh","2026-06-08 09:32:42","2026-05-29","2026-05-30T06:08:57Z",97.3
"Josh","2026-06-08 09:32:42","2026-05-29","2026-05-30T06:09:57Z",97.4
"Josh","2026-06-08 09:32:42","2026-05-29","2026-05-30T06:10:57Z",97.4
"Josh","2026-06-08 09:32:42","2026-05-29","2026-05-30T06:11:57Z",97.5
"Josh","2026-06-08 09:32:42","2026-05-29","2026-05-30T06:12:57Z",97.6
"Josh","2026-06-08 09:32:42","2026-05-29","2026-05-30T06:13:57Z",97.6
"Josh","2026-06-08 09:32:42","2026-05-29","2026-05-30T06:14:57Z",97.7
"Josh","2026-06-08 09:32:42","2026-05-29","2026-05-30T06:15:57Z",97.7
"Josh","2026-06-08 09:32:42","2026-05-29","2026-05-30T06:16:57Z",97.8
"Josh","2026-06-08 09:32:42","2026-05-29","2026-05-30T06:17:57Z",97.8
"Josh","2026-06-08 09:32:42","2026-05-29","2026-05-30T06:18:57Z",97.9
"Josh","2026-06-08 09:32:42","2026-05-29","2026-05-30T06:19:57Z",97.9
"Josh","2026-06-08 09:32:42","2026-05-29","2026-05-30T06:20:57Z",98.0
"Josh","2026-06-08 09:32:42","2026-05-29","2026-05-30T06:21:57Z",98.0
"Josh","2026-06-08 09:32:42","2026-05-29","2026-05-30T06:22:57Z",98.0
"Josh","2026-06-08 09:32:42","2026-05-29","2026-05-30T06:23:57Z",98.1
"Josh","2026-06-08 09:32:42","2026-05-29","2026-05-30T06:24:57Z",98.1
"Josh","2026-06-08 09:32:42","2026-05-29","2026-05-30T06:25:57Z",98.2
"Josh","2026-06-08 09:32:42","2026-05-29","2026-05-30T06:26:57Z",98.2
"Josh","2026-06-08 09:32:42","2026-05-29","2026-05-30T06:27:57Z",98.3
"Josh","2026-06-08 09:32:42","2026-05-29","2026-05-30T06:28:57Z",98.4
"Josh","2026-06-08 09:32:42","2026-05-29","2026-05-30T06:29:57Z",98.3
"Josh","2026-06-08 09:32:42","2026-05-29","2026-05-30T06:30:57Z",98.5
"Josh","2026-06-08 09:32:42","2026-05-29","2026-05-30T06:31:57Z",98.5
"Josh","2026-06-08 09:32:42","2026-05-29","2026-05-30T06:32:57Z",98.5
"Josh","2026-06-08 09:32:42","2026-05-29","2026-05-30T06:33:57Z",98.6
"Josh","2026-06-08 09:32:42","2026-05-29","2026-05-30T06:34:57Z",98.6
"Josh","2026-06-08 09:32:42","2026-05-29","2026-05-30T06:35:57Z",98.6
"Josh","2026-06-08 09:32:42","2026-05-29","2026-05-30T06:36:57Z",98.7
"Josh","2026-06-08 09:32:42","2026-05-29","2026-05-30T06:37:57Z",98.6
"Josh","2026-06-08 09:32:42","2026-05-29","2026-05-30T06:38:57Z",98.6
"Josh","2026-06-08 09:32:42","2026-05-29","2026-05-30T06:39:57Z",98.5
"Josh","2026-06-08 09:32:42","2026-05-29","2026-05-30T06:40:57Z",98.5
"Josh","2026-06-08 09:32:42","2026-05-29","2026-05-30T06:41:57Z",50.0
"Josh","2026-06-08 09:32:42","2026-05-29","2026-05-30T06:42:57Z",98.6
"Josh","2026-06-08 09:32:42","2026-05-29","2026-05-30T06:43:57Z",98.5
"Josh","2026-06-08 09:32:42","2026-05-29","2026-05-30T06:44:57Z",98.5
"Josh","2026-06-08 09:32:42","2026-05-29","2026-05-30T06:45:57Z",98.5
"Josh","2026-06-08 09:32:42","2026-05-29","2026-05-30T06:46:57Z",98.5
"Josh","2026-06-08 09:32:42","2026-05-29","2026-05-30T06:47:57Z",98.5
"Josh","2026-06-08 09:32:42","2026-05-29","2026-05-30T06:48:57Z",98.5
"Josh","2026-06-08 09:32:42","2026-05-29","2026-05-30T06:49:57Z",98.6
"Josh","2026-06-08 09:32:42","2026-05-29","2026-05-30T06:50:57Z",98.6
"Josh","2026-06-08 09:32:42","2026-05-29","2026-05-30T06:51:57Z",98.7
"Josh","2026-06-08 09:32:42","2026-05-29","2026-05-30T06:52:57Z",98.7
"Josh","2026-06-08 09:32:42","2026-05-29","2026-05-30T06:53:57Z",98.7
"Josh","2026-06-08 09:32:42","2026-05-29","2026-05-30T06:54:57Z",98.6
"Josh","2026-06-08 09:32:42","2026-05-29","2026-05-30T06:55:57Z",98.6
"Josh","2026-06-08 09:32:42","2026-05-29","2026-05-30T06:56:57Z",98.6
"Josh","2026-06-08 09:32:42","2026-05-29","2026-05-30T06:57:57Z",98.5
"Josh","2026-06-08 09:32:42","2026-05-29","2026-05-30T06:58:57Z",98.5
"Josh","2026-06-08 09:32:42","2026-05-29","2026-05-30T06:59:57Z",98.5
"Josh","2026-06-08 09:32:42","2026-05-29","2026-05-30T07:00:57Z",98.1
"Josh","2026-06-08 09:32:42","2026-05-29","2026-05-30T07:01:57Z",98.1
"Josh","2026-06-08 09:32:42","2026-05-29","2026-05-30T07:02:57Z",98.1
"Josh","2026-06-08 09:32:42","2026-05-29","2026-05-30T07:03:57Z",98.1
"Josh","2026-06-08 09:32:42","2026-05-29","2026-05-30T07:04:57Z",98.1
"Josh","2026-06-08 09:32:42","2026-05-29","2026-05-30T07:05:57Z",98.1
"Josh","2026-06-08 09:32:42","2026-05-29","2026-05-30T07:06:57Z",98.1
"Josh","2026-06-08 09:32:42","2026-05-29","2026-05-30T07:07:57Z",98.0
"Josh","2026-06-08 09:32:42","2026-05-29","2026-05-30T07:08:57Z",98.0
"Josh","2026-06-08 09:32:42","2026-05-29","2026-05-30T07:09:57Z",98.0
"Josh","2026-06-08 09:32:42","2026-05-29","2026-05-30T07:10:57Z",98.0
"Josh","2026-06-08 09:32:42","2026-05-29","2026-05-30T07:11:57Z",97.9
"Josh","2026-06-08 09:32:42","2026-05-29","2026-05-30T07:12:57Z",97.9
"Josh","2026-06-08 09:32:42","2026-05-29","2026-05-30T07:13:57Z",97.9
"Josh","2026-06-08 09:32:42","2026-05-29","2026-05-30T07:14:57Z",97.8
"Josh","2026-06-08 09:32:42","2026-05-29","2026-05-30T07:15:57Z",97.8
"Josh","2026-06-08 09:32:42","2026-05-29","2026-05-30T07:16:57Z",97.7
"Josh","2026-06-08 09:32:42","2026-05-29","2026-05-30T07:17:57Z",97.6
"Josh","2026-06-08 09:32:42","2026-05-29","2026-05-30T07:18:57Z",97.4
"Josh","2026-06-08 09:32:42","2026-05-29","2026-05-30T07:19:57Z",97.4
"Josh","2026-06-08 09:32:42","2026-05-29","2026-05-30T07:20:57Z",97.3
"Josh","2026-06-08 09:32:42","2026-05-29","2026-05-30T07:21:57Z",97.3
"Josh","2026-06-08 09:32:42","2026-05-29","2026-05-30T07:22:57Z",97.3
"Josh","2026-06-08 09:32:42","2026-05-29","2026-05-30T07:23:57Z",97.1
"Josh","2026-06-08 09:32:42","2026-05-29","2026-05-30T07:24:57Z",97.1
"Josh","2026-06-08 09:32:42","2026-05-29","2026-05-30T07:25:57Z",97.0
"Josh","2026-06-08 09:32:42","2026-05-29","2026-05-30T07:26:57Z",96.9
"Josh","2026-06-08 09:32:42","2026-05-29","2026-05-30T07:27:57Z",96.9
"Josh","2026-06-08 09:32:42","2026-05-29","2026-05-30T07:28:57Z",96.9
"Josh","2026-06-08 09:32:42","2026-05-29","2026-05-30T07:29:57Z",97.1
"Josh","2026-06-08 09:32:42","2026-05-29","2026-05-30T07:30:57Z",97.2
"Josh","2026-06-08 09:32:42","2026-05-29","2026-05-30T07:31:57Z",97.3
"Josh","2026-06-08 09:32:42","2026-05-29","2026-05-30T07:32:57Z",97.3
"Josh","2026-06-08 09:32:42","2026-05-29","2026-05-30T07:33:57Z",97.4
"Josh","2026-06-08 09:32:42","2026-05-29","2026-05-30T07:34:57Z",97.5
"Josh","2026-06-08 09:32:42","2026-05-29","2026-05-30T07:35:57Z",97.6
"Josh","2026-06-08 09:32:42","2026-05-29","2026-05-30T07:36:57Z",97.8
"Josh","2026-06-08 09:32:42","2026-05-29","2026-05-30T07:37:57Z",97.9
"Josh","2026-06-08 09:32:42","2026-05-29","2026-05-30T07:38:57Z",98.0
"Josh","2026-06-08 09:32:42","2026-05-29","2026-05-30T07:39:57Z",98.1
"Josh","2026-06-08 09:32:42","2026-05-29","2026-05-30T07:40:57Z",98.2
"Josh","2026-06-08 09:32:42","2026-05-30","2026-05-30T22:33:37Z",98.3
"Josh","2026-06-08 09:32:42","2026-05-30","2026-05-30T22:34:37Z",98.3
"Josh","2026-06-08 09:32:42","2026-05-30","2026-05-30T22:35:37Z",98.3
"Josh","2026-06-08 09:32:42","2026-05-30","2026-05-30T22:36:37Z",98.3
"Josh","2026-06-08 09:32:42","2026-05-30","2026-05-30T22:37:37Z",98.3
"Josh","2026-06-08 09:32:42","2026-05-30","2026-05-30T22:38:37Z",98.3
"Josh","2026-06-08 09:32:42","2026-05-30","2026-05-30T22:39:37Z",98.3
"Josh","2026-06-08 09:32:42","2026-05-30","2026-05-30T22:40:37Z",98.3
"Josh","2026-06-08 09:32:42","2026-05-30","2026-05-30T22:41:37Z",98.3
"Josh","2026-06-08 09:32:42","2026-05-30","2026-05-30T22:42:37Z",98.3
"Josh","2026-06-08 09:32:42","2026-05-30","2026-05-30T22:43:37Z",98.3
"Josh","2026-06-08 09:32:42","2026-05-30","2026-05-30T22:44:37Z",98.3
"Josh","2026-06-08 09:32:42","2026-05-30","2026-05-30T22:45:37Z",98.3
"Josh","2026-06-08 09:32:42","2026-05-30","2026-05-30T22:46:37Z",98.2
"Josh","2026-06-08 09:32:42","2026-05-30","2026-05-30T22:47:37Z",98.2
"Josh","2026-06-08 09:32:42","2026-05-30","2026-05-30T22:48:37Z",98.2
"Josh","2026-06-08 09:32:42","2026-05-30","2026-05-30T22:49:37Z",98.3
"Josh","2026-06-08 09:32:42","2026-05-30","2026-05-30T22:50:37Z",98.3
"Josh","2026-06-08 09:32:42","2026-05-30","2026-05-30T22:51:37Z",98.3
"Josh","2026-06-08 09:32:42","2026-05-30","2026-05-30T22:52:37Z",98.3
"Josh","2026-06-08 09:32:42","2026-05-30","2026-05-30T22:53:37Z",98.3
"Josh","2026-06-08 09:32:42","2026-05-30","2026-05-30T22:54:37Z",98.3
"Josh","2026-06-08 09:32:42","2026-05-30","2026-05-30T22:55:37Z",98.4
"Josh","2026-06-08 09:32:42","2026-05-30","2026-05-30T22:56:37Z",98.4
"Josh","2026-06-08 09:32:42","2026-05-30","2026-05-30T22:57:37Z",98.4
"Josh","2026-06-08 09:32:42","2026-05-30","2026-05-30T22:58:37Z",98.5
"Josh","2026-06-08 09:32:42","2026-05-30","2026-05-30T22:59:37Z",98.6
"Josh","2026-06-08 09:32:42","2026-05-30","2026-05-30T23:00:37Z",98.6
"Josh","2026-06-08 09:32:42","2026-05-30","2026-05-30T23:01:37Z",98.7
"Josh","2026-06-08 09:32:42","2026-05-30","2026-05-30T23:02:37Z",98.7
"Josh","2026-06-08 09:32:42","2026-05-30","2026-05-30T23:03:37Z",98.8
"Josh","2026-06-08 09:32:42","2026-05-30","2026-05-30T23:04:37Z",98.7
"Josh","2026-06-08 09:32:42","2026-05-30","2026-05-30T23:05:37Z",98.7
"Josh","2026-06-08 09:32:42","2026-05-30","2026-05-30T23:06:37Z",98.7
"Josh","2026-06-08 09:32:42","2026-05-30","2026-05-30T23:07:37Z",98.7
"Josh","2026-06-08 09:32:42","2026-05-30","2026-05-30T23:08:37Z",98.7
"Josh","2026-06-08 09:32:42","2026-05-30","2026-05-30T23:09:37Z",98.6
"Josh","2026-06-08 09:32:42","2026-05-30","2026-05-30T23:10:37Z",98.5
"Josh","2026-06-08 09:32:42","2026-05-30","2026-05-30T23:11:37Z",50.0
"Josh","2026-06-08 09:32:42","2026-05-30","2026-05-30T23:12:37Z",98.5
"Josh","2026-06-08 09:32:42","2026-05-30","2026-05-30T23:13:37Z",98.6
"Josh","2026-06-08 09:32:42","2026-05-30","2026-05-30T23:14:37Z",98.7
"Josh","2026-06-08 09:32:42","2026-05-30","2026-05-30T23:15:37Z",98.8
"Josh","2026-06-08 09:32:42","2026-05-30","2026-05-30T23:16:37Z",98.7
"Josh","2026-06-08 09:32:42","2026-05-30","2026-05-30T23:17:37Z",98.7
"Josh","2026-06-08 09:32:42","2026-05-30","2026-05-30T23:18:37Z",98.7
"Josh","2026-06-08 09:32:42","2026-05-30","2026-05-30T23:19:37Z",98.7
"Josh","2026-06-08 09:32:42","2026-05-30","2026-05-30T23:20:37Z",98.7
"Josh","2026-06-08 09:32:42","2026-05-30","2026-05-30T23:21:37Z",98.8
"Josh","2026-06-08 09:32:42","2026-05-30","2026-05-30T23:22:37Z",98.7
"Josh","2026-06-08 09:32:42","2026-05-30","2026-05-30T23:23:37Z",98.7
"Josh","2026-06-08 09:32:42","2026-05-30","2026-05-30T23:24:37Z",98.6
"Josh","2026-06-08 09:32:42","2026-05-30","2026-05-30T23:25:37Z",98.6
"Josh","2026-06-08 09:32:42","2026-05-30","2026-05-30T23:26:37Z",98.6
"Josh","2026-06-08 09:32:42","2026-05-30","2026-05-30T23:27:37Z",98.5
"Josh","2026-06-08 09:32:42","2026-05-30","2026-05-30T23:28:37Z",98.5
"Josh","2026-06-08 09:32:42","2026-05-30","2026-05-30T23:29:37Z",98.4
"Josh","2026-06-08 09:32:42","2026-05-30","2026-05-30T23:30:37Z",50.0
"Josh","2026-06-08 09:32:42","2026-05-30","2026-05-30T23:31:37Z",98.3
"Josh","2026-06-08 09:32:42","2026-05-30","2026-05-30T23:32:37Z",98.3
"Josh","2026-06-08 09:32:42","2026-05-30","2026-05-30T23:33:37Z",98.2
"Josh","2026-06-08 09:32:42","2026-05-30","2026-05-30T23:34:37Z",98.2
"Josh","2026-06-08 09:32:42","2026-05-30","2026-05-30T23:35:37Z",98.1
"Josh","2026-06-08 09:32:42","2026-05-30","2026-05-30T23:36:37Z",98.1
"Josh","2026-06-08 09:32:42","2026-05-30","2026-05-30T23:37:37Z",98.1
"Josh","2026-06-08 09:32:42","2026-05-30","2026-05-30T23:38:37Z",98.0
"Josh","2026-06-08 09:32:42","2026-05-30","2026-05-30T23:39:37Z",98.0
"Josh","2026-06-08 09:32:42","2026-05-30","2026-05-30T23:40:37Z",97.9
"Josh","2026-06-08 09:32:42","2026-05-30","2026-05-30T23:41:37Z",97.9
"Josh","2026-06-08 09:32:42","2026-05-30","2026-05-30T23:42:37Z",97.8
"Josh","2026-06-08 09:32:42","2026-05-30","2026-05-30T23:43:37Z",97.8
"Josh","2026-06-08 09:32:42","2026-05-30","2026-05-30T23:44:37Z",97.7
"Josh","2026-06-08 09:32:42","2026-05-30","2026-05-30T23:45:37Z",97.7
"Josh","2026-06-08 09:32:42","2026-05-30","2026-05-30T23:46:37Z",97.6
"Josh","2026-06-08 09:32:42","2026-05-30","2026-05-30T23:47:37Z",97.5
"Josh","2026-06-08 09:32:42","2026-05-30","2026-05-30T23:48:37Z",97.4
"Josh","2026-06-08 09:32:42","2026-05-30","2026-05-30T23:49:37Z",97.3
"Josh","2026-06-08 09:32:42","2026-05-30","2026-05-30T23:50:37Z",97.3
"Josh","2026-06-08 09:32:42","2026-05-30","2026-05-30T23:51:37Z",97.2
"Josh","2026-06-08 09:32:42","2026-05-30","2026-05-30T23:52:37Z",97.2
"Josh","2026-06-08 09:32:42","2026-05-30","2026-05-30T23:53:37Z",97.1
"Josh","2026-06-08 09:32:42","2026-05-30","2026-05-30T23:54:37Z",97.1
"Josh","2026-06-08 09:32:42","2026-05-30","2026-05-30T23:55:37Z",97.1
"Josh","2026-06-08 09:32:42","2026-05-30","2026-05-30T23:56:37Z",97.0
"Josh","2026-06-08 09:32:42","2026-05-30","2026-05-30T23:57:37Z",97.0
"Josh","2026-06-08 09:32:42","2026-05-30","2026-05-30T23:58:37Z",97.1
"Josh","2026-06-08 09:32:42","2026-05-30","2026-05-30T23:59:37Z",97.0
"Josh","2026-06-08 09:32:42","2026-05-30","2026-05-31T00:00:37Z",97.0
"Josh","2026-06-08 09:32:42","2026-05-30","2026-05-31T00:01:37Z",96.8
"Josh","2026-06-08 09:32:42","2026-05-30","2026-05-31T00:02:37Z",96.9
"Josh","2026-06-08 09:32:42","2026-05-30","2026-05-31T00:03:37Z",97.0
"Josh","2026-06-08 09:32:42","2026-05-30","2026-05-31T00:04:37Z",97.1
"Josh","2026-06-08 09:32:42","2026-05-30","2026-05-31T00:05:37Z",97.2
"Josh","2026-06-08 09:32:42","2026-05-30","2026-05-31T00:06:37Z",50.0
"Josh","2026-06-08 09:32:42","2026-05-30","2026-05-31T00:07:37Z",97.3
"Josh","2026-06-08 09:32:42","2026-05-30","2026-05-31T00:08:37Z",97.4
"Josh","2026-06-08 09:32:42","2026-05-30","2026-05-31T00:09:37Z",97.5
"Josh","2026-06-08 09:32:42","2026-05-30","2026-05-31T00:10:37Z",97.5
"Josh","2026-06-08 09:32:42","2026-05-30","2026-05-31T00:11:37Z",97.6
"Josh","2026-06-08 09:32:42","2026-05-30","2026-05-31T00:12:37Z",97.6
"Josh","2026-06-08 09:32:42","2026-05-30","2026-05-31T00:13:37Z",97.7
"Josh","2026-06-08 09:32:42","2026-05-30","2026-05-31T00:14:37Z",97.7
"Josh","2026-06-08 09:32:42","2026-05-30","2026-05-31T00:15:37Z",97.8
"Josh","2026-06-08 09:32:42","2026-05-30","2026-05-31T00:16:37Z",97.9
"Josh","2026-06-08 09:32:42","2026-05-30","2026-05-31T00:17:37Z",97.9
"Josh","2026-06-08 09:32:42","2026-05-30","2026-05-31T00:18:37Z",97.9
"Josh","2026-06-08 09:32:42","2026-05-30","2026-05-31T00:19:37Z",98.0
"Josh","2026-06-08 09:32:42","2026-05-30","2026-05-31T00:20:37Z",98.0
"Josh","2026-06-08 09:32:42","2026-05-30","2026-05-31T00:21:37Z",98.1
"Josh","2026-06-08 09:32:42","2026-05-30","2026-05-31T00:22:37Z",98.1
"Josh","2026-06-08 09:32:42","2026-05-30","2026-05-31T00:23:37Z",98.2
"Josh","2026-06-08 09:32:42","2026-05-30","2026-05-31T00:24:37Z",98.2
"Josh","2026-06-08 09:32:42","2026-05-30","2026-05-31T00:25:37Z",98.3
"Josh","2026-06-08 09:32:42","2026-05-30","2026-05-31T00:26:37Z",98.3
"Josh","2026-06-08 09:32:42","2026-05-30","2026-05-31T00:27:37Z",98.5
"Josh","2026-06-08 09:32:42","2026-05-30","2026-05-31T00:28:37Z",98.5
"Josh","2026-06-08 09:32:42","2026-05-30","2026-05-31T00:29:37Z",98.6
"Josh","2026-06-08 09:32:42","2026-05-30","2026-05-31T00:30:37Z",98.6
"Josh","2026-06-08 09:32:42","2026-05-30","2026-05-31T00:31:37Z",98.7
"Josh","2026-06-08 09:32:42","2026-05-30","2026-05-31T00:32:37Z",98.8
"Josh","2026-06-08 09:32:42","2026-05-30","2026-05-31T00:33:37Z",98.8
"Josh","2026-06-08 09:32:42","2026-05-30","2026-05-31T00:34:37Z",98.9
"Josh","2026-06-08 09:32:42","2026-05-30","2026-05-31T00:35:37Z",98.9
"Josh","2026-06-08 09:32:42","2026-05-30","2026-05-31T00:36:37Z",98.9
"Josh","2026-06-08 09:32:42","2026-05-30","2026-05-31T00:37:37Z",99.0
"Josh","2026-06-08 09:32:42","2026-05-30","2026-05-31T00:38:37Z",98.9
"Josh","2026-06-08 09:32:42","2026-05-30","2026-05-31T00:39:37Z",98.9
"Josh","2026-06-08 09:32:42","2026-05-30","2026-05-31T00:40:37Z",98.8
"Josh","2026-06-08 09:32:42","2026-05-30","2026-05-31T00:41:37Z",98.8
"Josh","2026-06-08 09:32:42","2026-05-30","2026-05-31T00:42:37Z",98.8
"Josh","2026-06-08 09:32:42","2026-05-30","2026-05-31T00:43:37Z",98.8
"Josh","2026-06-08 09:32:42","2026-05-30","2026-05-31T00:44:37Z",98.8
"Josh","2026-06-08 09:32:42","2026-05-30","2026-05-31T00:45:37Z",98.7
"Josh","2026-06-08 09:32:42","2026-05-30","2026-05-31T00:46:37Z",98.7
"Josh","2026-06-08 09:32:42","2026-05-30","2026-05-31T00:47:37Z",98.7
"Josh","2026-06-08 09:32:42","2026-05-30","2026-05-31T00:48:37Z",98.8
"Josh","2026-06-08 09:32:42","2026-05-30","2026-05-31T00:49:37Z",98.8
"Josh","2026-06-08 09:32:42","2026-05-30","2026-05-31T00:50:37Z",98.7
"Josh","2026-06-08 09:32:42","2026-05-30","2026-05-31T00:51:37Z",98.7
"Josh","2026-06-08 09:32:42","2026-05-30","2026-05-31T00:52:37Z",98.8
"Josh","2026-06-08 09:32:42","2026-05-30","2026-05-31T00:53:37Z",98.7
"Josh","2026-06-08 09:32:42","2026-05-30","2026-05-31T00:54:37Z",98.7
"Josh","2026-06-08 09:32:42","2026-05-30","2026-05-31T00:55:37Z",98.6
"Josh","2026-06-08 09:32:42","2026-05-30","2026-05-31T00:56:37Z",98.6
"Josh","2026-06-08 09:32:42","2026-05-30","2026-05-31T00:57:37Z",98.5
"Josh","2026-06-08 09:32:42","2026-05-30","2026-05-31T00:58:37Z",98.5
"Josh","2026-06-08 09:32:42","2026-05-30","2026-05-31T00:59:37Z",98.4
"Josh","2026-06-08 09:32:42","2026-05-30","2026-05-31T01:00:37Z",98.4
"Josh","2026-06-08 09:32:42","2026-05-30","2026-05-31T01:01:37Z",98.3
"Josh","2026-06-08 09:32:42","2026-05-30","2026-05-31T01:02:37Z",98.3
"Josh","2026-06-08 09:32:42","2026-05-30","2026-05-31T01:03:37Z",98.2
"Josh","2026-06-08 09:32:42","2026-05-30","2026-05-31T01:04:37Z",98.2
"Josh","2026-06-08 09:32:42","2026-05-30","2026-05-31T01:05:37Z",98.2
"Josh","2026-06-08 09:32:42","2026-05-30","2026-05-31T01:06:37Z",98.1
"Josh","2026-06-08 09:32:42","2026-05-30","2026-05-31T01:07:37Z",98.1
"Josh","2026-06-08 09:32:42","2026-05-30","2026-05-31T01:08:37Z",98.0
"Josh","2026-06-08 09:32:42","2026-05-30","2026-05-31T01:09:37Z",98.0
"Josh","2026-06-08 09:32:42","2026-05-30","2026-05-31T01:10:37Z",97.9
"Josh","2026-06-08 09:32:42","2026-05-30","2026-05-31T01:11:37Z",97.9
"Josh","2026-06-08 09:32:42","2026-05-30","2026-05-31T01:12:37Z",97.8
"Josh","2026-06-08 09:32:42","2026-05-30","2026-05-31T01:13:37Z",97.8
"Josh","2026-06-08 09:32:42","2026-05-30","2026-05-31T01:14:37Z",97.7
"Josh","2026-06-08 09:32:42","2026-05-30","2026-05-31T01:15:37Z",97.7
"Josh","2026-06-08 09:32:42","2026-05-30","2026-05-31T01:16:37Z",97.6
"Josh","2026-06-08 09:32:42","2026-05-30","2026-05-31T01:17:37Z",97.4
"Josh","2026-06-08 09:32:42","2026-05-30","2026-05-31T01:18:37Z",97.4
"Josh","2026-06-08 09:32:42","2026-05-30","2026-05-31T01:19:37Z",97.4
"Josh","2026-06-08 09:32:42","2026-05-30","2026-05-31T01:20:37Z",97.3
"Josh","2026-06-08 09:32:42","2026-05-30","2026-05-31T01:21:37Z",97.2
"Josh","2026-06-08 09:32:42","2026-05-30","2026-05-31T01:22:37Z",97.1
"Josh","2026-06-08 09:32:42","2026-05-30","2026-05-31T01:23:37Z",97.0
"Josh","2026-06-08 09:32:42","2026-05-30","2026-05-31T01:24:37Z",97.0
"Josh","2026-06-08 09:32:42","2026-05-30","2026-05-31T01:25:37Z",97.0
"Josh","2026-06-08 09:32:42","2026-05-30","2026-05-31T01:26:37Z",97.0
"Josh","2026-06-08 09:32:42","2026-05-30","2026-05-31T01:27:37Z",97.1
"Josh","2026-06-08 09:32:42","2026-05-30","2026-05-31T01:28:37Z",97.1
"Josh","2026-06-08 09:32:42","2026-05-30","2026-05-31T01:29:37Z",97.0
"Josh","2026-06-08 09:32:42","2026-05-30","2026-05-31T01:30:37Z",97.0
"Josh","2026-06-08 09:32:42","2026-05-30","2026-05-31T01:31:37Z",97.0
"Josh","2026-06-08 09:32:42","2026-05-30","2026-05-31T01:32:37Z",97.1
"Josh","2026-06-08 09:32:42","2026-05-30","2026-05-31T01:33:37Z",50.0
"Josh","2026-06-08 09:32:42","2026-05-30","2026-05-31T01:34:37Z",97.2
"Josh","2026-06-08 09:32:42","2026-05-30","2026-05-31T01:35:37Z",97.3
"Josh","2026-06-08 09:32:42","2026-05-30","2026-05-31T01:36:37Z",97.3
"Josh","2026-06-08 09:32:42","2026-05-30","2026-05-31T01:37:37Z",97.4
"Josh","2026-06-08 09:32:42","2026-05-30","2026-05-31T01:38:37Z",97.5
"Josh","2026-06-08 09:32:42","2026-05-30","2026-05-31T01:39:37Z",97.5
"Josh","2026-06-08 09:32:42","2026-05-30","2026-05-31T01:40:37Z",97.6
"Josh","2026-06-08 09:32:42","2026-05-30","2026-05-31T01:41:37Z",97.6
"Josh","2026-06-08 09:32:42","2026-05-30","2026-05-31T01:42:37Z",97.7
"Josh","2026-06-08 09:32:42","2026-05-30","2026-05-31T01:43:37Z",97.7
"Josh","2026-06-08 09:32:42","2026-05-30","2026-05-31T01:44:37Z",97.8
"Josh","2026-06-08 09:32:42","2026-05-30","2026-05-31T01:45:37Z",50.0
"Josh","2026-06-08 09:32:42","2026-05-30","2026-05-31T01:46:37Z",97.9
"Josh","2026-06-08 09:32:42","2026-05-30","2026-05-31T01:47:37Z",97.9
"Josh","2026-06-08 09:32:42","2026-05-30","2026-05-31T01:48:37Z",98.0
"Josh","2026-06-08 09:32:42","2026-05-30","2026-05-31T01:49:37Z",98.0
"Josh","2026-06-08 09:32:42","2026-05-30","2026-05-31T01:50:37Z",98.0
"Josh","2026-06-08 09:32:42","2026-05-30","2026-05-31T01:51:37Z",98.1
"Josh","2026-06-08 09:32:42","2026-05-30","2026-05-31T01:52:37Z",98.1
"Josh","2026-06-08 09:32:42","2026-05-30","2026-05-31T01:53:37Z",98.2
"Josh","2026-06-08 09:32:42","2026-05-30","2026-05-31T01:54:37Z",98.2
"Josh","2026-06-08 09:32:42","2026-05-30","2026-05-31T01:55:37Z",98.3
"Josh","2026-06-08 09:32:42","2026-05-30","2026-05-31T01:56:37Z",98.4
"Josh","2026-06-08 09:32:42","2026-05-30","2026-05-31T01:57:37Z",98.3
"Josh","2026-06-08 09:32:42","2026-05-30","2026-05-31T01:58:37Z",98.3
"Josh","2026-06-08 09:32:42","2026-05-30","2026-05-31T01:59:37Z",98.5
"Josh","2026-06-08 09:32:42","2026-05-30","2026-05-31T02:00:37Z",98.5
"Josh","2026-06-08 09:32:42","2026-05-30","2026-05-31T02:01:37Z",98.6
"Josh","2026-06-08 09:32:42","2026-05-30","2026-05-31T02:02:37Z",98.7
"Josh","2026-06-08 09:32:42","2026-05-30","2026-05-31T02:03:37Z",98.7
"Josh","2026-06-08 09:32:42","2026-05-30","2026-05-31T02:04:37Z",50.0
"Josh","2026-06-08 09:32:42","2026-05-30","2026-05-31T02:05:37Z",98.7
"Josh","2026-06-08 09:32:42","2026-05-30","2026-05-31T02:06:37Z",98.7
"Josh","2026-06-08 09:32:42","2026-05-30","2026-05-31T02:07:37Z",98.7
"Josh","2026-06-08 09:32:42","2026-05-30","2026-05-31T02:08:37Z",98.8
"Josh","2026-06-08 09:32:42","2026-05-30","2026-05-31T02:09:37Z",98.9
"Josh","2026-06-08 09:32:42","2026-05-30","2026-05-31T02:10:37Z",98.8
"Josh","2026-06-08 09:32:42","2026-05-30","2026-05-31T02:11:37Z",98.9
"Josh","2026-06-08 09:32:42","2026-05-30","2026-05-31T02:12:37Z",98.8
"Josh","2026-06-08 09:32:42","2026-05-30","2026-05-31T02:13:37Z",98.8
"Josh","2026-06-08 09:32:42","2026-05-30","2026-05-31T02:14:37Z",98.8
"Josh","2026-06-08 09:32:42","2026-05-30","2026-05-31T02:15:37Z",98.8
"Josh","2026-06-08 09:32:42","2026-05-30","2026-05-31T02:16:37Z",98.8
"Josh","2026-06-08 09:32:42","2026-05-30","2026-05-31T02:17:37Z",98.8
"Josh","2026-06-08 09:32:42","2026-05-30","2026-05-31T02:18:37Z",98.8
"Josh","2026-06-08 09:32:42","2026-05-30","2026-05-31T02:19:37Z",98.9
"Josh","2026-06-08 09:32:42","2026-05-30","2026-05-31T02:20:37Z",98.8
"Josh","2026-06-08 09:32:42","2026-05-30","2026-05-31T02:21:37Z",98.7
"Josh","2026-06-08 09:32:42","2026-05-30","2026-05-31T02:22:37Z",98.8
"Josh","2026-06-08 09:32:42","2026-05-30","2026-05-31T02:23:37Z",98.7
"Josh","2026-06-08 09:32:42","2026-05-30","2026-05-31T02:24:37Z",98.7
"Josh","2026-06-08 09:32:42","2026-05-30","2026-05-31T02:25:37Z",98.6
"Josh","2026-06-08 09:32:42","2026-05-30","2026-05-31T02:26:37Z",98.6
"Josh","2026-06-08 09:32:42","2026-05-30","2026-05-31T02:27:37Z",98.5
"Josh","2026-06-08 09:32:42","2026-05-30","2026-05-31T02:28:37Z",98.5
"Josh","2026-06-08 09:32:42","2026-05-30","2026-05-31T02:29:37Z",98.4
"Josh","2026-06-08 09:32:42","2026-05-30","2026-05-31T02:30:37Z",98.4
"Josh","2026-06-08 09:32:42","2026-05-30","2026-05-31T02:31:37Z",98.3
"Josh","2026-06-08 09:32:42","2026-05-30","2026-05-31T02:32:37Z",98.3
"Josh","2026-06-08 09:32:42","2026-05-30","2026-05-31T02:33:37Z",98.2
"Josh","2026-06-08 09:32:42","2026-05-30","2026-05-31T02:34:37Z",98.2
"Josh","2026-06-08 09:32:42","2026-05-30","2026-05-31T02:35:37Z",98.2
"Josh","2026-06-08 09:32:42","2026-05-30","2026-05-31T02:36:37Z",98.1
"Josh","2026-06-08 09:32:42","2026-05-30","2026-05-31T02:37:37Z",98.1
"Josh","2026-06-08 09:32:42","2026-05-30","2026-05-31T02:38:37Z",98.0
"Josh","2026-06-08 09:32:42","2026-05-30","2026-05-31T02:39:37Z",98.0
"Josh","2026-06-08 09:32:42","2026-05-30","2026-05-31T02:40:37Z",97.9
"Josh","2026-06-08 09:32:42","2026-05-30","2026-05-31T02:41:37Z",97.9
"Josh","2026-06-08 09:32:42","2026-05-30","2026-05-31T02:42:37Z",97.8
"Josh","2026-06-08 09:32:42","2026-05-30","2026-05-31T02:43:37Z",97.8
"Josh","2026-06-08 09:32:42","2026-05-30","2026-05-31T02:44:37Z",97.7
"Josh","2026-06-08 09:32:42","2026-05-30","2026-05-31T02:45:37Z",97.5
"Josh","2026-06-08 09:32:42","2026-05-30","2026-05-31T02:46:37Z",97.4
"Josh","2026-06-08 09:32:42","2026-05-30","2026-05-31T02:47:37Z",97.4
"Josh","2026-06-08 09:32:42","2026-05-30","2026-05-31T02:48:37Z",97.4
"Josh","2026-06-08 09:32:42","2026-05-30","2026-05-31T02:49:37Z",97.3
"Josh","2026-06-08 09:32:42","2026-05-30","2026-05-31T02:50:37Z",97.2
"Josh","2026-06-08 09:32:42","2026-05-30","2026-05-31T02:51:37Z",97.2
"Josh","2026-06-08 09:32:42","2026-05-30","2026-05-31T02:52:37Z",97.1
"Josh","2026-06-08 09:32:42","2026-05-30","2026-05-31T02:53:37Z",97.1
"Josh","2026-06-08 09:32:42","2026-05-30","2026-05-31T02:54:37Z",97.1
"Josh","2026-06-08 09:32:42","2026-05-30","2026-05-31T02:55:37Z",97.1
"Josh","2026-06-08 09:32:42","2026-05-30","2026-05-31T02:56:37Z",97.1
"Josh","2026-06-08 09:32:42","2026-05-30","2026-05-31T02:57:37Z",97.0
"Josh","2026-06-08 09:32:42","2026-05-30","2026-05-31T02:58:37Z",97.0
"Josh","2026-06-08 09:32:42","2026-05-30","2026-05-31T02:59:37Z",97.0
"Josh","2026-06-08 09:32:42","2026-05-30","2026-05-31T03:00:37Z",97.0
"Josh","2026-06-08 09:32:42","2026-05-30","2026-05-31T03:01:37Z",97.1
"Josh","2026-06-08 09:32:42","2026-05-30","2026-05-31T03:02:37Z",97.0
"Josh","2026-06-08 09:32:42","2026-05-30","2026-05-31T03:03:37Z",97.1
"Josh","2026-06-08 09:32:42","2026-05-30","2026-05-31T03:04:37Z",97.2
"Josh","2026-06-08 09:32:42","2026-05-30","2026-05-31T03:05:37Z",97.3
"Josh","2026-06-08 09:32:42","2026-05-30","2026-05-31T03:06:37Z",97.3
"Josh","2026-06-08 09:32:42","2026-05-30","2026-05-31T03:07:37Z",97.4
"Josh","2026-06-08 09:32:42","2026-05-30","2026-05-31T03:08:37Z",97.4
"Josh","2026-06-08 09:32:42","2026-05-30","2026-05-31T03:09:37Z",97.5
"Josh","2026-06-08 09:32:42","2026-05-30","2026-05-31T03:10:37Z",97.6
"Josh","2026-06-08 09:32:42","2026-05-30","2026-05-31T03:11:37Z",97.6
"Josh","2026-06-08 09:32:42","2026-05-30","2026-05-31T03:12:37Z",97.7
"Josh","2026-06-08 09:32:42","2026-05-30","2026-05-31T03:13:37Z",97.7
"Josh","2026-06-08 09:32:42","2026-05-30","2026-05-31T03:14:37Z",97.8
"Josh","2026-06-08 09:32:42","2026-05-30","2026-05-31T03:15:37Z",97.8
"Josh","2026-06-08 09:32:42","2026-05-30","2026-05-31T03:16:37Z",97.9
"Josh","2026-06-08 09:32:42","2026-05-30","2026-05-31T03:17:37Z",97.9
"Josh","2026-06-08 09:32:42","2026-05-30","2026-05-31T03:18:37Z",98.0
"Josh","2026-06-08 09:32:42","2026-05-30","2026-05-31T03:19:37Z",98.0
"Josh","2026-06-08 09:32:42","2026-05-30","2026-05-31T03:20:37Z",98.0
"Josh","2026-06-08 09:32:42","2026-05-30","2026-05-31T03:21:37Z",98.1
"Josh","2026-06-08 09:32:42","2026-05-30","2026-05-31T03:22:37Z",98.1
"Josh","2026-06-08 09:32:42","2026-05-30","2026-05-31T03:23:37Z",98.2
"Josh","2026-06-08 09:32:42","2026-05-30","2026-05-31T03:24:37Z",98.2
"Josh","2026-06-08 09:32:42","2026-05-30","2026-05-31T03:25:37Z",98.3
"Josh","2026-06-08 09:32:42","2026-05-30","2026-05-31T03:26:37Z",98.4
"Josh","2026-06-08 09:32:42","2026-05-30","2026-05-31T03:27:37Z",98.4
"Josh","2026-06-08 09:32:42","2026-05-30","2026-05-31T03:28:37Z",98.5
"Josh","2026-06-08 09:32:42","2026-05-30","2026-05-31T03:29:37Z",98.4
"Josh","2026-06-08 09:32:42","2026-05-30","2026-05-31T03:30:37Z",98.4
"Josh","2026-06-08 09:32:42","2026-05-30","2026-05-31T03:31:37Z",98.5
"Josh","2026-06-08 09:32:42","2026-05-30","2026-05-31T03:32:37Z",98.6
"Josh","2026-06-08 09:32:42","2026-05-30","2026-05-31T03:33:37Z",98.6
"Josh","2026-06-08 09:32:42","2026-05-30","2026-05-31T03:34:37Z",98.7
"Josh","2026-06-08 09:32:42","2026-05-30","2026-05-31T03:35:37Z",98.7
"Josh","2026-06-08 09:32:42","2026-05-30","2026-05-31T03:36:37Z",98.8
"Josh","2026-06-08 09:32:42","2026-05-30","2026-05-31T03:37:37Z",98.8
"Josh","2026-06-08 09:32:42","2026-05-30","2026-05-31T03:38:37Z",98.8
"Josh","2026-06-08 09:32:42","2026-05-30","2026-05-31T03:39:37Z",98.8
"Josh","2026-06-08 09:32:42","2026-05-30","2026-05-31T03:40:37Z",98.7
"Josh","2026-06-08 09:32:42","2026-05-30","2026-05-31T03:41:37Z",98.7
"Josh","2026-06-08 09:32:42","2026-05-30","2026-05-31T03:42:37Z",98.7
"Josh","2026-06-08 09:32:42","2026-05-30","2026-05-31T03:43:37Z",98.7
"Josh","2026-06-08 09:32:42","2026-05-30","2026-05-31T03:44:37Z",98.7
"Josh","2026-06-08 09:32:42","2026-05-30","2026-05-31T03:45:37Z",98.7
"Josh","2026-06-08 09:32:42","2026-05-30","2026-05-31T03:46:37Z",98.8
"Josh","2026-06-08 09:32:42","2026-05-30","2026-05-31T03:47:37Z",98.9
"Josh","2026-06-08 09:32:42","2026-05-30","2026-05-31T03:48:37Z",98.9
"Josh","2026-06-08 09:32:42","2026-05-30","2026-05-31T03:49:37Z",99.0
"Josh","2026-06-08 09:32:42","2026-05-30","2026-05-31T03:50:37Z",98.9
"Josh","2026-06-08 09:32:42","2026-05-30","2026-05-31T03:51:37Z",98.8
"Josh","2026-06-08 09:32:42","2026-05-30","2026-05-31T03:52:37Z",98.7
"Josh","2026-06-08 09:32:42","2026-05-30","2026-05-31T03:53:37Z",98.7
"Josh","2026-06-08 09:32:42","2026-05-30","2026-05-31T03:54:37Z",98.6
"Josh","2026-06-08 09:32:42","2026-05-30","2026-05-31T03:55:37Z",98.6
"Josh","2026-06-08 09:32:42","2026-05-30","2026-05-31T03:56:37Z",98.5
"Josh","2026-06-08 09:32:42","2026-05-30","2026-05-31T03:57:37Z",98.5
"Josh","2026-06-08 09:32:42","2026-05-30","2026-05-31T03:58:37Z",98.5
"Josh","2026-06-08 09:32:42","2026-05-30","2026-05-31T03:59:37Z",98.4
"Josh","2026-06-08 09:32:42","2026-05-30","2026-05-31T04:00:37Z",98.4
"Josh","2026-06-08 09:32:42","2026-05-30","2026-05-31T04:01:37Z",98.3
"Josh","2026-06-08 09:32:42","2026-05-30","2026-05-31T04:02:37Z",98.3
"Josh","2026-06-08 09:32:42","2026-05-30","2026-05-31T04:03:37Z",98.2
"Josh","2026-06-08 09:32:42","2026-05-30","2026-05-31T04:04:37Z",98.2
"Josh","2026-06-08 09:32:42","2026-05-30","2026-05-31T04:05:37Z",98.1
"Josh","2026-06-08 09:32:42","2026-05-30","2026-05-31T04:06:37Z",98.1
"Josh","2026-06-08 09:32:42","2026-05-30","2026-05-31T04:07:37Z",98.1
"Josh","2026-06-08 09:32:42","2026-05-30","2026-05-31T04:08:37Z",98.0
"Josh","2026-06-08 09:32:42","2026-05-30","2026-05-31T04:09:37Z",98.0
"Josh","2026-06-08 09:32:42","2026-05-30","2026-05-31T04:10:37Z",97.9
"Josh","2026-06-08 09:32:42","2026-05-30","2026-05-31T04:11:37Z",97.9
"Josh","2026-06-08 09:32:42","2026-05-30","2026-05-31T04:12:37Z",97.8
"Josh","2026-06-08 09:32:42","2026-05-30","2026-05-31T04:13:37Z",97.8
"Josh","2026-06-08 09:32:42","2026-05-30","2026-05-31T04:14:37Z",97.7
"Josh","2026-06-08 09:32:42","2026-05-30","2026-05-31T04:15:37Z",97.6
"Josh","2026-06-08 09:32:42","2026-05-30","2026-05-31T04:16:37Z",97.6
"Josh","2026-06-08 09:32:42","2026-05-30","2026-05-31T04:17:37Z",97.5
"Josh","2026-06-08 09:32:42","2026-05-30","2026-05-31T04:18:37Z",97.5
"Josh","2026-06-08 09:32:42","2026-05-30","2026-05-31T04:19:37Z",97.3
"Josh","2026-06-08 09:32:42","2026-05-30","2026-05-31T04:20:37Z",97.3
"Josh","2026-06-08 09:32:42","2026-05-30","2026-05-31T04:21:37Z",97.3
"Josh","2026-06-08 09:32:42","2026-05-30","2026-05-31T04:22:37Z",97.1
"Josh","2026-06-08 09:32:42","2026-05-30","2026-05-31T04:23:37Z",97.1
"Josh","2026-06-08 09:32:42","2026-05-30","2026-05-31T04:24:37Z",97.2
"Josh","2026-06-08 09:32:42","2026-05-30","2026-05-31T04:25:37Z",97.1
"Josh","2026-06-08 09:32:42","2026-05-30","2026-05-31T04:26:37Z",97.2
"Josh","2026-06-08 09:32:42","2026-05-30","2026-05-31T04:27:37Z",97.2
"Josh","2026-06-08 09:32:42","2026-05-30","2026-05-31T04:28:37Z",97.2
"Josh","2026-06-08 09:32:42","2026-05-30","2026-05-31T04:29:37Z",97.2
"Josh","2026-06-08 09:32:42","2026-05-30","2026-05-31T04:30:37Z",97.2
"Josh","2026-06-08 09:32:42","2026-05-30","2026-05-31T04:31:37Z",97.1
"Josh","2026-06-08 09:32:42","2026-05-30","2026-05-31T04:32:37Z",97.1
"Josh","2026-06-08 09:32:42","2026-05-30","2026-05-31T04:33:37Z",97.1
"Josh","2026-06-08 09:32:42","2026-05-30","2026-05-31T04:34:37Z",97.2
"Josh","2026-06-08 09:32:42","2026-05-30","2026-05-31T04:35:37Z",97.3
"Josh","2026-06-08 09:32:42","2026-05-30","2026-05-31T04:36:37Z",97.3
"Josh","2026-06-08 09:32:42","2026-05-30","2026-05-31T04:37:37Z",97.4
"Josh","2026-06-08 09:32:42","2026-05-30","2026-05-31T04:38:37Z",97.5
"Josh","2026-06-08 09:32:42","2026-05-30","2026-05-31T04:39:37Z",97.5
"Josh","2026-06-08 09:32:42","2026-05-30","2026-05-31T04:40:37Z",97.6
"Josh","2026-06-08 09:32:42","2026-05-30","2026-05-31T04:41:37Z",97.6
"Josh","2026-06-08 09:32:42","2026-05-30","2026-05-31T04:42:37Z",97.7
"Josh","2026-06-08 09:32:42","2026-05-30","2026-05-31T04:43:37Z",97.7
"Josh","2026-06-08 09:32:42","2026-05-30","2026-05-31T04:44:37Z",97.8
"Josh","2026-06-08 09:32:42","2026-05-30","2026-05-31T04:45:37Z",97.8
"Josh","2026-06-08 09:32:42","2026-05-30","2026-05-31T04:46:37Z",97.9
"Josh","2026-06-08 09:32:42","2026-05-30","2026-05-31T04:47:37Z",97.9
"Josh","2026-06-08 09:32:42","2026-05-30","2026-05-31T04:48:37Z",98.0
"Josh","2026-06-08 09:32:42","2026-05-30","2026-05-31T04:49:37Z",98.0
"Josh","2026-06-08 09:32:42","2026-05-30","2026-05-31T04:50:37Z",98.0
"Josh","2026-06-08 09:32:42","2026-05-30","2026-05-31T04:51:37Z",98.1
"Josh","2026-06-08 09:32:42","2026-05-30","2026-05-31T04:52:37Z",98.1
"Josh","2026-06-08 09:32:42","2026-05-30","2026-05-31T04:53:37Z",98.2
"Josh","2026-06-08 09:32:42","2026-05-30","2026-05-31T04:54:37Z",98.2
"Josh","2026-06-08 09:32:42","2026-05-30","2026-05-31T04:55:37Z",98.3
"Josh","2026-06-08 09:32:42","2026-05-30","2026-05-31T04:56:37Z",98.4
"Josh","2026-06-08 09:32:42","2026-05-30","2026-05-31T04:57:37Z",98.4
"Josh","2026-06-08 09:32:42","2026-05-30","2026-05-31T04:58:37Z",98.5
"Josh","2026-06-08 09:32:42","2026-05-30","2026-05-31T04:59:37Z",98.6
"Josh","2026-06-08 09:32:42","2026-05-30","2026-05-31T05:00:37Z",98.7
"Josh","2026-06-08 09:32:42","2026-05-30","2026-05-31T05:01:37Z",98.7
"Josh","2026-06-08 09:32:42","2026-05-30","2026-05-31T05:02:37Z",98.7
"Josh","2026-06-08 09:32:42","2026-05-30","2026-05-31T05:03:37Z",98.8
"Josh","2026-06-08 09:32:42","2026-05-30","2026-05-31T05:04:37Z",98.7
"Josh","2026-06-08 09:32:42","2026-05-30","2026-05-31T05:05:37Z",98.8
"Josh","2026-06-08 09:32:42","2026-05-30","2026-05-31T05:06:37Z",98.8
"Josh","2026-06-08 09:32:42","2026-05-30","2026-05-31T05:07:37Z",98.8
"Josh","2026-06-08 09:32:42","2026-05-30","2026-05-31T05:08:37Z",98.7
"Josh","2026-06-08 09:32:42","2026-05-30","2026-05-31T05:09:37Z",98.7
"Josh","2026-06-08 09:32:42","2026-05-30","2026-05-31T05:10:37Z",98.8
"Josh","2026-06-08 09:32:42","2026-05-30","2026-05-31T05:11:37Z",98.8
"Josh","2026-06-08 09:32:42","2026-05-30","2026-05-31T05:12:37Z",98.8
"Josh","2026-06-08 09:32:42","2026-05-30","2026-05-31T05:13:37Z",98.9
"Josh","2026-06-08 09:32:42","2026-05-30","2026-05-31T05:14:37Z",98.9
"Josh","2026-06-08 09:32:42","2026-05-30","2026-05-31T05:15:37Z",98.9
"Josh","2026-06-08 09:32:42","2026-05-30","2026-05-31T05:16:37Z",98.9
"Josh","2026-06-08 09:32:42","2026-05-30","2026-05-31T05:17:37Z",98.9
"Josh","2026-06-08 09:32:42","2026-05-30","2026-05-31T05:18:37Z",98.8
"Josh","2026-06-08 09:32:42","2026-05-30","2026-05-31T05:19:37Z",98.8
"Josh","2026-06-08 09:32:42","2026-05-30","2026-05-31T05:20:37Z",98.7
"Josh","2026-06-08 09:32:42","2026-05-30","2026-05-31T05:21:37Z",98.8
"Josh","2026-06-08 09:32:42","2026-05-30","2026-05-31T05:22:37Z",98.8
"Josh","2026-06-08 09:32:42","2026-05-30","2026-05-31T05:23:37Z",50.0
"Josh","2026-06-08 09:32:42","2026-05-30","2026-05-31T05:24:37Z",98.7
"Josh","2026-06-08 09:32:42","2026-05-30","2026-05-31T05:25:37Z",98.6
"Josh","2026-06-08 09:32:42","2026-05-30","2026-05-31T05:26:37Z",98.6
"Josh","2026-06-08 09:32:42","2026-05-30","2026-05-31T05:27:37Z",98.5
"Josh","2026-06-08 09:32:42","2026-05-30","2026-05-31T05:28:37Z",98.5
"Josh","2026-06-08 09:32:42","2026-05-30","2026-05-31T05:29:37Z",98.4
"Josh","2026-06-08 09:32:42","2026-05-30","2026-05-31T05:30:37Z",98.4
"Josh","2026-06-08 09:32:42","2026-05-30","2026-05-31T05:31:37Z",98.3
"Josh","2026-06-08 09:32:42","2026-05-30","2026-05-31T05:32:37Z",98.3
"Josh","2026-06-08 09:32:42","2026-05-30","2026-05-31T05:33:37Z",98.2
"Josh","2026-06-08 09:32:42","2026-05-30","2026-05-31T05:34:37Z",98.2
"Josh","2026-06-08 09:32:42","2026-05-30","2026-05-31T05:35:37Z",98.1
"Josh","2026-06-08 09:32:42","2026-05-30","2026-05-31T05:36:37Z",98.1
"Josh","2026-06-08 09:32:42","2026-05-30","2026-05-31T05:37:37Z",98.1
"Josh","2026-06-08 09:32:42","2026-05-30","2026-05-31T05:38:37Z",98.0
"Josh","2026-06-08 09:32:42","2026-05-30","2026-05-31T05:39:37Z",98.0
"Josh","2026-06-08 09:32:42","2026-05-30","2026-05-31T05:40:37Z",97.9
"Josh","2026-06-08 09:32:42","2026-05-30","2026-05-31T05:41:37Z",97.9
"Josh","2026-06-08 09:32:42","2026-05-30","2026-05-31T05:42:37Z",97.8
"Josh","2026-06-08 09:32:42","2026-05-30","2026-05-31T05:43:37Z",97.8
"Josh","2026-06-08 09:32:42","2026-05-30","2026-05-31T05:44:37Z",97.7
"Josh","2026-06-08 09:32:42","2026-05-30","2026-05-31T05:45:37Z",97.6
"Josh","2026-06-08 09:32:42","2026-05-30","2026-05-31T05:46:37Z",97.6
"Josh","2026-06-08 09:32:42","2026-05-30","2026-05-31T05:47:37Z",97.4
"Josh","2026-06-08 09:32:42","2026-05-30","2026-05-31T05:48:37Z",97.3
"Josh","2026-06-08 09:32:42","2026-05-30","2026-05-31T05:49:37Z",97.3
"Josh","2026-06-08 09:32:42","2026-05-30","2026-05-31T05:50:37Z",97.3
"Josh","2026-06-08 09:32:42","2026-05-30","2026-05-31T05:51:37Z",97.2
"Josh","2026-06-08 09:32:42","2026-05-30","2026-05-31T05:52:37Z",97.1
"Josh","2026-06-08 09:32:42","2026-05-30","2026-05-31T05:53:37Z",97.1
"Josh","2026-06-08 09:32:42","2026-05-30","2026-05-31T05:54:37Z",97.1
"Josh","2026-06-08 09:32:42","2026-05-30","2026-05-31T05:55:37Z",97.1
"Josh","2026-06-08 09:32:42","2026-05-30","2026-05-31T05:56:37Z",97.0
"Josh","2026-06-08 09:32:42","2026-05-30","2026-05-31T05:57:37Z",97.0
"Josh","2026-06-08 09:32:42","2026-05-30","2026-05-31T05:58:37Z",97.1
"Josh","2026-06-08 09:32:42","2026-05-30","2026-05-31T05:59:37Z",97.1
"Josh","2026-06-08 09:32:42","2026-05-30","2026-05-31T06:00:37Z",97.1
"Josh","2026-06-08 09:32:42","2026-05-30","2026-05-31T06:01:37Z",97.1
"Josh","2026-06-08 09:32:42","2026-05-30","2026-05-31T06:02:37Z",97.1
"Josh","2026-06-08 09:32:42","2026-05-30","2026-05-31T06:03:37Z",97.2
"Josh","2026-06-08 09:32:42","2026-05-30","2026-05-31T06:04:37Z",97.3
"Josh","2026-06-08 09:32:42","2026-05-30","2026-05-31T06:05:37Z",97.3
"Josh","2026-06-08 09:32:42","2026-05-30","2026-05-31T06:06:37Z",97.4
"Josh","2026-06-08 09:32:42","2026-05-30","2026-05-31T06:07:37Z",97.4
"Josh","2026-06-08 09:32:42","2026-05-30","2026-05-31T06:08:37Z",97.5
"Josh","2026-06-08 09:32:42","2026-05-30","2026-05-31T06:09:37Z",97.5
"Josh","2026-06-08 09:32:42","2026-05-30","2026-05-31T06:10:37Z",97.6
"Josh","2026-06-08 09:32:42","2026-05-30","2026-05-31T06:11:37Z",97.6
"Josh","2026-06-08 09:32:42","2026-05-30","2026-05-31T06:12:37Z",97.7
"Josh","2026-06-08 09:32:42","2026-05-30","2026-05-31T06:13:37Z",97.7
"Josh","2026-06-08 09:32:42","2026-05-30","2026-05-31T06:14:37Z",97.8
"Josh","2026-06-08 09:32:42","2026-05-30","2026-05-31T06:15:37Z",97.8
"Josh","2026-06-08 09:32:42","2026-05-30","2026-05-31T06:16:37Z",97.9
"Josh","2026-06-08 09:32:42","2026-05-30","2026-05-31T06:17:37Z",97.9
"Josh","2026-06-08 09:32:42","2026-05-30","2026-05-31T06:18:37Z",98.0
"Josh","2026-06-08 09:32:42","2026-05-30","2026-05-31T06:19:37Z",98.0
"Josh","2026-06-08 09:32:42","2026-05-30","2026-05-31T06:20:37Z",98.0
"Josh","2026-06-08 09:32:42","2026-05-30","2026-05-31T06:21:37Z",98.1
"Josh","2026-06-08 09:32:42","2026-05-30","2026-05-31T06:22:37Z",98.1
"Josh","2026-06-08 09:32:42","2026-05-30","2026-05-31T06:23:37Z",98.2
"Josh","2026-06-08 09:32:42","2026-05-30","2026-05-31T06:24:37Z",98.2
"Josh","2026-06-08 09:32:42","2026-05-30","2026-05-31T06:25:37Z",98.3
"Josh","2026-06-08 09:32:42","2026-05-30","2026-05-31T06:26:37Z",98.3
"Josh","2026-06-08 09:32:42","2026-05-30","2026-05-31T06:27:37Z",98.5
"Josh","2026-06-08 09:32:42","2026-05-30","2026-05-31T06:28:37Z",98.5
"Josh","2026-06-08 09:32:42","2026-05-30","2026-05-31T06:29:37Z",98.5
"Josh","2026-06-08 09:32:42","2026-05-30","2026-05-31T06:30:37Z",98.5
"Josh","2026-06-08 09:32:42","2026-05-30","2026-05-31T06:31:37Z",98.6
"Josh","2026-06-08 09:32:42","2026-05-30","2026-05-31T06:32:37Z",98.6
"Josh","2026-06-08 09:32:42","2026-05-30","2026-05-31T06:33:37Z",98.5
"Josh","2026-06-08 09:32:42","2026-05-30","2026-05-31T06:34:37Z",98.7
"Josh","2026-06-08 09:32:42","2026-05-30","2026-05-31T06:35:37Z",98.6
"Josh","2026-06-08 09:32:42","2026-05-30","2026-05-31T06:36:37Z",98.6
"Josh","2026-06-08 09:32:42","2026-05-30","2026-05-31T06:37:37Z",98.7
"Josh","2026-06-08 09:32:42","2026-05-30","2026-05-31T06:38:37Z",98.7
"Josh","2026-06-08 09:32:42","2026-05-30","2026-05-31T06:39:37Z",98.7
"Josh","2026-06-08 09:32:42","2026-05-30","2026-05-31T06:40:37Z",98.6
"Josh","2026-06-08 09:32:42","2026-05-30","2026-05-31T06:41:37Z",98.6
"Josh","2026-06-08 09:32:42","2026-05-30","2026-05-31T06:42:37Z",98.6
"Josh","2026-06-08 09:32:42","2026-05-30","2026-05-31T06:43:37Z",98.6
"Josh","2026-06-08 09:32:42","2026-05-30","2026-05-31T06:44:37Z",98.6
"Josh","2026-06-08 09:32:42","2026-05-30","2026-05-31T06:45:37Z",98.6
"Josh","2026-06-08 09:32:42","2026-05-30","2026-05-31T06:46:37Z",98.7
"Josh","2026-06-08 09:32:42","2026-05-30","2026-05-31T06:47:37Z",98.7
"Josh","2026-06-08 09:32:42","2026-05-30","2026-05-31T06:48:37Z",98.6
"Josh","2026-06-08 09:32:42","2026-05-30","2026-05-31T06:49:37Z",98.7
"Josh","2026-06-08 09:32:42","2026-05-30","2026-05-31T06:50:37Z",98.8
"Josh","2026-06-08 09:32:42","2026-05-30","2026-05-31T06:51:37Z",98.7
"Josh","2026-06-08 09:32:42","2026-05-30","2026-05-31T06:52:37Z",98.7
"Josh","2026-06-08 09:32:42","2026-05-30","2026-05-31T06:53:37Z",98.7
"Josh","2026-06-08 09:32:42","2026-05-30","2026-05-31T06:54:37Z",98.6
"Josh","2026-06-08 09:32:42","2026-05-30","2026-05-31T06:55:37Z",98.6
"Josh","2026-06-08 09:32:42","2026-05-30","2026-05-31T06:56:37Z",98.5
"Josh","2026-06-08 09:32:42","2026-05-30","2026-05-31T06:57:37Z",98.5
"Josh","2026-06-08 09:32:42","2026-05-30","2026-05-31T06:58:37Z",98.4
"Josh","2026-06-08 09:32:42","2026-05-30","2026-05-31T06:59:37Z",98.4
"Josh","2026-06-08 09:32:42","2026-05-30","2026-05-31T07:00:37Z",98.4
"Josh","2026-06-08 09:32:42","2026-05-30","2026-05-31T07:01:37Z",98.3
"Josh","2026-06-08 09:32:42","2026-05-30","2026-05-31T07:02:37Z",98.3
"Josh","2026-06-08 09:32:42","2026-05-30","2026-05-31T07:03:37Z",98.2
"Josh","2026-06-08 09:32:42","2026-05-30","2026-05-31T07:04:37Z",98.2
"Josh","2026-06-08 09:32:42","2026-05-30","2026-05-31T07:05:37Z",98.1
"Josh","2026-06-08 09:32:42","2026-05-30","2026-05-31T07:06:37Z",98.1
"Josh","2026-06-08 09:32:42","2026-05-30","2026-05-31T07:07:37Z",98.1
"Josh","2026-06-08 09:32:42","2026-05-30","2026-05-31T07:08:37Z",98.0
"Josh","2026-06-08 09:32:42","2026-05-30","2026-05-31T07:09:37Z",98.0
"Josh","2026-06-08 09:32:42","2026-05-30","2026-05-31T07:10:37Z",97.9
"Josh","2026-06-08 09:32:42","2026-05-30","2026-05-31T07:11:37Z",97.9
"Josh","2026-06-08 09:32:42","2026-05-30","2026-05-31T07:12:37Z",97.8
"Josh","2026-06-08 09:32:42","2026-05-30","2026-05-31T07:13:37Z",97.8
"Josh","2026-06-08 09:32:42","2026-05-30","2026-05-31T07:14:37Z",97.7
"Josh","2026-06-08 09:32:42","2026-05-30","2026-05-31T07:15:37Z",97.7
"Josh","2026-06-08 09:32:42","2026-05-30","2026-05-31T07:16:37Z",97.5
"Josh","2026-06-08 09:32:42","2026-05-30","2026-05-31T07:17:37Z",97.4
"Josh","2026-06-08 09:32:42","2026-05-30","2026-05-31T07:18:37Z",97.3
"Josh","2026-06-08 09:32:42","2026-05-30","2026-05-31T07:19:37Z",97.2
"Josh","2026-06-08 09:32:42","2026-05-30","2026-05-31T07:20:37Z",97.1
"Josh","2026-06-08 09:32:42","2026-05-30","2026-05-31T07:21:37Z",97.0
"Josh","2026-06-08 09:32:42","2026-05-30","2026-05-31T07:22:37Z",97.1
"Josh","2026-06-08 09:32:42","2026-05-30","2026-05-31T07:23:37Z",97.0
"Josh","2026-06-08 09:32:42","2026-05-30","2026-05-31T07:24:37Z",96.9
"Josh","2026-06-08 09:32:42","2026-05-30","2026-05-31T07:25:37Z",97.0
"Josh","2026-06-08 09:32:42","2026-05-30","2026-05-31T07:26:37Z",96.9
"Josh","2026-06-08 09:32:42","2026-05-30","2026-05-31T07:27:37Z",96.9
"Josh","2026-06-08 09:32:42","2026-05-30","2026-05-31T07:28:37Z",96.8
"Josh","2026-06-08 09:32:42","2026-05-30","2026-05-31T07:29:37Z",96.9
"Josh","2026-06-08 09:32:42","2026-05-30","2026-05-31T07:30:37Z",96.9
"Josh","2026-06-08 09:32:42","2026-05-30","2026-05-31T07:31:37Z",97.0
"Josh","2026-06-08 09:32:42","2026-05-30","2026-05-31T07:32:37Z",96.9
"Josh","2026-06-08 09:32:42","2026-05-30","2026-05-31T07:33:37Z",97.0
"Josh","2026-06-08 09:32:42","2026-05-30","2026-05-31T07:34:37Z",97.1
"Josh","2026-06-08 09:32:42","2026-05-30","2026-05-31T07:35:37Z",97.2
"Josh","2026-06-08 09:32:42","2026-05-30","2026-05-31T07:36:37Z",97.3
"Josh","2026-06-08 09:32:42","2026-05-30","2026-05-31T07:37:37Z",97.4
"Josh","2026-06-08 09:32:42","2026-05-30","2026-05-31T07:38:37Z",97.4
"Josh","2026-06-08 09:32:42","2026-05-30","2026-05-31T07:39:37Z",97.5
"Josh","2026-06-08 09:32:42","2026-05-30","2026-05-31T07:40:37Z",97.5
"Josh","2026-06-08 09:32:42","2026-05-30","2026-05-31T07:41:37Z",50.0
"Josh","2026-06-08 09:32:42","2026-05-30","2026-05-31T07:42:37Z",97.7
"Josh","2026-06-08 09:32:42","2026-05-30","2026-05-31T07:43:37Z",97.7
"Josh","2026-06-08 09:32:42","2026-05-30","2026-05-31T07:44:37Z",97.8
"Josh","2026-06-08 09:32:42","2026-05-30","2026-05-31T07:45:37Z",97.8
"Josh","2026-06-08 09:32:42","2026-05-30","2026-05-31T07:46:37Z",97.9
"Josh","2026-06-08 09:32:42","2026-05-30","2026-05-31T07:47:37Z",97.9
"Josh","2026-06-08 09:32:42","2026-05-30","2026-05-31T07:48:37Z",98.0
"Josh","2026-06-08 09:32:42","2026-05-30","2026-05-31T07:49:37Z",98.0
"Josh","2026-06-08 09:32:42","2026-05-30","2026-05-31T07:50:37Z",98.0
"Josh","2026-06-08 09:32:42","2026-05-30","2026-05-31T07:51:37Z",98.1
"Josh","2026-06-08 09:32:42","2026-05-30","2026-05-31T07:52:37Z",98.1
"Josh","2026-06-08 09:32:42","2026-05-30","2026-05-31T07:53:37Z",98.2
"Josh","2026-06-08 09:32:42","2026-05-30","2026-05-31T07:54:37Z",98.2
"Josh","2026-06-08 09:32:42","2026-05-30","2026-05-31T07:55:37Z",98.3
"Josh","2026-06-08 09:32:42","2026-05-30","2026-05-31T07:56:37Z",98.3
"Josh","2026-06-08 09:32:42","2026-05-30","2026-05-31T07:57:37Z",98.4
"Josh","2026-06-08 09:32:42","2026-05-30","2026-05-31T07:58:37Z",98.5
"Josh","2026-06-08 09:32:42","2026-05-30","2026-05-31T07:59:37Z",98.5
"Josh","2026-06-08 09:32:42","2026-05-30","2026-05-31T08:00:37Z",98.5
"Josh","2026-06-08 09:32:42","2026-05-30","2026-05-31T08:01:37Z",98.5
"Josh","2026-06-08 09:32:42","2026-05-30","2026-05-31T08:02:37Z",98.6
"Josh","2026-06-08 09:32:42","2026-05-30","2026-05-31T08:03:37Z",98.6
"Josh","2026-06-08 09:32:42","2026-05-30","2026-05-31T08:04:37Z",98.7
"Josh","2026-06-08 09:32:42","2026-05-30","2026-05-31T08:05:37Z",98.7
"Josh","2026-06-08 09:32:42","2026-05-30","2026-05-31T08:06:37Z",98.7
"Josh","2026-06-08 09:32:42","2026-05-30","2026-05-31T08:07:37Z",98.7
"Josh","2026-06-08 09:32:42","2026-05-30","2026-05-31T08:08:37Z",98.8
"Josh","2026-06-08 09:32:42","2026-05-30","2026-05-31T08:09:37Z",98.8
"Josh","2026-06-08 09:32:42","2026-05-30","2026-05-31T08:10:37Z",50.0
"Josh","2026-06-08 09:32:42","2026-05-30","2026-05-31T08:11:37Z",98.8
"Josh","2026-06-08 09:32:42","2026-05-31","2026-05-31T22:40:43Z",98.3
"Josh","2026-06-08 09:32:42","2026-05-31","2026-05-31T22:41:43Z",98.3
"Josh","2026-06-08 09:32:42","2026-05-31","2026-05-31T22:42:43Z",98.3
"Josh","2026-06-08 09:32:42","2026-05-31","2026-05-31T22:43:43Z",98.3
"Josh","2026-06-08 09:32:42","2026-05-31","2026-05-31T22:44:43Z",50.0
"Josh","2026-06-08 09:32:42","2026-05-31","2026-05-31T22:45:43Z",98.3
"Josh","2026-06-08 09:32:42","2026-05-31","2026-05-31T22:46:43Z",98.3
"Josh","2026-06-08 09:32:42","2026-05-31","2026-05-31T22:47:43Z",98.3
"Josh","2026-06-08 09:32:42","2026-05-31","2026-05-31T22:48:43Z",98.3
"Josh","2026-06-08 09:32:42","2026-05-31","2026-05-31T22:49:43Z",98.3
"Josh","2026-06-08 09:32:42","2026-05-31","2026-05-31T22:50:43Z",98.1
"Josh","2026-06-08 09:32:42","2026-05-31","2026-05-31T22:51:43Z",98.1
"Josh","2026-06-08 09:32:42","2026-05-31","2026-05-31T22:52:43Z",98.1
"Josh","2026-06-08 09:32:42","2026-05-31","2026-05-31T22:53:43Z",98.1
"Josh","2026-06-08 09:32:42","2026-05-31","2026-05-31T22:54:43Z",98.2
"Josh","2026-06-08 09:32:42","2026-05-31","2026-05-31T22:55:43Z",98.2
"Josh","2026-06-08 09:32:42","2026-05-31","2026-05-31T22:56:43Z",98.2
"Josh","2026-06-08 09:32:42","2026-05-31","2026-05-31T22:57:43Z",98.2
"Josh","2026-06-08 09:32:42","2026-05-31","2026-05-31T22:58:43Z",98.2
"Josh","2026-06-08 09:32:42","2026-05-31","2026-05-31T22:59:43Z",98.3
"Josh","2026-06-08 09:32:42","2026-05-31","2026-05-31T23:00:43Z",98.3
"Josh","2026-06-08 09:32:42","2026-05-31","2026-05-31T23:01:43Z",98.3
"Josh","2026-06-08 09:32:42","2026-05-31","2026-05-31T23:02:43Z",98.3
"Josh","2026-06-08 09:32:42","2026-05-31","2026-05-31T23:03:43Z",98.4
"Josh","2026-06-08 09:32:42","2026-05-31","2026-05-31T23:04:43Z",98.4
"Josh","2026-06-08 09:32:42","2026-05-31","2026-05-31T23:05:43Z",98.5
"Josh","2026-06-08 09:32:42","2026-05-31","2026-05-31T23:06:43Z",98.6
"Josh","2026-06-08 09:32:42","2026-05-31","2026-05-31T23:07:43Z",98.7
"Josh","2026-06-08 09:32:42","2026-05-31","2026-05-31T23:08:43Z",98.7
"Josh","2026-06-08 09:32:42","2026-05-31","2026-05-31T23:09:43Z",98.8
"Josh","2026-06-08 09:32:42","2026-05-31","2026-05-31T23:10:43Z",98.7
"Josh","2026-06-08 09:32:42","2026-05-31","2026-05-31T23:11:43Z",98.7
"Josh","2026-06-08 09:32:42","2026-05-31","2026-05-31T23:12:43Z",98.7
"Josh","2026-06-08 09:32:42","2026-05-31","2026-05-31T23:13:43Z",98.7
"Josh","2026-06-08 09:32:42","2026-05-31","2026-05-31T23:14:43Z",98.8
"Josh","2026-06-08 09:32:42","2026-05-31","2026-05-31T23:15:43Z",98.8
"Josh","2026-06-08 09:32:42","2026-05-31","2026-05-31T23:16:43Z",98.9
"Josh","2026-06-08 09:32:42","2026-05-31","2026-05-31T23:17:43Z",98.8
"Josh","2026-06-08 09:32:42","2026-05-31","2026-05-31T23:18:43Z",98.7
"Josh","2026-06-08 09:32:42","2026-05-31","2026-05-31T23:19:43Z",98.7
"Josh","2026-06-08 09:32:42","2026-05-31","2026-05-31T23:20:43Z",98.8
"Josh","2026-06-08 09:32:42","2026-05-31","2026-05-31T23:21:43Z",98.8
"Josh","2026-06-08 09:32:42","2026-05-31","2026-05-31T23:22:43Z",98.8
"Josh","2026-06-08 09:32:42","2026-05-31","2026-05-31T23:23:43Z",98.8
"Josh","2026-06-08 09:32:42","2026-05-31","2026-05-31T23:24:43Z",98.8
"Josh","2026-06-08 09:32:42","2026-05-31","2026-05-31T23:25:43Z",98.8
"Josh","2026-06-08 09:32:42","2026-05-31","2026-05-31T23:26:43Z",98.8
"Josh","2026-06-08 09:32:42","2026-05-31","2026-05-31T23:27:43Z",98.9
"Josh","2026-06-08 09:32:42","2026-05-31","2026-05-31T23:28:43Z",98.9
"Josh","2026-06-08 09:32:42","2026-05-31","2026-05-31T23:29:43Z",99.0
"Josh","2026-06-08 09:32:42","2026-05-31","2026-05-31T23:30:43Z",98.9
"Josh","2026-06-08 09:32:42","2026-05-31","2026-05-31T23:31:43Z",98.8
"Josh","2026-06-08 09:32:42","2026-05-31","2026-05-31T23:32:43Z",98.7
"Josh","2026-06-08 09:32:42","2026-05-31","2026-05-31T23:33:43Z",98.7
"Josh","2026-06-08 09:32:42","2026-05-31","2026-05-31T23:34:43Z",98.6
"Josh","2026-06-08 09:32:42","2026-05-31","2026-05-31T23:35:43Z",98.5
"Josh","2026-06-08 09:32:42","2026-05-31","2026-05-31T23:36:43Z",98.5
"Josh","2026-06-08 09:32:42","2026-05-31","2026-05-31T23:37:43Z",98.4
"Josh","2026-06-08 09:32:42","2026-05-31","2026-05-31T23:38:43Z",98.4
"Josh","2026-06-08 09:32:42","2026-05-31","2026-05-31T23:39:43Z",98.3
"Josh","2026-06-08 09:32:42","2026-05-31","2026-05-31T23:40:43Z",98.3
"Josh","2026-06-08 09:32:42","2026-05-31","2026-05-31T23:41:43Z",98.2
"Josh","2026-06-08 09:32:42","2026-05-31","2026-05-31T23:42:43Z",98.2
"Josh","2026-06-08 09:32:42","2026-05-31","2026-05-31T23:43:43Z",98.1
"Josh","2026-06-08 09:32:42","2026-05-31","2026-05-31T23:44:43Z",98.1
"Josh","2026-06-08 09:32:42","2026-05-31","2026-05-31T23:45:43Z",98.0
"Josh","2026-06-08 09:32:42","2026-05-31","2026-05-31T23:46:43Z",98.0
"Josh","2026-06-08 09:32:42","2026-05-31","2026-05-31T23:47:43Z",97.9
"Josh","2026-06-08 09:32:42","2026-05-31","2026-05-31T23:48:43Z",97.9
"Josh","2026-06-08 09:32:42","2026-05-31","2026-05-31T23:49:43Z",97.8
"Josh","2026-06-08 09:32:42","2026-05-31","2026-05-31T23:50:43Z",97.8
"Josh","2026-06-08 09:32:42","2026-05-31","2026-05-31T23:51:43Z",97.7
"Josh","2026-06-08 09:32:42","2026-05-31","2026-05-31T23:52:43Z",97.6
"Josh","2026-06-08 09:32:42","2026-05-31","2026-05-31T23:53:43Z",97.6
"Josh","2026-06-08 09:32:42","2026-05-31","2026-05-31T23:54:43Z",97.5
"Josh","2026-06-08 09:32:42","2026-05-31","2026-05-31T23:55:43Z",97.3
"Josh","2026-06-08 09:32:42","2026-05-31","2026-05-31T23:56:43Z",97.2
"Josh","2026-06-08 09:32:42","2026-05-31","2026-05-31T23:57:43Z",97.2
"Josh","2026-06-08 09:32:42","2026-05-31","2026-05-31T23:58:43Z",97.2
"Josh","2026-06-08 09:32:42","2026-05-31","2026-05-31T23:59:43Z",97.2
"Josh","2026-06-08 09:32:42","2026-05-31","2026-06-01T00:00:43Z",97.1
"Josh","2026-06-08 09:32:42","2026-05-31","2026-06-01T00:01:43Z",97.1
"Josh","2026-06-08 09:32:42","2026-05-31","2026-06-01T00:02:43Z",97.1
"Josh","2026-06-08 09:32:42","2026-05-31","2026-06-01T00:03:43Z",97.2
"Josh","2026-06-08 09:32:42","2026-05-31","2026-06-01T00:04:43Z",97.1
"Josh","2026-06-08 09:32:42","2026-05-31","2026-06-01T00:05:43Z",97.0
"Josh","2026-06-08 09:32:42","2026-05-31","2026-06-01T00:06:43Z",97.0
"Josh","2026-06-08 09:32:42","2026-05-31","2026-06-01T00:07:43Z",97.0
"Josh","2026-06-08 09:32:42","2026-05-31","2026-06-01T00:08:43Z",97.0
"Josh","2026-06-08 09:32:42","2026-05-31","2026-06-01T00:09:43Z",97.0
"Josh","2026-06-08 09:32:42","2026-05-31","2026-06-01T00:10:43Z",97.1
"Josh","2026-06-08 09:32:42","2026-05-31","2026-06-01T00:11:43Z",97.2
"Josh","2026-06-08 09:32:42","2026-05-31","2026-06-01T00:12:43Z",97.3
"Josh","2026-06-08 09:32:42","2026-05-31","2026-06-01T00:13:43Z",97.0
"Josh","2026-06-08 09:32:42","2026-05-31","2026-06-01T00:14:43Z",97.1
"Josh","2026-06-08 09:32:42","2026-05-31","2026-06-01T00:15:43Z",97.2
"Josh","2026-06-08 09:32:42","2026-05-31","2026-06-01T00:16:43Z",97.3
"Josh","2026-06-08 09:32:42","2026-05-31","2026-06-01T00:17:43Z",97.4
"Josh","2026-06-08 09:32:42","2026-05-31","2026-06-01T00:18:43Z",97.5
"Josh","2026-06-08 09:32:42","2026-05-31","2026-06-01T00:19:43Z",97.6
"Josh","2026-06-08 09:32:42","2026-05-31","2026-06-01T00:20:43Z",97.6
"Josh","2026-06-08 09:32:42","2026-05-31","2026-06-01T00:21:43Z",97.7
"Josh","2026-06-08 09:32:42","2026-05-31","2026-06-01T00:22:43Z",97.8
"Josh","2026-06-08 09:32:42","2026-05-31","2026-06-01T00:23:43Z",97.8
"Josh","2026-06-08 09:32:42","2026-05-31","2026-06-01T00:24:43Z",97.9
"Josh","2026-06-08 09:32:42","2026-05-31","2026-06-01T00:25:43Z",97.9
"Josh","2026-06-08 09:32:42","2026-05-31","2026-06-01T00:26:43Z",98.0
"Josh","2026-06-08 09:32:42","2026-05-31","2026-06-01T00:27:43Z",98.0
"Josh","2026-06-08 09:32:42","2026-05-31","2026-06-01T00:28:43Z",98.1
"Josh","2026-06-08 09:32:42","2026-05-31","2026-06-01T00:29:43Z",98.1
"Josh","2026-06-08 09:32:42","2026-05-31","2026-06-01T00:30:43Z",98.2
"Josh","2026-06-08 09:32:42","2026-05-31","2026-06-01T00:31:43Z",98.2
"Josh","2026-06-08 09:32:42","2026-05-31","2026-06-01T00:32:43Z",98.3
"Josh","2026-06-08 09:32:42","2026-05-31","2026-06-01T00:33:43Z",98.3
"Josh","2026-06-08 09:32:42","2026-05-31","2026-06-01T00:34:43Z",98.5
"Josh","2026-06-08 09:32:42","2026-05-31","2026-06-01T00:35:43Z",98.6
"Josh","2026-06-08 09:32:42","2026-05-31","2026-06-01T00:36:43Z",98.6
"Josh","2026-06-08 09:32:42","2026-05-31","2026-06-01T00:37:43Z",98.7
"Josh","2026-06-08 09:32:42","2026-05-31","2026-06-01T00:38:43Z",98.7
"Josh","2026-06-08 09:32:42","2026-05-31","2026-06-01T00:39:43Z",98.7
"Josh","2026-06-08 09:32:42","2026-05-31","2026-06-01T00:40:43Z",98.8
"Josh","2026-06-08 09:32:42","2026-05-31","2026-06-01T00:41:43Z",98.8
"Josh","2026-06-08 09:32:42","2026-05-31","2026-06-01T00:42:43Z",98.7
"Josh","2026-06-08 09:32:42","2026-05-31","2026-06-01T00:43:43Z",98.6
"Josh","2026-06-08 09:32:42","2026-05-31","2026-06-01T00:44:43Z",98.7
"Josh","2026-06-08 09:32:42","2026-05-31","2026-06-01T00:45:43Z",98.6
"Josh","2026-06-08 09:32:42","2026-05-31","2026-06-01T00:46:43Z",98.7
"Josh","2026-06-08 09:32:42","2026-05-31","2026-06-01T00:47:43Z",98.7
"Josh","2026-06-08 09:32:42","2026-05-31","2026-06-01T00:48:43Z",98.7
"Josh","2026-06-08 09:32:42","2026-05-31","2026-06-01T00:49:43Z",98.6
"Josh","2026-06-08 09:32:42","2026-05-31","2026-06-01T00:50:43Z",98.7
"Josh","2026-06-08 09:32:42","2026-05-31","2026-06-01T00:51:43Z",98.8
"Josh","2026-06-08 09:32:42","2026-05-31","2026-06-01T00:52:43Z",98.8
"Josh","2026-06-08 09:32:42","2026-05-31","2026-06-01T00:53:43Z",98.9
"Josh","2026-06-08 09:32:42","2026-05-31","2026-06-01T00:54:43Z",98.8
"Josh","2026-06-08 09:32:42","2026-05-31","2026-06-01T00:55:43Z",98.9
"Josh","2026-06-08 09:32:42","2026-05-31","2026-06-01T00:56:43Z",98.9
"Josh","2026-06-08 09:32:42","2026-05-31","2026-06-01T00:57:43Z",99.0
"Josh","2026-06-08 09:32:42","2026-05-31","2026-06-01T00:58:43Z",98.9
"Josh","2026-06-08 09:32:42","2026-05-31","2026-06-01T00:59:43Z",98.8
"Josh","2026-06-08 09:32:42","2026-05-31","2026-06-01T01:00:43Z",98.8
"Josh","2026-06-08 09:32:42","2026-05-31","2026-06-01T01:01:43Z",98.7
"Josh","2026-06-08 09:32:42","2026-05-31","2026-06-01T01:02:43Z",98.7
"Josh","2026-06-08 09:32:42","2026-05-31","2026-06-01T01:03:43Z",98.6
"Josh","2026-06-08 09:32:42","2026-05-31","2026-06-01T01:04:43Z",98.5
"Josh","2026-06-08 09:32:42","2026-05-31","2026-06-01T01:05:43Z",98.5
"Josh","2026-06-08 09:32:42","2026-05-31","2026-06-01T01:06:43Z",98.4
"Josh","2026-06-08 09:32:42","2026-05-31","2026-06-01T01:07:43Z",98.4
"Josh","2026-06-08 09:32:42","2026-05-31","2026-06-01T01:08:43Z",98.3
"Josh","2026-06-08 09:32:42","2026-05-31","2026-06-01T01:09:43Z",98.3
"Josh","2026-06-08 09:32:42","2026-05-31","2026-06-01T01:10:43Z",98.2
"Josh","2026-06-08 09:32:42","2026-05-31","2026-06-01T01:11:43Z",98.2
"Josh","2026-06-08 09:32:42","2026-05-31","2026-06-01T01:12:43Z",98.2
"Josh","2026-06-08 09:32:42","2026-05-31","2026-06-01T01:13:43Z",98.1
"Josh","2026-06-08 09:32:42","2026-05-31","2026-06-01T01:14:43Z",98.1
"Josh","2026-06-08 09:32:42","2026-05-31","2026-06-01T01:15:43Z",98.0
"Josh","2026-06-08 09:32:42","2026-05-31","2026-06-01T01:16:43Z",98.0
"Josh","2026-06-08 09:32:42","2026-05-31","2026-06-01T01:17:43Z",97.9
"Josh","2026-06-08 09:32:42","2026-05-31","2026-06-01T01:18:43Z",97.9
"Josh","2026-06-08 09:32:42","2026-05-31","2026-06-01T01:19:43Z",97.8
"Josh","2026-06-08 09:32:42","2026-05-31","2026-06-01T01:20:43Z",97.8
"Josh","2026-06-08 09:32:42","2026-05-31","2026-06-01T01:21:43Z",97.7
"Josh","2026-06-08 09:32:42","2026-05-31","2026-06-01T01:22:43Z",97.6
"Josh","2026-06-08 09:32:42","2026-05-31","2026-06-01T01:23:43Z",97.6
"Josh","2026-06-08 09:32:42","2026-05-31","2026-06-01T01:24:43Z",97.4
"Josh","2026-06-08 09:32:42","2026-05-31","2026-06-01T01:25:43Z",97.3
"Josh","2026-06-08 09:32:42","2026-05-31","2026-06-01T01:26:43Z",97.2
"Josh","2026-06-08 09:32:42","2026-05-31","2026-06-01T01:27:43Z",97.2
"Josh","2026-06-08 09:32:42","2026-05-31","2026-06-01T01:28:43Z",97.1
"Josh","2026-06-08 09:32:42","2026-05-31","2026-06-01T01:29:43Z",97.1
"Josh","2026-06-08 09:32:42","2026-05-31","2026-06-01T01:30:43Z",97.1
"Josh","2026-06-08 09:32:42","2026-05-31","2026-06-01T01:31:43Z",97.1
"Josh","2026-06-08 09:32:42","2026-05-31","2026-06-01T01:32:43Z",97.0
"Josh","2026-06-08 09:32:42","2026-05-31","2026-06-01T01:33:43Z",97.0
"Josh","2026-06-08 09:32:42","2026-05-31","2026-06-01T01:34:43Z",97.1
"Josh","2026-06-08 09:32:42","2026-05-31","2026-06-01T01:35:43Z",97.1
"Josh","2026-06-08 09:32:42","2026-05-31","2026-06-01T01:36:43Z",97.0
"Josh","2026-06-08 09:32:42","2026-05-31","2026-06-01T01:37:43Z",97.1
"Josh","2026-06-08 09:32:42","2026-05-31","2026-06-01T01:38:43Z",97.0
"Josh","2026-06-08 09:32:42","2026-05-31","2026-06-01T01:39:43Z",97.0
"Josh","2026-06-08 09:32:42","2026-05-31","2026-06-01T01:40:43Z",97.1
"Josh","2026-06-08 09:32:42","2026-05-31","2026-06-01T01:41:43Z",97.1
"Josh","2026-06-08 09:32:42","2026-05-31","2026-06-01T01:42:43Z",97.2
"Josh","2026-06-08 09:32:42","2026-05-31","2026-06-01T01:43:43Z",97.3
"Josh","2026-06-08 09:32:42","2026-05-31","2026-06-01T01:44:43Z",97.4
"Josh","2026-06-08 09:32:42","2026-05-31","2026-06-01T01:45:43Z",97.4
"Josh","2026-06-08 09:32:42","2026-05-31","2026-06-01T01:46:43Z",97.5
"Josh","2026-06-08 09:32:42","2026-05-31","2026-06-01T01:47:43Z",97.5
"Josh","2026-06-08 09:32:42","2026-05-31","2026-06-01T01:48:43Z",97.6
"Josh","2026-06-08 09:32:42","2026-05-31","2026-06-01T01:49:43Z",97.7
"Josh","2026-06-08 09:32:42","2026-05-31","2026-06-01T01:50:43Z",97.7
"Josh","2026-06-08 09:32:42","2026-05-31","2026-06-01T01:51:43Z",97.8
"Josh","2026-06-08 09:32:42","2026-05-31","2026-06-01T01:52:43Z",97.8
"Josh","2026-06-08 09:32:42","2026-05-31","2026-06-01T01:53:43Z",97.9
"Josh","2026-06-08 09:32:42","2026-05-31","2026-06-01T01:54:43Z",97.9
"Josh","2026-06-08 09:32:42","2026-05-31","2026-06-01T01:55:43Z",98.0
"Josh","2026-06-08 09:32:42","2026-05-31","2026-06-01T01:56:43Z",98.0
"Josh","2026-06-08 09:32:42","2026-05-31","2026-06-01T01:57:43Z",98.0
"Josh","2026-06-08 09:32:42","2026-05-31","2026-06-01T01:58:43Z",98.1
"Josh","2026-06-08 09:32:42","2026-05-31","2026-06-01T01:59:43Z",98.1
"Josh","2026-06-08 09:32:42","2026-05-31","2026-06-01T02:00:43Z",98.2
"Josh","2026-06-08 09:32:42","2026-05-31","2026-06-01T02:01:43Z",98.2
"Josh","2026-06-08 09:32:42","2026-05-31","2026-06-01T02:02:43Z",98.3
"Josh","2026-06-08 09:32:42","2026-05-31","2026-06-01T02:03:43Z",98.3
"Josh","2026-06-08 09:32:42","2026-05-31","2026-06-01T02:04:43Z",98.4
"Josh","2026-06-08 09:32:42","2026-05-31","2026-06-01T02:05:43Z",98.5
"Josh","2026-06-08 09:32:42","2026-05-31","2026-06-01T02:06:43Z",98.6
"Josh","2026-06-08 09:32:42","2026-05-31","2026-06-01T02:07:43Z",98.6
"Josh","2026-06-08 09:32:42","2026-05-31","2026-06-01T02:08:43Z",98.6
"Josh","2026-06-08 09:32:42","2026-05-31","2026-06-01T02:09:43Z",98.6
"Josh","2026-06-08 09:32:42","2026-05-31","2026-06-01T02:10:43Z",98.6
"Josh","2026-06-08 09:32:42","2026-05-31","2026-06-01T02:11:43Z",98.6
"Josh","2026-06-08 09:32:42","2026-05-31","2026-06-01T02:12:43Z",98.6
"Josh","2026-06-08 09:32:42","2026-05-31","2026-06-01T02:13:43Z",98.7
"Josh","2026-06-08 09:32:42","2026-05-31","2026-06-01T02:14:43Z",98.8
"Josh","2026-06-08 09:32:42","2026-05-31","2026-06-01T02:15:43Z",98.8
"Josh","2026-06-08 09:32:42","2026-05-31","2026-06-01T02:16:43Z",98.8
"Josh","2026-06-08 09:32:42","2026-05-31","2026-06-01T02:17:43Z",98.8
"Josh","2026-06-08 09:32:42","2026-05-31","2026-06-01T02:18:43Z",98.8
"Josh","2026-06-08 09:32:42","2026-05-31","2026-06-01T02:19:43Z",98.7
"Josh","2026-06-08 09:32:42","2026-05-31","2026-06-01T02:20:43Z",98.6
"Josh","2026-06-08 09:32:42","2026-05-31","2026-06-01T02:21:43Z",98.7
"Josh","2026-06-08 09:32:42","2026-05-31","2026-06-01T02:22:43Z",98.3
"Josh","2026-06-08 09:32:42","2026-05-31","2026-06-01T02:23:43Z",98.4
"Josh","2026-06-08 09:32:42","2026-05-31","2026-06-01T02:24:43Z",98.5
"Josh","2026-06-08 09:32:42","2026-05-31","2026-06-01T02:25:43Z",98.5
"Josh","2026-06-08 09:32:42","2026-05-31","2026-06-01T02:26:43Z",98.5
"Josh","2026-06-08 09:32:42","2026-05-31","2026-06-01T02:27:43Z",98.5
"Josh","2026-06-08 09:32:42","2026-05-31","2026-06-01T02:28:43Z",98.5
"Josh","2026-06-08 09:32:42","2026-05-31","2026-06-01T02:29:43Z",98.6
"Josh","2026-06-08 09:32:42","2026-05-31","2026-06-01T02:30:43Z",98.6
"Josh","2026-06-08 09:32:42","2026-05-31","2026-06-01T02:31:43Z",98.5
"Josh","2026-06-08 09:32:42","2026-05-31","2026-06-01T02:32:43Z",98.5
"Josh","2026-06-08 09:32:42","2026-05-31","2026-06-01T02:33:43Z",98.5
"Josh","2026-06-08 09:32:42","2026-05-31","2026-06-01T02:34:43Z",98.4
"Josh","2026-06-08 09:32:42","2026-05-31","2026-06-01T02:35:43Z",98.4
"Josh","2026-06-08 09:32:42","2026-05-31","2026-06-01T02:36:43Z",98.4
"Josh","2026-06-08 09:32:42","2026-05-31","2026-06-01T02:37:43Z",98.3
"Josh","2026-06-08 09:32:42","2026-05-31","2026-06-01T02:38:43Z",98.3
"Josh","2026-06-08 09:32:42","2026-05-31","2026-06-01T02:39:43Z",98.3
"Josh","2026-06-08 09:32:42","2026-05-31","2026-06-01T02:40:43Z",98.2
"Josh","2026-06-08 09:32:42","2026-05-31","2026-06-01T02:41:43Z",98.2
"Josh","2026-06-08 09:32:42","2026-05-31","2026-06-01T02:42:43Z",98.1
"Josh","2026-06-08 09:32:42","2026-05-31","2026-06-01T02:43:43Z",98.1
"Josh","2026-06-08 09:32:42","2026-05-31","2026-06-01T02:44:43Z",98.1
"Josh","2026-06-08 09:32:42","2026-05-31","2026-06-01T02:45:43Z",98.0
"Josh","2026-06-08 09:32:42","2026-05-31","2026-06-01T02:46:43Z",98.0
"Josh","2026-06-08 09:32:42","2026-05-31","2026-06-01T02:47:43Z",97.9
"Josh","2026-06-08 09:32:42","2026-05-31","2026-06-01T02:48:43Z",97.9
"Josh","2026-06-08 09:32:42","2026-05-31","2026-06-01T02:49:43Z",97.8
"Josh","2026-06-08 09:32:42","2026-05-31","2026-06-01T02:50:43Z",97.8
"Josh","2026-06-08 09:32:42","2026-05-31","2026-06-01T02:51:43Z",97.7
"Josh","2026-06-08 09:32:42","2026-05-31","2026-06-01T02:52:43Z",97.6
"Josh","2026-06-08 09:32:42","2026-05-31","2026-06-01T02:53:43Z",97.4
"Josh","2026-06-08 09:32:42","2026-05-31","2026-06-01T02:54:43Z",97.4
"Josh","2026-06-08 09:32:42","2026-05-31","2026-06-01T02:55:43Z",97.3
"Josh","2026-06-08 09:32:42","2026-05-31","2026-06-01T02:56:43Z",97.3
"Josh","2026-06-08 09:32:42","2026-05-31","2026-06-01T02:57:43Z",97.2
"Josh","2026-06-08 09:32:42","2026-05-31","2026-06-01T02:58:43Z",97.2
"Josh","2026-06-08 09:32:42","2026-05-31","2026-06-01T02:59:43Z",97.2
"Josh","2026-06-08 09:32:42","2026-05-31","2026-06-01T03:00:43Z",97.2
"Josh","2026-06-08 09:32:42","2026-05-31","2026-06-01T03:01:43Z",97.2
"Josh","2026-06-08 09:32:42","2026-05-31","2026-06-01T03:02:43Z",97.1
"Josh","2026-06-08 09:32:42","2026-05-31","2026-06-01T03:03:43Z",97.1
"Josh","2026-06-08 09:32:42","2026-05-31","2026-06-01T03:04:43Z",97.1
"Josh","2026-06-08 09:32:42","2026-05-31","2026-06-01T03:05:43Z",97.0
"Josh","2026-06-08 09:32:42","2026-05-31","2026-06-01T03:06:43Z",97.1
"Josh","2026-06-08 09:32:42","2026-05-31","2026-06-01T03:07:43Z",97.1
"Josh","2026-06-08 09:32:42","2026-05-31","2026-06-01T03:08:43Z",97.1
"Josh","2026-06-08 09:32:42","2026-05-31","2026-06-01T03:09:43Z",97.2
"Josh","2026-06-08 09:32:42","2026-05-31","2026-06-01T03:10:43Z",97.2
"Josh","2026-06-08 09:32:42","2026-05-31","2026-06-01T03:11:43Z",97.3
"Josh","2026-06-08 09:32:42","2026-05-31","2026-06-01T03:12:43Z",97.3
"Josh","2026-06-08 09:32:42","2026-05-31","2026-06-01T03:13:43Z",97.4
"Josh","2026-06-08 09:32:42","2026-05-31","2026-06-01T03:14:43Z",97.4
"Josh","2026-06-08 09:32:42","2026-05-31","2026-06-01T03:15:43Z",97.5
"Josh","2026-06-08 09:32:42","2026-05-31","2026-06-01T03:16:43Z",97.5
"Josh","2026-06-08 09:32:42","2026-05-31","2026-06-01T03:17:43Z",97.6
"Josh","2026-06-08 09:32:42","2026-05-31","2026-06-01T03:18:43Z",97.6
"Josh","2026-06-08 09:32:42","2026-05-31","2026-06-01T03:19:43Z",97.7
"Josh","2026-06-08 09:32:42","2026-05-31","2026-06-01T03:20:43Z",97.7
"Josh","2026-06-08 09:32:42","2026-05-31","2026-06-01T03:21:43Z",97.8
"Josh","2026-06-08 09:32:42","2026-05-31","2026-06-01T03:22:43Z",97.8
"Josh","2026-06-08 09:32:42","2026-05-31","2026-06-01T03:23:43Z",97.9
"Josh","2026-06-08 09:32:42","2026-05-31","2026-06-01T03:24:43Z",97.9
"Josh","2026-06-08 09:32:42","2026-05-31","2026-06-01T03:25:43Z",98.0
"Josh","2026-06-08 09:32:42","2026-05-31","2026-06-01T03:26:43Z",98.0
"Josh","2026-06-08 09:32:42","2026-05-31","2026-06-01T03:27:43Z",98.1
"Josh","2026-06-08 09:32:42","2026-05-31","2026-06-01T03:28:43Z",98.1
"Josh","2026-06-08 09:32:42","2026-05-31","2026-06-01T03:29:43Z",98.1
"Josh","2026-06-08 09:32:42","2026-05-31","2026-06-01T03:30:43Z",98.2
"Josh","2026-06-08 09:32:42","2026-05-31","2026-06-01T03:31:43Z",98.2
"Josh","2026-06-08 09:32:42","2026-05-31","2026-06-01T03:32:43Z",98.3
"Josh","2026-06-08 09:32:42","2026-05-31","2026-06-01T03:33:43Z",98.3
"Josh","2026-06-08 09:32:42","2026-05-31","2026-06-01T03:34:43Z",98.3
"Josh","2026-06-08 09:32:42","2026-05-31","2026-06-01T03:35:43Z",98.4
"Josh","2026-06-08 09:32:42","2026-05-31","2026-06-01T03:36:43Z",98.4
"Josh","2026-06-08 09:32:42","2026-05-31","2026-06-01T03:37:43Z",98.4
"Josh","2026-06-08 09:32:42","2026-05-31","2026-06-01T03:38:43Z",98.4
"Josh","2026-06-08 09:32:42","2026-05-31","2026-06-01T03:39:43Z",98.6
"Josh","2026-06-08 09:32:42","2026-05-31","2026-06-01T03:40:43Z",98.5
"Josh","2026-06-08 09:32:42","2026-05-31","2026-06-01T03:41:43Z",98.5
"Josh","2026-06-08 09:32:42","2026-05-31","2026-06-01T03:42:43Z",98.6
"Josh","2026-06-08 09:32:42","2026-05-31","2026-06-01T03:43:43Z",98.6
"Josh","2026-06-08 09:32:42","2026-05-31","2026-06-01T03:44:43Z",98.6
"Josh","2026-06-08 09:32:42","2026-05-31","2026-06-01T03:45:43Z",98.6
"Josh","2026-06-08 09:32:42","2026-05-31","2026-06-01T03:46:43Z",98.6
"Josh","2026-06-08 09:32:42","2026-05-31","2026-06-01T03:47:43Z",98.7
"Josh","2026-06-08 09:32:42","2026-05-31","2026-06-01T03:48:43Z",98.8
"Josh","2026-06-08 09:32:42","2026-05-31","2026-06-01T03:49:43Z",98.9
"Josh","2026-06-08 09:32:42","2026-05-31","2026-06-01T03:50:43Z",98.9
"Josh","2026-06-08 09:32:42","2026-05-31","2026-06-01T03:51:43Z",98.9
"Josh","2026-06-08 09:32:42","2026-05-31","2026-06-01T03:52:43Z",98.8
"Josh","2026-06-08 09:32:42","2026-05-31","2026-06-01T03:53:43Z",98.8
"Josh","2026-06-08 09:32:42","2026-05-31","2026-06-01T03:54:43Z",98.7
"Josh","2026-06-08 09:32:42","2026-05-31","2026-06-01T03:55:43Z",98.8
"Josh","2026-06-08 09:32:42","2026-05-31","2026-06-01T03:56:43Z",98.8
"Josh","2026-06-08 09:32:42","2026-05-31","2026-06-01T03:57:43Z",98.7
"Josh","2026-06-08 09:32:42","2026-05-31","2026-06-01T03:58:43Z",98.8
"Josh","2026-06-08 09:32:42","2026-05-31","2026-06-01T03:59:43Z",98.8
"Josh","2026-06-08 09:32:42","2026-05-31","2026-06-01T04:00:43Z",98.7
"Josh","2026-06-08 09:32:42","2026-05-31","2026-06-01T04:01:43Z",98.7
"Josh","2026-06-08 09:32:42","2026-05-31","2026-06-01T04:02:43Z",98.6
"Josh","2026-06-08 09:32:42","2026-05-31","2026-06-01T04:03:43Z",98.6
"Josh","2026-06-08 09:32:42","2026-05-31","2026-06-01T04:04:43Z",98.5
"Josh","2026-06-08 09:32:42","2026-05-31","2026-06-01T04:05:43Z",98.5
"Josh","2026-06-08 09:32:42","2026-05-31","2026-06-01T04:06:43Z",98.4
"Josh","2026-06-08 09:32:42","2026-05-31","2026-06-01T04:07:43Z",98.4
"Josh","2026-06-08 09:32:42","2026-05-31","2026-06-01T04:08:43Z",98.3
"Josh","2026-06-08 09:32:42","2026-05-31","2026-06-01T04:09:43Z",98.3
"Josh","2026-06-08 09:32:42","2026-05-31","2026-06-01T04:10:43Z",98.2
"Josh","2026-06-08 09:32:42","2026-05-31","2026-06-01T04:11:43Z",98.2
"Josh","2026-06-08 09:32:42","2026-05-31","2026-06-01T04:12:43Z",98.1
"Josh","2026-06-08 09:32:42","2026-05-31","2026-06-01T04:13:43Z",98.1
"Josh","2026-06-08 09:32:42","2026-05-31","2026-06-01T04:14:43Z",98.1
"Josh","2026-06-08 09:32:42","2026-05-31","2026-06-01T04:15:43Z",98.0
"Josh","2026-06-08 09:32:42","2026-05-31","2026-06-01T04:16:43Z",98.0
"Josh","2026-06-08 09:32:42","2026-05-31","2026-06-01T04:17:43Z",97.9
"Josh","2026-06-08 09:32:42","2026-05-31","2026-06-01T04:18:43Z",97.9
"Josh","2026-06-08 09:32:42","2026-05-31","2026-06-01T04:19:43Z",97.8
"Josh","2026-06-08 09:32:42","2026-05-31","2026-06-01T04:20:43Z",97.8
"Josh","2026-06-08 09:32:42","2026-05-31","2026-06-01T04:21:43Z",97.7
"Josh","2026-06-08 09:32:42","2026-05-31","2026-06-01T04:22:43Z",97.6
"Josh","2026-06-08 09:32:42","2026-05-31","2026-06-01T04:23:43Z",97.5
"Josh","2026-06-08 09:32:42","2026-05-31","2026-06-01T04:24:43Z",97.5
"Josh","2026-06-08 09:32:42","2026-05-31","2026-06-01T04:25:43Z",97.3
"Josh","2026-06-08 09:32:42","2026-05-31","2026-06-01T04:26:43Z",97.2
"Josh","2026-06-08 09:32:42","2026-05-31","2026-06-01T04:27:43Z",97.1
"Josh","2026-06-08 09:32:42","2026-05-31","2026-06-01T04:28:43Z",97.0
"Josh","2026-06-08 09:32:42","2026-05-31","2026-06-01T04:29:43Z",97.1
"Josh","2026-06-08 09:32:42","2026-05-31","2026-06-01T04:30:43Z",97.1
"Josh","2026-06-08 09:32:42","2026-05-31","2026-06-01T04:31:43Z",97.1
"Josh","2026-06-08 09:32:42","2026-05-31","2026-06-01T04:32:43Z",97.0
"Josh","2026-06-08 09:32:42","2026-05-31","2026-06-01T04:33:43Z",97.0
"Josh","2026-06-08 09:32:42","2026-05-31","2026-06-01T04:34:43Z",97.1
"Josh","2026-06-08 09:32:42","2026-05-31","2026-06-01T04:35:43Z",97.0
"Josh","2026-06-08 09:32:42","2026-05-31","2026-06-01T04:36:43Z",97.0
"Josh","2026-06-08 09:32:42","2026-05-31","2026-06-01T04:37:43Z",97.0
"Josh","2026-06-08 09:32:42","2026-05-31","2026-06-01T04:38:43Z",96.9
"Josh","2026-06-08 09:32:42","2026-05-31","2026-06-01T04:39:43Z",96.9
"Josh","2026-06-08 09:32:42","2026-05-31","2026-06-01T04:40:43Z",97.0
"Josh","2026-06-08 09:32:42","2026-05-31","2026-06-01T04:41:43Z",97.1
"Josh","2026-06-08 09:32:42","2026-05-31","2026-06-01T04:42:43Z",97.2
"Josh","2026-06-08 09:32:42","2026-05-31","2026-06-01T04:43:43Z",97.3
"Josh","2026-06-08 09:32:42","2026-05-31","2026-06-01T04:44:43Z",97.3
"Josh","2026-06-08 09:32:42","2026-05-31","2026-06-01T04:45:43Z",97.4
"Josh","2026-06-08 09:32:42","2026-05-31","2026-06-01T04:46:43Z",97.5
"Josh","2026-06-08 09:32:42","2026-05-31","2026-06-01T04:47:43Z",97.5
"Josh","2026-06-08 09:32:42","2026-05-31","2026-06-01T04:48:43Z",97.6
"Josh","2026-06-08 09:32:42","2026-05-31","2026-06-01T04:49:43Z",97.7
"Josh","2026-06-08 09:32:42","2026-05-31","2026-06-01T04:50:43Z",97.7
"Josh","2026-06-08 09:32:42","2026-05-31","2026-06-01T04:51:43Z",97.8
"Josh","2026-06-08 09:32:42","2026-05-31","2026-06-01T04:52:43Z",97.8
"Josh","2026-06-08 09:32:42","2026-05-31","2026-06-01T04:53:43Z",97.9
"Josh","2026-06-08 09:32:42","2026-05-31","2026-06-01T04:54:43Z",97.9
"Josh","2026-06-08 09:32:42","2026-05-31","2026-06-01T04:55:43Z",97.9
"Josh","2026-06-08 09:32:42","2026-05-31","2026-06-01T04:56:43Z",98.0
"Josh","2026-06-08 09:32:42","2026-05-31","2026-06-01T04:57:43Z",98.0
"Josh","2026-06-08 09:32:42","2026-05-31","2026-06-01T04:58:43Z",98.1
"Josh","2026-06-08 09:32:42","2026-05-31","2026-06-01T04:59:43Z",98.1
"Josh","2026-06-08 09:32:42","2026-05-31","2026-06-01T05:00:43Z",98.2
"Josh","2026-06-08 09:32:42","2026-05-31","2026-06-01T05:01:43Z",98.2
"Josh","2026-06-08 09:32:42","2026-05-31","2026-06-01T05:02:43Z",98.3
"Josh","2026-06-08 09:32:42","2026-05-31","2026-06-01T05:03:43Z",98.3
"Josh","2026-06-08 09:32:42","2026-05-31","2026-06-01T05:04:43Z",98.4
"Josh","2026-06-08 09:32:42","2026-05-31","2026-06-01T05:05:43Z",98.4
"Josh","2026-06-08 09:32:42","2026-05-31","2026-06-01T05:06:43Z",98.5
"Josh","2026-06-08 09:32:42","2026-05-31","2026-06-01T05:07:43Z",98.6
"Josh","2026-06-08 09:32:42","2026-05-31","2026-06-01T05:08:43Z",98.6
"Josh","2026-06-08 09:32:42","2026-05-31","2026-06-01T05:09:43Z",98.7
"Josh","2026-06-08 09:32:42","2026-05-31","2026-06-01T05:10:43Z",98.7
"Josh","2026-06-08 09:32:42","2026-05-31","2026-06-01T05:11:43Z",98.7
"Josh","2026-06-08 09:32:42","2026-05-31","2026-06-01T05:12:43Z",98.8
"Josh","2026-06-08 09:32:42","2026-05-31","2026-06-01T05:13:43Z",98.8
"Josh","2026-06-08 09:32:42","2026-05-31","2026-06-01T05:14:43Z",98.8
"Josh","2026-06-08 09:32:42","2026-05-31","2026-06-01T05:15:43Z",98.8
"Josh","2026-06-08 09:32:42","2026-05-31","2026-06-01T05:16:43Z",98.8
"Josh","2026-06-08 09:32:42","2026-05-31","2026-06-01T05:17:43Z",98.8
"Josh","2026-06-08 09:32:42","2026-05-31","2026-06-01T05:18:43Z",98.8
"Josh","2026-06-08 09:32:42","2026-05-31","2026-06-01T05:19:43Z",98.7
"Josh","2026-06-08 09:32:42","2026-05-31","2026-06-01T05:20:43Z",98.8
"Josh","2026-06-08 09:32:42","2026-05-31","2026-06-01T05:21:43Z",98.8
"Josh","2026-06-08 09:32:42","2026-05-31","2026-06-01T05:22:43Z",98.7
"Josh","2026-06-08 09:32:42","2026-05-31","2026-06-01T05:23:43Z",98.6
"Josh","2026-06-08 09:32:42","2026-05-31","2026-06-01T05:24:43Z",98.6
"Josh","2026-06-08 09:32:42","2026-05-31","2026-06-01T05:25:43Z",98.5
"Josh","2026-06-08 09:32:42","2026-05-31","2026-06-01T05:26:43Z",98.6
"Josh","2026-06-08 09:32:42","2026-05-31","2026-06-01T05:27:43Z",98.5
"Josh","2026-06-08 09:32:42","2026-05-31","2026-06-01T05:28:43Z",98.6
"Josh","2026-06-08 09:32:42","2026-05-31","2026-06-01T05:29:43Z",98.7
"Josh","2026-06-08 09:32:42","2026-05-31","2026-06-01T05:30:43Z",98.7
"Josh","2026-06-08 09:32:42","2026-05-31","2026-06-01T05:31:43Z",98.6
"Josh","2026-06-08 09:32:42","2026-05-31","2026-06-01T05:32:43Z",98.6
"Josh","2026-06-08 09:32:42","2026-05-31","2026-06-01T05:33:43Z",98.5
"Josh","2026-06-08 09:32:42","2026-05-31","2026-06-01T05:34:43Z",98.5
"Josh","2026-06-08 09:32:42","2026-05-31","2026-06-01T05:35:43Z",98.5
"Josh","2026-06-08 09:32:42","2026-05-31","2026-06-01T05:36:43Z",98.4
"Josh","2026-06-08 09:32:42","2026-05-31","2026-06-01T05:37:43Z",98.4
"Josh","2026-06-08 09:32:42","2026-05-31","2026-06-01T05:38:43Z",98.3
"Josh","2026-06-08 09:32:42","2026-05-31","2026-06-01T05:39:43Z",98.3
"Josh","2026-06-08 09:32:42","2026-05-31","2026-06-01T05:40:43Z",98.2
"Josh","2026-06-08 09:32:42","2026-05-31","2026-06-01T05:41:43Z",98.2
"Josh","2026-06-08 09:32:42","2026-05-31","2026-06-01T05:42:43Z",98.1
"Josh","2026-06-08 09:32:42","2026-05-31","2026-06-01T05:43:43Z",98.1
"Josh","2026-06-08 09:32:42","2026-05-31","2026-06-01T05:44:43Z",98.1
"Josh","2026-06-08 09:32:42","2026-05-31","2026-06-01T05:45:43Z",98.0
"Josh","2026-06-08 09:32:42","2026-05-31","2026-06-01T05:46:43Z",98.0
"Josh","2026-06-08 09:32:42","2026-05-31","2026-06-01T05:47:43Z",97.9
"Josh","2026-06-08 09:32:42","2026-05-31","2026-06-01T05:48:43Z",97.9
"Josh","2026-06-08 09:32:42","2026-05-31","2026-06-01T05:49:43Z",97.8
"Josh","2026-06-08 09:32:42","2026-05-31","2026-06-01T05:50:43Z",97.8
"Josh","2026-06-08 09:32:42","2026-05-31","2026-06-01T05:51:43Z",97.7
"Josh","2026-06-08 09:32:42","2026-05-31","2026-06-01T05:52:43Z",97.6
"Josh","2026-06-08 09:32:42","2026-05-31","2026-06-01T05:53:43Z",97.5
"Josh","2026-06-08 09:32:42","2026-05-31","2026-06-01T05:54:43Z",97.4
"Josh","2026-06-08 09:32:42","2026-05-31","2026-06-01T05:55:43Z",97.4
"Josh","2026-06-08 09:32:42","2026-05-31","2026-06-01T05:56:43Z",97.4
"Josh","2026-06-08 09:32:42","2026-05-31","2026-06-01T05:57:43Z",97.3
"Josh","2026-06-08 09:32:42","2026-05-31","2026-06-01T05:58:43Z",97.3
"Josh","2026-06-08 09:32:42","2026-05-31","2026-06-01T05:59:43Z",97.1
"Josh","2026-06-08 09:32:42","2026-05-31","2026-06-01T06:00:43Z",97.2
"Josh","2026-06-08 09:32:42","2026-05-31","2026-06-01T06:01:43Z",96.8
"Josh","2026-06-08 09:32:42","2026-05-31","2026-06-01T06:02:43Z",96.9
"Josh","2026-06-08 09:32:42","2026-05-31","2026-06-01T06:03:43Z",97.0
"Josh","2026-06-08 09:32:42","2026-05-31","2026-06-01T06:04:43Z",97.0
"Josh","2026-06-08 09:32:42","2026-05-31","2026-06-01T06:05:43Z",97.0
"Josh","2026-06-08 09:32:42","2026-05-31","2026-06-01T06:06:43Z",97.1
"Josh","2026-06-08 09:32:42","2026-05-31","2026-06-01T06:07:43Z",97.0
"Josh","2026-06-08 09:32:42","2026-05-31","2026-06-01T06:08:43Z",97.0
"Josh","2026-06-08 09:32:42","2026-05-31","2026-06-01T06:09:43Z",97.0
"Josh","2026-06-08 09:32:42","2026-05-31","2026-06-01T06:10:43Z",97.1
"Josh","2026-06-08 09:32:42","2026-05-31","2026-06-01T06:11:43Z",97.2
"Josh","2026-06-08 09:32:42","2026-05-31","2026-06-01T06:12:43Z",97.2
"Josh","2026-06-08 09:32:42","2026-05-31","2026-06-01T06:13:43Z",97.3
"Josh","2026-06-08 09:32:42","2026-05-31","2026-06-01T06:14:43Z",97.4
"Josh","2026-06-08 09:32:42","2026-05-31","2026-06-01T06:15:43Z",97.4
"Josh","2026-06-08 09:32:42","2026-05-31","2026-06-01T06:16:43Z",97.5
"Josh","2026-06-08 09:32:42","2026-05-31","2026-06-01T06:17:43Z",97.6
"Josh","2026-06-08 09:32:42","2026-05-31","2026-06-01T06:18:43Z",97.6
"Josh","2026-06-08 09:32:42","2026-05-31","2026-06-01T06:19:43Z",97.7
"Josh","2026-06-08 09:32:42","2026-05-31","2026-06-01T06:20:43Z",97.7
"Josh","2026-06-08 09:32:42","2026-05-31","2026-06-01T06:21:43Z",50.0
"Josh","2026-06-08 09:32:42","2026-05-31","2026-06-01T06:22:43Z",97.8
"Josh","2026-06-08 09:32:42","2026-05-31","2026-06-01T06:23:43Z",97.9
"Josh","2026-06-08 09:32:42","2026-05-31","2026-06-01T06:24:43Z",97.9
"Josh","2026-06-08 09:32:42","2026-05-31","2026-06-01T06:25:43Z",98.0
"Josh","2026-06-08 09:32:42","2026-05-31","2026-06-01T06:26:43Z",98.0
"Josh","2026-06-08 09:32:42","2026-05-31","2026-06-01T06:27:43Z",98.0
"Josh","2026-06-08 09:32:42","2026-05-31","2026-06-01T06:28:43Z",98.1
"Josh","2026-06-08 09:32:42","2026-05-31","2026-06-01T06:29:43Z",98.1
"Josh","2026-06-08 09:32:42","2026-05-31","2026-06-01T06:30:43Z",98.2
"Josh","2026-06-08 09:32:42","2026-05-31","2026-06-01T06:31:43Z",98.2
"Josh","2026-06-08 09:32:42","2026-05-31","2026-06-01T06:32:43Z",98.3
"Josh","2026-06-08 09:32:42","2026-05-31","2026-06-01T06:33:43Z",98.4
"Josh","2026-06-08 09:32:42","2026-05-31","2026-06-01T06:34:43Z",98.4
"Josh","2026-06-08 09:32:42","2026-05-31","2026-06-01T06:35:43Z",98.5
"Josh","2026-06-08 09:32:42","2026-05-31","2026-06-01T06:36:43Z",98.7
"Josh","2026-06-08 09:32:42","2026-05-31","2026-06-01T06:37:43Z",98.6
"Josh","2026-06-08 09:32:42","2026-05-31","2026-06-01T06:38:43Z",98.7
"Josh","2026-06-08 09:32:42","2026-05-31","2026-06-01T06:39:43Z",98.7
"Josh","2026-06-08 09:32:42","2026-05-31","2026-06-01T06:40:43Z",98.7
"Josh","2026-06-08 09:32:42","2026-05-31","2026-06-01T06:41:43Z",98.7
"Josh","2026-06-08 09:32:42","2026-05-31","2026-06-01T06:42:43Z",98.6
"Josh","2026-06-08 09:32:42","2026-05-31","2026-06-01T06:43:43Z",98.7
"Josh","2026-06-08 09:32:42","2026-05-31","2026-06-01T06:44:43Z",98.7
"Josh","2026-06-08 09:32:42","2026-05-31","2026-06-01T06:45:43Z",98.6
"Josh","2026-06-08 09:32:42","2026-05-31","2026-06-01T06:46:43Z",98.7
"Josh","2026-06-08 09:32:42","2026-05-31","2026-06-01T06:47:43Z",98.7
"Josh","2026-06-08 09:32:42","2026-05-31","2026-06-01T06:48:43Z",98.7
"Josh","2026-06-08 09:32:42","2026-05-31","2026-06-01T06:49:43Z",98.8
"Josh","2026-06-08 09:32:42","2026-05-31","2026-06-01T06:50:43Z",98.8
"Josh","2026-06-08 09:32:42","2026-05-31","2026-06-01T06:51:43Z",98.8
"Josh","2026-06-08 09:32:42","2026-05-31","2026-06-01T06:52:43Z",98.8
"Josh","2026-06-08 09:32:42","2026-05-31","2026-06-01T06:53:43Z",98.8
"Josh","2026-06-08 09:32:42","2026-05-31","2026-06-01T06:54:43Z",98.7
"Josh","2026-06-08 09:32:42","2026-05-31","2026-06-01T06:55:43Z",98.7
"Josh","2026-06-08 09:32:42","2026-05-31","2026-06-01T06:56:43Z",98.6
"Josh","2026-06-08 09:32:42","2026-05-31","2026-06-01T06:57:43Z",98.6
"Josh","2026-06-08 09:32:42","2026-05-31","2026-06-01T06:58:43Z",98.7
"Josh","2026-06-08 09:32:42","2026-05-31","2026-06-01T06:59:43Z",98.8
"Josh","2026-06-08 09:32:42","2026-05-31","2026-06-01T07:00:43Z",98.7
"Josh","2026-06-08 09:32:42","2026-05-31","2026-06-01T07:01:43Z",98.7
"Josh","2026-06-08 09:32:42","2026-05-31","2026-06-01T07:02:43Z",98.6
"Josh","2026-06-08 09:32:42","2026-05-31","2026-06-01T07:03:43Z",98.6
"Josh","2026-06-08 09:32:42","2026-05-31","2026-06-01T07:04:43Z",98.5
"Josh","2026-06-08 09:32:42","2026-05-31","2026-06-01T07:05:43Z",98.5
"Josh","2026-06-08 09:32:42","2026-05-31","2026-06-01T07:06:43Z",98.4
"Josh","2026-06-08 09:32:42","2026-05-31","2026-06-01T07:07:43Z",98.4
"Josh","2026-06-08 09:32:42","2026-05-31","2026-06-01T07:08:43Z",98.3
"Josh","2026-06-08 09:32:42","2026-05-31","2026-06-01T07:09:43Z",98.3
"Josh","2026-06-08 09:32:42","2026-05-31","2026-06-01T07:10:43Z",98.2
"Josh","2026-06-08 09:32:42","2026-05-31","2026-06-01T07:11:43Z",98.2
"Josh","2026-06-08 09:32:42","2026-05-31","2026-06-01T07:12:43Z",98.2
"Josh","2026-06-08 09:32:42","2026-05-31","2026-06-01T07:13:43Z",98.1
"Josh","2026-06-08 09:32:42","2026-05-31","2026-06-01T07:14:43Z",98.1
"Josh","2026-06-08 09:32:42","2026-05-31","2026-06-01T07:15:43Z",98.0
"Josh","2026-06-08 09:32:42","2026-05-31","2026-06-01T07:16:43Z",98.0
"Josh","2026-06-08 09:32:42","2026-05-31","2026-06-01T07:17:43Z",97.9
"Josh","2026-06-08 09:32:42","2026-05-31","2026-06-01T07:18:43Z",97.9
"Josh","2026-06-08 09:32:42","2026-05-31","2026-06-01T07:19:43Z",97.8
"Josh","2026-06-08 09:32:42","2026-05-31","2026-06-01T07:20:43Z",97.8
"Josh","2026-06-08 09:32:42","2026-05-31","2026-06-01T07:21:43Z",97.7
"Josh","2026-06-08 09:32:42","2026-05-31","2026-06-01T07:22:43Z",97.6
"Josh","2026-06-08 09:32:42","2026-05-31","2026-06-01T07:23:43Z",97.4
"Josh","2026-06-08 09:32:42","2026-05-31","2026-06-01T07:24:43Z",97.4
"Josh","2026-06-08 09:32:42","2026-05-31","2026-06-01T07:25:43Z",97.3
"Josh","2026-06-08 09:32:42","2026-05-31","2026-06-01T07:26:43Z",97.1
"Josh","2026-06-08 09:32:42","2026-05-31","2026-06-01T07:27:43Z",97.1
"Josh","2026-06-08 09:32:42","2026-05-31","2026-06-01T07:28:43Z",97.0
"Josh","2026-06-08 09:32:42","2026-05-31","2026-06-01T07:29:43Z",97.0
"Josh","2026-06-08 09:32:42","2026-05-31","2026-06-01T07:30:43Z",97.0
"Josh","2026-06-08 09:32:42","2026-05-31","2026-06-01T07:31:43Z",97.0
"Josh","2026-06-08 09:32:42","2026-05-31","2026-06-01T07:32:43Z",97.0
"Josh","2026-06-08 09:32:42","2026-05-31","2026-06-01T07:33:43Z",96.9
"Josh","2026-06-08 09:32:42","2026-05-31","2026-06-01T07:34:43Z",96.9
"Josh","2026-06-08 09:32:42","2026-05-31","2026-06-01T07:35:43Z",96.9
"Josh","2026-06-08 09:32:42","2026-05-31","2026-06-01T07:36:43Z",97.0
"Josh","2026-06-08 09:32:42","2026-05-31","2026-06-01T07:37:43Z",97.0
"Josh","2026-06-08 09:32:42","2026-05-31","2026-06-01T07:38:43Z",97.0
"Josh","2026-06-08 09:32:42","2026-05-31","2026-06-01T07:39:43Z",97.1
"Josh","2026-06-08 09:32:42","2026-05-31","2026-06-01T07:40:43Z",97.2
"Josh","2026-06-08 09:32:42","2026-05-31","2026-06-01T07:41:43Z",97.2
"Josh","2026-06-08 09:32:42","2026-05-31","2026-06-01T07:42:43Z",97.3
"Josh","2026-06-08 09:32:42","2026-05-31","2026-06-01T07:43:43Z",97.4
"Josh","2026-06-08 09:32:42","2026-05-31","2026-06-01T07:44:43Z",97.4
"Josh","2026-06-08 09:32:42","2026-05-31","2026-06-01T07:45:43Z",97.5
"Josh","2026-06-08 09:32:42","2026-05-31","2026-06-01T07:46:43Z",97.5
"Josh","2026-06-08 09:32:42","2026-05-31","2026-06-01T07:47:43Z",97.6
"Josh","2026-06-08 09:32:42","2026-05-31","2026-06-01T07:48:43Z",97.6
"Josh","2026-06-08 09:32:42","2026-05-31","2026-06-01T07:49:43Z",97.7
"Josh","2026-06-08 09:32:42","2026-05-31","2026-06-01T07:50:43Z",97.7
"Josh","2026-06-08 09:32:42","2026-05-31","2026-06-01T07:51:43Z",97.8
"Josh","2026-06-08 09:32:42","2026-05-31","2026-06-01T07:52:43Z",97.8
"Josh","2026-06-08 09:32:42","2026-05-31","2026-06-01T07:53:43Z",97.9
"Josh","2026-06-08 09:32:42","2026-05-31","2026-06-01T07:54:43Z",97.9
"Josh","2026-06-08 09:32:42","2026-05-31","2026-06-01T07:55:43Z",98.0
"Josh","2026-06-08 09:32:42","2026-05-31","2026-06-01T07:56:43Z",98.0
"Josh","2026-06-08 09:32:42","2026-05-31","2026-06-01T07:57:43Z",98.0
"Josh","2026-06-08 09:32:42","2026-05-31","2026-06-01T07:58:43Z",98.1
"Josh","2026-06-08 09:32:42","2026-05-31","2026-06-01T07:59:43Z",98.1
"Josh","2026-06-08 09:32:42","2026-05-31","2026-06-01T08:00:43Z",98.2
"Josh","2026-06-08 09:32:42","2026-05-31","2026-06-01T08:01:43Z",98.2
"Josh","2026-06-08 09:32:42","2026-05-31","2026-06-01T08:02:43Z",98.3
"Josh","2026-06-08 09:32:42","2026-05-31","2026-06-01T08:03:43Z",98.3
"Josh","2026-06-08 09:32:42","2026-05-31","2026-06-01T08:04:43Z",98.4
"Josh","2026-06-08 09:32:42","2026-05-31","2026-06-01T08:05:43Z",98.5
"Josh","2026-06-08 09:32:42","2026-05-31","2026-06-01T08:06:43Z",98.6
"Josh","2026-06-08 09:32:42","2026-05-31","2026-06-01T08:07:43Z",98.6
"Josh","2026-06-08 09:32:42","2026-05-31","2026-06-01T08:08:43Z",98.7
"Josh","2026-06-08 09:32:42","2026-05-31","2026-06-01T08:09:43Z",98.7
"Josh","2026-06-08 09:32:42","2026-05-31","2026-06-01T08:10:43Z",98.7
"Josh","2026-06-08 09:32:42","2026-05-31","2026-06-01T08:11:43Z",98.7
"Josh","2026-06-08 09:32:42","2026-05-31","2026-06-01T08:12:43Z",98.7
"Josh","2026-06-08 09:32:42","2026-05-31","2026-06-01T08:13:43Z",98.7
"Josh","2026-06-08 09:32:42","2026-05-31","2026-06-01T08:14:43Z",98.7
"Josh","2026-06-09 09:02:07","2026-06-01","2026-06-01T22:29:06Z",98.3
"Josh","2026-06-09 09:02:07","2026-06-01","2026-06-01T22:30:06Z",98.3
"Josh","2026-06-09 09:02:07","2026-06-01","2026-06-01T22:31:06Z",98.3
"Josh","2026-06-09 09:02:07","2026-06-01","2026-06-01T22:32:06Z",98.3
"Josh","2026-06-09 09:02:07","2026-06-01","2026-06-01T22:33:06Z",98.3
"Josh","2026-06-09 09:02:07","2026-06-01","2026-06-01T22:34:06Z",98.3
"Josh","2026-06-09 09:02:07","2026-06-01","2026-06-01T22:35:06Z",98.3
"Josh","2026-06-09 09:02:07","2026-06-01","2026-06-01T22:36:06Z",98.3
"Josh","2026-06-09 09:02:07","2026-06-01","2026-06-01T22:37:06Z",98.3
"Josh","2026-06-09 09:02:07","2026-06-01","2026-06-01T22:38:06Z",98.3
"Josh","2026-06-09 09:02:07","2026-06-01","2026-06-01T22:39:06Z",98.3
"Josh","2026-06-09 09:02:07","2026-06-01","2026-06-01T22:40:06Z",98.3
"Josh","2026-06-09 09:02:07","2026-06-01","2026-06-01T22:41:06Z",98.3
"Josh","2026-06-09 09:02:07","2026-06-01","2026-06-01T22:42:06Z",98.2
"Josh","2026-06-09 09:02:07","2026-06-01","2026-06-01T22:43:06Z",98.2
"Josh","2026-06-09 09:02:07","2026-06-01","2026-06-01T22:44:06Z",98.2
"Josh","2026-06-09 09:02:07","2026-06-01","2026-06-01T22:45:06Z",98.3
"Josh","2026-06-09 09:02:07","2026-06-01","2026-06-01T22:46:06Z",98.3
"Josh","2026-06-09 09:02:07","2026-06-01","2026-06-01T22:47:06Z",98.3
"Josh","2026-06-09 09:02:07","2026-06-01","2026-06-01T22:48:06Z",98.3
"Josh","2026-06-09 09:02:07","2026-06-01","2026-06-01T22:49:06Z",98.3
"Josh","2026-06-09 09:02:07","2026-06-01","2026-06-01T22:50:06Z",98.3
"Josh","2026-06-09 09:02:07","2026-06-01","2026-06-01T22:51:06Z",98.4
"Josh","2026-06-09 09:02:07","2026-06-01","2026-06-01T22:52:06Z",98.4
"Josh","2026-06-09 09:02:07","2026-06-01","2026-06-01T22:53:06Z",98.4
"Josh","2026-06-09 09:02:07","2026-06-01","2026-06-01T22:54:06Z",98.4
"Josh","2026-06-09 09:02:07","2026-06-01","2026-06-01T22:55:06Z",98.4
"Josh","2026-06-09 09:02:07","2026-06-01","2026-06-01T22:56:06Z",98.6
"Josh","2026-06-09 09:02:07","2026-06-01","2026-06-01T22:57:06Z",98.7
"Josh","2026-06-09 09:02:07","2026-06-01","2026-06-01T22:58:06Z",98.7
"Josh","2026-06-09 09:02:07","2026-06-01","2026-06-01T22:59:06Z",98.7
"Josh","2026-06-09 09:02:07","2026-06-01","2026-06-01T23:00:06Z",98.6
"Josh","2026-06-09 09:02:07","2026-06-01","2026-06-01T23:01:06Z",98.7
"Josh","2026-06-09 09:02:07","2026-06-01","2026-06-01T23:02:06Z",98.7
"Josh","2026-06-09 09:02:07","2026-06-01","2026-06-01T23:03:06Z",98.8
"Josh","2026-06-09 09:02:07","2026-06-01","2026-06-01T23:04:06Z",98.8
"Josh","2026-06-09 09:02:07","2026-06-01","2026-06-01T23:05:06Z",98.7
"Josh","2026-06-09 09:02:07","2026-06-01","2026-06-01T23:06:06Z",98.6
"Josh","2026-06-09 09:02:07","2026-06-01","2026-06-01T23:07:06Z",98.6
"Josh","2026-06-09 09:02:07","2026-06-01","2026-06-01T23:08:06Z",98.5
"Josh","2026-06-09 09:02:07","2026-06-01","2026-06-01T23:09:06Z",98.6
"Josh","2026-06-09 09:02:07","2026-06-01","2026-06-01T23:10:06Z",98.6
"Josh","2026-06-09 09:02:07","2026-06-01","2026-06-01T23:11:06Z",98.6
"Josh","2026-06-09 09:02:07","2026-06-01","2026-06-01T23:12:06Z",98.5
"Josh","2026-06-09 09:02:07","2026-06-01","2026-06-01T23:13:06Z",98.6
"Josh","2026-06-09 09:02:07","2026-06-01","2026-06-01T23:14:06Z",98.7
"Josh","2026-06-09 09:02:07","2026-06-01","2026-06-01T23:15:06Z",98.8
"Josh","2026-06-09 09:02:07","2026-06-01","2026-06-01T23:16:06Z",98.8
"Josh","2026-06-09 09:02:07","2026-06-01","2026-06-01T23:17:06Z",98.9
"Josh","2026-06-09 09:02:07","2026-06-01","2026-06-01T23:18:06Z",98.9
"Josh","2026-06-09 09:02:07","2026-06-01","2026-06-01T23:19:06Z",98.9
"Josh","2026-06-09 09:02:07","2026-06-01","2026-06-01T23:20:06Z",98.8
"Josh","2026-06-09 09:02:07","2026-06-01","2026-06-01T23:21:06Z",98.7
"Josh","2026-06-09 09:02:07","2026-06-01","2026-06-01T23:22:06Z",98.6
"Josh","2026-06-09 09:02:07","2026-06-01","2026-06-01T23:23:06Z",98.6
"Josh","2026-06-09 09:02:07","2026-06-01","2026-06-01T23:24:06Z",98.5
"Josh","2026-06-09 09:02:07","2026-06-01","2026-06-01T23:25:06Z",98.5
"Josh","2026-06-09 09:02:07","2026-06-01","2026-06-01T23:26:06Z",98.4
"Josh","2026-06-09 09:02:07","2026-06-01","2026-06-01T23:27:06Z",98.4
"Josh","2026-06-09 09:02:07","2026-06-01","2026-06-01T23:28:06Z",98.3
"Josh","2026-06-09 09:02:07","2026-06-01","2026-06-01T23:29:06Z",98.3
"Josh","2026-06-09 09:02:07","2026-06-01","2026-06-01T23:30:06Z",50.0
"Josh","2026-06-09 09:02:07","2026-06-01","2026-06-01T23:31:06Z",98.2
"Josh","2026-06-09 09:02:07","2026-06-01","2026-06-01T23:32:06Z",98.1
"Josh","2026-06-09 09:02:07","2026-06-01","2026-06-01T23:33:06Z",98.1
"Josh","2026-06-09 09:02:07","2026-06-01","2026-06-01T23:34:06Z",98.0
"Josh","2026-06-09 09:02:07","2026-06-01","2026-06-01T23:35:06Z",98.0
"Josh","2026-06-09 09:02:07","2026-06-01","2026-06-01T23:36:06Z",97.9
"Josh","2026-06-09 09:02:07","2026-06-01","2026-06-01T23:37:06Z",97.9
"Josh","2026-06-09 09:02:07","2026-06-01","2026-06-01T23:38:06Z",97.8
"Josh","2026-06-09 09:02:07","2026-06-01","2026-06-01T23:39:06Z",97.8
"Josh","2026-06-09 09:02:07","2026-06-01","2026-06-01T23:40:06Z",97.7
"Josh","2026-06-09 09:02:07","2026-06-01","2026-06-01T23:41:06Z",97.6
"Josh","2026-06-09 09:02:07","2026-06-01","2026-06-01T23:42:06Z",97.5
"Josh","2026-06-09 09:02:07","2026-06-01","2026-06-01T23:43:06Z",97.5
"Josh","2026-06-09 09:02:07","2026-06-01","2026-06-01T23:44:06Z",97.4
"Josh","2026-06-09 09:02:07","2026-06-01","2026-06-01T23:45:06Z",97.2
"Josh","2026-06-09 09:02:07","2026-06-01","2026-06-01T23:46:06Z",97.2
"Josh","2026-06-09 09:02:07","2026-06-01","2026-06-01T23:47:06Z",97.2
"Josh","2026-06-09 09:02:07","2026-06-01","2026-06-01T23:48:06Z",97.2
"Josh","2026-06-09 09:02:07","2026-06-01","2026-06-01T23:49:06Z",97.1
"Josh","2026-06-09 09:02:07","2026-06-01","2026-06-01T23:50:06Z",97.1
"Josh","2026-06-09 09:02:07","2026-06-01","2026-06-01T23:51:06Z",96.9
"Josh","2026-06-09 09:02:07","2026-06-01","2026-06-01T23:52:06Z",97.0
"Josh","2026-06-09 09:02:07","2026-06-01","2026-06-01T23:53:06Z",97.0
"Josh","2026-06-09 09:02:07","2026-06-01","2026-06-01T23:54:06Z",96.9
"Josh","2026-06-09 09:02:07","2026-06-01","2026-06-01T23:55:06Z",97.0
"Josh","2026-06-09 09:02:07","2026-06-01","2026-06-01T23:56:06Z",97.0
"Josh","2026-06-09 09:02:07","2026-06-01","2026-06-01T23:57:06Z",97.0
"Josh","2026-06-09 09:02:07","2026-06-01","2026-06-01T23:58:06Z",97.0
"Josh","2026-06-09 09:02:07","2026-06-01","2026-06-01T23:59:06Z",97.1
"Josh","2026-06-09 09:02:07","2026-06-01","2026-06-02T00:00:06Z",97.2
"Josh","2026-06-09 09:02:07","2026-06-01","2026-06-02T00:01:06Z",97.3
"Josh","2026-06-09 09:02:07","2026-06-01","2026-06-02T00:02:06Z",97.3
"Josh","2026-06-09 09:02:07","2026-06-01","2026-06-02T00:03:06Z",97.4
"Josh","2026-06-09 09:02:07","2026-06-01","2026-06-02T00:04:06Z",97.5
"Josh","2026-06-09 09:02:07","2026-06-01","2026-06-02T00:05:06Z",97.5
"Josh","2026-06-09 09:02:07","2026-06-01","2026-06-02T00:06:06Z",97.6
"Josh","2026-06-09 09:02:07","2026-06-01","2026-06-02T00:07:06Z",50.0
"Josh","2026-06-09 09:02:07","2026-06-01","2026-06-02T00:08:06Z",97.7
"Josh","2026-06-09 09:02:07","2026-06-01","2026-06-02T00:09:06Z",97.7
"Josh","2026-06-09 09:02:07","2026-06-01","2026-06-02T00:10:06Z",97.8
"Josh","2026-06-09 09:02:07","2026-06-01","2026-06-02T00:11:06Z",97.8
"Josh","2026-06-09 09:02:07","2026-06-01","2026-06-02T00:12:06Z",97.9
"Josh","2026-06-09 09:02:07","2026-06-01","2026-06-02T00:13:06Z",97.9
"Josh","2026-06-09 09:02:07","2026-06-01","2026-06-02T00:14:06Z",98.0
"Josh","2026-06-09 09:02:07","2026-06-01","2026-06-02T00:15:06Z",98.0
"Josh","2026-06-09 09:02:07","2026-06-01","2026-06-02T00:16:06Z",98.0
"Josh","2026-06-09 09:02:07","2026-06-01","2026-06-02T00:17:06Z",98.1
"Josh","2026-06-09 09:02:07","2026-06-01","2026-06-02T00:18:06Z",98.1
"Josh","2026-06-09 09:02:07","2026-06-01","2026-06-02T00:19:06Z",98.2
"Josh","2026-06-09 09:02:07","2026-06-01","2026-06-02T00:20:06Z",98.2
"Josh","2026-06-09 09:02:07","2026-06-01","2026-06-02T00:21:06Z",98.3
"Josh","2026-06-09 09:02:07","2026-06-01","2026-06-02T00:22:06Z",98.3
"Josh","2026-06-09 09:02:07","2026-06-01","2026-06-02T00:23:06Z",98.3
"Josh","2026-06-09 09:02:07","2026-06-01","2026-06-02T00:24:06Z",98.3
"Josh","2026-06-09 09:02:07","2026-06-01","2026-06-02T00:25:06Z",98.3
"Josh","2026-06-09 09:02:07","2026-06-01","2026-06-02T00:26:06Z",98.4
"Josh","2026-06-09 09:02:07","2026-06-01","2026-06-02T00:27:06Z",98.5
"Josh","2026-06-09 09:02:07","2026-06-01","2026-06-02T00:28:06Z",98.4
"Josh","2026-06-09 09:02:07","2026-06-01","2026-06-02T00:29:06Z",98.5
"Josh","2026-06-09 09:02:07","2026-06-01","2026-06-02T00:30:06Z",98.6
"Josh","2026-06-09 09:02:07","2026-06-01","2026-06-02T00:31:06Z",98.5
"Josh","2026-06-09 09:02:07","2026-06-01","2026-06-02T00:32:06Z",98.5
"Josh","2026-06-09 09:02:07","2026-06-01","2026-06-02T00:33:06Z",50.0
"Josh","2026-06-09 09:02:07","2026-06-01","2026-06-02T00:34:06Z",98.5
"Josh","2026-06-09 09:02:07","2026-06-01","2026-06-02T00:35:06Z",98.6
"Josh","2026-06-09 09:02:07","2026-06-01","2026-06-02T00:36:06Z",98.6
"Josh","2026-06-09 09:02:07","2026-06-01","2026-06-02T00:37:06Z",98.6
"Josh","2026-06-09 09:02:07","2026-06-01","2026-06-02T00:38:06Z",98.7
"Josh","2026-06-09 09:02:07","2026-06-01","2026-06-02T00:39:06Z",98.7
"Josh","2026-06-09 09:02:07","2026-06-01","2026-06-02T00:40:06Z",98.8
"Josh","2026-06-09 09:02:07","2026-06-01","2026-06-02T00:41:06Z",98.8
"Josh","2026-06-09 09:02:07","2026-06-01","2026-06-02T00:42:06Z",98.7
"Josh","2026-06-09 09:02:07","2026-06-01","2026-06-02T00:43:06Z",98.6
"Josh","2026-06-09 09:02:07","2026-06-01","2026-06-02T00:44:06Z",98.7
"Josh","2026-06-09 09:02:07","2026-06-01","2026-06-02T00:45:06Z",98.8
"Josh","2026-06-09 09:02:07","2026-06-01","2026-06-02T00:46:06Z",98.7
"Josh","2026-06-09 09:02:07","2026-06-01","2026-06-02T00:47:06Z",98.8
"Josh","2026-06-09 09:02:07","2026-06-01","2026-06-02T00:48:06Z",98.7
"Josh","2026-06-09 09:02:07","2026-06-01","2026-06-02T00:49:06Z",98.7
"Josh","2026-06-09 09:02:07","2026-06-01","2026-06-02T00:50:06Z",98.6
"Josh","2026-06-09 09:02:07","2026-06-01","2026-06-02T00:51:06Z",98.6
"Josh","2026-06-09 09:02:07","2026-06-01","2026-06-02T00:52:06Z",98.5
"Josh","2026-06-09 09:02:07","2026-06-01","2026-06-02T00:53:06Z",98.5
"Josh","2026-06-09 09:02:07","2026-06-01","2026-06-02T00:54:06Z",98.4
"Josh","2026-06-09 09:02:07","2026-06-01","2026-06-02T00:55:06Z",98.4
"Josh","2026-06-09 09:02:07","2026-06-01","2026-06-02T00:56:06Z",98.4
"Josh","2026-06-09 09:02:07","2026-06-01","2026-06-02T00:57:06Z",98.3
"Josh","2026-06-09 09:02:07","2026-06-01","2026-06-02T00:58:06Z",98.3
"Josh","2026-06-09 09:02:07","2026-06-01","2026-06-02T00:59:06Z",98.2
"Josh","2026-06-09 09:02:07","2026-06-01","2026-06-02T01:00:06Z",98.2
"Josh","2026-06-09 09:02:07","2026-06-01","2026-06-02T01:01:06Z",98.1
"Josh","2026-06-09 09:02:07","2026-06-01","2026-06-02T01:02:06Z",98.1
"Josh","2026-06-09 09:02:07","2026-06-01","2026-06-02T01:03:06Z",98.1
"Josh","2026-06-09 09:02:07","2026-06-01","2026-06-02T01:04:06Z",98.0
"Josh","2026-06-09 09:02:07","2026-06-01","2026-06-02T01:05:06Z",98.0
"Josh","2026-06-09 09:02:07","2026-06-01","2026-06-02T01:06:06Z",97.9
"Josh","2026-06-09 09:02:07","2026-06-01","2026-06-02T01:07:06Z",97.9
"Josh","2026-06-09 09:02:07","2026-06-01","2026-06-02T01:08:06Z",97.8
"Josh","2026-06-09 09:02:07","2026-06-01","2026-06-02T01:09:06Z",97.8
"Josh","2026-06-09 09:02:07","2026-06-01","2026-06-02T01:10:06Z",97.7
"Josh","2026-06-09 09:02:07","2026-06-01","2026-06-02T01:11:06Z",97.7
"Josh","2026-06-09 09:02:07","2026-06-01","2026-06-02T01:12:06Z",97.6
"Josh","2026-06-09 09:02:07","2026-06-01","2026-06-02T01:13:06Z",97.4
"Josh","2026-06-09 09:02:07","2026-06-01","2026-06-02T01:14:06Z",97.3
"Josh","2026-06-09 09:02:07","2026-06-01","2026-06-02T01:15:06Z",97.3
"Josh","2026-06-09 09:02:07","2026-06-01","2026-06-02T01:16:06Z",97.2
"Josh","2026-06-09 09:02:07","2026-06-01","2026-06-02T01:17:06Z",97.1
"Josh","2026-06-09 09:02:07","2026-06-01","2026-06-02T01:18:06Z",97.0
"Josh","2026-06-09 09:02:07","2026-06-01","2026-06-02T01:19:06Z",97.0
"Josh","2026-06-09 09:02:07","2026-06-01","2026-06-02T01:20:06Z",97.1
"Josh","2026-06-09 09:02:07","2026-06-01","2026-06-02T01:21:06Z",97.1
"Josh","2026-06-09 09:02:07","2026-06-01","2026-06-02T01:22:06Z",97.1
"Josh","2026-06-09 09:02:07","2026-06-01","2026-06-02T01:23:06Z",97.0
"Josh","2026-06-09 09:02:07","2026-06-01","2026-06-02T01:24:06Z",97.0
"Josh","2026-06-09 09:02:07","2026-06-01","2026-06-02T01:25:06Z",97.0
"Josh","2026-06-09 09:02:07","2026-06-01","2026-06-02T01:26:06Z",97.1
"Josh","2026-06-09 09:02:07","2026-06-01","2026-06-02T01:27:06Z",97.0
"Josh","2026-06-09 09:02:07","2026-06-01","2026-06-02T01:28:06Z",97.0
"Josh","2026-06-09 09:02:07","2026-06-01","2026-06-02T01:29:06Z",97.1
"Josh","2026-06-09 09:02:07","2026-06-01","2026-06-02T01:30:06Z",97.2
"Josh","2026-06-09 09:02:07","2026-06-01","2026-06-02T01:31:06Z",97.2
"Josh","2026-06-09 09:02:07","2026-06-01","2026-06-02T01:32:06Z",97.3
"Josh","2026-06-09 09:02:07","2026-06-01","2026-06-02T01:33:06Z",97.4
"Josh","2026-06-09 09:02:07","2026-06-01","2026-06-02T01:34:06Z",97.4
"Josh","2026-06-09 09:02:07","2026-06-01","2026-06-02T01:35:06Z",97.5
"Josh","2026-06-09 09:02:07","2026-06-01","2026-06-02T01:36:06Z",97.6
"Josh","2026-06-09 09:02:07","2026-06-01","2026-06-02T01:37:06Z",97.6
"Josh","2026-06-09 09:02:07","2026-06-01","2026-06-02T01:38:06Z",97.7
"Josh","2026-06-09 09:02:07","2026-06-01","2026-06-02T01:39:06Z",97.7
"Josh","2026-06-09 09:02:07","2026-06-01","2026-06-02T01:40:06Z",97.8
"Josh","2026-06-09 09:02:07","2026-06-01","2026-06-02T01:41:06Z",97.8
"Josh","2026-06-09 09:02:07","2026-06-01","2026-06-02T01:42:06Z",97.9
"Josh","2026-06-09 09:02:07","2026-06-01","2026-06-02T01:43:06Z",97.9
"Josh","2026-06-09 09:02:07","2026-06-01","2026-06-02T01:44:06Z",98.0
"Josh","2026-06-09 09:02:07","2026-06-01","2026-06-02T01:45:06Z",98.0
"Josh","2026-06-09 09:02:07","2026-06-01","2026-06-02T01:46:06Z",98.0
"Josh","2026-06-09 09:02:07","2026-06-01","2026-06-02T01:47:06Z",98.1
"Josh","2026-06-09 09:02:07","2026-06-01","2026-06-02T01:48:06Z",98.1
"Josh","2026-06-09 09:02:07","2026-06-01","2026-06-02T01:49:06Z",98.2
"Josh","2026-06-09 09:02:07","2026-06-01","2026-06-02T01:50:06Z",98.2
"Josh","2026-06-09 09:02:07","2026-06-01","2026-06-02T01:51:06Z",98.3
"Josh","2026-06-09 09:02:07","2026-06-01","2026-06-02T01:52:06Z",98.5
"Josh","2026-06-09 09:02:07","2026-06-01","2026-06-02T01:53:06Z",98.4
"Josh","2026-06-09 09:02:07","2026-06-01","2026-06-02T01:54:06Z",98.5
"Josh","2026-06-09 09:02:07","2026-06-01","2026-06-02T01:55:06Z",98.7
"Josh","2026-06-09 09:02:07","2026-06-01","2026-06-02T01:56:06Z",98.6
"Josh","2026-06-09 09:02:07","2026-06-01","2026-06-02T01:57:06Z",98.7
"Josh","2026-06-09 09:02:07","2026-06-01","2026-06-02T01:58:06Z",98.8
"Josh","2026-06-09 09:02:07","2026-06-01","2026-06-02T01:59:06Z",98.7
"Josh","2026-06-09 09:02:07","2026-06-01","2026-06-02T02:00:06Z",98.7
"Josh","2026-06-09 09:02:07","2026-06-01","2026-06-02T02:01:06Z",98.6
"Josh","2026-06-09 09:02:07","2026-06-01","2026-06-02T02:02:06Z",98.7
"Josh","2026-06-09 09:02:07","2026-06-01","2026-06-02T02:03:06Z",98.7
"Josh","2026-06-09 09:02:07","2026-06-01","2026-06-02T02:04:06Z",98.8
"Josh","2026-06-09 09:02:07","2026-06-01","2026-06-02T02:05:06Z",98.8
"Josh","2026-06-09 09:02:07","2026-06-01","2026-06-02T02:06:06Z",98.9
"Josh","2026-06-09 09:02:07","2026-06-01","2026-06-02T02:07:06Z",98.9
"Josh","2026-06-09 09:02:07","2026-06-01","2026-06-02T02:08:06Z",99.0
"Josh","2026-06-09 09:02:07","2026-06-01","2026-06-02T02:09:06Z",98.9
"Josh","2026-06-09 09:02:07","2026-06-01","2026-06-02T02:10:06Z",98.9
"Josh","2026-06-09 09:02:07","2026-06-01","2026-06-02T02:11:06Z",98.8
"Josh","2026-06-09 09:02:07","2026-06-01","2026-06-02T02:12:06Z",98.8
"Josh","2026-06-09 09:02:07","2026-06-01","2026-06-02T02:13:06Z",98.8
"Josh","2026-06-09 09:02:07","2026-06-01","2026-06-02T02:14:06Z",98.9
"Josh","2026-06-09 09:02:07","2026-06-01","2026-06-02T02:15:06Z",98.9
"Josh","2026-06-09 09:02:07","2026-06-01","2026-06-02T02:16:06Z",98.9
"Josh","2026-06-09 09:02:07","2026-06-01","2026-06-02T02:17:06Z",98.8
"Josh","2026-06-09 09:02:07","2026-06-01","2026-06-02T02:18:06Z",98.8
"Josh","2026-06-09 09:02:07","2026-06-01","2026-06-02T02:19:06Z",98.7
"Josh","2026-06-09 09:02:07","2026-06-01","2026-06-02T02:20:06Z",98.7
"Josh","2026-06-09 09:02:07","2026-06-01","2026-06-02T02:21:06Z",98.6
"Josh","2026-06-09 09:02:07","2026-06-01","2026-06-02T02:22:06Z",98.6
"Josh","2026-06-09 09:02:07","2026-06-01","2026-06-02T02:23:06Z",98.5
"Josh","2026-06-09 09:02:07","2026-06-01","2026-06-02T02:24:06Z",98.5
"Josh","2026-06-09 09:02:07","2026-06-01","2026-06-02T02:25:06Z",98.4
"Josh","2026-06-09 09:02:07","2026-06-01","2026-06-02T02:26:06Z",98.4
"Josh","2026-06-09 09:02:07","2026-06-01","2026-06-02T02:27:06Z",98.3
"Josh","2026-06-09 09:02:07","2026-06-01","2026-06-02T02:28:06Z",98.3
"Josh","2026-06-09 09:02:07","2026-06-01","2026-06-02T02:29:06Z",98.0
"Josh","2026-06-09 09:02:07","2026-06-01","2026-06-02T02:30:06Z",98.0
"Josh","2026-06-09 09:02:07","2026-06-01","2026-06-02T02:31:06Z",98.0
"Josh","2026-06-09 09:02:07","2026-06-01","2026-06-02T02:32:06Z",98.0
"Josh","2026-06-09 09:02:07","2026-06-01","2026-06-02T02:33:06Z",97.9
"Josh","2026-06-09 09:02:07","2026-06-01","2026-06-02T02:34:06Z",97.9
"Josh","2026-06-09 09:02:07","2026-06-01","2026-06-02T02:35:06Z",97.9
"Josh","2026-06-09 09:02:07","2026-06-01","2026-06-02T02:36:06Z",97.9
"Josh","2026-06-09 09:02:07","2026-06-01","2026-06-02T02:37:06Z",97.8
"Josh","2026-06-09 09:02:07","2026-06-01","2026-06-02T02:38:06Z",97.8
"Josh","2026-06-09 09:02:07","2026-06-01","2026-06-02T02:39:06Z",97.8
"Josh","2026-06-09 09:02:07","2026-06-01","2026-06-02T02:40:06Z",97.7
"Josh","2026-06-09 09:02:07","2026-06-01","2026-06-02T02:41:06Z",97.6
"Josh","2026-06-09 09:02:07","2026-06-01","2026-06-02T02:42:06Z",97.4
"Josh","2026-06-09 09:02:07","2026-06-01","2026-06-02T02:43:06Z",97.3
"Josh","2026-06-09 09:02:07","2026-06-01","2026-06-02T02:44:06Z",97.2
"Josh","2026-06-09 09:02:07","2026-06-01","2026-06-02T02:45:06Z",97.1
"Josh","2026-06-09 09:02:07","2026-06-01","2026-06-02T02:46:06Z",97.0
"Josh","2026-06-09 09:02:07","2026-06-01","2026-06-02T02:47:06Z",97.1
"Josh","2026-06-09 09:02:07","2026-06-01","2026-06-02T02:48:06Z",97.0
"Josh","2026-06-09 09:02:07","2026-06-01","2026-06-02T02:49:06Z",97.0
"Josh","2026-06-09 09:02:07","2026-06-01","2026-06-02T02:50:06Z",97.0
"Josh","2026-06-09 09:02:07","2026-06-01","2026-06-02T02:51:06Z",96.9
"Josh","2026-06-09 09:02:07","2026-06-01","2026-06-02T02:52:06Z",96.8
"Josh","2026-06-09 09:02:07","2026-06-01","2026-06-02T02:53:06Z",96.9
"Josh","2026-06-09 09:02:07","2026-06-01","2026-06-02T02:54:06Z",96.9
"Josh","2026-06-09 09:02:07","2026-06-01","2026-06-02T02:55:06Z",96.9
"Josh","2026-06-09 09:02:07","2026-06-01","2026-06-02T02:56:06Z",97.0
"Josh","2026-06-09 09:02:07","2026-06-01","2026-06-02T02:57:06Z",97.0
"Josh","2026-06-09 09:02:07","2026-06-01","2026-06-02T02:58:06Z",97.0
"Josh","2026-06-09 09:02:07","2026-06-01","2026-06-02T02:59:06Z",97.1
"Josh","2026-06-09 09:02:07","2026-06-01","2026-06-02T03:00:06Z",97.1
"Josh","2026-06-09 09:02:07","2026-06-01","2026-06-02T03:01:06Z",97.2
"Josh","2026-06-09 09:02:07","2026-06-01","2026-06-02T03:02:06Z",97.3
"Josh","2026-06-09 09:02:07","2026-06-01","2026-06-02T03:03:06Z",50.0
"Josh","2026-06-09 09:02:07","2026-06-01","2026-06-02T03:04:06Z",97.4
"Josh","2026-06-09 09:02:07","2026-06-01","2026-06-02T03:05:06Z",97.5
"Josh","2026-06-09 09:02:07","2026-06-01","2026-06-02T03:06:06Z",97.5
"Josh","2026-06-09 09:02:07","2026-06-01","2026-06-02T03:07:06Z",97.6
"Josh","2026-06-09 09:02:07","2026-06-01","2026-06-02T03:08:06Z",97.7
"Josh","2026-06-09 09:02:07","2026-06-01","2026-06-02T03:09:06Z",97.7
"Josh","2026-06-09 09:02:07","2026-06-01","2026-06-02T03:10:06Z",97.8
"Josh","2026-06-09 09:02:07","2026-06-01","2026-06-02T03:11:06Z",97.8
"Josh","2026-06-09 09:02:07","2026-06-01","2026-06-02T03:12:06Z",97.9
"Josh","2026-06-09 09:02:07","2026-06-01","2026-06-02T03:13:06Z",97.9
"Josh","2026-06-09 09:02:07","2026-06-01","2026-06-02T03:14:06Z",98.0
"Josh","2026-06-09 09:02:07","2026-06-01","2026-06-02T03:15:06Z",98.0
"Josh","2026-06-09 09:02:07","2026-06-01","2026-06-02T03:16:06Z",98.0
"Josh","2026-06-09 09:02:07","2026-06-01","2026-06-02T03:17:06Z",98.1
"Josh","2026-06-09 09:02:07","2026-06-01","2026-06-02T03:18:06Z",98.1
"Josh","2026-06-09 09:02:07","2026-06-01","2026-06-02T03:19:06Z",98.2
"Josh","2026-06-09 09:02:07","2026-06-01","2026-06-02T03:20:06Z",98.2
"Josh","2026-06-09 09:02:07","2026-06-01","2026-06-02T03:21:06Z",98.3
"Josh","2026-06-09 09:02:07","2026-06-01","2026-06-02T03:22:06Z",98.4
"Josh","2026-06-09 09:02:07","2026-06-01","2026-06-02T03:23:06Z",98.4
"Josh","2026-06-09 09:02:07","2026-06-01","2026-06-02T03:24:06Z",98.4
"Josh","2026-06-09 09:02:07","2026-06-01","2026-06-02T03:25:06Z",98.5
"Josh","2026-06-09 09:02:07","2026-06-01","2026-06-02T03:26:06Z",98.6
"Josh","2026-06-09 09:02:07","2026-06-01","2026-06-02T03:27:06Z",98.6
"Josh","2026-06-09 09:02:07","2026-06-01","2026-06-02T03:28:06Z",98.7
"Josh","2026-06-09 09:02:07","2026-06-01","2026-06-02T03:29:06Z",98.7
"Josh","2026-06-09 09:02:07","2026-06-01","2026-06-02T03:30:06Z",98.8
"Josh","2026-06-09 09:02:07","2026-06-01","2026-06-02T03:31:06Z",98.7
"Josh","2026-06-09 09:02:07","2026-06-01","2026-06-02T03:32:06Z",98.6
"Josh","2026-06-09 09:02:07","2026-06-01","2026-06-02T03:33:06Z",98.7
"Josh","2026-06-09 09:02:07","2026-06-01","2026-06-02T03:34:06Z",98.7
"Josh","2026-06-09 09:02:07","2026-06-01","2026-06-02T03:35:06Z",98.7
"Josh","2026-06-09 09:02:07","2026-06-01","2026-06-02T03:36:06Z",98.7
"Josh","2026-06-09 09:02:07","2026-06-01","2026-06-02T03:37:06Z",98.7
"Josh","2026-06-09 09:02:07","2026-06-01","2026-06-02T03:38:06Z",98.8
"Josh","2026-06-09 09:02:07","2026-06-01","2026-06-02T03:39:06Z",98.7
"Josh","2026-06-09 09:02:07","2026-06-01","2026-06-02T03:40:06Z",98.7
"Josh","2026-06-09 09:02:07","2026-06-01","2026-06-02T03:41:06Z",98.8
"Josh","2026-06-09 09:02:07","2026-06-01","2026-06-02T03:42:06Z",98.8
"Josh","2026-06-09 09:02:07","2026-06-01","2026-06-02T03:43:06Z",98.8
"Josh","2026-06-09 09:02:07","2026-06-01","2026-06-02T03:44:06Z",98.8
"Josh","2026-06-09 09:02:07","2026-06-01","2026-06-02T03:45:06Z",98.8
"Josh","2026-06-09 09:02:07","2026-06-01","2026-06-02T03:46:06Z",98.8
"Josh","2026-06-09 09:02:07","2026-06-01","2026-06-02T03:47:06Z",98.9
"Josh","2026-06-09 09:02:07","2026-06-01","2026-06-02T03:48:06Z",98.8
"Josh","2026-06-09 09:02:07","2026-06-01","2026-06-02T03:49:06Z",98.7
"Josh","2026-06-09 09:02:07","2026-06-01","2026-06-02T03:50:06Z",98.7
"Josh","2026-06-09 09:02:07","2026-06-01","2026-06-02T03:51:06Z",98.6
"Josh","2026-06-09 09:02:07","2026-06-01","2026-06-02T03:52:06Z",98.6
"Josh","2026-06-09 09:02:07","2026-06-01","2026-06-02T03:53:06Z",98.5
"Josh","2026-06-09 09:02:07","2026-06-01","2026-06-02T03:54:06Z",98.5
"Josh","2026-06-09 09:02:07","2026-06-01","2026-06-02T03:55:06Z",98.4
"Josh","2026-06-09 09:02:07","2026-06-01","2026-06-02T03:56:06Z",98.4
"Josh","2026-06-09 09:02:07","2026-06-01","2026-06-02T03:57:06Z",98.3
"Josh","2026-06-09 09:02:07","2026-06-01","2026-06-02T03:58:06Z",98.3
"Josh","2026-06-09 09:02:07","2026-06-01","2026-06-02T03:59:06Z",98.2
"Josh","2026-06-09 09:02:07","2026-06-01","2026-06-02T04:00:06Z",98.2
"Josh","2026-06-09 09:02:07","2026-06-01","2026-06-02T04:01:06Z",98.2
"Josh","2026-06-09 09:02:07","2026-06-01","2026-06-02T04:02:06Z",98.1
"Josh","2026-06-09 09:02:07","2026-06-01","2026-06-02T04:03:06Z",98.1
"Josh","2026-06-09 09:02:07","2026-06-01","2026-06-02T04:04:06Z",98.0
"Josh","2026-06-09 09:02:07","2026-06-01","2026-06-02T04:05:06Z",98.0
"Josh","2026-06-09 09:02:07","2026-06-01","2026-06-02T04:06:06Z",97.9
"Josh","2026-06-09 09:02:07","2026-06-01","2026-06-02T04:07:06Z",97.9
"Josh","2026-06-09 09:02:07","2026-06-01","2026-06-02T04:08:06Z",97.8
"Josh","2026-06-09 09:02:07","2026-06-01","2026-06-02T04:09:06Z",97.8
"Josh","2026-06-09 09:02:07","2026-06-01","2026-06-02T04:10:06Z",97.7
"Josh","2026-06-09 09:02:07","2026-06-01","2026-06-02T04:11:06Z",97.7
"Josh","2026-06-09 09:02:07","2026-06-01","2026-06-02T04:12:06Z",97.5
"Josh","2026-06-09 09:02:07","2026-06-01","2026-06-02T04:13:06Z",97.4
"Josh","2026-06-09 09:02:07","2026-06-01","2026-06-02T04:14:06Z",97.4
"Josh","2026-06-09 09:02:07","2026-06-01","2026-06-02T04:15:06Z",97.3
"Josh","2026-06-09 09:02:07","2026-06-01","2026-06-02T04:16:06Z",97.2
"Josh","2026-06-09 09:02:07","2026-06-01","2026-06-02T04:17:06Z",97.2
"Josh","2026-06-09 09:02:07","2026-06-01","2026-06-02T04:18:06Z",97.1
"Josh","2026-06-09 09:02:07","2026-06-01","2026-06-02T04:19:06Z",97.0
"Josh","2026-06-09 09:02:07","2026-06-01","2026-06-02T04:20:06Z",97.0
"Josh","2026-06-09 09:02:07","2026-06-01","2026-06-02T04:21:06Z",97.0
"Josh","2026-06-09 09:02:07","2026-06-01","2026-06-02T04:22:06Z",97.0
"Josh","2026-06-09 09:02:07","2026-06-01","2026-06-02T04:23:06Z",97.0
"Josh","2026-06-09 09:02:07","2026-06-01","2026-06-02T04:24:06Z",97.0
"Josh","2026-06-09 09:02:07","2026-06-01","2026-06-02T04:25:06Z",97.0
"Josh","2026-06-09 09:02:07","2026-06-01","2026-06-02T04:26:06Z",97.0
"Josh","2026-06-09 09:02:07","2026-06-01","2026-06-02T04:27:06Z",50.0
"Josh","2026-06-09 09:02:07","2026-06-01","2026-06-02T04:28:06Z",97.0
"Josh","2026-06-09 09:02:07","2026-06-01","2026-06-02T04:29:06Z",97.1
"Josh","2026-06-09 09:02:07","2026-06-01","2026-06-02T04:30:06Z",97.2
"Josh","2026-06-09 09:02:07","2026-06-01","2026-06-02T04:31:06Z",97.2
"Josh","2026-06-09 09:02:07","2026-06-01","2026-06-02T04:32:06Z",97.3
"Josh","2026-06-09 09:02:07","2026-06-01","2026-06-02T04:33:06Z",97.4
"Josh","2026-06-09 09:02:07","2026-06-01","2026-06-02T04:34:06Z",97.4
"Josh","2026-06-09 09:02:07","2026-06-01","2026-06-02T04:35:06Z",97.5
"Josh","2026-06-09 09:02:07","2026-06-01","2026-06-02T04:36:06Z",97.6
"Josh","2026-06-09 09:02:07","2026-06-01","2026-06-02T04:37:06Z",97.6
"Josh","2026-06-09 09:02:07","2026-06-01","2026-06-02T04:38:06Z",97.7
"Josh","2026-06-09 09:02:07","2026-06-01","2026-06-02T04:39:06Z",97.7
"Josh","2026-06-09 09:02:07","2026-06-01","2026-06-02T04:40:06Z",97.8
"Josh","2026-06-09 09:02:07","2026-06-01","2026-06-02T04:41:06Z",97.8
"Josh","2026-06-09 09:02:07","2026-06-01","2026-06-02T04:42:06Z",97.9
"Josh","2026-06-09 09:02:07","2026-06-01","2026-06-02T04:43:06Z",97.9
"Josh","2026-06-09 09:02:07","2026-06-01","2026-06-02T04:44:06Z",98.0
"Josh","2026-06-09 09:02:07","2026-06-01","2026-06-02T04:45:06Z",98.0
"Josh","2026-06-09 09:02:07","2026-06-01","2026-06-02T04:46:06Z",98.0
"Josh","2026-06-09 09:02:07","2026-06-01","2026-06-02T04:47:06Z",98.1
"Josh","2026-06-09 09:02:07","2026-06-01","2026-06-02T04:48:06Z",98.1
"Josh","2026-06-09 09:02:07","2026-06-01","2026-06-02T04:49:06Z",50.0
"Josh","2026-06-09 09:02:07","2026-06-01","2026-06-02T04:50:06Z",98.0
"Josh","2026-06-09 09:02:07","2026-06-01","2026-06-02T04:51:06Z",98.1
"Josh","2026-06-09 09:02:07","2026-06-01","2026-06-02T04:52:06Z",98.3
"Josh","2026-06-09 09:02:07","2026-06-01","2026-06-02T04:53:06Z",98.3
"Josh","2026-06-09 09:02:07","2026-06-01","2026-06-02T04:54:06Z",98.4
"Josh","2026-06-09 09:02:07","2026-06-01","2026-06-02T04:55:06Z",98.4
"Josh","2026-06-09 09:02:07","2026-06-01","2026-06-02T04:56:06Z",98.5
"Josh","2026-06-09 09:02:07","2026-06-01","2026-06-02T04:57:06Z",98.5
"Josh","2026-06-09 09:02:07","2026-06-01","2026-06-02T04:58:06Z",98.5
"Josh","2026-06-09 09:02:07","2026-06-01","2026-06-02T04:59:06Z",98.6
"Josh","2026-06-09 09:02:07","2026-06-01","2026-06-02T05:00:06Z",98.6
"Josh","2026-06-09 09:02:07","2026-06-01","2026-06-02T05:01:06Z",98.7
"Josh","2026-06-09 09:02:07","2026-06-01","2026-06-02T05:02:06Z",98.6
"Josh","2026-06-09 09:02:07","2026-06-01","2026-06-02T05:03:06Z",98.6
"Josh","2026-06-09 09:02:07","2026-06-01","2026-06-02T05:04:06Z",98.6
"Josh","2026-06-09 09:02:07","2026-06-01","2026-06-02T05:05:06Z",98.5
"Josh","2026-06-09 09:02:07","2026-06-01","2026-06-02T05:06:06Z",98.6
"Josh","2026-06-09 09:02:07","2026-06-01","2026-06-02T05:07:06Z",98.7
"Josh","2026-06-09 09:02:07","2026-06-01","2026-06-02T05:08:06Z",98.6
"Josh","2026-06-09 09:02:07","2026-06-01","2026-06-02T05:09:06Z",98.8
"Josh","2026-06-09 09:02:07","2026-06-01","2026-06-02T05:10:06Z",98.7
"Josh","2026-06-09 09:02:07","2026-06-01","2026-06-02T05:11:06Z",98.7
"Josh","2026-06-09 09:02:07","2026-06-01","2026-06-02T05:12:06Z",98.7
"Josh","2026-06-09 09:02:07","2026-06-01","2026-06-02T05:13:06Z",98.7
"Josh","2026-06-09 09:02:07","2026-06-01","2026-06-02T05:14:06Z",98.7
"Josh","2026-06-09 09:02:07","2026-06-01","2026-06-02T05:15:06Z",98.7
"Josh","2026-06-09 09:02:07","2026-06-01","2026-06-02T05:16:06Z",98.7
"Josh","2026-06-09 09:02:07","2026-06-01","2026-06-02T05:17:06Z",98.7
"Josh","2026-06-09 09:02:07","2026-06-01","2026-06-02T05:18:06Z",98.7
"Josh","2026-06-09 09:02:07","2026-06-01","2026-06-02T05:19:06Z",98.7
"Josh","2026-06-09 09:02:07","2026-06-01","2026-06-02T05:20:06Z",98.6
"Josh","2026-06-09 09:02:07","2026-06-01","2026-06-02T05:21:06Z",98.6
"Josh","2026-06-09 09:02:07","2026-06-01","2026-06-02T05:22:06Z",98.6
"Josh","2026-06-09 09:02:07","2026-06-01","2026-06-02T05:23:06Z",98.5
"Josh","2026-06-09 09:02:07","2026-06-01","2026-06-02T05:24:06Z",98.5
"Josh","2026-06-09 09:02:07","2026-06-01","2026-06-02T05:25:06Z",98.4
"Josh","2026-06-09 09:02:07","2026-06-01","2026-06-02T05:26:06Z",98.4
"Josh","2026-06-09 09:02:07","2026-06-01","2026-06-02T05:27:06Z",98.3
"Josh","2026-06-09 09:02:07","2026-06-01","2026-06-02T05:28:06Z",98.3
"Josh","2026-06-09 09:02:07","2026-06-01","2026-06-02T05:29:06Z",98.2
"Josh","2026-06-09 09:02:07","2026-06-01","2026-06-02T05:30:06Z",98.2
"Josh","2026-06-09 09:02:07","2026-06-01","2026-06-02T05:31:06Z",98.1
"Josh","2026-06-09 09:02:07","2026-06-01","2026-06-02T05:32:06Z",98.1
"Josh","2026-06-09 09:02:07","2026-06-01","2026-06-02T05:33:06Z",98.1
"Josh","2026-06-09 09:02:07","2026-06-01","2026-06-02T05:34:06Z",98.0
"Josh","2026-06-09 09:02:07","2026-06-01","2026-06-02T05:35:06Z",98.0
"Josh","2026-06-09 09:02:07","2026-06-01","2026-06-02T05:36:06Z",97.9
"Josh","2026-06-09 09:02:07","2026-06-01","2026-06-02T05:37:06Z",97.9
"Josh","2026-06-09 09:02:07","2026-06-01","2026-06-02T05:38:06Z",50.0
"Josh","2026-06-09 09:02:07","2026-06-01","2026-06-02T05:39:06Z",97.8
"Josh","2026-06-09 09:02:07","2026-06-01","2026-06-02T05:40:06Z",97.7
"Josh","2026-06-09 09:02:07","2026-06-01","2026-06-02T05:41:06Z",97.6
"Josh","2026-06-09 09:02:07","2026-06-01","2026-06-02T05:42:06Z",97.5
"Josh","2026-06-09 09:02:07","2026-06-01","2026-06-02T05:43:06Z",97.4
"Josh","2026-06-09 09:02:07","2026-06-01","2026-06-02T05:44:06Z",97.2
"Josh","2026-06-09 09:02:07","2026-06-01","2026-06-02T05:45:06Z",97.2
"Josh","2026-06-09 09:02:07","2026-06-01","2026-06-02T05:46:06Z",97.2
"Josh","2026-06-09 09:02:07","2026-06-01","2026-06-02T05:47:06Z",97.3
"Josh","2026-06-09 09:02:07","2026-06-01","2026-06-02T05:48:06Z",97.3
"Josh","2026-06-09 09:02:07","2026-06-01","2026-06-02T05:49:06Z",97.3
"Josh","2026-06-09 09:02:07","2026-06-01","2026-06-02T05:50:06Z",97.2
"Josh","2026-06-09 09:02:07","2026-06-01","2026-06-02T05:51:06Z",50.0
"Josh","2026-06-09 09:02:07","2026-06-01","2026-06-02T05:52:06Z",97.2
"Josh","2026-06-09 09:02:07","2026-06-01","2026-06-02T05:53:06Z",97.2
"Josh","2026-06-09 09:02:07","2026-06-01","2026-06-02T05:54:06Z",97.2
"Josh","2026-06-09 09:02:07","2026-06-01","2026-06-02T05:55:06Z",97.2
"Josh","2026-06-09 09:02:07","2026-06-01","2026-06-02T05:56:06Z",97.1
"Josh","2026-06-09 09:02:07","2026-06-01","2026-06-02T05:57:06Z",97.0
"Josh","2026-06-09 09:02:07","2026-06-01","2026-06-02T05:58:06Z",97.0
"Josh","2026-06-09 09:02:07","2026-06-01","2026-06-02T05:59:06Z",97.1
"Josh","2026-06-09 09:02:07","2026-06-01","2026-06-02T06:00:06Z",97.2
"Josh","2026-06-09 09:02:07","2026-06-01","2026-06-02T06:01:06Z",97.2
"Josh","2026-06-09 09:02:07","2026-06-01","2026-06-02T06:02:06Z",97.3
"Josh","2026-06-09 09:02:07","2026-06-01","2026-06-02T06:03:06Z",97.4
"Josh","2026-06-09 09:02:07","2026-06-01","2026-06-02T06:04:06Z",97.4
"Josh","2026-06-09 09:02:07","2026-06-01","2026-06-02T06:05:06Z",97.5
"Josh","2026-06-09 09:02:07","2026-06-01","2026-06-02T06:06:06Z",97.6
"Josh","2026-06-09 09:02:07","2026-06-01","2026-06-02T06:07:06Z",97.6
"Josh","2026-06-09 09:02:07","2026-06-01","2026-06-02T06:08:06Z",97.7
"Josh","2026-06-09 09:02:07","2026-06-01","2026-06-02T06:09:06Z",97.7
"Josh","2026-06-09 09:02:07","2026-06-01","2026-06-02T06:10:06Z",97.8
"Josh","2026-06-09 09:02:07","2026-06-01","2026-06-02T06:11:06Z",50.0
"Josh","2026-06-09 09:02:07","2026-06-01","2026-06-02T06:12:06Z",97.9
"Josh","2026-06-09 09:02:07","2026-06-01","2026-06-02T06:13:06Z",97.9
"Josh","2026-06-09 09:02:07","2026-06-01","2026-06-02T06:14:06Z",98.0
"Josh","2026-06-09 09:02:07","2026-06-01","2026-06-02T06:15:06Z",98.0
"Josh","2026-06-09 09:02:07","2026-06-01","2026-06-02T06:16:06Z",98.0
"Josh","2026-06-09 09:02:07","2026-06-01","2026-06-02T06:17:06Z",98.1
"Josh","2026-06-09 09:02:07","2026-06-01","2026-06-02T06:18:06Z",98.1
"Josh","2026-06-09 09:02:07","2026-06-01","2026-06-02T06:19:06Z",98.2
"Josh","2026-06-09 09:02:07","2026-06-01","2026-06-02T06:20:06Z",98.2
"Josh","2026-06-09 09:02:07","2026-06-01","2026-06-02T06:21:06Z",98.3
"Josh","2026-06-09 09:02:07","2026-06-01","2026-06-02T06:22:06Z",98.1
"Josh","2026-06-09 09:02:07","2026-06-01","2026-06-02T06:23:06Z",98.3
"Josh","2026-06-09 09:02:07","2026-06-01","2026-06-02T06:24:06Z",98.3
"Josh","2026-06-09 09:02:07","2026-06-01","2026-06-02T06:25:06Z",98.4
"Josh","2026-06-09 09:02:07","2026-06-01","2026-06-02T06:26:06Z",98.4
"Josh","2026-06-09 09:02:07","2026-06-01","2026-06-02T06:27:06Z",98.4
"Josh","2026-06-09 09:02:07","2026-06-01","2026-06-02T06:28:06Z",98.4
"Josh","2026-06-09 09:02:07","2026-06-01","2026-06-02T06:29:06Z",98.5
"Josh","2026-06-09 09:02:07","2026-06-01","2026-06-02T06:30:06Z",98.6
"Josh","2026-06-09 09:02:07","2026-06-01","2026-06-02T06:31:06Z",98.7
"Josh","2026-06-09 09:02:07","2026-06-01","2026-06-02T06:32:06Z",98.7
"Josh","2026-06-09 09:02:07","2026-06-01","2026-06-02T06:33:06Z",98.8
"Josh","2026-06-09 09:02:07","2026-06-01","2026-06-02T06:34:06Z",98.7
"Josh","2026-06-09 09:02:07","2026-06-01","2026-06-02T06:35:06Z",98.8
"Josh","2026-06-09 09:02:07","2026-06-01","2026-06-02T06:36:06Z",98.8
"Josh","2026-06-09 09:02:07","2026-06-01","2026-06-02T06:37:06Z",98.8
"Josh","2026-06-09 09:02:07","2026-06-01","2026-06-02T06:38:06Z",98.7
"Josh","2026-06-09 09:02:07","2026-06-01","2026-06-02T06:39:06Z",98.7
"Josh","2026-06-09 09:02:07","2026-06-01","2026-06-02T06:40:06Z",98.7
"Josh","2026-06-09 09:02:07","2026-06-01","2026-06-02T06:41:06Z",98.6
"Josh","2026-06-09 09:02:07","2026-06-01","2026-06-02T06:42:06Z",98.6
"Josh","2026-06-09 09:02:07","2026-06-01","2026-06-02T06:43:06Z",98.6
"Josh","2026-06-09 09:02:07","2026-06-01","2026-06-02T06:44:06Z",98.6
"Josh","2026-06-09 09:02:07","2026-06-01","2026-06-02T06:45:06Z",98.6
"Josh","2026-06-09 09:02:07","2026-06-01","2026-06-02T06:46:06Z",50.0
"Josh","2026-06-09 09:02:07","2026-06-01","2026-06-02T06:47:06Z",98.5
"Josh","2026-06-09 09:02:07","2026-06-01","2026-06-02T06:48:06Z",98.5
"Josh","2026-06-09 09:02:07","2026-06-01","2026-06-02T06:49:06Z",98.5
"Josh","2026-06-09 09:02:07","2026-06-01","2026-06-02T06:50:06Z",98.5
"Josh","2026-06-09 09:02:07","2026-06-01","2026-06-02T06:51:06Z",98.5
"Josh","2026-06-09 09:02:07","2026-06-01","2026-06-02T06:52:06Z",98.5
"Josh","2026-06-09 09:02:07","2026-06-01","2026-06-02T06:53:06Z",98.4
"Josh","2026-06-09 09:02:07","2026-06-01","2026-06-02T06:54:06Z",98.4
"Josh","2026-06-09 09:02:07","2026-06-01","2026-06-02T06:55:06Z",98.4
"Josh","2026-06-09 09:02:07","2026-06-01","2026-06-02T06:56:06Z",98.3
"Josh","2026-06-09 09:02:07","2026-06-01","2026-06-02T06:57:06Z",98.3
"Josh","2026-06-09 09:02:07","2026-06-01","2026-06-02T06:58:06Z",98.3
"Josh","2026-06-09 09:02:07","2026-06-01","2026-06-02T06:59:06Z",98.2
"Josh","2026-06-09 09:02:07","2026-06-01","2026-06-02T07:00:06Z",98.2
"Josh","2026-06-09 09:02:07","2026-06-01","2026-06-02T07:01:06Z",98.1
"Josh","2026-06-09 09:02:07","2026-06-01","2026-06-02T07:02:06Z",98.1
"Josh","2026-06-09 09:02:07","2026-06-01","2026-06-02T07:03:06Z",98.0
"Josh","2026-06-09 09:02:07","2026-06-01","2026-06-02T07:04:06Z",98.0
"Josh","2026-06-09 09:02:07","2026-06-01","2026-06-02T07:05:06Z",98.0
"Josh","2026-06-09 09:02:07","2026-06-01","2026-06-02T07:06:06Z",97.9
"Josh","2026-06-09 09:02:07","2026-06-01","2026-06-02T07:07:06Z",97.9
"Josh","2026-06-09 09:02:07","2026-06-01","2026-06-02T07:08:06Z",97.8
"Josh","2026-06-09 09:02:07","2026-06-01","2026-06-02T07:09:06Z",97.8
"Josh","2026-06-09 09:02:07","2026-06-01","2026-06-02T07:10:06Z",97.7
"Josh","2026-06-09 09:02:07","2026-06-01","2026-06-02T07:11:06Z",97.5
"Josh","2026-06-09 09:02:07","2026-06-01","2026-06-02T07:12:06Z",97.5
"Josh","2026-06-09 09:02:07","2026-06-01","2026-06-02T07:13:06Z",97.3
"Josh","2026-06-09 09:02:07","2026-06-01","2026-06-02T07:14:06Z",97.3
"Josh","2026-06-09 09:02:07","2026-06-01","2026-06-02T07:15:06Z",97.3
"Josh","2026-06-09 09:02:07","2026-06-01","2026-06-02T07:16:06Z",97.3
"Josh","2026-06-09 09:02:07","2026-06-01","2026-06-02T07:17:06Z",97.3
"Josh","2026-06-09 09:02:07","2026-06-01","2026-06-02T07:18:06Z",97.2
"Josh","2026-06-09 09:02:07","2026-06-01","2026-06-02T07:19:06Z",97.4
"Josh","2026-06-09 09:02:07","2026-06-01","2026-06-02T07:20:06Z",97.4
"Josh","2026-06-09 09:02:07","2026-06-01","2026-06-02T07:21:06Z",97.5
"Josh","2026-06-09 09:02:07","2026-06-01","2026-06-02T07:22:06Z",97.6
"Josh","2026-06-09 09:02:07","2026-06-01","2026-06-02T07:23:06Z",97.7
"Josh","2026-06-09 09:02:07","2026-06-01","2026-06-02T07:24:06Z",97.8
"Josh","2026-06-09 09:02:07","2026-06-01","2026-06-02T07:25:06Z",97.9
"Josh","2026-06-09 09:02:07","2026-06-01","2026-06-02T07:26:06Z",98.0
"Josh","2026-06-09 09:02:07","2026-06-01","2026-06-02T07:27:06Z",98.1
"Josh","2026-06-09 09:02:07","2026-06-01","2026-06-02T07:28:06Z",98.2
"Josh","2026-06-09 09:02:07","2026-06-02","2026-06-02T22:25:23Z",98.3
"Josh","2026-06-09 09:02:07","2026-06-02","2026-06-02T22:26:23Z",98.3
"Josh","2026-06-09 09:02:07","2026-06-02","2026-06-02T22:27:23Z",98.3
"Josh","2026-06-09 09:02:07","2026-06-02","2026-06-02T22:28:23Z",98.3
"Josh","2026-06-09 09:02:07","2026-06-02","2026-06-02T22:29:23Z",98.3
"Josh","2026-06-09 09:02:07","2026-06-02","2026-06-02T22:30:23Z",98.3
"Josh","2026-06-09 09:02:07","2026-06-02","2026-06-02T22:31:23Z",98.3
"Josh","2026-06-09 09:02:07","2026-06-02","2026-06-02T22:32:23Z",98.3
"Josh","2026-06-09 09:02:07","2026-06-02","2026-06-02T22:33:23Z",98.3
"Josh","2026-06-09 09:02:07","2026-06-02","2026-06-02T22:34:23Z",98.3
"Josh","2026-06-09 09:02:07","2026-06-02","2026-06-02T22:35:23Z",98.3
"Josh","2026-06-09 09:02:07","2026-06-02","2026-06-02T22:36:23Z",98.3
"Josh","2026-06-09 09:02:07","2026-06-02","2026-06-02T22:37:23Z",98.3
"Josh","2026-06-09 09:02:07","2026-06-02","2026-06-02T22:38:23Z",98.2
"Josh","2026-06-09 09:02:07","2026-06-02","2026-06-02T22:39:23Z",98.2
"Josh","2026-06-09 09:02:07","2026-06-02","2026-06-02T22:40:23Z",98.2
"Josh","2026-06-09 09:02:07","2026-06-02","2026-06-02T22:41:23Z",98.3
"Josh","2026-06-09 09:02:07","2026-06-02","2026-06-02T22:42:23Z",98.3
"Josh","2026-06-09 09:02:07","2026-06-02","2026-06-02T22:43:23Z",98.3
"Josh","2026-06-09 09:02:07","2026-06-02","2026-06-02T22:44:23Z",98.3
"Josh","2026-06-09 09:02:07","2026-06-02","2026-06-02T22:45:23Z",98.3
"Josh","2026-06-09 09:02:07","2026-06-02","2026-06-02T22:46:23Z",98.3
"Josh","2026-06-09 09:02:07","2026-06-02","2026-06-02T22:47:23Z",98.4
"Josh","2026-06-09 09:02:07","2026-06-02","2026-06-02T22:48:23Z",98.5
"Josh","2026-06-09 09:02:07","2026-06-02","2026-06-02T22:49:23Z",98.6
"Josh","2026-06-09 09:02:07","2026-06-02","2026-06-02T22:50:23Z",98.5
"Josh","2026-06-09 09:02:07","2026-06-02","2026-06-02T22:51:23Z",98.6
"Josh","2026-06-09 09:02:07","2026-06-02","2026-06-02T22:52:23Z",98.6
"Josh","2026-06-09 09:02:07","2026-06-02","2026-06-02T22:53:23Z",98.7
"Josh","2026-06-09 09:02:07","2026-06-02","2026-06-02T22:54:23Z",98.7
"Josh","2026-06-09 09:02:07","2026-06-02","2026-06-02T22:55:23Z",98.7
"Josh","2026-06-09 09:02:07","2026-06-02","2026-06-02T22:56:23Z",98.7
"Josh","2026-06-09 09:02:07","2026-06-02","2026-06-02T22:57:23Z",98.8
"Josh","2026-06-09 09:02:07","2026-06-02","2026-06-02T22:58:23Z",98.8
"Josh","2026-06-09 09:02:07","2026-06-02","2026-06-02T22:59:23Z",98.8
"Josh","2026-06-09 09:02:07","2026-06-02","2026-06-02T23:00:23Z",98.8
"Josh","2026-06-09 09:02:07","2026-06-02","2026-06-02T23:01:23Z",98.8
"Josh","2026-06-09 09:02:07","2026-06-02","2026-06-02T23:02:23Z",98.8
"Josh","2026-06-09 09:02:07","2026-06-02","2026-06-02T23:03:23Z",98.8
"Josh","2026-06-09 09:02:07","2026-06-02","2026-06-02T23:04:23Z",98.8
"Josh","2026-06-09 09:02:07","2026-06-02","2026-06-02T23:05:23Z",98.8
"Josh","2026-06-09 09:02:07","2026-06-02","2026-06-02T23:06:23Z",98.9
"Josh","2026-06-09 09:02:07","2026-06-02","2026-06-02T23:07:23Z",98.8
"Josh","2026-06-09 09:02:07","2026-06-02","2026-06-02T23:08:23Z",98.8
"Josh","2026-06-09 09:02:07","2026-06-02","2026-06-02T23:09:23Z",98.8
"Josh","2026-06-09 09:02:07","2026-06-02","2026-06-02T23:10:23Z",98.8
"Josh","2026-06-09 09:02:07","2026-06-02","2026-06-02T23:11:23Z",98.8
"Josh","2026-06-09 09:02:07","2026-06-02","2026-06-02T23:12:23Z",98.8
"Josh","2026-06-09 09:02:07","2026-06-02","2026-06-02T23:13:23Z",98.7
"Josh","2026-06-09 09:02:07","2026-06-02","2026-06-02T23:14:23Z",98.6
"Josh","2026-06-09 09:02:07","2026-06-02","2026-06-02T23:15:23Z",98.6
"Josh","2026-06-09 09:02:07","2026-06-02","2026-06-02T23:16:23Z",98.6
"Josh","2026-06-09 09:02:07","2026-06-02","2026-06-02T23:17:23Z",98.5
"Josh","2026-06-09 09:02:07","2026-06-02","2026-06-02T23:18:23Z",50.0
"Josh","2026-06-09 09:02:07","2026-06-02","2026-06-02T23:19:23Z",98.5
"Josh","2026-06-09 09:02:07","2026-06-02","2026-06-02T23:20:23Z",98.4
"Josh","2026-06-09 09:02:07","2026-06-02","2026-06-02T23:21:23Z",98.4
"Josh","2026-06-09 09:02:07","2026-06-02","2026-06-02T23:22:23Z",98.3
"Josh","2026-06-09 09:02:07","2026-06-02","2026-06-02T23:23:23Z",98.3
"Josh","2026-06-09 09:02:07","2026-06-02","2026-06-02T23:24:23Z",98.3
"Josh","2026-06-09 09:02:07","2026-06-02","2026-06-02T23:25:23Z",98.2
"Josh","2026-06-09 09:02:07","2026-06-02","2026-06-02T23:26:23Z",98.2
"Josh","2026-06-09 09:02:07","2026-06-02","2026-06-02T23:27:23Z",98.1
"Josh","2026-06-09 09:02:07","2026-06-02","2026-06-02T23:28:23Z",98.1
"Josh","2026-06-09 09:02:07","2026-06-02","2026-06-02T23:29:23Z",98.1
"Josh","2026-06-09 09:02:07","2026-06-02","2026-06-02T23:30:23Z",98.0
"Josh","2026-06-09 09:02:07","2026-06-02","2026-06-02T23:31:23Z",98.0
"Josh","2026-06-09 09:02:07","2026-06-02","2026-06-02T23:32:23Z",97.9
"Josh","2026-06-09 09:02:07","2026-06-02","2026-06-02T23:33:23Z",97.9
"Josh","2026-06-09 09:02:07","2026-06-02","2026-06-02T23:34:23Z",97.8
"Josh","2026-06-09 09:02:07","2026-06-02","2026-06-02T23:35:23Z",97.8
"Josh","2026-06-09 09:02:07","2026-06-02","2026-06-02T23:36:23Z",97.7
"Josh","2026-06-09 09:02:07","2026-06-02","2026-06-02T23:37:23Z",97.6
"Josh","2026-06-09 09:02:07","2026-06-02","2026-06-02T23:38:23Z",97.5
"Josh","2026-06-09 09:02:07","2026-06-02","2026-06-02T23:39:23Z",97.5
"Josh","2026-06-09 09:02:07","2026-06-02","2026-06-02T23:40:23Z",97.4
"Josh","2026-06-09 09:02:07","2026-06-02","2026-06-02T23:41:23Z",97.3
"Josh","2026-06-09 09:02:07","2026-06-02","2026-06-02T23:42:23Z",97.3
"Josh","2026-06-09 09:02:07","2026-06-02","2026-06-02T23:43:23Z",97.2
"Josh","2026-06-09 09:02:07","2026-06-02","2026-06-02T23:44:23Z",97.2
"Josh","2026-06-09 09:02:07","2026-06-02","2026-06-02T23:45:23Z",97.2
"Josh","2026-06-09 09:02:07","2026-06-02","2026-06-02T23:46:23Z",97.3
"Josh","2026-06-09 09:02:07","2026-06-02","2026-06-02T23:47:23Z",97.3
"Josh","2026-06-09 09:02:07","2026-06-02","2026-06-02T23:48:23Z",97.1
"Josh","2026-06-09 09:02:07","2026-06-02","2026-06-02T23:49:23Z",97.2
"Josh","2026-06-09 09:02:07","2026-06-02","2026-06-02T23:50:23Z",97.2
"Josh","2026-06-09 09:02:07","2026-06-02","2026-06-02T23:51:23Z",97.1
"Josh","2026-06-09 09:02:07","2026-06-02","2026-06-02T23:52:23Z",97.1
"Josh","2026-06-09 09:02:07","2026-06-02","2026-06-02T23:53:23Z",97.1
"Josh","2026-06-09 09:02:07","2026-06-02","2026-06-02T23:54:23Z",97.1
"Josh","2026-06-09 09:02:07","2026-06-02","2026-06-02T23:55:23Z",97.1
"Josh","2026-06-09 09:02:07","2026-06-02","2026-06-02T23:56:23Z",97.2
"Josh","2026-06-09 09:02:07","2026-06-02","2026-06-02T23:57:23Z",97.3
"Josh","2026-06-09 09:02:07","2026-06-02","2026-06-02T23:58:23Z",97.3
"Josh","2026-06-09 09:02:07","2026-06-02","2026-06-02T23:59:23Z",97.4
"Josh","2026-06-09 09:02:07","2026-06-02","2026-06-03T00:00:23Z",97.5
"Josh","2026-06-09 09:02:07","2026-06-02","2026-06-03T00:01:23Z",97.5
"Josh","2026-06-09 09:02:07","2026-06-02","2026-06-03T00:02:23Z",97.6
"Josh","2026-06-09 09:02:07","2026-06-02","2026-06-03T00:03:23Z",97.6
"Josh","2026-06-09 09:02:07","2026-06-02","2026-06-03T00:04:23Z",97.7
"Josh","2026-06-09 09:02:07","2026-06-02","2026-06-03T00:05:23Z",97.7
"Josh","2026-06-09 09:02:07","2026-06-02","2026-06-03T00:06:23Z",97.8
"Josh","2026-06-09 09:02:07","2026-06-02","2026-06-03T00:07:23Z",97.8
"Josh","2026-06-09 09:02:07","2026-06-02","2026-06-03T00:08:23Z",97.9
"Josh","2026-06-09 09:02:07","2026-06-02","2026-06-03T00:09:23Z",97.9
"Josh","2026-06-09 09:02:07","2026-06-02","2026-06-03T00:10:23Z",98.0
"Josh","2026-06-09 09:02:07","2026-06-02","2026-06-03T00:11:23Z",98.0
"Josh","2026-06-09 09:02:07","2026-06-02","2026-06-03T00:12:23Z",98.0
"Josh","2026-06-09 09:02:07","2026-06-02","2026-06-03T00:13:23Z",98.1
"Josh","2026-06-09 09:02:07","2026-06-02","2026-06-03T00:14:23Z",98.1
"Josh","2026-06-09 09:02:07","2026-06-02","2026-06-03T00:15:23Z",98.2
"Josh","2026-06-09 09:02:07","2026-06-02","2026-06-03T00:16:23Z",98.2
"Josh","2026-06-09 09:02:07","2026-06-02","2026-06-03T00:17:23Z",98.3
"Josh","2026-06-09 09:02:07","2026-06-02","2026-06-03T00:18:23Z",98.4
"Josh","2026-06-09 09:02:07","2026-06-02","2026-06-03T00:19:23Z",98.6
"Josh","2026-06-09 09:02:07","2026-06-02","2026-06-03T00:20:23Z",98.7
"Josh","2026-06-09 09:02:07","2026-06-02","2026-06-03T00:21:23Z",98.7
"Josh","2026-06-09 09:02:07","2026-06-02","2026-06-03T00:22:23Z",98.7
"Josh","2026-06-09 09:02:07","2026-06-02","2026-06-03T00:23:23Z",98.6
"Josh","2026-06-09 09:02:07","2026-06-02","2026-06-03T00:24:23Z",98.8
"Josh","2026-06-09 09:02:07","2026-06-02","2026-06-03T00:25:23Z",98.7
"Josh","2026-06-09 09:02:07","2026-06-02","2026-06-03T00:26:23Z",98.7
"Josh","2026-06-09 09:02:07","2026-06-02","2026-06-03T00:27:23Z",98.7
"Josh","2026-06-09 09:02:07","2026-06-02","2026-06-03T00:28:23Z",98.8
"Josh","2026-06-09 09:02:07","2026-06-02","2026-06-03T00:29:23Z",98.7
"Josh","2026-06-09 09:02:07","2026-06-02","2026-06-03T00:30:23Z",98.8
"Josh","2026-06-09 09:02:07","2026-06-02","2026-06-03T00:31:23Z",98.7
"Josh","2026-06-09 09:02:07","2026-06-02","2026-06-03T00:32:23Z",98.7
"Josh","2026-06-09 09:02:07","2026-06-02","2026-06-03T00:33:23Z",98.8
"Josh","2026-06-09 09:02:07","2026-06-02","2026-06-03T00:34:23Z",98.8
"Josh","2026-06-09 09:02:07","2026-06-02","2026-06-03T00:35:23Z",98.8
"Josh","2026-06-09 09:02:07","2026-06-02","2026-06-03T00:36:23Z",98.8
"Josh","2026-06-09 09:02:07","2026-06-02","2026-06-03T00:37:23Z",98.8
"Josh","2026-06-09 09:02:07","2026-06-02","2026-06-03T00:38:23Z",98.8
"Josh","2026-06-09 09:02:07","2026-06-02","2026-06-03T00:39:23Z",98.8
"Josh","2026-06-09 09:02:07","2026-06-02","2026-06-03T00:40:23Z",98.7
"Josh","2026-06-09 09:02:07","2026-06-02","2026-06-03T00:41:23Z",98.8
"Josh","2026-06-09 09:02:07","2026-06-02","2026-06-03T00:42:23Z",98.7
"Josh","2026-06-09 09:02:07","2026-06-02","2026-06-03T00:43:23Z",98.7
"Josh","2026-06-09 09:02:07","2026-06-02","2026-06-03T00:44:23Z",98.6
"Josh","2026-06-09 09:02:07","2026-06-02","2026-06-03T00:45:23Z",98.6
"Josh","2026-06-09 09:02:07","2026-06-02","2026-06-03T00:46:23Z",98.6
"Josh","2026-06-09 09:02:07","2026-06-02","2026-06-03T00:47:23Z",98.5
"Josh","2026-06-09 09:02:07","2026-06-02","2026-06-03T00:48:23Z",98.5
"Josh","2026-06-09 09:02:07","2026-06-02","2026-06-03T00:49:23Z",98.5
"Josh","2026-06-09 09:02:07","2026-06-02","2026-06-03T00:50:23Z",50.0
"Josh","2026-06-09 09:02:07","2026-06-02","2026-06-03T00:51:23Z",98.4
"Josh","2026-06-09 09:02:07","2026-06-02","2026-06-03T00:52:23Z",98.4
"Josh","2026-06-09 09:02:07","2026-06-02","2026-06-03T00:53:23Z",98.3
"Josh","2026-06-09 09:02:07","2026-06-02","2026-06-03T00:54:23Z",98.3
"Josh","2026-06-09 09:02:07","2026-06-02","2026-06-03T00:55:23Z",98.2
"Josh","2026-06-09 09:02:07","2026-06-02","2026-06-03T00:56:23Z",98.2
"Josh","2026-06-09 09:02:07","2026-06-02","2026-06-03T00:57:23Z",98.1
"Josh","2026-06-09 09:02:07","2026-06-02","2026-06-03T00:58:23Z",98.1
"Josh","2026-06-09 09:02:07","2026-06-02","2026-06-03T00:59:23Z",98.1
"Josh","2026-06-09 09:02:07","2026-06-02","2026-06-03T01:00:23Z",98.0
"Josh","2026-06-09 09:02:07","2026-06-02","2026-06-03T01:01:23Z",98.0
"Josh","2026-06-09 09:02:07","2026-06-02","2026-06-03T01:02:23Z",97.9
"Josh","2026-06-09 09:02:07","2026-06-02","2026-06-03T01:03:23Z",97.9
"Josh","2026-06-09 09:02:07","2026-06-02","2026-06-03T01:04:23Z",97.8
"Josh","2026-06-09 09:02:07","2026-06-02","2026-06-03T01:05:23Z",97.8
"Josh","2026-06-09 09:02:07","2026-06-02","2026-06-03T01:06:23Z",97.7
"Josh","2026-06-09 09:02:07","2026-06-02","2026-06-03T01:07:23Z",97.7
"Josh","2026-06-09 09:02:07","2026-06-02","2026-06-03T01:08:23Z",97.6
"Josh","2026-06-09 09:02:07","2026-06-02","2026-06-03T01:09:23Z",97.5
"Josh","2026-06-09 09:02:07","2026-06-02","2026-06-03T01:10:23Z",97.4
"Josh","2026-06-09 09:02:07","2026-06-02","2026-06-03T01:11:23Z",97.4
"Josh","2026-06-09 09:02:07","2026-06-02","2026-06-03T01:12:23Z",97.4
"Josh","2026-06-09 09:02:07","2026-06-02","2026-06-03T01:13:23Z",97.4
"Josh","2026-06-09 09:02:07","2026-06-02","2026-06-03T01:14:23Z",97.3
"Josh","2026-06-09 09:02:07","2026-06-02","2026-06-03T01:15:23Z",97.2
"Josh","2026-06-09 09:02:07","2026-06-02","2026-06-03T01:16:23Z",97.1
"Josh","2026-06-09 09:02:07","2026-06-02","2026-06-03T01:17:23Z",97.1
"Josh","2026-06-09 09:02:07","2026-06-02","2026-06-03T01:18:23Z",97.1
"Josh","2026-06-09 09:02:07","2026-06-02","2026-06-03T01:19:23Z",97.1
"Josh","2026-06-09 09:02:07","2026-06-02","2026-06-03T01:20:23Z",97.2
"Josh","2026-06-09 09:02:07","2026-06-02","2026-06-03T01:21:23Z",97.2
"Josh","2026-06-09 09:02:07","2026-06-02","2026-06-03T01:22:23Z",97.2
"Josh","2026-06-09 09:02:07","2026-06-02","2026-06-03T01:23:23Z",97.1
"Josh","2026-06-09 09:02:07","2026-06-02","2026-06-03T01:24:23Z",97.1
"Josh","2026-06-09 09:02:07","2026-06-02","2026-06-03T01:25:23Z",97.2
"Josh","2026-06-09 09:02:07","2026-06-02","2026-06-03T01:26:23Z",97.2
"Josh","2026-06-09 09:02:07","2026-06-02","2026-06-03T01:27:23Z",97.3
"Josh","2026-06-09 09:02:07","2026-06-02","2026-06-03T01:28:23Z",97.4
"Josh","2026-06-09 09:02:07","2026-06-02","2026-06-03T01:29:23Z",97.4
"Josh","2026-06-09 09:02:07","2026-06-02","2026-06-03T01:30:23Z",97.5
"Josh","2026-06-09 09:02:07","2026-06-02","2026-06-03T01:31:23Z",97.5
"Josh","2026-06-09 09:02:07","2026-06-02","2026-06-03T01:32:23Z",97.6
"Josh","2026-06-09 09:02:07","2026-06-02","2026-06-03T01:33:23Z",97.6
"Josh","2026-06-09 09:02:07","2026-06-02","2026-06-03T01:34:23Z",97.7
"Josh","2026-06-09 09:02:07","2026-06-02","2026-06-03T01:35:23Z",97.7
"Josh","2026-06-09 09:02:07","2026-06-02","2026-06-03T01:36:23Z",97.8
"Josh","2026-06-09 09:02:07","2026-06-02","2026-06-03T01:37:23Z",97.8
"Josh","2026-06-09 09:02:07","2026-06-02","2026-06-03T01:38:23Z",97.9
"Josh","2026-06-09 09:02:07","2026-06-02","2026-06-03T01:39:23Z",97.9
"Josh","2026-06-09 09:02:07","2026-06-02","2026-06-03T01:40:23Z",98.0
"Josh","2026-06-09 09:02:07","2026-06-02","2026-06-03T01:41:23Z",98.0
"Josh","2026-06-09 09:02:07","2026-06-02","2026-06-03T01:42:23Z",98.0
"Josh","2026-06-09 09:02:07","2026-06-02","2026-06-03T01:43:23Z",98.1
"Josh","2026-06-09 09:02:07","2026-06-02","2026-06-03T01:44:23Z",98.1
"Josh","2026-06-09 09:02:07","2026-06-02","2026-06-03T01:45:23Z",98.2
"Josh","2026-06-09 09:02:07","2026-06-02","2026-06-03T01:46:23Z",98.2
"Josh","2026-06-09 09:02:07","2026-06-02","2026-06-03T01:47:23Z",98.3
"Josh","2026-06-09 09:02:07","2026-06-02","2026-06-03T01:48:23Z",98.3
"Josh","2026-06-09 09:02:07","2026-06-02","2026-06-03T01:49:23Z",98.3
"Josh","2026-06-09 09:02:07","2026-06-02","2026-06-03T01:50:23Z",98.5
"Josh","2026-06-09 09:02:07","2026-06-02","2026-06-03T01:51:23Z",98.6
"Josh","2026-06-09 09:02:07","2026-06-02","2026-06-03T01:52:23Z",98.6
"Josh","2026-06-09 09:02:07","2026-06-02","2026-06-03T01:53:23Z",98.7
"Josh","2026-06-09 09:02:07","2026-06-02","2026-06-03T01:54:23Z",98.7
"Josh","2026-06-09 09:02:07","2026-06-02","2026-06-03T01:55:23Z",98.8
"Josh","2026-06-09 09:02:07","2026-06-02","2026-06-03T01:56:23Z",98.7
"Josh","2026-06-09 09:02:07","2026-06-02","2026-06-03T01:57:23Z",98.7
"Josh","2026-06-09 09:02:07","2026-06-02","2026-06-03T01:58:23Z",98.8
"Josh","2026-06-09 09:02:07","2026-06-02","2026-06-03T01:59:23Z",98.8
"Josh","2026-06-09 09:02:07","2026-06-02","2026-06-03T02:00:23Z",98.8
"Josh","2026-06-09 09:02:07","2026-06-02","2026-06-03T02:01:23Z",98.7
"Josh","2026-06-09 09:02:07","2026-06-02","2026-06-03T02:02:23Z",98.7
"Josh","2026-06-09 09:02:07","2026-06-02","2026-06-03T02:03:23Z",98.7
"Josh","2026-06-09 09:02:07","2026-06-02","2026-06-03T02:04:23Z",98.7
"Josh","2026-06-09 09:02:07","2026-06-02","2026-06-03T02:05:23Z",98.8
"Josh","2026-06-09 09:02:07","2026-06-02","2026-06-03T02:06:23Z",98.8
"Josh","2026-06-09 09:02:07","2026-06-02","2026-06-03T02:07:23Z",98.7
"Josh","2026-06-09 09:02:07","2026-06-02","2026-06-03T02:08:23Z",98.7
"Josh","2026-06-09 09:02:07","2026-06-02","2026-06-03T02:09:23Z",98.7
"Josh","2026-06-09 09:02:07","2026-06-02","2026-06-03T02:10:23Z",98.7
"Josh","2026-06-09 09:02:07","2026-06-02","2026-06-03T02:11:23Z",98.8
"Josh","2026-06-09 09:02:07","2026-06-02","2026-06-03T02:12:23Z",98.9
"Josh","2026-06-09 09:02:07","2026-06-02","2026-06-03T02:13:23Z",98.9
"Josh","2026-06-09 09:02:07","2026-06-02","2026-06-03T02:14:23Z",98.8
"Josh","2026-06-09 09:02:07","2026-06-02","2026-06-03T02:15:23Z",98.8
"Josh","2026-06-09 09:02:07","2026-06-02","2026-06-03T02:16:23Z",98.7
"Josh","2026-06-09 09:02:07","2026-06-02","2026-06-03T02:17:23Z",98.7
"Josh","2026-06-09 09:02:07","2026-06-02","2026-06-03T02:18:23Z",98.6
"Josh","2026-06-09 09:02:07","2026-06-02","2026-06-03T02:19:23Z",98.5
"Josh","2026-06-09 09:02:07","2026-06-02","2026-06-03T02:20:23Z",98.5
"Josh","2026-06-09 09:02:07","2026-06-02","2026-06-03T02:21:23Z",98.4
"Josh","2026-06-09 09:02:07","2026-06-02","2026-06-03T02:22:23Z",98.4
"Josh","2026-06-09 09:02:07","2026-06-02","2026-06-03T02:23:23Z",98.3
"Josh","2026-06-09 09:02:07","2026-06-02","2026-06-03T02:24:23Z",98.3
"Josh","2026-06-09 09:02:07","2026-06-02","2026-06-03T02:25:23Z",98.2
"Josh","2026-06-09 09:02:07","2026-06-02","2026-06-03T02:26:23Z",98.2
"Josh","2026-06-09 09:02:07","2026-06-02","2026-06-03T02:27:23Z",98.2
"Josh","2026-06-09 09:02:07","2026-06-02","2026-06-03T02:28:23Z",98.1
"Josh","2026-06-09 09:02:07","2026-06-02","2026-06-03T02:29:23Z",98.1
"Josh","2026-06-09 09:02:07","2026-06-02","2026-06-03T02:30:23Z",98.0
"Josh","2026-06-09 09:02:07","2026-06-02","2026-06-03T02:31:23Z",98.0
"Josh","2026-06-09 09:02:07","2026-06-02","2026-06-03T02:32:23Z",97.9
"Josh","2026-06-09 09:02:07","2026-06-02","2026-06-03T02:33:23Z",97.9
"Josh","2026-06-09 09:02:07","2026-06-02","2026-06-03T02:34:23Z",97.8
"Josh","2026-06-09 09:02:07","2026-06-02","2026-06-03T02:35:23Z",97.8
"Josh","2026-06-09 09:02:07","2026-06-02","2026-06-03T02:36:23Z",97.7
"Josh","2026-06-09 09:02:07","2026-06-02","2026-06-03T02:37:23Z",97.6
"Josh","2026-06-09 09:02:07","2026-06-02","2026-06-03T02:38:23Z",97.5
"Josh","2026-06-09 09:02:07","2026-06-02","2026-06-03T02:39:23Z",97.4
"Josh","2026-06-09 09:02:07","2026-06-02","2026-06-03T02:40:23Z",97.3
"Josh","2026-06-09 09:02:07","2026-06-02","2026-06-03T02:41:23Z",97.2
"Josh","2026-06-09 09:02:07","2026-06-02","2026-06-03T02:42:23Z",97.2
"Josh","2026-06-09 09:02:07","2026-06-02","2026-06-03T02:43:23Z",97.1
"Josh","2026-06-09 09:02:07","2026-06-02","2026-06-03T02:44:23Z",97.1
"Josh","2026-06-09 09:02:07","2026-06-02","2026-06-03T02:45:23Z",97.1
"Josh","2026-06-09 09:02:07","2026-06-02","2026-06-03T02:46:23Z",97.2
"Josh","2026-06-09 09:02:07","2026-06-02","2026-06-03T02:47:23Z",97.1
"Josh","2026-06-09 09:02:07","2026-06-02","2026-06-03T02:48:23Z",97.0
"Josh","2026-06-09 09:02:07","2026-06-02","2026-06-03T02:49:23Z",97.0
"Josh","2026-06-09 09:02:07","2026-06-02","2026-06-03T02:50:23Z",97.0
"Josh","2026-06-09 09:02:07","2026-06-02","2026-06-03T02:51:23Z",97.1
"Josh","2026-06-09 09:02:07","2026-06-02","2026-06-03T02:52:23Z",97.1
"Josh","2026-06-09 09:02:07","2026-06-02","2026-06-03T02:53:23Z",97.1
"Josh","2026-06-09 09:02:07","2026-06-02","2026-06-03T02:54:23Z",50.0
"Josh","2026-06-09 09:02:07","2026-06-02","2026-06-03T02:55:23Z",97.2
"Josh","2026-06-09 09:02:07","2026-06-02","2026-06-03T02:56:23Z",97.2
"Josh","2026-06-09 09:02:07","2026-06-02","2026-06-03T02:57:23Z",97.3
"Josh","2026-06-09 09:02:07","2026-06-02","2026-06-03T02:58:23Z",97.4
"Josh","2026-06-09 09:02:07","2026-06-02","2026-06-03T02:59:23Z",97.4
"Josh","2026-06-09 09:02:07","2026-06-02","2026-06-03T03:00:23Z",97.5
"Josh","2026-06-09 09:02:07","2026-06-02","2026-06-03T03:01:23Z",97.5
"Josh","2026-06-09 09:02:07","2026-06-02","2026-06-03T03:02:23Z",97.6
"Josh","2026-06-09 09:02:07","2026-06-02","2026-06-03T03:03:23Z",97.6
"Josh","2026-06-09 09:02:07","2026-06-02","2026-06-03T03:04:23Z",97.7
"Josh","2026-06-09 09:02:07","2026-06-02","2026-06-03T03:05:23Z",97.7
"Josh","2026-06-09 09:02:07","2026-06-02","2026-06-03T03:06:23Z",97.8
"Josh","2026-06-09 09:02:07","2026-06-02","2026-06-03T03:07:23Z",97.8
"Josh","2026-06-09 09:02:07","2026-06-02","2026-06-03T03:08:23Z",97.9
"Josh","2026-06-09 09:02:07","2026-06-02","2026-06-03T03:09:23Z",97.9
"Josh","2026-06-09 09:02:07","2026-06-02","2026-06-03T03:10:23Z",98.0
"Josh","2026-06-09 09:02:07","2026-06-02","2026-06-03T03:11:23Z",98.0
"Josh","2026-06-09 09:02:07","2026-06-02","2026-06-03T03:12:23Z",98.0
"Josh","2026-06-09 09:02:07","2026-06-02","2026-06-03T03:13:23Z",98.1
"Josh","2026-06-09 09:02:07","2026-06-02","2026-06-03T03:14:23Z",98.1
"Josh","2026-06-09 09:02:07","2026-06-02","2026-06-03T03:15:23Z",98.2
"Josh","2026-06-09 09:02:07","2026-06-02","2026-06-03T03:16:23Z",98.2
"Josh","2026-06-09 09:02:07","2026-06-02","2026-06-03T03:17:23Z",98.3
"Josh","2026-06-09 09:02:07","2026-06-02","2026-06-03T03:18:23Z",98.4
"Josh","2026-06-09 09:02:07","2026-06-02","2026-06-03T03:19:23Z",98.4
"Josh","2026-06-09 09:02:07","2026-06-02","2026-06-03T03:20:23Z",98.5
"Josh","2026-06-09 09:02:07","2026-06-02","2026-06-03T03:21:23Z",98.5
"Josh","2026-06-09 09:02:07","2026-06-02","2026-06-03T03:22:23Z",98.5
"Josh","2026-06-09 09:02:07","2026-06-02","2026-06-03T03:23:23Z",98.6
"Josh","2026-06-09 09:02:07","2026-06-02","2026-06-03T03:24:23Z",98.7
"Josh","2026-06-09 09:02:07","2026-06-02","2026-06-03T03:25:23Z",98.7
"Josh","2026-06-09 09:02:07","2026-06-02","2026-06-03T03:26:23Z",98.7
"Josh","2026-06-09 09:02:07","2026-06-02","2026-06-03T03:27:23Z",98.7
"Josh","2026-06-09 09:02:07","2026-06-02","2026-06-03T03:28:23Z",98.6
"Josh","2026-06-09 09:02:07","2026-06-02","2026-06-03T03:29:23Z",98.6
"Josh","2026-06-09 09:02:07","2026-06-02","2026-06-03T03:30:23Z",98.7
"Josh","2026-06-09 09:02:07","2026-06-02","2026-06-03T03:31:23Z",98.7
"Josh","2026-06-09 09:02:07","2026-06-02","2026-06-03T03:32:23Z",98.7
"Josh","2026-06-09 09:02:07","2026-06-02","2026-06-03T03:33:23Z",98.8
"Josh","2026-06-09 09:02:07","2026-06-02","2026-06-03T03:34:23Z",98.8
"Josh","2026-06-09 09:02:07","2026-06-02","2026-06-03T03:35:23Z",98.9
"Josh","2026-06-09 09:02:07","2026-06-02","2026-06-03T03:36:23Z",98.9
"Josh","2026-06-09 09:02:07","2026-06-02","2026-06-03T03:37:23Z",98.9
"Josh","2026-06-09 09:02:07","2026-06-02","2026-06-03T03:38:23Z",98.9
"Josh","2026-06-09 09:02:07","2026-06-02","2026-06-03T03:39:23Z",98.9
"Josh","2026-06-09 09:02:07","2026-06-02","2026-06-03T03:40:23Z",98.9
"Josh","2026-06-09 09:02:07","2026-06-02","2026-06-03T03:41:23Z",98.8
"Josh","2026-06-09 09:02:07","2026-06-02","2026-06-03T03:42:23Z",98.8
"Josh","2026-06-09 09:02:07","2026-06-02","2026-06-03T03:43:23Z",98.8
"Josh","2026-06-09 09:02:07","2026-06-02","2026-06-03T03:44:23Z",98.8
"Josh","2026-06-09 09:02:07","2026-06-02","2026-06-03T03:45:23Z",98.7
"Josh","2026-06-09 09:02:07","2026-06-02","2026-06-03T03:46:23Z",98.7
"Josh","2026-06-09 09:02:07","2026-06-02","2026-06-03T03:47:23Z",98.6
"Josh","2026-06-09 09:02:07","2026-06-02","2026-06-03T03:48:23Z",98.6
"Josh","2026-06-09 09:02:07","2026-06-02","2026-06-03T03:49:23Z",98.5
"Josh","2026-06-09 09:02:07","2026-06-02","2026-06-03T03:50:23Z",98.5
"Josh","2026-06-09 09:02:07","2026-06-02","2026-06-03T03:51:23Z",98.4
"Josh","2026-06-09 09:02:07","2026-06-02","2026-06-03T03:52:23Z",98.4
"Josh","2026-06-09 09:02:07","2026-06-02","2026-06-03T03:53:23Z",98.3
"Josh","2026-06-09 09:02:07","2026-06-02","2026-06-03T03:54:23Z",98.3
"Josh","2026-06-09 09:02:07","2026-06-02","2026-06-03T03:55:23Z",98.2
"Josh","2026-06-09 09:02:07","2026-06-02","2026-06-03T03:56:23Z",98.0
"Josh","2026-06-09 09:02:07","2026-06-02","2026-06-03T03:57:23Z",98.0
"Josh","2026-06-09 09:02:07","2026-06-02","2026-06-03T03:58:23Z",98.0
"Josh","2026-06-09 09:02:07","2026-06-02","2026-06-03T03:59:23Z",98.0
"Josh","2026-06-09 09:02:07","2026-06-02","2026-06-03T04:00:23Z",97.9
"Josh","2026-06-09 09:02:07","2026-06-02","2026-06-03T04:01:23Z",97.9
"Josh","2026-06-09 09:02:07","2026-06-02","2026-06-03T04:02:23Z",97.9
"Josh","2026-06-09 09:02:07","2026-06-02","2026-06-03T04:03:23Z",97.8
"Josh","2026-06-09 09:02:07","2026-06-02","2026-06-03T04:04:23Z",97.8
"Josh","2026-06-09 09:02:07","2026-06-02","2026-06-03T04:05:23Z",97.8
"Josh","2026-06-09 09:02:07","2026-06-02","2026-06-03T04:06:23Z",97.7
"Josh","2026-06-09 09:02:07","2026-06-02","2026-06-03T04:07:23Z",97.6
"Josh","2026-06-09 09:02:07","2026-06-02","2026-06-03T04:08:23Z",50.0
"Josh","2026-06-09 09:02:07","2026-06-02","2026-06-03T04:09:23Z",97.3
"Josh","2026-06-09 09:02:07","2026-06-02","2026-06-03T04:10:23Z",97.2
"Josh","2026-06-09 09:02:07","2026-06-02","2026-06-03T04:11:23Z",97.1
"Josh","2026-06-09 09:02:07","2026-06-02","2026-06-03T04:12:23Z",97.1
"Josh","2026-06-09 09:02:07","2026-06-02","2026-06-03T04:13:23Z",97.1
"Josh","2026-06-09 09:02:07","2026-06-02","2026-06-03T04:14:23Z",97.2
"Josh","2026-06-09 09:02:07","2026-06-02","2026-06-03T04:15:23Z",97.2
"Josh","2026-06-09 09:02:07","2026-06-02","2026-06-03T04:16:23Z",97.2
"Josh","2026-06-09 09:02:07","2026-06-02","2026-06-03T04:17:23Z",96.7
"Josh","2026-06-09 09:02:07","2026-06-02","2026-06-03T04:18:23Z",96.8
"Josh","2026-06-09 09:02:07","2026-06-02","2026-06-03T04:19:23Z",96.8
"Josh","2026-06-09 09:02:07","2026-06-02","2026-06-03T04:20:23Z",96.8
"Josh","2026-06-09 09:02:07","2026-06-02","2026-06-03T04:21:23Z",96.9
"Josh","2026-06-09 09:02:07","2026-06-02","2026-06-03T04:22:23Z",96.9
"Josh","2026-06-09 09:02:07","2026-06-02","2026-06-03T04:23:23Z",96.9
"Josh","2026-06-09 09:02:07","2026-06-02","2026-06-03T04:24:23Z",96.7
"Josh","2026-06-09 09:02:07","2026-06-02","2026-06-03T04:25:23Z",96.8
"Josh","2026-06-09 09:02:07","2026-06-02","2026-06-03T04:26:23Z",96.9
"Josh","2026-06-09 09:02:07","2026-06-02","2026-06-03T04:27:23Z",97.1
"Josh","2026-06-09 09:02:07","2026-06-02","2026-06-03T04:28:23Z",97.2
"Josh","2026-06-09 09:02:07","2026-06-02","2026-06-03T04:29:23Z",97.3
"Josh","2026-06-09 09:02:07","2026-06-02","2026-06-03T04:30:23Z",97.3
"Josh","2026-06-09 09:02:07","2026-06-02","2026-06-03T04:31:23Z",97.4
"Josh","2026-06-09 09:02:07","2026-06-02","2026-06-03T04:32:23Z",97.5
"Josh","2026-06-09 09:02:07","2026-06-02","2026-06-03T04:33:23Z",97.6
"Josh","2026-06-09 09:02:07","2026-06-02","2026-06-03T04:34:23Z",97.6
"Josh","2026-06-09 09:02:07","2026-06-02","2026-06-03T04:35:23Z",97.7
"Josh","2026-06-09 09:02:07","2026-06-02","2026-06-03T04:36:23Z",97.7
"Josh","2026-06-09 09:02:07","2026-06-02","2026-06-03T04:37:23Z",97.8
"Josh","2026-06-09 09:02:07","2026-06-02","2026-06-03T04:38:23Z",97.8
"Josh","2026-06-09 09:02:07","2026-06-02","2026-06-03T04:39:23Z",97.9
"Josh","2026-06-09 09:02:07","2026-06-02","2026-06-03T04:40:23Z",97.9
"Josh","2026-06-09 09:02:07","2026-06-02","2026-06-03T04:41:23Z",98.0
"Josh","2026-06-09 09:02:07","2026-06-02","2026-06-03T04:42:23Z",98.0
"Josh","2026-06-09 09:02:07","2026-06-02","2026-06-03T04:43:23Z",98.1
"Josh","2026-06-09 09:02:07","2026-06-02","2026-06-03T04:44:23Z",98.1
"Josh","2026-06-09 09:02:07","2026-06-02","2026-06-03T04:45:23Z",98.2
"Josh","2026-06-09 09:02:07","2026-06-02","2026-06-03T04:46:23Z",98.2
"Josh","2026-06-09 09:02:07","2026-06-02","2026-06-03T04:47:23Z",98.3
"Josh","2026-06-09 09:02:07","2026-06-02","2026-06-03T04:48:23Z",98.4
"Josh","2026-06-09 09:02:07","2026-06-02","2026-06-03T04:49:23Z",98.4
"Josh","2026-06-09 09:02:07","2026-06-02","2026-06-03T04:50:23Z",98.5
"Josh","2026-06-09 09:02:07","2026-06-02","2026-06-03T04:51:23Z",98.6
"Josh","2026-06-09 09:02:07","2026-06-02","2026-06-03T04:52:23Z",98.6
"Josh","2026-06-09 09:02:07","2026-06-02","2026-06-03T04:53:23Z",98.6
"Josh","2026-06-09 09:02:07","2026-06-02","2026-06-03T04:54:23Z",98.7
"Josh","2026-06-09 09:02:07","2026-06-02","2026-06-03T04:55:23Z",98.8
"Josh","2026-06-09 09:02:07","2026-06-02","2026-06-03T04:56:23Z",98.8
"Josh","2026-06-09 09:02:07","2026-06-02","2026-06-03T04:57:23Z",98.8
"Josh","2026-06-09 09:02:07","2026-06-02","2026-06-03T04:58:23Z",98.9
"Josh","2026-06-09 09:02:07","2026-06-02","2026-06-03T04:59:23Z",98.9
"Josh","2026-06-09 09:02:07","2026-06-02","2026-06-03T05:00:23Z",98.9
"Josh","2026-06-09 09:02:07","2026-06-02","2026-06-03T05:01:23Z",98.9
"Josh","2026-06-09 09:02:07","2026-06-02","2026-06-03T05:02:23Z",98.9
"Josh","2026-06-09 09:02:07","2026-06-02","2026-06-03T05:03:23Z",98.8
"Josh","2026-06-09 09:02:07","2026-06-02","2026-06-03T05:04:23Z",98.8
"Josh","2026-06-09 09:02:07","2026-06-02","2026-06-03T05:05:23Z",98.7
"Josh","2026-06-09 09:02:07","2026-06-02","2026-06-03T05:06:23Z",98.8
"Josh","2026-06-09 09:02:07","2026-06-02","2026-06-03T05:07:23Z",98.8
"Josh","2026-06-09 09:02:07","2026-06-02","2026-06-03T05:08:23Z",98.7
"Josh","2026-06-09 09:02:07","2026-06-02","2026-06-03T05:09:23Z",98.6
"Josh","2026-06-09 09:02:07","2026-06-02","2026-06-03T05:10:23Z",98.7
"Josh","2026-06-09 09:02:07","2026-06-02","2026-06-03T05:11:23Z",98.8
"Josh","2026-06-09 09:02:07","2026-06-02","2026-06-03T05:12:23Z",98.7
"Josh","2026-06-09 09:02:07","2026-06-02","2026-06-03T05:13:23Z",98.7
"Josh","2026-06-09 09:02:07","2026-06-02","2026-06-03T05:14:23Z",98.7
"Josh","2026-06-09 09:02:07","2026-06-02","2026-06-03T05:15:23Z",98.7
"Josh","2026-06-09 09:02:07","2026-06-02","2026-06-03T05:16:23Z",98.6
"Josh","2026-06-09 09:02:07","2026-06-02","2026-06-03T05:17:23Z",98.6
"Josh","2026-06-09 09:02:07","2026-06-02","2026-06-03T05:18:23Z",98.6
"Josh","2026-06-09 09:02:07","2026-06-02","2026-06-03T05:19:23Z",98.5
"Josh","2026-06-09 09:02:07","2026-06-02","2026-06-03T05:20:23Z",98.5
"Josh","2026-06-09 09:02:07","2026-06-02","2026-06-03T05:21:23Z",98.4
"Josh","2026-06-09 09:02:07","2026-06-02","2026-06-03T05:22:23Z",98.4
"Josh","2026-06-09 09:02:07","2026-06-02","2026-06-03T05:23:23Z",98.3
"Josh","2026-06-09 09:02:07","2026-06-02","2026-06-03T05:24:23Z",98.3
"Josh","2026-06-09 09:02:07","2026-06-02","2026-06-03T05:25:23Z",98.2
"Josh","2026-06-09 09:02:07","2026-06-02","2026-06-03T05:26:23Z",98.2
"Josh","2026-06-09 09:02:07","2026-06-02","2026-06-03T05:27:23Z",98.1
"Josh","2026-06-09 09:02:07","2026-06-02","2026-06-03T05:28:23Z",98.1
"Josh","2026-06-09 09:02:07","2026-06-02","2026-06-03T05:29:23Z",98.1
"Josh","2026-06-09 09:02:07","2026-06-02","2026-06-03T05:30:23Z",98.0
"Josh","2026-06-09 09:02:07","2026-06-02","2026-06-03T05:31:23Z",98.0
"Josh","2026-06-09 09:02:07","2026-06-02","2026-06-03T05:32:23Z",97.9
"Josh","2026-06-09 09:02:07","2026-06-02","2026-06-03T05:33:23Z",97.9
"Josh","2026-06-09 09:02:07","2026-06-02","2026-06-03T05:34:23Z",97.8
"Josh","2026-06-09 09:02:07","2026-06-02","2026-06-03T05:35:23Z",97.8
"Josh","2026-06-09 09:02:07","2026-06-02","2026-06-03T05:36:23Z",97.7
"Josh","2026-06-09 09:02:07","2026-06-02","2026-06-03T05:37:23Z",97.6
"Josh","2026-06-09 09:02:07","2026-06-02","2026-06-03T05:38:23Z",97.5
"Josh","2026-06-09 09:02:07","2026-06-02","2026-06-03T05:39:23Z",97.3
"Josh","2026-06-09 09:02:07","2026-06-02","2026-06-03T05:40:23Z",97.2
"Josh","2026-06-09 09:02:07","2026-06-02","2026-06-03T05:41:23Z",97.2
"Josh","2026-06-09 09:02:07","2026-06-02","2026-06-03T05:42:23Z",97.1
"Josh","2026-06-09 09:02:07","2026-06-02","2026-06-03T05:43:23Z",97.1
"Josh","2026-06-09 09:02:07","2026-06-02","2026-06-03T05:44:23Z",97.1
"Josh","2026-06-09 09:02:07","2026-06-02","2026-06-03T05:45:23Z",97.1
"Josh","2026-06-09 09:02:07","2026-06-02","2026-06-03T05:46:23Z",97.1
"Josh","2026-06-09 09:02:07","2026-06-02","2026-06-03T05:47:23Z",97.0
"Josh","2026-06-09 09:02:07","2026-06-02","2026-06-03T05:48:23Z",96.9
"Josh","2026-06-09 09:02:07","2026-06-02","2026-06-03T05:49:23Z",97.0
"Josh","2026-06-09 09:02:07","2026-06-02","2026-06-03T05:50:23Z",96.9
"Josh","2026-06-09 09:02:07","2026-06-02","2026-06-03T05:51:23Z",96.9
"Josh","2026-06-09 09:02:07","2026-06-02","2026-06-03T05:52:23Z",96.9
"Josh","2026-06-09 09:02:07","2026-06-02","2026-06-03T05:53:23Z",96.7
"Josh","2026-06-09 09:02:07","2026-06-02","2026-06-03T05:54:23Z",96.8
"Josh","2026-06-09 09:02:07","2026-06-02","2026-06-03T05:55:23Z",96.9
"Josh","2026-06-09 09:02:07","2026-06-02","2026-06-03T05:56:23Z",97.1
"Josh","2026-06-09 09:02:07","2026-06-02","2026-06-03T05:57:23Z",97.1
"Josh","2026-06-09 09:02:07","2026-06-02","2026-06-03T05:58:23Z",97.2
"Josh","2026-06-09 09:02:07","2026-06-02","2026-06-03T05:59:23Z",97.3
"Josh","2026-06-09 09:02:07","2026-06-02","2026-06-03T06:00:23Z",97.4
"Josh","2026-06-09 09:02:07","2026-06-02","2026-06-03T06:01:23Z",97.5
"Josh","2026-06-09 09:02:07","2026-06-02","2026-06-03T06:02:23Z",97.5
"Josh","2026-06-09 09:02:07","2026-06-02","2026-06-03T06:03:23Z",97.6
"Josh","2026-06-09 09:02:07","2026-06-02","2026-06-03T06:04:23Z",97.6
"Josh","2026-06-09 09:02:07","2026-06-02","2026-06-03T06:05:23Z",97.7
"Josh","2026-06-09 09:02:07","2026-06-02","2026-06-03T06:06:23Z",97.7
"Josh","2026-06-09 09:02:07","2026-06-02","2026-06-03T06:07:23Z",97.8
"Josh","2026-06-09 09:02:07","2026-06-02","2026-06-03T06:08:23Z",97.8
"Josh","2026-06-09 09:02:07","2026-06-02","2026-06-03T06:09:23Z",97.9
"Josh","2026-06-09 09:02:07","2026-06-02","2026-06-03T06:10:23Z",97.9
"Josh","2026-06-09 09:02:07","2026-06-02","2026-06-03T06:11:23Z",98.0
"Josh","2026-06-09 09:02:07","2026-06-02","2026-06-03T06:12:23Z",98.0
"Josh","2026-06-09 09:02:07","2026-06-02","2026-06-03T06:13:23Z",98.1
"Josh","2026-06-09 09:02:07","2026-06-02","2026-06-03T06:14:23Z",98.1
"Josh","2026-06-09 09:02:07","2026-06-02","2026-06-03T06:15:23Z",98.2
"Josh","2026-06-09 09:02:07","2026-06-02","2026-06-03T06:16:23Z",98.2
"Josh","2026-06-09 09:02:07","2026-06-02","2026-06-03T06:17:23Z",98.3
"Josh","2026-06-09 09:02:07","2026-06-02","2026-06-03T06:18:23Z",98.3
"Josh","2026-06-09 09:02:07","2026-06-02","2026-06-03T06:19:23Z",98.3
"Josh","2026-06-09 09:02:07","2026-06-02","2026-06-03T06:20:23Z",98.4
"Josh","2026-06-09 09:02:07","2026-06-02","2026-06-03T06:21:23Z",98.5
"Josh","2026-06-09 09:02:07","2026-06-02","2026-06-03T06:22:23Z",98.6
"Josh","2026-06-09 09:02:07","2026-06-02","2026-06-03T06:23:23Z",98.7
"Josh","2026-06-09 09:02:07","2026-06-02","2026-06-03T06:24:23Z",98.7
"Josh","2026-06-09 09:02:07","2026-06-02","2026-06-03T06:25:23Z",98.6
"Josh","2026-06-09 09:02:07","2026-06-02","2026-06-03T06:26:23Z",98.6
"Josh","2026-06-09 09:02:07","2026-06-02","2026-06-03T06:27:23Z",98.6
"Josh","2026-06-09 09:02:07","2026-06-02","2026-06-03T06:28:23Z",98.7
"Josh","2026-06-09 09:02:07","2026-06-02","2026-06-03T06:29:23Z",98.7
"Josh","2026-06-09 09:02:07","2026-06-02","2026-06-03T06:30:23Z",98.8
"Josh","2026-06-09 09:02:07","2026-06-02","2026-06-03T06:31:23Z",98.8
"Josh","2026-06-09 09:02:07","2026-06-02","2026-06-03T06:32:23Z",98.7
"Josh","2026-06-09 09:02:07","2026-06-02","2026-06-03T06:33:23Z",98.8
"Josh","2026-06-09 09:02:07","2026-06-02","2026-06-03T06:34:23Z",98.8
"Josh","2026-06-09 09:02:07","2026-06-02","2026-06-03T06:35:23Z",98.9
"Josh","2026-06-09 09:02:07","2026-06-02","2026-06-03T06:36:23Z",98.9
"Josh","2026-06-09 09:02:07","2026-06-02","2026-06-03T06:37:23Z",98.9
"Josh","2026-06-09 09:02:07","2026-06-02","2026-06-03T06:38:23Z",98.9
"Josh","2026-06-09 09:02:07","2026-06-02","2026-06-03T06:39:23Z",98.9
"Josh","2026-06-09 09:02:07","2026-06-02","2026-06-03T06:40:23Z",98.8
"Josh","2026-06-09 09:02:07","2026-06-02","2026-06-03T06:41:23Z",98.8
"Josh","2026-06-09 09:02:07","2026-06-02","2026-06-03T06:42:23Z",98.7
"Josh","2026-06-09 09:02:07","2026-06-02","2026-06-03T06:43:23Z",98.8
"Josh","2026-06-09 09:02:07","2026-06-02","2026-06-03T06:44:23Z",98.8
"Josh","2026-06-09 09:02:07","2026-06-02","2026-06-03T06:45:23Z",98.8
"Josh","2026-06-09 09:02:07","2026-06-02","2026-06-03T06:46:23Z",98.7
"Josh","2026-06-09 09:02:07","2026-06-02","2026-06-03T06:47:23Z",98.7
"Josh","2026-06-09 09:02:07","2026-06-02","2026-06-03T06:48:23Z",98.6
"Josh","2026-06-09 09:02:07","2026-06-02","2026-06-03T06:49:23Z",98.5
"Josh","2026-06-09 09:02:07","2026-06-02","2026-06-03T06:50:23Z",98.5
"Josh","2026-06-09 09:02:07","2026-06-02","2026-06-03T06:51:23Z",98.4
"Josh","2026-06-09 09:02:07","2026-06-02","2026-06-03T06:52:23Z",98.4
"Josh","2026-06-09 09:02:07","2026-06-02","2026-06-03T06:53:23Z",98.3
"Josh","2026-06-09 09:02:07","2026-06-02","2026-06-03T06:54:23Z",98.3
"Josh","2026-06-09 09:02:07","2026-06-02","2026-06-03T06:55:23Z",98.2
"Josh","2026-06-09 09:02:07","2026-06-02","2026-06-03T06:56:23Z",98.2
"Josh","2026-06-09 09:02:07","2026-06-02","2026-06-03T06:57:23Z",98.2
"Josh","2026-06-09 09:02:07","2026-06-02","2026-06-03T06:58:23Z",98.1
"Josh","2026-06-09 09:02:07","2026-06-02","2026-06-03T06:59:23Z",98.1
"Josh","2026-06-09 09:02:07","2026-06-02","2026-06-03T07:00:23Z",98.0
"Josh","2026-06-09 09:02:07","2026-06-02","2026-06-03T07:01:23Z",98.0
"Josh","2026-06-09 09:02:07","2026-06-02","2026-06-03T07:02:23Z",97.9
"Josh","2026-06-09 09:02:07","2026-06-02","2026-06-03T07:03:23Z",97.9
"Josh","2026-06-09 09:02:07","2026-06-02","2026-06-03T07:04:23Z",97.8
"Josh","2026-06-09 09:02:07","2026-06-02","2026-06-03T07:05:23Z",97.8
"Josh","2026-06-09 09:02:07","2026-06-02","2026-06-03T07:06:23Z",97.7
"Josh","2026-06-09 09:02:07","2026-06-02","2026-06-03T07:07:23Z",97.7
"Josh","2026-06-09 09:02:07","2026-06-02","2026-06-03T07:08:23Z",97.5
"Josh","2026-06-09 09:02:07","2026-06-02","2026-06-03T07:09:23Z",97.5
"Josh","2026-06-09 09:02:07","2026-06-02","2026-06-03T07:10:23Z",97.4
"Josh","2026-06-09 09:02:07","2026-06-02","2026-06-03T07:11:23Z",97.3
"Josh","2026-06-09 09:02:07","2026-06-02","2026-06-03T07:12:23Z",97.2
"Josh","2026-06-09 09:02:07","2026-06-02","2026-06-03T07:13:23Z",97.2
"Josh","2026-06-09 09:02:07","2026-06-02","2026-06-03T07:14:23Z",97.2
"Josh","2026-06-09 09:02:07","2026-06-02","2026-06-03T07:15:23Z",97.1
"Josh","2026-06-09 09:02:07","2026-06-02","2026-06-03T07:16:23Z",97.1
"Josh","2026-06-09 09:02:07","2026-06-02","2026-06-03T07:17:23Z",97.1
"Josh","2026-06-09 09:02:07","2026-06-02","2026-06-03T07:18:23Z",97.1
"Josh","2026-06-09 09:02:07","2026-06-02","2026-06-03T07:19:23Z",97.0
"Josh","2026-06-09 09:02:07","2026-06-02","2026-06-03T07:20:23Z",97.0
"Josh","2026-06-09 09:02:07","2026-06-02","2026-06-03T07:21:23Z",50.0
"Josh","2026-06-09 09:02:07","2026-06-02","2026-06-03T07:22:23Z",96.9
"Josh","2026-06-09 09:02:07","2026-06-02","2026-06-03T07:23:23Z",96.8
"Josh","2026-06-09 09:02:07","2026-06-02","2026-06-03T07:24:23Z",50.0
"Josh","2026-06-09 09:02:07","2026-06-02","2026-06-03T07:25:23Z",97.0
"Josh","2026-06-09 09:02:07","2026-06-02","2026-06-03T07:26:23Z",97.1
"Josh","2026-06-09 09:02:07","2026-06-02","2026-06-03T07:27:23Z",97.2
"Josh","2026-06-09 09:02:07","2026-06-02","2026-06-03T07:28:23Z",97.3
"Josh","2026-06-09 09:02:07","2026-06-02","2026-06-03T07:29:23Z",97.4
"Josh","2026-06-09 09:02:07","2026-06-02","2026-06-03T07:30:23Z",97.6
"Josh","2026-06-09 09:02:07","2026-06-02","2026-06-03T07:31:23Z",97.7
"Josh","2026-06-09 09:02:07","2026-06-02","2026-06-03T07:32:23Z",97.8
"Josh","2026-06-09 09:02:07","2026-06-02","2026-06-03T07:33:23Z",97.9
"Josh","2026-06-09 09:02:07","2026-06-02","2026-06-03T07:34:23Z",98.0
"Josh","2026-06-09 09:02:07","2026-06-02","2026-06-03T07:35:23Z",98.1
"Josh","2026-06-09 09:02:07","2026-06-02","2026-06-03T07:36:23Z",98.2
"Josh","2026-06-09 09:02:07","2026-06-02","2026-06-03T07:37:23Z",98.3
"Josh","2026-06-09 09:02:07","2026-06-02","2026-06-03T07:38:23Z",98.3
"Josh","2026-06-09 09:02:07","2026-06-02","2026-06-03T07:39:23Z",98.4
"Josh","2026-06-09 09:02:07","2026-06-03","2026-06-03T22:20:21Z",98.3
"Josh","2026-06-09 09:02:07","2026-06-03","2026-06-03T22:21:21Z",98.3
"Josh","2026-06-09 09:02:07","2026-06-03","2026-06-03T22:22:21Z",98.3
"Josh","2026-06-09 09:02:07","2026-06-03","2026-06-03T22:23:21Z",98.3
"Josh","2026-06-09 09:02:07","2026-06-03","2026-06-03T22:24:21Z",98.3
"Josh","2026-06-09 09:02:07","2026-06-03","2026-06-03T22:25:21Z",98.3
"Josh","2026-06-09 09:02:07","2026-06-03","2026-06-03T22:26:21Z",98.3
"Josh","2026-06-09 09:02:07","2026-06-03","2026-06-03T22:27:21Z",98.3
"Josh","2026-06-09 09:02:07","2026-06-03","2026-06-03T22:28:21Z",98.3
"Josh","2026-06-09 09:02:07","2026-06-03","2026-06-03T22:29:21Z",98.3
"Josh","2026-06-09 09:02:07","2026-06-03","2026-06-03T22:30:21Z",98.3
"Josh","2026-06-09 09:02:07","2026-06-03","2026-06-03T22:31:21Z",98.3
"Josh","2026-06-09 09:02:07","2026-06-03","2026-06-03T22:32:21Z",98.3
"Josh","2026-06-09 09:02:07","2026-06-03","2026-06-03T22:33:21Z",98.2
"Josh","2026-06-09 09:02:07","2026-06-03","2026-06-03T22:34:21Z",98.2
"Josh","2026-06-09 09:02:07","2026-06-03","2026-06-03T22:35:21Z",98.2
"Josh","2026-06-09 09:02:07","2026-06-03","2026-06-03T22:36:21Z",98.3
"Josh","2026-06-09 09:02:07","2026-06-03","2026-06-03T22:37:21Z",98.3
"Josh","2026-06-09 09:02:07","2026-06-03","2026-06-03T22:38:21Z",98.3
"Josh","2026-06-09 09:02:07","2026-06-03","2026-06-03T22:39:21Z",98.3
"Josh","2026-06-09 09:02:07","2026-06-03","2026-06-03T22:40:21Z",98.3
"Josh","2026-06-09 09:02:07","2026-06-03","2026-06-03T22:41:21Z",98.3
"Josh","2026-06-09 09:02:07","2026-06-03","2026-06-03T22:42:21Z",98.4
"Josh","2026-06-09 09:02:07","2026-06-03","2026-06-03T22:43:21Z",98.3
"Josh","2026-06-09 09:02:07","2026-06-03","2026-06-03T22:44:21Z",98.4
"Josh","2026-06-09 09:02:07","2026-06-03","2026-06-03T22:45:21Z",98.5
"Josh","2026-06-09 09:02:07","2026-06-03","2026-06-03T22:46:21Z",98.5
"Josh","2026-06-09 09:02:07","2026-06-03","2026-06-03T22:47:21Z",98.6
"Josh","2026-06-09 09:02:07","2026-06-03","2026-06-03T22:48:21Z",98.6
"Josh","2026-06-09 09:02:07","2026-06-03","2026-06-03T22:49:21Z",98.6
"Josh","2026-06-09 09:02:07","2026-06-03","2026-06-03T22:50:21Z",98.7
"Josh","2026-06-09 09:02:07","2026-06-03","2026-06-03T22:51:21Z",98.8
"Josh","2026-06-09 09:02:07","2026-06-03","2026-06-03T22:52:21Z",98.9
"Josh","2026-06-09 09:02:07","2026-06-03","2026-06-03T22:53:21Z",98.8
"Josh","2026-06-09 09:02:07","2026-06-03","2026-06-03T22:54:21Z",98.7
"Josh","2026-06-09 09:02:07","2026-06-03","2026-06-03T22:55:21Z",98.7
"Josh","2026-06-09 09:02:07","2026-06-03","2026-06-03T22:56:21Z",98.7
"Josh","2026-06-09 09:02:07","2026-06-03","2026-06-03T22:57:21Z",98.6
"Josh","2026-06-09 09:02:07","2026-06-03","2026-06-03T22:58:21Z",98.6
"Josh","2026-06-09 09:02:07","2026-06-03","2026-06-03T22:59:21Z",98.7
"Josh","2026-06-09 09:02:07","2026-06-03","2026-06-03T23:00:21Z",98.8
"Josh","2026-06-09 09:02:07","2026-06-03","2026-06-03T23:01:21Z",98.7
"Josh","2026-06-09 09:02:07","2026-06-03","2026-06-03T23:02:21Z",98.7
"Josh","2026-06-09 09:02:07","2026-06-03","2026-06-03T23:03:21Z",98.7
"Josh","2026-06-09 09:02:07","2026-06-03","2026-06-03T23:04:21Z",98.7
"Josh","2026-06-09 09:02:07","2026-06-03","2026-06-03T23:05:21Z",98.7
"Josh","2026-06-09 09:02:07","2026-06-03","2026-06-03T23:06:21Z",98.7
"Josh","2026-06-09 09:02:07","2026-06-03","2026-06-03T23:07:21Z",98.8
"Josh","2026-06-09 09:02:07","2026-06-03","2026-06-03T23:08:21Z",98.9
"Josh","2026-06-09 09:02:07","2026-06-03","2026-06-03T23:09:21Z",98.8
"Josh","2026-06-09 09:02:07","2026-06-03","2026-06-03T23:10:21Z",98.8
"Josh","2026-06-09 09:02:07","2026-06-03","2026-06-03T23:11:21Z",98.7
"Josh","2026-06-09 09:02:07","2026-06-03","2026-06-03T23:12:21Z",98.6
"Josh","2026-06-09 09:02:07","2026-06-03","2026-06-03T23:13:21Z",98.6
"Josh","2026-06-09 09:02:07","2026-06-03","2026-06-03T23:14:21Z",98.5
"Josh","2026-06-09 09:02:07","2026-06-03","2026-06-03T23:15:21Z",98.5
"Josh","2026-06-09 09:02:07","2026-06-03","2026-06-03T23:16:21Z",98.4
"Josh","2026-06-09 09:02:07","2026-06-03","2026-06-03T23:17:21Z",98.4
"Josh","2026-06-09 09:02:07","2026-06-03","2026-06-03T23:18:21Z",98.3
"Josh","2026-06-09 09:02:07","2026-06-03","2026-06-03T23:19:21Z",98.3
"Josh","2026-06-09 09:02:07","2026-06-03","2026-06-03T23:20:21Z",98.2
"Josh","2026-06-09 09:02:07","2026-06-03","2026-06-03T23:21:21Z",98.2
"Josh","2026-06-09 09:02:07","2026-06-03","2026-06-03T23:22:21Z",98.2
"Josh","2026-06-09 09:02:07","2026-06-03","2026-06-03T23:23:21Z",98.1
"Josh","2026-06-09 09:02:07","2026-06-03","2026-06-03T23:24:21Z",98.1
"Josh","2026-06-09 09:02:07","2026-06-03","2026-06-03T23:25:21Z",98.0
"Josh","2026-06-09 09:02:07","2026-06-03","2026-06-03T23:26:21Z",98.0
"Josh","2026-06-09 09:02:07","2026-06-03","2026-06-03T23:27:21Z",97.9
"Josh","2026-06-09 09:02:07","2026-06-03","2026-06-03T23:28:21Z",97.9
"Josh","2026-06-09 09:02:07","2026-06-03","2026-06-03T23:29:21Z",97.8
"Josh","2026-06-09 09:02:07","2026-06-03","2026-06-03T23:30:21Z",97.8
"Josh","2026-06-09 09:02:07","2026-06-03","2026-06-03T23:31:21Z",97.7
"Josh","2026-06-09 09:02:07","2026-06-03","2026-06-03T23:32:21Z",97.5
"Josh","2026-06-09 09:02:07","2026-06-03","2026-06-03T23:33:21Z",97.4
"Josh","2026-06-09 09:02:07","2026-06-03","2026-06-03T23:34:21Z",97.3
"Josh","2026-06-09 09:02:07","2026-06-03","2026-06-03T23:35:21Z",97.2
"Josh","2026-06-09 09:02:07","2026-06-03","2026-06-03T23:36:21Z",97.1
"Josh","2026-06-09 09:02:07","2026-06-03","2026-06-03T23:37:21Z",97.1
"Josh","2026-06-09 09:02:07","2026-06-03","2026-06-03T23:38:21Z",97.0
"Josh","2026-06-09 09:02:07","2026-06-03","2026-06-03T23:39:21Z",97.1
"Josh","2026-06-09 09:02:07","2026-06-03","2026-06-03T23:40:21Z",97.0
"Josh","2026-06-09 09:02:07","2026-06-03","2026-06-03T23:41:21Z",97.0
"Josh","2026-06-09 09:02:07","2026-06-03","2026-06-03T23:42:21Z",96.9
"Josh","2026-06-09 09:02:07","2026-06-03","2026-06-03T23:43:21Z",97.0
"Josh","2026-06-09 09:02:07","2026-06-03","2026-06-03T23:44:21Z",97.0
"Josh","2026-06-09 09:02:07","2026-06-03","2026-06-03T23:45:21Z",96.9
"Josh","2026-06-09 09:02:07","2026-06-03","2026-06-03T23:46:21Z",97.0
"Josh","2026-06-09 09:02:07","2026-06-03","2026-06-03T23:47:21Z",97.0
"Josh","2026-06-09 09:02:07","2026-06-03","2026-06-03T23:48:21Z",97.0
"Josh","2026-06-09 09:02:07","2026-06-03","2026-06-03T23:49:21Z",96.9
"Josh","2026-06-09 09:02:07","2026-06-03","2026-06-03T23:50:21Z",97.0
"Josh","2026-06-09 09:02:07","2026-06-03","2026-06-03T23:51:21Z",97.1
"Josh","2026-06-09 09:02:07","2026-06-03","2026-06-03T23:52:21Z",97.2
"Josh","2026-06-09 09:02:07","2026-06-03","2026-06-03T23:53:21Z",97.3
"Josh","2026-06-09 09:02:07","2026-06-03","2026-06-03T23:54:21Z",97.3
"Josh","2026-06-09 09:02:07","2026-06-03","2026-06-03T23:55:21Z",97.4
"Josh","2026-06-09 09:02:07","2026-06-03","2026-06-03T23:56:21Z",97.5
"Josh","2026-06-09 09:02:07","2026-06-03","2026-06-03T23:57:21Z",97.5
"Josh","2026-06-09 09:02:07","2026-06-03","2026-06-03T23:58:21Z",97.6
"Josh","2026-06-09 09:02:07","2026-06-03","2026-06-03T23:59:21Z",97.6
"Josh","2026-06-09 09:02:07","2026-06-03","2026-06-04T00:00:21Z",97.7
"Josh","2026-06-09 09:02:07","2026-06-03","2026-06-04T00:01:21Z",97.8
"Josh","2026-06-09 09:02:07","2026-06-03","2026-06-04T00:02:21Z",97.8
"Josh","2026-06-09 09:02:07","2026-06-03","2026-06-04T00:03:21Z",97.9
"Josh","2026-06-09 09:02:07","2026-06-03","2026-06-04T00:04:21Z",97.9
"Josh","2026-06-09 09:02:07","2026-06-03","2026-06-04T00:05:21Z",97.9
"Josh","2026-06-09 09:02:07","2026-06-03","2026-06-04T00:06:21Z",98.0
"Josh","2026-06-09 09:02:07","2026-06-03","2026-06-04T00:07:21Z",98.0
"Josh","2026-06-09 09:02:07","2026-06-03","2026-06-04T00:08:21Z",98.1
"Josh","2026-06-09 09:02:07","2026-06-03","2026-06-04T00:09:21Z",98.1
"Josh","2026-06-09 09:02:07","2026-06-03","2026-06-04T00:10:21Z",98.2
"Josh","2026-06-09 09:02:07","2026-06-03","2026-06-04T00:11:21Z",98.2
"Josh","2026-06-09 09:02:07","2026-06-03","2026-06-04T00:12:21Z",98.3
"Josh","2026-06-09 09:02:07","2026-06-03","2026-06-04T00:13:21Z",98.4
"Josh","2026-06-09 09:02:07","2026-06-03","2026-06-04T00:14:21Z",98.4
"Josh","2026-06-09 09:02:07","2026-06-03","2026-06-04T00:15:21Z",98.6
"Josh","2026-06-09 09:02:07","2026-06-03","2026-06-04T00:16:21Z",98.5
"Josh","2026-06-09 09:02:07","2026-06-03","2026-06-04T00:17:21Z",98.5
"Josh","2026-06-09 09:02:07","2026-06-03","2026-06-04T00:18:21Z",98.5
"Josh","2026-06-09 09:02:07","2026-06-03","2026-06-04T00:19:21Z",98.5
"Josh","2026-06-09 09:02:07","2026-06-03","2026-06-04T00:20:21Z",98.5
"Josh","2026-06-09 09:02:07","2026-06-03","2026-06-04T00:21:21Z",98.6
"Josh","2026-06-09 09:02:07","2026-06-03","2026-06-04T00:22:21Z",98.7
"Josh","2026-06-09 09:02:07","2026-06-03","2026-06-04T00:23:21Z",98.7
"Josh","2026-06-09 09:02:07","2026-06-03","2026-06-04T00:24:21Z",98.7
"Josh","2026-06-09 09:02:07","2026-06-03","2026-06-04T00:25:21Z",98.8
"Josh","2026-06-09 09:02:07","2026-06-03","2026-06-04T00:26:21Z",98.7
"Josh","2026-06-09 09:02:07","2026-06-03","2026-06-04T00:27:21Z",98.8
"Josh","2026-06-09 09:02:07","2026-06-03","2026-06-04T00:28:21Z",98.8
"Josh","2026-06-09 09:02:07","2026-06-03","2026-06-04T00:29:21Z",98.8
"Josh","2026-06-09 09:02:07","2026-06-03","2026-06-04T00:30:21Z",98.8
"Josh","2026-06-09 09:02:07","2026-06-03","2026-06-04T00:31:21Z",98.8
"Josh","2026-06-09 09:02:07","2026-06-03","2026-06-04T00:32:21Z",98.7
"Josh","2026-06-09 09:02:07","2026-06-03","2026-06-04T00:33:21Z",98.6
"Josh","2026-06-09 09:02:07","2026-06-03","2026-06-04T00:34:21Z",98.7
"Josh","2026-06-09 09:02:07","2026-06-03","2026-06-04T00:35:21Z",98.8
"Josh","2026-06-09 09:02:07","2026-06-03","2026-06-04T00:36:21Z",98.8
"Josh","2026-06-09 09:02:07","2026-06-03","2026-06-04T00:37:21Z",98.9
"Josh","2026-06-09 09:02:07","2026-06-03","2026-06-04T00:38:21Z",98.9
"Josh","2026-06-09 09:02:07","2026-06-03","2026-06-04T00:39:21Z",99.0
"Josh","2026-06-09 09:02:07","2026-06-03","2026-06-04T00:40:21Z",98.9
"Josh","2026-06-09 09:02:07","2026-06-03","2026-06-04T00:41:21Z",98.8
"Josh","2026-06-09 09:02:07","2026-06-03","2026-06-04T00:42:21Z",98.7
"Josh","2026-06-09 09:02:07","2026-06-03","2026-06-04T00:43:21Z",98.7
"Josh","2026-06-09 09:02:07","2026-06-03","2026-06-04T00:44:21Z",98.6
"Josh","2026-06-09 09:02:07","2026-06-03","2026-06-04T00:45:21Z",98.5
"Josh","2026-06-09 09:02:07","2026-06-03","2026-06-04T00:46:21Z",98.5
"Josh","2026-06-09 09:02:07","2026-06-03","2026-06-04T00:47:21Z",98.4
"Josh","2026-06-09 09:02:07","2026-06-03","2026-06-04T00:48:21Z",98.4
"Josh","2026-06-09 09:02:07","2026-06-03","2026-06-04T00:49:21Z",98.3
"Josh","2026-06-09 09:02:07","2026-06-03","2026-06-04T00:50:21Z",98.3
"Josh","2026-06-09 09:02:07","2026-06-03","2026-06-04T00:51:21Z",98.2
"Josh","2026-06-09 09:02:07","2026-06-03","2026-06-04T00:52:21Z",98.2
"Josh","2026-06-09 09:02:07","2026-06-03","2026-06-04T00:53:21Z",98.1
"Josh","2026-06-09 09:02:07","2026-06-03","2026-06-04T00:54:21Z",98.1
"Josh","2026-06-09 09:02:07","2026-06-03","2026-06-04T00:55:21Z",98.0
"Josh","2026-06-09 09:02:07","2026-06-03","2026-06-04T00:56:21Z",98.0
"Josh","2026-06-09 09:02:07","2026-06-03","2026-06-04T00:57:21Z",97.9
"Josh","2026-06-09 09:02:07","2026-06-03","2026-06-04T00:58:21Z",97.9
"Josh","2026-06-09 09:02:07","2026-06-03","2026-06-04T00:59:21Z",97.8
"Josh","2026-06-09 09:02:07","2026-06-03","2026-06-04T01:00:21Z",97.8
"Josh","2026-06-09 09:02:07","2026-06-03","2026-06-04T01:01:21Z",97.8
"Josh","2026-06-09 09:02:07","2026-06-03","2026-06-04T01:02:21Z",97.6
"Josh","2026-06-09 09:02:07","2026-06-03","2026-06-04T01:03:21Z",97.5
"Josh","2026-06-09 09:02:07","2026-06-03","2026-06-04T01:04:21Z",97.5
"Josh","2026-06-09 09:02:07","2026-06-03","2026-06-04T01:05:21Z",97.3
"Josh","2026-06-09 09:02:07","2026-06-03","2026-06-04T01:06:21Z",97.2
"Josh","2026-06-09 09:02:07","2026-06-03","2026-06-04T01:07:21Z",97.1
"Josh","2026-06-09 09:02:07","2026-06-03","2026-06-04T01:08:21Z",97.1
"Josh","2026-06-09 09:02:07","2026-06-03","2026-06-04T01:09:21Z",97.1
"Josh","2026-06-09 09:02:07","2026-06-03","2026-06-04T01:10:21Z",97.1
"Josh","2026-06-09 09:02:07","2026-06-03","2026-06-04T01:11:21Z",97.1
"Josh","2026-06-09 09:02:07","2026-06-03","2026-06-04T01:12:21Z",97.0
"Josh","2026-06-09 09:02:07","2026-06-03","2026-06-04T01:13:21Z",96.9
"Josh","2026-06-09 09:02:07","2026-06-03","2026-06-04T01:14:21Z",97.0
"Josh","2026-06-09 09:02:07","2026-06-03","2026-06-04T01:15:21Z",96.9
"Josh","2026-06-09 09:02:07","2026-06-03","2026-06-04T01:16:21Z",97.0
"Josh","2026-06-09 09:02:07","2026-06-03","2026-06-04T01:17:21Z",96.9
"Josh","2026-06-09 09:02:07","2026-06-03","2026-06-04T01:18:21Z",96.8
"Josh","2026-06-09 09:02:07","2026-06-03","2026-06-04T01:19:21Z",96.9
"Josh","2026-06-09 09:02:07","2026-06-03","2026-06-04T01:20:21Z",97.0
"Josh","2026-06-09 09:02:07","2026-06-03","2026-06-04T01:21:21Z",97.1
"Josh","2026-06-09 09:02:07","2026-06-03","2026-06-04T01:22:21Z",97.2
"Josh","2026-06-09 09:02:07","2026-06-03","2026-06-04T01:23:21Z",97.3
"Josh","2026-06-09 09:02:07","2026-06-03","2026-06-04T01:24:21Z",97.3
"Josh","2026-06-09 09:02:07","2026-06-03","2026-06-04T01:25:21Z",97.4
"Josh","2026-06-09 09:02:07","2026-06-03","2026-06-04T01:26:21Z",97.5
"Josh","2026-06-09 09:02:07","2026-06-03","2026-06-04T01:27:21Z",97.5
"Josh","2026-06-09 09:02:07","2026-06-03","2026-06-04T01:28:21Z",97.6
"Josh","2026-06-09 09:02:07","2026-06-03","2026-06-04T01:29:21Z",97.6
"Josh","2026-06-09 09:02:07","2026-06-03","2026-06-04T01:30:21Z",97.7
"Josh","2026-06-09 09:02:07","2026-06-03","2026-06-04T01:31:21Z",97.8
"Josh","2026-06-09 09:02:07","2026-06-03","2026-06-04T01:32:21Z",97.8
"Josh","2026-06-09 09:02:07","2026-06-03","2026-06-04T01:33:21Z",97.9
"Josh","2026-06-09 09:02:07","2026-06-03","2026-06-04T01:34:21Z",97.9
"Josh","2026-06-09 09:02:07","2026-06-03","2026-06-04T01:35:21Z",97.7
"Josh","2026-06-09 09:02:07","2026-06-03","2026-06-04T01:36:21Z",97.8
"Josh","2026-06-09 09:02:07","2026-06-03","2026-06-04T01:37:21Z",97.9
"Josh","2026-06-09 09:02:07","2026-06-03","2026-06-04T01:38:21Z",98.0
"Josh","2026-06-09 09:02:07","2026-06-03","2026-06-04T01:39:21Z",98.0
"Josh","2026-06-09 09:02:07","2026-06-03","2026-06-04T01:40:21Z",98.1
"Josh","2026-06-09 09:02:07","2026-06-03","2026-06-04T01:41:21Z",98.2
"Josh","2026-06-09 09:02:07","2026-06-03","2026-06-04T01:42:21Z",98.2
"Josh","2026-06-09 09:02:07","2026-06-03","2026-06-04T01:43:21Z",98.3
"Josh","2026-06-09 09:02:07","2026-06-03","2026-06-04T01:44:21Z",98.4
"Josh","2026-06-09 09:02:07","2026-06-03","2026-06-04T01:45:21Z",98.5
"Josh","2026-06-09 09:02:07","2026-06-03","2026-06-04T01:46:21Z",98.5
"Josh","2026-06-09 09:02:07","2026-06-03","2026-06-04T01:47:21Z",98.7
"Josh","2026-06-09 09:02:07","2026-06-03","2026-06-04T01:48:21Z",98.6
"Josh","2026-06-09 09:02:07","2026-06-03","2026-06-04T01:49:21Z",98.7
"Josh","2026-06-09 09:02:07","2026-06-03","2026-06-04T01:50:21Z",98.8
"Josh","2026-06-09 09:02:07","2026-06-03","2026-06-04T01:51:21Z",98.8
"Josh","2026-06-09 09:02:07","2026-06-03","2026-06-04T01:52:21Z",50.0
"Josh","2026-06-09 09:02:07","2026-06-03","2026-06-04T01:53:21Z",98.8
"Josh","2026-06-09 09:02:07","2026-06-03","2026-06-04T01:54:21Z",98.8
"Josh","2026-06-09 09:02:07","2026-06-03","2026-06-04T01:55:21Z",98.8
"Josh","2026-06-09 09:02:07","2026-06-03","2026-06-04T01:56:21Z",98.8
"Josh","2026-06-09 09:02:07","2026-06-03","2026-06-04T01:57:21Z",98.8
"Josh","2026-06-09 09:02:07","2026-06-03","2026-06-04T01:58:21Z",98.9
"Josh","2026-06-09 09:02:07","2026-06-03","2026-06-04T01:59:21Z",98.9
"Josh","2026-06-09 09:02:07","2026-06-03","2026-06-04T02:00:21Z",98.9
"Josh","2026-06-09 09:02:07","2026-06-03","2026-06-04T02:01:21Z",98.8
"Josh","2026-06-09 09:02:07","2026-06-03","2026-06-04T02:02:21Z",98.8
"Josh","2026-06-09 09:02:07","2026-06-03","2026-06-04T02:03:21Z",98.8
"Josh","2026-06-09 09:02:07","2026-06-03","2026-06-04T02:04:21Z",98.8
"Josh","2026-06-09 09:02:07","2026-06-03","2026-06-04T02:05:21Z",98.8
"Josh","2026-06-09 09:02:07","2026-06-03","2026-06-04T02:06:21Z",98.7
"Josh","2026-06-09 09:02:07","2026-06-03","2026-06-04T02:07:21Z",98.7
"Josh","2026-06-09 09:02:07","2026-06-03","2026-06-04T02:08:21Z",98.8
"Josh","2026-06-09 09:02:07","2026-06-03","2026-06-04T02:09:21Z",98.9
"Josh","2026-06-09 09:02:07","2026-06-03","2026-06-04T02:10:21Z",98.8
"Josh","2026-06-09 09:02:07","2026-06-03","2026-06-04T02:11:21Z",98.7
"Josh","2026-06-09 09:02:07","2026-06-03","2026-06-04T02:12:21Z",98.7
"Josh","2026-06-09 09:02:07","2026-06-03","2026-06-04T02:13:21Z",98.6
"Josh","2026-06-09 09:02:07","2026-06-03","2026-06-04T02:14:21Z",98.6
"Josh","2026-06-09 09:02:07","2026-06-03","2026-06-04T02:15:21Z",98.5
"Josh","2026-06-09 09:02:07","2026-06-03","2026-06-04T02:16:21Z",98.5
"Josh","2026-06-09 09:02:07","2026-06-03","2026-06-04T02:17:21Z",98.4
"Josh","2026-06-09 09:02:07","2026-06-03","2026-06-04T02:18:21Z",98.4
"Josh","2026-06-09 09:02:07","2026-06-03","2026-06-04T02:19:21Z",98.3
"Josh","2026-06-09 09:02:07","2026-06-03","2026-06-04T02:20:21Z",98.3
"Josh","2026-06-09 09:02:07","2026-06-03","2026-06-04T02:21:21Z",98.2
"Josh","2026-06-09 09:02:07","2026-06-03","2026-06-04T02:22:21Z",98.2
"Josh","2026-06-09 09:02:07","2026-06-03","2026-06-04T02:23:21Z",98.1
"Josh","2026-06-09 09:02:07","2026-06-03","2026-06-04T02:24:21Z",98.1
"Josh","2026-06-09 09:02:07","2026-06-03","2026-06-04T02:25:21Z",98.0
"Josh","2026-06-09 09:02:07","2026-06-03","2026-06-04T02:26:21Z",98.0
"Josh","2026-06-09 09:02:07","2026-06-03","2026-06-04T02:27:21Z",97.9
"Josh","2026-06-09 09:02:07","2026-06-03","2026-06-04T02:28:21Z",97.9
"Josh","2026-06-09 09:02:07","2026-06-03","2026-06-04T02:29:21Z",97.8
"Josh","2026-06-09 09:02:07","2026-06-03","2026-06-04T02:30:21Z",97.8
"Josh","2026-06-09 09:02:07","2026-06-03","2026-06-04T02:31:21Z",97.7
"Josh","2026-06-09 09:02:07","2026-06-03","2026-06-04T02:32:21Z",97.7
"Josh","2026-06-09 09:02:07","2026-06-03","2026-06-04T02:33:21Z",97.5
"Josh","2026-06-09 09:02:07","2026-06-03","2026-06-04T02:34:21Z",97.4
"Josh","2026-06-09 09:02:07","2026-06-03","2026-06-04T02:35:21Z",97.4
"Josh","2026-06-09 09:02:07","2026-06-03","2026-06-04T02:36:21Z",97.3
"Josh","2026-06-09 09:02:07","2026-06-03","2026-06-04T02:37:21Z",97.2
"Josh","2026-06-09 09:02:07","2026-06-03","2026-06-04T02:38:21Z",97.2
"Josh","2026-06-09 09:02:07","2026-06-03","2026-06-04T02:39:21Z",97.2
"Josh","2026-06-09 09:02:07","2026-06-03","2026-06-04T02:40:21Z",97.2
"Josh","2026-06-09 09:02:07","2026-06-03","2026-06-04T02:41:21Z",97.2
"Josh","2026-06-09 09:02:07","2026-06-03","2026-06-04T02:42:21Z",97.2
"Josh","2026-06-09 09:02:07","2026-06-03","2026-06-04T02:43:21Z",97.2
"Josh","2026-06-09 09:02:07","2026-06-03","2026-06-04T02:44:21Z",97.1
"Josh","2026-06-09 09:02:07","2026-06-03","2026-06-04T02:45:21Z",97.0
"Josh","2026-06-09 09:02:07","2026-06-03","2026-06-04T02:46:21Z",97.0
"Josh","2026-06-09 09:02:07","2026-06-03","2026-06-04T02:47:21Z",97.1
"Josh","2026-06-09 09:02:07","2026-06-03","2026-06-04T02:48:21Z",97.0
"Josh","2026-06-09 09:02:07","2026-06-03","2026-06-04T02:49:21Z",96.9
"Josh","2026-06-09 09:02:07","2026-06-03","2026-06-04T02:50:21Z",97.0
"Josh","2026-06-09 09:02:07","2026-06-03","2026-06-04T02:51:21Z",97.1
"Josh","2026-06-09 09:02:07","2026-06-03","2026-06-04T02:52:21Z",97.2
"Josh","2026-06-09 09:02:07","2026-06-03","2026-06-04T02:53:21Z",97.3
"Josh","2026-06-09 09:02:07","2026-06-03","2026-06-04T02:54:21Z",97.3
"Josh","2026-06-09 09:02:07","2026-06-03","2026-06-04T02:55:21Z",97.4
"Josh","2026-06-09 09:02:07","2026-06-03","2026-06-04T02:56:21Z",97.5
"Josh","2026-06-09 09:02:07","2026-06-03","2026-06-04T02:57:21Z",97.5
"Josh","2026-06-09 09:02:07","2026-06-03","2026-06-04T02:58:21Z",97.6
"Josh","2026-06-09 09:02:07","2026-06-03","2026-06-04T02:59:21Z",97.6
"Josh","2026-06-09 09:02:07","2026-06-03","2026-06-04T03:00:21Z",97.4
"Josh","2026-06-09 09:02:07","2026-06-03","2026-06-04T03:01:21Z",97.5
"Josh","2026-06-09 09:02:07","2026-06-03","2026-06-04T03:02:21Z",97.6
"Josh","2026-06-09 09:02:07","2026-06-03","2026-06-04T03:03:21Z",97.7
"Josh","2026-06-09 09:02:07","2026-06-03","2026-06-04T03:04:21Z",97.8
"Josh","2026-06-09 09:02:07","2026-06-03","2026-06-04T03:05:21Z",97.8
"Josh","2026-06-09 09:02:07","2026-06-03","2026-06-04T03:06:21Z",97.9
"Josh","2026-06-09 09:02:07","2026-06-03","2026-06-04T03:07:21Z",98.0
"Josh","2026-06-09 09:02:07","2026-06-03","2026-06-04T03:08:21Z",98.0
"Josh","2026-06-09 09:02:07","2026-06-03","2026-06-04T03:09:21Z",98.1
"Josh","2026-06-09 09:02:07","2026-06-03","2026-06-04T03:10:21Z",98.1
"Josh","2026-06-09 09:02:07","2026-06-03","2026-06-04T03:11:21Z",98.2
"Josh","2026-06-09 09:02:07","2026-06-03","2026-06-04T03:12:21Z",98.2
"Josh","2026-06-09 09:02:07","2026-06-03","2026-06-04T03:13:21Z",98.3
"Josh","2026-06-09 09:02:07","2026-06-03","2026-06-04T03:14:21Z",98.3
"Josh","2026-06-09 09:02:07","2026-06-03","2026-06-04T03:15:21Z",98.5
"Josh","2026-06-09 09:02:07","2026-06-03","2026-06-04T03:16:21Z",98.5
"Josh","2026-06-09 09:02:07","2026-06-03","2026-06-04T03:17:21Z",98.7
"Josh","2026-06-09 09:02:07","2026-06-03","2026-06-04T03:18:21Z",98.8
"Josh","2026-06-09 09:02:07","2026-06-03","2026-06-04T03:19:21Z",98.8
"Josh","2026-06-09 09:02:07","2026-06-03","2026-06-04T03:20:21Z",98.8
"Josh","2026-06-09 09:02:07","2026-06-03","2026-06-04T03:21:21Z",98.9
"Josh","2026-06-09 09:02:07","2026-06-03","2026-06-04T03:22:21Z",98.9
"Josh","2026-06-09 09:02:07","2026-06-03","2026-06-04T03:23:21Z",98.9
"Josh","2026-06-09 09:02:07","2026-06-03","2026-06-04T03:24:21Z",99.0
"Josh","2026-06-09 09:02:07","2026-06-03","2026-06-04T03:25:21Z",98.8
"Josh","2026-06-09 09:02:07","2026-06-03","2026-06-04T03:26:21Z",98.7
"Josh","2026-06-09 09:02:07","2026-06-03","2026-06-04T03:27:21Z",98.7
"Josh","2026-06-09 09:02:07","2026-06-03","2026-06-04T03:28:21Z",98.7
"Josh","2026-06-09 09:02:07","2026-06-03","2026-06-04T03:29:21Z",98.7
"Josh","2026-06-09 09:02:07","2026-06-03","2026-06-04T03:30:21Z",98.8
"Josh","2026-06-09 09:02:07","2026-06-03","2026-06-04T03:31:21Z",98.8
"Josh","2026-06-09 09:02:07","2026-06-03","2026-06-04T03:32:21Z",98.7
"Josh","2026-06-09 09:02:07","2026-06-03","2026-06-04T03:33:21Z",98.8
"Josh","2026-06-09 09:02:07","2026-06-03","2026-06-04T03:34:21Z",98.9
"Josh","2026-06-09 09:02:07","2026-06-03","2026-06-04T03:35:21Z",98.9
"Josh","2026-06-09 09:02:07","2026-06-03","2026-06-04T03:36:21Z",98.9
"Josh","2026-06-09 09:02:07","2026-06-03","2026-06-04T03:37:21Z",98.8
"Josh","2026-06-09 09:02:07","2026-06-03","2026-06-04T03:38:21Z",98.7
"Josh","2026-06-09 09:02:07","2026-06-03","2026-06-04T03:39:21Z",98.7
"Josh","2026-06-09 09:02:07","2026-06-03","2026-06-04T03:40:21Z",98.6
"Josh","2026-06-09 09:02:07","2026-06-03","2026-06-04T03:41:21Z",98.6
"Josh","2026-06-09 09:02:07","2026-06-03","2026-06-04T03:42:21Z",98.6
"Josh","2026-06-09 09:02:07","2026-06-03","2026-06-04T03:43:21Z",98.5
"Josh","2026-06-09 09:02:07","2026-06-03","2026-06-04T03:44:21Z",98.5
"Josh","2026-06-09 09:02:07","2026-06-03","2026-06-04T03:45:21Z",98.4
"Josh","2026-06-09 09:02:07","2026-06-03","2026-06-04T03:46:21Z",98.4
"Josh","2026-06-09 09:02:07","2026-06-03","2026-06-04T03:47:21Z",98.4
"Josh","2026-06-09 09:02:07","2026-06-03","2026-06-04T03:48:21Z",98.3
"Josh","2026-06-09 09:02:07","2026-06-03","2026-06-04T03:49:21Z",98.3
"Josh","2026-06-09 09:02:07","2026-06-03","2026-06-04T03:50:21Z",98.2
"Josh","2026-06-09 09:02:07","2026-06-03","2026-06-04T03:51:21Z",98.2
"Josh","2026-06-09 09:02:07","2026-06-03","2026-06-04T03:52:21Z",98.1
"Josh","2026-06-09 09:02:07","2026-06-03","2026-06-04T03:53:21Z",50.0
"Josh","2026-06-09 09:02:07","2026-06-03","2026-06-04T03:54:21Z",98.1
"Josh","2026-06-09 09:02:07","2026-06-03","2026-06-04T03:55:21Z",98.0
"Josh","2026-06-09 09:02:07","2026-06-03","2026-06-04T03:56:21Z",98.0
"Josh","2026-06-09 09:02:07","2026-06-03","2026-06-04T03:57:21Z",97.9
"Josh","2026-06-09 09:02:07","2026-06-03","2026-06-04T03:58:21Z",97.9
"Josh","2026-06-09 09:02:07","2026-06-03","2026-06-04T03:59:21Z",97.8
"Josh","2026-06-09 09:02:07","2026-06-03","2026-06-04T04:00:21Z",97.8
"Josh","2026-06-09 09:02:07","2026-06-03","2026-06-04T04:01:21Z",97.7
"Josh","2026-06-09 09:02:07","2026-06-03","2026-06-04T04:02:21Z",97.6
"Josh","2026-06-09 09:02:07","2026-06-03","2026-06-04T04:03:21Z",97.6
"Josh","2026-06-09 09:02:07","2026-06-03","2026-06-04T04:04:21Z",97.5
"Josh","2026-06-09 09:02:07","2026-06-03","2026-06-04T04:05:21Z",97.3
"Josh","2026-06-09 09:02:07","2026-06-03","2026-06-04T04:06:21Z",97.0
"Josh","2026-06-09 09:02:07","2026-06-03","2026-06-04T04:07:21Z",97.1
"Josh","2026-06-09 09:02:07","2026-06-03","2026-06-04T04:08:21Z",97.0
"Josh","2026-06-09 09:02:07","2026-06-03","2026-06-04T04:09:21Z",97.0
"Josh","2026-06-09 09:02:07","2026-06-03","2026-06-04T04:10:21Z",97.0
"Josh","2026-06-09 09:02:07","2026-06-03","2026-06-04T04:11:21Z",97.0
"Josh","2026-06-09 09:02:07","2026-06-03","2026-06-04T04:12:21Z",97.1
"Josh","2026-06-09 09:02:07","2026-06-03","2026-06-04T04:13:21Z",97.0
"Josh","2026-06-09 09:02:07","2026-06-03","2026-06-04T04:14:21Z",97.0
"Josh","2026-06-09 09:02:07","2026-06-03","2026-06-04T04:15:21Z",97.0
"Josh","2026-06-09 09:02:07","2026-06-03","2026-06-04T04:16:21Z",97.0
"Josh","2026-06-09 09:02:07","2026-06-03","2026-06-04T04:17:21Z",97.0
"Josh","2026-06-09 09:02:07","2026-06-03","2026-06-04T04:18:21Z",97.1
"Josh","2026-06-09 09:02:07","2026-06-03","2026-06-04T04:19:21Z",97.1
"Josh","2026-06-09 09:02:07","2026-06-03","2026-06-04T04:20:21Z",97.2
"Josh","2026-06-09 09:02:07","2026-06-03","2026-06-04T04:21:21Z",97.2
"Josh","2026-06-09 09:02:07","2026-06-03","2026-06-04T04:22:21Z",97.3
"Josh","2026-06-09 09:02:07","2026-06-03","2026-06-04T04:23:21Z",97.4
"Josh","2026-06-09 09:02:07","2026-06-03","2026-06-04T04:24:21Z",97.4
"Josh","2026-06-09 09:02:07","2026-06-03","2026-06-04T04:25:21Z",97.5
"Josh","2026-06-09 09:02:07","2026-06-03","2026-06-04T04:26:21Z",97.5
"Josh","2026-06-09 09:02:07","2026-06-03","2026-06-04T04:27:21Z",97.6
"Josh","2026-06-09 09:02:07","2026-06-03","2026-06-04T04:28:21Z",97.6
"Josh","2026-06-09 09:02:07","2026-06-03","2026-06-04T04:29:21Z",97.7
"Josh","2026-06-09 09:02:07","2026-06-03","2026-06-04T04:30:21Z",97.7
"Josh","2026-06-09 09:02:07","2026-06-03","2026-06-04T04:31:21Z",97.8
"Josh","2026-06-09 09:02:07","2026-06-03","2026-06-04T04:32:21Z",97.8
"Josh","2026-06-09 09:02:07","2026-06-03","2026-06-04T04:33:21Z",97.9
"Josh","2026-06-09 09:02:07","2026-06-03","2026-06-04T04:34:21Z",97.9
"Josh","2026-06-09 09:02:07","2026-06-03","2026-06-04T04:35:21Z",98.0
"Josh","2026-06-09 09:02:07","2026-06-03","2026-06-04T04:36:21Z",98.0
"Josh","2026-06-09 09:02:07","2026-06-03","2026-06-04T04:37:21Z",98.0
"Josh","2026-06-09 09:02:07","2026-06-03","2026-06-04T04:38:21Z",98.1
"Josh","2026-06-09 09:02:07","2026-06-03","2026-06-04T04:39:21Z",98.1
"Josh","2026-06-09 09:02:07","2026-06-03","2026-06-04T04:40:21Z",98.2
"Josh","2026-06-09 09:02:07","2026-06-03","2026-06-04T04:41:21Z",98.2
"Josh","2026-06-09 09:02:07","2026-06-03","2026-06-04T04:42:21Z",98.3
"Josh","2026-06-09 09:02:07","2026-06-03","2026-06-04T04:43:21Z",98.3
"Josh","2026-06-09 09:02:07","2026-06-03","2026-06-04T04:44:21Z",98.5
"Josh","2026-06-09 09:02:07","2026-06-03","2026-06-04T04:45:21Z",98.4
"Josh","2026-06-09 09:02:07","2026-06-03","2026-06-04T04:46:21Z",98.6
"Josh","2026-06-09 09:02:07","2026-06-03","2026-06-04T04:47:21Z",98.6
"Josh","2026-06-09 09:02:07","2026-06-03","2026-06-04T04:48:21Z",98.7
"Josh","2026-06-09 09:02:07","2026-06-03","2026-06-04T04:49:21Z",98.6
"Josh","2026-06-09 09:02:07","2026-06-03","2026-06-04T04:50:21Z",98.7
"Josh","2026-06-09 09:02:07","2026-06-03","2026-06-04T04:51:21Z",98.7
"Josh","2026-06-09 09:02:07","2026-06-03","2026-06-04T04:52:21Z",98.7
"Josh","2026-06-09 09:02:07","2026-06-03","2026-06-04T04:53:21Z",98.6
"Josh","2026-06-09 09:02:07","2026-06-03","2026-06-04T04:54:21Z",98.6
"Josh","2026-06-09 09:02:07","2026-06-03","2026-06-04T04:55:21Z",98.5
"Josh","2026-06-09 09:02:07","2026-06-03","2026-06-04T04:56:21Z",98.5
"Josh","2026-06-09 09:02:07","2026-06-03","2026-06-04T04:57:21Z",98.6
"Josh","2026-06-09 09:02:07","2026-06-03","2026-06-04T04:58:21Z",98.5
"Josh","2026-06-09 09:02:07","2026-06-03","2026-06-04T04:59:21Z",98.5
"Josh","2026-06-09 09:02:07","2026-06-03","2026-06-04T05:00:21Z",98.6
"Josh","2026-06-09 09:02:07","2026-06-03","2026-06-04T05:01:21Z",98.7
"Josh","2026-06-09 09:02:07","2026-06-03","2026-06-04T05:02:21Z",98.8
"Josh","2026-06-09 09:02:07","2026-06-03","2026-06-04T05:03:21Z",98.9
"Josh","2026-06-09 09:02:07","2026-06-03","2026-06-04T05:04:21Z",98.9
"Josh","2026-06-09 09:02:07","2026-06-03","2026-06-04T05:05:21Z",98.9
"Josh","2026-06-09 09:02:07","2026-06-03","2026-06-04T05:06:21Z",98.9
"Josh","2026-06-09 09:02:07","2026-06-03","2026-06-04T05:07:21Z",98.8
"Josh","2026-06-09 09:02:07","2026-06-03","2026-06-04T05:08:21Z",98.8
"Josh","2026-06-09 09:02:07","2026-06-03","2026-06-04T05:09:21Z",98.9
"Josh","2026-06-09 09:02:07","2026-06-03","2026-06-04T05:10:21Z",98.8
"Josh","2026-06-09 09:02:07","2026-06-03","2026-06-04T05:11:21Z",98.8
"Josh","2026-06-09 09:02:07","2026-06-03","2026-06-04T05:12:21Z",98.7
"Josh","2026-06-09 09:02:07","2026-06-03","2026-06-04T05:13:21Z",98.6
"Josh","2026-06-09 09:02:07","2026-06-03","2026-06-04T05:14:21Z",98.6
"Josh","2026-06-09 09:02:07","2026-06-03","2026-06-04T05:15:21Z",98.5
"Josh","2026-06-09 09:02:07","2026-06-03","2026-06-04T05:16:21Z",98.5
"Josh","2026-06-09 09:02:07","2026-06-03","2026-06-04T05:17:21Z",98.4
"Josh","2026-06-09 09:02:07","2026-06-03","2026-06-04T05:18:21Z",98.4
"Josh","2026-06-09 09:02:07","2026-06-03","2026-06-04T05:19:21Z",98.3
"Josh","2026-06-09 09:02:07","2026-06-03","2026-06-04T05:20:21Z",98.3
"Josh","2026-06-09 09:02:07","2026-06-03","2026-06-04T05:21:21Z",98.2
"Josh","2026-06-09 09:02:07","2026-06-03","2026-06-04T05:22:21Z",98.2
"Josh","2026-06-09 09:02:07","2026-06-03","2026-06-04T05:23:21Z",98.1
"Josh","2026-06-09 09:02:07","2026-06-03","2026-06-04T05:24:21Z",50.0
"Josh","2026-06-09 09:02:07","2026-06-03","2026-06-04T05:25:21Z",98.0
"Josh","2026-06-09 09:02:07","2026-06-03","2026-06-04T05:26:21Z",98.0
"Josh","2026-06-09 09:02:07","2026-06-03","2026-06-04T05:27:21Z",97.9
"Josh","2026-06-09 09:02:07","2026-06-03","2026-06-04T05:28:21Z",97.9
"Josh","2026-06-09 09:02:07","2026-06-03","2026-06-04T05:29:21Z",97.8
"Josh","2026-06-09 09:02:07","2026-06-03","2026-06-04T05:30:21Z",97.8
"Josh","2026-06-09 09:02:07","2026-06-03","2026-06-04T05:31:21Z",97.7
"Josh","2026-06-09 09:02:07","2026-06-03","2026-06-04T05:32:21Z",97.6
"Josh","2026-06-09 09:02:07","2026-06-03","2026-06-04T05:33:21Z",97.4
"Josh","2026-06-09 09:02:07","2026-06-03","2026-06-04T05:34:21Z",97.4
"Josh","2026-06-09 09:02:07","2026-06-03","2026-06-04T05:35:21Z",97.3
"Josh","2026-06-09 09:02:07","2026-06-03","2026-06-04T05:36:21Z",97.3
"Josh","2026-06-09 09:02:07","2026-06-03","2026-06-04T05:37:21Z",97.3
"Josh","2026-06-09 09:02:07","2026-06-03","2026-06-04T05:38:21Z",97.3
"Josh","2026-06-09 09:02:07","2026-06-03","2026-06-04T05:39:21Z",97.3
"Josh","2026-06-09 09:02:07","2026-06-03","2026-06-04T05:40:21Z",97.2
"Josh","2026-06-09 09:02:07","2026-06-03","2026-06-04T05:41:21Z",97.2
"Josh","2026-06-09 09:02:07","2026-06-03","2026-06-04T05:42:21Z",97.3
"Josh","2026-06-09 09:02:07","2026-06-03","2026-06-04T05:43:21Z",97.2
"Josh","2026-06-09 09:02:07","2026-06-03","2026-06-04T05:44:21Z",97.1
"Josh","2026-06-09 09:02:07","2026-06-03","2026-06-04T05:45:21Z",97.1
"Josh","2026-06-09 09:02:07","2026-06-03","2026-06-04T05:46:21Z",97.1
"Josh","2026-06-09 09:02:07","2026-06-03","2026-06-04T05:47:21Z",97.0
"Josh","2026-06-09 09:02:07","2026-06-03","2026-06-04T05:48:21Z",97.0
"Josh","2026-06-09 09:02:07","2026-06-03","2026-06-04T05:49:21Z",97.1
"Josh","2026-06-09 09:02:07","2026-06-03","2026-06-04T05:50:21Z",97.2
"Josh","2026-06-09 09:02:07","2026-06-03","2026-06-04T05:51:21Z",97.2
"Josh","2026-06-09 09:02:07","2026-06-03","2026-06-04T05:52:21Z",97.3
"Josh","2026-06-09 09:02:07","2026-06-03","2026-06-04T05:53:21Z",97.4
"Josh","2026-06-09 09:02:07","2026-06-03","2026-06-04T05:54:21Z",97.4
"Josh","2026-06-09 09:02:07","2026-06-03","2026-06-04T05:55:21Z",97.5
"Josh","2026-06-09 09:02:07","2026-06-03","2026-06-04T05:56:21Z",97.5
"Josh","2026-06-09 09:02:07","2026-06-03","2026-06-04T05:57:21Z",97.6
"Josh","2026-06-09 09:02:07","2026-06-03","2026-06-04T05:58:21Z",97.6
"Josh","2026-06-09 09:02:07","2026-06-03","2026-06-04T05:59:21Z",97.7
"Josh","2026-06-09 09:02:07","2026-06-03","2026-06-04T06:00:21Z",97.7
"Josh","2026-06-09 09:02:07","2026-06-03","2026-06-04T06:01:21Z",97.8
"Josh","2026-06-09 09:02:07","2026-06-03","2026-06-04T06:02:21Z",97.8
"Josh","2026-06-09 09:02:07","2026-06-03","2026-06-04T06:03:21Z",97.9
"Josh","2026-06-09 09:02:07","2026-06-03","2026-06-04T06:04:21Z",97.9
"Josh","2026-06-09 09:02:07","2026-06-03","2026-06-04T06:05:21Z",98.0
"Josh","2026-06-09 09:02:07","2026-06-03","2026-06-04T06:06:21Z",98.0
"Josh","2026-06-09 09:02:07","2026-06-03","2026-06-04T06:07:21Z",98.0
"Josh","2026-06-09 09:02:07","2026-06-03","2026-06-04T06:08:21Z",98.1
"Josh","2026-06-09 09:02:07","2026-06-03","2026-06-04T06:09:21Z",98.1
"Josh","2026-06-09 09:02:07","2026-06-03","2026-06-04T06:10:21Z",98.2
"Josh","2026-06-09 09:02:07","2026-06-03","2026-06-04T06:11:21Z",98.2
"Josh","2026-06-09 09:02:07","2026-06-03","2026-06-04T06:12:21Z",98.3
"Josh","2026-06-09 09:02:07","2026-06-03","2026-06-04T06:13:21Z",98.3
"Josh","2026-06-09 09:02:07","2026-06-03","2026-06-04T06:14:21Z",98.5
"Josh","2026-06-09 09:02:07","2026-06-03","2026-06-04T06:15:21Z",98.6
"Josh","2026-06-09 09:02:07","2026-06-03","2026-06-04T06:16:21Z",98.6
"Josh","2026-06-09 09:02:07","2026-06-03","2026-06-04T06:17:21Z",98.6
"Josh","2026-06-09 09:02:07","2026-06-03","2026-06-04T06:18:21Z",98.7
"Josh","2026-06-09 09:02:07","2026-06-03","2026-06-04T06:19:21Z",98.6
"Josh","2026-06-09 09:02:07","2026-06-03","2026-06-04T06:20:21Z",98.6
"Josh","2026-06-09 09:02:07","2026-06-03","2026-06-04T06:21:21Z",98.6
"Josh","2026-06-09 09:02:07","2026-06-03","2026-06-04T06:22:21Z",98.7
"Josh","2026-06-09 09:02:07","2026-06-03","2026-06-04T06:23:21Z",98.7
"Josh","2026-06-09 09:02:07","2026-06-03","2026-06-04T06:24:21Z",98.7
"Josh","2026-06-09 09:02:07","2026-06-03","2026-06-04T06:25:21Z",98.7
"Josh","2026-06-09 09:02:07","2026-06-03","2026-06-04T06:26:21Z",98.7
"Josh","2026-06-09 09:02:07","2026-06-03","2026-06-04T06:27:21Z",98.7
"Josh","2026-06-09 09:02:07","2026-06-03","2026-06-04T06:28:21Z",98.7
"Josh","2026-06-09 09:02:07","2026-06-03","2026-06-04T06:29:21Z",98.8
"Josh","2026-06-09 09:02:07","2026-06-03","2026-06-04T06:30:21Z",98.9
"Josh","2026-06-09 09:02:07","2026-06-03","2026-06-04T06:31:21Z",98.8
"Josh","2026-06-09 09:02:07","2026-06-03","2026-06-04T06:32:21Z",98.7
"Josh","2026-06-09 09:02:07","2026-06-03","2026-06-04T06:33:21Z",98.7
"Josh","2026-06-09 09:02:07","2026-06-03","2026-06-04T06:34:21Z",98.7
"Josh","2026-06-09 09:02:07","2026-06-03","2026-06-04T06:35:21Z",98.6
"Josh","2026-06-09 09:02:07","2026-06-03","2026-06-04T06:36:21Z",98.6
"Josh","2026-06-09 09:02:07","2026-06-03","2026-06-04T06:37:21Z",98.7
"Josh","2026-06-09 09:02:07","2026-06-03","2026-06-04T06:38:21Z",98.7
"Josh","2026-06-09 09:02:07","2026-06-03","2026-06-04T06:39:21Z",98.7
"Josh","2026-06-09 09:02:07","2026-06-03","2026-06-04T06:40:21Z",98.7
"Josh","2026-06-09 09:02:07","2026-06-03","2026-06-04T06:41:21Z",98.6
"Josh","2026-06-09 09:02:07","2026-06-03","2026-06-04T06:42:21Z",98.6
"Josh","2026-06-09 09:02:07","2026-06-03","2026-06-04T06:43:21Z",98.5
"Josh","2026-06-09 09:02:07","2026-06-03","2026-06-04T06:44:21Z",98.5
"Josh","2026-06-09 09:02:07","2026-06-03","2026-06-04T06:45:21Z",98.5
"Josh","2026-06-09 09:02:07","2026-06-03","2026-06-04T06:46:21Z",98.4
"Josh","2026-06-09 09:02:07","2026-06-03","2026-06-04T06:47:21Z",98.4
"Josh","2026-06-09 09:02:07","2026-06-03","2026-06-04T06:48:21Z",98.3
"Josh","2026-06-09 09:02:07","2026-06-03","2026-06-04T06:49:21Z",98.3
"Josh","2026-06-09 09:02:07","2026-06-03","2026-06-04T06:50:21Z",98.2
"Josh","2026-06-09 09:02:07","2026-06-03","2026-06-04T06:51:21Z",98.2
"Josh","2026-06-09 09:02:07","2026-06-03","2026-06-04T06:52:21Z",98.1
"Josh","2026-06-09 09:02:07","2026-06-03","2026-06-04T06:53:21Z",98.1
"Josh","2026-06-09 09:02:07","2026-06-03","2026-06-04T06:54:21Z",98.1
"Josh","2026-06-09 09:02:07","2026-06-03","2026-06-04T06:55:21Z",98.0
"Josh","2026-06-09 09:02:07","2026-06-03","2026-06-04T06:56:21Z",98.0
"Josh","2026-06-09 09:02:07","2026-06-03","2026-06-04T06:57:21Z",97.9
"Josh","2026-06-09 09:02:07","2026-06-03","2026-06-04T06:58:21Z",97.9
"Josh","2026-06-09 09:02:07","2026-06-03","2026-06-04T06:59:21Z",97.8
"Josh","2026-06-09 09:02:07","2026-06-03","2026-06-04T07:00:21Z",97.8
"Josh","2026-06-09 09:02:07","2026-06-03","2026-06-04T07:01:21Z",97.7
"Josh","2026-06-09 09:02:07","2026-06-03","2026-06-04T07:02:21Z",97.7
"Josh","2026-06-09 09:02:07","2026-06-03","2026-06-04T07:03:21Z",97.5
"Josh","2026-06-09 09:02:07","2026-06-03","2026-06-04T07:04:21Z",97.5
"Josh","2026-06-09 09:02:07","2026-06-03","2026-06-04T07:05:21Z",97.3
"Josh","2026-06-09 09:02:07","2026-06-03","2026-06-04T07:06:21Z",97.3
"Josh","2026-06-09 09:02:07","2026-06-03","2026-06-04T07:07:21Z",97.3
"Josh","2026-06-09 09:02:07","2026-06-03","2026-06-04T07:08:21Z",97.3
"Josh","2026-06-09 09:02:07","2026-06-03","2026-06-04T07:09:21Z",97.3
"Josh","2026-06-09 09:02:07","2026-06-03","2026-06-04T07:10:21Z",97.3
"Josh","2026-06-09 09:02:07","2026-06-03","2026-06-04T07:11:21Z",97.3
"Josh","2026-06-09 09:02:07","2026-06-03","2026-06-04T07:12:21Z",97.3
"Josh","2026-06-09 09:02:07","2026-06-03","2026-06-04T07:13:21Z",97.1
"Josh","2026-06-09 09:02:07","2026-06-03","2026-06-04T07:14:21Z",97.1
"Josh","2026-06-09 09:02:07","2026-06-03","2026-06-04T07:15:21Z",97.1
"Josh","2026-06-09 09:02:07","2026-06-03","2026-06-04T07:16:21Z",97.0
"Josh","2026-06-09 09:02:07","2026-06-03","2026-06-04T07:17:21Z",97.0
"Josh","2026-06-09 09:02:07","2026-06-03","2026-06-04T07:18:21Z",97.0
"Josh","2026-06-09 09:02:07","2026-06-03","2026-06-04T07:19:21Z",97.0
"Josh","2026-06-09 09:02:07","2026-06-03","2026-06-04T07:20:21Z",97.1
"Josh","2026-06-09 09:02:07","2026-06-03","2026-06-04T07:21:21Z",97.2
"Josh","2026-06-09 09:02:07","2026-06-03","2026-06-04T07:22:21Z",97.3
"Josh","2026-06-09 09:02:07","2026-06-03","2026-06-04T07:23:21Z",97.3
"Josh","2026-06-09 09:02:07","2026-06-03","2026-06-04T07:24:21Z",97.4
"Josh","2026-06-09 09:02:07","2026-06-03","2026-06-04T07:25:21Z",97.4
"Josh","2026-06-09 09:02:07","2026-06-03","2026-06-04T07:26:21Z",97.5
"Josh","2026-06-09 09:02:07","2026-06-03","2026-06-04T07:27:21Z",97.6
"Josh","2026-06-09 09:02:07","2026-06-03","2026-06-04T07:28:21Z",97.6
"Josh","2026-06-09 09:02:07","2026-06-03","2026-06-04T07:29:21Z",97.7
"Josh","2026-06-09 09:02:07","2026-06-03","2026-06-04T07:30:21Z",97.8
"Josh","2026-06-09 09:02:07","2026-06-03","2026-06-04T07:31:21Z",97.9
"Josh","2026-06-09 09:02:07","2026-06-03","2026-06-04T07:32:21Z",98.0
"Josh","2026-06-09 09:02:07","2026-06-03","2026-06-04T07:33:21Z",98.0
"Josh","2026-06-09 09:02:07","2026-06-03","2026-06-04T07:34:21Z",98.1
"Josh","2026-06-09 09:02:07","2026-06-03","2026-06-04T07:35:21Z",98.2
"Josh","2026-06-09 09:02:07","2026-06-03","2026-06-04T07:36:21Z",98.3
"Josh","2026-06-09 09:02:07","2026-06-03","2026-06-04T07:37:21Z",98.3
"Josh","2026-06-09 09:02:07","2026-06-03","2026-06-04T07:38:21Z",98.4
"Josh","2026-06-09 09:02:07","2026-06-03","2026-06-04T07:39:21Z",98.5
"Josh","2026-06-09 09:02:07","2026-06-03","2026-06-04T07:40:21Z",98.5
"Josh","2026-06-09 09:02:07","2026-06-04","2026-06-04T22:35:25Z",98.3
"Josh","2026-06-09 09:02:07","2026-06-04","2026-06-04T22:36:25Z",98.3
"Josh","2026-06-09 09:02:07","2026-06-04","2026-06-04T22:37:25Z",98.3
"Josh","2026-06-09 09:02:07","2026-06-04","2026-06-04T22:38:25Z",98.3
"Josh","2026-06-09 09:02:07","2026-06-04","2026-06-04T22:39:25Z",98.3
"Josh","2026-06-09 09:02:07","2026-06-04","2026-06-04T22:40:25Z",98.3
"Josh","2026-06-09 09:02:07","2026-06-04","2026-06-04T22:41:25Z",98.3
"Josh","2026-06-09 09:02:07","2026-06-04","2026-06-04T22:42:25Z",98.3
"Josh","2026-06-09 09:02:07","2026-06-04","2026-06-04T22:43:25Z",98.3
"Josh","2026-06-09 09:02:07","2026-06-04","2026-06-04T22:44:25Z",98.3
"Josh","2026-06-09 09:02:07","2026-06-04","2026-06-04T22:45:25Z",98.3
"Josh","2026-06-09 09:02:07","2026-06-04","2026-06-04T22:46:25Z",98.3
"Josh","2026-06-09 09:02:07","2026-06-04","2026-06-04T22:47:25Z",98.3
"Josh","2026-06-09 09:02:07","2026-06-04","2026-06-04T22:48:25Z",98.2
"Josh","2026-06-09 09:02:07","2026-06-04","2026-06-04T22:49:25Z",98.2
"Josh","2026-06-09 09:02:07","2026-06-04","2026-06-04T22:50:25Z",98.2
"Josh","2026-06-09 09:02:07","2026-06-04","2026-06-04T22:51:25Z",98.3
"Josh","2026-06-09 09:02:07","2026-06-04","2026-06-04T22:52:25Z",98.3
"Josh","2026-06-09 09:02:07","2026-06-04","2026-06-04T22:53:25Z",98.3
"Josh","2026-06-09 09:02:07","2026-06-04","2026-06-04T22:54:25Z",98.3
"Josh","2026-06-09 09:02:07","2026-06-04","2026-06-04T22:55:25Z",98.3
"Josh","2026-06-09 09:02:07","2026-06-04","2026-06-04T22:56:25Z",98.3
"Josh","2026-06-09 09:02:07","2026-06-04","2026-06-04T22:57:25Z",98.4
"Josh","2026-06-09 09:02:07","2026-06-04","2026-06-04T22:58:25Z",98.4
"Josh","2026-06-09 09:02:07","2026-06-04","2026-06-04T22:59:25Z",98.4
"Josh","2026-06-09 09:02:07","2026-06-04","2026-06-04T23:00:25Z",98.5
"Josh","2026-06-09 09:02:07","2026-06-04","2026-06-04T23:01:25Z",98.5
"Josh","2026-06-09 09:02:07","2026-06-04","2026-06-04T23:02:25Z",98.5
"Josh","2026-06-09 09:02:07","2026-06-04","2026-06-04T23:03:25Z",98.6
"Josh","2026-06-09 09:02:07","2026-06-04","2026-06-04T23:04:25Z",98.6
"Josh","2026-06-09 09:02:07","2026-06-04","2026-06-04T23:05:25Z",98.6
"Josh","2026-06-09 09:02:07","2026-06-04","2026-06-04T23:06:25Z",98.7
"Josh","2026-06-09 09:02:07","2026-06-04","2026-06-04T23:07:25Z",98.7
"Josh","2026-06-09 09:02:07","2026-06-04","2026-06-04T23:08:25Z",98.8
"Josh","2026-06-09 09:02:07","2026-06-04","2026-06-04T23:09:25Z",98.7
"Josh","2026-06-09 09:02:07","2026-06-04","2026-06-04T23:10:25Z",98.6
"Josh","2026-06-09 09:02:07","2026-06-04","2026-06-04T23:11:25Z",98.6
"Josh","2026-06-09 09:02:07","2026-06-04","2026-06-04T23:12:25Z",98.7
"Josh","2026-06-09 09:02:07","2026-06-04","2026-06-04T23:13:25Z",98.7
"Josh","2026-06-09 09:02:07","2026-06-04","2026-06-04T23:14:25Z",98.8
"Josh","2026-06-09 09:02:07","2026-06-04","2026-06-04T23:15:25Z",98.7
"Josh","2026-06-09 09:02:07","2026-06-04","2026-06-04T23:16:25Z",98.8
"Josh","2026-06-09 09:02:07","2026-06-04","2026-06-04T23:17:25Z",98.7
"Josh","2026-06-09 09:02:07","2026-06-04","2026-06-04T23:18:25Z",98.7
"Josh","2026-06-09 09:02:07","2026-06-04","2026-06-04T23:19:25Z",98.6
"Josh","2026-06-09 09:02:07","2026-06-04","2026-06-04T23:20:25Z",98.7
"Josh","2026-06-09 09:02:07","2026-06-04","2026-06-04T23:21:25Z",98.7
"Josh","2026-06-09 09:02:07","2026-06-04","2026-06-04T23:22:25Z",98.6
"Josh","2026-06-09 09:02:07","2026-06-04","2026-06-04T23:23:25Z",98.7
"Josh","2026-06-09 09:02:07","2026-06-04","2026-06-04T23:24:25Z",98.6
"Josh","2026-06-09 09:02:07","2026-06-04","2026-06-04T23:25:25Z",98.6
"Josh","2026-06-09 09:02:07","2026-06-04","2026-06-04T23:26:25Z",98.5
"Josh","2026-06-09 09:02:07","2026-06-04","2026-06-04T23:27:25Z",98.5
"Josh","2026-06-09 09:02:07","2026-06-04","2026-06-04T23:28:25Z",98.5
"Josh","2026-06-09 09:02:07","2026-06-04","2026-06-04T23:29:25Z",98.5
"Josh","2026-06-09 09:02:07","2026-06-04","2026-06-04T23:30:25Z",98.4
"Josh","2026-06-09 09:02:07","2026-06-04","2026-06-04T23:31:25Z",98.4
"Josh","2026-06-09 09:02:07","2026-06-04","2026-06-04T23:32:25Z",98.3
"Josh","2026-06-09 09:02:07","2026-06-04","2026-06-04T23:33:25Z",98.3
"Josh","2026-06-09 09:02:07","2026-06-04","2026-06-04T23:34:25Z",98.3
"Josh","2026-06-09 09:02:07","2026-06-04","2026-06-04T23:35:25Z",98.2
"Josh","2026-06-09 09:02:07","2026-06-04","2026-06-04T23:36:25Z",98.2
"Josh","2026-06-09 09:02:07","2026-06-04","2026-06-04T23:37:25Z",98.1
"Josh","2026-06-09 09:02:07","2026-06-04","2026-06-04T23:38:25Z",98.1
"Josh","2026-06-09 09:02:07","2026-06-04","2026-06-04T23:39:25Z",97.9
"Josh","2026-06-09 09:02:07","2026-06-04","2026-06-04T23:40:25Z",97.9
"Josh","2026-06-09 09:02:07","2026-06-04","2026-06-04T23:41:25Z",97.9
"Josh","2026-06-09 09:02:07","2026-06-04","2026-06-04T23:42:25Z",97.8
"Josh","2026-06-09 09:02:07","2026-06-04","2026-06-04T23:43:25Z",97.4
"Josh","2026-06-09 09:02:07","2026-06-04","2026-06-04T23:44:25Z",97.5
"Josh","2026-06-09 09:02:07","2026-06-04","2026-06-04T23:45:25Z",97.5
"Josh","2026-06-09 09:02:07","2026-06-04","2026-06-04T23:46:25Z",97.5
"Josh","2026-06-09 09:02:07","2026-06-04","2026-06-04T23:47:25Z",97.4
"Josh","2026-06-09 09:02:07","2026-06-04","2026-06-04T23:48:25Z",97.4
"Josh","2026-06-09 09:02:07","2026-06-04","2026-06-04T23:49:25Z",97.2
"Josh","2026-06-09 09:02:07","2026-06-04","2026-06-04T23:50:25Z",97.1
"Josh","2026-06-09 09:02:07","2026-06-04","2026-06-04T23:51:25Z",97.0
"Josh","2026-06-09 09:02:07","2026-06-04","2026-06-04T23:52:25Z",97.1
"Josh","2026-06-09 09:02:07","2026-06-04","2026-06-04T23:53:25Z",97.1
"Josh","2026-06-09 09:02:07","2026-06-04","2026-06-04T23:54:25Z",97.1
"Josh","2026-06-09 09:02:07","2026-06-04","2026-06-04T23:55:25Z",97.1
"Josh","2026-06-09 09:02:07","2026-06-04","2026-06-04T23:56:25Z",97.1
"Josh","2026-06-09 09:02:07","2026-06-04","2026-06-04T23:57:25Z",97.1
"Josh","2026-06-09 09:02:07","2026-06-04","2026-06-04T23:58:25Z",97.2
"Josh","2026-06-09 09:02:07","2026-06-04","2026-06-04T23:59:25Z",97.0
"Josh","2026-06-09 09:02:07","2026-06-04","2026-06-05T00:00:25Z",97.0
"Josh","2026-06-09 09:02:07","2026-06-04","2026-06-05T00:01:25Z",97.0
"Josh","2026-06-09 09:02:07","2026-06-04","2026-06-05T00:02:25Z",96.9
"Josh","2026-06-09 09:02:07","2026-06-04","2026-06-05T00:03:25Z",97.0
"Josh","2026-06-09 09:02:07","2026-06-04","2026-06-05T00:04:25Z",97.0
"Josh","2026-06-09 09:02:07","2026-06-04","2026-06-05T00:05:25Z",97.1
"Josh","2026-06-09 09:02:07","2026-06-04","2026-06-05T00:06:25Z",97.2
"Josh","2026-06-09 09:02:07","2026-06-04","2026-06-05T00:07:25Z",97.2
"Josh","2026-06-09 09:02:07","2026-06-04","2026-06-05T00:08:25Z",97.3
"Josh","2026-06-09 09:02:07","2026-06-04","2026-06-05T00:09:25Z",97.4
"Josh","2026-06-09 09:02:07","2026-06-04","2026-06-05T00:10:25Z",97.4
"Josh","2026-06-09 09:02:07","2026-06-04","2026-06-05T00:11:25Z",97.5
"Josh","2026-06-09 09:02:07","2026-06-04","2026-06-05T00:12:25Z",97.6
"Josh","2026-06-09 09:02:07","2026-06-04","2026-06-05T00:13:25Z",97.6
"Josh","2026-06-09 09:02:07","2026-06-04","2026-06-05T00:14:25Z",97.7
"Josh","2026-06-09 09:02:07","2026-06-04","2026-06-05T00:15:25Z",97.7
"Josh","2026-06-09 09:02:07","2026-06-04","2026-06-05T00:16:25Z",97.8
"Josh","2026-06-09 09:02:07","2026-06-04","2026-06-05T00:17:25Z",97.8
"Josh","2026-06-09 09:02:07","2026-06-04","2026-06-05T00:18:25Z",97.9
"Josh","2026-06-09 09:02:07","2026-06-04","2026-06-05T00:19:25Z",97.9
"Josh","2026-06-09 09:02:07","2026-06-04","2026-06-05T00:20:25Z",98.0
"Josh","2026-06-09 09:02:07","2026-06-04","2026-06-05T00:21:25Z",98.0
"Josh","2026-06-09 09:02:07","2026-06-04","2026-06-05T00:22:25Z",98.0
"Josh","2026-06-09 09:02:07","2026-06-04","2026-06-05T00:23:25Z",98.1
"Josh","2026-06-09 09:02:07","2026-06-04","2026-06-05T00:24:25Z",98.1
"Josh","2026-06-09 09:02:07","2026-06-04","2026-06-05T00:25:25Z",98.2
"Josh","2026-06-09 09:02:07","2026-06-04","2026-06-05T00:26:25Z",98.2
"Josh","2026-06-09 09:02:07","2026-06-04","2026-06-05T00:27:25Z",98.3
"Josh","2026-06-09 09:02:07","2026-06-04","2026-06-05T00:28:25Z",98.5
"Josh","2026-06-09 09:02:07","2026-06-04","2026-06-05T00:29:25Z",98.5
"Josh","2026-06-09 09:02:07","2026-06-04","2026-06-05T00:30:25Z",98.7
"Josh","2026-06-09 09:02:07","2026-06-04","2026-06-05T00:31:25Z",98.6
"Josh","2026-06-09 09:02:07","2026-06-04","2026-06-05T00:32:25Z",98.6
"Josh","2026-06-09 09:02:07","2026-06-04","2026-06-05T00:33:25Z",98.6
"Josh","2026-06-09 09:02:07","2026-06-04","2026-06-05T00:34:25Z",98.7
"Josh","2026-06-09 09:02:07","2026-06-04","2026-06-05T00:35:25Z",98.7
"Josh","2026-06-09 09:02:07","2026-06-04","2026-06-05T00:36:25Z",98.8
"Josh","2026-06-09 09:02:07","2026-06-04","2026-06-05T00:37:25Z",98.7
"Josh","2026-06-09 09:02:07","2026-06-04","2026-06-05T00:38:25Z",98.8
"Josh","2026-06-09 09:02:07","2026-06-04","2026-06-05T00:39:25Z",98.8
"Josh","2026-06-09 09:02:07","2026-06-04","2026-06-05T00:40:25Z",98.8
"Josh","2026-06-09 09:02:07","2026-06-04","2026-06-05T00:41:25Z",98.8
"Josh","2026-06-09 09:02:07","2026-06-04","2026-06-05T00:42:25Z",98.9
"Josh","2026-06-09 09:02:07","2026-06-04","2026-06-05T00:43:25Z",98.8
"Josh","2026-06-09 09:02:07","2026-06-04","2026-06-05T00:44:25Z",98.9
"Josh","2026-06-09 09:02:07","2026-06-04","2026-06-05T00:45:25Z",98.9
"Josh","2026-06-09 09:02:07","2026-06-04","2026-06-05T00:46:25Z",99.0
"Josh","2026-06-09 09:02:07","2026-06-04","2026-06-05T00:47:25Z",99.0
"Josh","2026-06-09 09:02:07","2026-06-04","2026-06-05T00:48:25Z",98.9
"Josh","2026-06-09 09:02:07","2026-06-04","2026-06-05T00:49:25Z",99.0
"Josh","2026-06-09 09:02:07","2026-06-04","2026-06-05T00:50:25Z",98.9
"Josh","2026-06-09 09:02:07","2026-06-04","2026-06-05T00:51:25Z",98.9
"Josh","2026-06-09 09:02:07","2026-06-04","2026-06-05T00:52:25Z",98.8
"Josh","2026-06-09 09:02:07","2026-06-04","2026-06-05T00:53:25Z",98.8
"Josh","2026-06-09 09:02:07","2026-06-04","2026-06-05T00:54:25Z",98.8
"Josh","2026-06-09 09:02:07","2026-06-04","2026-06-05T00:55:25Z",98.7
"Josh","2026-06-09 09:02:07","2026-06-04","2026-06-05T00:56:25Z",98.7
"Josh","2026-06-09 09:02:07","2026-06-04","2026-06-05T00:57:25Z",98.6
"Josh","2026-06-09 09:02:07","2026-06-04","2026-06-05T00:58:25Z",98.6
"Josh","2026-06-09 09:02:07","2026-06-04","2026-06-05T00:59:25Z",98.5
"Josh","2026-06-09 09:02:07","2026-06-04","2026-06-05T01:00:25Z",98.5
"Josh","2026-06-09 09:02:07","2026-06-04","2026-06-05T01:01:25Z",98.4
"Josh","2026-06-09 09:02:07","2026-06-04","2026-06-05T01:02:25Z",98.4
"Josh","2026-06-09 09:02:07","2026-06-04","2026-06-05T01:03:25Z",98.3
"Josh","2026-06-09 09:02:07","2026-06-04","2026-06-05T01:04:25Z",98.3
"Josh","2026-06-09 09:02:07","2026-06-04","2026-06-05T01:05:25Z",98.2
"Josh","2026-06-09 09:02:07","2026-06-04","2026-06-05T01:06:25Z",98.2
"Josh","2026-06-09 09:02:07","2026-06-04","2026-06-05T01:07:25Z",98.1
"Josh","2026-06-09 09:02:07","2026-06-04","2026-06-05T01:08:25Z",98.1
"Josh","2026-06-09 09:02:07","2026-06-04","2026-06-05T01:09:25Z",98.1
"Josh","2026-06-09 09:02:07","2026-06-04","2026-06-05T01:10:25Z",98.0
"Josh","2026-06-09 09:02:07","2026-06-04","2026-06-05T01:11:25Z",98.0
"Josh","2026-06-09 09:02:07","2026-06-04","2026-06-05T01:12:25Z",97.9
"Josh","2026-06-09 09:02:07","2026-06-04","2026-06-05T01:13:25Z",97.9
"Josh","2026-06-09 09:02:07","2026-06-04","2026-06-05T01:14:25Z",97.8
"Josh","2026-06-09 09:02:07","2026-06-04","2026-06-05T01:15:25Z",97.8
"Josh","2026-06-09 09:02:07","2026-06-04","2026-06-05T01:16:25Z",97.7
"Josh","2026-06-09 09:02:07","2026-06-04","2026-06-05T01:17:25Z",97.6
"Josh","2026-06-09 09:02:07","2026-06-04","2026-06-05T01:18:25Z",97.4
"Josh","2026-06-09 09:02:07","2026-06-04","2026-06-05T01:19:25Z",97.4
"Josh","2026-06-09 09:02:07","2026-06-04","2026-06-05T01:20:25Z",97.3
"Josh","2026-06-09 09:02:07","2026-06-04","2026-06-05T01:21:25Z",97.2
"Josh","2026-06-09 09:02:07","2026-06-04","2026-06-05T01:22:25Z",97.2
"Josh","2026-06-09 09:02:07","2026-06-04","2026-06-05T01:23:25Z",97.1
"Josh","2026-06-09 09:02:07","2026-06-04","2026-06-05T01:24:25Z",97.1
"Josh","2026-06-09 09:02:07","2026-06-04","2026-06-05T01:25:25Z",97.1
"Josh","2026-06-09 09:02:07","2026-06-04","2026-06-05T01:26:25Z",97.1
"Josh","2026-06-09 09:02:07","2026-06-04","2026-06-05T01:27:25Z",97.1
"Josh","2026-06-09 09:02:07","2026-06-04","2026-06-05T01:28:25Z",97.1
"Josh","2026-06-09 09:02:07","2026-06-04","2026-06-05T01:29:25Z",97.1
"Josh","2026-06-09 09:02:07","2026-06-04","2026-06-05T01:30:25Z",97.0
"Josh","2026-06-09 09:02:07","2026-06-04","2026-06-05T01:31:25Z",97.0
"Josh","2026-06-09 09:02:07","2026-06-04","2026-06-05T01:32:25Z",96.9
"Josh","2026-06-09 09:02:07","2026-06-04","2026-06-05T01:33:25Z",96.9
"Josh","2026-06-09 09:02:07","2026-06-04","2026-06-05T01:34:25Z",96.9
"Josh","2026-06-09 09:02:07","2026-06-04","2026-06-05T01:35:25Z",97.0
"Josh","2026-06-09 09:02:07","2026-06-04","2026-06-05T01:36:25Z",97.1
"Josh","2026-06-09 09:02:07","2026-06-04","2026-06-05T01:37:25Z",97.2
"Josh","2026-06-09 09:02:07","2026-06-04","2026-06-05T01:38:25Z",97.3
"Josh","2026-06-09 09:02:07","2026-06-04","2026-06-05T01:39:25Z",97.4
"Josh","2026-06-09 09:02:07","2026-06-04","2026-06-05T01:40:25Z",97.4
"Josh","2026-06-09 09:02:07","2026-06-04","2026-06-05T01:41:25Z",97.5
"Josh","2026-06-09 09:02:07","2026-06-04","2026-06-05T01:42:25Z",97.5
"Josh","2026-06-09 09:02:07","2026-06-04","2026-06-05T01:43:25Z",97.6
"Josh","2026-06-09 09:02:07","2026-06-04","2026-06-05T01:44:25Z",97.7
"Josh","2026-06-09 09:02:07","2026-06-04","2026-06-05T01:45:25Z",97.7
"Josh","2026-06-09 09:02:07","2026-06-04","2026-06-05T01:46:25Z",97.8
"Josh","2026-06-09 09:02:07","2026-06-04","2026-06-05T01:47:25Z",97.8
"Josh","2026-06-09 09:02:07","2026-06-04","2026-06-05T01:48:25Z",97.9
"Josh","2026-06-09 09:02:07","2026-06-04","2026-06-05T01:49:25Z",97.9
"Josh","2026-06-09 09:02:07","2026-06-04","2026-06-05T01:50:25Z",98.0
"Josh","2026-06-09 09:02:07","2026-06-04","2026-06-05T01:51:25Z",98.0
"Josh","2026-06-09 09:02:07","2026-06-04","2026-06-05T01:52:25Z",98.0
"Josh","2026-06-09 09:02:07","2026-06-04","2026-06-05T01:53:25Z",98.1
"Josh","2026-06-09 09:02:07","2026-06-04","2026-06-05T01:54:25Z",98.1
"Josh","2026-06-09 09:02:07","2026-06-04","2026-06-05T01:55:25Z",98.2
"Josh","2026-06-09 09:02:07","2026-06-04","2026-06-05T01:56:25Z",98.2
"Josh","2026-06-09 09:02:07","2026-06-04","2026-06-05T01:57:25Z",98.3
"Josh","2026-06-09 09:02:07","2026-06-04","2026-06-05T01:58:25Z",98.4
"Josh","2026-06-09 09:02:07","2026-06-04","2026-06-05T01:59:25Z",98.5
"Josh","2026-06-09 09:02:07","2026-06-04","2026-06-05T02:00:25Z",98.5
"Josh","2026-06-09 09:02:07","2026-06-04","2026-06-05T02:01:25Z",98.6
"Josh","2026-06-09 09:02:07","2026-06-04","2026-06-05T02:02:25Z",98.6
"Josh","2026-06-09 09:02:07","2026-06-04","2026-06-05T02:03:25Z",98.6
"Josh","2026-06-09 09:02:07","2026-06-04","2026-06-05T02:04:25Z",98.6
"Josh","2026-06-09 09:02:07","2026-06-04","2026-06-05T02:05:25Z",98.6
"Josh","2026-06-09 09:02:07","2026-06-04","2026-06-05T02:06:25Z",98.7
"Josh","2026-06-09 09:02:07","2026-06-04","2026-06-05T02:07:25Z",98.6
"Josh","2026-06-09 09:02:07","2026-06-04","2026-06-05T02:08:25Z",98.5
"Josh","2026-06-09 09:02:07","2026-06-04","2026-06-05T02:09:25Z",98.6
"Josh","2026-06-09 09:02:07","2026-06-04","2026-06-05T02:10:25Z",98.6
"Josh","2026-06-09 09:02:07","2026-06-04","2026-06-05T02:11:25Z",98.6
"Josh","2026-06-09 09:02:07","2026-06-04","2026-06-05T02:12:25Z",98.6
"Josh","2026-06-09 09:02:07","2026-06-04","2026-06-05T02:13:25Z",98.6
"Josh","2026-06-09 09:02:07","2026-06-04","2026-06-05T02:14:25Z",98.6
"Josh","2026-06-09 09:02:07","2026-06-04","2026-06-05T02:15:25Z",98.6
"Josh","2026-06-09 09:02:07","2026-06-04","2026-06-05T02:16:25Z",98.6
"Josh","2026-06-09 09:02:07","2026-06-04","2026-06-05T02:17:25Z",98.8
"Josh","2026-06-09 09:02:07","2026-06-04","2026-06-05T02:18:25Z",98.7
"Josh","2026-06-09 09:02:07","2026-06-04","2026-06-05T02:19:25Z",98.8
"Josh","2026-06-09 09:02:07","2026-06-04","2026-06-05T02:20:25Z",98.7
"Josh","2026-06-09 09:02:07","2026-06-04","2026-06-05T02:21:25Z",98.8
"Josh","2026-06-09 09:02:07","2026-06-04","2026-06-05T02:22:25Z",98.8
"Josh","2026-06-09 09:02:07","2026-06-04","2026-06-05T02:23:25Z",98.8
"Josh","2026-06-09 09:02:07","2026-06-04","2026-06-05T02:24:25Z",98.8
"Josh","2026-06-09 09:02:07","2026-06-04","2026-06-05T02:25:25Z",98.8
"Josh","2026-06-09 09:02:07","2026-06-04","2026-06-05T02:26:25Z",98.7
"Josh","2026-06-09 09:02:07","2026-06-04","2026-06-05T02:27:25Z",98.6
"Josh","2026-06-09 09:02:07","2026-06-04","2026-06-05T02:28:25Z",98.6
"Josh","2026-06-09 09:02:07","2026-06-04","2026-06-05T02:29:25Z",98.5
"Josh","2026-06-09 09:02:07","2026-06-04","2026-06-05T02:30:25Z",98.5
"Josh","2026-06-09 09:02:07","2026-06-04","2026-06-05T02:31:25Z",98.4
"Josh","2026-06-09 09:02:07","2026-06-04","2026-06-05T02:32:25Z",98.4
"Josh","2026-06-09 09:02:07","2026-06-04","2026-06-05T02:33:25Z",98.3
"Josh","2026-06-09 09:02:07","2026-06-04","2026-06-05T02:34:25Z",98.3
"Josh","2026-06-09 09:02:07","2026-06-04","2026-06-05T02:35:25Z",98.2
"Josh","2026-06-09 09:02:07","2026-06-04","2026-06-05T02:36:25Z",98.2
"Josh","2026-06-09 09:02:07","2026-06-04","2026-06-05T02:37:25Z",98.2
"Josh","2026-06-09 09:02:07","2026-06-04","2026-06-05T02:38:25Z",98.1
"Josh","2026-06-09 09:02:07","2026-06-04","2026-06-05T02:39:25Z",98.1
"Josh","2026-06-09 09:02:07","2026-06-04","2026-06-05T02:40:25Z",98.0
"Josh","2026-06-09 09:02:07","2026-06-04","2026-06-05T02:41:25Z",98.0
"Josh","2026-06-09 09:02:07","2026-06-04","2026-06-05T02:42:25Z",97.9
"Josh","2026-06-09 09:02:07","2026-06-04","2026-06-05T02:43:25Z",97.9
"Josh","2026-06-09 09:02:07","2026-06-04","2026-06-05T02:44:25Z",97.8
"Josh","2026-06-09 09:02:07","2026-06-04","2026-06-05T02:45:25Z",97.8
"Josh","2026-06-09 09:02:07","2026-06-04","2026-06-05T02:46:25Z",97.7
"Josh","2026-06-09 09:02:07","2026-06-04","2026-06-05T02:47:25Z",97.7
"Josh","2026-06-09 09:02:07","2026-06-04","2026-06-05T02:48:25Z",97.7
"Josh","2026-06-09 09:02:07","2026-06-04","2026-06-05T02:49:25Z",97.5
"Josh","2026-06-09 09:02:07","2026-06-04","2026-06-05T02:50:25Z",97.4
"Josh","2026-06-09 09:02:07","2026-06-04","2026-06-05T02:51:25Z",97.4
"Josh","2026-06-09 09:02:07","2026-06-04","2026-06-05T02:52:25Z",97.2
"Josh","2026-06-09 09:02:07","2026-06-04","2026-06-05T02:53:25Z",97.2
"Josh","2026-06-09 09:02:07","2026-06-04","2026-06-05T02:54:25Z",97.2
"Josh","2026-06-09 09:02:07","2026-06-04","2026-06-05T02:55:25Z",97.1
"Josh","2026-06-09 09:02:07","2026-06-04","2026-06-05T02:56:25Z",97.0
"Josh","2026-06-09 09:02:07","2026-06-04","2026-06-05T02:57:25Z",97.0
"Josh","2026-06-09 09:02:07","2026-06-04","2026-06-05T02:58:25Z",50.0
"Josh","2026-06-09 09:02:07","2026-06-04","2026-06-05T02:59:25Z",97.1
"Josh","2026-06-09 09:02:07","2026-06-04","2026-06-05T03:00:25Z",97.1
"Josh","2026-06-09 09:02:07","2026-06-04","2026-06-05T03:01:25Z",97.1
"Josh","2026-06-09 09:02:07","2026-06-04","2026-06-05T03:02:25Z",97.0
"Josh","2026-06-09 09:02:07","2026-06-04","2026-06-05T03:03:25Z",97.0
"Josh","2026-06-09 09:02:07","2026-06-04","2026-06-05T03:04:25Z",97.0
"Josh","2026-06-09 09:02:07","2026-06-04","2026-06-05T03:05:25Z",97.1
"Josh","2026-06-09 09:02:07","2026-06-04","2026-06-05T03:06:25Z",97.2
"Josh","2026-06-09 09:02:07","2026-06-04","2026-06-05T03:07:25Z",97.3
"Josh","2026-06-09 09:02:07","2026-06-04","2026-06-05T03:08:25Z",97.3
"Josh","2026-06-09 09:02:07","2026-06-04","2026-06-05T03:09:25Z",97.4
"Josh","2026-06-09 09:02:07","2026-06-04","2026-06-05T03:10:25Z",97.5
"Josh","2026-06-09 09:02:07","2026-06-04","2026-06-05T03:11:25Z",97.5
"Josh","2026-06-09 09:02:07","2026-06-04","2026-06-05T03:12:25Z",97.6
"Josh","2026-06-09 09:02:07","2026-06-04","2026-06-05T03:13:25Z",97.6
"Josh","2026-06-09 09:02:07","2026-06-04","2026-06-05T03:14:25Z",97.7
"Josh","2026-06-09 09:02:07","2026-06-04","2026-06-05T03:15:25Z",97.7
"Josh","2026-06-09 09:02:07","2026-06-04","2026-06-05T03:16:25Z",97.8
"Josh","2026-06-09 09:02:07","2026-06-04","2026-06-05T03:17:25Z",97.8
"Josh","2026-06-09 09:02:07","2026-06-04","2026-06-05T03:18:25Z",97.9
"Josh","2026-06-09 09:02:07","2026-06-04","2026-06-05T03:19:25Z",97.9
"Josh","2026-06-09 09:02:07","2026-06-04","2026-06-05T03:20:25Z",98.0
"Josh","2026-06-09 09:02:07","2026-06-04","2026-06-05T03:21:25Z",98.0
"Josh","2026-06-09 09:02:07","2026-06-04","2026-06-05T03:22:25Z",98.0
"Josh","2026-06-09 09:02:07","2026-06-04","2026-06-05T03:23:25Z",98.1
"Josh","2026-06-09 09:02:07","2026-06-04","2026-06-05T03:24:25Z",98.1
"Josh","2026-06-09 09:02:07","2026-06-04","2026-06-05T03:25:25Z",98.2
"Josh","2026-06-09 09:02:07","2026-06-04","2026-06-05T03:26:25Z",98.2
"Josh","2026-06-09 09:02:07","2026-06-04","2026-06-05T03:27:25Z",98.3
"Josh","2026-06-09 09:02:07","2026-06-04","2026-06-05T03:28:25Z",98.3
"Josh","2026-06-09 09:02:07","2026-06-04","2026-06-05T03:29:25Z",98.3
"Josh","2026-06-09 09:02:07","2026-06-04","2026-06-05T03:30:25Z",98.3
"Josh","2026-06-09 09:02:07","2026-06-04","2026-06-05T03:31:25Z",98.4
"Josh","2026-06-09 09:02:07","2026-06-04","2026-06-05T03:32:25Z",98.4
"Josh","2026-06-09 09:02:07","2026-06-04","2026-06-05T03:33:25Z",98.5
"Josh","2026-06-09 09:02:07","2026-06-04","2026-06-05T03:34:25Z",98.5
"Josh","2026-06-09 09:02:07","2026-06-04","2026-06-05T03:35:25Z",98.5
"Josh","2026-06-09 09:02:07","2026-06-04","2026-06-05T03:36:25Z",98.6
"Josh","2026-06-09 09:02:07","2026-06-04","2026-06-05T03:37:25Z",98.7
"Josh","2026-06-09 09:02:07","2026-06-04","2026-06-05T03:38:25Z",98.6
"Josh","2026-06-09 09:02:07","2026-06-04","2026-06-05T03:39:25Z",98.6
"Josh","2026-06-09 09:02:07","2026-06-04","2026-06-05T03:40:25Z",98.7
"Josh","2026-06-09 09:02:07","2026-06-04","2026-06-05T03:41:25Z",98.7
"Josh","2026-06-09 09:02:07","2026-06-04","2026-06-05T03:42:25Z",98.8
"Josh","2026-06-09 09:02:07","2026-06-04","2026-06-05T03:43:25Z",98.8
"Josh","2026-06-09 09:02:07","2026-06-04","2026-06-05T03:44:25Z",98.8
"Josh","2026-06-09 09:02:07","2026-06-04","2026-06-05T03:45:25Z",98.8
"Josh","2026-06-09 09:02:07","2026-06-04","2026-06-05T03:46:25Z",98.9
"Josh","2026-06-09 09:02:07","2026-06-04","2026-06-05T03:47:25Z",99.0
"Josh","2026-06-09 09:02:07","2026-06-04","2026-06-05T03:48:25Z",99.0
"Josh","2026-06-09 09:02:07","2026-06-04","2026-06-05T03:49:25Z",99.0
"Josh","2026-06-09 09:02:07","2026-06-04","2026-06-05T03:50:25Z",98.9
"Josh","2026-06-09 09:02:07","2026-06-04","2026-06-05T03:51:25Z",98.8
"Josh","2026-06-09 09:02:07","2026-06-04","2026-06-05T03:52:25Z",98.8
"Josh","2026-06-09 09:02:07","2026-06-04","2026-06-05T03:53:25Z",98.8
"Josh","2026-06-09 09:02:07","2026-06-04","2026-06-05T03:54:25Z",98.8
"Josh","2026-06-09 09:02:07","2026-06-04","2026-06-05T03:55:25Z",98.8
"Josh","2026-06-09 09:02:07","2026-06-04","2026-06-05T03:56:25Z",98.7
"Josh","2026-06-09 09:02:07","2026-06-04","2026-06-05T03:57:25Z",98.6
"Josh","2026-06-09 09:02:07","2026-06-04","2026-06-05T03:58:25Z",98.6
"Josh","2026-06-09 09:02:07","2026-06-04","2026-06-05T03:59:25Z",98.5
"Josh","2026-06-09 09:02:07","2026-06-04","2026-06-05T04:00:25Z",98.5
"Josh","2026-06-09 09:02:07","2026-06-04","2026-06-05T04:01:25Z",98.4
"Josh","2026-06-09 09:02:07","2026-06-04","2026-06-05T04:02:25Z",98.4
"Josh","2026-06-09 09:02:07","2026-06-04","2026-06-05T04:03:25Z",98.3
"Josh","2026-06-09 09:02:07","2026-06-04","2026-06-05T04:04:25Z",98.3
"Josh","2026-06-09 09:02:07","2026-06-04","2026-06-05T04:05:25Z",98.2
"Josh","2026-06-09 09:02:07","2026-06-04","2026-06-05T04:06:25Z",98.2
"Josh","2026-06-09 09:02:07","2026-06-04","2026-06-05T04:07:25Z",98.2
"Josh","2026-06-09 09:02:07","2026-06-04","2026-06-05T04:08:25Z",98.1
"Josh","2026-06-09 09:02:07","2026-06-04","2026-06-05T04:09:25Z",98.1
"Josh","2026-06-09 09:02:07","2026-06-04","2026-06-05T04:10:25Z",98.0
"Josh","2026-06-09 09:02:07","2026-06-04","2026-06-05T04:11:25Z",98.0
"Josh","2026-06-09 09:02:07","2026-06-04","2026-06-05T04:12:25Z",97.9
"Josh","2026-06-09 09:02:07","2026-06-04","2026-06-05T04:13:25Z",97.9
"Josh","2026-06-09 09:02:07","2026-06-04","2026-06-05T04:14:25Z",97.8
"Josh","2026-06-09 09:02:07","2026-06-04","2026-06-05T04:15:25Z",97.8
"Josh","2026-06-09 09:02:07","2026-06-04","2026-06-05T04:16:25Z",97.7
"Josh","2026-06-09 09:02:07","2026-06-04","2026-06-05T04:17:25Z",97.6
"Josh","2026-06-09 09:02:07","2026-06-04","2026-06-05T04:18:25Z",97.5
"Josh","2026-06-09 09:02:07","2026-06-04","2026-06-05T04:19:25Z",97.5
"Josh","2026-06-09 09:02:07","2026-06-04","2026-06-05T04:20:25Z",97.4
"Josh","2026-06-09 09:02:07","2026-06-04","2026-06-05T04:21:25Z",97.3
"Josh","2026-06-09 09:02:07","2026-06-04","2026-06-05T04:22:25Z",97.3
"Josh","2026-06-09 09:02:07","2026-06-04","2026-06-05T04:23:25Z",97.3
"Josh","2026-06-09 09:02:07","2026-06-04","2026-06-05T04:24:25Z",97.3
"Josh","2026-06-09 09:02:07","2026-06-04","2026-06-05T04:25:25Z",97.2
"Josh","2026-06-09 09:02:07","2026-06-04","2026-06-05T04:26:25Z",97.2
"Josh","2026-06-09 09:02:07","2026-06-04","2026-06-05T04:27:25Z",97.1
"Josh","2026-06-09 09:02:07","2026-06-04","2026-06-05T04:28:25Z",97.1
"Josh","2026-06-09 09:02:07","2026-06-04","2026-06-05T04:29:25Z",97.1
"Josh","2026-06-09 09:02:07","2026-06-04","2026-06-05T04:30:25Z",97.0
"Josh","2026-06-09 09:02:07","2026-06-04","2026-06-05T04:31:25Z",97.1
"Josh","2026-06-09 09:02:07","2026-06-04","2026-06-05T04:32:25Z",97.0
"Josh","2026-06-09 09:02:07","2026-06-04","2026-06-05T04:33:25Z",97.0
"Josh","2026-06-09 09:02:07","2026-06-04","2026-06-05T04:34:25Z",96.9
"Josh","2026-06-09 09:02:07","2026-06-04","2026-06-05T04:35:25Z",97.0
"Josh","2026-06-09 09:02:07","2026-06-04","2026-06-05T04:36:25Z",97.1
"Josh","2026-06-09 09:02:07","2026-06-04","2026-06-05T04:37:25Z",97.2
"Josh","2026-06-09 09:02:07","2026-06-04","2026-06-05T04:38:25Z",97.3
"Josh","2026-06-09 09:02:07","2026-06-04","2026-06-05T04:39:25Z",97.2
"Josh","2026-06-09 09:02:07","2026-06-04","2026-06-05T04:40:25Z",97.3
"Josh","2026-06-09 09:02:07","2026-06-04","2026-06-05T04:41:25Z",97.4
"Josh","2026-06-09 09:02:07","2026-06-04","2026-06-05T04:42:25Z",97.4
"Josh","2026-06-09 09:02:07","2026-06-04","2026-06-05T04:43:25Z",97.5
"Josh","2026-06-09 09:02:07","2026-06-04","2026-06-05T04:44:25Z",97.6
"Josh","2026-06-09 09:02:07","2026-06-04","2026-06-05T04:45:25Z",97.6
"Josh","2026-06-09 09:02:07","2026-06-04","2026-06-05T04:46:25Z",97.7
"Josh","2026-06-09 09:02:07","2026-06-04","2026-06-05T04:47:25Z",97.8
"Josh","2026-06-09 09:02:07","2026-06-04","2026-06-05T04:48:25Z",97.8
"Josh","2026-06-09 09:02:07","2026-06-04","2026-06-05T04:49:25Z",97.9
"Josh","2026-06-09 09:02:07","2026-06-04","2026-06-05T04:50:25Z",97.9
"Josh","2026-06-09 09:02:07","2026-06-04","2026-06-05T04:51:25Z",98.0
"Josh","2026-06-09 09:02:07","2026-06-04","2026-06-05T04:52:25Z",98.0
"Josh","2026-06-09 09:02:07","2026-06-04","2026-06-05T04:53:25Z",98.1
"Josh","2026-06-09 09:02:07","2026-06-04","2026-06-05T04:54:25Z",98.1
"Josh","2026-06-09 09:02:07","2026-06-04","2026-06-05T04:55:25Z",98.2
"Josh","2026-06-09 09:02:07","2026-06-04","2026-06-05T04:56:25Z",98.2
"Josh","2026-06-09 09:02:07","2026-06-04","2026-06-05T04:57:25Z",98.3
"Josh","2026-06-09 09:02:07","2026-06-04","2026-06-05T04:58:25Z",98.3
"Josh","2026-06-09 09:02:07","2026-06-04","2026-06-05T04:59:25Z",98.4
"Josh","2026-06-09 09:02:07","2026-06-04","2026-06-05T05:00:25Z",98.5
"Josh","2026-06-09 09:02:07","2026-06-04","2026-06-05T05:01:25Z",98.5
"Josh","2026-06-09 09:02:07","2026-06-04","2026-06-05T05:02:25Z",98.6
"Josh","2026-06-09 09:02:07","2026-06-04","2026-06-05T05:03:25Z",98.6
"Josh","2026-06-09 09:02:07","2026-06-04","2026-06-05T05:04:25Z",98.6
"Josh","2026-06-09 09:02:07","2026-06-04","2026-06-05T05:05:25Z",98.6
"Josh","2026-06-09 09:02:07","2026-06-04","2026-06-05T05:06:25Z",98.7
"Josh","2026-06-09 09:02:07","2026-06-04","2026-06-05T05:07:25Z",98.8
"Josh","2026-06-09 09:02:07","2026-06-04","2026-06-05T05:08:25Z",98.7
"Josh","2026-06-09 09:02:07","2026-06-04","2026-06-05T05:09:25Z",98.7
"Josh","2026-06-09 09:02:07","2026-06-04","2026-06-05T05:10:25Z",98.8
"Josh","2026-06-09 09:02:07","2026-06-04","2026-06-05T05:11:25Z",98.8
"Josh","2026-06-09 09:02:07","2026-06-04","2026-06-05T05:12:25Z",98.7
"Josh","2026-06-09 09:02:07","2026-06-04","2026-06-05T05:13:25Z",98.6
"Josh","2026-06-09 09:02:07","2026-06-04","2026-06-05T05:14:25Z",98.6
"Josh","2026-06-09 09:02:07","2026-06-04","2026-06-05T05:15:25Z",98.6
"Josh","2026-06-09 09:02:07","2026-06-04","2026-06-05T05:16:25Z",98.5
"Josh","2026-06-09 09:02:07","2026-06-04","2026-06-05T05:17:25Z",98.5
"Josh","2026-06-09 09:02:07","2026-06-04","2026-06-05T05:18:25Z",98.6
"Josh","2026-06-09 09:02:07","2026-06-04","2026-06-05T05:19:25Z",98.7
"Josh","2026-06-09 09:02:07","2026-06-04","2026-06-05T05:20:25Z",98.6
"Josh","2026-06-09 09:02:07","2026-06-04","2026-06-05T05:21:25Z",98.7
"Josh","2026-06-09 09:02:07","2026-06-04","2026-06-05T05:22:25Z",98.7
"Josh","2026-06-09 09:02:07","2026-06-04","2026-06-05T05:23:25Z",98.8
"Josh","2026-06-09 09:02:07","2026-06-04","2026-06-05T05:24:25Z",98.8
"Josh","2026-06-09 09:02:07","2026-06-04","2026-06-05T05:25:25Z",98.7
"Josh","2026-06-09 09:02:07","2026-06-04","2026-06-05T05:26:25Z",98.7
"Josh","2026-06-09 09:02:07","2026-06-04","2026-06-05T05:27:25Z",98.6
"Josh","2026-06-09 09:02:07","2026-06-04","2026-06-05T05:28:25Z",98.6
"Josh","2026-06-09 09:02:07","2026-06-04","2026-06-05T05:29:25Z",98.5
"Josh","2026-06-09 09:02:07","2026-06-04","2026-06-05T05:30:25Z",98.5
"Josh","2026-06-09 09:02:07","2026-06-04","2026-06-05T05:31:25Z",98.4
"Josh","2026-06-09 09:02:07","2026-06-04","2026-06-05T05:32:25Z",98.4
"Josh","2026-06-09 09:02:07","2026-06-04","2026-06-05T05:33:25Z",98.3
"Josh","2026-06-09 09:02:07","2026-06-04","2026-06-05T05:34:25Z",98.3
"Josh","2026-06-09 09:02:07","2026-06-04","2026-06-05T05:35:25Z",98.2
"Josh","2026-06-09 09:02:07","2026-06-04","2026-06-05T05:36:25Z",98.2
"Josh","2026-06-09 09:02:07","2026-06-04","2026-06-05T05:37:25Z",98.1
"Josh","2026-06-09 09:02:07","2026-06-04","2026-06-05T05:38:25Z",98.1
"Josh","2026-06-09 09:02:07","2026-06-04","2026-06-05T05:39:25Z",98.1
"Josh","2026-06-09 09:02:07","2026-06-04","2026-06-05T05:40:25Z",98.0
"Josh","2026-06-09 09:02:07","2026-06-04","2026-06-05T05:41:25Z",98.0
"Josh","2026-06-09 09:02:07","2026-06-04","2026-06-05T05:42:25Z",97.9
"Josh","2026-06-09 09:02:07","2026-06-04","2026-06-05T05:43:25Z",97.9
"Josh","2026-06-09 09:02:07","2026-06-04","2026-06-05T05:44:25Z",97.8
"Josh","2026-06-09 09:02:07","2026-06-04","2026-06-05T05:45:25Z",97.8
"Josh","2026-06-09 09:02:07","2026-06-04","2026-06-05T05:46:25Z",97.7
"Josh","2026-06-09 09:02:07","2026-06-04","2026-06-05T05:47:25Z",97.6
"Josh","2026-06-09 09:02:07","2026-06-04","2026-06-05T05:48:25Z",97.5
"Josh","2026-06-09 09:02:07","2026-06-04","2026-06-05T05:49:25Z",97.4
"Josh","2026-06-09 09:02:07","2026-06-04","2026-06-05T05:50:25Z",97.4
"Josh","2026-06-09 09:02:07","2026-06-04","2026-06-05T05:51:25Z",97.3
"Josh","2026-06-09 09:02:07","2026-06-04","2026-06-05T05:52:25Z",97.3
"Josh","2026-06-09 09:02:07","2026-06-04","2026-06-05T05:53:25Z",97.3
"Josh","2026-06-09 09:02:07","2026-06-04","2026-06-05T05:54:25Z",97.2
"Josh","2026-06-09 09:02:07","2026-06-04","2026-06-05T05:55:25Z",97.2
"Josh","2026-06-09 09:02:07","2026-06-04","2026-06-05T05:56:25Z",97.2
"Josh","2026-06-09 09:02:07","2026-06-04","2026-06-05T05:57:25Z",97.1
"Josh","2026-06-09 09:02:07","2026-06-04","2026-06-05T05:58:25Z",97.1
"Josh","2026-06-09 09:02:07","2026-06-04","2026-06-05T05:59:25Z",97.1
"Josh","2026-06-09 09:02:07","2026-06-04","2026-06-05T06:00:25Z",97.1
"Josh","2026-06-09 09:02:07","2026-06-04","2026-06-05T06:01:25Z",97.1
"Josh","2026-06-09 09:02:07","2026-06-04","2026-06-05T06:02:25Z",97.2
"Josh","2026-06-09 09:02:07","2026-06-04","2026-06-05T06:03:25Z",97.1
"Josh","2026-06-09 09:02:07","2026-06-04","2026-06-05T06:04:25Z",97.1
"Josh","2026-06-09 09:02:07","2026-06-04","2026-06-05T06:05:25Z",97.1
"Josh","2026-06-09 09:02:07","2026-06-04","2026-06-05T06:06:25Z",97.2
"Josh","2026-06-09 09:02:07","2026-06-04","2026-06-05T06:07:25Z",97.3
"Josh","2026-06-09 09:02:07","2026-06-04","2026-06-05T06:08:25Z",97.3
"Josh","2026-06-09 09:02:07","2026-06-04","2026-06-05T06:09:25Z",97.4
"Josh","2026-06-09 09:02:07","2026-06-04","2026-06-05T06:10:25Z",97.5
"Josh","2026-06-09 09:02:07","2026-06-04","2026-06-05T06:11:25Z",97.5
"Josh","2026-06-09 09:02:07","2026-06-04","2026-06-05T06:12:25Z",97.6
"Josh","2026-06-09 09:02:07","2026-06-04","2026-06-05T06:13:25Z",97.6
"Josh","2026-06-09 09:02:07","2026-06-04","2026-06-05T06:14:25Z",97.7
"Josh","2026-06-09 09:02:07","2026-06-04","2026-06-05T06:15:25Z",97.7
"Josh","2026-06-09 09:02:07","2026-06-04","2026-06-05T06:16:25Z",97.8
"Josh","2026-06-09 09:02:07","2026-06-04","2026-06-05T06:17:25Z",97.8
"Josh","2026-06-09 09:02:07","2026-06-04","2026-06-05T06:18:25Z",97.9
"Josh","2026-06-09 09:02:07","2026-06-04","2026-06-05T06:19:25Z",97.9
"Josh","2026-06-09 09:02:07","2026-06-04","2026-06-05T06:20:25Z",98.0
"Josh","2026-06-09 09:02:07","2026-06-04","2026-06-05T06:21:25Z",98.0
"Josh","2026-06-09 09:02:07","2026-06-04","2026-06-05T06:22:25Z",98.0
"Josh","2026-06-09 09:02:07","2026-06-04","2026-06-05T06:23:25Z",98.1
"Josh","2026-06-09 09:02:07","2026-06-04","2026-06-05T06:24:25Z",98.1
"Josh","2026-06-09 09:02:07","2026-06-04","2026-06-05T06:25:25Z",98.2
"Josh","2026-06-09 09:02:07","2026-06-04","2026-06-05T06:26:25Z",98.2
"Josh","2026-06-09 09:02:07","2026-06-04","2026-06-05T06:27:25Z",98.3
"Josh","2026-06-09 09:02:07","2026-06-04","2026-06-05T06:28:25Z",98.3
"Josh","2026-06-09 09:02:07","2026-06-04","2026-06-05T06:29:25Z",98.4
"Josh","2026-06-09 09:02:07","2026-06-04","2026-06-05T06:30:25Z",98.5
"Josh","2026-06-09 09:02:07","2026-06-04","2026-06-05T06:31:25Z",98.6
"Josh","2026-06-09 09:02:07","2026-06-04","2026-06-05T06:32:25Z",98.7
"Josh","2026-06-09 09:02:07","2026-06-04","2026-06-05T06:33:25Z",98.6
"Josh","2026-06-09 09:02:07","2026-06-04","2026-06-05T06:34:25Z",98.6
"Josh","2026-06-09 09:02:07","2026-06-04","2026-06-05T06:35:25Z",98.7
"Josh","2026-06-09 09:02:07","2026-06-04","2026-06-05T06:36:25Z",98.6
"Josh","2026-06-09 09:02:07","2026-06-04","2026-06-05T06:37:25Z",98.7
"Josh","2026-06-09 09:02:07","2026-06-04","2026-06-05T06:38:25Z",98.8
"Josh","2026-06-09 09:02:07","2026-06-04","2026-06-05T06:39:25Z",98.8
"Josh","2026-06-09 09:02:07","2026-06-04","2026-06-05T06:40:25Z",98.7
"Josh","2026-06-09 09:02:07","2026-06-04","2026-06-05T06:41:25Z",98.7
"Josh","2026-06-09 09:02:07","2026-06-04","2026-06-05T06:42:25Z",98.8
"Josh","2026-06-09 09:02:07","2026-06-04","2026-06-05T06:43:25Z",98.8
"Josh","2026-06-09 09:02:07","2026-06-04","2026-06-05T06:44:25Z",98.8
"Josh","2026-06-09 09:02:07","2026-06-04","2026-06-05T06:45:25Z",98.8
"Josh","2026-06-09 09:02:07","2026-06-04","2026-06-05T06:46:25Z",98.8
"Josh","2026-06-09 09:02:07","2026-06-04","2026-06-05T06:47:25Z",98.8
"Josh","2026-06-09 09:02:07","2026-06-04","2026-06-05T06:48:25Z",98.9
"Josh","2026-06-09 09:02:07","2026-06-04","2026-06-05T06:49:25Z",98.8
"Josh","2026-06-09 09:02:07","2026-06-04","2026-06-05T06:50:25Z",98.8
"Josh","2026-06-09 09:02:07","2026-06-04","2026-06-05T06:51:25Z",98.7
"Josh","2026-06-09 09:02:07","2026-06-04","2026-06-05T06:52:25Z",98.8
"Josh","2026-06-09 09:02:07","2026-06-04","2026-06-05T06:53:25Z",98.7
"Josh","2026-06-09 09:02:07","2026-06-04","2026-06-05T06:54:25Z",98.8
"Josh","2026-06-09 09:02:07","2026-06-04","2026-06-05T06:55:25Z",98.7
"Josh","2026-06-09 09:02:07","2026-06-04","2026-06-05T06:56:25Z",98.7
"Josh","2026-06-09 09:02:07","2026-06-04","2026-06-05T06:57:25Z",98.6
"Josh","2026-06-09 09:02:07","2026-06-04","2026-06-05T06:58:25Z",98.6
"Josh","2026-06-09 09:02:07","2026-06-04","2026-06-05T06:59:25Z",98.5
"Josh","2026-06-09 09:02:07","2026-06-04","2026-06-05T07:00:25Z",98.5
"Josh","2026-06-09 09:02:07","2026-06-04","2026-06-05T07:01:25Z",98.4
"Josh","2026-06-09 09:02:07","2026-06-04","2026-06-05T07:02:25Z",98.4
"Josh","2026-06-09 09:02:07","2026-06-04","2026-06-05T07:03:25Z",98.3
"Josh","2026-06-09 09:02:07","2026-06-04","2026-06-05T07:04:25Z",98.3
"Josh","2026-06-09 09:02:07","2026-06-04","2026-06-05T07:05:25Z",98.2
"Josh","2026-06-09 09:02:07","2026-06-04","2026-06-05T07:06:25Z",98.2
"Josh","2026-06-09 09:02:07","2026-06-04","2026-06-05T07:07:25Z",98.2
"Josh","2026-06-09 09:02:07","2026-06-04","2026-06-05T07:08:25Z",98.1
"Josh","2026-06-09 09:02:07","2026-06-04","2026-06-05T07:09:25Z",98.1
"Josh","2026-06-09 09:02:07","2026-06-04","2026-06-05T07:10:25Z",98.0
"Josh","2026-06-09 09:02:07","2026-06-04","2026-06-05T07:11:25Z",98.0
"Josh","2026-06-09 09:02:07","2026-06-04","2026-06-05T07:12:25Z",97.9
"Josh","2026-06-09 09:02:07","2026-06-04","2026-06-05T07:13:25Z",97.9
"Josh","2026-06-09 09:02:07","2026-06-04","2026-06-05T07:14:25Z",97.8
"Josh","2026-06-09 09:02:07","2026-06-04","2026-06-05T07:15:25Z",97.8
"Josh","2026-06-09 09:02:07","2026-06-04","2026-06-05T07:16:25Z",97.7
"Josh","2026-06-09 09:02:07","2026-06-04","2026-06-05T07:17:25Z",97.6
"Josh","2026-06-09 09:02:07","2026-06-04","2026-06-05T07:18:25Z",97.5
"Josh","2026-06-09 09:02:07","2026-06-04","2026-06-05T07:19:25Z",97.4
"Josh","2026-06-09 09:02:07","2026-06-04","2026-06-05T07:20:25Z",97.3
"Josh","2026-06-09 09:02:07","2026-06-04","2026-06-05T07:21:25Z",97.3
"Josh","2026-06-09 09:02:07","2026-06-04","2026-06-05T07:22:25Z",97.3
"Josh","2026-06-09 09:02:07","2026-06-04","2026-06-05T07:23:25Z",97.3
"Josh","2026-06-09 09:02:07","2026-06-04","2026-06-05T07:24:25Z",97.4
"Josh","2026-06-09 09:02:07","2026-06-04","2026-06-05T07:25:25Z",97.5
"Josh","2026-06-09 09:02:07","2026-06-04","2026-06-05T07:26:25Z",97.6
"Josh","2026-06-09 09:02:07","2026-06-04","2026-06-05T07:27:25Z",97.7
"Josh","2026-06-09 09:02:07","2026-06-04","2026-06-05T07:28:25Z",97.7
"Josh","2026-06-09 09:02:07","2026-06-04","2026-06-05T07:29:25Z",97.8
"Josh","2026-06-09 09:02:07","2026-06-04","2026-06-05T07:30:25Z",97.9
"Josh","2026-06-09 09:02:07","2026-06-04","2026-06-05T07:31:25Z",98.0
"Josh","2026-06-09 09:02:07","2026-06-04","2026-06-05T07:32:25Z",98.1
"Josh","2026-06-10 09:10:30","2026-06-05","2026-06-05T22:46:48Z",98.3
"Josh","2026-06-10 09:10:30","2026-06-05","2026-06-05T22:47:48Z",98.3
"Josh","2026-06-10 09:10:30","2026-06-05","2026-06-05T22:48:48Z",98.3
"Josh","2026-06-10 09:10:30","2026-06-05","2026-06-05T22:49:48Z",98.3
"Josh","2026-06-10 09:10:30","2026-06-05","2026-06-05T22:50:48Z",98.3
"Josh","2026-06-10 09:10:30","2026-06-05","2026-06-05T22:51:48Z",98.3
"Josh","2026-06-10 09:10:30","2026-06-05","2026-06-05T22:52:48Z",98.3
"Josh","2026-06-10 09:10:30","2026-06-05","2026-06-05T22:53:48Z",98.3
"Josh","2026-06-10 09:10:30","2026-06-05","2026-06-05T22:54:48Z",98.3
"Josh","2026-06-10 09:10:30","2026-06-05","2026-06-05T22:55:48Z",98.3
"Josh","2026-06-10 09:10:30","2026-06-05","2026-06-05T22:56:48Z",98.3
"Josh","2026-06-10 09:10:30","2026-06-05","2026-06-05T22:57:48Z",98.3
"Josh","2026-06-10 09:10:30","2026-06-05","2026-06-05T22:58:48Z",98.3
"Josh","2026-06-10 09:10:30","2026-06-05","2026-06-05T22:59:48Z",98.2
"Josh","2026-06-10 09:10:30","2026-06-05","2026-06-05T23:00:48Z",98.2
"Josh","2026-06-10 09:10:30","2026-06-05","2026-06-05T23:01:48Z",98.2
"Josh","2026-06-10 09:10:30","2026-06-05","2026-06-05T23:02:48Z",98.3
"Josh","2026-06-10 09:10:30","2026-06-05","2026-06-05T23:03:48Z",98.3
"Josh","2026-06-10 09:10:30","2026-06-05","2026-06-05T23:04:48Z",98.3
"Josh","2026-06-10 09:10:30","2026-06-05","2026-06-05T23:05:48Z",98.3
"Josh","2026-06-10 09:10:30","2026-06-05","2026-06-05T23:06:48Z",98.3
"Josh","2026-06-10 09:10:30","2026-06-05","2026-06-05T23:07:48Z",98.3
"Josh","2026-06-10 09:10:30","2026-06-05","2026-06-05T23:08:48Z",98.4
"Josh","2026-06-10 09:10:30","2026-06-05","2026-06-05T23:09:48Z",98.4
"Josh","2026-06-10 09:10:30","2026-06-05","2026-06-05T23:10:48Z",98.4
"Josh","2026-06-10 09:10:30","2026-06-05","2026-06-05T23:11:48Z",98.5
"Josh","2026-06-10 09:10:30","2026-06-05","2026-06-05T23:12:48Z",98.6
"Josh","2026-06-10 09:10:30","2026-06-05","2026-06-05T23:13:48Z",98.7
"Josh","2026-06-10 09:10:30","2026-06-05","2026-06-05T23:14:48Z",98.7
"Josh","2026-06-10 09:10:30","2026-06-05","2026-06-05T23:15:48Z",98.6
"Josh","2026-06-10 09:10:30","2026-06-05","2026-06-05T23:16:48Z",98.6
"Josh","2026-06-10 09:10:30","2026-06-05","2026-06-05T23:17:48Z",98.6
"Josh","2026-06-10 09:10:30","2026-06-05","2026-06-05T23:18:48Z",98.5
"Josh","2026-06-10 09:10:30","2026-06-05","2026-06-05T23:19:48Z",98.6
"Josh","2026-06-10 09:10:30","2026-06-05","2026-06-05T23:20:48Z",98.6
"Josh","2026-06-10 09:10:30","2026-06-05","2026-06-05T23:21:48Z",98.7
"Josh","2026-06-10 09:10:30","2026-06-05","2026-06-05T23:22:48Z",98.8
"Josh","2026-06-10 09:10:30","2026-06-05","2026-06-05T23:23:48Z",98.8
"Josh","2026-06-10 09:10:30","2026-06-05","2026-06-05T23:24:48Z",98.8
"Josh","2026-06-10 09:10:30","2026-06-05","2026-06-05T23:25:48Z",98.9
"Josh","2026-06-10 09:10:30","2026-06-05","2026-06-05T23:26:48Z",98.9
"Josh","2026-06-10 09:10:30","2026-06-05","2026-06-05T23:27:48Z",98.9
"Josh","2026-06-10 09:10:30","2026-06-05","2026-06-05T23:28:48Z",98.8
"Josh","2026-06-10 09:10:30","2026-06-05","2026-06-05T23:29:48Z",98.9
"Josh","2026-06-10 09:10:30","2026-06-05","2026-06-05T23:30:48Z",98.8
"Josh","2026-06-10 09:10:30","2026-06-05","2026-06-05T23:31:48Z",98.4
"Josh","2026-06-10 09:10:30","2026-06-05","2026-06-05T23:32:48Z",98.5
"Josh","2026-06-10 09:10:30","2026-06-05","2026-06-05T23:33:48Z",98.5
"Josh","2026-06-10 09:10:30","2026-06-05","2026-06-05T23:34:48Z",98.6
"Josh","2026-06-10 09:10:30","2026-06-05","2026-06-05T23:35:48Z",98.6
"Josh","2026-06-10 09:10:30","2026-06-05","2026-06-05T23:36:48Z",98.6
"Josh","2026-06-10 09:10:30","2026-06-05","2026-06-05T23:37:48Z",98.6
"Josh","2026-06-10 09:10:30","2026-06-05","2026-06-05T23:38:48Z",98.5
"Josh","2026-06-10 09:10:30","2026-06-05","2026-06-05T23:39:48Z",98.5
"Josh","2026-06-10 09:10:30","2026-06-05","2026-06-05T23:40:48Z",98.5
"Josh","2026-06-10 09:10:30","2026-06-05","2026-06-05T23:41:48Z",98.4
"Josh","2026-06-10 09:10:30","2026-06-05","2026-06-05T23:42:48Z",98.4
"Josh","2026-06-10 09:10:30","2026-06-05","2026-06-05T23:43:48Z",98.3
"Josh","2026-06-10 09:10:30","2026-06-05","2026-06-05T23:44:48Z",98.3
"Josh","2026-06-10 09:10:30","2026-06-05","2026-06-05T23:45:48Z",98.3
"Josh","2026-06-10 09:10:30","2026-06-05","2026-06-05T23:46:48Z",98.2
"Josh","2026-06-10 09:10:30","2026-06-05","2026-06-05T23:47:48Z",98.2
"Josh","2026-06-10 09:10:30","2026-06-05","2026-06-05T23:48:48Z",98.1
"Josh","2026-06-10 09:10:30","2026-06-05","2026-06-05T23:49:48Z",98.1
"Josh","2026-06-10 09:10:30","2026-06-05","2026-06-05T23:50:48Z",50.0
"Josh","2026-06-10 09:10:30","2026-06-05","2026-06-05T23:51:48Z",98.0
"Josh","2026-06-10 09:10:30","2026-06-05","2026-06-05T23:52:48Z",98.0
"Josh","2026-06-10 09:10:30","2026-06-05","2026-06-05T23:53:48Z",97.9
"Josh","2026-06-10 09:10:30","2026-06-05","2026-06-05T23:54:48Z",97.9
"Josh","2026-06-10 09:10:30","2026-06-05","2026-06-05T23:55:48Z",97.8
"Josh","2026-06-10 09:10:30","2026-06-05","2026-06-05T23:56:48Z",97.8
"Josh","2026-06-10 09:10:30","2026-06-05","2026-06-05T23:57:48Z",97.7
"Josh","2026-06-10 09:10:30","2026-06-05","2026-06-05T23:58:48Z",97.7
"Josh","2026-06-10 09:10:30","2026-06-05","2026-06-05T23:59:48Z",97.5
"Josh","2026-06-10 09:10:30","2026-06-05","2026-06-06T00:00:48Z",97.5
"Josh","2026-06-10 09:10:30","2026-06-05","2026-06-06T00:01:48Z",97.4
"Josh","2026-06-10 09:10:30","2026-06-05","2026-06-06T00:02:48Z",97.3
"Josh","2026-06-10 09:10:30","2026-06-05","2026-06-06T00:03:48Z",97.3
"Josh","2026-06-10 09:10:30","2026-06-05","2026-06-06T00:04:48Z",97.3
"Josh","2026-06-10 09:10:30","2026-06-05","2026-06-06T00:05:48Z",97.2
"Josh","2026-06-10 09:10:30","2026-06-05","2026-06-06T00:06:48Z",97.2
"Josh","2026-06-10 09:10:30","2026-06-05","2026-06-06T00:07:48Z",97.1
"Josh","2026-06-10 09:10:30","2026-06-05","2026-06-06T00:08:48Z",97.0
"Josh","2026-06-10 09:10:30","2026-06-05","2026-06-06T00:09:48Z",97.0
"Josh","2026-06-10 09:10:30","2026-06-05","2026-06-06T00:10:48Z",97.0
"Josh","2026-06-10 09:10:30","2026-06-05","2026-06-06T00:11:48Z",97.0
"Josh","2026-06-10 09:10:30","2026-06-05","2026-06-06T00:12:48Z",96.9
"Josh","2026-06-10 09:10:30","2026-06-05","2026-06-06T00:13:48Z",96.9
"Josh","2026-06-10 09:10:30","2026-06-05","2026-06-06T00:14:48Z",96.9
"Josh","2026-06-10 09:10:30","2026-06-05","2026-06-06T00:15:48Z",97.0
"Josh","2026-06-10 09:10:30","2026-06-05","2026-06-06T00:16:48Z",97.1
"Josh","2026-06-10 09:10:30","2026-06-05","2026-06-06T00:17:48Z",97.1
"Josh","2026-06-10 09:10:30","2026-06-05","2026-06-06T00:18:48Z",97.2
"Josh","2026-06-10 09:10:30","2026-06-05","2026-06-06T00:19:48Z",97.3
"Josh","2026-06-10 09:10:30","2026-06-05","2026-06-06T00:20:48Z",97.4
"Josh","2026-06-10 09:10:30","2026-06-05","2026-06-06T00:21:48Z",97.4
"Josh","2026-06-10 09:10:30","2026-06-05","2026-06-06T00:22:48Z",97.5
"Josh","2026-06-10 09:10:30","2026-06-05","2026-06-06T00:23:48Z",97.5
"Josh","2026-06-10 09:10:30","2026-06-05","2026-06-06T00:24:48Z",97.6
"Josh","2026-06-10 09:10:30","2026-06-05","2026-06-06T00:25:48Z",97.7
"Josh","2026-06-10 09:10:30","2026-06-05","2026-06-06T00:26:48Z",97.7
"Josh","2026-06-10 09:10:30","2026-06-05","2026-06-06T00:27:48Z",97.8
"Josh","2026-06-10 09:10:30","2026-06-05","2026-06-06T00:28:48Z",97.8
"Josh","2026-06-10 09:10:30","2026-06-05","2026-06-06T00:29:48Z",97.9
"Josh","2026-06-10 09:10:30","2026-06-05","2026-06-06T00:30:48Z",97.9
"Josh","2026-06-10 09:10:30","2026-06-05","2026-06-06T00:31:48Z",50.0
"Josh","2026-06-10 09:10:30","2026-06-05","2026-06-06T00:32:48Z",98.0
"Josh","2026-06-10 09:10:30","2026-06-05","2026-06-06T00:33:48Z",98.0
"Josh","2026-06-10 09:10:30","2026-06-05","2026-06-06T00:34:48Z",98.1
"Josh","2026-06-10 09:10:30","2026-06-05","2026-06-06T00:35:48Z",98.1
"Josh","2026-06-10 09:10:30","2026-06-05","2026-06-06T00:36:48Z",98.2
"Josh","2026-06-10 09:10:30","2026-06-05","2026-06-06T00:37:48Z",98.2
"Josh","2026-06-10 09:10:30","2026-06-05","2026-06-06T00:38:48Z",98.3
"Josh","2026-06-10 09:10:30","2026-06-05","2026-06-06T00:39:48Z",98.3
"Josh","2026-06-10 09:10:30","2026-06-05","2026-06-06T00:40:48Z",98.5
"Josh","2026-06-10 09:10:30","2026-06-05","2026-06-06T00:41:48Z",98.5
"Josh","2026-06-10 09:10:30","2026-06-05","2026-06-06T00:42:48Z",98.6
"Josh","2026-06-10 09:10:30","2026-06-05","2026-06-06T00:43:48Z",98.5
"Josh","2026-06-10 09:10:30","2026-06-05","2026-06-06T00:44:48Z",98.5
"Josh","2026-06-10 09:10:30","2026-06-05","2026-06-06T00:45:48Z",98.5
"Josh","2026-06-10 09:10:30","2026-06-05","2026-06-06T00:46:48Z",98.6
"Josh","2026-06-10 09:10:30","2026-06-05","2026-06-06T00:47:48Z",98.7
"Josh","2026-06-10 09:10:30","2026-06-05","2026-06-06T00:48:48Z",98.8
"Josh","2026-06-10 09:10:30","2026-06-05","2026-06-06T00:49:48Z",98.8
"Josh","2026-06-10 09:10:30","2026-06-05","2026-06-06T00:50:48Z",98.7
"Josh","2026-06-10 09:10:30","2026-06-05","2026-06-06T00:51:48Z",98.7
"Josh","2026-06-10 09:10:30","2026-06-05","2026-06-06T00:52:48Z",98.6
"Josh","2026-06-10 09:10:30","2026-06-05","2026-06-06T00:53:48Z",98.6
"Josh","2026-06-10 09:10:30","2026-06-05","2026-06-06T00:54:48Z",98.6
"Josh","2026-06-10 09:10:30","2026-06-05","2026-06-06T00:55:48Z",98.7
"Josh","2026-06-10 09:10:30","2026-06-05","2026-06-06T00:56:48Z",98.7
"Josh","2026-06-10 09:10:30","2026-06-05","2026-06-06T00:57:48Z",98.7
"Josh","2026-06-10 09:10:30","2026-06-05","2026-06-06T00:58:48Z",98.7
"Josh","2026-06-10 09:10:30","2026-06-05","2026-06-06T00:59:48Z",98.6
"Josh","2026-06-10 09:10:30","2026-06-05","2026-06-06T01:00:48Z",98.6
"Josh","2026-06-10 09:10:30","2026-06-05","2026-06-06T01:01:48Z",98.7
"Josh","2026-06-10 09:10:30","2026-06-05","2026-06-06T01:02:48Z",98.7
"Josh","2026-06-10 09:10:30","2026-06-05","2026-06-06T01:03:48Z",98.7
"Josh","2026-06-10 09:10:30","2026-06-05","2026-06-06T01:04:48Z",98.7
"Josh","2026-06-10 09:10:30","2026-06-05","2026-06-06T01:05:48Z",98.7
"Josh","2026-06-10 09:10:30","2026-06-05","2026-06-06T01:06:48Z",98.6
"Josh","2026-06-10 09:10:30","2026-06-05","2026-06-06T01:07:48Z",98.6
"Josh","2026-06-10 09:10:30","2026-06-05","2026-06-06T01:08:48Z",98.6
"Josh","2026-06-10 09:10:30","2026-06-05","2026-06-06T01:09:48Z",98.5
"Josh","2026-06-10 09:10:30","2026-06-05","2026-06-06T01:10:48Z",98.5
"Josh","2026-06-10 09:10:30","2026-06-05","2026-06-06T01:11:48Z",98.4
"Josh","2026-06-10 09:10:30","2026-06-05","2026-06-06T01:12:48Z",98.4
"Josh","2026-06-10 09:10:30","2026-06-05","2026-06-06T01:13:48Z",98.4
"Josh","2026-06-10 09:10:30","2026-06-05","2026-06-06T01:14:48Z",98.3
"Josh","2026-06-10 09:10:30","2026-06-05","2026-06-06T01:15:48Z",98.3
"Josh","2026-06-10 09:10:30","2026-06-05","2026-06-06T01:16:48Z",98.2
"Josh","2026-06-10 09:10:30","2026-06-05","2026-06-06T01:17:48Z",98.2
"Josh","2026-06-10 09:10:30","2026-06-05","2026-06-06T01:18:48Z",98.1
"Josh","2026-06-10 09:10:30","2026-06-05","2026-06-06T01:19:48Z",98.1
"Josh","2026-06-10 09:10:30","2026-06-05","2026-06-06T01:20:48Z",98.1
"Josh","2026-06-10 09:10:30","2026-06-05","2026-06-06T01:21:48Z",98.0
"Josh","2026-06-10 09:10:30","2026-06-05","2026-06-06T01:22:48Z",98.0
"Josh","2026-06-10 09:10:30","2026-06-05","2026-06-06T01:23:48Z",97.9
"Josh","2026-06-10 09:10:30","2026-06-05","2026-06-06T01:24:48Z",97.9
"Josh","2026-06-10 09:10:30","2026-06-05","2026-06-06T01:25:48Z",97.8
"Josh","2026-06-10 09:10:30","2026-06-05","2026-06-06T01:26:48Z",97.8
"Josh","2026-06-10 09:10:30","2026-06-05","2026-06-06T01:27:48Z",97.7
"Josh","2026-06-10 09:10:30","2026-06-05","2026-06-06T01:28:48Z",97.5
"Josh","2026-06-10 09:10:30","2026-06-05","2026-06-06T01:29:48Z",97.5
"Josh","2026-06-10 09:10:30","2026-06-05","2026-06-06T01:30:48Z",97.5
"Josh","2026-06-10 09:10:30","2026-06-05","2026-06-06T01:31:48Z",97.4
"Josh","2026-06-10 09:10:30","2026-06-05","2026-06-06T01:32:48Z",97.3
"Josh","2026-06-10 09:10:30","2026-06-05","2026-06-06T01:33:48Z",97.2
"Josh","2026-06-10 09:10:30","2026-06-05","2026-06-06T01:34:48Z",97.3
"Josh","2026-06-10 09:10:30","2026-06-05","2026-06-06T01:35:48Z",97.2
"Josh","2026-06-10 09:10:30","2026-06-05","2026-06-06T01:36:48Z",97.2
"Josh","2026-06-10 09:10:30","2026-06-05","2026-06-06T01:37:48Z",97.1
"Josh","2026-06-10 09:10:30","2026-06-05","2026-06-06T01:38:48Z",97.0
"Josh","2026-06-10 09:10:30","2026-06-05","2026-06-06T01:39:48Z",97.1
"Josh","2026-06-10 09:10:30","2026-06-05","2026-06-06T01:40:48Z",97.0
"Josh","2026-06-10 09:10:30","2026-06-05","2026-06-06T01:41:48Z",97.0
"Josh","2026-06-10 09:10:30","2026-06-05","2026-06-06T01:42:48Z",97.0
"Josh","2026-06-10 09:10:30","2026-06-05","2026-06-06T01:43:48Z",97.0
"Josh","2026-06-10 09:10:30","2026-06-05","2026-06-06T01:44:48Z",97.0
"Josh","2026-06-10 09:10:30","2026-06-05","2026-06-06T01:45:48Z",97.0
"Josh","2026-06-10 09:10:30","2026-06-05","2026-06-06T01:46:48Z",97.1
"Josh","2026-06-10 09:10:30","2026-06-05","2026-06-06T01:47:48Z",97.2
"Josh","2026-06-10 09:10:30","2026-06-05","2026-06-06T01:48:48Z",97.3
"Josh","2026-06-10 09:10:30","2026-06-05","2026-06-06T01:49:48Z",97.3
"Josh","2026-06-10 09:10:30","2026-06-05","2026-06-06T01:50:48Z",97.4
"Josh","2026-06-10 09:10:30","2026-06-05","2026-06-06T01:51:48Z",97.4
"Josh","2026-06-10 09:10:30","2026-06-05","2026-06-06T01:52:48Z",97.5
"Josh","2026-06-10 09:10:30","2026-06-05","2026-06-06T01:53:48Z",97.6
"Josh","2026-06-10 09:10:30","2026-06-05","2026-06-06T01:54:48Z",97.6
"Josh","2026-06-10 09:10:30","2026-06-05","2026-06-06T01:55:48Z",97.7
"Josh","2026-06-10 09:10:30","2026-06-05","2026-06-06T01:56:48Z",97.7
"Josh","2026-06-10 09:10:30","2026-06-05","2026-06-06T01:57:48Z",97.8
"Josh","2026-06-10 09:10:30","2026-06-05","2026-06-06T01:58:48Z",97.8
"Josh","2026-06-10 09:10:30","2026-06-05","2026-06-06T01:59:48Z",97.9
"Josh","2026-06-10 09:10:30","2026-06-05","2026-06-06T02:00:48Z",97.9
"Josh","2026-06-10 09:10:30","2026-06-05","2026-06-06T02:01:48Z",98.0
"Josh","2026-06-10 09:10:30","2026-06-05","2026-06-06T02:02:48Z",98.0
"Josh","2026-06-10 09:10:30","2026-06-05","2026-06-06T02:03:48Z",98.0
"Josh","2026-06-10 09:10:30","2026-06-05","2026-06-06T02:04:48Z",98.1
"Josh","2026-06-10 09:10:30","2026-06-05","2026-06-06T02:05:48Z",98.1
"Josh","2026-06-10 09:10:30","2026-06-05","2026-06-06T02:06:48Z",98.2
"Josh","2026-06-10 09:10:30","2026-06-05","2026-06-06T02:07:48Z",98.2
"Josh","2026-06-10 09:10:30","2026-06-05","2026-06-06T02:08:48Z",98.3
"Josh","2026-06-10 09:10:30","2026-06-05","2026-06-06T02:09:48Z",98.3
"Josh","2026-06-10 09:10:30","2026-06-05","2026-06-06T02:10:48Z",98.3
"Josh","2026-06-10 09:10:30","2026-06-05","2026-06-06T02:11:48Z",98.4
"Josh","2026-06-10 09:10:30","2026-06-05","2026-06-06T02:12:48Z",98.4
"Josh","2026-06-10 09:10:30","2026-06-05","2026-06-06T02:13:48Z",98.6
"Josh","2026-06-10 09:10:30","2026-06-05","2026-06-06T02:14:48Z",98.6
"Josh","2026-06-10 09:10:30","2026-06-05","2026-06-06T02:15:48Z",98.7
"Josh","2026-06-10 09:10:30","2026-06-05","2026-06-06T02:16:48Z",98.6
"Josh","2026-06-10 09:10:30","2026-06-05","2026-06-06T02:17:48Z",98.6
"Josh","2026-06-10 09:10:30","2026-06-05","2026-06-06T02:18:48Z",98.5
"Josh","2026-06-10 09:10:30","2026-06-05","2026-06-06T02:19:48Z",98.6
"Josh","2026-06-10 09:10:30","2026-06-05","2026-06-06T02:20:48Z",98.5
"Josh","2026-06-10 09:10:30","2026-06-05","2026-06-06T02:21:48Z",98.5
"Josh","2026-06-10 09:10:30","2026-06-05","2026-06-06T02:22:48Z",98.6
"Josh","2026-06-10 09:10:30","2026-06-05","2026-06-06T02:23:48Z",98.7
"Josh","2026-06-10 09:10:30","2026-06-05","2026-06-06T02:24:48Z",98.6
"Josh","2026-06-10 09:10:30","2026-06-05","2026-06-06T02:25:48Z",98.6
"Josh","2026-06-10 09:10:30","2026-06-05","2026-06-06T02:26:48Z",98.6
"Josh","2026-06-10 09:10:30","2026-06-05","2026-06-06T02:27:48Z",98.6
"Josh","2026-06-10 09:10:30","2026-06-05","2026-06-06T02:28:48Z",98.6
"Josh","2026-06-10 09:10:30","2026-06-05","2026-06-06T02:29:48Z",98.7
"Josh","2026-06-10 09:10:30","2026-06-05","2026-06-06T02:30:48Z",98.7
"Josh","2026-06-10 09:10:30","2026-06-05","2026-06-06T02:31:48Z",98.7
"Josh","2026-06-10 09:10:30","2026-06-05","2026-06-06T02:32:48Z",98.8
"Josh","2026-06-10 09:10:30","2026-06-05","2026-06-06T02:33:48Z",98.7
"Josh","2026-06-10 09:10:30","2026-06-05","2026-06-06T02:34:48Z",98.7
"Josh","2026-06-10 09:10:30","2026-06-05","2026-06-06T02:35:48Z",98.7
"Josh","2026-06-10 09:10:30","2026-06-05","2026-06-06T02:36:48Z",98.7
"Josh","2026-06-10 09:10:30","2026-06-05","2026-06-06T02:37:48Z",98.6
"Josh","2026-06-10 09:10:30","2026-06-05","2026-06-06T02:38:48Z",98.6
"Josh","2026-06-10 09:10:30","2026-06-05","2026-06-06T02:39:48Z",98.5
"Josh","2026-06-10 09:10:30","2026-06-05","2026-06-06T02:40:48Z",98.5
"Josh","2026-06-10 09:10:30","2026-06-05","2026-06-06T02:41:48Z",98.4
"Josh","2026-06-10 09:10:30","2026-06-05","2026-06-06T02:42:48Z",98.4
"Josh","2026-06-10 09:10:30","2026-06-05","2026-06-06T02:43:48Z",98.4
"Josh","2026-06-10 09:10:30","2026-06-05","2026-06-06T02:44:48Z",98.3
"Josh","2026-06-10 09:10:30","2026-06-05","2026-06-06T02:45:48Z",98.3
"Josh","2026-06-10 09:10:30","2026-06-05","2026-06-06T02:46:48Z",98.2
"Josh","2026-06-10 09:10:30","2026-06-05","2026-06-06T02:47:48Z",98.2
"Josh","2026-06-10 09:10:30","2026-06-05","2026-06-06T02:48:48Z",98.1
"Josh","2026-06-10 09:10:30","2026-06-05","2026-06-06T02:49:48Z",98.1
"Josh","2026-06-10 09:10:30","2026-06-05","2026-06-06T02:50:48Z",98.1
"Josh","2026-06-10 09:10:30","2026-06-05","2026-06-06T02:51:48Z",98.0
"Josh","2026-06-10 09:10:30","2026-06-05","2026-06-06T02:52:48Z",98.0
"Josh","2026-06-10 09:10:30","2026-06-05","2026-06-06T02:53:48Z",97.9
"Josh","2026-06-10 09:10:30","2026-06-05","2026-06-06T02:54:48Z",97.9
"Josh","2026-06-10 09:10:30","2026-06-05","2026-06-06T02:55:48Z",97.8
"Josh","2026-06-10 09:10:30","2026-06-05","2026-06-06T02:56:48Z",97.8
"Josh","2026-06-10 09:10:30","2026-06-05","2026-06-06T02:57:48Z",97.7
"Josh","2026-06-10 09:10:30","2026-06-05","2026-06-06T02:58:48Z",97.6
"Josh","2026-06-10 09:10:30","2026-06-05","2026-06-06T02:59:48Z",97.6
"Josh","2026-06-10 09:10:30","2026-06-05","2026-06-06T03:00:48Z",97.5
"Josh","2026-06-10 09:10:30","2026-06-05","2026-06-06T03:01:48Z",97.4
"Josh","2026-06-10 09:10:30","2026-06-05","2026-06-06T03:02:48Z",97.4
"Josh","2026-06-10 09:10:30","2026-06-05","2026-06-06T03:03:48Z",97.4
"Josh","2026-06-10 09:10:30","2026-06-05","2026-06-06T03:04:48Z",97.3
"Josh","2026-06-10 09:10:30","2026-06-05","2026-06-06T03:05:48Z",97.4
"Josh","2026-06-10 09:10:30","2026-06-05","2026-06-06T03:06:48Z",97.4
"Josh","2026-06-10 09:10:30","2026-06-05","2026-06-06T03:07:48Z",97.3
"Josh","2026-06-10 09:10:30","2026-06-05","2026-06-06T03:08:48Z",97.2
"Josh","2026-06-10 09:10:30","2026-06-05","2026-06-06T03:09:48Z",97.3
"Josh","2026-06-10 09:10:30","2026-06-05","2026-06-06T03:10:48Z",97.2
"Josh","2026-06-10 09:10:30","2026-06-05","2026-06-06T03:11:48Z",97.1
"Josh","2026-06-10 09:10:30","2026-06-05","2026-06-06T03:12:48Z",97.2
"Josh","2026-06-10 09:10:30","2026-06-05","2026-06-06T03:13:48Z",97.2
"Josh","2026-06-10 09:10:30","2026-06-05","2026-06-06T03:14:48Z",97.2
"Josh","2026-06-10 09:10:30","2026-06-05","2026-06-06T03:15:48Z",97.3
"Josh","2026-06-10 09:10:30","2026-06-05","2026-06-06T03:16:48Z",97.3
"Josh","2026-06-10 09:10:30","2026-06-05","2026-06-06T03:17:48Z",97.4
"Josh","2026-06-10 09:10:30","2026-06-05","2026-06-06T03:18:48Z",97.4
"Josh","2026-06-10 09:10:30","2026-06-05","2026-06-06T03:19:48Z",97.4
"Josh","2026-06-10 09:10:30","2026-06-05","2026-06-06T03:20:48Z",97.5
"Josh","2026-06-10 09:10:30","2026-06-05","2026-06-06T03:21:48Z",97.5
"Josh","2026-06-10 09:10:30","2026-06-05","2026-06-06T03:22:48Z",97.6
"Josh","2026-06-10 09:10:30","2026-06-05","2026-06-06T03:23:48Z",97.6
"Josh","2026-06-10 09:10:30","2026-06-05","2026-06-06T03:24:48Z",97.7
"Josh","2026-06-10 09:10:30","2026-06-05","2026-06-06T03:25:48Z",97.7
"Josh","2026-06-10 09:10:30","2026-06-05","2026-06-06T03:26:48Z",97.7
"Josh","2026-06-10 09:10:30","2026-06-05","2026-06-06T03:27:48Z",97.8
"Josh","2026-06-10 09:10:30","2026-06-05","2026-06-06T03:28:48Z",97.8
"Josh","2026-06-10 09:10:30","2026-06-05","2026-06-06T03:29:48Z",97.9
"Josh","2026-06-10 09:10:30","2026-06-05","2026-06-06T03:30:48Z",97.9
"Josh","2026-06-10 09:10:30","2026-06-05","2026-06-06T03:31:48Z",98.0
"Josh","2026-06-10 09:10:30","2026-06-05","2026-06-06T03:32:48Z",98.0
"Josh","2026-06-10 09:10:30","2026-06-05","2026-06-06T03:33:48Z",98.1
"Josh","2026-06-10 09:10:30","2026-06-05","2026-06-06T03:34:48Z",98.1
"Josh","2026-06-10 09:10:30","2026-06-05","2026-06-06T03:35:48Z",98.1
"Josh","2026-06-10 09:10:30","2026-06-05","2026-06-06T03:36:48Z",98.2
"Josh","2026-06-10 09:10:30","2026-06-05","2026-06-06T03:37:48Z",98.2
"Josh","2026-06-10 09:10:30","2026-06-05","2026-06-06T03:38:48Z",98.3
"Josh","2026-06-10 09:10:30","2026-06-05","2026-06-06T03:39:48Z",98.4
"Josh","2026-06-10 09:10:30","2026-06-05","2026-06-06T03:40:48Z",98.5
"Josh","2026-06-10 09:10:30","2026-06-05","2026-06-06T03:41:48Z",98.6
"Josh","2026-06-10 09:10:30","2026-06-05","2026-06-06T03:42:48Z",98.7
"Josh","2026-06-10 09:10:30","2026-06-05","2026-06-06T03:43:48Z",98.7
"Josh","2026-06-10 09:10:30","2026-06-05","2026-06-06T03:44:48Z",98.7
"Josh","2026-06-10 09:10:30","2026-06-05","2026-06-06T03:45:48Z",98.8
"Josh","2026-06-10 09:10:30","2026-06-05","2026-06-06T03:46:48Z",98.8
"Josh","2026-06-10 09:10:30","2026-06-05","2026-06-06T03:47:48Z",98.8
"Josh","2026-06-10 09:10:30","2026-06-05","2026-06-06T03:48:48Z",98.8
"Josh","2026-06-10 09:10:30","2026-06-05","2026-06-06T03:49:48Z",98.9
"Josh","2026-06-10 09:10:30","2026-06-05","2026-06-06T03:50:48Z",50.0
"Josh","2026-06-10 09:10:30","2026-06-05","2026-06-06T03:51:48Z",98.8
"Josh","2026-06-10 09:10:30","2026-06-05","2026-06-06T03:52:48Z",98.9
"Josh","2026-06-10 09:10:30","2026-06-05","2026-06-06T03:53:48Z",98.9
"Josh","2026-06-10 09:10:30","2026-06-05","2026-06-06T03:54:48Z",98.9
"Josh","2026-06-10 09:10:30","2026-06-05","2026-06-06T03:55:48Z",98.8
"Josh","2026-06-10 09:10:30","2026-06-05","2026-06-06T03:56:48Z",98.8
"Josh","2026-06-10 09:10:30","2026-06-05","2026-06-06T03:57:48Z",98.8
"Josh","2026-06-10 09:10:30","2026-06-05","2026-06-06T03:58:48Z",98.8
"Josh","2026-06-10 09:10:30","2026-06-05","2026-06-06T03:59:48Z",98.9
"Josh","2026-06-10 09:10:30","2026-06-05","2026-06-06T04:00:48Z",98.8
"Josh","2026-06-10 09:10:30","2026-06-05","2026-06-06T04:01:48Z",98.7
"Josh","2026-06-10 09:10:30","2026-06-05","2026-06-06T04:02:48Z",98.8
"Josh","2026-06-10 09:10:30","2026-06-05","2026-06-06T04:03:48Z",98.8
"Josh","2026-06-10 09:10:30","2026-06-05","2026-06-06T04:04:48Z",98.8
"Josh","2026-06-10 09:10:30","2026-06-05","2026-06-06T04:05:48Z",98.9
"Josh","2026-06-10 09:10:30","2026-06-05","2026-06-06T04:06:48Z",98.8
"Josh","2026-06-10 09:10:30","2026-06-05","2026-06-06T04:07:48Z",98.8
"Josh","2026-06-10 09:10:30","2026-06-05","2026-06-06T04:08:48Z",98.7
"Josh","2026-06-10 09:10:30","2026-06-05","2026-06-06T04:09:48Z",98.6
"Josh","2026-06-10 09:10:30","2026-06-05","2026-06-06T04:10:48Z",98.6
"Josh","2026-06-10 09:10:30","2026-06-05","2026-06-06T04:11:48Z",98.5
"Josh","2026-06-10 09:10:30","2026-06-05","2026-06-06T04:12:48Z",98.5
"Josh","2026-06-10 09:10:30","2026-06-05","2026-06-06T04:13:48Z",98.4
"Josh","2026-06-10 09:10:30","2026-06-05","2026-06-06T04:14:48Z",98.4
"Josh","2026-06-10 09:10:30","2026-06-05","2026-06-06T04:15:48Z",98.3
"Josh","2026-06-10 09:10:30","2026-06-05","2026-06-06T04:16:48Z",98.3
"Josh","2026-06-10 09:10:30","2026-06-05","2026-06-06T04:17:48Z",98.2
"Josh","2026-06-10 09:10:30","2026-06-05","2026-06-06T04:18:48Z",98.2
"Josh","2026-06-10 09:10:30","2026-06-05","2026-06-06T04:19:48Z",98.1
"Josh","2026-06-10 09:10:30","2026-06-05","2026-06-06T04:20:48Z",98.1
"Josh","2026-06-10 09:10:30","2026-06-05","2026-06-06T04:21:48Z",98.0
"Josh","2026-06-10 09:10:30","2026-06-05","2026-06-06T04:22:48Z",98.0
"Josh","2026-06-10 09:10:30","2026-06-05","2026-06-06T04:23:48Z",97.9
"Josh","2026-06-10 09:10:30","2026-06-05","2026-06-06T04:24:48Z",97.9
"Josh","2026-06-10 09:10:30","2026-06-05","2026-06-06T04:25:48Z",97.8
"Josh","2026-06-10 09:10:30","2026-06-05","2026-06-06T04:26:48Z",97.8
"Josh","2026-06-10 09:10:30","2026-06-05","2026-06-06T04:27:48Z",97.7
"Josh","2026-06-10 09:10:30","2026-06-05","2026-06-06T04:28:48Z",97.6
"Josh","2026-06-10 09:10:30","2026-06-05","2026-06-06T04:29:48Z",97.4
"Josh","2026-06-10 09:10:30","2026-06-05","2026-06-06T04:30:48Z",97.3
"Josh","2026-06-10 09:10:30","2026-06-05","2026-06-06T04:31:48Z",97.2
"Josh","2026-06-10 09:10:30","2026-06-05","2026-06-06T04:32:48Z",97.2
"Josh","2026-06-10 09:10:30","2026-06-05","2026-06-06T04:33:48Z",97.2
"Josh","2026-06-10 09:10:30","2026-06-05","2026-06-06T04:34:48Z",97.1
"Josh","2026-06-10 09:10:30","2026-06-05","2026-06-06T04:35:48Z",97.2
"Josh","2026-06-10 09:10:30","2026-06-05","2026-06-06T04:36:48Z",97.1
"Josh","2026-06-10 09:10:30","2026-06-05","2026-06-06T04:37:48Z",97.1
"Josh","2026-06-10 09:10:30","2026-06-05","2026-06-06T04:38:48Z",97.1
"Josh","2026-06-10 09:10:30","2026-06-05","2026-06-06T04:39:48Z",97.1
"Josh","2026-06-10 09:10:30","2026-06-05","2026-06-06T04:40:48Z",97.0
"Josh","2026-06-10 09:10:30","2026-06-05","2026-06-06T04:41:48Z",97.0
"Josh","2026-06-10 09:10:30","2026-06-05","2026-06-06T04:42:48Z",96.9
"Josh","2026-06-10 09:10:30","2026-06-05","2026-06-06T04:43:48Z",96.9
"Josh","2026-06-10 09:10:30","2026-06-05","2026-06-06T04:44:48Z",96.9
"Josh","2026-06-10 09:10:30","2026-06-05","2026-06-06T04:45:48Z",96.9
"Josh","2026-06-10 09:10:30","2026-06-05","2026-06-06T04:46:48Z",97.0
"Josh","2026-06-10 09:10:30","2026-06-05","2026-06-06T04:47:48Z",97.1
"Josh","2026-06-10 09:10:30","2026-06-05","2026-06-06T04:48:48Z",97.2
"Josh","2026-06-10 09:10:30","2026-06-05","2026-06-06T04:49:48Z",97.2
"Josh","2026-06-10 09:10:30","2026-06-05","2026-06-06T04:50:48Z",97.3
"Josh","2026-06-10 09:10:30","2026-06-05","2026-06-06T04:51:48Z",97.4
"Josh","2026-06-10 09:10:30","2026-06-05","2026-06-06T04:52:48Z",97.5
"Josh","2026-06-10 09:10:30","2026-06-05","2026-06-06T04:53:48Z",97.5
"Josh","2026-06-10 09:10:30","2026-06-05","2026-06-06T04:54:48Z",97.6
"Josh","2026-06-10 09:10:30","2026-06-05","2026-06-06T04:55:48Z",97.6
"Josh","2026-06-10 09:10:30","2026-06-05","2026-06-06T04:56:48Z",97.7
"Josh","2026-06-10 09:10:30","2026-06-05","2026-06-06T04:57:48Z",97.7
"Josh","2026-06-10 09:10:30","2026-06-05","2026-06-06T04:58:48Z",97.8
"Josh","2026-06-10 09:10:30","2026-06-05","2026-06-06T04:59:48Z",97.9
"Josh","2026-06-10 09:10:30","2026-06-05","2026-06-06T05:00:48Z",97.9
"Josh","2026-06-10 09:10:30","2026-06-05","2026-06-06T05:01:48Z",97.9
"Josh","2026-06-10 09:10:30","2026-06-05","2026-06-06T05:02:48Z",98.0
"Josh","2026-06-10 09:10:30","2026-06-05","2026-06-06T05:03:48Z",98.0
"Josh","2026-06-10 09:10:30","2026-06-05","2026-06-06T05:04:48Z",98.1
"Josh","2026-06-10 09:10:30","2026-06-05","2026-06-06T05:05:48Z",98.1
"Josh","2026-06-10 09:10:30","2026-06-05","2026-06-06T05:06:48Z",98.2
"Josh","2026-06-10 09:10:30","2026-06-05","2026-06-06T05:07:48Z",98.2
"Josh","2026-06-10 09:10:30","2026-06-05","2026-06-06T05:08:48Z",98.3
"Josh","2026-06-10 09:10:30","2026-06-05","2026-06-06T05:09:48Z",98.4
"Josh","2026-06-10 09:10:30","2026-06-05","2026-06-06T05:10:48Z",98.5
"Josh","2026-06-10 09:10:30","2026-06-05","2026-06-06T05:11:48Z",98.6
"Josh","2026-06-10 09:10:30","2026-06-05","2026-06-06T05:12:48Z",98.7
"Josh","2026-06-10 09:10:30","2026-06-05","2026-06-06T05:13:48Z",98.7
"Josh","2026-06-10 09:10:30","2026-06-05","2026-06-06T05:14:48Z",98.7
"Josh","2026-06-10 09:10:30","2026-06-05","2026-06-06T05:15:48Z",98.7
"Josh","2026-06-10 09:10:30","2026-06-05","2026-06-06T05:16:48Z",98.8
"Josh","2026-06-10 09:10:30","2026-06-05","2026-06-06T05:17:48Z",98.7
"Josh","2026-06-10 09:10:30","2026-06-05","2026-06-06T05:18:48Z",98.8
"Josh","2026-06-10 09:10:30","2026-06-05","2026-06-06T05:19:48Z",98.8
"Josh","2026-06-10 09:10:30","2026-06-05","2026-06-06T05:20:48Z",98.9
"Josh","2026-06-10 09:10:30","2026-06-05","2026-06-06T05:21:48Z",98.9
"Josh","2026-06-10 09:10:30","2026-06-05","2026-06-06T05:22:48Z",99.0
"Josh","2026-06-10 09:10:30","2026-06-05","2026-06-06T05:23:48Z",99.0
"Josh","2026-06-10 09:10:30","2026-06-05","2026-06-06T05:24:48Z",98.9
"Josh","2026-06-10 09:10:30","2026-06-05","2026-06-06T05:25:48Z",99.0
"Josh","2026-06-10 09:10:30","2026-06-05","2026-06-06T05:26:48Z",99.0
"Josh","2026-06-10 09:10:30","2026-06-05","2026-06-06T05:27:48Z",98.9
"Josh","2026-06-10 09:10:30","2026-06-05","2026-06-06T05:28:48Z",99.0
"Josh","2026-06-10 09:10:30","2026-06-05","2026-06-06T05:29:48Z",98.7
"Josh","2026-06-10 09:10:30","2026-06-05","2026-06-06T05:30:48Z",98.8
"Josh","2026-06-10 09:10:30","2026-06-05","2026-06-06T05:31:48Z",98.7
"Josh","2026-06-10 09:10:30","2026-06-05","2026-06-06T05:32:48Z",98.7
"Josh","2026-06-10 09:10:30","2026-06-05","2026-06-06T05:33:48Z",98.6
"Josh","2026-06-10 09:10:30","2026-06-05","2026-06-06T05:34:48Z",98.6
"Josh","2026-06-10 09:10:30","2026-06-05","2026-06-06T05:35:48Z",98.6
"Josh","2026-06-10 09:10:30","2026-06-05","2026-06-06T05:36:48Z",98.6
"Josh","2026-06-10 09:10:30","2026-06-05","2026-06-06T05:37:48Z",98.5
"Josh","2026-06-10 09:10:30","2026-06-05","2026-06-06T05:38:48Z",98.5
"Josh","2026-06-10 09:10:30","2026-06-05","2026-06-06T05:39:48Z",98.5
"Josh","2026-06-10 09:10:30","2026-06-05","2026-06-06T05:40:48Z",98.4
"Josh","2026-06-10 09:10:30","2026-06-05","2026-06-06T05:41:48Z",98.4
"Josh","2026-06-10 09:10:30","2026-06-05","2026-06-06T05:42:48Z",98.4
"Josh","2026-06-10 09:10:30","2026-06-05","2026-06-06T05:43:48Z",98.3
"Josh","2026-06-10 09:10:30","2026-06-05","2026-06-06T05:44:48Z",98.3
"Josh","2026-06-10 09:10:30","2026-06-05","2026-06-06T05:45:48Z",98.3
"Josh","2026-06-10 09:10:30","2026-06-05","2026-06-06T05:46:48Z",98.2
"Josh","2026-06-10 09:10:30","2026-06-05","2026-06-06T05:47:48Z",98.2
"Josh","2026-06-10 09:10:30","2026-06-05","2026-06-06T05:48:48Z",98.1
"Josh","2026-06-10 09:10:30","2026-06-05","2026-06-06T05:49:48Z",98.1
"Josh","2026-06-10 09:10:30","2026-06-05","2026-06-06T05:50:48Z",98.1
"Josh","2026-06-10 09:10:30","2026-06-05","2026-06-06T05:51:48Z",98.0
"Josh","2026-06-10 09:10:30","2026-06-05","2026-06-06T05:52:48Z",98.0
"Josh","2026-06-10 09:10:30","2026-06-05","2026-06-06T05:53:48Z",97.9
"Josh","2026-06-10 09:10:30","2026-06-05","2026-06-06T05:54:48Z",97.9
"Josh","2026-06-10 09:10:30","2026-06-05","2026-06-06T05:55:48Z",97.8
"Josh","2026-06-10 09:10:30","2026-06-05","2026-06-06T05:56:48Z",97.8
"Josh","2026-06-10 09:10:30","2026-06-05","2026-06-06T05:57:48Z",97.7
"Josh","2026-06-10 09:10:30","2026-06-05","2026-06-06T05:58:48Z",97.7
"Josh","2026-06-10 09:10:30","2026-06-05","2026-06-06T05:59:48Z",97.6
"Josh","2026-06-10 09:10:30","2026-06-05","2026-06-06T06:00:48Z",97.5
"Josh","2026-06-10 09:10:30","2026-06-05","2026-06-06T06:01:48Z",97.5
"Josh","2026-06-10 09:10:30","2026-06-05","2026-06-06T06:02:48Z",97.4
"Josh","2026-06-10 09:10:30","2026-06-05","2026-06-06T06:03:48Z",97.4
"Josh","2026-06-10 09:10:30","2026-06-05","2026-06-06T06:04:48Z",97.4
"Josh","2026-06-10 09:10:30","2026-06-05","2026-06-06T06:05:48Z",97.3
"Josh","2026-06-10 09:10:30","2026-06-05","2026-06-06T06:06:48Z",97.3
"Josh","2026-06-10 09:10:30","2026-06-05","2026-06-06T06:07:48Z",97.2
"Josh","2026-06-10 09:10:30","2026-06-05","2026-06-06T06:08:48Z",97.2
"Josh","2026-06-10 09:10:30","2026-06-05","2026-06-06T06:09:48Z",97.2
"Josh","2026-06-10 09:10:30","2026-06-05","2026-06-06T06:10:48Z",97.2
"Josh","2026-06-10 09:10:30","2026-06-05","2026-06-06T06:11:48Z",97.1
"Josh","2026-06-10 09:10:30","2026-06-05","2026-06-06T06:12:48Z",97.1
"Josh","2026-06-10 09:10:30","2026-06-05","2026-06-06T06:13:48Z",97.1
"Josh","2026-06-10 09:10:30","2026-06-05","2026-06-06T06:14:48Z",97.1
"Josh","2026-06-10 09:10:30","2026-06-05","2026-06-06T06:15:48Z",97.0
"Josh","2026-06-10 09:10:30","2026-06-05","2026-06-06T06:16:48Z",97.1
"Josh","2026-06-10 09:10:30","2026-06-05","2026-06-06T06:17:48Z",97.2
"Josh","2026-06-10 09:10:30","2026-06-05","2026-06-06T06:18:48Z",97.2
"Josh","2026-06-10 09:10:30","2026-06-05","2026-06-06T06:19:48Z",97.3
"Josh","2026-06-10 09:10:30","2026-06-05","2026-06-06T06:20:48Z",97.4
"Josh","2026-06-10 09:10:30","2026-06-05","2026-06-06T06:21:48Z",97.4
"Josh","2026-06-10 09:10:30","2026-06-05","2026-06-06T06:22:48Z",97.5
"Josh","2026-06-10 09:10:30","2026-06-05","2026-06-06T06:23:48Z",97.6
"Josh","2026-06-10 09:10:30","2026-06-05","2026-06-06T06:24:48Z",97.6
"Josh","2026-06-10 09:10:30","2026-06-05","2026-06-06T06:25:48Z",97.7
"Josh","2026-06-10 09:10:30","2026-06-05","2026-06-06T06:26:48Z",97.7
"Josh","2026-06-10 09:10:30","2026-06-05","2026-06-06T06:27:48Z",97.8
"Josh","2026-06-10 09:10:30","2026-06-05","2026-06-06T06:28:48Z",97.8
"Josh","2026-06-10 09:10:30","2026-06-05","2026-06-06T06:29:48Z",97.9
"Josh","2026-06-10 09:10:30","2026-06-05","2026-06-06T06:30:48Z",97.9
"Josh","2026-06-10 09:10:30","2026-06-05","2026-06-06T06:31:48Z",98.0
"Josh","2026-06-10 09:10:30","2026-06-05","2026-06-06T06:32:48Z",98.0
"Josh","2026-06-10 09:10:30","2026-06-05","2026-06-06T06:33:48Z",98.0
"Josh","2026-06-10 09:10:30","2026-06-05","2026-06-06T06:34:48Z",98.1
"Josh","2026-06-10 09:10:30","2026-06-05","2026-06-06T06:35:48Z",98.1
"Josh","2026-06-10 09:10:30","2026-06-05","2026-06-06T06:36:48Z",98.2
"Josh","2026-06-10 09:10:30","2026-06-05","2026-06-06T06:37:48Z",98.2
"Josh","2026-06-10 09:10:30","2026-06-05","2026-06-06T06:38:48Z",98.3
"Josh","2026-06-10 09:10:30","2026-06-05","2026-06-06T06:39:48Z",98.3
"Josh","2026-06-10 09:10:30","2026-06-05","2026-06-06T06:40:48Z",98.5
"Josh","2026-06-10 09:10:30","2026-06-05","2026-06-06T06:41:48Z",98.6
"Josh","2026-06-10 09:10:30","2026-06-05","2026-06-06T06:42:48Z",98.5
"Josh","2026-06-10 09:10:30","2026-06-05","2026-06-06T06:43:48Z",98.6
"Josh","2026-06-10 09:10:30","2026-06-05","2026-06-06T06:44:48Z",98.5
"Josh","2026-06-10 09:10:30","2026-06-05","2026-06-06T06:45:48Z",98.5
"Josh","2026-06-10 09:10:30","2026-06-05","2026-06-06T06:46:48Z",98.4
"Josh","2026-06-10 09:10:30","2026-06-05","2026-06-06T06:47:48Z",98.5
"Josh","2026-06-10 09:10:30","2026-06-05","2026-06-06T06:48:48Z",98.3
"Josh","2026-06-10 09:10:30","2026-06-05","2026-06-06T06:49:48Z",98.4
"Josh","2026-06-10 09:10:30","2026-06-05","2026-06-06T06:50:48Z",98.4
"Josh","2026-06-10 09:10:30","2026-06-05","2026-06-06T06:51:48Z",98.4
"Josh","2026-06-10 09:10:30","2026-06-05","2026-06-06T06:52:48Z",98.5
"Josh","2026-06-10 09:10:30","2026-06-05","2026-06-06T06:53:48Z",98.7
"Josh","2026-06-10 09:10:30","2026-06-05","2026-06-06T06:54:48Z",98.6
"Josh","2026-06-10 09:10:30","2026-06-05","2026-06-06T06:55:48Z",98.6
"Josh","2026-06-10 09:10:30","2026-06-05","2026-06-06T06:56:48Z",98.7
"Josh","2026-06-10 09:10:30","2026-06-05","2026-06-06T06:57:48Z",98.7
"Josh","2026-06-10 09:10:30","2026-06-05","2026-06-06T06:58:48Z",98.7
"Josh","2026-06-10 09:10:30","2026-06-05","2026-06-06T06:59:48Z",98.6
"Josh","2026-06-10 09:10:30","2026-06-05","2026-06-06T07:00:48Z",98.6
"Josh","2026-06-10 09:10:30","2026-06-05","2026-06-06T07:01:48Z",98.5
"Josh","2026-06-10 09:10:30","2026-06-05","2026-06-06T07:02:48Z",98.5
"Josh","2026-06-10 09:10:30","2026-06-05","2026-06-06T07:03:48Z",98.6
"Josh","2026-06-10 09:10:30","2026-06-05","2026-06-06T07:04:48Z",98.7
"Josh","2026-06-10 09:10:30","2026-06-05","2026-06-06T07:05:48Z",98.7
"Josh","2026-06-10 09:10:30","2026-06-05","2026-06-06T07:06:48Z",98.7
"Josh","2026-06-10 09:10:30","2026-06-05","2026-06-06T07:07:48Z",98.6
"Josh","2026-06-10 09:10:30","2026-06-05","2026-06-06T07:08:48Z",98.6
"Josh","2026-06-10 09:10:30","2026-06-05","2026-06-06T07:09:48Z",98.5
"Josh","2026-06-10 09:10:30","2026-06-05","2026-06-06T07:10:48Z",98.5
"Josh","2026-06-10 09:10:30","2026-06-05","2026-06-06T07:11:48Z",98.4
"Josh","2026-06-10 09:10:30","2026-06-05","2026-06-06T07:12:48Z",98.4
"Josh","2026-06-10 09:10:30","2026-06-05","2026-06-06T07:13:48Z",98.4
"Josh","2026-06-10 09:10:30","2026-06-05","2026-06-06T07:14:48Z",98.3
"Josh","2026-06-10 09:10:30","2026-06-05","2026-06-06T07:15:48Z",98.3
"Josh","2026-06-10 09:10:30","2026-06-05","2026-06-06T07:16:48Z",98.2
"Josh","2026-06-10 09:10:30","2026-06-05","2026-06-06T07:17:48Z",98.2
"Josh","2026-06-10 09:10:30","2026-06-05","2026-06-06T07:18:48Z",98.1
"Josh","2026-06-10 09:10:30","2026-06-05","2026-06-06T07:19:48Z",98.1
"Josh","2026-06-10 09:10:30","2026-06-05","2026-06-06T07:20:48Z",98.1
"Josh","2026-06-10 09:10:30","2026-06-05","2026-06-06T07:21:48Z",98.0
"Josh","2026-06-10 09:10:30","2026-06-05","2026-06-06T07:22:48Z",98.0
"Josh","2026-06-10 09:10:30","2026-06-05","2026-06-06T07:23:48Z",97.9
"Josh","2026-06-10 09:10:30","2026-06-05","2026-06-06T07:24:48Z",97.9
"Josh","2026-06-10 09:10:30","2026-06-05","2026-06-06T07:25:48Z",97.9
"Josh","2026-06-10 09:10:30","2026-06-05","2026-06-06T07:26:48Z",97.9
"Josh","2026-06-10 09:10:30","2026-06-05","2026-06-06T07:27:48Z",97.9
"Josh","2026-06-10 09:10:30","2026-06-05","2026-06-06T07:28:48Z",97.8
"Josh","2026-06-10 09:10:30","2026-06-05","2026-06-06T07:29:48Z",97.9
"Josh","2026-06-10 09:10:30","2026-06-05","2026-06-06T07:30:48Z",97.9
"Josh","2026-06-10 09:10:30","2026-06-05","2026-06-06T07:31:48Z",97.9
"Josh","2026-06-10 09:10:30","2026-06-05","2026-06-06T07:32:48Z",97.9
"Josh","2026-06-10 09:10:30","2026-06-05","2026-06-06T07:33:48Z",98.0
"Josh","2026-06-10 09:10:30","2026-06-05","2026-06-06T07:34:48Z",98.1
"Josh","2026-06-10 09:10:30","2026-06-05","2026-06-06T07:35:48Z",98.2
"Josh","2026-06-10 09:10:30","2026-06-05","2026-06-06T07:36:48Z",98.3
"Josh","2026-06-10 09:10:30","2026-06-06","2026-06-06T22:42:13Z",98.3
"Josh","2026-06-10 09:10:30","2026-06-06","2026-06-06T22:43:13Z",98.3
"Josh","2026-06-10 09:10:30","2026-06-06","2026-06-06T22:44:13Z",98.3
"Josh","2026-06-10 09:10:30","2026-06-06","2026-06-06T22:45:13Z",98.3
"Josh","2026-06-10 09:10:30","2026-06-06","2026-06-06T22:46:13Z",98.3
"Josh","2026-06-10 09:10:30","2026-06-06","2026-06-06T22:47:13Z",98.3
"Josh","2026-06-10 09:10:30","2026-06-06","2026-06-06T22:48:13Z",98.3
"Josh","2026-06-10 09:10:30","2026-06-06","2026-06-06T22:49:13Z",98.3
"Josh","2026-06-10 09:10:30","2026-06-06","2026-06-06T22:50:13Z",98.3
"Josh","2026-06-10 09:10:30","2026-06-06","2026-06-06T22:51:13Z",98.3
"Josh","2026-06-10 09:10:30","2026-06-06","2026-06-06T22:52:13Z",98.3
"Josh","2026-06-10 09:10:30","2026-06-06","2026-06-06T22:53:13Z",98.3
"Josh","2026-06-10 09:10:30","2026-06-06","2026-06-06T22:54:13Z",98.3
"Josh","2026-06-10 09:10:30","2026-06-06","2026-06-06T22:55:13Z",98.2
"Josh","2026-06-10 09:10:30","2026-06-06","2026-06-06T22:56:13Z",98.2
"Josh","2026-06-10 09:10:30","2026-06-06","2026-06-06T22:57:13Z",98.2
"Josh","2026-06-10 09:10:30","2026-06-06","2026-06-06T22:58:13Z",98.3
"Josh","2026-06-10 09:10:30","2026-06-06","2026-06-06T22:59:13Z",98.3
"Josh","2026-06-10 09:10:30","2026-06-06","2026-06-06T23:00:13Z",50.0
"Josh","2026-06-10 09:10:30","2026-06-06","2026-06-06T23:01:13Z",98.3
"Josh","2026-06-10 09:10:30","2026-06-06","2026-06-06T23:02:13Z",98.3
"Josh","2026-06-10 09:10:30","2026-06-06","2026-06-06T23:03:13Z",98.3
"Josh","2026-06-10 09:10:30","2026-06-06","2026-06-06T23:04:13Z",98.4
"Josh","2026-06-10 09:10:30","2026-06-06","2026-06-06T23:05:13Z",98.5
"Josh","2026-06-10 09:10:30","2026-06-06","2026-06-06T23:06:13Z",98.5
"Josh","2026-06-10 09:10:30","2026-06-06","2026-06-06T23:07:13Z",98.4
"Josh","2026-06-10 09:10:30","2026-06-06","2026-06-06T23:08:13Z",98.5
"Josh","2026-06-10 09:10:30","2026-06-06","2026-06-06T23:09:13Z",98.6
"Josh","2026-06-10 09:10:30","2026-06-06","2026-06-06T23:10:13Z",98.6
"Josh","2026-06-10 09:10:30","2026-06-06","2026-06-06T23:11:13Z",98.6
"Josh","2026-06-10 09:10:30","2026-06-06","2026-06-06T23:12:13Z",98.5
"Josh","2026-06-10 09:10:30","2026-06-06","2026-06-06T23:13:13Z",98.6
"Josh","2026-06-10 09:10:30","2026-06-06","2026-06-06T23:14:13Z",98.7
"Josh","2026-06-10 09:10:30","2026-06-06","2026-06-06T23:15:13Z",98.7
"Josh","2026-06-10 09:10:30","2026-06-06","2026-06-06T23:16:13Z",98.7
"Josh","2026-06-10 09:10:30","2026-06-06","2026-06-06T23:17:13Z",98.7
"Josh","2026-06-10 09:10:30","2026-06-06","2026-06-06T23:18:13Z",98.8
"Josh","2026-06-10 09:10:30","2026-06-06","2026-06-06T23:19:13Z",98.8
"Josh","2026-06-10 09:10:30","2026-06-06","2026-06-06T23:20:13Z",98.8
"Josh","2026-06-10 09:10:30","2026-06-06","2026-06-06T23:21:13Z",98.8
"Josh","2026-06-10 09:10:30","2026-06-06","2026-06-06T23:22:13Z",98.7
"Josh","2026-06-10 09:10:30","2026-06-06","2026-06-06T23:23:13Z",98.7
"Josh","2026-06-10 09:10:30","2026-06-06","2026-06-06T23:24:13Z",98.8
"Josh","2026-06-10 09:10:30","2026-06-06","2026-06-06T23:25:13Z",98.7
"Josh","2026-06-10 09:10:30","2026-06-06","2026-06-06T23:26:13Z",98.8
"Josh","2026-06-10 09:10:30","2026-06-06","2026-06-06T23:27:13Z",98.7
"Josh","2026-06-10 09:10:30","2026-06-06","2026-06-06T23:28:13Z",98.7
"Josh","2026-06-10 09:10:30","2026-06-06","2026-06-06T23:29:13Z",98.8
"Josh","2026-06-10 09:10:30","2026-06-06","2026-06-06T23:30:13Z",98.8
"Josh","2026-06-10 09:10:30","2026-06-06","2026-06-06T23:31:13Z",98.7
"Josh","2026-06-10 09:10:30","2026-06-06","2026-06-06T23:32:13Z",98.7
"Josh","2026-06-10 09:10:30","2026-06-06","2026-06-06T23:33:13Z",98.6
"Josh","2026-06-10 09:10:30","2026-06-06","2026-06-06T23:34:13Z",98.6
"Josh","2026-06-10 09:10:30","2026-06-06","2026-06-06T23:35:13Z",98.6
"Josh","2026-06-10 09:10:30","2026-06-06","2026-06-06T23:36:13Z",98.5
"Josh","2026-06-10 09:10:30","2026-06-06","2026-06-06T23:37:13Z",98.5
"Josh","2026-06-10 09:10:30","2026-06-06","2026-06-06T23:38:13Z",98.4
"Josh","2026-06-10 09:10:30","2026-06-06","2026-06-06T23:39:13Z",98.4
"Josh","2026-06-10 09:10:30","2026-06-06","2026-06-06T23:40:13Z",98.3
"Josh","2026-06-10 09:10:30","2026-06-06","2026-06-06T23:41:13Z",98.3
"Josh","2026-06-10 09:10:30","2026-06-06","2026-06-06T23:42:13Z",98.2
"Josh","2026-06-10 09:10:30","2026-06-06","2026-06-06T23:43:13Z",98.2
"Josh","2026-06-10 09:10:30","2026-06-06","2026-06-06T23:44:13Z",98.1
"Josh","2026-06-10 09:10:30","2026-06-06","2026-06-06T23:45:13Z",98.1
"Josh","2026-06-10 09:10:30","2026-06-06","2026-06-06T23:46:13Z",98.1
"Josh","2026-06-10 09:10:30","2026-06-06","2026-06-06T23:47:13Z",98.0
"Josh","2026-06-10 09:10:30","2026-06-06","2026-06-06T23:48:13Z",98.0
"Josh","2026-06-10 09:10:30","2026-06-06","2026-06-06T23:49:13Z",97.9
"Josh","2026-06-10 09:10:30","2026-06-06","2026-06-06T23:50:13Z",97.9
"Josh","2026-06-10 09:10:30","2026-06-06","2026-06-06T23:51:13Z",97.8
"Josh","2026-06-10 09:10:30","2026-06-06","2026-06-06T23:52:13Z",97.8
"Josh","2026-06-10 09:10:30","2026-06-06","2026-06-06T23:53:13Z",97.7
"Josh","2026-06-10 09:10:30","2026-06-06","2026-06-06T23:54:13Z",97.5
"Josh","2026-06-10 09:10:30","2026-06-06","2026-06-06T23:55:13Z",97.5
"Josh","2026-06-10 09:10:30","2026-06-06","2026-06-06T23:56:13Z",97.3
"Josh","2026-06-10 09:10:30","2026-06-06","2026-06-06T23:57:13Z",97.2
"Josh","2026-06-10 09:10:30","2026-06-06","2026-06-06T23:58:13Z",97.2
"Josh","2026-06-10 09:10:30","2026-06-06","2026-06-06T23:59:13Z",97.2
"Josh","2026-06-10 09:10:30","2026-06-06","2026-06-07T00:00:13Z",97.2
"Josh","2026-06-10 09:10:30","2026-06-06","2026-06-07T00:01:13Z",97.2
"Josh","2026-06-10 09:10:30","2026-06-06","2026-06-07T00:02:13Z",97.2
"Josh","2026-06-10 09:10:30","2026-06-06","2026-06-07T00:03:13Z",97.1
"Josh","2026-06-10 09:10:30","2026-06-06","2026-06-07T00:04:13Z",97.1
"Josh","2026-06-10 09:10:30","2026-06-06","2026-06-07T00:05:13Z",97.1
"Josh","2026-06-10 09:10:30","2026-06-06","2026-06-07T00:06:13Z",97.1
"Josh","2026-06-10 09:10:30","2026-06-06","2026-06-07T00:07:13Z",97.2
"Josh","2026-06-10 09:10:30","2026-06-06","2026-06-07T00:08:13Z",97.1
"Josh","2026-06-10 09:10:30","2026-06-06","2026-06-07T00:09:13Z",97.0
"Josh","2026-06-10 09:10:30","2026-06-06","2026-06-07T00:10:13Z",97.0
"Josh","2026-06-10 09:10:30","2026-06-06","2026-06-07T00:11:13Z",97.0
"Josh","2026-06-10 09:10:30","2026-06-06","2026-06-07T00:12:13Z",97.1
"Josh","2026-06-10 09:10:30","2026-06-06","2026-06-07T00:13:13Z",97.1
"Josh","2026-06-10 09:10:30","2026-06-06","2026-06-07T00:14:13Z",97.2
"Josh","2026-06-10 09:10:30","2026-06-06","2026-06-07T00:15:13Z",97.3
"Josh","2026-06-10 09:10:30","2026-06-06","2026-06-07T00:16:13Z",97.4
"Josh","2026-06-10 09:10:30","2026-06-06","2026-06-07T00:17:13Z",97.4
"Josh","2026-06-10 09:10:30","2026-06-06","2026-06-07T00:18:13Z",97.5
"Josh","2026-06-10 09:10:30","2026-06-06","2026-06-07T00:19:13Z",97.5
"Josh","2026-06-10 09:10:30","2026-06-06","2026-06-07T00:20:13Z",97.6
"Josh","2026-06-10 09:10:30","2026-06-06","2026-06-07T00:21:13Z",97.7
"Josh","2026-06-10 09:10:30","2026-06-06","2026-06-07T00:22:13Z",97.7
"Josh","2026-06-10 09:10:30","2026-06-06","2026-06-07T00:23:13Z",97.8
"Josh","2026-06-10 09:10:30","2026-06-06","2026-06-07T00:24:13Z",97.8
"Josh","2026-06-10 09:10:30","2026-06-06","2026-06-07T00:25:13Z",97.9
"Josh","2026-06-10 09:10:30","2026-06-06","2026-06-07T00:26:13Z",97.9
"Josh","2026-06-10 09:10:30","2026-06-06","2026-06-07T00:27:13Z",98.0
"Josh","2026-06-10 09:10:30","2026-06-06","2026-06-07T00:28:13Z",98.0
"Josh","2026-06-10 09:10:30","2026-06-06","2026-06-07T00:29:13Z",98.0
"Josh","2026-06-10 09:10:30","2026-06-06","2026-06-07T00:30:13Z",98.1
"Josh","2026-06-10 09:10:30","2026-06-06","2026-06-07T00:31:13Z",98.1
"Josh","2026-06-10 09:10:30","2026-06-06","2026-06-07T00:32:13Z",98.2
"Josh","2026-06-10 09:10:30","2026-06-06","2026-06-07T00:33:13Z",98.2
"Josh","2026-06-10 09:10:30","2026-06-06","2026-06-07T00:34:13Z",98.3
"Josh","2026-06-10 09:10:30","2026-06-06","2026-06-07T00:35:13Z",98.3
"Josh","2026-06-10 09:10:30","2026-06-06","2026-06-07T00:36:13Z",98.3
"Josh","2026-06-10 09:10:30","2026-06-06","2026-06-07T00:37:13Z",50.0
"Josh","2026-06-10 09:10:30","2026-06-06","2026-06-07T00:38:13Z",98.5
"Josh","2026-06-10 09:10:30","2026-06-06","2026-06-07T00:39:13Z",98.5
"Josh","2026-06-10 09:10:30","2026-06-06","2026-06-07T00:40:13Z",98.5
"Josh","2026-06-10 09:10:30","2026-06-06","2026-06-07T00:41:13Z",98.5
"Josh","2026-06-10 09:10:30","2026-06-06","2026-06-07T00:42:13Z",98.5
"Josh","2026-06-10 09:10:30","2026-06-06","2026-06-07T00:43:13Z",98.5
"Josh","2026-06-10 09:10:30","2026-06-06","2026-06-07T00:44:13Z",98.5
"Josh","2026-06-10 09:10:30","2026-06-06","2026-06-07T00:45:13Z",98.5
"Josh","2026-06-10 09:10:30","2026-06-06","2026-06-07T00:46:13Z",98.5
"Josh","2026-06-10 09:10:30","2026-06-06","2026-06-07T00:47:13Z",98.7
"Josh","2026-06-10 09:10:30","2026-06-06","2026-06-07T00:48:13Z",98.7
"Josh","2026-06-10 09:10:30","2026-06-06","2026-06-07T00:49:13Z",98.6
"Josh","2026-06-10 09:10:30","2026-06-06","2026-06-07T00:50:13Z",98.6
"Josh","2026-06-10 09:10:30","2026-06-06","2026-06-07T00:51:13Z",98.7
"Josh","2026-06-10 09:10:30","2026-06-06","2026-06-07T00:52:13Z",98.7
"Josh","2026-06-10 09:10:30","2026-06-06","2026-06-07T00:53:13Z",98.7
"Josh","2026-06-10 09:10:30","2026-06-06","2026-06-07T00:54:13Z",98.7
"Josh","2026-06-10 09:10:30","2026-06-06","2026-06-07T00:55:13Z",98.6
"Josh","2026-06-10 09:10:30","2026-06-06","2026-06-07T00:56:13Z",98.5
"Josh","2026-06-10 09:10:30","2026-06-06","2026-06-07T00:57:13Z",98.6
"Josh","2026-06-10 09:10:30","2026-06-06","2026-06-07T00:58:13Z",98.6
"Josh","2026-06-10 09:10:30","2026-06-06","2026-06-07T00:59:13Z",98.5
"Josh","2026-06-10 09:10:30","2026-06-06","2026-06-07T01:00:13Z",98.7
"Josh","2026-06-10 09:10:30","2026-06-06","2026-06-07T01:01:13Z",98.8
"Josh","2026-06-10 09:10:30","2026-06-06","2026-06-07T01:02:13Z",98.7
"Josh","2026-06-10 09:10:30","2026-06-06","2026-06-07T01:03:13Z",98.7
"Josh","2026-06-10 09:10:30","2026-06-06","2026-06-07T01:04:13Z",98.6
"Josh","2026-06-10 09:10:30","2026-06-06","2026-06-07T01:05:13Z",98.6
"Josh","2026-06-10 09:10:30","2026-06-06","2026-06-07T01:06:13Z",98.5
"Josh","2026-06-10 09:10:30","2026-06-06","2026-06-07T01:07:13Z",98.5
"Josh","2026-06-10 09:10:30","2026-06-06","2026-06-07T01:08:13Z",98.4
"Josh","2026-06-10 09:10:30","2026-06-06","2026-06-07T01:09:13Z",98.4
"Josh","2026-06-10 09:10:30","2026-06-06","2026-06-07T01:10:13Z",98.3
"Josh","2026-06-10 09:10:30","2026-06-06","2026-06-07T01:11:13Z",98.3
"Josh","2026-06-10 09:10:30","2026-06-06","2026-06-07T01:12:13Z",98.2
"Josh","2026-06-10 09:10:30","2026-06-06","2026-06-07T01:13:13Z",98.2
"Josh","2026-06-10 09:10:30","2026-06-06","2026-06-07T01:14:13Z",98.2
"Josh","2026-06-10 09:10:30","2026-06-06","2026-06-07T01:15:13Z",98.1
"Josh","2026-06-10 09:10:30","2026-06-06","2026-06-07T01:16:13Z",98.1
"Josh","2026-06-10 09:10:30","2026-06-06","2026-06-07T01:17:13Z",98.0
"Josh","2026-06-10 09:10:30","2026-06-06","2026-06-07T01:18:13Z",98.0
"Josh","2026-06-10 09:10:30","2026-06-06","2026-06-07T01:19:13Z",97.9
"Josh","2026-06-10 09:10:30","2026-06-06","2026-06-07T01:20:13Z",97.9
"Josh","2026-06-10 09:10:30","2026-06-06","2026-06-07T01:21:13Z",97.8
"Josh","2026-06-10 09:10:30","2026-06-06","2026-06-07T01:22:13Z",97.8
"Josh","2026-06-10 09:10:30","2026-06-06","2026-06-07T01:23:13Z",97.7
"Josh","2026-06-10 09:10:30","2026-06-06","2026-06-07T01:24:13Z",97.5
"Josh","2026-06-10 09:10:30","2026-06-06","2026-06-07T01:25:13Z",97.4
"Josh","2026-06-10 09:10:30","2026-06-06","2026-06-07T01:26:13Z",97.3
"Josh","2026-06-10 09:10:30","2026-06-06","2026-06-07T01:27:13Z",97.3
"Josh","2026-06-10 09:10:30","2026-06-06","2026-06-07T01:28:13Z",97.2
"Josh","2026-06-10 09:10:30","2026-06-06","2026-06-07T01:29:13Z",97.1
"Josh","2026-06-10 09:10:30","2026-06-06","2026-06-07T01:30:13Z",97.1
"Josh","2026-06-10 09:10:30","2026-06-06","2026-06-07T01:31:13Z",97.0
"Josh","2026-06-10 09:10:30","2026-06-06","2026-06-07T01:32:13Z",97.0
"Josh","2026-06-10 09:10:30","2026-06-06","2026-06-07T01:33:13Z",97.0
"Josh","2026-06-10 09:10:30","2026-06-06","2026-06-07T01:34:13Z",97.1
"Josh","2026-06-10 09:10:30","2026-06-06","2026-06-07T01:35:13Z",97.0
"Josh","2026-06-10 09:10:30","2026-06-06","2026-06-07T01:36:13Z",96.9
"Josh","2026-06-10 09:10:30","2026-06-06","2026-06-07T01:37:13Z",96.9
"Josh","2026-06-10 09:10:30","2026-06-06","2026-06-07T01:38:13Z",96.8
"Josh","2026-06-10 09:10:30","2026-06-06","2026-06-07T01:39:13Z",97.0
"Josh","2026-06-10 09:10:30","2026-06-06","2026-06-07T01:40:13Z",97.0
"Josh","2026-06-10 09:10:30","2026-06-06","2026-06-07T01:41:13Z",97.1
"Josh","2026-06-10 09:10:30","2026-06-06","2026-06-07T01:42:13Z",97.2
"Josh","2026-06-10 09:10:30","2026-06-06","2026-06-07T01:43:13Z",97.2
"Josh","2026-06-10 09:10:30","2026-06-06","2026-06-07T01:44:13Z",97.3
"Josh","2026-06-10 09:10:30","2026-06-06","2026-06-07T01:45:13Z",97.4
"Josh","2026-06-10 09:10:30","2026-06-06","2026-06-07T01:46:13Z",97.4
"Josh","2026-06-10 09:10:30","2026-06-06","2026-06-07T01:47:13Z",97.5
"Josh","2026-06-10 09:10:30","2026-06-06","2026-06-07T01:48:13Z",97.5
"Josh","2026-06-10 09:10:30","2026-06-06","2026-06-07T01:49:13Z",97.6
"Josh","2026-06-10 09:10:30","2026-06-06","2026-06-07T01:50:13Z",97.6
"Josh","2026-06-10 09:10:30","2026-06-06","2026-06-07T01:51:13Z",97.7
"Josh","2026-06-10 09:10:30","2026-06-06","2026-06-07T01:52:13Z",97.7
"Josh","2026-06-10 09:10:30","2026-06-06","2026-06-07T01:53:13Z",97.8
"Josh","2026-06-10 09:10:30","2026-06-06","2026-06-07T01:54:13Z",97.8
"Josh","2026-06-10 09:10:30","2026-06-06","2026-06-07T01:55:13Z",97.9
"Josh","2026-06-10 09:10:30","2026-06-06","2026-06-07T01:56:13Z",97.9
"Josh","2026-06-10 09:10:30","2026-06-06","2026-06-07T01:57:13Z",98.0
"Josh","2026-06-10 09:10:30","2026-06-06","2026-06-07T01:58:13Z",98.0
"Josh","2026-06-10 09:10:30","2026-06-06","2026-06-07T01:59:13Z",98.0
"Josh","2026-06-10 09:10:30","2026-06-06","2026-06-07T02:00:13Z",98.1
"Josh","2026-06-10 09:10:30","2026-06-06","2026-06-07T02:01:13Z",98.1
"Josh","2026-06-10 09:10:30","2026-06-06","2026-06-07T02:02:13Z",98.2
"Josh","2026-06-10 09:10:30","2026-06-06","2026-06-07T02:03:13Z",98.2
"Josh","2026-06-10 09:10:30","2026-06-06","2026-06-07T02:04:13Z",98.3
"Josh","2026-06-10 09:10:30","2026-06-06","2026-06-07T02:05:13Z",98.3
"Josh","2026-06-10 09:10:30","2026-06-06","2026-06-07T02:06:13Z",98.5
"Josh","2026-06-10 09:10:30","2026-06-06","2026-06-07T02:07:13Z",98.5
"Josh","2026-06-10 09:10:30","2026-06-06","2026-06-07T02:08:13Z",98.6
"Josh","2026-06-10 09:10:30","2026-06-06","2026-06-07T02:09:13Z",98.6
"Josh","2026-06-10 09:10:30","2026-06-06","2026-06-07T02:10:13Z",98.8
"Josh","2026-06-10 09:10:30","2026-06-06","2026-06-07T02:11:13Z",50.0
"Josh","2026-06-10 09:10:30","2026-06-06","2026-06-07T02:12:13Z",98.7
"Josh","2026-06-10 09:10:30","2026-06-06","2026-06-07T02:13:13Z",98.7
"Josh","2026-06-10 09:10:30","2026-06-06","2026-06-07T02:14:13Z",98.7
"Josh","2026-06-10 09:10:30","2026-06-06","2026-06-07T02:15:13Z",98.8
"Josh","2026-06-10 09:10:30","2026-06-06","2026-06-07T02:16:13Z",98.8
"Josh","2026-06-10 09:10:30","2026-06-06","2026-06-07T02:17:13Z",98.9
"Josh","2026-06-10 09:10:30","2026-06-06","2026-06-07T02:18:13Z",98.8
"Josh","2026-06-10 09:10:30","2026-06-06","2026-06-07T02:19:13Z",98.7
"Josh","2026-06-10 09:10:30","2026-06-06","2026-06-07T02:20:13Z",98.7
"Josh","2026-06-10 09:10:30","2026-06-06","2026-06-07T02:21:13Z",98.7
"Josh","2026-06-10 09:10:30","2026-06-06","2026-06-07T02:22:13Z",98.7
"Josh","2026-06-10 09:10:30","2026-06-06","2026-06-07T02:23:13Z",98.8
"Josh","2026-06-10 09:10:30","2026-06-06","2026-06-07T02:24:13Z",98.4
"Josh","2026-06-10 09:10:30","2026-06-06","2026-06-07T02:25:13Z",98.5
"Josh","2026-06-10 09:10:30","2026-06-06","2026-06-07T02:26:13Z",98.5
"Josh","2026-06-10 09:10:30","2026-06-06","2026-06-07T02:27:13Z",98.6
"Josh","2026-06-10 09:10:30","2026-06-06","2026-06-07T02:28:13Z",98.5
"Josh","2026-06-10 09:10:30","2026-06-06","2026-06-07T02:29:13Z",98.5
"Josh","2026-06-10 09:10:30","2026-06-06","2026-06-07T02:30:13Z",98.6
"Josh","2026-06-10 09:10:30","2026-06-06","2026-06-07T02:31:13Z",98.6
"Josh","2026-06-10 09:10:30","2026-06-06","2026-06-07T02:32:13Z",50.0
"Josh","2026-06-10 09:10:30","2026-06-06","2026-06-07T02:33:13Z",98.5
"Josh","2026-06-10 09:10:30","2026-06-06","2026-06-07T02:34:13Z",98.5
"Josh","2026-06-10 09:10:30","2026-06-06","2026-06-07T02:35:13Z",98.5
"Josh","2026-06-10 09:10:30","2026-06-06","2026-06-07T02:36:13Z",98.2
"Josh","2026-06-10 09:10:30","2026-06-06","2026-06-07T02:37:13Z",98.2
"Josh","2026-06-10 09:10:30","2026-06-06","2026-06-07T02:38:13Z",98.2
"Josh","2026-06-10 09:10:30","2026-06-06","2026-06-07T02:39:13Z",98.2
"Josh","2026-06-10 09:10:30","2026-06-06","2026-06-07T02:40:13Z",98.2
"Josh","2026-06-10 09:10:30","2026-06-06","2026-06-07T02:41:13Z",98.2
"Josh","2026-06-10 09:10:30","2026-06-06","2026-06-07T02:42:13Z",98.2
"Josh","2026-06-10 09:10:30","2026-06-06","2026-06-07T02:43:13Z",98.1
"Josh","2026-06-10 09:10:30","2026-06-06","2026-06-07T02:44:13Z",98.1
"Josh","2026-06-10 09:10:30","2026-06-06","2026-06-07T02:45:13Z",98.1
"Josh","2026-06-10 09:10:30","2026-06-06","2026-06-07T02:46:13Z",98.0
"Josh","2026-06-10 09:10:30","2026-06-06","2026-06-07T02:47:13Z",98.0
"Josh","2026-06-10 09:10:30","2026-06-06","2026-06-07T02:48:13Z",97.9
"Josh","2026-06-10 09:10:30","2026-06-06","2026-06-07T02:49:13Z",97.9
"Josh","2026-06-10 09:10:30","2026-06-06","2026-06-07T02:50:13Z",97.9
"Josh","2026-06-10 09:10:30","2026-06-06","2026-06-07T02:51:13Z",97.8
"Josh","2026-06-10 09:10:30","2026-06-06","2026-06-07T02:52:13Z",97.8
"Josh","2026-06-10 09:10:30","2026-06-06","2026-06-07T02:53:13Z",97.7
"Josh","2026-06-10 09:10:30","2026-06-06","2026-06-07T02:54:13Z",97.7
"Josh","2026-06-10 09:10:30","2026-06-06","2026-06-07T02:55:13Z",97.6
"Josh","2026-06-10 09:10:30","2026-06-06","2026-06-07T02:56:13Z",97.5
"Josh","2026-06-10 09:10:30","2026-06-06","2026-06-07T02:57:13Z",97.4
"Josh","2026-06-10 09:10:30","2026-06-06","2026-06-07T02:58:13Z",97.3
"Josh","2026-06-10 09:10:30","2026-06-06","2026-06-07T02:59:13Z",97.2
"Josh","2026-06-10 09:10:30","2026-06-06","2026-06-07T03:00:13Z",97.2
"Josh","2026-06-10 09:10:30","2026-06-06","2026-06-07T03:01:13Z",97.3
"Josh","2026-06-10 09:10:30","2026-06-06","2026-06-07T03:02:13Z",97.2
"Josh","2026-06-10 09:10:30","2026-06-06","2026-06-07T03:03:13Z",97.2
"Josh","2026-06-10 09:10:30","2026-06-06","2026-06-07T03:04:13Z",97.1
"Josh","2026-06-10 09:10:30","2026-06-06","2026-06-07T03:05:13Z",97.1
"Josh","2026-06-10 09:10:30","2026-06-06","2026-06-07T03:06:13Z",97.1
"Josh","2026-06-10 09:10:30","2026-06-06","2026-06-07T03:07:13Z",97.1
"Josh","2026-06-10 09:10:30","2026-06-06","2026-06-07T03:08:13Z",97.1
"Josh","2026-06-10 09:10:30","2026-06-06","2026-06-07T03:09:13Z",97.1
"Josh","2026-06-10 09:10:30","2026-06-06","2026-06-07T03:10:13Z",97.1
"Josh","2026-06-10 09:10:30","2026-06-06","2026-06-07T03:11:13Z",97.0
"Josh","2026-06-10 09:10:30","2026-06-06","2026-06-07T03:12:13Z",97.1
"Josh","2026-06-10 09:10:30","2026-06-06","2026-06-07T03:13:13Z",97.2
"Josh","2026-06-10 09:10:30","2026-06-06","2026-06-07T03:14:13Z",97.3
"Josh","2026-06-10 09:10:30","2026-06-06","2026-06-07T03:15:13Z",97.3
"Josh","2026-06-10 09:10:30","2026-06-06","2026-06-07T03:16:13Z",97.4
"Josh","2026-06-10 09:10:30","2026-06-06","2026-06-07T03:17:13Z",97.4
"Josh","2026-06-10 09:10:30","2026-06-06","2026-06-07T03:18:13Z",97.5
"Josh","2026-06-10 09:10:30","2026-06-06","2026-06-07T03:19:13Z",97.6
"Josh","2026-06-10 09:10:30","2026-06-06","2026-06-07T03:20:13Z",97.6
"Josh","2026-06-10 09:10:30","2026-06-06","2026-06-07T03:21:13Z",97.7
"Josh","2026-06-10 09:10:30","2026-06-06","2026-06-07T03:22:13Z",97.7
"Josh","2026-06-10 09:10:30","2026-06-06","2026-06-07T03:23:13Z",97.8
"Josh","2026-06-10 09:10:30","2026-06-06","2026-06-07T03:24:13Z",97.8
"Josh","2026-06-10 09:10:30","2026-06-06","2026-06-07T03:25:13Z",97.9
"Josh","2026-06-10 09:10:30","2026-06-06","2026-06-07T03:26:13Z",97.9
"Josh","2026-06-10 09:10:30","2026-06-06","2026-06-07T03:27:13Z",98.0
"Josh","2026-06-10 09:10:30","2026-06-06","2026-06-07T03:28:13Z",98.0
"Josh","2026-06-10 09:10:30","2026-06-06","2026-06-07T03:29:13Z",98.0
"Josh","2026-06-10 09:10:30","2026-06-06","2026-06-07T03:30:13Z",98.1
"Josh","2026-06-10 09:10:30","2026-06-06","2026-06-07T03:31:13Z",98.1
"Josh","2026-06-10 09:10:30","2026-06-06","2026-06-07T03:32:13Z",98.2
"Josh","2026-06-10 09:10:30","2026-06-06","2026-06-07T03:33:13Z",98.2
"Josh","2026-06-10 09:10:30","2026-06-06","2026-06-07T03:34:13Z",98.3
"Josh","2026-06-10 09:10:30","2026-06-06","2026-06-07T03:35:13Z",98.4
"Josh","2026-06-10 09:10:30","2026-06-06","2026-06-07T03:36:13Z",98.5
"Josh","2026-06-10 09:10:30","2026-06-06","2026-06-07T03:37:13Z",98.5
"Josh","2026-06-10 09:10:30","2026-06-06","2026-06-07T03:38:13Z",98.5
"Josh","2026-06-10 09:10:30","2026-06-06","2026-06-07T03:39:13Z",98.5
"Josh","2026-06-10 09:10:30","2026-06-06","2026-06-07T03:40:13Z",98.5
"Josh","2026-06-10 09:10:30","2026-06-06","2026-06-07T03:41:13Z",98.5
"Josh","2026-06-10 09:10:30","2026-06-06","2026-06-07T03:42:13Z",98.6
"Josh","2026-06-10 09:10:30","2026-06-06","2026-06-07T03:43:13Z",98.5
"Josh","2026-06-10 09:10:30","2026-06-06","2026-06-07T03:44:13Z",98.5
"Josh","2026-06-10 09:10:30","2026-06-06","2026-06-07T03:45:13Z",98.6
"Josh","2026-06-10 09:10:30","2026-06-06","2026-06-07T03:46:13Z",98.6
"Josh","2026-06-10 09:10:30","2026-06-06","2026-06-07T03:47:13Z",98.5
"Josh","2026-06-10 09:10:30","2026-06-06","2026-06-07T03:48:13Z",98.6
"Josh","2026-06-10 09:10:30","2026-06-06","2026-06-07T03:49:13Z",98.7
"Josh","2026-06-10 09:10:30","2026-06-06","2026-06-07T03:50:13Z",98.8
"Josh","2026-06-10 09:10:30","2026-06-06","2026-06-07T03:51:13Z",98.7
"Josh","2026-06-10 09:10:30","2026-06-06","2026-06-07T03:52:13Z",98.6
"Josh","2026-06-10 09:10:30","2026-06-06","2026-06-07T03:53:13Z",98.6
"Josh","2026-06-10 09:10:30","2026-06-06","2026-06-07T03:54:13Z",98.7
"Josh","2026-06-10 09:10:30","2026-06-06","2026-06-07T03:55:13Z",98.8
"Josh","2026-06-10 09:10:30","2026-06-06","2026-06-07T03:56:13Z",98.8
"Josh","2026-06-10 09:10:30","2026-06-06","2026-06-07T03:57:13Z",98.8
"Josh","2026-06-10 09:10:30","2026-06-06","2026-06-07T03:58:13Z",98.8
"Josh","2026-06-10 09:10:30","2026-06-06","2026-06-07T03:59:13Z",98.9
"Josh","2026-06-10 09:10:30","2026-06-06","2026-06-07T04:00:13Z",98.9
"Josh","2026-06-10 09:10:30","2026-06-06","2026-06-07T04:01:13Z",98.9
"Josh","2026-06-10 09:10:30","2026-06-06","2026-06-07T04:02:13Z",50.0
"Josh","2026-06-10 09:10:30","2026-06-06","2026-06-07T04:03:13Z",98.5
"Josh","2026-06-10 09:10:30","2026-06-06","2026-06-07T04:04:13Z",98.5
"Josh","2026-06-10 09:10:30","2026-06-06","2026-06-07T04:05:13Z",98.5
"Josh","2026-06-10 09:10:30","2026-06-06","2026-06-07T04:06:13Z",98.4
"Josh","2026-06-10 09:10:30","2026-06-06","2026-06-07T04:07:13Z",98.4
"Josh","2026-06-10 09:10:30","2026-06-06","2026-06-07T04:08:13Z",98.4
"Josh","2026-06-10 09:10:30","2026-06-06","2026-06-07T04:09:13Z",98.3
"Josh","2026-06-10 09:10:30","2026-06-06","2026-06-07T04:10:13Z",98.3
"Josh","2026-06-10 09:10:30","2026-06-06","2026-06-07T04:11:13Z",98.3
"Josh","2026-06-10 09:10:30","2026-06-06","2026-06-07T04:12:13Z",98.2
"Josh","2026-06-10 09:10:30","2026-06-06","2026-06-07T04:13:13Z",98.2
"Josh","2026-06-10 09:10:30","2026-06-06","2026-06-07T04:14:13Z",98.1
"Josh","2026-06-10 09:10:30","2026-06-06","2026-06-07T04:15:13Z",98.1
"Josh","2026-06-10 09:10:30","2026-06-06","2026-06-07T04:16:13Z",98.1
"Josh","2026-06-10 09:10:30","2026-06-06","2026-06-07T04:17:13Z",98.0
"Josh","2026-06-10 09:10:30","2026-06-06","2026-06-07T04:18:13Z",98.0
"Josh","2026-06-10 09:10:30","2026-06-06","2026-06-07T04:19:13Z",97.9
"Josh","2026-06-10 09:10:30","2026-06-06","2026-06-07T04:20:13Z",97.9
"Josh","2026-06-10 09:10:30","2026-06-06","2026-06-07T04:21:13Z",97.8
"Josh","2026-06-10 09:10:30","2026-06-06","2026-06-07T04:22:13Z",97.8
"Josh","2026-06-10 09:10:30","2026-06-06","2026-06-07T04:23:13Z",97.7
"Josh","2026-06-10 09:10:30","2026-06-06","2026-06-07T04:24:13Z",97.6
"Josh","2026-06-10 09:10:30","2026-06-06","2026-06-07T04:25:13Z",97.5
"Josh","2026-06-10 09:10:30","2026-06-06","2026-06-07T04:26:13Z",97.4
"Josh","2026-06-10 09:10:30","2026-06-06","2026-06-07T04:27:13Z",97.3
"Josh","2026-06-10 09:10:30","2026-06-06","2026-06-07T04:28:13Z",97.2
"Josh","2026-06-10 09:10:30","2026-06-06","2026-06-07T04:29:13Z",97.1
"Josh","2026-06-10 09:10:30","2026-06-06","2026-06-07T04:30:13Z",97.2
"Josh","2026-06-10 09:10:30","2026-06-06","2026-06-07T04:31:13Z",97.2
"Josh","2026-06-10 09:10:30","2026-06-06","2026-06-07T04:32:13Z",97.1
"Josh","2026-06-10 09:10:30","2026-06-06","2026-06-07T04:33:13Z",97.1
"Josh","2026-06-10 09:10:30","2026-06-06","2026-06-07T04:34:13Z",97.1
"Josh","2026-06-10 09:10:30","2026-06-06","2026-06-07T04:35:13Z",97.0
"Josh","2026-06-10 09:10:30","2026-06-06","2026-06-07T04:36:13Z",97.0
"Josh","2026-06-10 09:10:30","2026-06-06","2026-06-07T04:37:13Z",97.0
"Josh","2026-06-10 09:10:30","2026-06-06","2026-06-07T04:38:13Z",96.9
"Josh","2026-06-10 09:10:30","2026-06-06","2026-06-07T04:39:13Z",96.9
"Josh","2026-06-10 09:10:30","2026-06-06","2026-06-07T04:40:13Z",96.9
"Josh","2026-06-10 09:10:30","2026-06-06","2026-06-07T04:41:13Z",97.0
"Josh","2026-06-10 09:10:30","2026-06-06","2026-06-07T04:42:13Z",97.1
"Josh","2026-06-10 09:10:30","2026-06-06","2026-06-07T04:43:13Z",97.2
"Josh","2026-06-10 09:10:30","2026-06-06","2026-06-07T04:44:13Z",97.3
"Josh","2026-06-10 09:10:30","2026-06-06","2026-06-07T04:45:13Z",97.3
"Josh","2026-06-10 09:10:30","2026-06-06","2026-06-07T04:46:13Z",97.4
"Josh","2026-06-10 09:10:30","2026-06-06","2026-06-07T04:47:13Z",97.4
"Josh","2026-06-10 09:10:30","2026-06-06","2026-06-07T04:48:13Z",97.5
"Josh","2026-06-10 09:10:30","2026-06-06","2026-06-07T04:49:13Z",97.6
"Josh","2026-06-10 09:10:30","2026-06-06","2026-06-07T04:50:13Z",97.6
"Josh","2026-06-10 09:10:30","2026-06-06","2026-06-07T04:51:13Z",97.7
"Josh","2026-06-10 09:10:30","2026-06-06","2026-06-07T04:52:13Z",97.7
"Josh","2026-06-10 09:10:30","2026-06-06","2026-06-07T04:53:13Z",97.8
"Josh","2026-06-10 09:10:30","2026-06-06","2026-06-07T04:54:13Z",97.8
"Josh","2026-06-10 09:10:30","2026-06-06","2026-06-07T04:55:13Z",97.9
"Josh","2026-06-10 09:10:30","2026-06-06","2026-06-07T04:56:13Z",97.9
"Josh","2026-06-10 09:10:30","2026-06-06","2026-06-07T04:57:13Z",98.0
"Josh","2026-06-10 09:10:30","2026-06-06","2026-06-07T04:58:13Z",98.0
"Josh","2026-06-10 09:10:30","2026-06-06","2026-06-07T04:59:13Z",98.0
"Josh","2026-06-10 09:10:30","2026-06-06","2026-06-07T05:00:13Z",98.1
"Josh","2026-06-10 09:10:30","2026-06-06","2026-06-07T05:01:13Z",98.1
"Josh","2026-06-10 09:10:30","2026-06-06","2026-06-07T05:02:13Z",98.2
"Josh","2026-06-10 09:10:30","2026-06-06","2026-06-07T05:03:13Z",98.2
"Josh","2026-06-10 09:10:30","2026-06-06","2026-06-07T05:04:13Z",98.3
"Josh","2026-06-10 09:10:30","2026-06-06","2026-06-07T05:05:13Z",98.4
"Josh","2026-06-10 09:10:30","2026-06-06","2026-06-07T05:06:13Z",98.5
"Josh","2026-06-10 09:10:30","2026-06-06","2026-06-07T05:07:13Z",98.5
"Josh","2026-06-10 09:10:30","2026-06-06","2026-06-07T05:08:13Z",98.5
"Josh","2026-06-10 09:10:30","2026-06-06","2026-06-07T05:09:13Z",50.0
"Josh","2026-06-10 09:10:30","2026-06-06","2026-06-07T05:10:13Z",98.6
"Josh","2026-06-10 09:10:30","2026-06-06","2026-06-07T05:11:13Z",98.7
"Josh","2026-06-10 09:10:30","2026-06-06","2026-06-07T05:12:13Z",98.6
"Josh","2026-06-10 09:10:30","2026-06-06","2026-06-07T05:13:13Z",98.7
"Josh","2026-06-10 09:10:30","2026-06-06","2026-06-07T05:14:13Z",98.7
"Josh","2026-06-10 09:10:30","2026-06-06","2026-06-07T05:15:13Z",98.7
"Josh","2026-06-10 09:10:30","2026-06-06","2026-06-07T05:16:13Z",98.8
"Josh","2026-06-10 09:10:30","2026-06-06","2026-06-07T05:17:13Z",98.8
"Josh","2026-06-10 09:10:30","2026-06-06","2026-06-07T05:18:13Z",98.8
"Josh","2026-06-10 09:10:30","2026-06-06","2026-06-07T05:19:13Z",98.8
"Josh","2026-06-10 09:10:30","2026-06-06","2026-06-07T05:20:13Z",98.8
"Josh","2026-06-10 09:10:30","2026-06-06","2026-06-07T05:21:13Z",98.8
"Josh","2026-06-10 09:10:30","2026-06-06","2026-06-07T05:22:13Z",98.7
"Josh","2026-06-10 09:10:30","2026-06-06","2026-06-07T05:23:13Z",98.6
"Josh","2026-06-10 09:10:30","2026-06-06","2026-06-07T05:24:13Z",98.6
"Josh","2026-06-10 09:10:30","2026-06-06","2026-06-07T05:25:13Z",98.6
"Josh","2026-06-10 09:10:30","2026-06-06","2026-06-07T05:26:13Z",98.7
"Josh","2026-06-10 09:10:30","2026-06-06","2026-06-07T05:27:13Z",98.8
"Josh","2026-06-10 09:10:30","2026-06-06","2026-06-07T05:28:13Z",98.8
"Josh","2026-06-10 09:10:30","2026-06-06","2026-06-07T05:29:13Z",98.7
"Josh","2026-06-10 09:10:30","2026-06-06","2026-06-07T05:30:13Z",98.7
"Josh","2026-06-10 09:10:30","2026-06-06","2026-06-07T05:31:13Z",98.7
"Josh","2026-06-10 09:10:30","2026-06-06","2026-06-07T05:32:13Z",98.6
"Josh","2026-06-10 09:10:30","2026-06-06","2026-06-07T05:33:13Z",98.6
"Josh","2026-06-10 09:10:30","2026-06-06","2026-06-07T05:34:13Z",98.6
"Josh","2026-06-10 09:10:30","2026-06-06","2026-06-07T05:35:13Z",98.5
"Josh","2026-06-10 09:10:30","2026-06-06","2026-06-07T05:36:13Z",98.5
"Josh","2026-06-10 09:10:30","2026-06-06","2026-06-07T05:37:13Z",98.4
"Josh","2026-06-10 09:10:30","2026-06-06","2026-06-07T05:38:13Z",98.4
"Josh","2026-06-10 09:10:30","2026-06-06","2026-06-07T05:39:13Z",98.4
"Josh","2026-06-10 09:10:30","2026-06-06","2026-06-07T05:40:13Z",98.3
"Josh","2026-06-10 09:10:30","2026-06-06","2026-06-07T05:41:13Z",98.3
"Josh","2026-06-10 09:10:30","2026-06-06","2026-06-07T05:42:13Z",98.2
"Josh","2026-06-10 09:10:30","2026-06-06","2026-06-07T05:43:13Z",98.2
"Josh","2026-06-10 09:10:30","2026-06-06","2026-06-07T05:44:13Z",98.1
"Josh","2026-06-10 09:10:30","2026-06-06","2026-06-07T05:45:13Z",98.1
"Josh","2026-06-10 09:10:30","2026-06-06","2026-06-07T05:46:13Z",98.1
"Josh","2026-06-10 09:10:30","2026-06-06","2026-06-07T05:47:13Z",98.0
"Josh","2026-06-10 09:10:30","2026-06-06","2026-06-07T05:48:13Z",98.0
"Josh","2026-06-10 09:10:30","2026-06-06","2026-06-07T05:49:13Z",97.9
"Josh","2026-06-10 09:10:30","2026-06-06","2026-06-07T05:50:13Z",97.9
"Josh","2026-06-10 09:10:30","2026-06-06","2026-06-07T05:51:13Z",97.8
"Josh","2026-06-10 09:10:30","2026-06-06","2026-06-07T05:52:13Z",97.8
"Josh","2026-06-10 09:10:30","2026-06-06","2026-06-07T05:53:13Z",97.7
"Josh","2026-06-10 09:10:30","2026-06-06","2026-06-07T05:54:13Z",97.6
"Josh","2026-06-10 09:10:30","2026-06-06","2026-06-07T05:55:13Z",97.5
"Josh","2026-06-10 09:10:30","2026-06-06","2026-06-07T05:56:13Z",97.4
"Josh","2026-06-10 09:10:30","2026-06-06","2026-06-07T05:57:13Z",97.3
"Josh","2026-06-10 09:10:30","2026-06-06","2026-06-07T05:58:13Z",97.2
"Josh","2026-06-10 09:10:30","2026-06-06","2026-06-07T05:59:13Z",97.1
"Josh","2026-06-10 09:10:30","2026-06-06","2026-06-07T06:00:13Z",97.1
"Josh","2026-06-10 09:10:30","2026-06-06","2026-06-07T06:01:13Z",97.0
"Josh","2026-06-10 09:10:30","2026-06-06","2026-06-07T06:02:13Z",97.0
"Josh","2026-06-10 09:10:30","2026-06-06","2026-06-07T06:03:13Z",97.1
"Josh","2026-06-10 09:10:30","2026-06-06","2026-06-07T06:04:13Z",97.0
"Josh","2026-06-10 09:10:30","2026-06-06","2026-06-07T06:05:13Z",96.9
"Josh","2026-06-10 09:10:30","2026-06-06","2026-06-07T06:06:13Z",97.0
"Josh","2026-06-10 09:10:30","2026-06-06","2026-06-07T06:07:13Z",97.0
"Josh","2026-06-10 09:10:30","2026-06-06","2026-06-07T06:08:13Z",97.0
"Josh","2026-06-10 09:10:30","2026-06-06","2026-06-07T06:09:13Z",97.0
"Josh","2026-06-10 09:10:30","2026-06-06","2026-06-07T06:10:13Z",97.0
"Josh","2026-06-10 09:10:30","2026-06-06","2026-06-07T06:11:13Z",97.0
"Josh","2026-06-10 09:10:30","2026-06-06","2026-06-07T06:12:13Z",97.1
"Josh","2026-06-10 09:10:30","2026-06-06","2026-06-07T06:13:13Z",97.2
"Josh","2026-06-10 09:10:30","2026-06-06","2026-06-07T06:14:13Z",97.2
"Josh","2026-06-10 09:10:30","2026-06-06","2026-06-07T06:15:13Z",97.3
"Josh","2026-06-10 09:10:30","2026-06-06","2026-06-07T06:16:13Z",97.4
"Josh","2026-06-10 09:10:30","2026-06-06","2026-06-07T06:17:13Z",97.4
"Josh","2026-06-10 09:10:30","2026-06-06","2026-06-07T06:18:13Z",97.5
"Josh","2026-06-10 09:10:30","2026-06-06","2026-06-07T06:19:13Z",97.6
"Josh","2026-06-10 09:10:30","2026-06-06","2026-06-07T06:20:13Z",97.6
"Josh","2026-06-10 09:10:30","2026-06-06","2026-06-07T06:21:13Z",97.7
"Josh","2026-06-10 09:10:30","2026-06-06","2026-06-07T06:22:13Z",97.7
"Josh","2026-06-10 09:10:30","2026-06-06","2026-06-07T06:23:13Z",97.8
"Josh","2026-06-10 09:10:30","2026-06-06","2026-06-07T06:24:13Z",97.8
"Josh","2026-06-10 09:10:30","2026-06-06","2026-06-07T06:25:13Z",97.9
"Josh","2026-06-10 09:10:30","2026-06-06","2026-06-07T06:26:13Z",97.9
"Josh","2026-06-10 09:10:30","2026-06-06","2026-06-07T06:27:13Z",98.0
"Josh","2026-06-10 09:10:30","2026-06-06","2026-06-07T06:28:13Z",98.0
"Josh","2026-06-10 09:10:30","2026-06-06","2026-06-07T06:29:13Z",98.0
"Josh","2026-06-10 09:10:30","2026-06-06","2026-06-07T06:30:13Z",98.1
"Josh","2026-06-10 09:10:30","2026-06-06","2026-06-07T06:31:13Z",98.1
"Josh","2026-06-10 09:10:30","2026-06-06","2026-06-07T06:32:13Z",98.2
"Josh","2026-06-10 09:10:30","2026-06-06","2026-06-07T06:33:13Z",98.2
"Josh","2026-06-10 09:10:30","2026-06-06","2026-06-07T06:34:13Z",98.3
"Josh","2026-06-10 09:10:30","2026-06-06","2026-06-07T06:35:13Z",98.4
"Josh","2026-06-10 09:10:30","2026-06-06","2026-06-07T06:36:13Z",98.4
"Josh","2026-06-10 09:10:30","2026-06-06","2026-06-07T06:37:13Z",98.4
"Josh","2026-06-10 09:10:30","2026-06-06","2026-06-07T06:38:13Z",98.5
"Josh","2026-06-10 09:10:30","2026-06-06","2026-06-07T06:39:13Z",98.5
"Josh","2026-06-10 09:10:30","2026-06-06","2026-06-07T06:40:13Z",98.6
"Josh","2026-06-10 09:10:30","2026-06-06","2026-06-07T06:41:13Z",98.7
"Josh","2026-06-10 09:10:30","2026-06-06","2026-06-07T06:42:13Z",98.7
"Josh","2026-06-10 09:10:30","2026-06-06","2026-06-07T06:43:13Z",98.6
"Josh","2026-06-10 09:10:30","2026-06-06","2026-06-07T06:44:13Z",98.6
"Josh","2026-06-10 09:10:30","2026-06-06","2026-06-07T06:45:13Z",98.7
"Josh","2026-06-10 09:10:30","2026-06-06","2026-06-07T06:46:13Z",98.7
"Josh","2026-06-10 09:10:30","2026-06-06","2026-06-07T06:47:13Z",98.8
"Josh","2026-06-10 09:10:30","2026-06-06","2026-06-07T06:48:13Z",98.8
"Josh","2026-06-10 09:10:30","2026-06-06","2026-06-07T06:49:13Z",98.8
"Josh","2026-06-10 09:10:30","2026-06-06","2026-06-07T06:50:13Z",98.8
"Josh","2026-06-10 09:10:30","2026-06-06","2026-06-07T06:51:13Z",98.7
"Josh","2026-06-10 09:10:30","2026-06-06","2026-06-07T06:52:13Z",98.8
"Josh","2026-06-10 09:10:30","2026-06-06","2026-06-07T06:53:13Z",98.9
"Josh","2026-06-10 09:10:30","2026-06-06","2026-06-07T06:54:13Z",98.9
"Josh","2026-06-10 09:10:30","2026-06-06","2026-06-07T06:55:13Z",98.8
"Josh","2026-06-10 09:10:30","2026-06-06","2026-06-07T06:56:13Z",98.7
"Josh","2026-06-10 09:10:30","2026-06-06","2026-06-07T06:57:13Z",98.6
"Josh","2026-06-10 09:10:30","2026-06-06","2026-06-07T06:58:13Z",98.6
"Josh","2026-06-10 09:10:30","2026-06-06","2026-06-07T06:59:13Z",98.7
"Josh","2026-06-10 09:10:30","2026-06-06","2026-06-07T07:00:13Z",98.7
"Josh","2026-06-10 09:10:30","2026-06-06","2026-06-07T07:01:13Z",98.6
"Josh","2026-06-10 09:10:30","2026-06-06","2026-06-07T07:02:13Z",98.6
"Josh","2026-06-10 09:10:30","2026-06-06","2026-06-07T07:03:13Z",98.6
"Josh","2026-06-10 09:10:30","2026-06-06","2026-06-07T07:04:13Z",98.5
"Josh","2026-06-10 09:10:30","2026-06-06","2026-06-07T07:05:13Z",98.5
"Josh","2026-06-10 09:10:30","2026-06-06","2026-06-07T07:06:13Z",98.5
"Josh","2026-06-10 09:10:30","2026-06-06","2026-06-07T07:07:13Z",98.4
"Josh","2026-06-10 09:10:30","2026-06-06","2026-06-07T07:08:13Z",98.4
"Josh","2026-06-10 09:10:30","2026-06-06","2026-06-07T07:09:13Z",98.3
"Josh","2026-06-10 09:10:30","2026-06-06","2026-06-07T07:10:13Z",98.3
"Josh","2026-06-10 09:10:30","2026-06-06","2026-06-07T07:11:13Z",98.3
"Josh","2026-06-10 09:10:30","2026-06-06","2026-06-07T07:12:13Z",98.2
"Josh","2026-06-10 09:10:30","2026-06-06","2026-06-07T07:13:13Z",98.2
"Josh","2026-06-10 09:10:30","2026-06-06","2026-06-07T07:14:13Z",98.1
"Josh","2026-06-10 09:10:30","2026-06-06","2026-06-07T07:15:13Z",98.1
"Josh","2026-06-10 09:10:30","2026-06-06","2026-06-07T07:16:13Z",98.1
"Josh","2026-06-10 09:10:30","2026-06-06","2026-06-07T07:17:13Z",98.0
"Josh","2026-06-10 09:10:30","2026-06-06","2026-06-07T07:18:13Z",98.0
"Josh","2026-06-10 09:10:30","2026-06-06","2026-06-07T07:19:13Z",97.9
"Josh","2026-06-10 09:10:30","2026-06-06","2026-06-07T07:20:13Z",97.9
"Josh","2026-06-10 09:10:30","2026-06-06","2026-06-07T07:21:13Z",97.8
"Josh","2026-06-10 09:10:30","2026-06-06","2026-06-07T07:22:13Z",97.8
"Josh","2026-06-10 09:10:30","2026-06-06","2026-06-07T07:23:13Z",97.7
"Josh","2026-06-10 09:10:30","2026-06-06","2026-06-07T07:24:13Z",97.7
"Josh","2026-06-10 09:10:30","2026-06-06","2026-06-07T07:25:13Z",97.6
"Josh","2026-06-10 09:10:30","2026-06-06","2026-06-07T07:26:13Z",97.4
"Josh","2026-06-10 09:10:30","2026-06-06","2026-06-07T07:27:13Z",97.3
"Josh","2026-06-10 09:10:30","2026-06-06","2026-06-07T07:28:13Z",97.2
"Josh","2026-06-10 09:10:30","2026-06-06","2026-06-07T07:29:13Z",97.2
"Josh","2026-06-10 09:10:30","2026-06-06","2026-06-07T07:30:13Z",97.3
"Josh","2026-06-10 09:10:30","2026-06-06","2026-06-07T07:31:13Z",97.3
"Josh","2026-06-10 09:10:30","2026-06-06","2026-06-07T07:32:13Z",97.2
"Josh","2026-06-10 09:10:30","2026-06-06","2026-06-07T07:33:13Z",97.2
"Josh","2026-06-10 09:10:30","2026-06-06","2026-06-07T07:34:13Z",97.2
"Josh","2026-06-10 09:10:30","2026-06-06","2026-06-07T07:35:13Z",97.1
"Josh","2026-06-10 09:10:30","2026-06-06","2026-06-07T07:36:13Z",97.0
"Josh","2026-06-10 09:10:30","2026-06-06","2026-06-07T07:37:13Z",97.1
"Josh","2026-06-10 09:10:30","2026-06-06","2026-06-07T07:38:13Z",97.2
"Josh","2026-06-10 09:10:30","2026-06-06","2026-06-07T07:39:13Z",97.2
"Josh","2026-06-10 09:10:30","2026-06-06","2026-06-07T07:40:13Z",97.2
"Josh","2026-06-10 09:10:30","2026-06-06","2026-06-07T07:41:13Z",97.2
"Josh","2026-06-10 09:10:30","2026-06-06","2026-06-07T07:42:13Z",97.3
"Josh","2026-06-10 09:10:30","2026-06-06","2026-06-07T07:43:13Z",97.3
"Josh","2026-06-10 09:10:30","2026-06-06","2026-06-07T07:44:13Z",97.4
"Josh","2026-06-10 09:10:30","2026-06-06","2026-06-07T07:45:13Z",97.4
"Josh","2026-06-10 09:10:30","2026-06-06","2026-06-07T07:46:13Z",97.5
"Josh","2026-06-10 09:10:30","2026-06-06","2026-06-07T07:47:13Z",97.5
"Josh","2026-06-10 09:10:30","2026-06-06","2026-06-07T07:48:13Z",97.6
"Josh","2026-06-10 09:10:30","2026-06-06","2026-06-07T07:49:13Z",97.6
"Josh","2026-06-10 09:10:30","2026-06-06","2026-06-07T07:50:13Z",97.7
"Josh","2026-06-10 09:10:30","2026-06-06","2026-06-07T07:51:13Z",97.7
"Josh","2026-06-10 09:10:30","2026-06-06","2026-06-07T07:52:13Z",97.7
"Josh","2026-06-10 09:10:30","2026-06-06","2026-06-07T07:53:13Z",97.8
"Josh","2026-06-10 09:10:30","2026-06-06","2026-06-07T07:54:13Z",97.8
"Josh","2026-06-10 09:10:30","2026-06-06","2026-06-07T07:55:13Z",97.9
"Josh","2026-06-10 09:10:30","2026-06-06","2026-06-07T07:56:13Z",98.0
"Josh","2026-06-10 09:10:30","2026-06-06","2026-06-07T07:57:13Z",98.0
"Josh","2026-06-10 09:10:30","2026-06-06","2026-06-07T07:58:13Z",98.1
"Josh","2026-06-10 09:10:30","2026-06-06","2026-06-07T07:59:13Z",98.2
"Josh","2026-06-10 09:10:30","2026-06-06","2026-06-07T08:00:13Z",98.2
"Josh","2026-06-10 09:10:30","2026-06-06","2026-06-07T08:01:13Z",98.3
"Josh","2026-06-10 09:10:30","2026-06-06","2026-06-07T08:02:13Z",98.4
"Josh","2026-06-10 09:10:30","2026-06-06","2026-06-07T08:03:13Z",98.4
"Josh","2026-06-10 09:10:30","2026-06-06","2026-06-07T08:04:13Z",98.5
"Josh","2026-06-10 09:10:30","2026-06-06","2026-06-07T08:05:13Z",98.5
"Josh","2026-06-10 09:10:30","2026-06-06","2026-06-07T08:06:13Z",98.6
"Josh","2026-06-10 09:10:30","2026-06-06","2026-06-07T08:07:13Z",98.6
"Josh","2026-06-10 09:10:30","2026-06-07","2026-06-07T22:52:47Z",98.3
"Josh","2026-06-10 09:10:30","2026-06-07","2026-06-07T22:53:47Z",98.3
"Josh","2026-06-10 09:10:30","2026-06-07","2026-06-07T22:54:47Z",98.3
"Josh","2026-06-10 09:10:30","2026-06-07","2026-06-07T22:55:47Z",98.3
"Josh","2026-06-10 09:10:30","2026-06-07","2026-06-07T22:56:47Z",98.3
"Josh","2026-06-10 09:10:30","2026-06-07","2026-06-07T22:57:47Z",98.3
"Josh","2026-06-10 09:10:30","2026-06-07","2026-06-07T22:58:47Z",98.3
"Josh","2026-06-10 09:10:30","2026-06-07","2026-06-07T22:59:47Z",98.3
"Josh","2026-06-10 09:10:30","2026-06-07","2026-06-07T23:00:47Z",98.3
"Josh","2026-06-10 09:10:30","2026-06-07","2026-06-07T23:01:47Z",98.3
"Josh","2026-06-10 09:10:30","2026-06-07","2026-06-07T23:02:47Z",98.3
"Josh","2026-06-10 09:10:30","2026-06-07","2026-06-07T23:03:47Z",98.3
"Josh","2026-06-10 09:10:30","2026-06-07","2026-06-07T23:04:47Z",98.3
"Josh","2026-06-10 09:10:30","2026-06-07","2026-06-07T23:05:47Z",98.2
"Josh","2026-06-10 09:10:30","2026-06-07","2026-06-07T23:06:47Z",98.2
"Josh","2026-06-10 09:10:30","2026-06-07","2026-06-07T23:07:47Z",98.2
"Josh","2026-06-10 09:10:30","2026-06-07","2026-06-07T23:08:47Z",98.3
"Josh","2026-06-10 09:10:30","2026-06-07","2026-06-07T23:09:47Z",98.3
"Josh","2026-06-10 09:10:30","2026-06-07","2026-06-07T23:10:47Z",98.3
"Josh","2026-06-10 09:10:30","2026-06-07","2026-06-07T23:11:47Z",98.3
"Josh","2026-06-10 09:10:30","2026-06-07","2026-06-07T23:12:47Z",98.3
"Josh","2026-06-10 09:10:30","2026-06-07","2026-06-07T23:13:47Z",98.3
"Josh","2026-06-10 09:10:30","2026-06-07","2026-06-07T23:14:47Z",98.4
"Josh","2026-06-10 09:10:30","2026-06-07","2026-06-07T23:15:47Z",98.5
"Josh","2026-06-10 09:10:30","2026-06-07","2026-06-07T23:16:47Z",98.5
"Josh","2026-06-10 09:10:30","2026-06-07","2026-06-07T23:17:47Z",98.6
"Josh","2026-06-10 09:10:30","2026-06-07","2026-06-07T23:18:47Z",98.6
"Josh","2026-06-10 09:10:30","2026-06-07","2026-06-07T23:19:47Z",98.7
"Josh","2026-06-10 09:10:30","2026-06-07","2026-06-07T23:20:47Z",98.7
"Josh","2026-06-10 09:10:30","2026-06-07","2026-06-07T23:21:47Z",98.7
"Josh","2026-06-10 09:10:30","2026-06-07","2026-06-07T23:22:47Z",98.7
"Josh","2026-06-10 09:10:30","2026-06-07","2026-06-07T23:23:47Z",98.7
"Josh","2026-06-10 09:10:30","2026-06-07","2026-06-07T23:24:47Z",98.7
"Josh","2026-06-10 09:10:30","2026-06-07","2026-06-07T23:25:47Z",98.8
"Josh","2026-06-10 09:10:30","2026-06-07","2026-06-07T23:26:47Z",98.8
"Josh","2026-06-10 09:10:30","2026-06-07","2026-06-07T23:27:47Z",98.8
"Josh","2026-06-10 09:10:30","2026-06-07","2026-06-07T23:28:47Z",98.9
"Josh","2026-06-10 09:10:30","2026-06-07","2026-06-07T23:29:47Z",98.9
"Josh","2026-06-10 09:10:30","2026-06-07","2026-06-07T23:30:47Z",98.9
"Josh","2026-06-10 09:10:30","2026-06-07","2026-06-07T23:31:47Z",98.9
"Josh","2026-06-10 09:10:30","2026-06-07","2026-06-07T23:32:47Z",98.9
"Josh","2026-06-10 09:10:30","2026-06-07","2026-06-07T23:33:47Z",98.9
"Josh","2026-06-10 09:10:30","2026-06-07","2026-06-07T23:34:47Z",98.8
"Josh","2026-06-10 09:10:30","2026-06-07","2026-06-07T23:35:47Z",98.8
"Josh","2026-06-10 09:10:30","2026-06-07","2026-06-07T23:36:47Z",98.8
"Josh","2026-06-10 09:10:30","2026-06-07","2026-06-07T23:37:47Z",98.8
"Josh","2026-06-10 09:10:30","2026-06-07","2026-06-07T23:38:47Z",98.8
"Josh","2026-06-10 09:10:30","2026-06-07","2026-06-07T23:39:47Z",98.7
"Josh","2026-06-10 09:10:30","2026-06-07","2026-06-07T23:40:47Z",98.8
"Josh","2026-06-10 09:10:30","2026-06-07","2026-06-07T23:41:47Z",98.7
"Josh","2026-06-10 09:10:30","2026-06-07","2026-06-07T23:42:47Z",98.7
"Josh","2026-06-10 09:10:30","2026-06-07","2026-06-07T23:43:47Z",98.6
"Josh","2026-06-10 09:10:30","2026-06-07","2026-06-07T23:44:47Z",98.6
"Josh","2026-06-10 09:10:30","2026-06-07","2026-06-07T23:45:47Z",98.6
"Josh","2026-06-10 09:10:30","2026-06-07","2026-06-07T23:46:47Z",98.5
"Josh","2026-06-10 09:10:30","2026-06-07","2026-06-07T23:47:47Z",98.5
"Josh","2026-06-10 09:10:30","2026-06-07","2026-06-07T23:48:47Z",98.4
"Josh","2026-06-10 09:10:30","2026-06-07","2026-06-07T23:49:47Z",98.4
"Josh","2026-06-10 09:10:30","2026-06-07","2026-06-07T23:50:47Z",98.3
"Josh","2026-06-10 09:10:30","2026-06-07","2026-06-07T23:51:47Z",98.3
"Josh","2026-06-10 09:10:30","2026-06-07","2026-06-07T23:52:47Z",98.2
"Josh","2026-06-10 09:10:30","2026-06-07","2026-06-07T23:53:47Z",98.2
"Josh","2026-06-10 09:10:30","2026-06-07","2026-06-07T23:54:47Z",98.1
"Josh","2026-06-10 09:10:30","2026-06-07","2026-06-07T23:55:47Z",98.1
"Josh","2026-06-10 09:10:30","2026-06-07","2026-06-07T23:56:47Z",98.1
"Josh","2026-06-10 09:10:30","2026-06-07","2026-06-07T23:57:47Z",98.0
"Josh","2026-06-10 09:10:30","2026-06-07","2026-06-07T23:58:47Z",98.0
"Josh","2026-06-10 09:10:30","2026-06-07","2026-06-07T23:59:47Z",97.9
"Josh","2026-06-10 09:10:30","2026-06-07","2026-06-08T00:00:47Z",97.9
"Josh","2026-06-10 09:10:30","2026-06-07","2026-06-08T00:01:47Z",97.8
"Josh","2026-06-10 09:10:30","2026-06-07","2026-06-08T00:02:47Z",97.8
"Josh","2026-06-10 09:10:30","2026-06-07","2026-06-08T00:03:47Z",97.7
"Josh","2026-06-10 09:10:30","2026-06-07","2026-06-08T00:04:47Z",97.7
"Josh","2026-06-10 09:10:30","2026-06-07","2026-06-08T00:05:47Z",97.6
"Josh","2026-06-10 09:10:30","2026-06-07","2026-06-08T00:06:47Z",97.4
"Josh","2026-06-10 09:10:30","2026-06-07","2026-06-08T00:07:47Z",97.4
"Josh","2026-06-10 09:10:30","2026-06-07","2026-06-08T00:08:47Z",50.0
"Josh","2026-06-10 09:10:30","2026-06-07","2026-06-08T00:09:47Z",97.3
"Josh","2026-06-10 09:10:30","2026-06-07","2026-06-08T00:10:47Z",97.2
"Josh","2026-06-10 09:10:30","2026-06-07","2026-06-08T00:11:47Z",97.1
"Josh","2026-06-10 09:10:30","2026-06-07","2026-06-08T00:12:47Z",97.1
"Josh","2026-06-10 09:10:30","2026-06-07","2026-06-08T00:13:47Z",97.1
"Josh","2026-06-10 09:10:30","2026-06-07","2026-06-08T00:14:47Z",97.1
"Josh","2026-06-10 09:10:30","2026-06-07","2026-06-08T00:15:47Z",97.0
"Josh","2026-06-10 09:10:30","2026-06-07","2026-06-08T00:16:47Z",97.0
"Josh","2026-06-10 09:10:30","2026-06-07","2026-06-08T00:17:47Z",97.0
"Josh","2026-06-10 09:10:30","2026-06-07","2026-06-08T00:18:47Z",97.1
"Josh","2026-06-10 09:10:30","2026-06-07","2026-06-08T00:19:47Z",97.0
"Josh","2026-06-10 09:10:30","2026-06-07","2026-06-08T00:20:47Z",96.9
"Josh","2026-06-10 09:10:30","2026-06-07","2026-06-08T00:21:47Z",96.9
"Josh","2026-06-10 09:10:30","2026-06-07","2026-06-08T00:22:47Z",97.0
"Josh","2026-06-10 09:10:30","2026-06-07","2026-06-08T00:23:47Z",97.1
"Josh","2026-06-10 09:10:30","2026-06-07","2026-06-08T00:24:47Z",97.2
"Josh","2026-06-10 09:10:30","2026-06-07","2026-06-08T00:25:47Z",97.3
"Josh","2026-06-10 09:10:30","2026-06-07","2026-06-08T00:26:47Z",97.3
"Josh","2026-06-10 09:10:30","2026-06-07","2026-06-08T00:27:47Z",97.4
"Josh","2026-06-10 09:10:30","2026-06-07","2026-06-08T00:28:47Z",97.5
"Josh","2026-06-10 09:10:30","2026-06-07","2026-06-08T00:29:47Z",97.5
"Josh","2026-06-10 09:10:30","2026-06-07","2026-06-08T00:30:47Z",97.6
"Josh","2026-06-10 09:10:30","2026-06-07","2026-06-08T00:31:47Z",97.7
"Josh","2026-06-10 09:10:30","2026-06-07","2026-06-08T00:32:47Z",97.7
"Josh","2026-06-10 09:10:30","2026-06-07","2026-06-08T00:33:47Z",97.8
"Josh","2026-06-10 09:10:30","2026-06-07","2026-06-08T00:34:47Z",97.8
"Josh","2026-06-10 09:10:30","2026-06-07","2026-06-08T00:35:47Z",97.9
"Josh","2026-06-10 09:10:30","2026-06-07","2026-06-08T00:36:47Z",97.9
"Josh","2026-06-10 09:10:30","2026-06-07","2026-06-08T00:37:47Z",97.9
"Josh","2026-06-10 09:10:30","2026-06-07","2026-06-08T00:38:47Z",98.0
"Josh","2026-06-10 09:10:30","2026-06-07","2026-06-08T00:39:47Z",98.0
"Josh","2026-06-10 09:10:30","2026-06-07","2026-06-08T00:40:47Z",98.1
"Josh","2026-06-10 09:10:30","2026-06-07","2026-06-08T00:41:47Z",98.1
"Josh","2026-06-10 09:10:30","2026-06-07","2026-06-08T00:42:47Z",98.2
"Josh","2026-06-10 09:10:30","2026-06-07","2026-06-08T00:43:47Z",98.2
"Josh","2026-06-10 09:10:30","2026-06-07","2026-06-08T00:44:47Z",98.3
"Josh","2026-06-10 09:10:30","2026-06-07","2026-06-08T00:45:47Z",98.3
"Josh","2026-06-10 09:10:30","2026-06-07","2026-06-08T00:46:47Z",98.3
"Josh","2026-06-10 09:10:30","2026-06-07","2026-06-08T00:47:47Z",98.4
"Josh","2026-06-10 09:10:30","2026-06-07","2026-06-08T00:48:47Z",98.5
"Josh","2026-06-10 09:10:30","2026-06-07","2026-06-08T00:49:47Z",98.6
"Josh","2026-06-10 09:10:30","2026-06-07","2026-06-08T00:50:47Z",98.7
"Josh","2026-06-10 09:10:30","2026-06-07","2026-06-08T00:51:47Z",98.8
"Josh","2026-06-10 09:10:30","2026-06-07","2026-06-08T00:52:47Z",98.7
"Josh","2026-06-10 09:10:30","2026-06-07","2026-06-08T00:53:47Z",98.8
"Josh","2026-06-10 09:10:30","2026-06-07","2026-06-08T00:54:47Z",98.7
"Josh","2026-06-10 09:10:30","2026-06-07","2026-06-08T00:55:47Z",98.7
"Josh","2026-06-10 09:10:30","2026-06-07","2026-06-08T00:56:47Z",98.8
"Josh","2026-06-10 09:10:30","2026-06-07","2026-06-08T00:57:47Z",98.8
"Josh","2026-06-10 09:10:30","2026-06-07","2026-06-08T00:58:47Z",98.9
"Josh","2026-06-10 09:10:30","2026-06-07","2026-06-08T00:59:47Z",98.9
"Josh","2026-06-10 09:10:30","2026-06-07","2026-06-08T01:00:47Z",98.9
"Josh","2026-06-10 09:10:30","2026-06-07","2026-06-08T01:01:47Z",98.9
"Josh","2026-06-10 09:10:30","2026-06-07","2026-06-08T01:02:47Z",98.9
"Josh","2026-06-10 09:10:30","2026-06-07","2026-06-08T01:03:47Z",98.8
"Josh","2026-06-10 09:10:30","2026-06-07","2026-06-08T01:04:47Z",98.7
"Josh","2026-06-10 09:10:30","2026-06-07","2026-06-08T01:05:47Z",98.7
"Josh","2026-06-10 09:10:30","2026-06-07","2026-06-08T01:06:47Z",98.7
"Josh","2026-06-10 09:10:30","2026-06-07","2026-06-08T01:07:47Z",98.7
"Josh","2026-06-10 09:10:30","2026-06-07","2026-06-08T01:08:47Z",98.6
"Josh","2026-06-10 09:10:30","2026-06-07","2026-06-08T01:09:47Z",98.7
"Josh","2026-06-10 09:10:30","2026-06-07","2026-06-08T01:10:47Z",98.7
"Josh","2026-06-10 09:10:30","2026-06-07","2026-06-08T01:11:47Z",98.7
"Josh","2026-06-10 09:10:30","2026-06-07","2026-06-08T01:12:47Z",98.7
"Josh","2026-06-10 09:10:30","2026-06-07","2026-06-08T01:13:47Z",98.6
"Josh","2026-06-10 09:10:30","2026-06-07","2026-06-08T01:14:47Z",98.6
"Josh","2026-06-10 09:10:30","2026-06-07","2026-06-08T01:15:47Z",98.5
"Josh","2026-06-10 09:10:30","2026-06-07","2026-06-08T01:16:47Z",98.5
"Josh","2026-06-10 09:10:30","2026-06-07","2026-06-08T01:17:47Z",98.5
"Josh","2026-06-10 09:10:30","2026-06-07","2026-06-08T01:18:47Z",98.4
"Josh","2026-06-10 09:10:30","2026-06-07","2026-06-08T01:19:47Z",98.1
"Josh","2026-06-10 09:10:30","2026-06-07","2026-06-08T01:20:47Z",98.1
"Josh","2026-06-10 09:10:30","2026-06-07","2026-06-08T01:21:47Z",98.1
"Josh","2026-06-10 09:10:30","2026-06-07","2026-06-08T01:22:47Z",98.1
"Josh","2026-06-10 09:10:30","2026-06-07","2026-06-08T01:23:47Z",98.1
"Josh","2026-06-10 09:10:30","2026-06-07","2026-06-08T01:24:47Z",50.0
"Josh","2026-06-10 09:10:30","2026-06-07","2026-06-08T01:25:47Z",98.0
"Josh","2026-06-10 09:10:30","2026-06-07","2026-06-08T01:26:47Z",98.0
"Josh","2026-06-10 09:10:30","2026-06-07","2026-06-08T01:27:47Z",98.0
"Josh","2026-06-10 09:10:30","2026-06-07","2026-06-08T01:28:47Z",97.9
"Josh","2026-06-10 09:10:30","2026-06-07","2026-06-08T01:29:47Z",97.9
"Josh","2026-06-10 09:10:30","2026-06-07","2026-06-08T01:30:47Z",97.9
"Josh","2026-06-10 09:10:30","2026-06-07","2026-06-08T01:31:47Z",97.8
"Josh","2026-06-10 09:10:30","2026-06-07","2026-06-08T01:32:47Z",97.8
"Josh","2026-06-10 09:10:30","2026-06-07","2026-06-08T01:33:47Z",97.7
"Josh","2026-06-10 09:10:30","2026-06-07","2026-06-08T01:34:47Z",97.6
"Josh","2026-06-10 09:10:30","2026-06-07","2026-06-08T01:35:47Z",97.5
"Josh","2026-06-10 09:10:30","2026-06-07","2026-06-08T01:36:47Z",97.4
"Josh","2026-06-10 09:10:30","2026-06-07","2026-06-08T01:37:47Z",97.4
"Josh","2026-06-10 09:10:30","2026-06-07","2026-06-08T01:38:47Z",97.4
"Josh","2026-06-10 09:10:30","2026-06-07","2026-06-08T01:39:47Z",97.4
"Josh","2026-06-10 09:10:30","2026-06-07","2026-06-08T01:40:47Z",97.3
"Josh","2026-06-10 09:10:30","2026-06-07","2026-06-08T01:41:47Z",97.3
"Josh","2026-06-10 09:10:30","2026-06-07","2026-06-08T01:42:47Z",97.1
"Josh","2026-06-10 09:10:30","2026-06-07","2026-06-08T01:43:47Z",97.1
"Josh","2026-06-10 09:10:30","2026-06-07","2026-06-08T01:44:47Z",97.1
"Josh","2026-06-10 09:10:30","2026-06-07","2026-06-08T01:45:47Z",97.0
"Josh","2026-06-10 09:10:30","2026-06-07","2026-06-08T01:46:47Z",97.1
"Josh","2026-06-10 09:10:30","2026-06-07","2026-06-08T01:47:47Z",97.1
"Josh","2026-06-10 09:10:30","2026-06-07","2026-06-08T01:48:47Z",97.1
"Josh","2026-06-10 09:10:30","2026-06-07","2026-06-08T01:49:47Z",97.1
"Josh","2026-06-10 09:10:30","2026-06-07","2026-06-08T01:50:47Z",97.1
"Josh","2026-06-10 09:10:30","2026-06-07","2026-06-08T01:51:47Z",97.1
"Josh","2026-06-10 09:10:30","2026-06-07","2026-06-08T01:52:47Z",97.2
"Josh","2026-06-10 09:10:30","2026-06-07","2026-06-08T01:53:47Z",97.2
"Josh","2026-06-10 09:10:30","2026-06-07","2026-06-08T01:54:47Z",97.3
"Josh","2026-06-10 09:10:30","2026-06-07","2026-06-08T01:55:47Z",97.4
"Josh","2026-06-10 09:10:30","2026-06-07","2026-06-08T01:56:47Z",97.4
"Josh","2026-06-10 09:10:30","2026-06-07","2026-06-08T01:57:47Z",97.5
"Josh","2026-06-10 09:10:30","2026-06-07","2026-06-08T01:58:47Z",97.5
"Josh","2026-06-10 09:10:30","2026-06-07","2026-06-08T01:59:47Z",97.6
"Josh","2026-06-10 09:10:30","2026-06-07","2026-06-08T02:00:47Z",97.6
"Josh","2026-06-10 09:10:30","2026-06-07","2026-06-08T02:01:47Z",97.7
"Josh","2026-06-10 09:10:30","2026-06-07","2026-06-08T02:02:47Z",97.7
"Josh","2026-06-10 09:10:30","2026-06-07","2026-06-08T02:03:47Z",97.8
"Josh","2026-06-10 09:10:30","2026-06-07","2026-06-08T02:04:47Z",97.8
"Josh","2026-06-10 09:10:30","2026-06-07","2026-06-08T02:05:47Z",97.9
"Josh","2026-06-10 09:10:30","2026-06-07","2026-06-08T02:06:47Z",97.9
"Josh","2026-06-10 09:10:30","2026-06-07","2026-06-08T02:07:47Z",98.0
"Josh","2026-06-10 09:10:30","2026-06-07","2026-06-08T02:08:47Z",98.0
"Josh","2026-06-10 09:10:30","2026-06-07","2026-06-08T02:09:47Z",98.0
"Josh","2026-06-10 09:10:30","2026-06-07","2026-06-08T02:10:47Z",98.1
"Josh","2026-06-10 09:10:30","2026-06-07","2026-06-08T02:11:47Z",98.1
"Josh","2026-06-10 09:10:30","2026-06-07","2026-06-08T02:12:47Z",98.2
"Josh","2026-06-10 09:10:30","2026-06-07","2026-06-08T02:13:47Z",50.0
"Josh","2026-06-10 09:10:30","2026-06-07","2026-06-08T02:14:47Z",98.3
"Josh","2026-06-10 09:10:30","2026-06-07","2026-06-08T02:15:47Z",98.5
"Josh","2026-06-10 09:10:30","2026-06-07","2026-06-08T02:16:47Z",98.6
"Josh","2026-06-10 09:10:30","2026-06-07","2026-06-08T02:17:47Z",98.5
"Josh","2026-06-10 09:10:30","2026-06-07","2026-06-08T02:18:47Z",98.6
"Josh","2026-06-10 09:10:30","2026-06-07","2026-06-08T02:19:47Z",98.7
"Josh","2026-06-10 09:10:30","2026-06-07","2026-06-08T02:20:47Z",98.6
"Josh","2026-06-10 09:10:30","2026-06-07","2026-06-08T02:21:47Z",98.7
"Josh","2026-06-10 09:10:30","2026-06-07","2026-06-08T02:22:47Z",98.6
"Josh","2026-06-10 09:10:30","2026-06-07","2026-06-08T02:23:47Z",98.7
"Josh","2026-06-10 09:10:30","2026-06-07","2026-06-08T02:24:47Z",98.7
"Josh","2026-06-10 09:10:30","2026-06-07","2026-06-08T02:25:47Z",98.7
"Josh","2026-06-10 09:10:30","2026-06-07","2026-06-08T02:26:47Z",98.8
"Josh","2026-06-10 09:10:30","2026-06-07","2026-06-08T02:27:47Z",98.8
"Josh","2026-06-10 09:10:30","2026-06-07","2026-06-08T02:28:47Z",98.7
"Josh","2026-06-10 09:10:30","2026-06-07","2026-06-08T02:29:47Z",98.6
"Josh","2026-06-10 09:10:30","2026-06-07","2026-06-08T02:30:47Z",98.6
"Josh","2026-06-10 09:10:30","2026-06-07","2026-06-08T02:31:47Z",98.7
"Josh","2026-06-10 09:10:30","2026-06-07","2026-06-08T02:32:47Z",98.7
"Josh","2026-06-10 09:10:30","2026-06-07","2026-06-08T02:33:47Z",98.8
"Josh","2026-06-10 09:10:30","2026-06-07","2026-06-08T02:34:47Z",98.7
"Josh","2026-06-10 09:10:30","2026-06-07","2026-06-08T02:35:47Z",98.7
"Josh","2026-06-10 09:10:30","2026-06-07","2026-06-08T02:36:47Z",98.8
"Josh","2026-06-10 09:10:30","2026-06-07","2026-06-08T02:37:47Z",98.8
"Josh","2026-06-10 09:10:30","2026-06-07","2026-06-08T02:38:47Z",98.8
"Josh","2026-06-10 09:10:30","2026-06-07","2026-06-08T02:39:47Z",98.8
"Josh","2026-06-10 09:10:30","2026-06-07","2026-06-08T02:40:47Z",98.7
"Josh","2026-06-10 09:10:30","2026-06-07","2026-06-08T02:41:47Z",98.8
"Josh","2026-06-10 09:10:30","2026-06-07","2026-06-08T02:42:47Z",98.7
"Josh","2026-06-10 09:10:30","2026-06-07","2026-06-08T02:43:47Z",98.7
"Josh","2026-06-10 09:10:30","2026-06-07","2026-06-08T02:44:47Z",98.6
"Josh","2026-06-10 09:10:30","2026-06-07","2026-06-08T02:45:47Z",98.6
"Josh","2026-06-10 09:10:30","2026-06-07","2026-06-08T02:46:47Z",98.5
"Josh","2026-06-10 09:10:30","2026-06-07","2026-06-08T02:47:47Z",98.5
"Josh","2026-06-10 09:10:30","2026-06-07","2026-06-08T02:48:47Z",98.4
"Josh","2026-06-10 09:10:30","2026-06-07","2026-06-08T02:49:47Z",98.4
"Josh","2026-06-10 09:10:30","2026-06-07","2026-06-08T02:50:47Z",98.3
"Josh","2026-06-10 09:10:30","2026-06-07","2026-06-08T02:51:47Z",98.3
"Josh","2026-06-10 09:10:30","2026-06-07","2026-06-08T02:52:47Z",98.2
"Josh","2026-06-10 09:10:30","2026-06-07","2026-06-08T02:53:47Z",98.2
"Josh","2026-06-10 09:10:30","2026-06-07","2026-06-08T02:54:47Z",98.2
"Josh","2026-06-10 09:10:30","2026-06-07","2026-06-08T02:55:47Z",98.1
"Josh","2026-06-10 09:10:30","2026-06-07","2026-06-08T02:56:47Z",98.1
"Josh","2026-06-10 09:10:30","2026-06-07","2026-06-08T02:57:47Z",98.0
"Josh","2026-06-10 09:10:30","2026-06-07","2026-06-08T02:58:47Z",98.0
"Josh","2026-06-10 09:10:30","2026-06-07","2026-06-08T02:59:47Z",97.9
"Josh","2026-06-10 09:10:30","2026-06-07","2026-06-08T03:00:47Z",97.9
"Josh","2026-06-10 09:10:30","2026-06-07","2026-06-08T03:01:47Z",97.8
"Josh","2026-06-10 09:10:30","2026-06-07","2026-06-08T03:02:47Z",97.8
"Josh","2026-06-10 09:10:30","2026-06-07","2026-06-08T03:03:47Z",97.7
"Josh","2026-06-10 09:10:30","2026-06-07","2026-06-08T03:04:47Z",97.7
"Josh","2026-06-10 09:10:30","2026-06-07","2026-06-08T03:05:47Z",97.6
"Josh","2026-06-10 09:10:30","2026-06-07","2026-06-08T03:06:47Z",97.5
"Josh","2026-06-10 09:10:30","2026-06-07","2026-06-08T03:07:47Z",97.4
"Josh","2026-06-10 09:10:30","2026-06-07","2026-06-08T03:08:47Z",97.3
"Josh","2026-06-10 09:10:30","2026-06-07","2026-06-08T03:09:47Z",97.2
"Josh","2026-06-10 09:10:30","2026-06-07","2026-06-08T03:10:47Z",97.2
"Josh","2026-06-10 09:10:30","2026-06-07","2026-06-08T03:11:47Z",97.1
"Josh","2026-06-10 09:10:30","2026-06-07","2026-06-08T03:12:47Z",97.1
"Josh","2026-06-10 09:10:30","2026-06-07","2026-06-08T03:13:47Z",97.0
"Josh","2026-06-10 09:10:30","2026-06-07","2026-06-08T03:14:47Z",97.0
"Josh","2026-06-10 09:10:30","2026-06-07","2026-06-08T03:15:47Z",96.9
"Josh","2026-06-10 09:10:30","2026-06-07","2026-06-08T03:16:47Z",97.0
"Josh","2026-06-10 09:10:30","2026-06-07","2026-06-08T03:17:47Z",96.9
"Josh","2026-06-10 09:10:30","2026-06-07","2026-06-08T03:18:47Z",97.0
"Josh","2026-06-10 09:10:30","2026-06-07","2026-06-08T03:19:47Z",97.0
"Josh","2026-06-10 09:10:30","2026-06-07","2026-06-08T03:20:47Z",97.0
"Josh","2026-06-10 09:10:30","2026-06-07","2026-06-08T03:21:47Z",96.9
"Josh","2026-06-10 09:10:30","2026-06-07","2026-06-08T03:22:47Z",97.0
"Josh","2026-06-10 09:10:30","2026-06-07","2026-06-08T03:23:47Z",97.1
"Josh","2026-06-10 09:10:30","2026-06-07","2026-06-08T03:24:47Z",97.2
"Josh","2026-06-10 09:10:30","2026-06-07","2026-06-08T03:25:47Z",97.3
"Josh","2026-06-10 09:10:30","2026-06-07","2026-06-08T03:26:47Z",97.4
"Josh","2026-06-10 09:10:30","2026-06-07","2026-06-08T03:27:47Z",97.4
"Josh","2026-06-10 09:10:30","2026-06-07","2026-06-08T03:28:47Z",97.5
"Josh","2026-06-10 09:10:30","2026-06-07","2026-06-08T03:29:47Z",97.5
"Josh","2026-06-10 09:10:30","2026-06-07","2026-06-08T03:30:47Z",97.6
"Josh","2026-06-10 09:10:30","2026-06-07","2026-06-08T03:31:47Z",97.7
"Josh","2026-06-10 09:10:30","2026-06-07","2026-06-08T03:32:47Z",97.7
"Josh","2026-06-10 09:10:30","2026-06-07","2026-06-08T03:33:47Z",97.8
"Josh","2026-06-10 09:10:30","2026-06-07","2026-06-08T03:34:47Z",97.8
"Josh","2026-06-10 09:10:30","2026-06-07","2026-06-08T03:35:47Z",97.9
"Josh","2026-06-10 09:10:30","2026-06-07","2026-06-08T03:36:47Z",97.9
"Josh","2026-06-10 09:10:30","2026-06-07","2026-06-08T03:37:47Z",98.0
"Josh","2026-06-10 09:10:30","2026-06-07","2026-06-08T03:38:47Z",98.0
"Josh","2026-06-10 09:10:30","2026-06-07","2026-06-08T03:39:47Z",98.0
"Josh","2026-06-10 09:10:30","2026-06-07","2026-06-08T03:40:47Z",98.1
"Josh","2026-06-10 09:10:30","2026-06-07","2026-06-08T03:41:47Z",98.1
"Josh","2026-06-10 09:10:30","2026-06-07","2026-06-08T03:42:47Z",98.2
"Josh","2026-06-10 09:10:30","2026-06-07","2026-06-08T03:43:47Z",98.2
"Josh","2026-06-10 09:10:30","2026-06-07","2026-06-08T03:44:47Z",98.3
"Josh","2026-06-10 09:10:30","2026-06-07","2026-06-08T03:45:47Z",98.4
"Josh","2026-06-10 09:10:30","2026-06-07","2026-06-08T03:46:47Z",98.5
"Josh","2026-06-10 09:10:30","2026-06-07","2026-06-08T03:47:47Z",98.6
"Josh","2026-06-10 09:10:30","2026-06-07","2026-06-08T03:48:47Z",98.7
"Josh","2026-06-10 09:10:30","2026-06-07","2026-06-08T03:49:47Z",98.6
"Josh","2026-06-10 09:10:30","2026-06-07","2026-06-08T03:50:47Z",98.7
"Josh","2026-06-10 09:10:30","2026-06-07","2026-06-08T03:51:47Z",98.7
"Josh","2026-06-10 09:10:30","2026-06-07","2026-06-08T03:52:47Z",98.8
"Josh","2026-06-10 09:10:30","2026-06-07","2026-06-08T03:53:47Z",98.7
"Josh","2026-06-10 09:10:30","2026-06-07","2026-06-08T03:54:47Z",98.7
"Josh","2026-06-10 09:10:30","2026-06-07","2026-06-08T03:55:47Z",98.7
"Josh","2026-06-10 09:10:30","2026-06-07","2026-06-08T03:56:47Z",98.8
"Josh","2026-06-10 09:10:30","2026-06-07","2026-06-08T03:57:47Z",98.8
"Josh","2026-06-10 09:10:30","2026-06-07","2026-06-08T03:58:47Z",98.8
"Josh","2026-06-10 09:10:30","2026-06-07","2026-06-08T03:59:47Z",98.7
"Josh","2026-06-10 09:10:30","2026-06-07","2026-06-08T04:00:47Z",98.7
"Josh","2026-06-10 09:10:30","2026-06-07","2026-06-08T04:01:47Z",98.8
"Josh","2026-06-10 09:10:30","2026-06-07","2026-06-08T04:02:47Z",98.7
"Josh","2026-06-10 09:10:30","2026-06-07","2026-06-08T04:03:47Z",98.7
"Josh","2026-06-10 09:10:30","2026-06-07","2026-06-08T04:04:47Z",98.7
"Josh","2026-06-10 09:10:30","2026-06-07","2026-06-08T04:05:47Z",98.7
"Josh","2026-06-10 09:10:30","2026-06-07","2026-06-08T04:06:47Z",98.8
"Josh","2026-06-10 09:10:30","2026-06-07","2026-06-08T04:07:47Z",98.7
"Josh","2026-06-10 09:10:30","2026-06-07","2026-06-08T04:08:47Z",98.7
"Josh","2026-06-10 09:10:30","2026-06-07","2026-06-08T04:09:47Z",98.8
"Josh","2026-06-10 09:10:30","2026-06-07","2026-06-08T04:10:47Z",98.7
"Josh","2026-06-10 09:10:30","2026-06-07","2026-06-08T04:11:47Z",98.8
"Josh","2026-06-10 09:10:30","2026-06-07","2026-06-08T04:12:47Z",98.7
"Josh","2026-06-10 09:10:30","2026-06-07","2026-06-08T04:13:47Z",98.7
"Josh","2026-06-10 09:10:30","2026-06-07","2026-06-08T04:14:47Z",98.6
"Josh","2026-06-10 09:10:30","2026-06-07","2026-06-08T04:15:47Z",98.6
"Josh","2026-06-10 09:10:30","2026-06-07","2026-06-08T04:16:47Z",98.5
"Josh","2026-06-10 09:10:30","2026-06-07","2026-06-08T04:17:47Z",98.5
"Josh","2026-06-10 09:10:30","2026-06-07","2026-06-08T04:18:47Z",98.4
"Josh","2026-06-10 09:10:30","2026-06-07","2026-06-08T04:19:47Z",98.4
"Josh","2026-06-10 09:10:30","2026-06-07","2026-06-08T04:20:47Z",98.3
"Josh","2026-06-10 09:10:30","2026-06-07","2026-06-08T04:21:47Z",98.3
"Josh","2026-06-10 09:10:30","2026-06-07","2026-06-08T04:22:47Z",98.2
"Josh","2026-06-10 09:10:30","2026-06-07","2026-06-08T04:23:47Z",98.2
"Josh","2026-06-10 09:10:30","2026-06-07","2026-06-08T04:24:47Z",98.2
"Josh","2026-06-10 09:10:30","2026-06-07","2026-06-08T04:25:47Z",98.1
"Josh","2026-06-10 09:10:30","2026-06-07","2026-06-08T04:26:47Z",98.1
"Josh","2026-06-10 09:10:30","2026-06-07","2026-06-08T04:27:47Z",98.0
"Josh","2026-06-10 09:10:30","2026-06-07","2026-06-08T04:28:47Z",98.0
"Josh","2026-06-10 09:10:30","2026-06-07","2026-06-08T04:29:47Z",97.9
"Josh","2026-06-10 09:10:30","2026-06-07","2026-06-08T04:30:47Z",97.9
"Josh","2026-06-10 09:10:30","2026-06-07","2026-06-08T04:31:47Z",97.8
"Josh","2026-06-10 09:10:30","2026-06-07","2026-06-08T04:32:47Z",97.8
"Josh","2026-06-10 09:10:30","2026-06-07","2026-06-08T04:33:47Z",97.7
"Josh","2026-06-10 09:10:30","2026-06-07","2026-06-08T04:34:47Z",97.7
"Josh","2026-06-10 09:10:30","2026-06-07","2026-06-08T04:35:47Z",97.5
"Josh","2026-06-10 09:10:30","2026-06-07","2026-06-08T04:36:47Z",97.4
"Josh","2026-06-10 09:10:30","2026-06-07","2026-06-08T04:37:47Z",97.3
"Josh","2026-06-10 09:10:30","2026-06-07","2026-06-08T04:38:47Z",97.2
"Josh","2026-06-10 09:10:30","2026-06-07","2026-06-08T04:39:47Z",97.1
"Josh","2026-06-10 09:10:30","2026-06-07","2026-06-08T04:40:47Z",96.7
"Josh","2026-06-10 09:10:30","2026-06-07","2026-06-08T04:41:47Z",96.7
"Josh","2026-06-10 09:10:30","2026-06-07","2026-06-08T04:42:47Z",96.8
"Josh","2026-06-10 09:10:30","2026-06-07","2026-06-08T04:43:47Z",96.9
"Josh","2026-06-10 09:10:30","2026-06-07","2026-06-08T04:44:47Z",96.9
"Josh","2026-06-10 09:10:30","2026-06-07","2026-06-08T04:45:47Z",96.9
"Josh","2026-06-10 09:10:30","2026-06-07","2026-06-08T04:46:47Z",96.9
"Josh","2026-06-10 09:10:30","2026-06-07","2026-06-08T04:47:47Z",97.0
"Josh","2026-06-10 09:10:30","2026-06-07","2026-06-08T04:48:47Z",97.0
"Josh","2026-06-10 09:10:30","2026-06-07","2026-06-08T04:49:47Z",97.1
"Josh","2026-06-10 09:10:30","2026-06-07","2026-06-08T04:50:47Z",97.0
"Josh","2026-06-10 09:10:30","2026-06-07","2026-06-08T04:51:47Z",96.9
"Josh","2026-06-10 09:10:30","2026-06-07","2026-06-08T04:52:47Z",97.0
"Josh","2026-06-10 09:10:30","2026-06-07","2026-06-08T04:53:47Z",97.1
"Josh","2026-06-10 09:10:30","2026-06-07","2026-06-08T04:54:47Z",97.2
"Josh","2026-06-10 09:10:30","2026-06-07","2026-06-08T04:55:47Z",97.3
"Josh","2026-06-10 09:10:30","2026-06-07","2026-06-08T04:56:47Z",97.4
"Josh","2026-06-10 09:10:30","2026-06-07","2026-06-08T04:57:47Z",97.4
"Josh","2026-06-10 09:10:30","2026-06-07","2026-06-08T04:58:47Z",97.5
"Josh","2026-06-10 09:10:30","2026-06-07","2026-06-08T04:59:47Z",97.5
"Josh","2026-06-10 09:10:30","2026-06-07","2026-06-08T05:00:47Z",97.6
"Josh","2026-06-10 09:10:30","2026-06-07","2026-06-08T05:01:47Z",97.7
"Josh","2026-06-10 09:10:30","2026-06-07","2026-06-08T05:02:47Z",97.7
"Josh","2026-06-10 09:10:30","2026-06-07","2026-06-08T05:03:47Z",97.8
"Josh","2026-06-10 09:10:30","2026-06-07","2026-06-08T05:04:47Z",97.8
"Josh","2026-06-10 09:10:30","2026-06-07","2026-06-08T05:05:47Z",97.9
"Josh","2026-06-10 09:10:30","2026-06-07","2026-06-08T05:06:47Z",97.9
"Josh","2026-06-10 09:10:30","2026-06-07","2026-06-08T05:07:47Z",98.0
"Josh","2026-06-10 09:10:30","2026-06-07","2026-06-08T05:08:47Z",98.0
"Josh","2026-06-10 09:10:30","2026-06-07","2026-06-08T05:09:47Z",98.0
"Josh","2026-06-10 09:10:30","2026-06-07","2026-06-08T05:10:47Z",98.1
"Josh","2026-06-10 09:10:30","2026-06-07","2026-06-08T05:11:47Z",98.1
"Josh","2026-06-10 09:10:30","2026-06-07","2026-06-08T05:12:47Z",98.2
"Josh","2026-06-10 09:10:30","2026-06-07","2026-06-08T05:13:47Z",98.2
"Josh","2026-06-10 09:10:30","2026-06-07","2026-06-08T05:14:47Z",98.3
"Josh","2026-06-10 09:10:30","2026-06-07","2026-06-08T05:15:47Z",98.5
"Josh","2026-06-10 09:10:30","2026-06-07","2026-06-08T05:16:47Z",98.6
"Josh","2026-06-10 09:10:30","2026-06-07","2026-06-08T05:17:47Z",98.5
"Josh","2026-06-10 09:10:30","2026-06-07","2026-06-08T05:18:47Z",98.5
"Josh","2026-06-10 09:10:30","2026-06-07","2026-06-08T05:19:47Z",98.6
"Josh","2026-06-10 09:10:30","2026-06-07","2026-06-08T05:20:47Z",98.6
"Josh","2026-06-10 09:10:30","2026-06-07","2026-06-08T05:21:47Z",98.7
"Josh","2026-06-10 09:10:30","2026-06-07","2026-06-08T05:22:47Z",50.0
"Josh","2026-06-10 09:10:30","2026-06-07","2026-06-08T05:23:47Z",98.8
"Josh","2026-06-10 09:10:30","2026-06-07","2026-06-08T05:24:47Z",98.5
"Josh","2026-06-10 09:10:30","2026-06-07","2026-06-08T05:25:47Z",98.5
"Josh","2026-06-10 09:10:30","2026-06-07","2026-06-08T05:26:47Z",98.6
"Josh","2026-06-10 09:10:30","2026-06-07","2026-06-08T05:27:47Z",98.7
"Josh","2026-06-10 09:10:30","2026-06-07","2026-06-08T05:28:47Z",98.8
"Josh","2026-06-10 09:10:30","2026-06-07","2026-06-08T05:29:47Z",98.7
"Josh","2026-06-10 09:10:30","2026-06-07","2026-06-08T05:30:47Z",98.7
"Josh","2026-06-10 09:10:30","2026-06-07","2026-06-08T05:31:47Z",98.7
"Josh","2026-06-10 09:10:30","2026-06-07","2026-06-08T05:32:47Z",98.7
"Josh","2026-06-10 09:10:30","2026-06-07","2026-06-08T05:33:47Z",98.7
"Josh","2026-06-10 09:10:30","2026-06-07","2026-06-08T05:34:47Z",98.7
"Josh","2026-06-10 09:10:30","2026-06-07","2026-06-08T05:35:47Z",98.6
"Josh","2026-06-10 09:10:30","2026-06-07","2026-06-08T05:36:47Z",98.7
"Josh","2026-06-10 09:10:30","2026-06-07","2026-06-08T05:37:47Z",98.7
"Josh","2026-06-10 09:10:30","2026-06-07","2026-06-08T05:38:47Z",98.8
"Josh","2026-06-10 09:10:30","2026-06-07","2026-06-08T05:39:47Z",98.8
"Josh","2026-06-10 09:10:30","2026-06-07","2026-06-08T05:40:47Z",98.9
"Josh","2026-06-10 09:10:30","2026-06-07","2026-06-08T05:41:47Z",98.8
"Josh","2026-06-10 09:10:30","2026-06-07","2026-06-08T05:42:47Z",98.7
"Josh","2026-06-10 09:10:30","2026-06-07","2026-06-08T05:43:47Z",98.7
"Josh","2026-06-10 09:10:30","2026-06-07","2026-06-08T05:44:47Z",98.6
"Josh","2026-06-10 09:10:30","2026-06-07","2026-06-08T05:45:47Z",98.6
"Josh","2026-06-10 09:10:30","2026-06-07","2026-06-08T05:46:47Z",98.5
"Josh","2026-06-10 09:10:30","2026-06-07","2026-06-08T05:47:47Z",98.5
"Josh","2026-06-10 09:10:30","2026-06-07","2026-06-08T05:48:47Z",98.4
"Josh","2026-06-10 09:10:30","2026-06-07","2026-06-08T05:49:47Z",98.4
"Josh","2026-06-10 09:10:30","2026-06-07","2026-06-08T05:50:47Z",98.3
"Josh","2026-06-10 09:10:30","2026-06-07","2026-06-08T05:51:47Z",98.3
"Josh","2026-06-10 09:10:30","2026-06-07","2026-06-08T05:52:47Z",98.2
"Josh","2026-06-10 09:10:30","2026-06-07","2026-06-08T05:53:47Z",98.2
"Josh","2026-06-10 09:10:30","2026-06-07","2026-06-08T05:54:47Z",98.2
"Josh","2026-06-10 09:10:30","2026-06-07","2026-06-08T05:55:47Z",98.1
"Josh","2026-06-10 09:10:30","2026-06-07","2026-06-08T05:56:47Z",98.1
"Josh","2026-06-10 09:10:30","2026-06-07","2026-06-08T05:57:47Z",98.0
"Josh","2026-06-10 09:10:30","2026-06-07","2026-06-08T05:58:47Z",98.0
"Josh","2026-06-10 09:10:30","2026-06-07","2026-06-08T05:59:47Z",97.9
"Josh","2026-06-10 09:10:30","2026-06-07","2026-06-08T06:00:47Z",97.9
"Josh","2026-06-10 09:10:30","2026-06-07","2026-06-08T06:01:47Z",97.8
"Josh","2026-06-10 09:10:30","2026-06-07","2026-06-08T06:02:47Z",97.8
"Josh","2026-06-10 09:10:30","2026-06-07","2026-06-08T06:03:47Z",97.7
"Josh","2026-06-10 09:10:30","2026-06-07","2026-06-08T06:04:47Z",97.7
"Josh","2026-06-10 09:10:30","2026-06-07","2026-06-08T06:05:47Z",97.6
"Josh","2026-06-10 09:10:30","2026-06-07","2026-06-08T06:06:47Z",97.6
"Josh","2026-06-10 09:10:30","2026-06-07","2026-06-08T06:07:47Z",97.4
"Josh","2026-06-10 09:10:30","2026-06-07","2026-06-08T06:08:47Z",97.4
"Josh","2026-06-10 09:10:30","2026-06-07","2026-06-08T06:09:47Z",97.3
"Josh","2026-06-10 09:10:30","2026-06-07","2026-06-08T06:10:47Z",97.3
"Josh","2026-06-10 09:10:30","2026-06-07","2026-06-08T06:11:47Z",97.3
"Josh","2026-06-10 09:10:30","2026-06-07","2026-06-08T06:12:47Z",97.3
"Josh","2026-06-10 09:10:30","2026-06-07","2026-06-08T06:13:47Z",97.2
"Josh","2026-06-10 09:10:30","2026-06-07","2026-06-08T06:14:47Z",97.1
"Josh","2026-06-10 09:10:30","2026-06-07","2026-06-08T06:15:47Z",97.2
"Josh","2026-06-10 09:10:30","2026-06-07","2026-06-08T06:16:47Z",97.1
"Josh","2026-06-10 09:10:30","2026-06-07","2026-06-08T06:17:47Z",97.1
"Josh","2026-06-10 09:10:30","2026-06-07","2026-06-08T06:18:47Z",97.1
"Josh","2026-06-10 09:10:30","2026-06-07","2026-06-08T06:19:47Z",97.2
"Josh","2026-06-10 09:10:30","2026-06-07","2026-06-08T06:20:47Z",97.2
"Josh","2026-06-10 09:10:30","2026-06-07","2026-06-08T06:21:47Z",97.2
"Josh","2026-06-10 09:10:30","2026-06-07","2026-06-08T06:22:47Z",97.2
"Josh","2026-06-10 09:10:30","2026-06-07","2026-06-08T06:23:47Z",97.3
"Josh","2026-06-10 09:10:30","2026-06-07","2026-06-08T06:24:47Z",97.3
"Josh","2026-06-10 09:10:30","2026-06-07","2026-06-08T06:25:47Z",97.4
"Josh","2026-06-10 09:10:30","2026-06-07","2026-06-08T06:26:47Z",97.4
"Josh","2026-06-10 09:10:30","2026-06-07","2026-06-08T06:27:47Z",50.0
"Josh","2026-06-10 09:10:30","2026-06-07","2026-06-08T06:28:47Z",97.5
"Josh","2026-06-10 09:10:30","2026-06-07","2026-06-08T06:29:47Z",97.6
"Josh","2026-06-10 09:10:30","2026-06-07","2026-06-08T06:30:47Z",97.6
"Josh","2026-06-10 09:10:30","2026-06-07","2026-06-08T06:31:47Z",97.7
"Josh","2026-06-10 09:10:30","2026-06-07","2026-06-08T06:32:47Z",97.7
"Josh","2026-06-10 09:10:30","2026-06-07","2026-06-08T06:33:47Z",97.8
"Josh","2026-06-10 09:10:30","2026-06-07","2026-06-08T06:34:47Z",97.8
"Josh","2026-06-10 09:10:30","2026-06-07","2026-06-08T06:35:47Z",97.9
"Josh","2026-06-10 09:10:30","2026-06-07","2026-06-08T06:36:47Z",97.9
"Josh","2026-06-10 09:10:30","2026-06-07","2026-06-08T06:37:47Z",98.0
"Josh","2026-06-10 09:10:30","2026-06-07","2026-06-08T06:38:47Z",98.0
"Josh","2026-06-10 09:10:30","2026-06-07","2026-06-08T06:39:47Z",98.1
"Josh","2026-06-10 09:10:30","2026-06-07","2026-06-08T06:40:47Z",98.1
"Josh","2026-06-10 09:10:30","2026-06-07","2026-06-08T06:41:47Z",98.1
"Josh","2026-06-10 09:10:30","2026-06-07","2026-06-08T06:42:47Z",98.2
"Josh","2026-06-10 09:10:30","2026-06-07","2026-06-08T06:43:47Z",98.2
"Josh","2026-06-10 09:10:30","2026-06-07","2026-06-08T06:44:47Z",98.3
"Josh","2026-06-10 09:10:30","2026-06-07","2026-06-08T06:45:47Z",98.4
"Josh","2026-06-10 09:10:30","2026-06-07","2026-06-08T06:46:47Z",98.5
"Josh","2026-06-10 09:10:30","2026-06-07","2026-06-08T06:47:47Z",98.6
"Josh","2026-06-10 09:10:30","2026-06-07","2026-06-08T06:48:47Z",98.5
"Josh","2026-06-10 09:10:30","2026-06-07","2026-06-08T06:49:47Z",98.6
"Josh","2026-06-10 09:10:30","2026-06-07","2026-06-08T06:50:47Z",98.6
"Josh","2026-06-10 09:10:30","2026-06-07","2026-06-08T06:51:47Z",98.5
"Josh","2026-06-10 09:10:30","2026-06-07","2026-06-08T06:52:47Z",98.6
"Josh","2026-06-10 09:10:30","2026-06-07","2026-06-08T06:53:47Z",98.6
"Josh","2026-06-10 09:10:30","2026-06-07","2026-06-08T06:54:47Z",98.6
"Josh","2026-06-10 09:10:30","2026-06-07","2026-06-08T06:55:47Z",98.7
"Josh","2026-06-10 09:10:30","2026-06-07","2026-06-08T06:56:47Z",98.8
"Josh","2026-06-10 09:10:30","2026-06-07","2026-06-08T06:57:47Z",98.8
"Josh","2026-06-10 09:10:30","2026-06-07","2026-06-08T06:58:47Z",98.8
"Josh","2026-06-10 09:10:30","2026-06-07","2026-06-08T06:59:47Z",98.9
"Josh","2026-06-10 09:10:30","2026-06-07","2026-06-08T07:00:47Z",98.8
"Josh","2026-06-10 09:10:30","2026-06-07","2026-06-08T07:01:47Z",98.9
"Josh","2026-06-10 09:10:30","2026-06-07","2026-06-08T07:02:47Z",98.9
"Josh","2026-06-10 09:10:30","2026-06-07","2026-06-08T07:03:47Z",98.8
"Josh","2026-06-10 09:10:30","2026-06-07","2026-06-08T07:04:47Z",98.8
"Josh","2026-06-10 09:10:30","2026-06-07","2026-06-08T07:05:47Z",98.9
"Josh","2026-06-10 09:10:30","2026-06-07","2026-06-08T07:06:47Z",98.6
"Josh","2026-06-10 09:10:30","2026-06-07","2026-06-08T07:07:47Z",98.7
"Josh","2026-06-10 09:10:30","2026-06-07","2026-06-08T07:08:47Z",98.6
"Josh","2026-06-10 09:10:30","2026-06-07","2026-06-08T07:09:47Z",98.7
"Josh","2026-06-10 09:10:30","2026-06-07","2026-06-08T07:10:47Z",98.7
"Josh","2026-06-10 09:10:30","2026-06-07","2026-06-08T07:11:47Z",98.7
"Josh","2026-06-10 09:10:30","2026-06-07","2026-06-08T07:12:47Z",98.7
"Josh","2026-06-10 09:10:30","2026-06-07","2026-06-08T07:13:47Z",98.6
"Josh","2026-06-10 09:10:30","2026-06-07","2026-06-08T07:14:47Z",98.6
"Josh","2026-06-10 09:10:30","2026-06-07","2026-06-08T07:15:47Z",98.5
"Josh","2026-06-10 09:10:30","2026-06-07","2026-06-08T07:16:47Z",98.5
"Josh","2026-06-10 09:10:30","2026-06-07","2026-06-08T07:17:47Z",98.5
"Josh","2026-06-10 09:10:30","2026-06-07","2026-06-08T07:18:47Z",98.4
"Josh","2026-06-10 09:10:30","2026-06-07","2026-06-08T07:19:47Z",98.4
"Josh","2026-06-10 09:10:30","2026-06-07","2026-06-08T07:20:47Z",98.3
"Josh","2026-06-10 09:10:30","2026-06-07","2026-06-08T07:21:47Z",98.3
"Josh","2026-06-10 09:10:30","2026-06-07","2026-06-08T07:22:47Z",98.2
"Josh","2026-06-10 09:10:30","2026-06-07","2026-06-08T07:23:47Z",98.2
"Josh","2026-06-10 09:10:30","2026-06-07","2026-06-08T07:24:47Z",98.1
"Josh","2026-06-10 09:10:30","2026-06-07","2026-06-08T07:25:47Z",98.1
"Josh","2026-06-10 09:10:30","2026-06-07","2026-06-08T07:26:47Z",98.1
"Josh","2026-06-10 09:10:30","2026-06-07","2026-06-08T07:27:47Z",98.0
"Josh","2026-06-10 09:10:30","2026-06-07","2026-06-08T07:28:47Z",98.0
"Josh","2026-06-10 09:10:30","2026-06-07","2026-06-08T07:29:47Z",97.9
"Josh","2026-06-10 09:10:30","2026-06-07","2026-06-08T07:30:47Z",97.9
"Josh","2026-06-10 09:10:30","2026-06-07","2026-06-08T07:31:47Z",97.8
"Josh","2026-06-10 09:10:30","2026-06-07","2026-06-08T07:32:47Z",97.8
"Josh","2026-06-10 09:10:30","2026-06-07","2026-06-08T07:33:47Z",97.7
"Josh","2026-06-10 09:10:30","2026-06-07","2026-06-08T07:34:47Z",97.6
"Josh","2026-06-10 09:10:30","2026-06-07","2026-06-08T07:35:47Z",97.5
"Josh","2026-06-10 09:10:30","2026-06-07","2026-06-08T07:36:47Z",97.5
"Josh","2026-06-10 09:10:30","2026-06-07","2026-06-08T07:37:47Z",97.4
"Josh","2026-06-10 09:10:30","2026-06-07","2026-06-08T07:38:47Z",97.2
"Josh","2026-06-10 09:10:30","2026-06-07","2026-06-08T07:39:47Z",97.2
"Josh","2026-06-10 09:10:30","2026-06-07","2026-06-08T07:40:47Z",97.1
"Josh","2026-06-10 09:10:30","2026-06-07","2026-06-08T07:41:47Z",97.2
"Josh","2026-06-10 09:10:30","2026-06-07","2026-06-08T07:42:47Z",97.2
"Josh","2026-06-10 09:10:30","2026-06-07","2026-06-08T07:43:47Z",97.2
"Josh","2026-06-10 09:10:30","2026-06-07","2026-06-08T07:44:47Z",97.1
"Josh","2026-06-10 09:10:30","2026-06-07","2026-06-08T07:45:47Z",97.1
"Josh","2026-06-10 09:10:30","2026-06-07","2026-06-08T07:46:47Z",97.0
"Josh","2026-06-10 09:10:30","2026-06-07","2026-06-08T07:47:47Z",97.0
"Josh","2026-06-10 09:10:30","2026-06-07","2026-06-08T07:48:47Z",96.9
"Josh","2026-06-10 09:10:30","2026-06-07","2026-06-08T07:49:47Z",96.9
"Josh","2026-06-10 09:10:30","2026-06-07","2026-06-08T07:50:47Z",96.9
"Josh","2026-06-10 09:10:30","2026-06-07","2026-06-08T07:51:47Z",97.0
"Josh","2026-06-10 09:10:30","2026-06-07","2026-06-08T07:52:47Z",97.1
"Josh","2026-06-10 09:10:30","2026-06-07","2026-06-08T07:53:47Z",97.2
"Josh","2026-06-10 09:10:30","2026-06-07","2026-06-08T07:54:47Z",97.3
"Josh","2026-06-10 09:10:30","2026-06-07","2026-06-08T07:55:47Z",97.5
"Josh","2026-06-10 09:10:30","2026-06-07","2026-06-08T07:56:47Z",97.6
"Josh","2026-06-10 09:10:30","2026-06-07","2026-06-08T07:57:47Z",97.7
"Josh","2026-06-10 09:10:30","2026-06-07","2026-06-08T07:58:47Z",97.8
"Josh","2026-06-10 09:10:30","2026-06-07","2026-06-08T07:59:47Z",97.9
"Josh","2026-06-10 09:10:30","2026-06-07","2026-06-08T08:00:47Z",98.0
"Josh","2026-06-10 09:10:30","2026-06-07","2026-06-08T08:01:47Z",98.1
"Josh","2026-06-10 09:10:30","2026-06-07","2026-06-08T08:02:47Z",98.2
"Josh","2026-06-10 09:10:30","2026-06-07","2026-06-08T08:03:47Z",98.3
"Josh","2026-06-10 09:10:30","2026-06-07","2026-06-08T08:04:47Z",98.4
"Josh","2026-06-11 10:05:59","2026-06-08","2026-06-08T22:24:42Z",98.3
"Josh","2026-06-11 10:05:59","2026-06-08","2026-06-08T22:25:42Z",98.3
"Josh","2026-06-11 10:05:59","2026-06-08","2026-06-08T22:26:42Z",98.3
"Josh","2026-06-11 10:05:59","2026-06-08","2026-06-08T22:27:42Z",98.3
"Josh","2026-06-11 10:05:59","2026-06-08","2026-06-08T22:28:42Z",98.3
"Josh","2026-06-11 10:05:59","2026-06-08","2026-06-08T22:29:42Z",98.3
"Josh","2026-06-11 10:05:59","2026-06-08","2026-06-08T22:30:42Z",98.3
"Josh","2026-06-11 10:05:59","2026-06-08","2026-06-08T22:31:42Z",98.3
"Josh","2026-06-11 10:05:59","2026-06-08","2026-06-08T22:32:42Z",98.3
"Josh","2026-06-11 10:05:59","2026-06-08","2026-06-08T22:33:42Z",98.3
"Josh","2026-06-11 10:05:59","2026-06-08","2026-06-08T22:34:42Z",98.3
"Josh","2026-06-11 10:05:59","2026-06-08","2026-06-08T22:35:42Z",98.3
"Josh","2026-06-11 10:05:59","2026-06-08","2026-06-08T22:36:42Z",98.3
"Josh","2026-06-11 10:05:59","2026-06-08","2026-06-08T22:37:42Z",98.2
"Josh","2026-06-11 10:05:59","2026-06-08","2026-06-08T22:38:42Z",98.2
"Josh","2026-06-11 10:05:59","2026-06-08","2026-06-08T22:39:42Z",98.2
"Josh","2026-06-11 10:05:59","2026-06-08","2026-06-08T22:40:42Z",98.3
"Josh","2026-06-11 10:05:59","2026-06-08","2026-06-08T22:41:42Z",98.3
"Josh","2026-06-11 10:05:59","2026-06-08","2026-06-08T22:42:42Z",98.3
"Josh","2026-06-11 10:05:59","2026-06-08","2026-06-08T22:43:42Z",98.3
"Josh","2026-06-11 10:05:59","2026-06-08","2026-06-08T22:44:42Z",98.3
"Josh","2026-06-11 10:05:59","2026-06-08","2026-06-08T22:45:42Z",98.3
"Josh","2026-06-11 10:05:59","2026-06-08","2026-06-08T22:46:42Z",98.4
"Josh","2026-06-11 10:05:59","2026-06-08","2026-06-08T22:47:42Z",98.4
"Josh","2026-06-11 10:05:59","2026-06-08","2026-06-08T22:48:42Z",98.4
"Josh","2026-06-11 10:05:59","2026-06-08","2026-06-08T22:49:42Z",98.4
"Josh","2026-06-11 10:05:59","2026-06-08","2026-06-08T22:50:42Z",98.4
"Josh","2026-06-11 10:05:59","2026-06-08","2026-06-08T22:51:42Z",98.5
"Josh","2026-06-11 10:05:59","2026-06-08","2026-06-08T22:52:42Z",98.6
"Josh","2026-06-11 10:05:59","2026-06-08","2026-06-08T22:53:42Z",98.6
"Josh","2026-06-11 10:05:59","2026-06-08","2026-06-08T22:54:42Z",98.6
"Josh","2026-06-11 10:05:59","2026-06-08","2026-06-08T22:55:42Z",98.7
"Josh","2026-06-11 10:05:59","2026-06-08","2026-06-08T22:56:42Z",98.7
"Josh","2026-06-11 10:05:59","2026-06-08","2026-06-08T22:57:42Z",98.6
"Josh","2026-06-11 10:05:59","2026-06-08","2026-06-08T22:58:42Z",98.6
"Josh","2026-06-11 10:05:59","2026-06-08","2026-06-08T22:59:42Z",98.5
"Josh","2026-06-11 10:05:59","2026-06-08","2026-06-08T23:00:42Z",98.5
"Josh","2026-06-11 10:05:59","2026-06-08","2026-06-08T23:01:42Z",98.5
"Josh","2026-06-11 10:05:59","2026-06-08","2026-06-08T23:02:42Z",98.4
"Josh","2026-06-11 10:05:59","2026-06-08","2026-06-08T23:03:42Z",98.4
"Josh","2026-06-11 10:05:59","2026-06-08","2026-06-08T23:04:42Z",98.5
"Josh","2026-06-11 10:05:59","2026-06-08","2026-06-08T23:05:42Z",98.4
"Josh","2026-06-11 10:05:59","2026-06-08","2026-06-08T23:06:42Z",98.6
"Josh","2026-06-11 10:05:59","2026-06-08","2026-06-08T23:07:42Z",98.6
"Josh","2026-06-11 10:05:59","2026-06-08","2026-06-08T23:08:42Z",98.7
"Josh","2026-06-11 10:05:59","2026-06-08","2026-06-08T23:09:42Z",98.7
"Josh","2026-06-11 10:05:59","2026-06-08","2026-06-08T23:10:42Z",98.6
"Josh","2026-06-11 10:05:59","2026-06-08","2026-06-08T23:11:42Z",98.7
"Josh","2026-06-11 10:05:59","2026-06-08","2026-06-08T23:12:42Z",98.7
"Josh","2026-06-11 10:05:59","2026-06-08","2026-06-08T23:13:42Z",98.8
"Josh","2026-06-11 10:05:59","2026-06-08","2026-06-08T23:14:42Z",98.8
"Josh","2026-06-11 10:05:59","2026-06-08","2026-06-08T23:15:42Z",98.7
"Josh","2026-06-11 10:05:59","2026-06-08","2026-06-08T23:16:42Z",98.6
"Josh","2026-06-11 10:05:59","2026-06-08","2026-06-08T23:17:42Z",98.6
"Josh","2026-06-11 10:05:59","2026-06-08","2026-06-08T23:18:42Z",98.5
"Josh","2026-06-11 10:05:59","2026-06-08","2026-06-08T23:19:42Z",98.5
"Josh","2026-06-11 10:05:59","2026-06-08","2026-06-08T23:20:42Z",98.4
"Josh","2026-06-11 10:05:59","2026-06-08","2026-06-08T23:21:42Z",98.4
"Josh","2026-06-11 10:05:59","2026-06-08","2026-06-08T23:22:42Z",98.3
"Josh","2026-06-11 10:05:59","2026-06-08","2026-06-08T23:23:42Z",98.3
"Josh","2026-06-11 10:05:59","2026-06-08","2026-06-08T23:24:42Z",98.2
"Josh","2026-06-11 10:05:59","2026-06-08","2026-06-08T23:25:42Z",98.2
"Josh","2026-06-11 10:05:59","2026-06-08","2026-06-08T23:26:42Z",98.2
"Josh","2026-06-11 10:05:59","2026-06-08","2026-06-08T23:27:42Z",98.1
"Josh","2026-06-11 10:05:59","2026-06-08","2026-06-08T23:28:42Z",98.1
"Josh","2026-06-11 10:05:59","2026-06-08","2026-06-08T23:29:42Z",98.0
"Josh","2026-06-11 10:05:59","2026-06-08","2026-06-08T23:30:42Z",98.0
"Josh","2026-06-11 10:05:59","2026-06-08","2026-06-08T23:31:42Z",97.9
"Josh","2026-06-11 10:05:59","2026-06-08","2026-06-08T23:32:42Z",97.9
"Josh","2026-06-11 10:05:59","2026-06-08","2026-06-08T23:33:42Z",97.8
"Josh","2026-06-11 10:05:59","2026-06-08","2026-06-08T23:34:42Z",97.8
"Josh","2026-06-11 10:05:59","2026-06-08","2026-06-08T23:35:42Z",97.7
"Josh","2026-06-11 10:05:59","2026-06-08","2026-06-08T23:36:42Z",97.6
"Josh","2026-06-11 10:05:59","2026-06-08","2026-06-08T23:37:42Z",97.6
"Josh","2026-06-11 10:05:59","2026-06-08","2026-06-08T23:38:42Z",97.5
"Josh","2026-06-11 10:05:59","2026-06-08","2026-06-08T23:39:42Z",97.5
"Josh","2026-06-11 10:05:59","2026-06-08","2026-06-08T23:40:42Z",97.3
"Josh","2026-06-11 10:05:59","2026-06-08","2026-06-08T23:41:42Z",97.3
"Josh","2026-06-11 10:05:59","2026-06-08","2026-06-08T23:42:42Z",97.2
"Josh","2026-06-11 10:05:59","2026-06-08","2026-06-08T23:43:42Z",97.1
"Josh","2026-06-11 10:05:59","2026-06-08","2026-06-08T23:44:42Z",97.1
"Josh","2026-06-11 10:05:59","2026-06-08","2026-06-08T23:45:42Z",97.1
"Josh","2026-06-11 10:05:59","2026-06-08","2026-06-08T23:46:42Z",97.1
"Josh","2026-06-11 10:05:59","2026-06-08","2026-06-08T23:47:42Z",97.0
"Josh","2026-06-11 10:05:59","2026-06-08","2026-06-08T23:48:42Z",97.0
"Josh","2026-06-11 10:05:59","2026-06-08","2026-06-08T23:49:42Z",97.1
"Josh","2026-06-11 10:05:59","2026-06-08","2026-06-08T23:50:42Z",97.1
"Josh","2026-06-11 10:05:59","2026-06-08","2026-06-08T23:51:42Z",97.0
"Josh","2026-06-11 10:05:59","2026-06-08","2026-06-08T23:52:42Z",97.0
"Josh","2026-06-11 10:05:59","2026-06-08","2026-06-08T23:53:42Z",97.1
"Josh","2026-06-11 10:05:59","2026-06-08","2026-06-08T23:54:42Z",97.1
"Josh","2026-06-11 10:05:59","2026-06-08","2026-06-08T23:55:42Z",97.2
"Josh","2026-06-11 10:05:59","2026-06-08","2026-06-08T23:56:42Z",97.3
"Josh","2026-06-11 10:05:59","2026-06-08","2026-06-08T23:57:42Z",97.3
"Josh","2026-06-11 10:05:59","2026-06-08","2026-06-08T23:58:42Z",97.4
"Josh","2026-06-11 10:05:59","2026-06-08","2026-06-08T23:59:42Z",97.5
"Josh","2026-06-11 10:05:59","2026-06-08","2026-06-09T00:00:42Z",97.5
"Josh","2026-06-11 10:05:59","2026-06-08","2026-06-09T00:01:42Z",97.6
"Josh","2026-06-11 10:05:59","2026-06-08","2026-06-09T00:02:42Z",97.6
"Josh","2026-06-11 10:05:59","2026-06-08","2026-06-09T00:03:42Z",97.7
"Josh","2026-06-11 10:05:59","2026-06-08","2026-06-09T00:04:42Z",97.7
"Josh","2026-06-11 10:05:59","2026-06-08","2026-06-09T00:05:42Z",97.8
"Josh","2026-06-11 10:05:59","2026-06-08","2026-06-09T00:06:42Z",97.8
"Josh","2026-06-11 10:05:59","2026-06-08","2026-06-09T00:07:42Z",97.9
"Josh","2026-06-11 10:05:59","2026-06-08","2026-06-09T00:08:42Z",97.9
"Josh","2026-06-11 10:05:59","2026-06-08","2026-06-09T00:09:42Z",98.0
"Josh","2026-06-11 10:05:59","2026-06-08","2026-06-09T00:10:42Z",98.0
"Josh","2026-06-11 10:05:59","2026-06-08","2026-06-09T00:11:42Z",98.0
"Josh","2026-06-11 10:05:59","2026-06-08","2026-06-09T00:12:42Z",98.1
"Josh","2026-06-11 10:05:59","2026-06-08","2026-06-09T00:13:42Z",98.1
"Josh","2026-06-11 10:05:59","2026-06-08","2026-06-09T00:14:42Z",98.2
"Josh","2026-06-11 10:05:59","2026-06-08","2026-06-09T00:15:42Z",98.2
"Josh","2026-06-11 10:05:59","2026-06-08","2026-06-09T00:16:42Z",50.0
"Josh","2026-06-11 10:05:59","2026-06-08","2026-06-09T00:17:42Z",98.4
"Josh","2026-06-11 10:05:59","2026-06-08","2026-06-09T00:18:42Z",98.4
"Josh","2026-06-11 10:05:59","2026-06-08","2026-06-09T00:19:42Z",98.4
"Josh","2026-06-11 10:05:59","2026-06-08","2026-06-09T00:20:42Z",98.4
"Josh","2026-06-11 10:05:59","2026-06-08","2026-06-09T00:21:42Z",98.6
"Josh","2026-06-11 10:05:59","2026-06-08","2026-06-09T00:22:42Z",98.5
"Josh","2026-06-11 10:05:59","2026-06-08","2026-06-09T00:23:42Z",98.6
"Josh","2026-06-11 10:05:59","2026-06-08","2026-06-09T00:24:42Z",98.6
"Josh","2026-06-11 10:05:59","2026-06-08","2026-06-09T00:25:42Z",98.6
"Josh","2026-06-11 10:05:59","2026-06-08","2026-06-09T00:26:42Z",98.8
"Josh","2026-06-11 10:05:59","2026-06-08","2026-06-09T00:27:42Z",98.8
"Josh","2026-06-11 10:05:59","2026-06-08","2026-06-09T00:28:42Z",50.0
"Josh","2026-06-11 10:05:59","2026-06-08","2026-06-09T00:29:42Z",98.6
"Josh","2026-06-11 10:05:59","2026-06-08","2026-06-09T00:30:42Z",98.7
"Josh","2026-06-11 10:05:59","2026-06-08","2026-06-09T00:31:42Z",98.7
"Josh","2026-06-11 10:05:59","2026-06-08","2026-06-09T00:32:42Z",98.7
"Josh","2026-06-11 10:05:59","2026-06-08","2026-06-09T00:33:42Z",98.8
"Josh","2026-06-11 10:05:59","2026-06-08","2026-06-09T00:34:42Z",98.8
"Josh","2026-06-11 10:05:59","2026-06-08","2026-06-09T00:35:42Z",98.7
"Josh","2026-06-11 10:05:59","2026-06-08","2026-06-09T00:36:42Z",98.7
"Josh","2026-06-11 10:05:59","2026-06-08","2026-06-09T00:37:42Z",98.6
"Josh","2026-06-11 10:05:59","2026-06-08","2026-06-09T00:38:42Z",98.6
"Josh","2026-06-11 10:05:59","2026-06-08","2026-06-09T00:39:42Z",98.6
"Josh","2026-06-11 10:05:59","2026-06-08","2026-06-09T00:40:42Z",98.7
"Josh","2026-06-11 10:05:59","2026-06-08","2026-06-09T00:41:42Z",98.6
"Josh","2026-06-11 10:05:59","2026-06-08","2026-06-09T00:42:42Z",98.6
"Josh","2026-06-11 10:05:59","2026-06-08","2026-06-09T00:43:42Z",98.5
"Josh","2026-06-11 10:05:59","2026-06-08","2026-06-09T00:44:42Z",98.5
"Josh","2026-06-11 10:05:59","2026-06-08","2026-06-09T00:45:42Z",98.5
"Josh","2026-06-11 10:05:59","2026-06-08","2026-06-09T00:46:42Z",98.5
"Josh","2026-06-11 10:05:59","2026-06-08","2026-06-09T00:47:42Z",98.5
"Josh","2026-06-11 10:05:59","2026-06-08","2026-06-09T00:48:42Z",98.4
"Josh","2026-06-11 10:05:59","2026-06-08","2026-06-09T00:49:42Z",98.4
"Josh","2026-06-11 10:05:59","2026-06-08","2026-06-09T00:50:42Z",98.4
"Josh","2026-06-11 10:05:59","2026-06-08","2026-06-09T00:51:42Z",98.3
"Josh","2026-06-11 10:05:59","2026-06-08","2026-06-09T00:52:42Z",98.3
"Josh","2026-06-11 10:05:59","2026-06-08","2026-06-09T00:53:42Z",98.3
"Josh","2026-06-11 10:05:59","2026-06-08","2026-06-09T00:54:42Z",98.2
"Josh","2026-06-11 10:05:59","2026-06-08","2026-06-09T00:55:42Z",98.2
"Josh","2026-06-11 10:05:59","2026-06-08","2026-06-09T00:56:42Z",98.0
"Josh","2026-06-11 10:05:59","2026-06-08","2026-06-09T00:57:42Z",98.0
"Josh","2026-06-11 10:05:59","2026-06-08","2026-06-09T00:58:42Z",97.9
"Josh","2026-06-11 10:05:59","2026-06-08","2026-06-09T00:59:42Z",97.9
"Josh","2026-06-11 10:05:59","2026-06-08","2026-06-09T01:00:42Z",97.9
"Josh","2026-06-11 10:05:59","2026-06-08","2026-06-09T01:01:42Z",97.9
"Josh","2026-06-11 10:05:59","2026-06-08","2026-06-09T01:02:42Z",97.8
"Josh","2026-06-11 10:05:59","2026-06-08","2026-06-09T01:03:42Z",97.5
"Josh","2026-06-11 10:05:59","2026-06-08","2026-06-09T01:04:42Z",97.5
"Josh","2026-06-11 10:05:59","2026-06-08","2026-06-09T01:05:42Z",97.5
"Josh","2026-06-11 10:05:59","2026-06-08","2026-06-09T01:06:42Z",97.3
"Josh","2026-06-11 10:05:59","2026-06-08","2026-06-09T01:07:42Z",97.2
"Josh","2026-06-11 10:05:59","2026-06-08","2026-06-09T01:08:42Z",97.1
"Josh","2026-06-11 10:05:59","2026-06-08","2026-06-09T01:09:42Z",97.1
"Josh","2026-06-11 10:05:59","2026-06-08","2026-06-09T01:10:42Z",97.1
"Josh","2026-06-11 10:05:59","2026-06-08","2026-06-09T01:11:42Z",97.0
"Josh","2026-06-11 10:05:59","2026-06-08","2026-06-09T01:12:42Z",97.0
"Josh","2026-06-11 10:05:59","2026-06-08","2026-06-09T01:13:42Z",97.0
"Josh","2026-06-11 10:05:59","2026-06-08","2026-06-09T01:14:42Z",97.0
"Josh","2026-06-11 10:05:59","2026-06-08","2026-06-09T01:15:42Z",97.0
"Josh","2026-06-11 10:05:59","2026-06-08","2026-06-09T01:16:42Z",97.0
"Josh","2026-06-11 10:05:59","2026-06-08","2026-06-09T01:17:42Z",97.1
"Josh","2026-06-11 10:05:59","2026-06-08","2026-06-09T01:18:42Z",97.2
"Josh","2026-06-11 10:05:59","2026-06-08","2026-06-09T01:19:42Z",97.2
"Josh","2026-06-11 10:05:59","2026-06-08","2026-06-09T01:20:42Z",97.1
"Josh","2026-06-11 10:05:59","2026-06-08","2026-06-09T01:21:42Z",97.1
"Josh","2026-06-11 10:05:59","2026-06-08","2026-06-09T01:22:42Z",97.0
"Josh","2026-06-11 10:05:59","2026-06-08","2026-06-09T01:23:42Z",97.0
"Josh","2026-06-11 10:05:59","2026-06-08","2026-06-09T01:24:42Z",97.1
"Josh","2026-06-11 10:05:59","2026-06-08","2026-06-09T01:25:42Z",97.2
"Josh","2026-06-11 10:05:59","2026-06-08","2026-06-09T01:26:42Z",97.3
"Josh","2026-06-11 10:05:59","2026-06-08","2026-06-09T01:27:42Z",97.3
"Josh","2026-06-11 10:05:59","2026-06-08","2026-06-09T01:28:42Z",97.4
"Josh","2026-06-11 10:05:59","2026-06-08","2026-06-09T01:29:42Z",97.5
"Josh","2026-06-11 10:05:59","2026-06-08","2026-06-09T01:30:42Z",97.5
"Josh","2026-06-11 10:05:59","2026-06-08","2026-06-09T01:31:42Z",97.6
"Josh","2026-06-11 10:05:59","2026-06-08","2026-06-09T01:32:42Z",97.6
"Josh","2026-06-11 10:05:59","2026-06-08","2026-06-09T01:33:42Z",97.7
"Josh","2026-06-11 10:05:59","2026-06-08","2026-06-09T01:34:42Z",97.7
"Josh","2026-06-11 10:05:59","2026-06-08","2026-06-09T01:35:42Z",97.8
"Josh","2026-06-11 10:05:59","2026-06-08","2026-06-09T01:36:42Z",97.8
"Josh","2026-06-11 10:05:59","2026-06-08","2026-06-09T01:37:42Z",97.9
"Josh","2026-06-11 10:05:59","2026-06-08","2026-06-09T01:38:42Z",97.9
"Josh","2026-06-11 10:05:59","2026-06-08","2026-06-09T01:39:42Z",98.0
"Josh","2026-06-11 10:05:59","2026-06-08","2026-06-09T01:40:42Z",98.0
"Josh","2026-06-11 10:05:59","2026-06-08","2026-06-09T01:41:42Z",98.0
"Josh","2026-06-11 10:05:59","2026-06-08","2026-06-09T01:42:42Z",98.1
"Josh","2026-06-11 10:05:59","2026-06-08","2026-06-09T01:43:42Z",98.1
"Josh","2026-06-11 10:05:59","2026-06-08","2026-06-09T01:44:42Z",98.2
"Josh","2026-06-11 10:05:59","2026-06-08","2026-06-09T01:45:42Z",98.2
"Josh","2026-06-11 10:05:59","2026-06-08","2026-06-09T01:46:42Z",98.3
"Josh","2026-06-11 10:05:59","2026-06-08","2026-06-09T01:47:42Z",98.4
"Josh","2026-06-11 10:05:59","2026-06-08","2026-06-09T01:48:42Z",98.4
"Josh","2026-06-11 10:05:59","2026-06-08","2026-06-09T01:49:42Z",98.5
"Josh","2026-06-11 10:05:59","2026-06-08","2026-06-09T01:50:42Z",98.4
"Josh","2026-06-11 10:05:59","2026-06-08","2026-06-09T01:51:42Z",98.5
"Josh","2026-06-11 10:05:59","2026-06-08","2026-06-09T01:52:42Z",98.6
"Josh","2026-06-11 10:05:59","2026-06-08","2026-06-09T01:53:42Z",98.7
"Josh","2026-06-11 10:05:59","2026-06-08","2026-06-09T01:54:42Z",98.8
"Josh","2026-06-11 10:05:59","2026-06-08","2026-06-09T01:55:42Z",98.7
"Josh","2026-06-11 10:05:59","2026-06-08","2026-06-09T01:56:42Z",98.8
"Josh","2026-06-11 10:05:59","2026-06-08","2026-06-09T01:57:42Z",98.7
"Josh","2026-06-11 10:05:59","2026-06-08","2026-06-09T01:58:42Z",98.7
"Josh","2026-06-11 10:05:59","2026-06-08","2026-06-09T01:59:42Z",98.8
"Josh","2026-06-11 10:05:59","2026-06-08","2026-06-09T02:00:42Z",98.8
"Josh","2026-06-11 10:05:59","2026-06-08","2026-06-09T02:01:42Z",98.9
"Josh","2026-06-11 10:05:59","2026-06-08","2026-06-09T02:02:42Z",98.9
"Josh","2026-06-11 10:05:59","2026-06-08","2026-06-09T02:03:42Z",98.9
"Josh","2026-06-11 10:05:59","2026-06-08","2026-06-09T02:04:42Z",98.9
"Josh","2026-06-11 10:05:59","2026-06-08","2026-06-09T02:05:42Z",98.9
"Josh","2026-06-11 10:05:59","2026-06-08","2026-06-09T02:06:42Z",98.8
"Josh","2026-06-11 10:05:59","2026-06-08","2026-06-09T02:07:42Z",98.8
"Josh","2026-06-11 10:05:59","2026-06-08","2026-06-09T02:08:42Z",98.9
"Josh","2026-06-11 10:05:59","2026-06-08","2026-06-09T02:09:42Z",98.8
"Josh","2026-06-11 10:05:59","2026-06-08","2026-06-09T02:10:42Z",98.8
"Josh","2026-06-11 10:05:59","2026-06-08","2026-06-09T02:11:42Z",98.8
"Josh","2026-06-11 10:05:59","2026-06-08","2026-06-09T02:12:42Z",98.8
"Josh","2026-06-11 10:05:59","2026-06-08","2026-06-09T02:13:42Z",98.9
"Josh","2026-06-11 10:05:59","2026-06-08","2026-06-09T02:14:42Z",98.8
"Josh","2026-06-11 10:05:59","2026-06-08","2026-06-09T02:15:42Z",98.8
"Josh","2026-06-11 10:05:59","2026-06-08","2026-06-09T02:16:42Z",98.7
"Josh","2026-06-11 10:05:59","2026-06-08","2026-06-09T02:17:42Z",98.6
"Josh","2026-06-11 10:05:59","2026-06-08","2026-06-09T02:18:42Z",98.6
"Josh","2026-06-11 10:05:59","2026-06-08","2026-06-09T02:19:42Z",98.5
"Josh","2026-06-11 10:05:59","2026-06-08","2026-06-09T02:20:42Z",98.5
"Josh","2026-06-11 10:05:59","2026-06-08","2026-06-09T02:21:42Z",98.4
"Josh","2026-06-11 10:05:59","2026-06-08","2026-06-09T02:22:42Z",98.4
"Josh","2026-06-11 10:05:59","2026-06-08","2026-06-09T02:23:42Z",98.3
"Josh","2026-06-11 10:05:59","2026-06-08","2026-06-09T02:24:42Z",98.3
"Josh","2026-06-11 10:05:59","2026-06-08","2026-06-09T02:25:42Z",98.2
"Josh","2026-06-11 10:05:59","2026-06-08","2026-06-09T02:26:42Z",98.2
"Josh","2026-06-11 10:05:59","2026-06-08","2026-06-09T02:27:42Z",98.1
"Josh","2026-06-11 10:05:59","2026-06-08","2026-06-09T02:28:42Z",98.1
"Josh","2026-06-11 10:05:59","2026-06-08","2026-06-09T02:29:42Z",98.0
"Josh","2026-06-11 10:05:59","2026-06-08","2026-06-09T02:30:42Z",98.0
"Josh","2026-06-11 10:05:59","2026-06-08","2026-06-09T02:31:42Z",97.9
"Josh","2026-06-11 10:05:59","2026-06-08","2026-06-09T02:32:42Z",97.9
"Josh","2026-06-11 10:05:59","2026-06-08","2026-06-09T02:33:42Z",97.8
"Josh","2026-06-11 10:05:59","2026-06-08","2026-06-09T02:34:42Z",97.8
"Josh","2026-06-11 10:05:59","2026-06-08","2026-06-09T02:35:42Z",97.7
"Josh","2026-06-11 10:05:59","2026-06-08","2026-06-09T02:36:42Z",97.6
"Josh","2026-06-11 10:05:59","2026-06-08","2026-06-09T02:37:42Z",97.5
"Josh","2026-06-11 10:05:59","2026-06-08","2026-06-09T02:38:42Z",97.5
"Josh","2026-06-11 10:05:59","2026-06-08","2026-06-09T02:39:42Z",97.5
"Josh","2026-06-11 10:05:59","2026-06-08","2026-06-09T02:40:42Z",97.3
"Josh","2026-06-11 10:05:59","2026-06-08","2026-06-09T02:41:42Z",97.3
"Josh","2026-06-11 10:05:59","2026-06-08","2026-06-09T02:42:42Z",97.2
"Josh","2026-06-11 10:05:59","2026-06-08","2026-06-09T02:43:42Z",97.2
"Josh","2026-06-11 10:05:59","2026-06-08","2026-06-09T02:44:42Z",97.2
"Josh","2026-06-11 10:05:59","2026-06-08","2026-06-09T02:45:42Z",97.2
"Josh","2026-06-11 10:05:59","2026-06-08","2026-06-09T02:46:42Z",97.2
"Josh","2026-06-11 10:05:59","2026-06-08","2026-06-09T02:47:42Z",97.2
"Josh","2026-06-11 10:05:59","2026-06-08","2026-06-09T02:48:42Z",97.1
"Josh","2026-06-11 10:05:59","2026-06-08","2026-06-09T02:49:42Z",97.1
"Josh","2026-06-11 10:05:59","2026-06-08","2026-06-09T02:50:42Z",97.0
"Josh","2026-06-11 10:05:59","2026-06-08","2026-06-09T02:51:42Z",97.1
"Josh","2026-06-11 10:05:59","2026-06-08","2026-06-09T02:52:42Z",97.1
"Josh","2026-06-11 10:05:59","2026-06-08","2026-06-09T02:53:42Z",97.1
"Josh","2026-06-11 10:05:59","2026-06-08","2026-06-09T02:54:42Z",97.2
"Josh","2026-06-11 10:05:59","2026-06-08","2026-06-09T02:55:42Z",97.3
"Josh","2026-06-11 10:05:59","2026-06-08","2026-06-09T02:56:42Z",97.3
"Josh","2026-06-11 10:05:59","2026-06-08","2026-06-09T02:57:42Z",97.4
"Josh","2026-06-11 10:05:59","2026-06-08","2026-06-09T02:58:42Z",97.4
"Josh","2026-06-11 10:05:59","2026-06-08","2026-06-09T02:59:42Z",97.5
"Josh","2026-06-11 10:05:59","2026-06-08","2026-06-09T03:00:42Z",97.5
"Josh","2026-06-11 10:05:59","2026-06-08","2026-06-09T03:01:42Z",97.6
"Josh","2026-06-11 10:05:59","2026-06-08","2026-06-09T03:02:42Z",97.6
"Josh","2026-06-11 10:05:59","2026-06-08","2026-06-09T03:03:42Z",97.7
"Josh","2026-06-11 10:05:59","2026-06-08","2026-06-09T03:04:42Z",97.7
"Josh","2026-06-11 10:05:59","2026-06-08","2026-06-09T03:05:42Z",97.8
"Josh","2026-06-11 10:05:59","2026-06-08","2026-06-09T03:06:42Z",97.8
"Josh","2026-06-11 10:05:59","2026-06-08","2026-06-09T03:07:42Z",97.9
"Josh","2026-06-11 10:05:59","2026-06-08","2026-06-09T03:08:42Z",97.9
"Josh","2026-06-11 10:05:59","2026-06-08","2026-06-09T03:09:42Z",98.0
"Josh","2026-06-11 10:05:59","2026-06-08","2026-06-09T03:10:42Z",98.0
"Josh","2026-06-11 10:05:59","2026-06-08","2026-06-09T03:11:42Z",98.0
"Josh","2026-06-11 10:05:59","2026-06-08","2026-06-09T03:12:42Z",98.1
"Josh","2026-06-11 10:05:59","2026-06-08","2026-06-09T03:13:42Z",98.1
"Josh","2026-06-11 10:05:59","2026-06-08","2026-06-09T03:14:42Z",98.2
"Josh","2026-06-11 10:05:59","2026-06-08","2026-06-09T03:15:42Z",98.2
"Josh","2026-06-11 10:05:59","2026-06-08","2026-06-09T03:16:42Z",98.3
"Josh","2026-06-11 10:05:59","2026-06-08","2026-06-09T03:17:42Z",98.3
"Josh","2026-06-11 10:05:59","2026-06-08","2026-06-09T03:18:42Z",98.3
"Josh","2026-06-11 10:05:59","2026-06-08","2026-06-09T03:19:42Z",98.4
"Josh","2026-06-11 10:05:59","2026-06-08","2026-06-09T03:20:42Z",98.5
"Josh","2026-06-11 10:05:59","2026-06-08","2026-06-09T03:21:42Z",98.7
"Josh","2026-06-11 10:05:59","2026-06-08","2026-06-09T03:22:42Z",98.6
"Josh","2026-06-11 10:05:59","2026-06-08","2026-06-09T03:23:42Z",98.7
"Josh","2026-06-11 10:05:59","2026-06-08","2026-06-09T03:24:42Z",98.8
"Josh","2026-06-11 10:05:59","2026-06-08","2026-06-09T03:25:42Z",98.7
"Josh","2026-06-11 10:05:59","2026-06-08","2026-06-09T03:26:42Z",98.7
"Josh","2026-06-11 10:05:59","2026-06-08","2026-06-09T03:27:42Z",98.6
"Josh","2026-06-11 10:05:59","2026-06-08","2026-06-09T03:28:42Z",98.6
"Josh","2026-06-11 10:05:59","2026-06-08","2026-06-09T03:29:42Z",98.6
"Josh","2026-06-11 10:05:59","2026-06-08","2026-06-09T03:30:42Z",98.7
"Josh","2026-06-11 10:05:59","2026-06-08","2026-06-09T03:31:42Z",98.7
"Josh","2026-06-11 10:05:59","2026-06-08","2026-06-09T03:32:42Z",98.7
"Josh","2026-06-11 10:05:59","2026-06-08","2026-06-09T03:33:42Z",98.6
"Josh","2026-06-11 10:05:59","2026-06-08","2026-06-09T03:34:42Z",98.6
"Josh","2026-06-11 10:05:59","2026-06-08","2026-06-09T03:35:42Z",98.7
"Josh","2026-06-11 10:05:59","2026-06-08","2026-06-09T03:36:42Z",98.8
"Josh","2026-06-11 10:05:59","2026-06-08","2026-06-09T03:37:42Z",98.7
"Josh","2026-06-11 10:05:59","2026-06-08","2026-06-09T03:38:42Z",98.7
"Josh","2026-06-11 10:05:59","2026-06-08","2026-06-09T03:39:42Z",98.7
"Josh","2026-06-11 10:05:59","2026-06-08","2026-06-09T03:40:42Z",98.7
"Josh","2026-06-11 10:05:59","2026-06-08","2026-06-09T03:41:42Z",98.7
"Josh","2026-06-11 10:05:59","2026-06-08","2026-06-09T03:42:42Z",98.6
"Josh","2026-06-11 10:05:59","2026-06-08","2026-06-09T03:43:42Z",98.7
"Josh","2026-06-11 10:05:59","2026-06-08","2026-06-09T03:44:42Z",98.7
"Josh","2026-06-11 10:05:59","2026-06-08","2026-06-09T03:45:42Z",98.7
"Josh","2026-06-11 10:05:59","2026-06-08","2026-06-09T03:46:42Z",98.6
"Josh","2026-06-11 10:05:59","2026-06-08","2026-06-09T03:47:42Z",98.6
"Josh","2026-06-11 10:05:59","2026-06-08","2026-06-09T03:48:42Z",98.5
"Josh","2026-06-11 10:05:59","2026-06-08","2026-06-09T03:49:42Z",98.5
"Josh","2026-06-11 10:05:59","2026-06-08","2026-06-09T03:50:42Z",98.4
"Josh","2026-06-11 10:05:59","2026-06-08","2026-06-09T03:51:42Z",98.4
"Josh","2026-06-11 10:05:59","2026-06-08","2026-06-09T03:52:42Z",98.3
"Josh","2026-06-11 10:05:59","2026-06-08","2026-06-09T03:53:42Z",98.3
"Josh","2026-06-11 10:05:59","2026-06-08","2026-06-09T03:54:42Z",98.2
"Josh","2026-06-11 10:05:59","2026-06-08","2026-06-09T03:55:42Z",98.2
"Josh","2026-06-11 10:05:59","2026-06-08","2026-06-09T03:56:42Z",98.1
"Josh","2026-06-11 10:05:59","2026-06-08","2026-06-09T03:57:42Z",98.1
"Josh","2026-06-11 10:05:59","2026-06-08","2026-06-09T03:58:42Z",98.1
"Josh","2026-06-11 10:05:59","2026-06-08","2026-06-09T03:59:42Z",98.0
"Josh","2026-06-11 10:05:59","2026-06-08","2026-06-09T04:00:42Z",98.0
"Josh","2026-06-11 10:05:59","2026-06-08","2026-06-09T04:01:42Z",97.9
"Josh","2026-06-11 10:05:59","2026-06-08","2026-06-09T04:02:42Z",97.9
"Josh","2026-06-11 10:05:59","2026-06-08","2026-06-09T04:03:42Z",97.8
"Josh","2026-06-11 10:05:59","2026-06-08","2026-06-09T04:04:42Z",97.8
"Josh","2026-06-11 10:05:59","2026-06-08","2026-06-09T04:05:42Z",97.7
"Josh","2026-06-11 10:05:59","2026-06-08","2026-06-09T04:06:42Z",97.7
"Josh","2026-06-11 10:05:59","2026-06-08","2026-06-09T04:07:42Z",97.5
"Josh","2026-06-11 10:05:59","2026-06-08","2026-06-09T04:08:42Z",97.5
"Josh","2026-06-11 10:05:59","2026-06-08","2026-06-09T04:09:42Z",97.4
"Josh","2026-06-11 10:05:59","2026-06-08","2026-06-09T04:10:42Z",97.4
"Josh","2026-06-11 10:05:59","2026-06-08","2026-06-09T04:11:42Z",97.3
"Josh","2026-06-11 10:05:59","2026-06-08","2026-06-09T04:12:42Z",97.3
"Josh","2026-06-11 10:05:59","2026-06-08","2026-06-09T04:13:42Z",97.2
"Josh","2026-06-11 10:05:59","2026-06-08","2026-06-09T04:14:42Z",97.1
"Josh","2026-06-11 10:05:59","2026-06-08","2026-06-09T04:15:42Z",97.0
"Josh","2026-06-11 10:05:59","2026-06-08","2026-06-09T04:16:42Z",97.1
"Josh","2026-06-11 10:05:59","2026-06-08","2026-06-09T04:17:42Z",97.1
"Josh","2026-06-11 10:05:59","2026-06-08","2026-06-09T04:18:42Z",97.2
"Josh","2026-06-11 10:05:59","2026-06-08","2026-06-09T04:19:42Z",97.2
"Josh","2026-06-11 10:05:59","2026-06-08","2026-06-09T04:20:42Z",97.2
"Josh","2026-06-11 10:05:59","2026-06-08","2026-06-09T04:21:42Z",97.2
"Josh","2026-06-11 10:05:59","2026-06-08","2026-06-09T04:22:42Z",97.1
"Josh","2026-06-11 10:05:59","2026-06-08","2026-06-09T04:23:42Z",97.0
"Josh","2026-06-11 10:05:59","2026-06-08","2026-06-09T04:24:42Z",50.0
"Josh","2026-06-11 10:05:59","2026-06-08","2026-06-09T04:25:42Z",97.2
"Josh","2026-06-11 10:05:59","2026-06-08","2026-06-09T04:26:42Z",97.2
"Josh","2026-06-11 10:05:59","2026-06-08","2026-06-09T04:27:42Z",97.3
"Josh","2026-06-11 10:05:59","2026-06-08","2026-06-09T04:28:42Z",97.4
"Josh","2026-06-11 10:05:59","2026-06-08","2026-06-09T04:29:42Z",97.4
"Josh","2026-06-11 10:05:59","2026-06-08","2026-06-09T04:30:42Z",50.0
"Josh","2026-06-11 10:05:59","2026-06-08","2026-06-09T04:31:42Z",97.6
"Josh","2026-06-11 10:05:59","2026-06-08","2026-06-09T04:32:42Z",97.6
"Josh","2026-06-11 10:05:59","2026-06-08","2026-06-09T04:33:42Z",97.7
"Josh","2026-06-11 10:05:59","2026-06-08","2026-06-09T04:34:42Z",97.7
"Josh","2026-06-11 10:05:59","2026-06-08","2026-06-09T04:35:42Z",97.8
"Josh","2026-06-11 10:05:59","2026-06-08","2026-06-09T04:36:42Z",97.8
"Josh","2026-06-11 10:05:59","2026-06-08","2026-06-09T04:37:42Z",97.9
"Josh","2026-06-11 10:05:59","2026-06-08","2026-06-09T04:38:42Z",97.9
"Josh","2026-06-11 10:05:59","2026-06-08","2026-06-09T04:39:42Z",98.0
"Josh","2026-06-11 10:05:59","2026-06-08","2026-06-09T04:40:42Z",98.0
"Josh","2026-06-11 10:05:59","2026-06-08","2026-06-09T04:41:42Z",98.0
"Josh","2026-06-11 10:05:59","2026-06-08","2026-06-09T04:42:42Z",98.1
"Josh","2026-06-11 10:05:59","2026-06-08","2026-06-09T04:43:42Z",98.1
"Josh","2026-06-11 10:05:59","2026-06-08","2026-06-09T04:44:42Z",98.2
"Josh","2026-06-11 10:05:59","2026-06-08","2026-06-09T04:45:42Z",98.2
"Josh","2026-06-11 10:05:59","2026-06-08","2026-06-09T04:46:42Z",98.3
"Josh","2026-06-11 10:05:59","2026-06-08","2026-06-09T04:47:42Z",98.4
"Josh","2026-06-11 10:05:59","2026-06-08","2026-06-09T04:48:42Z",98.4
"Josh","2026-06-11 10:05:59","2026-06-08","2026-06-09T04:49:42Z",98.5
"Josh","2026-06-11 10:05:59","2026-06-08","2026-06-09T04:50:42Z",98.6
"Josh","2026-06-11 10:05:59","2026-06-08","2026-06-09T04:51:42Z",98.6
"Josh","2026-06-11 10:05:59","2026-06-08","2026-06-09T04:52:42Z",98.7
"Josh","2026-06-11 10:05:59","2026-06-08","2026-06-09T04:53:42Z",98.8
"Josh","2026-06-11 10:05:59","2026-06-08","2026-06-09T04:54:42Z",98.8
"Josh","2026-06-11 10:05:59","2026-06-08","2026-06-09T04:55:42Z",98.8
"Josh","2026-06-11 10:05:59","2026-06-08","2026-06-09T04:56:42Z",98.8
"Josh","2026-06-11 10:05:59","2026-06-08","2026-06-09T04:57:42Z",98.8
"Josh","2026-06-11 10:05:59","2026-06-08","2026-06-09T04:58:42Z",98.7
"Josh","2026-06-11 10:05:59","2026-06-08","2026-06-09T04:59:42Z",98.7
"Josh","2026-06-11 10:05:59","2026-06-08","2026-06-09T05:00:42Z",98.7
"Josh","2026-06-11 10:05:59","2026-06-08","2026-06-09T05:01:42Z",98.7
"Josh","2026-06-11 10:05:59","2026-06-08","2026-06-09T05:02:42Z",98.8
"Josh","2026-06-11 10:05:59","2026-06-08","2026-06-09T05:03:42Z",98.8
"Josh","2026-06-11 10:05:59","2026-06-08","2026-06-09T05:04:42Z",98.8
"Josh","2026-06-11 10:05:59","2026-06-08","2026-06-09T05:05:42Z",98.8
"Josh","2026-06-11 10:05:59","2026-06-08","2026-06-09T05:06:42Z",98.9
"Josh","2026-06-11 10:05:59","2026-06-08","2026-06-09T05:07:42Z",98.8
"Josh","2026-06-11 10:05:59","2026-06-08","2026-06-09T05:08:42Z",98.8
"Josh","2026-06-11 10:05:59","2026-06-08","2026-06-09T05:09:42Z",98.7
"Josh","2026-06-11 10:05:59","2026-06-08","2026-06-09T05:10:42Z",98.6
"Josh","2026-06-11 10:05:59","2026-06-08","2026-06-09T05:11:42Z",98.6
"Josh","2026-06-11 10:05:59","2026-06-08","2026-06-09T05:12:42Z",98.7
"Josh","2026-06-11 10:05:59","2026-06-08","2026-06-09T05:13:42Z",98.7
"Josh","2026-06-11 10:05:59","2026-06-08","2026-06-09T05:14:42Z",98.6
"Josh","2026-06-11 10:05:59","2026-06-08","2026-06-09T05:15:42Z",98.6
"Josh","2026-06-11 10:05:59","2026-06-08","2026-06-09T05:16:42Z",98.6
"Josh","2026-06-11 10:05:59","2026-06-08","2026-06-09T05:17:42Z",98.5
"Josh","2026-06-11 10:05:59","2026-06-08","2026-06-09T05:18:42Z",98.5
"Josh","2026-06-11 10:05:59","2026-06-08","2026-06-09T05:19:42Z",98.4
"Josh","2026-06-11 10:05:59","2026-06-08","2026-06-09T05:20:42Z",98.4
"Josh","2026-06-11 10:05:59","2026-06-08","2026-06-09T05:21:42Z",98.4
"Josh","2026-06-11 10:05:59","2026-06-08","2026-06-09T05:22:42Z",98.3
"Josh","2026-06-11 10:05:59","2026-06-08","2026-06-09T05:23:42Z",98.3
"Josh","2026-06-11 10:05:59","2026-06-08","2026-06-09T05:24:42Z",98.2
"Josh","2026-06-11 10:05:59","2026-06-08","2026-06-09T05:25:42Z",98.2
"Josh","2026-06-11 10:05:59","2026-06-08","2026-06-09T05:26:42Z",98.1
"Josh","2026-06-11 10:05:59","2026-06-08","2026-06-09T05:27:42Z",98.1
"Josh","2026-06-11 10:05:59","2026-06-08","2026-06-09T05:28:42Z",98.1
"Josh","2026-06-11 10:05:59","2026-06-08","2026-06-09T05:29:42Z",98.0
"Josh","2026-06-11 10:05:59","2026-06-08","2026-06-09T05:30:42Z",98.0
"Josh","2026-06-11 10:05:59","2026-06-08","2026-06-09T05:31:42Z",97.9
"Josh","2026-06-11 10:05:59","2026-06-08","2026-06-09T05:32:42Z",97.9
"Josh","2026-06-11 10:05:59","2026-06-08","2026-06-09T05:33:42Z",97.8
"Josh","2026-06-11 10:05:59","2026-06-08","2026-06-09T05:34:42Z",97.8
"Josh","2026-06-11 10:05:59","2026-06-08","2026-06-09T05:35:42Z",50.0
"Josh","2026-06-11 10:05:59","2026-06-08","2026-06-09T05:36:42Z",97.7
"Josh","2026-06-11 10:05:59","2026-06-08","2026-06-09T05:37:42Z",97.5
"Josh","2026-06-11 10:05:59","2026-06-08","2026-06-09T05:38:42Z",97.4
"Josh","2026-06-11 10:05:59","2026-06-08","2026-06-09T05:39:42Z",97.3
"Josh","2026-06-11 10:05:59","2026-06-08","2026-06-09T05:40:42Z",97.3
"Josh","2026-06-11 10:05:59","2026-06-08","2026-06-09T05:41:42Z",97.3
"Josh","2026-06-11 10:05:59","2026-06-08","2026-06-09T05:42:42Z",97.2
"Josh","2026-06-11 10:05:59","2026-06-08","2026-06-09T05:43:42Z",97.2
"Josh","2026-06-11 10:05:59","2026-06-08","2026-06-09T05:44:42Z",97.2
"Josh","2026-06-11 10:05:59","2026-06-08","2026-06-09T05:45:42Z",97.2
"Josh","2026-06-11 10:05:59","2026-06-08","2026-06-09T05:46:42Z",97.1
"Josh","2026-06-11 10:05:59","2026-06-08","2026-06-09T05:47:42Z",97.0
"Josh","2026-06-11 10:05:59","2026-06-08","2026-06-09T05:48:42Z",96.9
"Josh","2026-06-11 10:05:59","2026-06-08","2026-06-09T05:49:42Z",97.0
"Josh","2026-06-11 10:05:59","2026-06-08","2026-06-09T05:50:42Z",97.0
"Josh","2026-06-11 10:05:59","2026-06-08","2026-06-09T05:51:42Z",97.0
"Josh","2026-06-11 10:05:59","2026-06-08","2026-06-09T05:52:42Z",97.0
"Josh","2026-06-11 10:05:59","2026-06-08","2026-06-09T05:53:42Z",97.0
"Josh","2026-06-11 10:05:59","2026-06-08","2026-06-09T05:54:42Z",97.1
"Josh","2026-06-11 10:05:59","2026-06-08","2026-06-09T05:55:42Z",97.2
"Josh","2026-06-11 10:05:59","2026-06-08","2026-06-09T05:56:42Z",97.2
"Josh","2026-06-11 10:05:59","2026-06-08","2026-06-09T05:57:42Z",97.3
"Josh","2026-06-11 10:05:59","2026-06-08","2026-06-09T05:58:42Z",97.4
"Josh","2026-06-11 10:05:59","2026-06-08","2026-06-09T05:59:42Z",97.4
"Josh","2026-06-11 10:05:59","2026-06-08","2026-06-09T06:00:42Z",97.5
"Josh","2026-06-11 10:05:59","2026-06-08","2026-06-09T06:01:42Z",97.6
"Josh","2026-06-11 10:05:59","2026-06-08","2026-06-09T06:02:42Z",97.6
"Josh","2026-06-11 10:05:59","2026-06-08","2026-06-09T06:03:42Z",97.7
"Josh","2026-06-11 10:05:59","2026-06-08","2026-06-09T06:04:42Z",97.7
"Josh","2026-06-11 10:05:59","2026-06-08","2026-06-09T06:05:42Z",97.8
"Josh","2026-06-11 10:05:59","2026-06-08","2026-06-09T06:06:42Z",97.8
"Josh","2026-06-11 10:05:59","2026-06-08","2026-06-09T06:07:42Z",97.9
"Josh","2026-06-11 10:05:59","2026-06-08","2026-06-09T06:08:42Z",97.9
"Josh","2026-06-11 10:05:59","2026-06-08","2026-06-09T06:09:42Z",98.0
"Josh","2026-06-11 10:05:59","2026-06-08","2026-06-09T06:10:42Z",98.0
"Josh","2026-06-11 10:05:59","2026-06-08","2026-06-09T06:11:42Z",98.0
"Josh","2026-06-11 10:05:59","2026-06-08","2026-06-09T06:12:42Z",98.1
"Josh","2026-06-11 10:05:59","2026-06-08","2026-06-09T06:13:42Z",98.1
"Josh","2026-06-11 10:05:59","2026-06-08","2026-06-09T06:14:42Z",98.2
"Josh","2026-06-11 10:05:59","2026-06-08","2026-06-09T06:15:42Z",98.2
"Josh","2026-06-11 10:05:59","2026-06-08","2026-06-09T06:16:42Z",98.3
"Josh","2026-06-11 10:05:59","2026-06-08","2026-06-09T06:17:42Z",98.3
"Josh","2026-06-11 10:05:59","2026-06-08","2026-06-09T06:18:42Z",98.4
"Josh","2026-06-11 10:05:59","2026-06-08","2026-06-09T06:19:42Z",98.5
"Josh","2026-06-11 10:05:59","2026-06-08","2026-06-09T06:20:42Z",98.5
"Josh","2026-06-11 10:05:59","2026-06-08","2026-06-09T06:21:42Z",98.5
"Josh","2026-06-11 10:05:59","2026-06-08","2026-06-09T06:22:42Z",98.6
"Josh","2026-06-11 10:05:59","2026-06-08","2026-06-09T06:23:42Z",98.6
"Josh","2026-06-11 10:05:59","2026-06-08","2026-06-09T06:24:42Z",98.7
"Josh","2026-06-11 10:05:59","2026-06-08","2026-06-09T06:25:42Z",98.6
"Josh","2026-06-11 10:05:59","2026-06-08","2026-06-09T06:26:42Z",98.7
"Josh","2026-06-11 10:05:59","2026-06-08","2026-06-09T06:27:42Z",98.7
"Josh","2026-06-11 10:05:59","2026-06-08","2026-06-09T06:28:42Z",98.7
"Josh","2026-06-11 10:05:59","2026-06-08","2026-06-09T06:29:42Z",98.7
"Josh","2026-06-11 10:05:59","2026-06-08","2026-06-09T06:30:42Z",98.7
"Josh","2026-06-11 10:05:59","2026-06-08","2026-06-09T06:31:42Z",98.7
"Josh","2026-06-11 10:05:59","2026-06-08","2026-06-09T06:32:42Z",98.7
"Josh","2026-06-11 10:05:59","2026-06-08","2026-06-09T06:33:42Z",98.8
"Josh","2026-06-11 10:05:59","2026-06-08","2026-06-09T06:34:42Z",98.7
"Josh","2026-06-11 10:05:59","2026-06-08","2026-06-09T06:35:42Z",50.0
"Josh","2026-06-11 10:05:59","2026-06-08","2026-06-09T06:36:42Z",98.7
"Josh","2026-06-11 10:05:59","2026-06-08","2026-06-09T06:37:42Z",98.7
"Josh","2026-06-11 10:05:59","2026-06-08","2026-06-09T06:38:42Z",98.6
"Josh","2026-06-11 10:05:59","2026-06-08","2026-06-09T06:39:42Z",98.7
"Josh","2026-06-11 10:05:59","2026-06-08","2026-06-09T06:40:42Z",98.8
"Josh","2026-06-11 10:05:59","2026-06-08","2026-06-09T06:41:42Z",98.8
"Josh","2026-06-11 10:05:59","2026-06-08","2026-06-09T06:42:42Z",98.8
"Josh","2026-06-11 10:05:59","2026-06-08","2026-06-09T06:43:42Z",98.8
"Josh","2026-06-11 10:05:59","2026-06-08","2026-06-09T06:44:42Z",98.7
"Josh","2026-06-11 10:05:59","2026-06-08","2026-06-09T06:45:42Z",98.7
"Josh","2026-06-11 10:05:59","2026-06-08","2026-06-09T06:46:42Z",98.6
"Josh","2026-06-11 10:05:59","2026-06-08","2026-06-09T06:47:42Z",98.6
"Josh","2026-06-11 10:05:59","2026-06-08","2026-06-09T06:48:42Z",98.5
"Josh","2026-06-11 10:05:59","2026-06-08","2026-06-09T06:49:42Z",98.5
"Josh","2026-06-11 10:05:59","2026-06-08","2026-06-09T06:50:42Z",98.4
"Josh","2026-06-11 10:05:59","2026-06-08","2026-06-09T06:51:42Z",98.4
"Josh","2026-06-11 10:05:59","2026-06-08","2026-06-09T06:52:42Z",98.3
"Josh","2026-06-11 10:05:59","2026-06-08","2026-06-09T06:53:42Z",98.3
"Josh","2026-06-11 10:05:59","2026-06-08","2026-06-09T06:54:42Z",98.2
"Josh","2026-06-11 10:05:59","2026-06-08","2026-06-09T06:55:42Z",98.2
"Josh","2026-06-11 10:05:59","2026-06-08","2026-06-09T06:56:42Z",98.1
"Josh","2026-06-11 10:05:59","2026-06-08","2026-06-09T06:57:42Z",98.1
"Josh","2026-06-11 10:05:59","2026-06-08","2026-06-09T06:58:42Z",98.1
"Josh","2026-06-11 10:05:59","2026-06-08","2026-06-09T06:59:42Z",98.0
"Josh","2026-06-11 10:05:59","2026-06-08","2026-06-09T07:00:42Z",98.0
"Josh","2026-06-11 10:05:59","2026-06-08","2026-06-09T07:01:42Z",97.9
"Josh","2026-06-11 10:05:59","2026-06-08","2026-06-09T07:02:42Z",97.9
"Josh","2026-06-11 10:05:59","2026-06-08","2026-06-09T07:03:42Z",97.8
"Josh","2026-06-11 10:05:59","2026-06-08","2026-06-09T07:04:42Z",97.8
"Josh","2026-06-11 10:05:59","2026-06-08","2026-06-09T07:05:42Z",97.7
"Josh","2026-06-11 10:05:59","2026-06-08","2026-06-09T07:06:42Z",97.6
"Josh","2026-06-11 10:05:59","2026-06-08","2026-06-09T07:07:42Z",97.5
"Josh","2026-06-11 10:05:59","2026-06-08","2026-06-09T07:08:42Z",97.4
"Josh","2026-06-11 10:05:59","2026-06-08","2026-06-09T07:09:42Z",97.4
"Josh","2026-06-11 10:05:59","2026-06-08","2026-06-09T07:10:42Z",97.3
"Josh","2026-06-11 10:05:59","2026-06-08","2026-06-09T07:11:42Z",97.3
"Josh","2026-06-11 10:05:59","2026-06-08","2026-06-09T07:12:42Z",97.3
"Josh","2026-06-11 10:05:59","2026-06-08","2026-06-09T07:13:42Z",97.3
"Josh","2026-06-11 10:05:59","2026-06-08","2026-06-09T07:14:42Z",97.2
"Josh","2026-06-11 10:05:59","2026-06-08","2026-06-09T07:15:42Z",97.1
"Josh","2026-06-11 10:05:59","2026-06-08","2026-06-09T07:16:42Z",97.1
"Josh","2026-06-11 10:05:59","2026-06-08","2026-06-09T07:17:42Z",97.2
"Josh","2026-06-11 10:05:59","2026-06-08","2026-06-09T07:18:42Z",97.1
"Josh","2026-06-11 10:05:59","2026-06-08","2026-06-09T07:19:42Z",97.2
"Josh","2026-06-11 10:05:59","2026-06-08","2026-06-09T07:20:42Z",97.2
"Josh","2026-06-11 10:05:59","2026-06-08","2026-06-09T07:21:42Z",97.2
"Josh","2026-06-11 10:05:59","2026-06-08","2026-06-09T07:22:42Z",97.3
"Josh","2026-06-11 10:05:59","2026-06-08","2026-06-09T07:23:42Z",97.4
"Josh","2026-06-11 10:05:59","2026-06-08","2026-06-09T07:24:42Z",97.5
"Josh","2026-06-11 10:05:59","2026-06-08","2026-06-09T07:25:42Z",97.6
"Josh","2026-06-11 10:05:59","2026-06-08","2026-06-09T07:26:42Z",97.7
"Josh","2026-06-11 10:05:59","2026-06-08","2026-06-09T07:27:42Z",97.9
"Josh","2026-06-11 10:05:59","2026-06-08","2026-06-09T07:28:42Z",98.0
"Josh","2026-06-11 10:05:59","2026-06-08","2026-06-09T07:29:42Z",98.1
"Josh","2026-06-11 10:05:59","2026-06-08","2026-06-09T07:30:42Z",98.2
"Josh","2026-06-11 10:05:59","2026-06-08","2026-06-09T07:31:42Z",98.3
"Josh","2026-06-11 10:05:59","2026-06-09","2026-06-09T22:46:48Z",98.3
"Josh","2026-06-11 10:05:59","2026-06-09","2026-06-09T22:47:48Z",98.3
"Josh","2026-06-11 10:05:59","2026-06-09","2026-06-09T22:48:48Z",98.3
"Josh","2026-06-11 10:05:59","2026-06-09","2026-06-09T22:49:48Z",98.3
"Josh","2026-06-11 10:05:59","2026-06-09","2026-06-09T22:50:48Z",98.3
"Josh","2026-06-11 10:05:59","2026-06-09","2026-06-09T22:51:48Z",98.3
"Josh","2026-06-11 10:05:59","2026-06-09","2026-06-09T22:52:48Z",98.3
"Josh","2026-06-11 10:05:59","2026-06-09","2026-06-09T22:53:48Z",98.3
"Josh","2026-06-11 10:05:59","2026-06-09","2026-06-09T22:54:48Z",98.3
"Josh","2026-06-11 10:05:59","2026-06-09","2026-06-09T22:55:48Z",98.3
"Josh","2026-06-11 10:05:59","2026-06-09","2026-06-09T22:56:48Z",98.3
"Josh","2026-06-11 10:05:59","2026-06-09","2026-06-09T22:57:48Z",98.3
"Josh","2026-06-11 10:05:59","2026-06-09","2026-06-09T22:58:48Z",50.0
"Josh","2026-06-11 10:05:59","2026-06-09","2026-06-09T22:59:48Z",98.2
"Josh","2026-06-11 10:05:59","2026-06-09","2026-06-09T23:00:48Z",98.2
"Josh","2026-06-11 10:05:59","2026-06-09","2026-06-09T23:01:48Z",98.2
"Josh","2026-06-11 10:05:59","2026-06-09","2026-06-09T23:02:48Z",98.3
"Josh","2026-06-11 10:05:59","2026-06-09","2026-06-09T23:03:48Z",98.3
"Josh","2026-06-11 10:05:59","2026-06-09","2026-06-09T23:04:48Z",98.3
"Josh","2026-06-11 10:05:59","2026-06-09","2026-06-09T23:05:48Z",98.3
"Josh","2026-06-11 10:05:59","2026-06-09","2026-06-09T23:06:48Z",98.3
"Josh","2026-06-11 10:05:59","2026-06-09","2026-06-09T23:07:48Z",98.3
"Josh","2026-06-11 10:05:59","2026-06-09","2026-06-09T23:08:48Z",98.4
"Josh","2026-06-11 10:05:59","2026-06-09","2026-06-09T23:09:48Z",98.5
"Josh","2026-06-11 10:05:59","2026-06-09","2026-06-09T23:10:48Z",98.6
"Josh","2026-06-11 10:05:59","2026-06-09","2026-06-09T23:11:48Z",98.7
"Josh","2026-06-11 10:05:59","2026-06-09","2026-06-09T23:12:48Z",98.7
"Josh","2026-06-11 10:05:59","2026-06-09","2026-06-09T23:13:48Z",98.6
"Josh","2026-06-11 10:05:59","2026-06-09","2026-06-09T23:14:48Z",98.7
"Josh","2026-06-11 10:05:59","2026-06-09","2026-06-09T23:15:48Z",98.7
"Josh","2026-06-11 10:05:59","2026-06-09","2026-06-09T23:16:48Z",98.6
"Josh","2026-06-11 10:05:59","2026-06-09","2026-06-09T23:17:48Z",98.7
"Josh","2026-06-11 10:05:59","2026-06-09","2026-06-09T23:18:48Z",98.7
"Josh","2026-06-11 10:05:59","2026-06-09","2026-06-09T23:19:48Z",98.6
"Josh","2026-06-11 10:05:59","2026-06-09","2026-06-09T23:20:48Z",98.6
"Josh","2026-06-11 10:05:59","2026-06-09","2026-06-09T23:21:48Z",98.6
"Josh","2026-06-11 10:05:59","2026-06-09","2026-06-09T23:22:48Z",98.6
"Josh","2026-06-11 10:05:59","2026-06-09","2026-06-09T23:23:48Z",98.6
"Josh","2026-06-11 10:05:59","2026-06-09","2026-06-09T23:24:48Z",98.6
"Josh","2026-06-11 10:05:59","2026-06-09","2026-06-09T23:25:48Z",98.5
"Josh","2026-06-11 10:05:59","2026-06-09","2026-06-09T23:26:48Z",98.5
"Josh","2026-06-11 10:05:59","2026-06-09","2026-06-09T23:27:48Z",98.7
"Josh","2026-06-11 10:05:59","2026-06-09","2026-06-09T23:28:48Z",98.6
"Josh","2026-06-11 10:05:59","2026-06-09","2026-06-09T23:29:48Z",98.6
"Josh","2026-06-11 10:05:59","2026-06-09","2026-06-09T23:30:48Z",98.7
"Josh","2026-06-11 10:05:59","2026-06-09","2026-06-09T23:31:48Z",98.8
"Josh","2026-06-11 10:05:59","2026-06-09","2026-06-09T23:32:48Z",98.8
"Josh","2026-06-11 10:05:59","2026-06-09","2026-06-09T23:33:48Z",98.7
"Josh","2026-06-11 10:05:59","2026-06-09","2026-06-09T23:34:48Z",98.8
"Josh","2026-06-11 10:05:59","2026-06-09","2026-06-09T23:35:48Z",98.8
"Josh","2026-06-11 10:05:59","2026-06-09","2026-06-09T23:36:48Z",98.8
"Josh","2026-06-11 10:05:59","2026-06-09","2026-06-09T23:37:48Z",98.7
"Josh","2026-06-11 10:05:59","2026-06-09","2026-06-09T23:38:48Z",98.7
"Josh","2026-06-11 10:05:59","2026-06-09","2026-06-09T23:39:48Z",98.6
"Josh","2026-06-11 10:05:59","2026-06-09","2026-06-09T23:40:48Z",98.5
"Josh","2026-06-11 10:05:59","2026-06-09","2026-06-09T23:41:48Z",98.5
"Josh","2026-06-11 10:05:59","2026-06-09","2026-06-09T23:42:48Z",98.4
"Josh","2026-06-11 10:05:59","2026-06-09","2026-06-09T23:43:48Z",98.4
"Josh","2026-06-11 10:05:59","2026-06-09","2026-06-09T23:44:48Z",98.3
"Josh","2026-06-11 10:05:59","2026-06-09","2026-06-09T23:45:48Z",98.3
"Josh","2026-06-11 10:05:59","2026-06-09","2026-06-09T23:46:48Z",98.2
"Josh","2026-06-11 10:05:59","2026-06-09","2026-06-09T23:47:48Z",98.2
"Josh","2026-06-11 10:05:59","2026-06-09","2026-06-09T23:48:48Z",98.2
"Josh","2026-06-11 10:05:59","2026-06-09","2026-06-09T23:49:48Z",98.1
"Josh","2026-06-11 10:05:59","2026-06-09","2026-06-09T23:50:48Z",98.1
"Josh","2026-06-11 10:05:59","2026-06-09","2026-06-09T23:51:48Z",98.0
"Josh","2026-06-11 10:05:59","2026-06-09","2026-06-09T23:52:48Z",98.0
"Josh","2026-06-11 10:05:59","2026-06-09","2026-06-09T23:53:48Z",97.9
"Josh","2026-06-11 10:05:59","2026-06-09","2026-06-09T23:54:48Z",97.9
"Josh","2026-06-11 10:05:59","2026-06-09","2026-06-09T23:55:48Z",97.8
"Josh","2026-06-11 10:05:59","2026-06-09","2026-06-09T23:56:48Z",97.8
"Josh","2026-06-11 10:05:59","2026-06-09","2026-06-09T23:57:48Z",97.7
"Josh","2026-06-11 10:05:59","2026-06-09","2026-06-09T23:58:48Z",97.7
"Josh","2026-06-11 10:05:59","2026-06-09","2026-06-09T23:59:48Z",97.6
"Josh","2026-06-11 10:05:59","2026-06-09","2026-06-10T00:00:48Z",97.5
"Josh","2026-06-11 10:05:59","2026-06-09","2026-06-10T00:01:48Z",97.3
"Josh","2026-06-11 10:05:59","2026-06-09","2026-06-10T00:02:48Z",97.3
"Josh","2026-06-11 10:05:59","2026-06-09","2026-06-10T00:03:48Z",97.3
"Josh","2026-06-11 10:05:59","2026-06-09","2026-06-10T00:04:48Z",97.2
"Josh","2026-06-11 10:05:59","2026-06-09","2026-06-10T00:05:48Z",97.1
"Josh","2026-06-11 10:05:59","2026-06-09","2026-06-10T00:06:48Z",97.0
"Josh","2026-06-11 10:05:59","2026-06-09","2026-06-10T00:07:48Z",97.1
"Josh","2026-06-11 10:05:59","2026-06-09","2026-06-10T00:08:48Z",97.0
"Josh","2026-06-11 10:05:59","2026-06-09","2026-06-10T00:09:48Z",97.0
"Josh","2026-06-11 10:05:59","2026-06-09","2026-06-10T00:10:48Z",97.0
"Josh","2026-06-11 10:05:59","2026-06-09","2026-06-10T00:11:48Z",96.9
"Josh","2026-06-11 10:05:59","2026-06-09","2026-06-10T00:12:48Z",96.9
"Josh","2026-06-11 10:05:59","2026-06-09","2026-06-10T00:13:48Z",96.9
"Josh","2026-06-11 10:05:59","2026-06-09","2026-06-10T00:14:48Z",97.0
"Josh","2026-06-11 10:05:59","2026-06-09","2026-06-10T00:15:48Z",97.0
"Josh","2026-06-11 10:05:59","2026-06-09","2026-06-10T00:16:48Z",97.1
"Josh","2026-06-11 10:05:59","2026-06-09","2026-06-10T00:17:48Z",97.2
"Josh","2026-06-11 10:05:59","2026-06-09","2026-06-10T00:18:48Z",97.3
"Josh","2026-06-11 10:05:59","2026-06-09","2026-06-10T00:19:48Z",97.3
"Josh","2026-06-11 10:05:59","2026-06-09","2026-06-10T00:20:48Z",97.4
"Josh","2026-06-11 10:05:59","2026-06-09","2026-06-10T00:21:48Z",97.5
"Josh","2026-06-11 10:05:59","2026-06-09","2026-06-10T00:22:48Z",97.5
"Josh","2026-06-11 10:05:59","2026-06-09","2026-06-10T00:23:48Z",97.6
"Josh","2026-06-11 10:05:59","2026-06-09","2026-06-10T00:24:48Z",97.6
"Josh","2026-06-11 10:05:59","2026-06-09","2026-06-10T00:25:48Z",97.7
"Josh","2026-06-11 10:05:59","2026-06-09","2026-06-10T00:26:48Z",97.7
"Josh","2026-06-11 10:05:59","2026-06-09","2026-06-10T00:27:48Z",97.8
"Josh","2026-06-11 10:05:59","2026-06-09","2026-06-10T00:28:48Z",97.8
"Josh","2026-06-11 10:05:59","2026-06-09","2026-06-10T00:29:48Z",97.9
"Josh","2026-06-11 10:05:59","2026-06-09","2026-06-10T00:30:48Z",97.9
"Josh","2026-06-11 10:05:59","2026-06-09","2026-06-10T00:31:48Z",98.0
"Josh","2026-06-11 10:05:59","2026-06-09","2026-06-10T00:32:48Z",98.0
"Josh","2026-06-11 10:05:59","2026-06-09","2026-06-10T00:33:48Z",98.0
"Josh","2026-06-11 10:05:59","2026-06-09","2026-06-10T00:34:48Z",98.1
"Josh","2026-06-11 10:05:59","2026-06-09","2026-06-10T00:35:48Z",98.1
"Josh","2026-06-11 10:05:59","2026-06-09","2026-06-10T00:36:48Z",98.2
"Josh","2026-06-11 10:05:59","2026-06-09","2026-06-10T00:37:48Z",98.2
"Josh","2026-06-11 10:05:59","2026-06-09","2026-06-10T00:38:48Z",98.3
"Josh","2026-06-11 10:05:59","2026-06-09","2026-06-10T00:39:48Z",98.4
"Josh","2026-06-11 10:05:59","2026-06-09","2026-06-10T00:40:48Z",98.5
"Josh","2026-06-11 10:05:59","2026-06-09","2026-06-10T00:41:48Z",98.6
"Josh","2026-06-11 10:05:59","2026-06-09","2026-06-10T00:42:48Z",98.7
"Josh","2026-06-11 10:05:59","2026-06-09","2026-06-10T00:43:48Z",98.7
"Josh","2026-06-11 10:05:59","2026-06-09","2026-06-10T00:44:48Z",98.6
"Josh","2026-06-11 10:05:59","2026-06-09","2026-06-10T00:45:48Z",98.6
"Josh","2026-06-11 10:05:59","2026-06-09","2026-06-10T00:46:48Z",98.6
"Josh","2026-06-11 10:05:59","2026-06-09","2026-06-10T00:47:48Z",98.5
"Josh","2026-06-11 10:05:59","2026-06-09","2026-06-10T00:48:48Z",98.6
"Josh","2026-06-11 10:05:59","2026-06-09","2026-06-10T00:49:48Z",98.6
"Josh","2026-06-11 10:05:59","2026-06-09","2026-06-10T00:50:48Z",98.6
"Josh","2026-06-11 10:05:59","2026-06-09","2026-06-10T00:51:48Z",98.6
"Josh","2026-06-11 10:05:59","2026-06-09","2026-06-10T00:52:48Z",98.6
"Josh","2026-06-11 10:05:59","2026-06-09","2026-06-10T00:53:48Z",98.6
"Josh","2026-06-11 10:05:59","2026-06-09","2026-06-10T00:54:48Z",98.7
"Josh","2026-06-11 10:05:59","2026-06-09","2026-06-10T00:55:48Z",98.8
"Josh","2026-06-11 10:05:59","2026-06-09","2026-06-10T00:56:48Z",98.7
"Josh","2026-06-11 10:05:59","2026-06-09","2026-06-10T00:57:48Z",98.7
"Josh","2026-06-11 10:05:59","2026-06-09","2026-06-10T00:58:48Z",98.7
"Josh","2026-06-11 10:05:59","2026-06-09","2026-06-10T00:59:48Z",98.8
"Josh","2026-06-11 10:05:59","2026-06-09","2026-06-10T01:00:48Z",98.7
"Josh","2026-06-11 10:05:59","2026-06-09","2026-06-10T01:01:48Z",98.7
"Josh","2026-06-11 10:05:59","2026-06-09","2026-06-10T01:02:48Z",98.7
"Josh","2026-06-11 10:05:59","2026-06-09","2026-06-10T01:03:48Z",98.7
"Josh","2026-06-11 10:05:59","2026-06-09","2026-06-10T01:04:48Z",98.7
"Josh","2026-06-11 10:05:59","2026-06-09","2026-06-10T01:05:48Z",98.7
"Josh","2026-06-11 10:05:59","2026-06-09","2026-06-10T01:06:48Z",98.6
"Josh","2026-06-11 10:05:59","2026-06-09","2026-06-10T01:07:48Z",98.6
"Josh","2026-06-11 10:05:59","2026-06-09","2026-06-10T01:08:48Z",98.6
"Josh","2026-06-11 10:05:59","2026-06-09","2026-06-10T01:09:48Z",98.5
"Josh","2026-06-11 10:05:59","2026-06-09","2026-06-10T01:10:48Z",98.5
"Josh","2026-06-11 10:05:59","2026-06-09","2026-06-10T01:11:48Z",98.4
"Josh","2026-06-11 10:05:59","2026-06-09","2026-06-10T01:12:48Z",98.4
"Josh","2026-06-11 10:05:59","2026-06-09","2026-06-10T01:13:48Z",98.4
"Josh","2026-06-11 10:05:59","2026-06-09","2026-06-10T01:14:48Z",98.3
"Josh","2026-06-11 10:05:59","2026-06-09","2026-06-10T01:15:48Z",98.3
"Josh","2026-06-11 10:05:59","2026-06-09","2026-06-10T01:16:48Z",98.2
"Josh","2026-06-11 10:05:59","2026-06-09","2026-06-10T01:17:48Z",98.2
"Josh","2026-06-11 10:05:59","2026-06-09","2026-06-10T01:18:48Z",98.1
"Josh","2026-06-11 10:05:59","2026-06-09","2026-06-10T01:19:48Z",98.1
"Josh","2026-06-11 10:05:59","2026-06-09","2026-06-10T01:20:48Z",98.1
"Josh","2026-06-11 10:05:59","2026-06-09","2026-06-10T01:21:48Z",98.0
"Josh","2026-06-11 10:05:59","2026-06-09","2026-06-10T01:22:48Z",98.0
"Josh","2026-06-11 10:05:59","2026-06-09","2026-06-10T01:23:48Z",97.9
"Josh","2026-06-11 10:05:59","2026-06-09","2026-06-10T01:24:48Z",97.9
"Josh","2026-06-11 10:05:59","2026-06-09","2026-06-10T01:25:48Z",97.8
"Josh","2026-06-11 10:05:59","2026-06-09","2026-06-10T01:26:48Z",97.8
"Josh","2026-06-11 10:05:59","2026-06-09","2026-06-10T01:27:48Z",97.7
"Josh","2026-06-11 10:05:59","2026-06-09","2026-06-10T01:28:48Z",97.7
"Josh","2026-06-11 10:05:59","2026-06-09","2026-06-10T01:29:48Z",97.6
"Josh","2026-06-11 10:05:59","2026-06-09","2026-06-10T01:30:48Z",50.0
"Josh","2026-06-11 10:05:59","2026-06-09","2026-06-10T01:31:48Z",97.4
"Josh","2026-06-11 10:05:59","2026-06-09","2026-06-10T01:32:48Z",97.2
"Josh","2026-06-11 10:05:59","2026-06-09","2026-06-10T01:33:48Z",97.2
"Josh","2026-06-11 10:05:59","2026-06-09","2026-06-10T01:34:48Z",97.2
"Josh","2026-06-11 10:05:59","2026-06-09","2026-06-10T01:35:48Z",97.2
"Josh","2026-06-11 10:05:59","2026-06-09","2026-06-10T01:36:48Z",97.1
"Josh","2026-06-11 10:05:59","2026-06-09","2026-06-10T01:37:48Z",97.0
"Josh","2026-06-11 10:05:59","2026-06-09","2026-06-10T01:38:48Z",97.0
"Josh","2026-06-11 10:05:59","2026-06-09","2026-06-10T01:39:48Z",97.0
"Josh","2026-06-11 10:05:59","2026-06-09","2026-06-10T01:40:48Z",97.0
"Josh","2026-06-11 10:05:59","2026-06-09","2026-06-10T01:41:48Z",97.0
"Josh","2026-06-11 10:05:59","2026-06-09","2026-06-10T01:42:48Z",97.0
"Josh","2026-06-11 10:05:59","2026-06-09","2026-06-10T01:43:48Z",97.0
"Josh","2026-06-11 10:05:59","2026-06-09","2026-06-10T01:44:48Z",97.0
"Josh","2026-06-11 10:05:59","2026-06-09","2026-06-10T01:45:48Z",96.9
"Josh","2026-06-11 10:05:59","2026-06-09","2026-06-10T01:46:48Z",97.0
"Josh","2026-06-11 10:05:59","2026-06-09","2026-06-10T01:47:48Z",97.1
"Josh","2026-06-11 10:05:59","2026-06-09","2026-06-10T01:48:48Z",97.2
"Josh","2026-06-11 10:05:59","2026-06-09","2026-06-10T01:49:48Z",97.3
"Josh","2026-06-11 10:05:59","2026-06-09","2026-06-10T01:50:48Z",97.3
"Josh","2026-06-11 10:05:59","2026-06-09","2026-06-10T01:51:48Z",97.4
"Josh","2026-06-11 10:05:59","2026-06-09","2026-06-10T01:52:48Z",97.5
"Josh","2026-06-11 10:05:59","2026-06-09","2026-06-10T01:53:48Z",97.5
"Josh","2026-06-11 10:05:59","2026-06-09","2026-06-10T01:54:48Z",97.6
"Josh","2026-06-11 10:05:59","2026-06-09","2026-06-10T01:55:48Z",97.6
"Josh","2026-06-11 10:05:59","2026-06-09","2026-06-10T01:56:48Z",97.7
"Josh","2026-06-11 10:05:59","2026-06-09","2026-06-10T01:57:48Z",97.8
"Josh","2026-06-11 10:05:59","2026-06-09","2026-06-10T01:58:48Z",97.8
"Josh","2026-06-11 10:05:59","2026-06-09","2026-06-10T01:59:48Z",97.9
"Josh","2026-06-11 10:05:59","2026-06-09","2026-06-10T02:00:48Z",97.9
"Josh","2026-06-11 10:05:59","2026-06-09","2026-06-10T02:01:48Z",97.9
"Josh","2026-06-11 10:05:59","2026-06-09","2026-06-10T02:02:48Z",98.0
"Josh","2026-06-11 10:05:59","2026-06-09","2026-06-10T02:03:48Z",98.0
"Josh","2026-06-11 10:05:59","2026-06-09","2026-06-10T02:04:48Z",98.1
"Josh","2026-06-11 10:05:59","2026-06-09","2026-06-10T02:05:48Z",98.1
"Josh","2026-06-11 10:05:59","2026-06-09","2026-06-10T02:06:48Z",98.2
"Josh","2026-06-11 10:05:59","2026-06-09","2026-06-10T02:07:48Z",98.2
"Josh","2026-06-11 10:05:59","2026-06-09","2026-06-10T02:08:48Z",98.3
"Josh","2026-06-11 10:05:59","2026-06-09","2026-06-10T02:09:48Z",98.4
"Josh","2026-06-11 10:05:59","2026-06-09","2026-06-10T02:10:48Z",98.4
"Josh","2026-06-11 10:05:59","2026-06-09","2026-06-10T02:11:48Z",98.5
"Josh","2026-06-11 10:05:59","2026-06-09","2026-06-10T02:12:48Z",98.6
"Josh","2026-06-11 10:05:59","2026-06-09","2026-06-10T02:13:48Z",98.7
"Josh","2026-06-11 10:05:59","2026-06-09","2026-06-10T02:14:48Z",98.7
"Josh","2026-06-11 10:05:59","2026-06-09","2026-06-10T02:15:48Z",98.6
"Josh","2026-06-11 10:05:59","2026-06-09","2026-06-10T02:16:48Z",98.7
"Josh","2026-06-11 10:05:59","2026-06-09","2026-06-10T02:17:48Z",98.7
"Josh","2026-06-11 10:05:59","2026-06-09","2026-06-10T02:18:48Z",98.7
"Josh","2026-06-11 10:05:59","2026-06-09","2026-06-10T02:19:48Z",98.7
"Josh","2026-06-11 10:05:59","2026-06-09","2026-06-10T02:20:48Z",98.8
"Josh","2026-06-11 10:05:59","2026-06-09","2026-06-10T02:21:48Z",98.9
"Josh","2026-06-11 10:05:59","2026-06-09","2026-06-10T02:22:48Z",98.8
"Josh","2026-06-11 10:05:59","2026-06-09","2026-06-10T02:23:48Z",98.7
"Josh","2026-06-11 10:05:59","2026-06-09","2026-06-10T02:24:48Z",98.6
"Josh","2026-06-11 10:05:59","2026-06-09","2026-06-10T02:25:48Z",98.6
"Josh","2026-06-11 10:05:59","2026-06-09","2026-06-10T02:26:48Z",98.6
"Josh","2026-06-11 10:05:59","2026-06-09","2026-06-10T02:27:48Z",98.7
"Josh","2026-06-11 10:05:59","2026-06-09","2026-06-10T02:28:48Z",98.6
"Josh","2026-06-11 10:05:59","2026-06-09","2026-06-10T02:29:48Z",98.7
"Josh","2026-06-11 10:05:59","2026-06-09","2026-06-10T02:30:48Z",98.7
"Josh","2026-06-11 10:05:59","2026-06-09","2026-06-10T02:31:48Z",98.7
"Josh","2026-06-11 10:05:59","2026-06-09","2026-06-10T02:32:48Z",98.6
"Josh","2026-06-11 10:05:59","2026-06-09","2026-06-10T02:33:48Z",98.6
"Josh","2026-06-11 10:05:59","2026-06-09","2026-06-10T02:34:48Z",98.6
"Josh","2026-06-11 10:05:59","2026-06-09","2026-06-10T02:35:48Z",98.6
"Josh","2026-06-11 10:05:59","2026-06-09","2026-06-10T02:36:48Z",98.6
"Josh","2026-06-11 10:05:59","2026-06-09","2026-06-10T02:37:48Z",98.6
"Josh","2026-06-11 10:05:59","2026-06-09","2026-06-10T02:38:48Z",98.5
"Josh","2026-06-11 10:05:59","2026-06-09","2026-06-10T02:39:48Z",98.5
"Josh","2026-06-11 10:05:59","2026-06-09","2026-06-10T02:40:48Z",98.5
"Josh","2026-06-11 10:05:59","2026-06-09","2026-06-10T02:41:48Z",98.4
"Josh","2026-06-11 10:05:59","2026-06-09","2026-06-10T02:42:48Z",98.4
"Josh","2026-06-11 10:05:59","2026-06-09","2026-06-10T02:43:48Z",98.4
"Josh","2026-06-11 10:05:59","2026-06-09","2026-06-10T02:44:48Z",98.3
"Josh","2026-06-11 10:05:59","2026-06-09","2026-06-10T02:45:48Z",98.3
"Josh","2026-06-11 10:05:59","2026-06-09","2026-06-10T02:46:48Z",98.2
"Josh","2026-06-11 10:05:59","2026-06-09","2026-06-10T02:47:48Z",98.2
"Josh","2026-06-11 10:05:59","2026-06-09","2026-06-10T02:48:48Z",98.1
"Josh","2026-06-11 10:05:59","2026-06-09","2026-06-10T02:49:48Z",98.1
"Josh","2026-06-11 10:05:59","2026-06-09","2026-06-10T02:50:48Z",98.1
"Josh","2026-06-11 10:05:59","2026-06-09","2026-06-10T02:51:48Z",98.0
"Josh","2026-06-11 10:05:59","2026-06-09","2026-06-10T02:52:48Z",98.0
"Josh","2026-06-11 10:05:59","2026-06-09","2026-06-10T02:53:48Z",97.9
"Josh","2026-06-11 10:05:59","2026-06-09","2026-06-10T02:54:48Z",97.9
"Josh","2026-06-11 10:05:59","2026-06-09","2026-06-10T02:55:48Z",97.8
"Josh","2026-06-11 10:05:59","2026-06-09","2026-06-10T02:56:48Z",97.8
"Josh","2026-06-11 10:05:59","2026-06-09","2026-06-10T02:57:48Z",97.7
"Josh","2026-06-11 10:05:59","2026-06-09","2026-06-10T02:58:48Z",97.6
"Josh","2026-06-11 10:05:59","2026-06-09","2026-06-10T02:59:48Z",97.4
"Josh","2026-06-11 10:05:59","2026-06-09","2026-06-10T03:00:48Z",97.3
"Josh","2026-06-11 10:05:59","2026-06-09","2026-06-10T03:01:48Z",97.3
"Josh","2026-06-11 10:05:59","2026-06-09","2026-06-10T03:02:48Z",97.3
"Josh","2026-06-11 10:05:59","2026-06-09","2026-06-10T03:03:48Z",97.2
"Josh","2026-06-11 10:05:59","2026-06-09","2026-06-10T03:04:48Z",97.2
"Josh","2026-06-11 10:05:59","2026-06-09","2026-06-10T03:05:48Z",97.1
"Josh","2026-06-11 10:05:59","2026-06-09","2026-06-10T03:06:48Z",97.1
"Josh","2026-06-11 10:05:59","2026-06-09","2026-06-10T03:07:48Z",97.0
"Josh","2026-06-11 10:05:59","2026-06-09","2026-06-10T03:08:48Z",97.0
"Josh","2026-06-11 10:05:59","2026-06-09","2026-06-10T03:09:48Z",96.9
"Josh","2026-06-11 10:05:59","2026-06-09","2026-06-10T03:10:48Z",96.9
"Josh","2026-06-11 10:05:59","2026-06-09","2026-06-10T03:11:48Z",96.9
"Josh","2026-06-11 10:05:59","2026-06-09","2026-06-10T03:12:48Z",97.0
"Josh","2026-06-11 10:05:59","2026-06-09","2026-06-10T03:13:48Z",97.0
"Josh","2026-06-11 10:05:59","2026-06-09","2026-06-10T03:14:48Z",97.0
"Josh","2026-06-11 10:05:59","2026-06-09","2026-06-10T03:15:48Z",97.0
"Josh","2026-06-11 10:05:59","2026-06-09","2026-06-10T03:16:48Z",97.1
"Josh","2026-06-11 10:05:59","2026-06-09","2026-06-10T03:17:48Z",97.2
"Josh","2026-06-11 10:05:59","2026-06-09","2026-06-10T03:18:48Z",97.3
"Josh","2026-06-11 10:05:59","2026-06-09","2026-06-10T03:19:48Z",97.3
"Josh","2026-06-11 10:05:59","2026-06-09","2026-06-10T03:20:48Z",97.4
"Josh","2026-06-11 10:05:59","2026-06-09","2026-06-10T03:21:48Z",97.4
"Josh","2026-06-11 10:05:59","2026-06-09","2026-06-10T03:22:48Z",97.5
"Josh","2026-06-11 10:05:59","2026-06-09","2026-06-10T03:23:48Z",97.6
"Josh","2026-06-11 10:05:59","2026-06-09","2026-06-10T03:24:48Z",97.6
"Josh","2026-06-11 10:05:59","2026-06-09","2026-06-10T03:25:48Z",97.7
"Josh","2026-06-11 10:05:59","2026-06-09","2026-06-10T03:26:48Z",97.7
"Josh","2026-06-11 10:05:59","2026-06-09","2026-06-10T03:27:48Z",97.8
"Josh","2026-06-11 10:05:59","2026-06-09","2026-06-10T03:28:48Z",97.8
"Josh","2026-06-11 10:05:59","2026-06-09","2026-06-10T03:29:48Z",97.9
"Josh","2026-06-11 10:05:59","2026-06-09","2026-06-10T03:30:48Z",97.9
"Josh","2026-06-11 10:05:59","2026-06-09","2026-06-10T03:31:48Z",98.0
"Josh","2026-06-11 10:05:59","2026-06-09","2026-06-10T03:32:48Z",98.0
"Josh","2026-06-11 10:05:59","2026-06-09","2026-06-10T03:33:48Z",98.0
"Josh","2026-06-11 10:05:59","2026-06-09","2026-06-10T03:34:48Z",98.1
"Josh","2026-06-11 10:05:59","2026-06-09","2026-06-10T03:35:48Z",98.1
"Josh","2026-06-11 10:05:59","2026-06-09","2026-06-10T03:36:48Z",98.2
"Josh","2026-06-11 10:05:59","2026-06-09","2026-06-10T03:37:48Z",98.2
"Josh","2026-06-11 10:05:59","2026-06-09","2026-06-10T03:38:48Z",98.3
"Josh","2026-06-11 10:05:59","2026-06-09","2026-06-10T03:39:48Z",98.4
"Josh","2026-06-11 10:05:59","2026-06-09","2026-06-10T03:40:48Z",98.5
"Josh","2026-06-11 10:05:59","2026-06-09","2026-06-10T03:41:48Z",98.5
"Josh","2026-06-11 10:05:59","2026-06-09","2026-06-10T03:42:48Z",98.5
"Josh","2026-06-11 10:05:59","2026-06-09","2026-06-10T03:43:48Z",98.6
"Josh","2026-06-11 10:05:59","2026-06-09","2026-06-10T03:44:48Z",98.7
"Josh","2026-06-11 10:05:59","2026-06-09","2026-06-10T03:45:48Z",98.7
"Josh","2026-06-11 10:05:59","2026-06-09","2026-06-10T03:46:48Z",98.6
"Josh","2026-06-11 10:05:59","2026-06-09","2026-06-10T03:47:48Z",98.6
"Josh","2026-06-11 10:05:59","2026-06-09","2026-06-10T03:48:48Z",98.7
"Josh","2026-06-11 10:05:59","2026-06-09","2026-06-10T03:49:48Z",98.8
"Josh","2026-06-11 10:05:59","2026-06-09","2026-06-10T03:50:48Z",98.8
"Josh","2026-06-11 10:05:59","2026-06-09","2026-06-10T03:51:48Z",98.7
"Josh","2026-06-11 10:05:59","2026-06-09","2026-06-10T03:52:48Z",98.7
"Josh","2026-06-11 10:05:59","2026-06-09","2026-06-10T03:53:48Z",98.7
"Josh","2026-06-11 10:05:59","2026-06-09","2026-06-10T03:54:48Z",98.7
"Josh","2026-06-11 10:05:59","2026-06-09","2026-06-10T03:55:48Z",98.7
"Josh","2026-06-11 10:05:59","2026-06-09","2026-06-10T03:56:48Z",98.8
"Josh","2026-06-11 10:05:59","2026-06-09","2026-06-10T03:57:48Z",98.7
"Josh","2026-06-11 10:05:59","2026-06-09","2026-06-10T03:58:48Z",98.6
"Josh","2026-06-11 10:05:59","2026-06-09","2026-06-10T03:59:48Z",98.6
"Josh","2026-06-11 10:05:59","2026-06-09","2026-06-10T04:00:48Z",98.7
"Josh","2026-06-11 10:05:59","2026-06-09","2026-06-10T04:01:48Z",98.6
"Josh","2026-06-11 10:05:59","2026-06-09","2026-06-10T04:02:48Z",98.7
"Josh","2026-06-11 10:05:59","2026-06-09","2026-06-10T04:03:48Z",98.6
"Josh","2026-06-11 10:05:59","2026-06-09","2026-06-10T04:04:48Z",98.7
"Josh","2026-06-11 10:05:59","2026-06-09","2026-06-10T04:05:48Z",98.7
"Josh","2026-06-11 10:05:59","2026-06-09","2026-06-10T04:06:48Z",98.6
"Josh","2026-06-11 10:05:59","2026-06-09","2026-06-10T04:07:48Z",98.6
"Josh","2026-06-11 10:05:59","2026-06-09","2026-06-10T04:08:48Z",98.6
"Josh","2026-06-11 10:05:59","2026-06-09","2026-06-10T04:09:48Z",98.5
"Josh","2026-06-11 10:05:59","2026-06-09","2026-06-10T04:10:48Z",98.5
"Josh","2026-06-11 10:05:59","2026-06-09","2026-06-10T04:11:48Z",98.4
"Josh","2026-06-11 10:05:59","2026-06-09","2026-06-10T04:12:48Z",98.4
"Josh","2026-06-11 10:05:59","2026-06-09","2026-06-10T04:13:48Z",98.2
"Josh","2026-06-11 10:05:59","2026-06-09","2026-06-10T04:14:48Z",98.2
"Josh","2026-06-11 10:05:59","2026-06-09","2026-06-10T04:15:48Z",98.2
"Josh","2026-06-11 10:05:59","2026-06-09","2026-06-10T04:16:48Z",98.1
"Josh","2026-06-11 10:05:59","2026-06-09","2026-06-10T04:17:48Z",50.0
"Josh","2026-06-11 10:05:59","2026-06-09","2026-06-10T04:18:48Z",98.1
"Josh","2026-06-11 10:05:59","2026-06-09","2026-06-10T04:19:48Z",98.1
"Josh","2026-06-11 10:05:59","2026-06-09","2026-06-10T04:20:48Z",98.0
"Josh","2026-06-11 10:05:59","2026-06-09","2026-06-10T04:21:48Z",98.0
"Josh","2026-06-11 10:05:59","2026-06-09","2026-06-10T04:22:48Z",97.9
"Josh","2026-06-11 10:05:59","2026-06-09","2026-06-10T04:23:48Z",97.9
"Josh","2026-06-11 10:05:59","2026-06-09","2026-06-10T04:24:48Z",97.9
"Josh","2026-06-11 10:05:59","2026-06-09","2026-06-10T04:25:48Z",97.8
"Josh","2026-06-11 10:05:59","2026-06-09","2026-06-10T04:26:48Z",97.8
"Josh","2026-06-11 10:05:59","2026-06-09","2026-06-10T04:27:48Z",97.7
"Josh","2026-06-11 10:05:59","2026-06-09","2026-06-10T04:28:48Z",97.5
"Josh","2026-06-11 10:05:59","2026-06-09","2026-06-10T04:29:48Z",97.4
"Josh","2026-06-11 10:05:59","2026-06-09","2026-06-10T04:30:48Z",97.2
"Josh","2026-06-11 10:05:59","2026-06-09","2026-06-10T04:31:48Z",97.2
"Josh","2026-06-11 10:05:59","2026-06-09","2026-06-10T04:32:48Z",97.2
"Josh","2026-06-11 10:05:59","2026-06-09","2026-06-10T04:33:48Z",97.2
"Josh","2026-06-11 10:05:59","2026-06-09","2026-06-10T04:34:48Z",97.1
"Josh","2026-06-11 10:05:59","2026-06-09","2026-06-10T04:35:48Z",97.1
"Josh","2026-06-11 10:05:59","2026-06-09","2026-06-10T04:36:48Z",97.2
"Josh","2026-06-11 10:05:59","2026-06-09","2026-06-10T04:37:48Z",97.2
"Josh","2026-06-11 10:05:59","2026-06-09","2026-06-10T04:38:48Z",97.2
"Josh","2026-06-11 10:05:59","2026-06-09","2026-06-10T04:39:48Z",97.2
"Josh","2026-06-11 10:05:59","2026-06-09","2026-06-10T04:40:48Z",97.2
"Josh","2026-06-11 10:05:59","2026-06-09","2026-06-10T04:41:48Z",97.1
"Josh","2026-06-11 10:05:59","2026-06-09","2026-06-10T04:42:48Z",97.0
"Josh","2026-06-11 10:05:59","2026-06-09","2026-06-10T04:43:48Z",97.0
"Josh","2026-06-11 10:05:59","2026-06-09","2026-06-10T04:44:48Z",97.0
"Josh","2026-06-11 10:05:59","2026-06-09","2026-06-10T04:45:48Z",97.0
"Josh","2026-06-11 10:05:59","2026-06-09","2026-06-10T04:46:48Z",97.1
"Josh","2026-06-11 10:05:59","2026-06-09","2026-06-10T04:47:48Z",97.2
"Josh","2026-06-11 10:05:59","2026-06-09","2026-06-10T04:48:48Z",97.3
"Josh","2026-06-11 10:05:59","2026-06-09","2026-06-10T04:49:48Z",97.3
"Josh","2026-06-11 10:05:59","2026-06-09","2026-06-10T04:50:48Z",97.4
"Josh","2026-06-11 10:05:59","2026-06-09","2026-06-10T04:51:48Z",97.5
"Josh","2026-06-11 10:05:59","2026-06-09","2026-06-10T04:52:48Z",97.5
"Josh","2026-06-11 10:05:59","2026-06-09","2026-06-10T04:53:48Z",97.6
"Josh","2026-06-11 10:05:59","2026-06-09","2026-06-10T04:54:48Z",97.6
"Josh","2026-06-11 10:05:59","2026-06-09","2026-06-10T04:55:48Z",97.7
"Josh","2026-06-11 10:05:59","2026-06-09","2026-06-10T04:56:48Z",97.7
"Josh","2026-06-11 10:05:59","2026-06-09","2026-06-10T04:57:48Z",97.8
"Josh","2026-06-11 10:05:59","2026-06-09","2026-06-10T04:58:48Z",97.8
"Josh","2026-06-11 10:05:59","2026-06-09","2026-06-10T04:59:48Z",97.9
"Josh","2026-06-11 10:05:59","2026-06-09","2026-06-10T05:00:48Z",97.9
"Josh","2026-06-11 10:05:59","2026-06-09","2026-06-10T05:01:48Z",98.0
"Josh","2026-06-11 10:05:59","2026-06-09","2026-06-10T05:02:48Z",98.0
"Josh","2026-06-11 10:05:59","2026-06-09","2026-06-10T05:03:48Z",98.0
"Josh","2026-06-11 10:05:59","2026-06-09","2026-06-10T05:04:48Z",98.1
"Josh","2026-06-11 10:05:59","2026-06-09","2026-06-10T05:05:48Z",98.1
"Josh","2026-06-11 10:05:59","2026-06-09","2026-06-10T05:06:48Z",98.2
"Josh","2026-06-11 10:05:59","2026-06-09","2026-06-10T05:07:48Z",98.2
"Josh","2026-06-11 10:05:59","2026-06-09","2026-06-10T05:08:48Z",98.3
"Josh","2026-06-11 10:05:59","2026-06-09","2026-06-10T05:09:48Z",98.3
"Josh","2026-06-11 10:05:59","2026-06-09","2026-06-10T05:10:48Z",98.4
"Josh","2026-06-11 10:05:59","2026-06-09","2026-06-10T05:11:48Z",98.4
"Josh","2026-06-11 10:05:59","2026-06-09","2026-06-10T05:12:48Z",98.5
"Josh","2026-06-11 10:05:59","2026-06-09","2026-06-10T05:13:48Z",98.6
"Josh","2026-06-11 10:05:59","2026-06-09","2026-06-10T05:14:48Z",98.6
"Josh","2026-06-11 10:05:59","2026-06-09","2026-06-10T05:15:48Z",98.6
"Josh","2026-06-11 10:05:59","2026-06-09","2026-06-10T05:16:48Z",98.7
"Josh","2026-06-11 10:05:59","2026-06-09","2026-06-10T05:17:48Z",98.7
"Josh","2026-06-11 10:05:59","2026-06-09","2026-06-10T05:18:48Z",98.7
"Josh","2026-06-11 10:05:59","2026-06-09","2026-06-10T05:19:48Z",98.7
"Josh","2026-06-11 10:05:59","2026-06-09","2026-06-10T05:20:48Z",98.6
"Josh","2026-06-11 10:05:59","2026-06-09","2026-06-10T05:21:48Z",98.7
"Josh","2026-06-11 10:05:59","2026-06-09","2026-06-10T05:22:48Z",98.7
"Josh","2026-06-11 10:05:59","2026-06-09","2026-06-10T05:23:48Z",98.7
"Josh","2026-06-11 10:05:59","2026-06-09","2026-06-10T05:24:48Z",98.7
"Josh","2026-06-11 10:05:59","2026-06-09","2026-06-10T05:25:48Z",98.8
"Josh","2026-06-11 10:05:59","2026-06-09","2026-06-10T05:26:48Z",98.7
"Josh","2026-06-11 10:05:59","2026-06-09","2026-06-10T05:27:48Z",98.6
"Josh","2026-06-11 10:05:59","2026-06-09","2026-06-10T05:28:48Z",98.6
"Josh","2026-06-11 10:05:59","2026-06-09","2026-06-10T05:29:48Z",98.5
"Josh","2026-06-11 10:05:59","2026-06-09","2026-06-10T05:30:48Z",98.6
"Josh","2026-06-11 10:05:59","2026-06-09","2026-06-10T05:31:48Z",98.6
"Josh","2026-06-11 10:05:59","2026-06-09","2026-06-10T05:32:48Z",98.7
"Josh","2026-06-11 10:05:59","2026-06-09","2026-06-10T05:33:48Z",98.7
"Josh","2026-06-11 10:05:59","2026-06-09","2026-06-10T05:34:48Z",98.8
"Josh","2026-06-11 10:05:59","2026-06-09","2026-06-10T05:35:48Z",98.9
"Josh","2026-06-11 10:05:59","2026-06-09","2026-06-10T05:36:48Z",98.8
"Josh","2026-06-11 10:05:59","2026-06-09","2026-06-10T05:37:48Z",98.7
"Josh","2026-06-11 10:05:59","2026-06-09","2026-06-10T05:38:48Z",98.7
"Josh","2026-06-11 10:05:59","2026-06-09","2026-06-10T05:39:48Z",98.6
"Josh","2026-06-11 10:05:59","2026-06-09","2026-06-10T05:40:48Z",98.6
"Josh","2026-06-11 10:05:59","2026-06-09","2026-06-10T05:41:48Z",98.5
"Josh","2026-06-11 10:05:59","2026-06-09","2026-06-10T05:42:48Z",98.5
"Josh","2026-06-11 10:05:59","2026-06-09","2026-06-10T05:43:48Z",98.4
"Josh","2026-06-11 10:05:59","2026-06-09","2026-06-10T05:44:48Z",98.4
"Josh","2026-06-11 10:05:59","2026-06-09","2026-06-10T05:45:48Z",98.3
"Josh","2026-06-11 10:05:59","2026-06-09","2026-06-10T05:46:48Z",98.3
"Josh","2026-06-11 10:05:59","2026-06-09","2026-06-10T05:47:48Z",98.2
"Josh","2026-06-11 10:05:59","2026-06-09","2026-06-10T05:48:48Z",98.2
"Josh","2026-06-11 10:05:59","2026-06-09","2026-06-10T05:49:48Z",98.1
"Josh","2026-06-11 10:05:59","2026-06-09","2026-06-10T05:50:48Z",98.1
"Josh","2026-06-11 10:05:59","2026-06-09","2026-06-10T05:51:48Z",98.0
"Josh","2026-06-11 10:05:59","2026-06-09","2026-06-10T05:52:48Z",98.0
"Josh","2026-06-11 10:05:59","2026-06-09","2026-06-10T05:53:48Z",97.9
"Josh","2026-06-11 10:05:59","2026-06-09","2026-06-10T05:54:48Z",97.9
"Josh","2026-06-11 10:05:59","2026-06-09","2026-06-10T05:55:48Z",97.8
"Josh","2026-06-11 10:05:59","2026-06-09","2026-06-10T05:56:48Z",97.4
"Josh","2026-06-11 10:05:59","2026-06-09","2026-06-10T05:57:48Z",97.4
"Josh","2026-06-11 10:05:59","2026-06-09","2026-06-10T05:58:48Z",97.3
"Josh","2026-06-11 10:05:59","2026-06-09","2026-06-10T05:59:48Z",97.3
"Josh","2026-06-11 10:05:59","2026-06-09","2026-06-10T06:00:48Z",97.3
"Josh","2026-06-11 10:05:59","2026-06-09","2026-06-10T06:01:48Z",97.2
"Josh","2026-06-11 10:05:59","2026-06-09","2026-06-10T06:02:48Z",97.2
"Josh","2026-06-11 10:05:59","2026-06-09","2026-06-10T06:03:48Z",97.1
"Josh","2026-06-11 10:05:59","2026-06-09","2026-06-10T06:04:48Z",97.1
"Josh","2026-06-11 10:05:59","2026-06-09","2026-06-10T06:05:48Z",97.2
"Josh","2026-06-11 10:05:59","2026-06-09","2026-06-10T06:06:48Z",97.1
"Josh","2026-06-11 10:05:59","2026-06-09","2026-06-10T06:07:48Z",97.2
"Josh","2026-06-11 10:05:59","2026-06-09","2026-06-10T06:08:48Z",97.2
"Josh","2026-06-11 10:05:59","2026-06-09","2026-06-10T06:09:48Z",97.2
"Josh","2026-06-11 10:05:59","2026-06-09","2026-06-10T06:10:48Z",97.2
"Josh","2026-06-11 10:05:59","2026-06-09","2026-06-10T06:11:48Z",97.1
"Josh","2026-06-11 10:05:59","2026-06-09","2026-06-10T06:12:48Z",97.1
"Josh","2026-06-11 10:05:59","2026-06-09","2026-06-10T06:13:48Z",97.1
"Josh","2026-06-11 10:05:59","2026-06-09","2026-06-10T06:14:48Z",97.1
"Josh","2026-06-11 10:05:59","2026-06-09","2026-06-10T06:15:48Z",97.0
"Josh","2026-06-11 10:05:59","2026-06-09","2026-06-10T06:16:48Z",97.1
"Josh","2026-06-11 10:05:59","2026-06-09","2026-06-10T06:17:48Z",97.2
"Josh","2026-06-11 10:05:59","2026-06-09","2026-06-10T06:18:48Z",97.2
"Josh","2026-06-11 10:05:59","2026-06-09","2026-06-10T06:19:48Z",97.3
"Josh","2026-06-11 10:05:59","2026-06-09","2026-06-10T06:20:48Z",97.4
"Josh","2026-06-11 10:05:59","2026-06-09","2026-06-10T06:21:48Z",97.4
"Josh","2026-06-11 10:05:59","2026-06-09","2026-06-10T06:22:48Z",97.5
"Josh","2026-06-11 10:05:59","2026-06-09","2026-06-10T06:23:48Z",97.6
"Josh","2026-06-11 10:05:59","2026-06-09","2026-06-10T06:24:48Z",97.6
"Josh","2026-06-11 10:05:59","2026-06-09","2026-06-10T06:25:48Z",97.7
"Josh","2026-06-11 10:05:59","2026-06-09","2026-06-10T06:26:48Z",97.7
"Josh","2026-06-11 10:05:59","2026-06-09","2026-06-10T06:27:48Z",97.8
"Josh","2026-06-11 10:05:59","2026-06-09","2026-06-10T06:28:48Z",97.8
"Josh","2026-06-11 10:05:59","2026-06-09","2026-06-10T06:29:48Z",97.9
"Josh","2026-06-11 10:05:59","2026-06-09","2026-06-10T06:30:48Z",97.9
"Josh","2026-06-11 10:05:59","2026-06-09","2026-06-10T06:31:48Z",98.0
"Josh","2026-06-11 10:05:59","2026-06-09","2026-06-10T06:32:48Z",98.0
"Josh","2026-06-11 10:05:59","2026-06-09","2026-06-10T06:33:48Z",98.0
"Josh","2026-06-11 10:05:59","2026-06-09","2026-06-10T06:34:48Z",50.0
"Josh","2026-06-11 10:05:59","2026-06-09","2026-06-10T06:35:48Z",98.1
"Josh","2026-06-11 10:05:59","2026-06-09","2026-06-10T06:36:48Z",98.2
"Josh","2026-06-11 10:05:59","2026-06-09","2026-06-10T06:37:48Z",98.2
"Josh","2026-06-11 10:05:59","2026-06-09","2026-06-10T06:38:48Z",98.3
"Josh","2026-06-11 10:05:59","2026-06-09","2026-06-10T06:39:48Z",98.3
"Josh","2026-06-11 10:05:59","2026-06-09","2026-06-10T06:40:48Z",98.4
"Josh","2026-06-11 10:05:59","2026-06-09","2026-06-10T06:41:48Z",98.5
"Josh","2026-06-11 10:05:59","2026-06-09","2026-06-10T06:42:48Z",98.6
"Josh","2026-06-11 10:05:59","2026-06-09","2026-06-10T06:43:48Z",98.6
"Josh","2026-06-11 10:05:59","2026-06-09","2026-06-10T06:44:48Z",98.6
"Josh","2026-06-11 10:05:59","2026-06-09","2026-06-10T06:45:48Z",98.6
"Josh","2026-06-11 10:05:59","2026-06-09","2026-06-10T06:46:48Z",98.5
"Josh","2026-06-11 10:05:59","2026-06-09","2026-06-10T06:47:48Z",98.6
"Josh","2026-06-11 10:05:59","2026-06-09","2026-06-10T06:48:48Z",98.6
"Josh","2026-06-11 10:05:59","2026-06-09","2026-06-10T06:49:48Z",98.5
"Josh","2026-06-11 10:05:59","2026-06-09","2026-06-10T06:50:48Z",98.7
"Josh","2026-06-11 10:05:59","2026-06-09","2026-06-10T06:51:48Z",98.8
"Josh","2026-06-11 10:05:59","2026-06-09","2026-06-10T06:52:48Z",98.9
"Josh","2026-06-11 10:05:59","2026-06-09","2026-06-10T06:53:48Z",98.8
"Josh","2026-06-11 10:05:59","2026-06-09","2026-06-10T06:54:48Z",98.8
"Josh","2026-06-11 10:05:59","2026-06-09","2026-06-10T06:55:48Z",98.7
"Josh","2026-06-11 10:05:59","2026-06-09","2026-06-10T06:56:48Z",98.8
"Josh","2026-06-11 10:05:59","2026-06-09","2026-06-10T06:57:48Z",98.7
"Josh","2026-06-11 10:05:59","2026-06-09","2026-06-10T06:58:48Z",98.7
"Josh","2026-06-11 10:05:59","2026-06-09","2026-06-10T06:59:48Z",98.7
"Josh","2026-06-11 10:05:59","2026-06-09","2026-06-10T07:00:48Z",98.8
"Josh","2026-06-11 10:05:59","2026-06-09","2026-06-10T07:01:48Z",98.8
"Josh","2026-06-11 10:05:59","2026-06-09","2026-06-10T07:02:48Z",98.8
"Josh","2026-06-11 10:05:59","2026-06-09","2026-06-10T07:03:48Z",98.8
"Josh","2026-06-11 10:05:59","2026-06-09","2026-06-10T07:04:48Z",98.8
"Josh","2026-06-11 10:05:59","2026-06-09","2026-06-10T07:05:48Z",98.9
"Josh","2026-06-11 10:05:59","2026-06-09","2026-06-10T07:06:48Z",98.8
"Josh","2026-06-11 10:05:59","2026-06-09","2026-06-10T07:07:48Z",98.7
"Josh","2026-06-11 10:05:59","2026-06-09","2026-06-10T07:08:48Z",98.7
"Josh","2026-06-11 10:05:59","2026-06-09","2026-06-10T07:09:48Z",98.6
"Josh","2026-06-11 10:05:59","2026-06-09","2026-06-10T07:10:48Z",98.6
"Josh","2026-06-11 10:05:59","2026-06-09","2026-06-10T07:11:48Z",98.5
"Josh","2026-06-11 10:05:59","2026-06-09","2026-06-10T07:12:48Z",98.5
"Josh","2026-06-11 10:05:59","2026-06-09","2026-06-10T07:13:48Z",98.4
"Josh","2026-06-11 10:05:59","2026-06-09","2026-06-10T07:14:48Z",98.4
"Josh","2026-06-11 10:05:59","2026-06-09","2026-06-10T07:15:48Z",98.3
"Josh","2026-06-11 10:05:59","2026-06-09","2026-06-10T07:16:48Z",98.3
"Josh","2026-06-11 10:05:59","2026-06-09","2026-06-10T07:17:48Z",98.3
"Josh","2026-06-11 10:05:59","2026-06-09","2026-06-10T07:18:48Z",98.3
"Josh","2026-06-11 10:05:59","2026-06-09","2026-06-10T07:19:48Z",98.3
"Josh","2026-06-11 10:05:59","2026-06-09","2026-06-10T07:20:48Z",98.3
"Josh","2026-06-11 10:05:59","2026-06-09","2026-06-10T07:21:48Z",98.3
"Josh","2026-06-11 10:05:59","2026-06-09","2026-06-10T07:22:48Z",98.3
"Josh","2026-06-11 10:05:59","2026-06-09","2026-06-10T07:23:48Z",98.3
"Josh","2026-06-11 10:05:59","2026-06-09","2026-06-10T07:24:48Z",98.4
"Josh","2026-06-11 10:05:59","2026-06-09","2026-06-10T07:25:48Z",98.4
"Josh","2026-06-11 10:05:59","2026-06-09","2026-06-10T07:26:48Z",98.4
"Josh","2026-06-11 10:05:59","2026-06-09","2026-06-10T07:27:48Z",98.5
"Josh","2026-06-11 10:05:59","2026-06-10","2026-06-10T22:33:22Z",98.3
"Josh","2026-06-11 10:05:59","2026-06-10","2026-06-10T22:34:22Z",98.3
"Josh","2026-06-11 10:05:59","2026-06-10","2026-06-10T22:35:22Z",98.3
"Josh","2026-06-11 10:05:59","2026-06-10","2026-06-10T22:36:22Z",98.3
"Josh","2026-06-11 10:05:59","2026-06-10","2026-06-10T22:37:22Z",98.3
"Josh","2026-06-11 10:05:59","2026-06-10","2026-06-10T22:38:22Z",98.3
"Josh","2026-06-11 10:05:59","2026-06-10","2026-06-10T22:39:22Z",98.3
"Josh","2026-06-11 10:05:59","2026-06-10","2026-06-10T22:40:22Z",98.3
"Josh","2026-06-11 10:05:59","2026-06-10","2026-06-10T22:41:22Z",98.3
"Josh","2026-06-11 10:05:59","2026-06-10","2026-06-10T22:42:22Z",98.3
"Josh","2026-06-11 10:05:59","2026-06-10","2026-06-10T22:43:22Z",98.3
"Josh","2026-06-11 10:05:59","2026-06-10","2026-06-10T22:44:22Z",98.3
"Josh","2026-06-11 10:05:59","2026-06-10","2026-06-10T22:45:22Z",98.3
"Josh","2026-06-11 10:05:59","2026-06-10","2026-06-10T22:46:22Z",98.2
"Josh","2026-06-11 10:05:59","2026-06-10","2026-06-10T22:47:22Z",98.2
"Josh","2026-06-11 10:05:59","2026-06-10","2026-06-10T22:48:22Z",98.2
"Josh","2026-06-11 10:05:59","2026-06-10","2026-06-10T22:49:22Z",98.3
"Josh","2026-06-11 10:05:59","2026-06-10","2026-06-10T22:50:22Z",98.3
"Josh","2026-06-11 10:05:59","2026-06-10","2026-06-10T22:51:22Z",98.3
"Josh","2026-06-11 10:05:59","2026-06-10","2026-06-10T22:52:22Z",98.3
"Josh","2026-06-11 10:05:59","2026-06-10","2026-06-10T22:53:22Z",98.3
"Josh","2026-06-11 10:05:59","2026-06-10","2026-06-10T22:54:22Z",98.3
"Josh","2026-06-11 10:05:59","2026-06-10","2026-06-10T22:55:22Z",98.4
"Josh","2026-06-11 10:05:59","2026-06-10","2026-06-10T22:56:22Z",98.4
"Josh","2026-06-11 10:05:59","2026-06-10","2026-06-10T22:57:22Z",98.4
"Josh","2026-06-11 10:05:59","2026-06-10","2026-06-10T22:58:22Z",98.4
"Josh","2026-06-11 10:05:59","2026-06-10","2026-06-10T22:59:22Z",98.4
"Josh","2026-06-11 10:05:59","2026-06-10","2026-06-10T23:00:22Z",98.5
"Josh","2026-06-11 10:05:59","2026-06-10","2026-06-10T23:01:22Z",98.6
"Josh","2026-06-11 10:05:59","2026-06-10","2026-06-10T23:02:22Z",98.6
"Josh","2026-06-11 10:05:59","2026-06-10","2026-06-10T23:03:22Z",98.6
"Josh","2026-06-11 10:05:59","2026-06-10","2026-06-10T23:04:22Z",98.7
"Josh","2026-06-11 10:05:59","2026-06-10","2026-06-10T23:05:22Z",98.7
"Josh","2026-06-11 10:05:59","2026-06-10","2026-06-10T23:06:22Z",98.6
"Josh","2026-06-11 10:05:59","2026-06-10","2026-06-10T23:07:22Z",98.7
"Josh","2026-06-11 10:05:59","2026-06-10","2026-06-10T23:08:22Z",98.6
"Josh","2026-06-11 10:05:59","2026-06-10","2026-06-10T23:09:22Z",98.7
"Josh","2026-06-11 10:05:59","2026-06-10","2026-06-10T23:10:22Z",98.8
"Josh","2026-06-11 10:05:59","2026-06-10","2026-06-10T23:11:22Z",98.7
"Josh","2026-06-11 10:05:59","2026-06-10","2026-06-10T23:12:22Z",98.7
"Josh","2026-06-11 10:05:59","2026-06-10","2026-06-10T23:13:22Z",98.6
"Josh","2026-06-11 10:05:59","2026-06-10","2026-06-10T23:14:22Z",98.8
"Josh","2026-06-11 10:05:59","2026-06-10","2026-06-10T23:15:22Z",98.8
"Josh","2026-06-11 10:05:59","2026-06-10","2026-06-10T23:16:22Z",98.8
"Josh","2026-06-11 10:05:59","2026-06-10","2026-06-10T23:17:22Z",98.8
"Josh","2026-06-11 10:05:59","2026-06-10","2026-06-10T23:18:22Z",98.7
"Josh","2026-06-11 10:05:59","2026-06-10","2026-06-10T23:19:22Z",98.7
"Josh","2026-06-11 10:05:59","2026-06-10","2026-06-10T23:20:22Z",98.7
"Josh","2026-06-11 10:05:59","2026-06-10","2026-06-10T23:21:22Z",98.7
"Josh","2026-06-11 10:05:59","2026-06-10","2026-06-10T23:22:22Z",98.8
"Josh","2026-06-11 10:05:59","2026-06-10","2026-06-10T23:23:22Z",98.8
"Josh","2026-06-11 10:05:59","2026-06-10","2026-06-10T23:24:22Z",98.7
"Josh","2026-06-11 10:05:59","2026-06-10","2026-06-10T23:25:22Z",98.6
"Josh","2026-06-11 10:05:59","2026-06-10","2026-06-10T23:26:22Z",98.6
"Josh","2026-06-11 10:05:59","2026-06-10","2026-06-10T23:27:22Z",98.5
"Josh","2026-06-11 10:05:59","2026-06-10","2026-06-10T23:28:22Z",98.5
"Josh","2026-06-11 10:05:59","2026-06-10","2026-06-10T23:29:22Z",98.4
"Josh","2026-06-11 10:05:59","2026-06-10","2026-06-10T23:30:22Z",98.4
"Josh","2026-06-11 10:05:59","2026-06-10","2026-06-10T23:31:22Z",98.3
"Josh","2026-06-11 10:05:59","2026-06-10","2026-06-10T23:32:22Z",98.3
"Josh","2026-06-11 10:05:59","2026-06-10","2026-06-10T23:33:22Z",98.2
"Josh","2026-06-11 10:05:59","2026-06-10","2026-06-10T23:34:22Z",98.2
"Josh","2026-06-11 10:05:59","2026-06-10","2026-06-10T23:35:22Z",98.2
"Josh","2026-06-11 10:05:59","2026-06-10","2026-06-10T23:36:22Z",98.1
"Josh","2026-06-11 10:05:59","2026-06-10","2026-06-10T23:37:22Z",98.1
"Josh","2026-06-11 10:05:59","2026-06-10","2026-06-10T23:38:22Z",98.0
"Josh","2026-06-11 10:05:59","2026-06-10","2026-06-10T23:39:22Z",98.0
"Josh","2026-06-11 10:05:59","2026-06-10","2026-06-10T23:40:22Z",97.9
"Josh","2026-06-11 10:05:59","2026-06-10","2026-06-10T23:41:22Z",97.9
"Josh","2026-06-11 10:05:59","2026-06-10","2026-06-10T23:42:22Z",97.8
"Josh","2026-06-11 10:05:59","2026-06-10","2026-06-10T23:43:22Z",97.8
"Josh","2026-06-11 10:05:59","2026-06-10","2026-06-10T23:44:22Z",50.0
"Josh","2026-06-11 10:05:59","2026-06-10","2026-06-10T23:45:22Z",97.6
"Josh","2026-06-11 10:05:59","2026-06-10","2026-06-10T23:46:22Z",97.6
"Josh","2026-06-11 10:05:59","2026-06-10","2026-06-10T23:47:22Z",97.5
"Josh","2026-06-11 10:05:59","2026-06-10","2026-06-10T23:48:22Z",97.5
"Josh","2026-06-11 10:05:59","2026-06-10","2026-06-10T23:49:22Z",97.3
"Josh","2026-06-11 10:05:59","2026-06-10","2026-06-10T23:50:22Z",50.0
"Josh","2026-06-11 10:05:59","2026-06-10","2026-06-10T23:51:22Z",97.1
"Josh","2026-06-11 10:05:59","2026-06-10","2026-06-10T23:52:22Z",97.1
"Josh","2026-06-11 10:05:59","2026-06-10","2026-06-10T23:53:22Z",97.1
"Josh","2026-06-11 10:05:59","2026-06-10","2026-06-10T23:54:22Z",97.1
"Josh","2026-06-11 10:05:59","2026-06-10","2026-06-10T23:55:22Z",96.9
"Josh","2026-06-11 10:05:59","2026-06-10","2026-06-10T23:56:22Z",50.0
"Josh","2026-06-11 10:05:59","2026-06-10","2026-06-10T23:57:22Z",97.0
"Josh","2026-06-11 10:05:59","2026-06-10","2026-06-10T23:58:22Z",97.0
"Josh","2026-06-11 10:05:59","2026-06-10","2026-06-10T23:59:22Z",96.9
"Josh","2026-06-11 10:05:59","2026-06-10","2026-06-11T00:00:22Z",97.0
"Josh","2026-06-11 10:05:59","2026-06-10","2026-06-11T00:01:22Z",97.1
"Josh","2026-06-11 10:05:59","2026-06-10","2026-06-11T00:02:22Z",97.0
"Josh","2026-06-11 10:05:59","2026-06-10","2026-06-11T00:03:22Z",97.1
"Josh","2026-06-11 10:05:59","2026-06-10","2026-06-11T00:04:22Z",97.2
"Josh","2026-06-11 10:05:59","2026-06-10","2026-06-11T00:05:22Z",97.2
"Josh","2026-06-11 10:05:59","2026-06-10","2026-06-11T00:06:22Z",97.3
"Josh","2026-06-11 10:05:59","2026-06-10","2026-06-11T00:07:22Z",97.4
"Josh","2026-06-11 10:05:59","2026-06-10","2026-06-11T00:08:22Z",97.4
"Josh","2026-06-11 10:05:59","2026-06-10","2026-06-11T00:09:22Z",97.5
"Josh","2026-06-11 10:05:59","2026-06-10","2026-06-11T00:10:22Z",97.6
"Josh","2026-06-11 10:05:59","2026-06-10","2026-06-11T00:11:22Z",97.6
"Josh","2026-06-11 10:05:59","2026-06-10","2026-06-11T00:12:22Z",97.7
"Josh","2026-06-11 10:05:59","2026-06-10","2026-06-11T00:13:22Z",97.7
"Josh","2026-06-11 10:05:59","2026-06-10","2026-06-11T00:14:22Z",97.8
"Josh","2026-06-11 10:05:59","2026-06-10","2026-06-11T00:15:22Z",97.8
"Josh","2026-06-11 10:05:59","2026-06-10","2026-06-11T00:16:22Z",97.9
"Josh","2026-06-11 10:05:59","2026-06-10","2026-06-11T00:17:22Z",97.9
"Josh","2026-06-11 10:05:59","2026-06-10","2026-06-11T00:18:22Z",98.0
"Josh","2026-06-11 10:05:59","2026-06-10","2026-06-11T00:19:22Z",98.0
"Josh","2026-06-11 10:05:59","2026-06-10","2026-06-11T00:20:22Z",98.0
"Josh","2026-06-11 10:05:59","2026-06-10","2026-06-11T00:21:22Z",98.1
"Josh","2026-06-11 10:05:59","2026-06-10","2026-06-11T00:22:22Z",98.1
"Josh","2026-06-11 10:05:59","2026-06-10","2026-06-11T00:23:22Z",98.2
"Josh","2026-06-11 10:05:59","2026-06-10","2026-06-11T00:24:22Z",98.2
"Josh","2026-06-11 10:05:59","2026-06-10","2026-06-11T00:25:22Z",98.3
"Josh","2026-06-11 10:05:59","2026-06-10","2026-06-11T00:26:22Z",98.3
"Josh","2026-06-11 10:05:59","2026-06-10","2026-06-11T00:27:22Z",98.4
"Josh","2026-06-11 10:05:59","2026-06-10","2026-06-11T00:28:22Z",98.6
"Josh","2026-06-11 10:05:59","2026-06-10","2026-06-11T00:29:22Z",98.6
"Josh","2026-06-11 10:05:59","2026-06-10","2026-06-11T00:30:22Z",98.6
"Josh","2026-06-11 10:05:59","2026-06-10","2026-06-11T00:31:22Z",98.6
"Josh","2026-06-11 10:05:59","2026-06-10","2026-06-11T00:32:22Z",98.7
"Josh","2026-06-11 10:05:59","2026-06-10","2026-06-11T00:33:22Z",98.8
"Josh","2026-06-11 10:05:59","2026-06-10","2026-06-11T00:34:22Z",98.7
"Josh","2026-06-11 10:05:59","2026-06-10","2026-06-11T00:35:22Z",98.7
"Josh","2026-06-11 10:05:59","2026-06-10","2026-06-11T00:36:22Z",98.7
"Josh","2026-06-11 10:05:59","2026-06-10","2026-06-11T00:37:22Z",98.8
"Josh","2026-06-11 10:05:59","2026-06-10","2026-06-11T00:38:22Z",98.8
"Josh","2026-06-11 10:05:59","2026-06-10","2026-06-11T00:39:22Z",98.8
"Josh","2026-06-11 10:05:59","2026-06-10","2026-06-11T00:40:22Z",98.9
"Josh","2026-06-11 10:05:59","2026-06-10","2026-06-11T00:41:22Z",98.8
"Josh","2026-06-11 10:05:59","2026-06-10","2026-06-11T00:42:22Z",98.7
"Josh","2026-06-11 10:05:59","2026-06-10","2026-06-11T00:43:22Z",98.8
"Josh","2026-06-11 10:05:59","2026-06-10","2026-06-11T00:44:22Z",98.7
"Josh","2026-06-11 10:05:59","2026-06-10","2026-06-11T00:45:22Z",98.7
"Josh","2026-06-11 10:05:59","2026-06-10","2026-06-11T00:46:22Z",98.7
"Josh","2026-06-11 10:05:59","2026-06-10","2026-06-11T00:47:22Z",98.7
"Josh","2026-06-11 10:05:59","2026-06-10","2026-06-11T00:48:22Z",98.7
"Josh","2026-06-11 10:05:59","2026-06-10","2026-06-11T00:49:22Z",98.6
"Josh","2026-06-11 10:05:59","2026-06-10","2026-06-11T00:50:22Z",98.6
"Josh","2026-06-11 10:05:59","2026-06-10","2026-06-11T00:51:22Z",98.7
"Josh","2026-06-11 10:05:59","2026-06-10","2026-06-11T00:52:22Z",98.6
"Josh","2026-06-11 10:05:59","2026-06-10","2026-06-11T00:53:22Z",98.6
"Josh","2026-06-11 10:05:59","2026-06-10","2026-06-11T00:54:22Z",98.6
"Josh","2026-06-11 10:05:59","2026-06-10","2026-06-11T00:55:22Z",98.5
"Josh","2026-06-11 10:05:59","2026-06-10","2026-06-11T00:56:22Z",98.5
"Josh","2026-06-11 10:05:59","2026-06-10","2026-06-11T00:57:22Z",98.5
"Josh","2026-06-11 10:05:59","2026-06-10","2026-06-11T00:58:22Z",98.4
"Josh","2026-06-11 10:05:59","2026-06-10","2026-06-11T00:59:22Z",98.4
"Josh","2026-06-11 10:05:59","2026-06-10","2026-06-11T01:00:22Z",98.3
"Josh","2026-06-11 10:05:59","2026-06-10","2026-06-11T01:01:22Z",98.3
"Josh","2026-06-11 10:05:59","2026-06-10","2026-06-11T01:02:22Z",98.3
"Josh","2026-06-11 10:05:59","2026-06-10","2026-06-11T01:03:22Z",98.2
"Josh","2026-06-11 10:05:59","2026-06-10","2026-06-11T01:04:22Z",98.2
"Josh","2026-06-11 10:05:59","2026-06-10","2026-06-11T01:05:22Z",98.1
"Josh","2026-06-11 10:05:59","2026-06-10","2026-06-11T01:06:22Z",98.1
"Josh","2026-06-11 10:05:59","2026-06-10","2026-06-11T01:07:22Z",98.1
"Josh","2026-06-11 10:05:59","2026-06-10","2026-06-11T01:08:22Z",98.0
"Josh","2026-06-11 10:05:59","2026-06-10","2026-06-11T01:09:22Z",98.0
"Josh","2026-06-11 10:05:59","2026-06-10","2026-06-11T01:10:22Z",97.9
"Josh","2026-06-11 10:05:59","2026-06-10","2026-06-11T01:11:22Z",97.9
"Josh","2026-06-11 10:05:59","2026-06-10","2026-06-11T01:12:22Z",97.8
"Josh","2026-06-11 10:05:59","2026-06-10","2026-06-11T01:13:22Z",97.8
"Josh","2026-06-11 10:05:59","2026-06-10","2026-06-11T01:14:22Z",50.0
"Josh","2026-06-11 10:05:59","2026-06-10","2026-06-11T01:15:22Z",97.5
"Josh","2026-06-11 10:05:59","2026-06-10","2026-06-11T01:16:22Z",97.5
"Josh","2026-06-11 10:05:59","2026-06-10","2026-06-11T01:17:22Z",97.3
"Josh","2026-06-11 10:05:59","2026-06-10","2026-06-11T01:18:22Z",97.3
"Josh","2026-06-11 10:05:59","2026-06-10","2026-06-11T01:19:22Z",97.3
"Josh","2026-06-11 10:05:59","2026-06-10","2026-06-11T01:20:22Z",97.3
"Josh","2026-06-11 10:05:59","2026-06-10","2026-06-11T01:21:22Z",97.2
"Josh","2026-06-11 10:05:59","2026-06-10","2026-06-11T01:22:22Z",97.1
"Josh","2026-06-11 10:05:59","2026-06-10","2026-06-11T01:23:22Z",97.1
"Josh","2026-06-11 10:05:59","2026-06-10","2026-06-11T01:24:22Z",97.1
"Josh","2026-06-11 10:05:59","2026-06-10","2026-06-11T01:25:22Z",97.1
"Josh","2026-06-11 10:05:59","2026-06-10","2026-06-11T01:26:22Z",97.1
"Josh","2026-06-11 10:05:59","2026-06-10","2026-06-11T01:27:22Z",97.1
"Josh","2026-06-11 10:05:59","2026-06-10","2026-06-11T01:28:22Z",97.1
"Josh","2026-06-11 10:05:59","2026-06-10","2026-06-11T01:29:22Z",97.1
"Josh","2026-06-11 10:05:59","2026-06-10","2026-06-11T01:30:22Z",97.1
"Josh","2026-06-11 10:05:59","2026-06-10","2026-06-11T01:31:22Z",97.1
"Josh","2026-06-11 10:05:59","2026-06-10","2026-06-11T01:32:22Z",97.0
"Josh","2026-06-11 10:05:59","2026-06-10","2026-06-11T01:33:22Z",97.1
"Josh","2026-06-11 10:05:59","2026-06-10","2026-06-11T01:34:22Z",97.2
"Josh","2026-06-11 10:05:59","2026-06-10","2026-06-11T01:35:22Z",97.3
"Josh","2026-06-11 10:05:59","2026-06-10","2026-06-11T01:36:22Z",97.3
"Josh","2026-06-11 10:05:59","2026-06-10","2026-06-11T01:37:22Z",97.4
"Josh","2026-06-11 10:05:59","2026-06-10","2026-06-11T01:38:22Z",97.5
"Josh","2026-06-11 10:05:59","2026-06-10","2026-06-11T01:39:22Z",97.5
"Josh","2026-06-11 10:05:59","2026-06-10","2026-06-11T01:40:22Z",97.6
"Josh","2026-06-11 10:05:59","2026-06-10","2026-06-11T01:41:22Z",97.6
"Josh","2026-06-11 10:05:59","2026-06-10","2026-06-11T01:42:22Z",97.7
"Josh","2026-06-11 10:05:59","2026-06-10","2026-06-11T01:43:22Z",97.7
"Josh","2026-06-11 10:05:59","2026-06-10","2026-06-11T01:44:22Z",97.8
"Josh","2026-06-11 10:05:59","2026-06-10","2026-06-11T01:45:22Z",97.8
"Josh","2026-06-11 10:05:59","2026-06-10","2026-06-11T01:46:22Z",97.9
"Josh","2026-06-11 10:05:59","2026-06-10","2026-06-11T01:47:22Z",97.9
"Josh","2026-06-11 10:05:59","2026-06-10","2026-06-11T01:48:22Z",98.0
"Josh","2026-06-11 10:05:59","2026-06-10","2026-06-11T01:49:22Z",98.0
"Josh","2026-06-11 10:05:59","2026-06-10","2026-06-11T01:50:22Z",98.0
"Josh","2026-06-11 10:05:59","2026-06-10","2026-06-11T01:51:22Z",98.1
"Josh","2026-06-11 10:05:59","2026-06-10","2026-06-11T01:52:22Z",98.1
"Josh","2026-06-11 10:05:59","2026-06-10","2026-06-11T01:53:22Z",98.2
"Josh","2026-06-11 10:05:59","2026-06-10","2026-06-11T01:54:22Z",98.2
"Josh","2026-06-11 10:05:59","2026-06-10","2026-06-11T01:55:22Z",98.3
"Josh","2026-06-11 10:05:59","2026-06-10","2026-06-11T01:56:22Z",98.3
"Josh","2026-06-11 10:05:59","2026-06-10","2026-06-11T01:57:22Z",98.3
"Josh","2026-06-11 10:05:59","2026-06-10","2026-06-11T01:58:22Z",98.3
"Josh","2026-06-11 10:05:59","2026-06-10","2026-06-11T01:59:22Z",98.5
"Josh","2026-06-11 10:05:59","2026-06-10","2026-06-11T02:00:22Z",98.4
"Josh","2026-06-11 10:05:59","2026-06-10","2026-06-11T02:01:22Z",98.4
"Josh","2026-06-11 10:05:59","2026-06-10","2026-06-11T02:02:22Z",98.4
"Josh","2026-06-11 10:05:59","2026-06-10","2026-06-11T02:03:22Z",98.4
"Josh","2026-06-11 10:05:59","2026-06-10","2026-06-11T02:04:22Z",98.5
"Josh","2026-06-11 10:05:59","2026-06-10","2026-06-11T02:05:22Z",98.5
"Josh","2026-06-11 10:05:59","2026-06-10","2026-06-11T02:06:22Z",98.6
"Josh","2026-06-11 10:05:59","2026-06-10","2026-06-11T02:07:22Z",98.7
"Josh","2026-06-11 10:05:59","2026-06-10","2026-06-11T02:08:22Z",98.7
"Josh","2026-06-11 10:05:59","2026-06-10","2026-06-11T02:09:22Z",98.7
"Josh","2026-06-11 10:05:59","2026-06-10","2026-06-11T02:10:22Z",98.7
"Josh","2026-06-11 10:05:59","2026-06-10","2026-06-11T02:11:22Z",98.7
"Josh","2026-06-11 10:05:59","2026-06-10","2026-06-11T02:12:22Z",98.6
"Josh","2026-06-11 10:05:59","2026-06-10","2026-06-11T02:13:22Z",98.7
"Josh","2026-06-11 10:05:59","2026-06-10","2026-06-11T02:14:22Z",98.6
"Josh","2026-06-11 10:05:59","2026-06-10","2026-06-11T02:15:22Z",98.7
"Josh","2026-06-11 10:05:59","2026-06-10","2026-06-11T02:16:22Z",98.7
"Josh","2026-06-11 10:05:59","2026-06-10","2026-06-11T02:17:22Z",98.7
"Josh","2026-06-11 10:05:59","2026-06-10","2026-06-11T02:18:22Z",98.8
"Josh","2026-06-11 10:05:59","2026-06-10","2026-06-11T02:19:22Z",98.7
"Josh","2026-06-11 10:05:59","2026-06-10","2026-06-11T02:20:22Z",98.7
"Josh","2026-06-11 10:05:59","2026-06-10","2026-06-11T02:21:22Z",98.7
"Josh","2026-06-11 10:05:59","2026-06-10","2026-06-11T02:22:22Z",98.8
"Josh","2026-06-11 10:05:59","2026-06-10","2026-06-11T02:23:22Z",98.7
"Josh","2026-06-11 10:05:59","2026-06-10","2026-06-11T02:24:22Z",98.7
"Josh","2026-06-11 10:05:59","2026-06-10","2026-06-11T02:25:22Z",98.6
"Josh","2026-06-11 10:05:59","2026-06-10","2026-06-11T02:26:22Z",98.6
"Josh","2026-06-11 10:05:59","2026-06-10","2026-06-11T02:27:22Z",98.5
"Josh","2026-06-11 10:05:59","2026-06-10","2026-06-11T02:28:22Z",98.5
"Josh","2026-06-11 10:05:59","2026-06-10","2026-06-11T02:29:22Z",98.4
"Josh","2026-06-11 10:05:59","2026-06-10","2026-06-11T02:30:22Z",98.4
"Josh","2026-06-11 10:05:59","2026-06-10","2026-06-11T02:31:22Z",98.3
"Josh","2026-06-11 10:05:59","2026-06-10","2026-06-11T02:32:22Z",98.3
"Josh","2026-06-11 10:05:59","2026-06-10","2026-06-11T02:33:22Z",98.2
"Josh","2026-06-11 10:05:59","2026-06-10","2026-06-11T02:34:22Z",98.2
"Josh","2026-06-11 10:05:59","2026-06-10","2026-06-11T02:35:22Z",98.1
"Josh","2026-06-11 10:05:59","2026-06-10","2026-06-11T02:36:22Z",98.1
"Josh","2026-06-11 10:05:59","2026-06-10","2026-06-11T02:37:22Z",98.1
"Josh","2026-06-11 10:05:59","2026-06-10","2026-06-11T02:38:22Z",98.0
"Josh","2026-06-11 10:05:59","2026-06-10","2026-06-11T02:39:22Z",98.0
"Josh","2026-06-11 10:05:59","2026-06-10","2026-06-11T02:40:22Z",97.9
"Josh","2026-06-11 10:05:59","2026-06-10","2026-06-11T02:41:22Z",97.9
"Josh","2026-06-11 10:05:59","2026-06-10","2026-06-11T02:42:22Z",97.8
"Josh","2026-06-11 10:05:59","2026-06-10","2026-06-11T02:43:22Z",97.8
"Josh","2026-06-11 10:05:59","2026-06-10","2026-06-11T02:44:22Z",97.7
"Josh","2026-06-11 10:05:59","2026-06-10","2026-06-11T02:45:22Z",97.6
"Josh","2026-06-11 10:05:59","2026-06-10","2026-06-11T02:46:22Z",97.5
"Josh","2026-06-11 10:05:59","2026-06-10","2026-06-11T02:47:22Z",97.3
"Josh","2026-06-11 10:05:59","2026-06-10","2026-06-11T02:48:22Z",97.3
"Josh","2026-06-11 10:05:59","2026-06-10","2026-06-11T02:49:22Z",97.3
"Josh","2026-06-11 10:05:59","2026-06-10","2026-06-11T02:50:22Z",97.3
"Josh","2026-06-11 10:05:59","2026-06-10","2026-06-11T02:51:22Z",97.1
"Josh","2026-06-11 10:05:59","2026-06-10","2026-06-11T02:52:22Z",97.1
"Josh","2026-06-11 10:05:59","2026-06-10","2026-06-11T02:53:22Z",97.2
"Josh","2026-06-11 10:05:59","2026-06-10","2026-06-11T02:54:22Z",97.2
"Josh","2026-06-11 10:05:59","2026-06-10","2026-06-11T02:55:22Z",97.2
"Josh","2026-06-11 10:05:59","2026-06-10","2026-06-11T02:56:22Z",97.1
"Josh","2026-06-11 10:05:59","2026-06-10","2026-06-11T02:57:22Z",97.1
"Josh","2026-06-11 10:05:59","2026-06-10","2026-06-11T02:58:22Z",97.0
"Josh","2026-06-11 10:05:59","2026-06-10","2026-06-11T02:59:22Z",97.0
"Josh","2026-06-11 10:05:59","2026-06-10","2026-06-11T03:00:22Z",97.1
"Josh","2026-06-11 10:05:59","2026-06-10","2026-06-11T03:01:22Z",97.0
"Josh","2026-06-11 10:05:59","2026-06-10","2026-06-11T03:02:22Z",97.0
"Josh","2026-06-11 10:05:59","2026-06-10","2026-06-11T03:03:22Z",97.1
"Josh","2026-06-11 10:05:59","2026-06-10","2026-06-11T03:04:22Z",97.2
"Josh","2026-06-11 10:05:59","2026-06-10","2026-06-11T03:05:22Z",97.3
"Josh","2026-06-11 10:05:59","2026-06-10","2026-06-11T03:06:22Z",97.3
"Josh","2026-06-11 10:05:59","2026-06-10","2026-06-11T03:07:22Z",97.4
"Josh","2026-06-11 10:05:59","2026-06-10","2026-06-11T03:08:22Z",97.5
"Josh","2026-06-11 10:05:59","2026-06-10","2026-06-11T03:09:22Z",97.5
"Josh","2026-06-11 10:05:59","2026-06-10","2026-06-11T03:10:22Z",97.6
"Josh","2026-06-11 10:05:59","2026-06-10","2026-06-11T03:11:22Z",97.6
"Josh","2026-06-11 10:05:59","2026-06-10","2026-06-11T03:12:22Z",97.7
"Josh","2026-06-11 10:05:59","2026-06-10","2026-06-11T03:13:22Z",97.7
"Josh","2026-06-11 10:05:59","2026-06-10","2026-06-11T03:14:22Z",97.8
"Josh","2026-06-11 10:05:59","2026-06-10","2026-06-11T03:15:22Z",97.8
"Josh","2026-06-11 10:05:59","2026-06-10","2026-06-11T03:16:22Z",97.9
"Josh","2026-06-11 10:05:59","2026-06-10","2026-06-11T03:17:22Z",97.9
"Josh","2026-06-11 10:05:59","2026-06-10","2026-06-11T03:18:22Z",98.0
"Josh","2026-06-11 10:05:59","2026-06-10","2026-06-11T03:19:22Z",98.0
"Josh","2026-06-11 10:05:59","2026-06-10","2026-06-11T03:20:22Z",98.0
"Josh","2026-06-11 10:05:59","2026-06-10","2026-06-11T03:21:22Z",98.1
"Josh","2026-06-11 10:05:59","2026-06-10","2026-06-11T03:22:22Z",98.1
"Josh","2026-06-11 10:05:59","2026-06-10","2026-06-11T03:23:22Z",98.2
"Josh","2026-06-11 10:05:59","2026-06-10","2026-06-11T03:24:22Z",98.2
"Josh","2026-06-11 10:05:59","2026-06-10","2026-06-11T03:25:22Z",98.3
"Josh","2026-06-11 10:05:59","2026-06-10","2026-06-11T03:26:22Z",98.3
"Josh","2026-06-11 10:05:59","2026-06-10","2026-06-11T03:27:22Z",98.3
"Josh","2026-06-11 10:05:59","2026-06-10","2026-06-11T03:28:22Z",98.4
"Josh","2026-06-11 10:05:59","2026-06-10","2026-06-11T03:29:22Z",98.5
"Josh","2026-06-11 10:05:59","2026-06-10","2026-06-11T03:30:22Z",98.6
"Josh","2026-06-11 10:05:59","2026-06-10","2026-06-11T03:31:22Z",98.7
"Josh","2026-06-11 10:05:59","2026-06-10","2026-06-11T03:32:22Z",98.7
"Josh","2026-06-11 10:05:59","2026-06-10","2026-06-11T03:33:22Z",98.8
"Josh","2026-06-11 10:05:59","2026-06-10","2026-06-11T03:34:22Z",98.7
"Josh","2026-06-11 10:05:59","2026-06-10","2026-06-11T03:35:22Z",98.6
"Josh","2026-06-11 10:05:59","2026-06-10","2026-06-11T03:36:22Z",98.7
"Josh","2026-06-11 10:05:59","2026-06-10","2026-06-11T03:37:22Z",98.7
"Josh","2026-06-11 10:05:59","2026-06-10","2026-06-11T03:38:22Z",98.7
"Josh","2026-06-11 10:05:59","2026-06-10","2026-06-11T03:39:22Z",98.8
"Josh","2026-06-11 10:05:59","2026-06-10","2026-06-11T03:40:22Z",98.8
"Josh","2026-06-11 10:05:59","2026-06-10","2026-06-11T03:41:22Z",98.9
"Josh","2026-06-11 10:05:59","2026-06-10","2026-06-11T03:42:22Z",98.9
"Josh","2026-06-11 10:05:59","2026-06-10","2026-06-11T03:43:22Z",98.8
"Josh","2026-06-11 10:05:59","2026-06-10","2026-06-11T03:44:22Z",98.8
"Josh","2026-06-11 10:05:59","2026-06-10","2026-06-11T03:45:22Z",98.8
"Josh","2026-06-11 10:05:59","2026-06-10","2026-06-11T03:46:22Z",98.8
"Josh","2026-06-11 10:05:59","2026-06-10","2026-06-11T03:47:22Z",98.9
"Josh","2026-06-11 10:05:59","2026-06-10","2026-06-11T03:48:22Z",98.9
"Josh","2026-06-11 10:05:59","2026-06-10","2026-06-11T03:49:22Z",99.0
"Josh","2026-06-11 10:05:59","2026-06-10","2026-06-11T03:50:22Z",99.0
"Josh","2026-06-11 10:05:59","2026-06-10","2026-06-11T03:51:22Z",98.9
"Josh","2026-06-11 10:05:59","2026-06-10","2026-06-11T03:52:22Z",98.9
"Josh","2026-06-11 10:05:59","2026-06-10","2026-06-11T03:53:22Z",98.8
"Josh","2026-06-11 10:05:59","2026-06-10","2026-06-11T03:54:22Z",98.8
"Josh","2026-06-11 10:05:59","2026-06-10","2026-06-11T03:55:22Z",98.7
"Josh","2026-06-11 10:05:59","2026-06-10","2026-06-11T03:56:22Z",98.6
"Josh","2026-06-11 10:05:59","2026-06-10","2026-06-11T03:57:22Z",98.6
"Josh","2026-06-11 10:05:59","2026-06-10","2026-06-11T03:58:22Z",98.5
"Josh","2026-06-11 10:05:59","2026-06-10","2026-06-11T03:59:22Z",98.5
"Josh","2026-06-11 10:05:59","2026-06-10","2026-06-11T04:00:22Z",98.4
"Josh","2026-06-11 10:05:59","2026-06-10","2026-06-11T04:01:22Z",98.4
"Josh","2026-06-11 10:05:59","2026-06-10","2026-06-11T04:02:22Z",98.3
"Josh","2026-06-11 10:05:59","2026-06-10","2026-06-11T04:03:22Z",98.3
"Josh","2026-06-11 10:05:59","2026-06-10","2026-06-11T04:04:22Z",98.2
"Josh","2026-06-11 10:05:59","2026-06-10","2026-06-11T04:05:22Z",98.2
"Josh","2026-06-11 10:05:59","2026-06-10","2026-06-11T04:06:22Z",98.1
"Josh","2026-06-11 10:05:59","2026-06-10","2026-06-11T04:07:22Z",98.1
"Josh","2026-06-11 10:05:59","2026-06-10","2026-06-11T04:08:22Z",98.0
"Josh","2026-06-11 10:05:59","2026-06-10","2026-06-11T04:09:22Z",98.0
"Josh","2026-06-11 10:05:59","2026-06-10","2026-06-11T04:10:22Z",97.9
"Josh","2026-06-11 10:05:59","2026-06-10","2026-06-11T04:11:22Z",97.9
"Josh","2026-06-11 10:05:59","2026-06-10","2026-06-11T04:12:22Z",97.8
"Josh","2026-06-11 10:05:59","2026-06-10","2026-06-11T04:13:22Z",97.8
"Josh","2026-06-11 10:05:59","2026-06-10","2026-06-11T04:14:22Z",97.7
"Josh","2026-06-11 10:05:59","2026-06-10","2026-06-11T04:15:22Z",97.6
"Josh","2026-06-11 10:05:59","2026-06-10","2026-06-11T04:16:22Z",97.5
"Josh","2026-06-11 10:05:59","2026-06-10","2026-06-11T04:17:22Z",97.5
"Josh","2026-06-11 10:05:59","2026-06-10","2026-06-11T04:18:22Z",97.3
"Josh","2026-06-11 10:05:59","2026-06-10","2026-06-11T04:19:22Z",97.3
"Josh","2026-06-11 10:05:59","2026-06-10","2026-06-11T04:20:22Z",97.2
"Josh","2026-06-11 10:05:59","2026-06-10","2026-06-11T04:21:22Z",97.1
"Josh","2026-06-11 10:05:59","2026-06-10","2026-06-11T04:22:22Z",97.0
"Josh","2026-06-11 10:05:59","2026-06-10","2026-06-11T04:23:22Z",97.0
"Josh","2026-06-11 10:05:59","2026-06-10","2026-06-11T04:24:22Z",97.0
"Josh","2026-06-11 10:05:59","2026-06-10","2026-06-11T04:25:22Z",96.9
"Josh","2026-06-11 10:05:59","2026-06-10","2026-06-11T04:26:22Z",97.0
"Josh","2026-06-11 10:05:59","2026-06-10","2026-06-11T04:27:22Z",97.1
"Josh","2026-06-11 10:05:59","2026-06-10","2026-06-11T04:28:22Z",97.0
"Josh","2026-06-11 10:05:59","2026-06-10","2026-06-11T04:29:22Z",96.9
"Josh","2026-06-11 10:05:59","2026-06-10","2026-06-11T04:30:22Z",96.9
"Josh","2026-06-11 10:05:59","2026-06-10","2026-06-11T04:31:22Z",96.8
"Josh","2026-06-11 10:05:59","2026-06-10","2026-06-11T04:32:22Z",96.9
"Josh","2026-06-11 10:05:59","2026-06-10","2026-06-11T04:33:22Z",97.0
"Josh","2026-06-11 10:05:59","2026-06-10","2026-06-11T04:34:22Z",97.1
"Josh","2026-06-11 10:05:59","2026-06-10","2026-06-11T04:35:22Z",97.2
"Josh","2026-06-11 10:05:59","2026-06-10","2026-06-11T04:36:22Z",97.3
"Josh","2026-06-11 10:05:59","2026-06-10","2026-06-11T04:37:22Z",97.3
"Josh","2026-06-11 10:05:59","2026-06-10","2026-06-11T04:38:22Z",97.4
"Josh","2026-06-11 10:05:59","2026-06-10","2026-06-11T04:39:22Z",97.5
"Josh","2026-06-11 10:05:59","2026-06-10","2026-06-11T04:40:22Z",97.5
"Josh","2026-06-11 10:05:59","2026-06-10","2026-06-11T04:41:22Z",97.6
"Josh","2026-06-11 10:05:59","2026-06-10","2026-06-11T04:42:22Z",97.6
"Josh","2026-06-11 10:05:59","2026-06-10","2026-06-11T04:43:22Z",97.7
"Josh","2026-06-11 10:05:59","2026-06-10","2026-06-11T04:44:22Z",97.8
"Josh","2026-06-11 10:05:59","2026-06-10","2026-06-11T04:45:22Z",97.8
"Josh","2026-06-11 10:05:59","2026-06-10","2026-06-11T04:46:22Z",97.9
"Josh","2026-06-11 10:05:59","2026-06-10","2026-06-11T04:47:22Z",97.9
"Josh","2026-06-11 10:05:59","2026-06-10","2026-06-11T04:48:22Z",97.9
"Josh","2026-06-11 10:05:59","2026-06-10","2026-06-11T04:49:22Z",98.0
"Josh","2026-06-11 10:05:59","2026-06-10","2026-06-11T04:50:22Z",98.0
"Josh","2026-06-11 10:05:59","2026-06-10","2026-06-11T04:51:22Z",98.1
"Josh","2026-06-11 10:05:59","2026-06-10","2026-06-11T04:52:22Z",98.1
"Josh","2026-06-11 10:05:59","2026-06-10","2026-06-11T04:53:22Z",98.2
"Josh","2026-06-11 10:05:59","2026-06-10","2026-06-11T04:54:22Z",98.2
"Josh","2026-06-11 10:05:59","2026-06-10","2026-06-11T04:55:22Z",98.3
"Josh","2026-06-11 10:05:59","2026-06-10","2026-06-11T04:56:22Z",98.4
"Josh","2026-06-11 10:05:59","2026-06-10","2026-06-11T04:57:22Z",98.4
"Josh","2026-06-11 10:05:59","2026-06-10","2026-06-11T04:58:22Z",98.4
"Josh","2026-06-11 10:05:59","2026-06-10","2026-06-11T04:59:22Z",98.5
"Josh","2026-06-11 10:05:59","2026-06-10","2026-06-11T05:00:22Z",98.5
"Josh","2026-06-11 10:05:59","2026-06-10","2026-06-11T05:01:22Z",98.6
"Josh","2026-06-11 10:05:59","2026-06-10","2026-06-11T05:02:22Z",98.7
"Josh","2026-06-11 10:05:59","2026-06-10","2026-06-11T05:03:22Z",98.6
"Josh","2026-06-11 10:05:59","2026-06-10","2026-06-11T05:04:22Z",98.7
"Josh","2026-06-11 10:05:59","2026-06-10","2026-06-11T05:05:22Z",98.8
"Josh","2026-06-11 10:05:59","2026-06-10","2026-06-11T05:06:22Z",98.8
"Josh","2026-06-11 10:05:59","2026-06-10","2026-06-11T05:07:22Z",98.7
"Josh","2026-06-11 10:05:59","2026-06-10","2026-06-11T05:08:22Z",98.8
"Josh","2026-06-11 10:05:59","2026-06-10","2026-06-11T05:09:22Z",98.9
"Josh","2026-06-11 10:05:59","2026-06-10","2026-06-11T05:10:22Z",98.8
"Josh","2026-06-11 10:05:59","2026-06-10","2026-06-11T05:11:22Z",98.8
"Josh","2026-06-11 10:05:59","2026-06-10","2026-06-11T05:12:22Z",98.8
"Josh","2026-06-11 10:05:59","2026-06-10","2026-06-11T05:13:22Z",98.9
"Josh","2026-06-11 10:05:59","2026-06-10","2026-06-11T05:14:22Z",98.9
"Josh","2026-06-11 10:05:59","2026-06-10","2026-06-11T05:15:22Z",98.9
"Josh","2026-06-11 10:05:59","2026-06-10","2026-06-11T05:16:22Z",99.0
"Josh","2026-06-11 10:05:59","2026-06-10","2026-06-11T05:17:22Z",98.9
"Josh","2026-06-11 10:05:59","2026-06-10","2026-06-11T05:18:22Z",98.9
"Josh","2026-06-11 10:05:59","2026-06-10","2026-06-11T05:19:22Z",98.9
"Josh","2026-06-11 10:05:59","2026-06-10","2026-06-11T05:20:22Z",98.9
"Josh","2026-06-11 10:05:59","2026-06-10","2026-06-11T05:21:22Z",98.9
"Josh","2026-06-11 10:05:59","2026-06-10","2026-06-11T05:22:22Z",98.9
"Josh","2026-06-11 10:05:59","2026-06-10","2026-06-11T05:23:22Z",98.8
"Josh","2026-06-11 10:05:59","2026-06-10","2026-06-11T05:24:22Z",98.8
"Josh","2026-06-11 10:05:59","2026-06-10","2026-06-11T05:25:22Z",98.7
"Josh","2026-06-11 10:05:59","2026-06-10","2026-06-11T05:26:22Z",98.6
"Josh","2026-06-11 10:05:59","2026-06-10","2026-06-11T05:27:22Z",98.6
"Josh","2026-06-11 10:05:59","2026-06-10","2026-06-11T05:28:22Z",98.5
"Josh","2026-06-11 10:05:59","2026-06-10","2026-06-11T05:29:22Z",98.5
"Josh","2026-06-11 10:05:59","2026-06-10","2026-06-11T05:30:22Z",98.4
"Josh","2026-06-11 10:05:59","2026-06-10","2026-06-11T05:31:22Z",98.0
"Josh","2026-06-11 10:05:59","2026-06-10","2026-06-11T05:32:22Z",98.0
"Josh","2026-06-11 10:05:59","2026-06-10","2026-06-11T05:33:22Z",98.0
"Josh","2026-06-11 10:05:59","2026-06-10","2026-06-11T05:34:22Z",98.0
"Josh","2026-06-11 10:05:59","2026-06-10","2026-06-11T05:35:22Z",98.0
"Josh","2026-06-11 10:05:59","2026-06-10","2026-06-11T05:36:22Z",50.0
"Josh","2026-06-11 10:05:59","2026-06-10","2026-06-11T05:37:22Z",98.0
"Josh","2026-06-11 10:05:59","2026-06-10","2026-06-11T05:38:22Z",97.9
"Josh","2026-06-11 10:05:59","2026-06-10","2026-06-11T05:39:22Z",97.9
"Josh","2026-06-11 10:05:59","2026-06-10","2026-06-11T05:40:22Z",97.9
"Josh","2026-06-11 10:05:59","2026-06-10","2026-06-11T05:41:22Z",97.8
"Josh","2026-06-11 10:05:59","2026-06-10","2026-06-11T05:42:22Z",97.8
"Josh","2026-06-11 10:05:59","2026-06-10","2026-06-11T05:43:22Z",97.8
"Josh","2026-06-11 10:05:59","2026-06-10","2026-06-11T05:44:22Z",97.7
"Josh","2026-06-11 10:05:59","2026-06-10","2026-06-11T05:45:22Z",97.6
"Josh","2026-06-11 10:05:59","2026-06-10","2026-06-11T05:46:22Z",97.4
"Josh","2026-06-11 10:05:59","2026-06-10","2026-06-11T05:47:22Z",97.3
"Josh","2026-06-11 10:05:59","2026-06-10","2026-06-11T05:48:22Z",97.3
"Josh","2026-06-11 10:05:59","2026-06-10","2026-06-11T05:49:22Z",97.2
"Josh","2026-06-11 10:05:59","2026-06-10","2026-06-11T05:50:22Z",97.1
"Josh","2026-06-11 10:05:59","2026-06-10","2026-06-11T05:51:22Z",97.1
"Josh","2026-06-11 10:05:59","2026-06-10","2026-06-11T05:52:22Z",97.1
"Josh","2026-06-11 10:05:59","2026-06-10","2026-06-11T05:53:22Z",97.1
"Josh","2026-06-11 10:05:59","2026-06-10","2026-06-11T05:54:22Z",97.0
"Josh","2026-06-11 10:05:59","2026-06-10","2026-06-11T05:55:22Z",97.0
"Josh","2026-06-11 10:05:59","2026-06-10","2026-06-11T05:56:22Z",96.9
"Josh","2026-06-11 10:05:59","2026-06-10","2026-06-11T05:57:22Z",96.9
"Josh","2026-06-11 10:05:59","2026-06-10","2026-06-11T05:58:22Z",96.9
"Josh","2026-06-11 10:05:59","2026-06-10","2026-06-11T05:59:22Z",96.8
"Josh","2026-06-11 10:05:59","2026-06-10","2026-06-11T06:00:22Z",96.8
"Josh","2026-06-11 10:05:59","2026-06-10","2026-06-11T06:01:22Z",96.8
"Josh","2026-06-11 10:05:59","2026-06-10","2026-06-11T06:02:22Z",96.9
"Josh","2026-06-11 10:05:59","2026-06-10","2026-06-11T06:03:22Z",97.0
"Josh","2026-06-11 10:05:59","2026-06-10","2026-06-11T06:04:22Z",97.1
"Josh","2026-06-11 10:05:59","2026-06-10","2026-06-11T06:05:22Z",97.2
"Josh","2026-06-11 10:05:59","2026-06-10","2026-06-11T06:06:22Z",97.3
"Josh","2026-06-11 10:05:59","2026-06-10","2026-06-11T06:07:22Z",97.3
"Josh","2026-06-11 10:05:59","2026-06-10","2026-06-11T06:08:22Z",97.4
"Josh","2026-06-11 10:05:59","2026-06-10","2026-06-11T06:09:22Z",97.5
"Josh","2026-06-11 10:05:59","2026-06-10","2026-06-11T06:10:22Z",97.5
"Josh","2026-06-11 10:05:59","2026-06-10","2026-06-11T06:11:22Z",97.6
"Josh","2026-06-11 10:05:59","2026-06-10","2026-06-11T06:12:22Z",97.6
"Josh","2026-06-11 10:05:59","2026-06-10","2026-06-11T06:13:22Z",97.7
"Josh","2026-06-11 10:05:59","2026-06-10","2026-06-11T06:14:22Z",97.8
"Josh","2026-06-11 10:05:59","2026-06-10","2026-06-11T06:15:22Z",97.8
"Josh","2026-06-11 10:05:59","2026-06-10","2026-06-11T06:16:22Z",97.9
"Josh","2026-06-11 10:05:59","2026-06-10","2026-06-11T06:17:22Z",97.9
"Josh","2026-06-11 10:05:59","2026-06-10","2026-06-11T06:18:22Z",97.9
"Josh","2026-06-11 10:05:59","2026-06-10","2026-06-11T06:19:22Z",98.0
"Josh","2026-06-11 10:05:59","2026-06-10","2026-06-11T06:20:22Z",98.0
"Josh","2026-06-11 10:05:59","2026-06-10","2026-06-11T06:21:22Z",98.1
"Josh","2026-06-11 10:05:59","2026-06-10","2026-06-11T06:22:22Z",98.1
"Josh","2026-06-11 10:05:59","2026-06-10","2026-06-11T06:23:22Z",98.2
"Josh","2026-06-11 10:05:59","2026-06-10","2026-06-11T06:24:22Z",98.2
"Josh","2026-06-11 10:05:59","2026-06-10","2026-06-11T06:25:22Z",98.3
"Josh","2026-06-11 10:05:59","2026-06-10","2026-06-11T06:26:22Z",98.4
"Josh","2026-06-11 10:05:59","2026-06-10","2026-06-11T06:27:22Z",98.5
"Josh","2026-06-11 10:05:59","2026-06-10","2026-06-11T06:28:22Z",98.5
"Josh","2026-06-11 10:05:59","2026-06-10","2026-06-11T06:29:22Z",98.5
"Josh","2026-06-11 10:05:59","2026-06-10","2026-06-11T06:30:22Z",98.5
"Josh","2026-06-11 10:05:59","2026-06-10","2026-06-11T06:31:22Z",98.5
"Josh","2026-06-11 10:05:59","2026-06-10","2026-06-11T06:32:22Z",98.6
"Josh","2026-06-11 10:05:59","2026-06-10","2026-06-11T06:33:22Z",98.7
"Josh","2026-06-11 10:05:59","2026-06-10","2026-06-11T06:34:22Z",98.6
"Josh","2026-06-11 10:05:59","2026-06-10","2026-06-11T06:35:22Z",98.7
"Josh","2026-06-11 10:05:59","2026-06-10","2026-06-11T06:36:22Z",98.7
"Josh","2026-06-11 10:05:59","2026-06-10","2026-06-11T06:37:22Z",98.7
"Josh","2026-06-11 10:05:59","2026-06-10","2026-06-11T06:38:22Z",98.7
"Josh","2026-06-11 10:05:59","2026-06-10","2026-06-11T06:39:22Z",98.8
"Josh","2026-06-11 10:05:59","2026-06-10","2026-06-11T06:40:22Z",98.8
"Josh","2026-06-11 10:05:59","2026-06-10","2026-06-11T06:41:22Z",98.9
"Josh","2026-06-11 10:05:59","2026-06-10","2026-06-11T06:42:22Z",98.9
"Josh","2026-06-11 10:05:59","2026-06-10","2026-06-11T06:43:22Z",98.9
"Josh","2026-06-11 10:05:59","2026-06-10","2026-06-11T06:44:22Z",99.0
"Josh","2026-06-11 10:05:59","2026-06-10","2026-06-11T06:45:22Z",99.0
"Josh","2026-06-11 10:05:59","2026-06-10","2026-06-11T06:46:22Z",99.0
"Josh","2026-06-11 10:05:59","2026-06-10","2026-06-11T06:47:22Z",99.0
"Josh","2026-06-11 10:05:59","2026-06-10","2026-06-11T06:48:22Z",98.9
"Josh","2026-06-11 10:05:59","2026-06-10","2026-06-11T06:49:22Z",98.9
"Josh","2026-06-11 10:05:59","2026-06-10","2026-06-11T06:50:22Z",98.8
"Josh","2026-06-11 10:05:59","2026-06-10","2026-06-11T06:51:22Z",98.8
"Josh","2026-06-11 10:05:59","2026-06-10","2026-06-11T06:52:22Z",98.7
"Josh","2026-06-11 10:05:59","2026-06-10","2026-06-11T06:53:22Z",98.7
"Josh","2026-06-11 10:05:59","2026-06-10","2026-06-11T06:54:22Z",98.6
"Josh","2026-06-11 10:05:59","2026-06-10","2026-06-11T06:55:22Z",98.6
"Josh","2026-06-11 10:05:59","2026-06-10","2026-06-11T06:56:22Z",98.6
"Josh","2026-06-11 10:05:59","2026-06-10","2026-06-11T06:57:22Z",98.5
"Josh","2026-06-11 10:05:59","2026-06-10","2026-06-11T06:58:22Z",98.5
"Josh","2026-06-11 10:05:59","2026-06-10","2026-06-11T06:59:22Z",98.4
"Josh","2026-06-11 10:05:59","2026-06-10","2026-06-11T07:00:22Z",98.4
"Josh","2026-06-11 10:05:59","2026-06-10","2026-06-11T07:01:22Z",98.3
"Josh","2026-06-11 10:05:59","2026-06-10","2026-06-11T07:02:22Z",98.3
"Josh","2026-06-11 10:05:59","2026-06-10","2026-06-11T07:03:22Z",98.2
"Josh","2026-06-11 10:05:59","2026-06-10","2026-06-11T07:04:22Z",98.2
"Josh","2026-06-11 10:05:59","2026-06-10","2026-06-11T07:05:22Z",98.1
"Josh","2026-06-11 10:05:59","2026-06-10","2026-06-11T07:06:22Z",98.1
"Josh","2026-06-11 10:05:59","2026-06-10","2026-06-11T07:07:22Z",98.1
"Josh","2026-06-11 10:05:59","2026-06-10","2026-06-11T07:08:22Z",98.0
"Josh","2026-06-11 10:05:59","2026-06-10","2026-06-11T07:09:22Z",98.0
"Josh","2026-06-11 10:05:59","2026-06-10","2026-06-11T07:10:22Z",97.9
"Josh","2026-06-11 10:05:59","2026-06-10","2026-06-11T07:11:22Z",97.9
"Josh","2026-06-11 10:05:59","2026-06-10","2026-06-11T07:12:22Z",97.8
"Josh","2026-06-11 10:05:59","2026-06-10","2026-06-11T07:13:22Z",97.8
"Josh","2026-06-11 10:05:59","2026-06-10","2026-06-11T07:14:22Z",97.7
"Josh","2026-06-11 10:05:59","2026-06-10","2026-06-11T07:15:22Z",97.6
"Josh","2026-06-11 10:05:59","2026-06-10","2026-06-11T07:16:22Z",97.4
"Josh","2026-06-11 10:05:59","2026-06-10","2026-06-11T07:17:22Z",97.3
"Josh","2026-06-11 10:05:59","2026-06-10","2026-06-11T07:18:22Z",97.3
"Josh","2026-06-11 10:05:59","2026-06-10","2026-06-11T07:19:22Z",97.3
"Josh","2026-06-11 10:05:59","2026-06-10","2026-06-11T07:20:22Z",97.3
"Josh","2026-06-11 10:05:59","2026-06-10","2026-06-11T07:21:22Z",97.2
"Josh","2026-06-11 10:05:59","2026-06-10","2026-06-11T07:22:22Z",97.2
"Josh","2026-06-11 10:05:59","2026-06-10","2026-06-11T07:23:22Z",97.4
"Josh","2026-06-11 10:05:59","2026-06-10","2026-06-11T07:24:22Z",97.5
"Josh","2026-06-11 10:05:59","2026-06-10","2026-06-11T07:25:22Z",97.6
"Josh","2026-06-11 10:05:59","2026-06-10","2026-06-11T07:26:22Z",97.7
"Josh","2026-06-11 10:05:59","2026-06-10","2026-06-11T07:27:22Z",97.8
"Josh","2026-06-11 10:05:59","2026-06-10","2026-06-11T07:28:22Z",97.9
"Josh","2026-06-11 10:05:59","2026-06-10","2026-06-11T07:29:22Z",98.1
"Josh","2026-06-11 10:05:59","2026-06-10","2026-06-11T07:30:22Z",98.2
