"participantID","datetime_fetch","date","time","heart_rate_avg"
"Sarah","2026-06-08 23:33:33","2026-05-28","1899-12-31 08:10:00",97
"Sarah","2026-06-08 23:33:33","2026-05-28","1899-12-31 08:15:00",67
"Sarah","2026-06-08 23:33:33","2026-05-28","1899-12-31 08:20:00",65
"Sarah","2026-06-08 23:33:33","2026-05-28","1899-12-31 08:25:00",63
"Sarah","2026-06-08 23:33:33","2026-05-28","1899-12-31 08:30:00",65
"Sarah","2026-06-08 23:33:33","2026-05-28","1899-12-31 08:35:00",66
"Sarah","2026-06-08 23:33:33","2026-05-28","1899-12-31 08:40:00",90
"Sarah","2026-06-08 23:33:33","2026-05-28","1899-12-31 08:45:00",82
"Sarah","2026-06-08 23:33:33","2026-05-28","1899-12-31 08:50:00",71
"Sarah","2026-06-08 23:33:33","2026-05-28","1899-12-31 08:55:00",69
"Sarah","2026-06-08 23:33:33","2026-05-28","1899-12-31 09:00:00",66
"Sarah","2026-06-08 23:33:33","2026-05-28","1899-12-31 09:05:00",84
"Sarah","2026-06-08 23:33:33","2026-05-28","1899-12-31 09:10:00",73
"Sarah","2026-06-08 23:33:33","2026-05-28","1899-12-31 09:15:00",69
"Sarah","2026-06-08 23:33:33","2026-05-28","1899-12-31 09:20:00",72
"Sarah","2026-06-08 23:33:33","2026-05-28","1899-12-31 09:25:00",89
"Sarah","2026-06-08 23:33:33","2026-05-28","1899-12-31 09:30:00",82
"Sarah","2026-06-08 23:33:33","2026-05-28","1899-12-31 09:35:00",71
"Sarah","2026-06-08 23:33:33","2026-05-28","1899-12-31 09:40:00",73
"Sarah","2026-06-08 23:33:33","2026-05-28","1899-12-31 09:45:00",72
"Sarah","2026-06-08 23:33:33","2026-05-28","1899-12-31 09:50:00",75
"Sarah","2026-06-08 23:33:33","2026-05-28","1899-12-31 09:55:00",80
"Sarah","2026-06-08 23:33:33","2026-05-28","1899-12-31 10:00:00",104
"Sarah","2026-06-08 23:33:33","2026-05-28","1899-12-31 10:05:00",106
"Sarah","2026-06-08 23:33:33","2026-05-28","1899-12-31 10:10:00",112
"Sarah","2026-06-08 23:33:33","2026-05-28","1899-12-31 10:15:00",95
"Sarah","2026-06-08 23:33:33","2026-05-28","1899-12-31 10:20:00",86
"Sarah","2026-06-08 23:33:33","2026-05-28","1899-12-31 10:25:00",89
"Sarah","2026-06-08 23:33:33","2026-05-28","1899-12-31 10:30:00",87
"Sarah","2026-06-08 23:33:33","2026-05-28","1899-12-31 10:35:00",94
"Sarah","2026-06-08 23:33:33","2026-05-28","1899-12-31 10:40:00",110
"Sarah","2026-06-08 23:33:33","2026-05-28","1899-12-31 10:45:00",113
"Sarah","2026-06-08 23:33:33","2026-05-28","1899-12-31 10:50:00",115
"Sarah","2026-06-08 23:33:33","2026-05-28","1899-12-31 10:55:00",98
"Sarah","2026-06-08 23:33:33","2026-05-28","1899-12-31 11:00:00",110
"Sarah","2026-06-08 23:33:33","2026-05-28","1899-12-31 11:05:00",113
"Sarah","2026-06-08 23:33:33","2026-05-28","1899-12-31 11:10:00",115
"Sarah","2026-06-08 23:33:33","2026-05-28","1899-12-31 11:15:00",106
"Sarah","2026-06-08 23:33:33","2026-05-28","1899-12-31 11:20:00",99
"Sarah","2026-06-08 23:33:33","2026-05-28","1899-12-31 11:25:00",84
"Sarah","2026-06-08 23:33:33","2026-05-28","1899-12-31 11:30:00",83
"Sarah","2026-06-08 23:33:33","2026-05-28","1899-12-31 11:35:00",82
"Sarah","2026-06-08 23:33:33","2026-05-28","1899-12-31 11:40:00",83
"Sarah","2026-06-08 23:33:33","2026-05-28","1899-12-31 11:45:00",78
"Sarah","2026-06-08 23:33:33","2026-05-28","1899-12-31 11:50:00",79
"Sarah","2026-06-08 23:33:33","2026-05-28","1899-12-31 11:55:00",79
"Sarah","2026-06-08 23:33:33","2026-05-28","1899-12-31 12:00:00",77
"Sarah","2026-06-08 23:33:33","2026-05-28","1899-12-31 12:05:00",83
"Sarah","2026-06-08 23:33:33","2026-05-28","1899-12-31 12:10:00",90
"Sarah","2026-06-08 23:33:33","2026-05-28","1899-12-31 12:15:00",84
"Sarah","2026-06-08 23:33:33","2026-05-28","1899-12-31 12:20:00",80
"Sarah","2026-06-08 23:33:33","2026-05-28","1899-12-31 12:25:00",81
"Sarah","2026-06-08 23:33:33","2026-05-28","1899-12-31 12:30:00",81
"Sarah","2026-06-08 23:33:33","2026-05-28","1899-12-31 12:35:00",80
"Sarah","2026-06-08 23:33:33","2026-05-28","1899-12-31 12:40:00",80
"Sarah","2026-06-08 23:33:33","2026-05-28","1899-12-31 12:45:00",90
"Sarah","2026-06-08 23:33:33","2026-05-28","1899-12-31 12:50:00",88
"Sarah","2026-06-08 23:33:33","2026-05-28","1899-12-31 12:55:00",86
"Sarah","2026-06-08 23:33:33","2026-05-28","1899-12-31 13:00:00",92
"Sarah","2026-06-08 23:33:33","2026-05-28","1899-12-31 13:05:00",86
"Sarah","2026-06-08 23:33:33","2026-05-28","1899-12-31 13:10:00",86
"Sarah","2026-06-08 23:33:33","2026-05-28","1899-12-31 13:15:00",88
"Sarah","2026-06-08 23:33:33","2026-05-28","1899-12-31 13:20:00",89
"Sarah","2026-06-08 23:33:33","2026-05-28","1899-12-31 13:25:00",88
"Sarah","2026-06-08 23:33:33","2026-05-28","1899-12-31 13:30:00",82
"Sarah","2026-06-08 23:33:33","2026-05-28","1899-12-31 13:35:00",84
"Sarah","2026-06-08 23:33:33","2026-05-28","1899-12-31 13:40:00",86
"Sarah","2026-06-08 23:33:33","2026-05-28","1899-12-31 13:45:00",81
"Sarah","2026-06-08 23:33:33","2026-05-28","1899-12-31 13:50:00",83
"Sarah","2026-06-08 23:33:33","2026-05-28","1899-12-31 13:55:00",84
"Sarah","2026-06-08 23:33:33","2026-05-28","1899-12-31 14:00:00",76
"Sarah","2026-06-08 23:33:33","2026-05-28","1899-12-31 14:05:00",82
"Sarah","2026-06-08 23:33:33","2026-05-28","1899-12-31 14:10:00",77
"Sarah","2026-06-08 23:33:33","2026-05-28","1899-12-31 14:15:00",74
"Sarah","2026-06-08 23:33:33","2026-05-28","1899-12-31 14:20:00",72
"Sarah","2026-06-08 23:33:33","2026-05-28","1899-12-31 14:25:00",71
"Sarah","2026-06-08 23:33:33","2026-05-28","1899-12-31 14:30:00",70
"Sarah","2026-06-08 23:33:33","2026-05-28","1899-12-31 14:35:00",69
"Sarah","2026-06-08 23:33:33","2026-05-28","1899-12-31 14:40:00",69
"Sarah","2026-06-08 23:33:33","2026-05-28","1899-12-31 14:45:00",69
"Sarah","2026-06-08 23:33:33","2026-05-28","1899-12-31 14:50:00",69
"Sarah","2026-06-08 23:33:33","2026-05-28","1899-12-31 14:55:00",70
"Sarah","2026-06-08 23:33:33","2026-05-28","1899-12-31 15:00:00",72
"Sarah","2026-06-08 23:33:33","2026-05-28","1899-12-31 15:05:00",74
"Sarah","2026-06-08 23:33:33","2026-05-28","1899-12-31 15:10:00",73
"Sarah","2026-06-08 23:33:33","2026-05-28","1899-12-31 15:15:00",76
"Sarah","2026-06-08 23:33:33","2026-05-28","1899-12-31 15:20:00",77
"Sarah","2026-06-08 23:33:33","2026-05-28","1899-12-31 15:25:00",79
"Sarah","2026-06-08 23:33:33","2026-05-28","1899-12-31 15:30:00",80
"Sarah","2026-06-08 23:33:33","2026-05-28","1899-12-31 15:35:00",77
"Sarah","2026-06-08 23:33:33","2026-05-28","1899-12-31 15:40:00",78
"Sarah","2026-06-08 23:33:33","2026-05-28","1899-12-31 15:45:00",76
"Sarah","2026-06-08 23:33:33","2026-05-28","1899-12-31 15:50:00",74
"Sarah","2026-06-08 23:33:33","2026-05-28","1899-12-31 15:55:00",75
"Sarah","2026-06-08 23:33:33","2026-05-28","1899-12-31 16:00:00",74
"Sarah","2026-06-08 23:33:33","2026-05-28","1899-12-31 16:05:00",74
"Sarah","2026-06-08 23:33:33","2026-05-28","1899-12-31 16:10:00",73
"Sarah","2026-06-08 23:33:33","2026-05-28","1899-12-31 16:15:00",72
"Sarah","2026-06-08 23:33:33","2026-05-28","1899-12-31 16:20:00",80
"Sarah","2026-06-08 23:33:33","2026-05-28","1899-12-31 16:25:00",90
"Sarah","2026-06-08 23:33:33","2026-05-28","1899-12-31 16:30:00",79
"Sarah","2026-06-08 23:33:33","2026-05-28","1899-12-31 16:35:00",77
"Sarah","2026-06-08 23:33:33","2026-05-28","1899-12-31 16:40:00",73
"Sarah","2026-06-08 23:33:33","2026-05-28","1899-12-31 16:45:00",72
"Sarah","2026-06-08 23:33:33","2026-05-28","1899-12-31 16:50:00",72
"Sarah","2026-06-08 23:33:33","2026-05-28","1899-12-31 16:55:00",75
"Sarah","2026-06-08 23:33:33","2026-05-28","1899-12-31 17:00:00",77
"Sarah","2026-06-08 23:33:33","2026-05-28","1899-12-31 17:05:00",79
"Sarah","2026-06-08 23:33:33","2026-05-28","1899-12-31 17:10:00",75
"Sarah","2026-06-08 23:33:33","2026-05-28","1899-12-31 17:15:00",75
"Sarah","2026-06-08 23:33:33","2026-05-28","1899-12-31 17:20:00",74
"Sarah","2026-06-08 23:33:33","2026-05-28","1899-12-31 17:25:00",72
"Sarah","2026-06-08 23:33:33","2026-05-28","1899-12-31 17:30:00",72
"Sarah","2026-06-08 23:33:33","2026-05-28","1899-12-31 17:35:00",74
"Sarah","2026-06-08 23:33:33","2026-05-28","1899-12-31 17:40:00",75
"Sarah","2026-06-08 23:33:33","2026-05-28","1899-12-31 17:45:00",85
"Sarah","2026-06-08 23:33:33","2026-05-28","1899-12-31 17:50:00",89
"Sarah","2026-06-08 23:33:33","2026-05-28","1899-12-31 17:55:00",100
"Sarah","2026-06-08 23:33:33","2026-05-28","1899-12-31 18:00:00",99
"Sarah","2026-06-08 23:33:33","2026-05-28","1899-12-31 18:05:00",97
"Sarah","2026-06-08 23:33:33","2026-05-28","1899-12-31 18:10:00",76
"Sarah","2026-06-08 23:33:33","2026-05-28","1899-12-31 18:15:00",74
"Sarah","2026-06-08 23:33:33","2026-05-28","1899-12-31 18:20:00",77
"Sarah","2026-06-08 23:33:33","2026-05-28","1899-12-31 18:25:00",75
"Sarah","2026-06-08 23:33:33","2026-05-28","1899-12-31 18:30:00",75
"Sarah","2026-06-08 23:33:33","2026-05-28","1899-12-31 18:35:00",76
"Sarah","2026-06-08 23:33:33","2026-05-28","1899-12-31 18:40:00",73
"Sarah","2026-06-08 23:33:33","2026-05-28","1899-12-31 18:45:00",74
"Sarah","2026-06-08 23:33:33","2026-05-28","1899-12-31 18:50:00",73
"Sarah","2026-06-08 23:33:33","2026-05-28","1899-12-31 18:55:00",72
"Sarah","2026-06-08 23:33:33","2026-05-28","1899-12-31 19:00:00",73
"Sarah","2026-06-08 23:33:33","2026-05-28","1899-12-31 19:05:00",73
"Sarah","2026-06-08 23:33:33","2026-05-28","1899-12-31 19:10:00",72
"Sarah","2026-06-08 23:33:33","2026-05-28","1899-12-31 19:15:00",70
"Sarah","2026-06-08 23:33:33","2026-05-28","1899-12-31 19:20:00",73
"Sarah","2026-06-08 23:33:33","2026-05-28","1899-12-31 19:25:00",73
"Sarah","2026-06-08 23:33:33","2026-05-28","1899-12-31 19:30:00",75
"Sarah","2026-06-08 23:33:33","2026-05-28","1899-12-31 19:35:00",81
"Sarah","2026-06-08 23:33:33","2026-05-28","1899-12-31 19:40:00",84
"Sarah","2026-06-08 23:33:33","2026-05-28","1899-12-31 19:45:00",89
"Sarah","2026-06-08 23:33:33","2026-05-28","1899-12-31 19:50:00",83
"Sarah","2026-06-08 23:33:33","2026-05-28","1899-12-31 19:55:00",83
"Sarah","2026-06-08 10:43:35","2026-05-30","1899-12-31",74
"Sarah","2026-06-08 10:43:35","2026-05-30","1899-12-31 00:05:00",74
"Sarah","2026-06-08 10:43:35","2026-05-30","1899-12-31 00:10:00",75
"Sarah","2026-06-08 10:43:35","2026-05-30","1899-12-31 00:15:00",72
"Sarah","2026-06-08 10:43:35","2026-05-30","1899-12-31 00:20:00",73
"Sarah","2026-06-08 10:43:35","2026-05-30","1899-12-31 00:25:00",74
"Sarah","2026-06-08 10:43:35","2026-05-30","1899-12-31 00:30:00",72
"Sarah","2026-06-08 10:43:35","2026-05-30","1899-12-31 00:35:00",76
"Sarah","2026-06-08 10:43:35","2026-05-30","1899-12-31 00:40:00",89
"Sarah","2026-06-08 10:43:35","2026-05-30","1899-12-31 00:45:00",73
"Sarah","2026-06-08 10:43:35","2026-05-30","1899-12-31 00:50:00",70
"Sarah","2026-06-08 10:43:35","2026-05-30","1899-12-31 00:55:00",70
"Sarah","2026-06-08 10:43:35","2026-05-30","1899-12-31 01:00:00",70
"Sarah","2026-06-08 10:43:35","2026-05-30","1899-12-31 01:05:00",69
"Sarah","2026-06-08 10:43:35","2026-05-30","1899-12-31 01:10:00",73
"Sarah","2026-06-08 10:43:35","2026-05-30","1899-12-31 01:15:00",72
"Sarah","2026-06-08 10:43:35","2026-05-30","1899-12-31 01:20:00",74
"Sarah","2026-06-08 10:43:35","2026-05-30","1899-12-31 01:25:00",69
"Sarah","2026-06-08 10:43:35","2026-05-30","1899-12-31 01:30:00",71
"Sarah","2026-06-08 10:43:35","2026-05-30","1899-12-31 01:35:00",74
"Sarah","2026-06-08 10:43:35","2026-05-30","1899-12-31 01:40:00",74
"Sarah","2026-06-08 10:43:35","2026-05-30","1899-12-31 01:45:00",79
"Sarah","2026-06-08 10:43:35","2026-05-30","1899-12-31 01:50:00",72
"Sarah","2026-06-08 10:43:35","2026-05-30","1899-12-31 01:55:00",70
"Sarah","2026-06-08 10:43:35","2026-05-30","1899-12-31 02:00:00",70
"Sarah","2026-06-08 10:43:35","2026-05-30","1899-12-31 02:05:00",71
"Sarah","2026-06-08 10:43:35","2026-05-30","1899-12-31 02:10:00",71
"Sarah","2026-06-08 10:43:35","2026-05-30","1899-12-31 02:15:00",70
"Sarah","2026-06-08 10:43:35","2026-05-30","1899-12-31 02:20:00",70
"Sarah","2026-06-08 10:43:35","2026-05-30","1899-12-31 02:25:00",69
"Sarah","2026-06-08 10:43:35","2026-05-30","1899-12-31 02:30:00",70
"Sarah","2026-06-08 10:43:35","2026-05-30","1899-12-31 02:35:00",72
"Sarah","2026-06-08 10:43:35","2026-05-30","1899-12-31 02:40:00",73
"Sarah","2026-06-08 10:43:35","2026-05-30","1899-12-31 02:45:00",78
"Sarah","2026-06-08 10:43:35","2026-05-30","1899-12-31 02:50:00",79
"Sarah","2026-06-08 10:43:35","2026-05-30","1899-12-31 02:55:00",78
"Sarah","2026-06-08 10:43:35","2026-05-30","1899-12-31 03:00:00",76
"Sarah","2026-06-08 10:43:35","2026-05-30","1899-12-31 03:05:00",75
"Sarah","2026-06-08 10:43:35","2026-05-30","1899-12-31 03:10:00",73
"Sarah","2026-06-08 10:43:35","2026-05-30","1899-12-31 03:15:00",73
"Sarah","2026-06-08 10:43:35","2026-05-30","1899-12-31 03:20:00",72
"Sarah","2026-06-08 10:43:35","2026-05-30","1899-12-31 03:25:00",72
"Sarah","2026-06-08 10:43:35","2026-05-30","1899-12-31 03:30:00",71
"Sarah","2026-06-08 10:43:35","2026-05-30","1899-12-31 03:35:00",71
"Sarah","2026-06-08 10:43:35","2026-05-30","1899-12-31 03:40:00",73
"Sarah","2026-06-08 10:43:35","2026-05-30","1899-12-31 03:45:00",70
"Sarah","2026-06-08 10:43:35","2026-05-30","1899-12-31 03:50:00",73
"Sarah","2026-06-08 10:43:35","2026-05-30","1899-12-31 03:55:00",71
"Sarah","2026-06-08 10:43:35","2026-05-30","1899-12-31 04:00:00",72
"Sarah","2026-06-08 10:43:35","2026-05-30","1899-12-31 04:05:00",70
"Sarah","2026-06-08 10:43:35","2026-05-30","1899-12-31 04:10:00",70
"Sarah","2026-06-08 10:43:35","2026-05-30","1899-12-31 04:15:00",69
"Sarah","2026-06-08 10:43:35","2026-05-30","1899-12-31 04:20:00",69
"Sarah","2026-06-08 10:43:35","2026-05-30","1899-12-31 04:25:00",69
"Sarah","2026-06-08 10:43:35","2026-05-30","1899-12-31 04:30:00",69
"Sarah","2026-06-08 10:43:35","2026-05-30","1899-12-31 04:35:00",73
"Sarah","2026-06-08 10:43:35","2026-05-30","1899-12-31 04:40:00",73
"Sarah","2026-06-08 10:43:35","2026-05-30","1899-12-31 04:45:00",71
"Sarah","2026-06-08 10:43:35","2026-05-30","1899-12-31 04:50:00",74
"Sarah","2026-06-08 10:43:35","2026-05-30","1899-12-31 04:55:00",73
"Sarah","2026-06-08 10:43:35","2026-05-30","1899-12-31 05:00:00",75
"Sarah","2026-06-08 10:43:35","2026-05-30","1899-12-31 05:05:00",74
"Sarah","2026-06-08 10:43:35","2026-05-30","1899-12-31 05:10:00",73
"Sarah","2026-06-08 10:43:35","2026-05-30","1899-12-31 05:15:00",72
"Sarah","2026-06-08 10:43:35","2026-05-30","1899-12-31 05:20:00",71
"Sarah","2026-06-08 10:43:35","2026-05-30","1899-12-31 05:25:00",70
"Sarah","2026-06-08 10:43:35","2026-05-30","1899-12-31 05:30:00",72
"Sarah","2026-06-08 10:43:35","2026-05-30","1899-12-31 05:35:00",69
"Sarah","2026-06-08 10:43:35","2026-05-30","1899-12-31 05:40:00",68
"Sarah","2026-06-08 10:43:35","2026-05-30","1899-12-31 05:45:00",71
"Sarah","2026-06-08 10:43:35","2026-05-30","1899-12-31 05:50:00",67
"Sarah","2026-06-08 10:43:35","2026-05-30","1899-12-31 05:55:00",66
"Sarah","2026-06-08 10:43:35","2026-05-30","1899-12-31 06:00:00",66
"Sarah","2026-06-08 10:43:35","2026-05-30","1899-12-31 06:05:00",66
"Sarah","2026-06-08 10:43:35","2026-05-30","1899-12-31 06:10:00",64
"Sarah","2026-06-08 10:43:35","2026-05-30","1899-12-31 06:15:00",65
"Sarah","2026-06-08 10:43:35","2026-05-30","1899-12-31 06:20:00",64
"Sarah","2026-06-08 10:43:35","2026-05-30","1899-12-31 06:25:00",64
"Sarah","2026-06-08 10:43:35","2026-05-30","1899-12-31 06:30:00",68
"Sarah","2026-06-08 10:43:35","2026-05-30","1899-12-31 06:35:00",64
"Sarah","2026-06-08 10:43:35","2026-05-30","1899-12-31 06:40:00",68
"Sarah","2026-06-08 10:43:35","2026-05-30","1899-12-31 06:45:00",70
"Sarah","2026-06-08 10:43:35","2026-05-30","1899-12-31 06:50:00",70
"Sarah","2026-06-08 10:43:35","2026-05-30","1899-12-31 06:55:00",67
"Sarah","2026-06-08 10:43:35","2026-05-30","1899-12-31 07:00:00",69
"Sarah","2026-06-08 10:43:35","2026-05-30","1899-12-31 07:05:00",67
"Sarah","2026-06-08 10:43:35","2026-05-30","1899-12-31 07:10:00",65
"Sarah","2026-06-08 10:43:35","2026-05-30","1899-12-31 07:15:00",67
"Sarah","2026-06-08 10:43:35","2026-05-30","1899-12-31 07:20:00",66
"Sarah","2026-06-08 10:43:35","2026-05-30","1899-12-31 07:25:00",65
"Sarah","2026-06-08 10:43:35","2026-05-30","1899-12-31 07:30:00",69
"Sarah","2026-06-08 10:43:35","2026-05-30","1899-12-31 07:35:00",90
"Sarah","2026-06-08 10:43:35","2026-05-30","1899-12-31 07:40:00",75
"Sarah","2026-06-08 10:43:35","2026-05-30","1899-12-31 07:45:00",72
"Sarah","2026-06-08 10:43:35","2026-05-30","1899-12-31 07:50:00",70
"Sarah","2026-06-08 10:43:35","2026-05-30","1899-12-31 07:55:00",69
"Sarah","2026-06-08 10:43:35","2026-05-30","1899-12-31 08:00:00",69
"Sarah","2026-06-08 10:43:35","2026-05-30","1899-12-31 08:05:00",70
"Sarah","2026-06-08 10:43:35","2026-05-30","1899-12-31 08:10:00",70
"Sarah","2026-06-08 10:43:35","2026-05-30","1899-12-31 08:15:00",70
"Sarah","2026-06-08 10:43:35","2026-05-30","1899-12-31 08:20:00",74
"Sarah","2026-06-08 10:43:35","2026-05-30","1899-12-31 08:25:00",70
"Sarah","2026-06-08 10:43:35","2026-05-30","1899-12-31 08:30:00",70
"Sarah","2026-06-08 10:43:35","2026-05-30","1899-12-31 08:35:00",72
"Sarah","2026-06-08 10:43:35","2026-05-30","1899-12-31 08:40:00",74
"Sarah","2026-06-08 10:43:35","2026-05-30","1899-12-31 08:45:00",81
"Sarah","2026-06-08 10:43:35","2026-05-30","1899-12-31 08:50:00",71
"Sarah","2026-06-08 10:43:35","2026-05-30","1899-12-31 08:55:00",72
"Sarah","2026-06-08 10:43:35","2026-05-30","1899-12-31 09:00:00",73
"Sarah","2026-06-08 10:43:35","2026-05-30","1899-12-31 09:05:00",71
"Sarah","2026-06-08 10:43:35","2026-05-30","1899-12-31 09:10:00",71
"Sarah","2026-06-08 10:43:35","2026-05-30","1899-12-31 09:15:00",73
"Sarah","2026-06-08 10:43:35","2026-05-30","1899-12-31 09:20:00",71
"Sarah","2026-06-08 10:43:35","2026-05-30","1899-12-31 09:25:00",73
"Sarah","2026-06-08 10:43:35","2026-05-30","1899-12-31 09:30:00",72
"Sarah","2026-06-08 10:43:35","2026-05-30","1899-12-31 09:35:00",71
"Sarah","2026-06-08 10:43:35","2026-05-30","1899-12-31 09:40:00",78
"Sarah","2026-06-08 10:43:35","2026-05-30","1899-12-31 09:45:00",76
"Sarah","2026-06-08 10:43:35","2026-05-30","1899-12-31 09:50:00",75
"Sarah","2026-06-08 10:43:35","2026-05-30","1899-12-31 09:55:00",68
"Sarah","2026-06-08 10:43:35","2026-05-30","1899-12-31 10:00:00",67
"Sarah","2026-06-08 10:43:35","2026-05-30","1899-12-31 10:05:00",67
"Sarah","2026-06-08 10:43:35","2026-05-30","1899-12-31 10:10:00",68
"Sarah","2026-06-08 10:43:35","2026-05-30","1899-12-31 10:15:00",67
"Sarah","2026-06-08 10:43:35","2026-05-30","1899-12-31 10:20:00",66
"Sarah","2026-06-08 10:43:35","2026-05-30","1899-12-31 10:25:00",65
"Sarah","2026-06-08 10:43:35","2026-05-30","1899-12-31 10:30:00",65
"Sarah","2026-06-08 10:43:35","2026-05-30","1899-12-31 10:35:00",64
"Sarah","2026-06-08 10:43:35","2026-05-30","1899-12-31 10:40:00",67
"Sarah","2026-06-08 10:43:35","2026-05-30","1899-12-31 10:45:00",63
"Sarah","2026-06-08 10:43:35","2026-05-30","1899-12-31 10:50:00",66
"Sarah","2026-06-08 10:43:35","2026-05-30","1899-12-31 10:55:00",65
"Sarah","2026-06-08 10:43:35","2026-05-30","1899-12-31 11:00:00",67
"Sarah","2026-06-08 10:43:35","2026-05-30","1899-12-31 11:05:00",66
"Sarah","2026-06-08 10:43:35","2026-05-30","1899-12-31 11:10:00",65
"Sarah","2026-06-08 10:43:35","2026-05-30","1899-12-31 11:15:00",65
"Sarah","2026-06-08 10:43:35","2026-05-30","1899-12-31 11:20:00",63
"Sarah","2026-06-08 10:43:35","2026-05-30","1899-12-31 11:25:00",64
"Sarah","2026-06-08 10:43:35","2026-05-30","1899-12-31 11:30:00",64
"Sarah","2026-06-08 10:43:35","2026-05-30","1899-12-31 11:35:00",64
"Sarah","2026-06-08 10:43:35","2026-05-30","1899-12-31 11:40:00",64
"Sarah","2026-06-08 10:43:35","2026-05-30","1899-12-31 11:45:00",65
"Sarah","2026-06-08 10:43:35","2026-05-30","1899-12-31 11:50:00",64
"Sarah","2026-06-08 10:43:35","2026-05-30","1899-12-31 11:55:00",63
"Sarah","2026-06-08 10:43:35","2026-05-30","1899-12-31 12:00:00",66
"Sarah","2026-06-08 10:43:35","2026-05-30","1899-12-31 12:05:00",65
"Sarah","2026-06-08 10:43:35","2026-05-30","1899-12-31 12:10:00",63
"Sarah","2026-06-08 10:43:35","2026-05-30","1899-12-31 12:15:00",66
"Sarah","2026-06-08 10:43:35","2026-05-30","1899-12-31 12:20:00",67
"Sarah","2026-06-08 10:43:35","2026-05-30","1899-12-31 12:25:00",67
"Sarah","2026-06-08 10:43:35","2026-05-30","1899-12-31 12:30:00",68
"Sarah","2026-06-08 10:43:35","2026-05-30","1899-12-31 12:35:00",69
"Sarah","2026-06-08 10:43:35","2026-05-30","1899-12-31 12:40:00",69
"Sarah","2026-06-08 10:43:35","2026-05-30","1899-12-31 12:45:00",69
"Sarah","2026-06-08 10:43:35","2026-05-30","1899-12-31 12:50:00",68
"Sarah","2026-06-08 10:43:35","2026-05-30","1899-12-31 12:55:00",67
"Sarah","2026-06-08 10:43:35","2026-05-30","1899-12-31 13:00:00",67
"Sarah","2026-06-08 10:43:35","2026-05-30","1899-12-31 13:05:00",70
"Sarah","2026-06-08 10:43:35","2026-05-30","1899-12-31 13:10:00",63
"Sarah","2026-06-08 10:43:35","2026-05-30","1899-12-31 13:15:00",66
"Sarah","2026-06-08 10:43:35","2026-05-30","1899-12-31 13:20:00",64
"Sarah","2026-06-08 10:43:35","2026-05-30","1899-12-31 13:25:00",65
"Sarah","2026-06-08 10:43:35","2026-05-30","1899-12-31 13:30:00",65
"Sarah","2026-06-08 10:43:35","2026-05-30","1899-12-31 13:35:00",64
"Sarah","2026-06-08 10:43:35","2026-05-30","1899-12-31 13:40:00",63
"Sarah","2026-06-08 10:43:35","2026-05-30","1899-12-31 13:45:00",65
"Sarah","2026-06-08 10:43:35","2026-05-30","1899-12-31 13:50:00",62
"Sarah","2026-06-08 10:43:35","2026-05-30","1899-12-31 13:55:00",61
"Sarah","2026-06-08 10:43:35","2026-05-30","1899-12-31 14:00:00",63
"Sarah","2026-06-08 10:43:35","2026-05-30","1899-12-31 14:05:00",62
"Sarah","2026-06-08 10:43:35","2026-05-30","1899-12-31 14:10:00",66
"Sarah","2026-06-08 10:43:35","2026-05-30","1899-12-31 14:15:00",66
"Sarah","2026-06-08 10:43:35","2026-05-30","1899-12-31 14:20:00",69
"Sarah","2026-06-08 10:43:35","2026-05-30","1899-12-31 14:25:00",67
"Sarah","2026-06-08 10:43:35","2026-05-30","1899-12-31 14:30:00",67
"Sarah","2026-06-08 10:43:35","2026-05-30","1899-12-31 14:35:00",67
"Sarah","2026-06-08 10:43:35","2026-05-30","1899-12-31 14:40:00",91
"Sarah","2026-06-08 10:43:35","2026-05-30","1899-12-31 14:45:00",89
"Sarah","2026-06-08 10:43:35","2026-05-30","1899-12-31 14:50:00",76
"Sarah","2026-06-08 10:43:35","2026-05-30","1899-12-31 14:55:00",72
"Sarah","2026-06-08 10:43:35","2026-05-30","1899-12-31 15:00:00",72
"Sarah","2026-06-08 10:43:35","2026-05-30","1899-12-31 15:05:00",74
"Sarah","2026-06-08 10:43:35","2026-05-30","1899-12-31 15:10:00",74
"Sarah","2026-06-08 10:43:35","2026-05-30","1899-12-31 15:15:00",79
"Sarah","2026-06-08 10:43:35","2026-05-30","1899-12-31 15:20:00",74
"Sarah","2026-06-08 10:43:35","2026-05-30","1899-12-31 15:25:00",78
"Sarah","2026-06-08 10:43:35","2026-05-30","1899-12-31 15:30:00",92
"Sarah","2026-06-08 10:43:35","2026-05-30","1899-12-31 15:35:00",100
"Sarah","2026-06-08 10:43:35","2026-05-30","1899-12-31 15:40:00",93
"Sarah","2026-06-08 10:43:35","2026-05-30","1899-12-31 15:45:00",81
"Sarah","2026-06-08 10:43:35","2026-05-30","1899-12-31 15:50:00",78
"Sarah","2026-06-08 10:43:35","2026-05-30","1899-12-31 15:55:00",83
"Sarah","2026-06-08 10:43:35","2026-05-30","1899-12-31 16:00:00",80
"Sarah","2026-06-08 10:43:35","2026-05-30","1899-12-31 16:05:00",78
"Sarah","2026-06-08 10:43:35","2026-05-30","1899-12-31 16:10:00",78
"Sarah","2026-06-08 10:43:35","2026-05-30","1899-12-31 16:15:00",79
"Sarah","2026-06-08 10:43:35","2026-05-30","1899-12-31 16:20:00",78
"Sarah","2026-06-08 10:43:35","2026-05-30","1899-12-31 16:25:00",79
"Sarah","2026-06-08 10:43:35","2026-05-30","1899-12-31 16:30:00",80
"Sarah","2026-06-08 10:43:35","2026-05-30","1899-12-31 16:35:00",81
"Sarah","2026-06-08 10:43:35","2026-05-30","1899-12-31 16:40:00",83
"Sarah","2026-06-08 10:43:35","2026-05-30","1899-12-31 16:45:00",84
"Sarah","2026-06-08 10:43:35","2026-05-30","1899-12-31 16:50:00",88
"Sarah","2026-06-08 10:43:35","2026-05-30","1899-12-31 16:55:00",77
"Sarah","2026-06-08 10:43:35","2026-05-30","1899-12-31 17:00:00",77
"Sarah","2026-06-08 10:43:35","2026-05-30","1899-12-31 17:05:00",77
"Sarah","2026-06-08 10:43:35","2026-05-30","1899-12-31 17:10:00",76
"Sarah","2026-06-08 10:43:35","2026-05-30","1899-12-31 17:15:00",76
"Sarah","2026-06-08 10:43:35","2026-05-30","1899-12-31 17:20:00",84
"Sarah","2026-06-08 10:43:35","2026-05-30","1899-12-31 17:25:00",83
"Sarah","2026-06-08 10:43:35","2026-05-30","1899-12-31 17:30:00",80
"Sarah","2026-06-08 10:43:35","2026-05-30","1899-12-31 17:35:00",80
"Sarah","2026-06-08 10:43:35","2026-05-30","1899-12-31 17:40:00",78
"Sarah","2026-06-08 10:43:35","2026-05-30","1899-12-31 17:45:00",77
"Sarah","2026-06-08 10:43:35","2026-05-30","1899-12-31 17:50:00",77
"Sarah","2026-06-08 10:43:35","2026-05-30","1899-12-31 17:55:00",78
"Sarah","2026-06-08 10:43:35","2026-05-30","1899-12-31 18:00:00",81
"Sarah","2026-06-08 10:43:35","2026-05-30","1899-12-31 18:05:00",87
"Sarah","2026-06-08 10:43:35","2026-05-30","1899-12-31 18:10:00",74
"Sarah","2026-06-08 10:43:35","2026-05-30","1899-12-31 18:15:00",76
"Sarah","2026-06-08 10:43:35","2026-05-30","1899-12-31 18:20:00",76
"Sarah","2026-06-08 10:43:35","2026-05-30","1899-12-31 18:25:00",72
"Sarah","2026-06-08 10:43:35","2026-05-30","1899-12-31 18:30:00",73
"Sarah","2026-06-08 10:43:35","2026-05-30","1899-12-31 18:35:00",74
"Sarah","2026-06-08 10:43:35","2026-05-30","1899-12-31 18:40:00",74
"Sarah","2026-06-08 10:43:35","2026-05-30","1899-12-31 18:45:00",75
"Sarah","2026-06-08 10:43:35","2026-05-30","1899-12-31 18:50:00",75
"Sarah","2026-06-08 10:43:35","2026-05-30","1899-12-31 18:55:00",77
"Sarah","2026-06-08 10:43:35","2026-05-30","1899-12-31 19:00:00",73
"Sarah","2026-06-08 10:43:35","2026-05-30","1899-12-31 19:05:00",73
"Sarah","2026-06-08 10:43:35","2026-05-30","1899-12-31 19:10:00",73
"Sarah","2026-06-08 10:43:35","2026-05-30","1899-12-31 19:15:00",82
"Sarah","2026-06-08 10:43:35","2026-05-30","1899-12-31 19:20:00",84
"Sarah","2026-06-08 10:43:35","2026-05-30","1899-12-31 19:25:00",77
"Sarah","2026-06-08 10:43:35","2026-05-30","1899-12-31 19:30:00",75
"Sarah","2026-06-08 10:43:35","2026-05-30","1899-12-31 19:35:00",74
"Sarah","2026-06-08 10:43:35","2026-05-30","1899-12-31 19:40:00",74
"Sarah","2026-06-08 10:43:35","2026-05-30","1899-12-31 19:45:00",74
"Sarah","2026-06-08 10:43:35","2026-05-30","1899-12-31 19:50:00",74
"Sarah","2026-06-08 10:43:35","2026-05-30","1899-12-31 19:55:00",70
"Sarah","2026-06-08 10:43:35","2026-05-30","1899-12-31 20:00:00",95
"Sarah","2026-06-08 10:43:35","2026-05-30","1899-12-31 20:05:00",90
"Sarah","2026-06-08 10:43:35","2026-05-30","1899-12-31 20:10:00",85
"Sarah","2026-06-08 10:43:35","2026-05-30","1899-12-31 20:15:00",86
"Sarah","2026-06-08 10:43:35","2026-05-30","1899-12-31 20:20:00",84
"Sarah","2026-06-08 10:43:35","2026-05-30","1899-12-31 20:25:00",81
"Sarah","2026-06-08 10:43:35","2026-05-30","1899-12-31 20:30:00",79
"Sarah","2026-06-08 10:43:35","2026-05-30","1899-12-31 20:35:00",78
"Sarah","2026-06-08 10:43:35","2026-05-30","1899-12-31 20:40:00",76
"Sarah","2026-06-08 10:43:35","2026-05-30","1899-12-31 20:45:00",77
"Sarah","2026-06-08 10:43:35","2026-05-30","1899-12-31 20:50:00",78
"Sarah","2026-06-08 10:43:35","2026-05-30","1899-12-31 20:55:00",78
"Sarah","2026-06-08 10:43:35","2026-05-30","1899-12-31 21:00:00",81
"Sarah","2026-06-08 10:43:35","2026-05-30","1899-12-31 21:05:00",93
"Sarah","2026-06-08 10:43:35","2026-05-30","1899-12-31 21:10:00",85
"Sarah","2026-06-08 10:43:35","2026-05-30","1899-12-31 21:15:00",101
"Sarah","2026-06-08 10:43:35","2026-05-30","1899-12-31 21:20:00",75
"Sarah","2026-06-08 10:43:35","2026-05-30","1899-12-31 21:25:00",75
"Sarah","2026-06-08 10:43:35","2026-05-30","1899-12-31 21:30:00",77
"Sarah","2026-06-08 10:43:35","2026-05-30","1899-12-31 21:35:00",75
"Sarah","2026-06-08 10:43:35","2026-05-30","1899-12-31 21:40:00",75
"Sarah","2026-06-08 10:43:35","2026-05-30","1899-12-31 21:45:00",77
"Sarah","2026-06-08 10:43:35","2026-05-30","1899-12-31 21:50:00",77
"Sarah","2026-06-08 10:43:35","2026-05-30","1899-12-31 21:55:00",77
"Sarah","2026-06-08 10:43:35","2026-05-30","1899-12-31 22:00:00",74
"Sarah","2026-06-08 10:43:35","2026-05-30","1899-12-31 22:05:00",73
"Sarah","2026-06-08 10:43:35","2026-05-30","1899-12-31 22:10:00",74
"Sarah","2026-06-08 10:43:35","2026-05-30","1899-12-31 22:15:00",75
"Sarah","2026-06-08 10:43:35","2026-05-30","1899-12-31 22:20:00",74
"Sarah","2026-06-08 10:43:35","2026-05-30","1899-12-31 22:25:00",75
"Sarah","2026-06-08 10:43:35","2026-05-30","1899-12-31 22:30:00",74
"Sarah","2026-06-08 10:43:35","2026-05-30","1899-12-31 22:35:00",74
"Sarah","2026-06-08 10:43:35","2026-05-30","1899-12-31 22:40:00",89
"Sarah","2026-06-08 10:43:35","2026-05-30","1899-12-31 22:45:00",87
"Sarah","2026-06-08 10:43:35","2026-05-30","1899-12-31 22:50:00",80
"Sarah","2026-06-08 10:43:35","2026-05-30","1899-12-31 22:55:00",74
"Sarah","2026-06-08 10:43:35","2026-05-30","1899-12-31 23:00:00",73
"Sarah","2026-06-08 10:43:35","2026-05-30","1899-12-31 23:05:00",81
"Sarah","2026-06-08 10:43:35","2026-05-30","1899-12-31 23:10:00",76
"Sarah","2026-06-08 10:43:35","2026-05-30","1899-12-31 23:15:00",73
"Sarah","2026-06-08 10:43:35","2026-05-30","1899-12-31 23:20:00",86
"Sarah","2026-06-08 10:43:35","2026-05-30","1899-12-31 23:25:00",86
"Sarah","2026-06-08 10:43:35","2026-05-30","1899-12-31 23:30:00",74
"Sarah","2026-06-08 10:43:35","2026-05-30","1899-12-31 23:35:00",72
"Sarah","2026-06-08 10:43:35","2026-05-30","1899-12-31 23:40:00",72
"Sarah","2026-06-08 10:43:35","2026-05-30","1899-12-31 23:45:00",72
"Sarah","2026-06-08 10:43:35","2026-05-30","1899-12-31 23:50:00",73
"Sarah","2026-06-08 10:43:35","2026-05-30","1899-12-31 23:55:00",74
"Sarah","2026-06-08 11:02:26","2026-05-31","1899-12-31",72
"Sarah","2026-06-08 11:02:26","2026-05-31","1899-12-31 00:05:00",77
"Sarah","2026-06-08 11:02:26","2026-05-31","1899-12-31 00:10:00",80
"Sarah","2026-06-08 11:02:26","2026-05-31","1899-12-31 00:15:00",72
"Sarah","2026-06-08 11:02:26","2026-05-31","1899-12-31 00:20:00",72
"Sarah","2026-06-08 11:02:26","2026-05-31","1899-12-31 00:25:00",74
"Sarah","2026-06-08 11:02:26","2026-05-31","1899-12-31 00:30:00",74
"Sarah","2026-06-08 11:02:26","2026-05-31","1899-12-31 00:35:00",72
"Sarah","2026-06-08 11:02:26","2026-05-31","1899-12-31 00:40:00",72
"Sarah","2026-06-08 11:02:26","2026-05-31","1899-12-31 00:45:00",73
"Sarah","2026-06-08 11:02:26","2026-05-31","1899-12-31 00:50:00",72
"Sarah","2026-06-08 11:02:26","2026-05-31","1899-12-31 00:55:00",71
"Sarah","2026-06-08 11:02:26","2026-05-31","1899-12-31 01:00:00",78
"Sarah","2026-06-08 11:02:26","2026-05-31","1899-12-31 01:05:00",74
"Sarah","2026-06-08 11:02:26","2026-05-31","1899-12-31 01:10:00",78
"Sarah","2026-06-08 11:02:26","2026-05-31","1899-12-31 01:15:00",78
"Sarah","2026-06-08 11:02:26","2026-05-31","1899-12-31 01:20:00",75
"Sarah","2026-06-08 11:02:26","2026-05-31","1899-12-31 01:25:00",73
"Sarah","2026-06-08 11:02:26","2026-05-31","1899-12-31 01:30:00",71
"Sarah","2026-06-08 11:02:26","2026-05-31","1899-12-31 01:35:00",71
"Sarah","2026-06-08 11:02:26","2026-05-31","1899-12-31 01:40:00",72
"Sarah","2026-06-08 11:02:26","2026-05-31","1899-12-31 01:45:00",71
"Sarah","2026-06-08 11:02:26","2026-05-31","1899-12-31 01:50:00",71
"Sarah","2026-06-08 11:02:26","2026-05-31","1899-12-31 01:55:00",72
"Sarah","2026-06-08 11:02:26","2026-05-31","1899-12-31 02:00:00",70
"Sarah","2026-06-08 11:02:26","2026-05-31","1899-12-31 02:05:00",72
"Sarah","2026-06-08 11:02:26","2026-05-31","1899-12-31 02:10:00",73
"Sarah","2026-06-08 11:02:26","2026-05-31","1899-12-31 02:15:00",79
"Sarah","2026-06-08 11:02:26","2026-05-31","1899-12-31 02:20:00",70
"Sarah","2026-06-08 11:02:26","2026-05-31","1899-12-31 02:25:00",80
"Sarah","2026-06-08 11:02:26","2026-05-31","1899-12-31 02:30:00",73
"Sarah","2026-06-08 11:02:26","2026-05-31","1899-12-31 02:35:00",72
"Sarah","2026-06-08 11:02:26","2026-05-31","1899-12-31 02:40:00",73
"Sarah","2026-06-08 11:02:26","2026-05-31","1899-12-31 02:45:00",71
"Sarah","2026-06-08 11:02:26","2026-05-31","1899-12-31 02:50:00",71
"Sarah","2026-06-08 11:02:26","2026-05-31","1899-12-31 02:55:00",71
"Sarah","2026-06-08 11:02:26","2026-05-31","1899-12-31 03:00:00",71
"Sarah","2026-06-08 11:02:26","2026-05-31","1899-12-31 03:05:00",72
"Sarah","2026-06-08 11:02:26","2026-05-31","1899-12-31 03:10:00",71
"Sarah","2026-06-08 11:02:26","2026-05-31","1899-12-31 03:15:00",74
"Sarah","2026-06-08 11:02:26","2026-05-31","1899-12-31 03:20:00",70
"Sarah","2026-06-08 11:02:26","2026-05-31","1899-12-31 03:25:00",69
"Sarah","2026-06-08 11:02:26","2026-05-31","1899-12-31 03:30:00",70
"Sarah","2026-06-08 11:02:26","2026-05-31","1899-12-31 03:35:00",70
"Sarah","2026-06-08 11:02:26","2026-05-31","1899-12-31 03:40:00",75
"Sarah","2026-06-08 11:02:26","2026-05-31","1899-12-31 03:45:00",72
"Sarah","2026-06-08 11:02:26","2026-05-31","1899-12-31 03:50:00",71
"Sarah","2026-06-08 11:02:26","2026-05-31","1899-12-31 03:55:00",70
"Sarah","2026-06-08 11:02:26","2026-05-31","1899-12-31 04:00:00",67
"Sarah","2026-06-08 11:02:26","2026-05-31","1899-12-31 04:05:00",67
"Sarah","2026-06-08 11:02:26","2026-05-31","1899-12-31 04:10:00",69
"Sarah","2026-06-08 11:02:26","2026-05-31","1899-12-31 04:15:00",71
"Sarah","2026-06-08 11:02:26","2026-05-31","1899-12-31 04:20:00",70
"Sarah","2026-06-08 11:02:26","2026-05-31","1899-12-31 04:25:00",70
"Sarah","2026-06-08 11:02:26","2026-05-31","1899-12-31 04:30:00",69
"Sarah","2026-06-08 11:02:26","2026-05-31","1899-12-31 04:35:00",66
"Sarah","2026-06-08 11:02:26","2026-05-31","1899-12-31 04:40:00",73
"Sarah","2026-06-08 11:02:26","2026-05-31","1899-12-31 04:45:00",70
"Sarah","2026-06-08 11:02:26","2026-05-31","1899-12-31 04:50:00",69
"Sarah","2026-06-08 11:02:26","2026-05-31","1899-12-31 04:55:00",66
"Sarah","2026-06-08 11:02:26","2026-05-31","1899-12-31 05:00:00",66
"Sarah","2026-06-08 11:02:26","2026-05-31","1899-12-31 05:05:00",67
"Sarah","2026-06-08 11:02:26","2026-05-31","1899-12-31 05:10:00",68
"Sarah","2026-06-08 11:02:26","2026-05-31","1899-12-31 05:15:00",69
"Sarah","2026-06-08 11:02:26","2026-05-31","1899-12-31 05:20:00",69
"Sarah","2026-06-08 11:02:26","2026-05-31","1899-12-31 05:25:00",68
"Sarah","2026-06-08 11:02:26","2026-05-31","1899-12-31 05:30:00",69
"Sarah","2026-06-08 11:02:26","2026-05-31","1899-12-31 05:35:00",71
"Sarah","2026-06-08 11:02:26","2026-05-31","1899-12-31 05:40:00",73
"Sarah","2026-06-08 11:02:26","2026-05-31","1899-12-31 05:45:00",74
"Sarah","2026-06-08 11:02:26","2026-05-31","1899-12-31 05:50:00",74
"Sarah","2026-06-08 11:02:26","2026-05-31","1899-12-31 05:55:00",74
"Sarah","2026-06-08 11:02:26","2026-05-31","1899-12-31 06:00:00",76
"Sarah","2026-06-08 11:02:26","2026-05-31","1899-12-31 06:05:00",73
"Sarah","2026-06-08 11:02:26","2026-05-31","1899-12-31 06:10:00",74
"Sarah","2026-06-08 11:02:26","2026-05-31","1899-12-31 06:15:00",74
"Sarah","2026-06-08 11:02:26","2026-05-31","1899-12-31 06:20:00",71
"Sarah","2026-06-08 11:02:26","2026-05-31","1899-12-31 06:25:00",71
"Sarah","2026-06-08 11:02:26","2026-05-31","1899-12-31 06:30:00",71
"Sarah","2026-06-08 11:02:26","2026-05-31","1899-12-31 06:35:00",71
"Sarah","2026-06-08 11:02:26","2026-05-31","1899-12-31 06:40:00",70
"Sarah","2026-06-08 11:02:26","2026-05-31","1899-12-31 06:45:00",78
"Sarah","2026-06-08 11:02:26","2026-05-31","1899-12-31 06:50:00",71
"Sarah","2026-06-08 11:02:26","2026-05-31","1899-12-31 06:55:00",69
"Sarah","2026-06-08 11:02:26","2026-05-31","1899-12-31 07:00:00",66
"Sarah","2026-06-08 11:02:26","2026-05-31","1899-12-31 07:05:00",66
"Sarah","2026-06-08 11:02:26","2026-05-31","1899-12-31 07:10:00",72
"Sarah","2026-06-08 11:02:26","2026-05-31","1899-12-31 07:15:00",69
"Sarah","2026-06-08 11:02:26","2026-05-31","1899-12-31 07:20:00",66
"Sarah","2026-06-08 11:02:26","2026-05-31","1899-12-31 07:25:00",66
"Sarah","2026-06-08 11:02:26","2026-05-31","1899-12-31 07:30:00",64
"Sarah","2026-06-08 11:02:26","2026-05-31","1899-12-31 07:35:00",64
"Sarah","2026-06-08 11:02:26","2026-05-31","1899-12-31 07:40:00",65
"Sarah","2026-06-08 11:02:26","2026-05-31","1899-12-31 07:45:00",65
"Sarah","2026-06-08 11:02:26","2026-05-31","1899-12-31 07:50:00",67
"Sarah","2026-06-08 11:02:26","2026-05-31","1899-12-31 07:55:00",74
"Sarah","2026-06-08 11:02:26","2026-05-31","1899-12-31 08:00:00",72
"Sarah","2026-06-08 11:02:26","2026-05-31","1899-12-31 08:05:00",73
"Sarah","2026-06-08 11:02:26","2026-05-31","1899-12-31 08:10:00",72
"Sarah","2026-06-08 11:02:26","2026-05-31","1899-12-31 08:15:00",73
"Sarah","2026-06-08 11:02:26","2026-05-31","1899-12-31 08:20:00",71
"Sarah","2026-06-08 11:02:26","2026-05-31","1899-12-31 08:25:00",72
"Sarah","2026-06-08 11:02:26","2026-05-31","1899-12-31 08:30:00",69
"Sarah","2026-06-08 11:02:26","2026-05-31","1899-12-31 08:35:00",68
"Sarah","2026-06-08 11:02:26","2026-05-31","1899-12-31 08:40:00",69
"Sarah","2026-06-08 11:02:26","2026-05-31","1899-12-31 08:45:00",67
"Sarah","2026-06-08 11:02:26","2026-05-31","1899-12-31 08:50:00",68
"Sarah","2026-06-08 11:02:26","2026-05-31","1899-12-31 08:55:00",67
"Sarah","2026-06-08 11:02:26","2026-05-31","1899-12-31 09:00:00",67
"Sarah","2026-06-08 11:02:26","2026-05-31","1899-12-31 09:05:00",67
"Sarah","2026-06-08 11:02:26","2026-05-31","1899-12-31 09:10:00",67
"Sarah","2026-06-08 11:02:26","2026-05-31","1899-12-31 09:15:00",67
"Sarah","2026-06-08 11:02:26","2026-05-31","1899-12-31 09:20:00",74
"Sarah","2026-06-08 11:02:26","2026-05-31","1899-12-31 09:25:00",70
"Sarah","2026-06-08 11:02:26","2026-05-31","1899-12-31 09:30:00",69
"Sarah","2026-06-08 11:02:26","2026-05-31","1899-12-31 09:35:00",70
"Sarah","2026-06-08 11:02:26","2026-05-31","1899-12-31 09:40:00",70
"Sarah","2026-06-08 11:02:26","2026-05-31","1899-12-31 09:45:00",68
"Sarah","2026-06-08 11:02:26","2026-05-31","1899-12-31 09:50:00",69
"Sarah","2026-06-08 11:02:26","2026-05-31","1899-12-31 09:55:00",70
"Sarah","2026-06-08 11:02:26","2026-05-31","1899-12-31 10:00:00",69
"Sarah","2026-06-08 11:02:26","2026-05-31","1899-12-31 10:05:00",65
"Sarah","2026-06-08 11:02:26","2026-05-31","1899-12-31 10:10:00",66
"Sarah","2026-06-08 11:02:26","2026-05-31","1899-12-31 10:15:00",66
"Sarah","2026-06-08 11:02:26","2026-05-31","1899-12-31 10:20:00",67
"Sarah","2026-06-08 11:02:26","2026-05-31","1899-12-31 10:25:00",66
"Sarah","2026-06-08 11:02:26","2026-05-31","1899-12-31 10:30:00",66
"Sarah","2026-06-08 11:02:26","2026-05-31","1899-12-31 10:35:00",67
"Sarah","2026-06-08 11:02:26","2026-05-31","1899-12-31 10:40:00",66
"Sarah","2026-06-08 11:02:26","2026-05-31","1899-12-31 10:45:00",73
"Sarah","2026-06-08 11:02:26","2026-05-31","1899-12-31 10:50:00",89
"Sarah","2026-06-08 11:02:26","2026-05-31","1899-12-31 10:55:00",80
"Sarah","2026-06-08 11:02:26","2026-05-31","1899-12-31 11:00:00",92
"Sarah","2026-06-08 11:02:26","2026-05-31","1899-12-31 11:05:00",94
"Sarah","2026-06-08 11:02:26","2026-05-31","1899-12-31 11:10:00",90
"Sarah","2026-06-08 11:02:26","2026-05-31","1899-12-31 11:15:00",78
"Sarah","2026-06-08 11:02:26","2026-05-31","1899-12-31 11:20:00",84
"Sarah","2026-06-08 11:02:26","2026-05-31","1899-12-31 11:25:00",84
"Sarah","2026-06-08 11:02:26","2026-05-31","1899-12-31 11:30:00",105
"Sarah","2026-06-08 11:02:26","2026-05-31","1899-12-31 11:35:00",102
"Sarah","2026-06-08 11:02:26","2026-05-31","1899-12-31 11:40:00",103
"Sarah","2026-06-08 11:02:26","2026-05-31","1899-12-31 11:45:00",111
"Sarah","2026-06-08 11:02:26","2026-05-31","1899-12-31 11:50:00",141
"Sarah","2026-06-08 11:02:26","2026-05-31","1899-12-31 11:55:00",115
"Sarah","2026-06-08 11:02:26","2026-05-31","1899-12-31 12:00:00",102
"Sarah","2026-06-08 11:02:26","2026-05-31","1899-12-31 12:05:00",106
"Sarah","2026-06-08 11:02:26","2026-05-31","1899-12-31 12:10:00",98
"Sarah","2026-06-08 11:02:26","2026-05-31","1899-12-31 12:15:00",95
"Sarah","2026-06-08 11:02:26","2026-05-31","1899-12-31 12:20:00",126
"Sarah","2026-06-08 11:02:26","2026-05-31","1899-12-31 12:25:00",127
"Sarah","2026-06-08 11:02:26","2026-05-31","1899-12-31 12:30:00",133
"Sarah","2026-06-08 11:02:26","2026-05-31","1899-12-31 12:35:00",123
"Sarah","2026-06-08 11:02:26","2026-05-31","1899-12-31 12:40:00",96
"Sarah","2026-06-08 11:02:26","2026-05-31","1899-12-31 12:45:00",97
"Sarah","2026-06-08 11:02:26","2026-05-31","1899-12-31 12:50:00",95
"Sarah","2026-06-08 11:02:26","2026-05-31","1899-12-31 12:55:00",96
"Sarah","2026-06-08 11:02:26","2026-05-31","1899-12-31 13:00:00",87
"Sarah","2026-06-08 11:02:26","2026-05-31","1899-12-31 13:05:00",91
"Sarah","2026-06-08 11:02:26","2026-05-31","1899-12-31 13:10:00",98
"Sarah","2026-06-08 11:02:26","2026-05-31","1899-12-31 13:15:00",88
"Sarah","2026-06-08 11:02:26","2026-05-31","1899-12-31 13:20:00",105
"Sarah","2026-06-08 11:02:26","2026-05-31","1899-12-31 13:25:00",115
"Sarah","2026-06-08 11:02:26","2026-05-31","1899-12-31 13:30:00",105
"Sarah","2026-06-08 11:02:26","2026-05-31","1899-12-31 13:35:00",99
"Sarah","2026-06-08 11:02:26","2026-05-31","1899-12-31 13:40:00",105
"Sarah","2026-06-08 11:02:26","2026-05-31","1899-12-31 13:45:00",105
"Sarah","2026-06-08 11:02:26","2026-05-31","1899-12-31 13:50:00",110
"Sarah","2026-06-08 11:02:26","2026-05-31","1899-12-31 13:55:00",117
"Sarah","2026-06-08 11:02:26","2026-05-31","1899-12-31 14:00:00",95
"Sarah","2026-06-08 11:02:26","2026-05-31","1899-12-31 14:05:00",103
"Sarah","2026-06-08 11:02:26","2026-05-31","1899-12-31 14:10:00",91
"Sarah","2026-06-08 11:02:26","2026-05-31","1899-12-31 14:15:00",84
"Sarah","2026-06-08 11:02:26","2026-05-31","1899-12-31 14:20:00",81
"Sarah","2026-06-08 11:02:26","2026-05-31","1899-12-31 14:25:00",90
"Sarah","2026-06-08 11:02:26","2026-05-31","1899-12-31 14:30:00",106
"Sarah","2026-06-08 11:02:26","2026-05-31","1899-12-31 14:35:00",106
"Sarah","2026-06-08 11:02:26","2026-05-31","1899-12-31 14:40:00",100
"Sarah","2026-06-08 11:02:26","2026-05-31","1899-12-31 14:45:00",106
"Sarah","2026-06-08 11:02:26","2026-05-31","1899-12-31 14:50:00",102
"Sarah","2026-06-08 11:02:26","2026-05-31","1899-12-31 14:55:00",98
"Sarah","2026-06-08 11:02:26","2026-05-31","1899-12-31 15:00:00",105
"Sarah","2026-06-08 11:02:26","2026-05-31","1899-12-31 15:05:00",107
"Sarah","2026-06-08 11:02:26","2026-05-31","1899-12-31 15:10:00",115
"Sarah","2026-06-08 11:02:26","2026-05-31","1899-12-31 15:15:00",116
"Sarah","2026-06-08 11:02:26","2026-05-31","1899-12-31 15:20:00",121
"Sarah","2026-06-08 11:02:26","2026-05-31","1899-12-31 15:25:00",123
"Sarah","2026-06-08 11:02:26","2026-05-31","1899-12-31 15:30:00",119
"Sarah","2026-06-08 11:02:26","2026-05-31","1899-12-31 15:35:00",131
"Sarah","2026-06-08 11:02:26","2026-05-31","1899-12-31 15:40:00",120
"Sarah","2026-06-08 11:02:26","2026-05-31","1899-12-31 15:45:00",129
"Sarah","2026-06-08 11:02:26","2026-05-31","1899-12-31 15:50:00",117
"Sarah","2026-06-08 11:02:26","2026-05-31","1899-12-31 15:55:00",118
"Sarah","2026-06-08 11:02:26","2026-05-31","1899-12-31 16:00:00",128
"Sarah","2026-06-08 11:02:26","2026-05-31","1899-12-31 16:05:00",102
"Sarah","2026-06-08 11:02:26","2026-05-31","1899-12-31 16:10:00",94
"Sarah","2026-06-08 11:02:26","2026-05-31","1899-12-31 16:15:00",93
"Sarah","2026-06-08 11:02:26","2026-05-31","1899-12-31 16:20:00",91
"Sarah","2026-06-08 11:02:26","2026-05-31","1899-12-31 16:25:00",92
"Sarah","2026-06-08 11:02:26","2026-05-31","1899-12-31 16:30:00",91
"Sarah","2026-06-08 11:02:26","2026-05-31","1899-12-31 16:35:00",89
"Sarah","2026-06-08 11:02:26","2026-05-31","1899-12-31 16:40:00",86
"Sarah","2026-06-08 11:02:26","2026-05-31","1899-12-31 16:45:00",89
"Sarah","2026-06-08 11:02:26","2026-05-31","1899-12-31 16:50:00",106
"Sarah","2026-06-08 11:02:26","2026-05-31","1899-12-31 16:55:00",125
"Sarah","2026-06-08 11:02:26","2026-05-31","1899-12-31 17:00:00",109
"Sarah","2026-06-08 11:02:26","2026-05-31","1899-12-31 17:05:00",104
"Sarah","2026-06-08 11:02:26","2026-05-31","1899-12-31 17:10:00",104
"Sarah","2026-06-08 11:02:26","2026-05-31","1899-12-31 17:15:00",108
"Sarah","2026-06-08 11:02:26","2026-05-31","1899-12-31 17:20:00",106
"Sarah","2026-06-08 11:02:26","2026-05-31","1899-12-31 17:25:00",103
"Sarah","2026-06-08 11:02:26","2026-05-31","1899-12-31 17:30:00",101
"Sarah","2026-06-08 11:02:26","2026-05-31","1899-12-31 17:35:00",103
"Sarah","2026-06-08 11:02:26","2026-05-31","1899-12-31 17:40:00",108
"Sarah","2026-06-08 11:02:26","2026-05-31","1899-12-31 17:45:00",111
"Sarah","2026-06-08 11:02:26","2026-05-31","1899-12-31 17:50:00",112
"Sarah","2026-06-08 11:02:26","2026-05-31","1899-12-31 17:55:00",110
"Sarah","2026-06-08 11:02:26","2026-05-31","1899-12-31 18:00:00",109
"Sarah","2026-06-08 11:02:26","2026-05-31","1899-12-31 18:05:00",107
"Sarah","2026-06-08 11:02:26","2026-05-31","1899-12-31 18:10:00",106
"Sarah","2026-06-08 11:02:26","2026-05-31","1899-12-31 18:15:00",103
"Sarah","2026-06-08 11:02:26","2026-05-31","1899-12-31 18:20:00",104
"Sarah","2026-06-08 11:02:26","2026-05-31","1899-12-31 18:25:00",97
"Sarah","2026-06-08 11:02:26","2026-05-31","1899-12-31 18:30:00",97
"Sarah","2026-06-08 11:02:26","2026-05-31","1899-12-31 18:35:00",100
"Sarah","2026-06-08 11:02:26","2026-05-31","1899-12-31 18:40:00",101
"Sarah","2026-06-08 11:02:26","2026-05-31","1899-12-31 18:45:00",100
"Sarah","2026-06-08 11:02:26","2026-05-31","1899-12-31 18:50:00",96
"Sarah","2026-06-08 11:02:26","2026-05-31","1899-12-31 18:55:00",95
"Sarah","2026-06-08 11:02:26","2026-05-31","1899-12-31 19:00:00",96
"Sarah","2026-06-08 11:02:26","2026-05-31","1899-12-31 19:05:00",99
"Sarah","2026-06-08 11:02:26","2026-05-31","1899-12-31 19:10:00",98
"Sarah","2026-06-08 11:02:26","2026-05-31","1899-12-31 19:15:00",99
"Sarah","2026-06-08 11:02:26","2026-05-31","1899-12-31 19:20:00",99
"Sarah","2026-06-08 11:02:26","2026-05-31","1899-12-31 19:25:00",98
"Sarah","2026-06-08 11:02:26","2026-05-31","1899-12-31 19:30:00",97
"Sarah","2026-06-08 11:02:26","2026-05-31","1899-12-31 19:35:00",100
"Sarah","2026-06-08 11:02:26","2026-05-31","1899-12-31 19:40:00",104
"Sarah","2026-06-08 11:02:26","2026-05-31","1899-12-31 19:45:00",105
"Sarah","2026-06-08 11:02:26","2026-05-31","1899-12-31 19:50:00",101
"Sarah","2026-06-08 11:02:26","2026-05-31","1899-12-31 19:55:00",98
"Sarah","2026-06-08 11:02:26","2026-05-31","1899-12-31 20:00:00",73
"Sarah","2026-06-08 11:02:26","2026-05-31","1899-12-31 20:05:00",74
"Sarah","2026-06-08 11:02:26","2026-05-31","1899-12-31 20:10:00",77
"Sarah","2026-06-08 11:02:26","2026-05-31","1899-12-31 20:15:00",73
"Sarah","2026-06-08 11:02:26","2026-05-31","1899-12-31 20:20:00",74
"Sarah","2026-06-08 11:02:26","2026-05-31","1899-12-31 20:25:00",73
"Sarah","2026-06-08 11:02:26","2026-05-31","1899-12-31 20:30:00",73
"Sarah","2026-06-08 11:02:26","2026-05-31","1899-12-31 20:35:00",75
"Sarah","2026-06-08 11:02:26","2026-05-31","1899-12-31 20:40:00",75
"Sarah","2026-06-08 11:02:26","2026-05-31","1899-12-31 20:45:00",76
"Sarah","2026-06-08 11:02:26","2026-05-31","1899-12-31 20:50:00",79
"Sarah","2026-06-08 11:02:26","2026-05-31","1899-12-31 20:55:00",76
"Sarah","2026-06-08 11:02:26","2026-05-31","1899-12-31 21:00:00",89
"Sarah","2026-06-08 11:02:26","2026-05-31","1899-12-31 21:05:00",93
"Sarah","2026-06-08 11:02:26","2026-05-31","1899-12-31 21:10:00",77
"Sarah","2026-06-08 11:02:26","2026-05-31","1899-12-31 21:15:00",75
"Sarah","2026-06-08 11:02:26","2026-05-31","1899-12-31 21:20:00",75
"Sarah","2026-06-08 11:02:26","2026-05-31","1899-12-31 21:25:00",74
"Sarah","2026-06-08 11:02:26","2026-05-31","1899-12-31 21:30:00",74
"Sarah","2026-06-08 11:02:26","2026-05-31","1899-12-31 21:35:00",74
"Sarah","2026-06-08 11:02:26","2026-05-31","1899-12-31 21:40:00",76
"Sarah","2026-06-08 11:02:26","2026-05-31","1899-12-31 21:45:00",77
"Sarah","2026-06-08 11:02:26","2026-05-31","1899-12-31 21:50:00",76
"Sarah","2026-06-08 11:02:26","2026-05-31","1899-12-31 21:55:00",75
"Sarah","2026-06-08 11:02:26","2026-05-31","1899-12-31 22:00:00",76
"Sarah","2026-06-08 11:02:26","2026-05-31","1899-12-31 22:05:00",75
"Sarah","2026-06-08 11:02:26","2026-05-31","1899-12-31 22:10:00",74
"Sarah","2026-06-08 11:02:26","2026-05-31","1899-12-31 22:15:00",74
"Sarah","2026-06-08 11:02:26","2026-05-31","1899-12-31 22:20:00",72
"Sarah","2026-06-08 11:02:26","2026-05-31","1899-12-31 22:25:00",72
"Sarah","2026-06-08 11:02:26","2026-05-31","1899-12-31 22:30:00",70
"Sarah","2026-06-08 11:02:26","2026-05-31","1899-12-31 22:35:00",72
"Sarah","2026-06-08 11:02:26","2026-05-31","1899-12-31 22:40:00",72
"Sarah","2026-06-08 11:02:26","2026-05-31","1899-12-31 22:45:00",70
"Sarah","2026-06-08 11:02:26","2026-05-31","1899-12-31 22:50:00",73
"Sarah","2026-06-08 11:02:26","2026-05-31","1899-12-31 22:55:00",81
"Sarah","2026-06-08 11:02:26","2026-05-31","1899-12-31 23:00:00",72
"Sarah","2026-06-08 11:02:26","2026-05-31","1899-12-31 23:05:00",77
"Sarah","2026-06-08 11:02:26","2026-05-31","1899-12-31 23:10:00",72
"Sarah","2026-06-08 11:02:26","2026-05-31","1899-12-31 23:15:00",75
"Sarah","2026-06-08 11:02:26","2026-05-31","1899-12-31 23:20:00",74
"Sarah","2026-06-08 11:02:26","2026-05-31","1899-12-31 23:25:00",73
"Sarah","2026-06-08 11:02:26","2026-05-31","1899-12-31 23:30:00",74
"Sarah","2026-06-08 11:02:26","2026-05-31","1899-12-31 23:35:00",73
"Sarah","2026-06-08 11:02:26","2026-05-31","1899-12-31 23:40:00",72
"Sarah","2026-06-08 11:02:26","2026-05-31","1899-12-31 23:45:00",73
"Sarah","2026-06-08 11:02:26","2026-05-31","1899-12-31 23:50:00",73
"Sarah","2026-06-08 11:02:26","2026-05-31","1899-12-31 23:55:00",72
"Sarah","2026-06-08 11:11:04","2026-06-01","1899-12-31 00:45:00",97
"Sarah","2026-06-08 11:11:04","2026-06-01","1899-12-31 00:50:00",96
"Sarah","2026-06-08 11:11:04","2026-06-01","1899-12-31 00:55:00",80
"Sarah","2026-06-08 11:11:04","2026-06-01","1899-12-31 01:00:00",78
"Sarah","2026-06-08 11:11:04","2026-06-01","1899-12-31 01:05:00",81
"Sarah","2026-06-08 11:11:04","2026-06-01","1899-12-31 01:10:00",78
"Sarah","2026-06-08 11:11:04","2026-06-01","1899-12-31 01:15:00",81
"Sarah","2026-06-08 11:11:04","2026-06-01","1899-12-31 01:20:00",78
"Sarah","2026-06-08 11:11:04","2026-06-01","1899-12-31 01:25:00",90
"Sarah","2026-06-08 11:11:04","2026-06-01","1899-12-31 01:30:00",82
"Sarah","2026-06-08 11:11:04","2026-06-01","1899-12-31 01:35:00",76
"Sarah","2026-06-08 11:11:04","2026-06-01","1899-12-31 01:40:00",75
"Sarah","2026-06-08 11:11:04","2026-06-01","1899-12-31 01:45:00",74
"Sarah","2026-06-08 11:11:04","2026-06-01","1899-12-31 01:50:00",74
"Sarah","2026-06-08 11:11:04","2026-06-01","1899-12-31 01:55:00",74
"Sarah","2026-06-08 11:11:04","2026-06-01","1899-12-31 02:00:00",75
"Sarah","2026-06-08 11:11:04","2026-06-01","1899-12-31 02:05:00",75
"Sarah","2026-06-08 11:11:04","2026-06-01","1899-12-31 02:10:00",75
"Sarah","2026-06-08 11:11:04","2026-06-01","1899-12-31 02:15:00",75
"Sarah","2026-06-08 11:11:04","2026-06-01","1899-12-31 02:20:00",73
"Sarah","2026-06-08 11:11:04","2026-06-01","1899-12-31 02:25:00",73
"Sarah","2026-06-08 11:11:04","2026-06-01","1899-12-31 02:30:00",75
"Sarah","2026-06-08 11:11:04","2026-06-01","1899-12-31 02:35:00",76
"Sarah","2026-06-08 11:11:04","2026-06-01","1899-12-31 02:40:00",77
"Sarah","2026-06-08 11:11:04","2026-06-01","1899-12-31 02:45:00",77
"Sarah","2026-06-08 11:11:04","2026-06-01","1899-12-31 02:50:00",77
"Sarah","2026-06-08 11:11:04","2026-06-01","1899-12-31 02:55:00",75
"Sarah","2026-06-08 11:11:04","2026-06-01","1899-12-31 03:00:00",78
"Sarah","2026-06-08 11:11:04","2026-06-01","1899-12-31 03:05:00",74
"Sarah","2026-06-08 11:11:04","2026-06-01","1899-12-31 03:10:00",73
"Sarah","2026-06-08 11:11:04","2026-06-01","1899-12-31 03:15:00",73
"Sarah","2026-06-08 11:11:04","2026-06-01","1899-12-31 03:20:00",74
"Sarah","2026-06-08 11:11:04","2026-06-01","1899-12-31 03:25:00",74
"Sarah","2026-06-08 11:11:04","2026-06-01","1899-12-31 03:30:00",73
"Sarah","2026-06-08 11:11:04","2026-06-01","1899-12-31 03:35:00",75
"Sarah","2026-06-08 11:11:04","2026-06-01","1899-12-31 03:40:00",79
"Sarah","2026-06-08 11:11:04","2026-06-01","1899-12-31 03:45:00",73
"Sarah","2026-06-08 11:11:04","2026-06-01","1899-12-31 03:50:00",74
"Sarah","2026-06-08 11:11:04","2026-06-01","1899-12-31 03:55:00",73
"Sarah","2026-06-08 11:11:04","2026-06-01","1899-12-31 04:00:00",73
"Sarah","2026-06-08 11:11:04","2026-06-01","1899-12-31 04:05:00",73
"Sarah","2026-06-08 11:11:04","2026-06-01","1899-12-31 04:10:00",73
"Sarah","2026-06-08 11:11:04","2026-06-01","1899-12-31 04:15:00",73
"Sarah","2026-06-08 11:11:04","2026-06-01","1899-12-31 04:20:00",73
"Sarah","2026-06-08 11:11:04","2026-06-01","1899-12-31 04:25:00",73
"Sarah","2026-06-08 11:11:04","2026-06-01","1899-12-31 04:30:00",73
"Sarah","2026-06-08 11:11:04","2026-06-01","1899-12-31 04:35:00",73
"Sarah","2026-06-08 11:11:04","2026-06-01","1899-12-31 04:40:00",74
"Sarah","2026-06-08 11:11:04","2026-06-01","1899-12-31 04:45:00",76
"Sarah","2026-06-08 11:11:04","2026-06-01","1899-12-31 04:50:00",78
"Sarah","2026-06-08 11:11:04","2026-06-01","1899-12-31 04:55:00",79
"Sarah","2026-06-08 11:11:04","2026-06-01","1899-12-31 05:00:00",78
"Sarah","2026-06-08 11:11:04","2026-06-01","1899-12-31 05:05:00",78
"Sarah","2026-06-08 11:11:04","2026-06-01","1899-12-31 05:10:00",75
"Sarah","2026-06-08 11:11:04","2026-06-01","1899-12-31 05:15:00",74
"Sarah","2026-06-08 11:11:04","2026-06-01","1899-12-31 05:20:00",72
"Sarah","2026-06-08 11:11:04","2026-06-01","1899-12-31 05:25:00",72
"Sarah","2026-06-08 11:11:04","2026-06-01","1899-12-31 05:30:00",72
"Sarah","2026-06-08 11:11:04","2026-06-01","1899-12-31 05:35:00",72
"Sarah","2026-06-08 11:11:04","2026-06-01","1899-12-31 05:40:00",73
"Sarah","2026-06-08 11:11:04","2026-06-01","1899-12-31 05:45:00",79
"Sarah","2026-06-08 11:11:04","2026-06-01","1899-12-31 05:50:00",97
"Sarah","2026-06-08 11:11:04","2026-06-01","1899-12-31 05:55:00",80
"Sarah","2026-06-08 11:11:04","2026-06-01","1899-12-31 06:00:00",76
"Sarah","2026-06-08 11:11:04","2026-06-01","1899-12-31 06:05:00",77
"Sarah","2026-06-08 11:11:04","2026-06-01","1899-12-31 06:10:00",77
"Sarah","2026-06-08 11:11:04","2026-06-01","1899-12-31 06:15:00",86
"Sarah","2026-06-08 11:11:04","2026-06-01","1899-12-31 06:20:00",80
"Sarah","2026-06-08 11:11:04","2026-06-01","1899-12-31 06:25:00",78
"Sarah","2026-06-08 11:11:04","2026-06-01","1899-12-31 06:30:00",79
"Sarah","2026-06-08 11:11:04","2026-06-01","1899-12-31 06:35:00",74
"Sarah","2026-06-08 11:11:04","2026-06-01","1899-12-31 06:40:00",74
"Sarah","2026-06-08 11:11:04","2026-06-01","1899-12-31 06:45:00",72
"Sarah","2026-06-08 11:11:04","2026-06-01","1899-12-31 06:50:00",72
"Sarah","2026-06-08 11:11:04","2026-06-01","1899-12-31 06:55:00",73
"Sarah","2026-06-08 11:11:04","2026-06-01","1899-12-31 07:00:00",73
"Sarah","2026-06-08 11:11:04","2026-06-01","1899-12-31 07:05:00",73
"Sarah","2026-06-08 11:11:04","2026-06-01","1899-12-31 07:10:00",75
"Sarah","2026-06-08 11:11:04","2026-06-01","1899-12-31 07:15:00",73
"Sarah","2026-06-08 11:11:04","2026-06-01","1899-12-31 07:20:00",73
"Sarah","2026-06-08 11:11:04","2026-06-01","1899-12-31 07:25:00",72
"Sarah","2026-06-08 11:11:04","2026-06-01","1899-12-31 07:30:00",74
"Sarah","2026-06-08 11:11:04","2026-06-01","1899-12-31 07:35:00",86
"Sarah","2026-06-08 11:11:04","2026-06-01","1899-12-31 07:40:00",96
"Sarah","2026-06-08 11:11:04","2026-06-01","1899-12-31 07:45:00",76
"Sarah","2026-06-08 11:11:04","2026-06-01","1899-12-31 07:50:00",73
"Sarah","2026-06-08 11:11:04","2026-06-01","1899-12-31 07:55:00",75
"Sarah","2026-06-08 11:11:04","2026-06-01","1899-12-31 08:00:00",76
"Sarah","2026-06-08 11:11:04","2026-06-01","1899-12-31 08:05:00",77
"Sarah","2026-06-08 11:11:04","2026-06-01","1899-12-31 08:10:00",75
"Sarah","2026-06-08 11:11:04","2026-06-01","1899-12-31 08:15:00",75
"Sarah","2026-06-08 11:11:04","2026-06-01","1899-12-31 08:20:00",77
"Sarah","2026-06-08 11:11:04","2026-06-01","1899-12-31 08:25:00",78
"Sarah","2026-06-08 11:11:04","2026-06-01","1899-12-31 08:30:00",82
"Sarah","2026-06-08 11:11:04","2026-06-01","1899-12-31 08:35:00",76
"Sarah","2026-06-08 11:11:04","2026-06-01","1899-12-31 08:40:00",73
"Sarah","2026-06-08 11:11:04","2026-06-01","1899-12-31 08:45:00",75
"Sarah","2026-06-08 11:11:04","2026-06-01","1899-12-31 08:50:00",76
"Sarah","2026-06-08 11:11:04","2026-06-01","1899-12-31 08:55:00",78
"Sarah","2026-06-08 11:11:04","2026-06-01","1899-12-31 09:00:00",79
"Sarah","2026-06-08 11:11:04","2026-06-01","1899-12-31 09:05:00",80
"Sarah","2026-06-08 11:11:04","2026-06-01","1899-12-31 09:10:00",80
"Sarah","2026-06-08 11:11:04","2026-06-01","1899-12-31 09:15:00",80
"Sarah","2026-06-08 11:11:04","2026-06-01","1899-12-31 09:20:00",79
"Sarah","2026-06-08 11:11:04","2026-06-01","1899-12-31 09:25:00",77
"Sarah","2026-06-08 11:11:04","2026-06-01","1899-12-31 09:30:00",73
"Sarah","2026-06-08 11:11:04","2026-06-01","1899-12-31 09:35:00",72
"Sarah","2026-06-08 11:11:04","2026-06-01","1899-12-31 09:40:00",71
"Sarah","2026-06-08 11:11:04","2026-06-01","1899-12-31 09:45:00",73
"Sarah","2026-06-08 11:11:04","2026-06-01","1899-12-31 09:50:00",74
"Sarah","2026-06-08 11:11:04","2026-06-01","1899-12-31 09:55:00",72
"Sarah","2026-06-08 11:11:04","2026-06-01","1899-12-31 10:00:00",69
"Sarah","2026-06-08 11:11:04","2026-06-01","1899-12-31 10:05:00",69
"Sarah","2026-06-08 11:11:04","2026-06-01","1899-12-31 10:10:00",68
"Sarah","2026-06-08 11:11:04","2026-06-01","1899-12-31 10:15:00",67
"Sarah","2026-06-08 11:11:04","2026-06-01","1899-12-31 10:20:00",69
"Sarah","2026-06-08 11:11:04","2026-06-01","1899-12-31 10:25:00",68
"Sarah","2026-06-08 11:11:04","2026-06-01","1899-12-31 10:30:00",71
"Sarah","2026-06-08 11:11:04","2026-06-01","1899-12-31 10:35:00",70
"Sarah","2026-06-08 11:11:04","2026-06-01","1899-12-31 10:40:00",69
"Sarah","2026-06-08 11:11:04","2026-06-01","1899-12-31 10:45:00",70
"Sarah","2026-06-08 11:11:04","2026-06-01","1899-12-31 10:50:00",70
"Sarah","2026-06-08 11:11:04","2026-06-01","1899-12-31 10:55:00",70
"Sarah","2026-06-08 11:11:04","2026-06-01","1899-12-31 11:00:00",71
"Sarah","2026-06-08 11:11:04","2026-06-01","1899-12-31 11:05:00",70
"Sarah","2026-06-08 11:11:04","2026-06-01","1899-12-31 11:10:00",71
"Sarah","2026-06-08 11:11:04","2026-06-01","1899-12-31 11:15:00",71
"Sarah","2026-06-08 11:11:04","2026-06-01","1899-12-31 11:20:00",77
"Sarah","2026-06-08 11:11:04","2026-06-01","1899-12-31 11:25:00",79
"Sarah","2026-06-08 11:11:04","2026-06-01","1899-12-31 11:30:00",74
"Sarah","2026-06-08 11:11:04","2026-06-01","1899-12-31 11:35:00",79
"Sarah","2026-06-08 11:11:04","2026-06-01","1899-12-31 11:40:00",83
"Sarah","2026-06-08 11:11:04","2026-06-01","1899-12-31 11:45:00",74
"Sarah","2026-06-08 11:11:04","2026-06-01","1899-12-31 11:50:00",73
"Sarah","2026-06-08 11:11:04","2026-06-01","1899-12-31 11:55:00",72
"Sarah","2026-06-08 11:11:04","2026-06-01","1899-12-31 12:00:00",78
"Sarah","2026-06-08 11:11:04","2026-06-01","1899-12-31 12:05:00",83
"Sarah","2026-06-08 11:11:04","2026-06-01","1899-12-31 12:10:00",74
"Sarah","2026-06-08 11:11:04","2026-06-01","1899-12-31 12:15:00",72
"Sarah","2026-06-08 11:11:04","2026-06-01","1899-12-31 12:20:00",74
"Sarah","2026-06-08 11:11:04","2026-06-01","1899-12-31 12:25:00",79
"Sarah","2026-06-08 11:11:04","2026-06-01","1899-12-31 12:30:00",74
"Sarah","2026-06-08 11:11:04","2026-06-01","1899-12-31 12:35:00",75
"Sarah","2026-06-08 11:11:04","2026-06-01","1899-12-31 12:40:00",74
"Sarah","2026-06-08 11:11:04","2026-06-01","1899-12-31 12:45:00",74
"Sarah","2026-06-08 11:11:04","2026-06-01","1899-12-31 12:50:00",73
"Sarah","2026-06-08 11:11:04","2026-06-01","1899-12-31 12:55:00",73
"Sarah","2026-06-08 11:11:04","2026-06-01","1899-12-31 13:00:00",75
"Sarah","2026-06-08 11:11:04","2026-06-01","1899-12-31 13:05:00",76
"Sarah","2026-06-08 11:11:04","2026-06-01","1899-12-31 13:10:00",74
"Sarah","2026-06-08 11:11:04","2026-06-01","1899-12-31 13:15:00",73
"Sarah","2026-06-08 11:11:04","2026-06-01","1899-12-31 13:20:00",73
"Sarah","2026-06-08 11:11:04","2026-06-01","1899-12-31 13:25:00",75
"Sarah","2026-06-08 11:11:04","2026-06-01","1899-12-31 13:30:00",74
"Sarah","2026-06-08 11:11:04","2026-06-01","1899-12-31 13:35:00",73
"Sarah","2026-06-08 11:11:04","2026-06-01","1899-12-31 13:40:00",73
"Sarah","2026-06-08 11:11:04","2026-06-01","1899-12-31 13:45:00",73
"Sarah","2026-06-08 11:11:04","2026-06-01","1899-12-31 13:50:00",74
"Sarah","2026-06-08 11:11:04","2026-06-01","1899-12-31 13:55:00",74
"Sarah","2026-06-08 11:11:04","2026-06-01","1899-12-31 14:00:00",72
"Sarah","2026-06-08 11:11:04","2026-06-01","1899-12-31 14:05:00",74
"Sarah","2026-06-08 11:11:04","2026-06-01","1899-12-31 14:10:00",79
"Sarah","2026-06-08 11:11:04","2026-06-01","1899-12-31 14:15:00",102
"Sarah","2026-06-08 11:11:04","2026-06-01","1899-12-31 14:20:00",114
"Sarah","2026-06-08 11:11:04","2026-06-01","1899-12-31 14:25:00",110
"Sarah","2026-06-08 11:11:04","2026-06-01","1899-12-31 14:30:00",95
"Sarah","2026-06-08 11:11:04","2026-06-01","1899-12-31 14:35:00",95
"Sarah","2026-06-08 11:11:04","2026-06-01","1899-12-31 14:40:00",116
"Sarah","2026-06-08 11:11:04","2026-06-01","1899-12-31 14:45:00",108
"Sarah","2026-06-08 11:11:04","2026-06-01","1899-12-31 14:50:00",93
"Sarah","2026-06-08 11:11:04","2026-06-01","1899-12-31 14:55:00",94
"Sarah","2026-06-08 11:11:04","2026-06-01","1899-12-31 15:00:00",89
"Sarah","2026-06-08 11:11:04","2026-06-01","1899-12-31 15:05:00",88
"Sarah","2026-06-08 11:11:04","2026-06-01","1899-12-31 15:10:00",90
"Sarah","2026-06-08 11:11:04","2026-06-01","1899-12-31 15:15:00",91
"Sarah","2026-06-08 11:11:04","2026-06-01","1899-12-31 15:20:00",94
"Sarah","2026-06-08 11:11:04","2026-06-01","1899-12-31 15:25:00",100
"Sarah","2026-06-08 11:11:04","2026-06-01","1899-12-31 15:30:00",113
"Sarah","2026-06-08 11:11:04","2026-06-01","1899-12-31 15:35:00",100
"Sarah","2026-06-08 11:11:04","2026-06-01","1899-12-31 15:40:00",90
"Sarah","2026-06-08 11:11:04","2026-06-01","1899-12-31 15:45:00",82
"Sarah","2026-06-08 11:11:04","2026-06-01","1899-12-31 15:50:00",82
"Sarah","2026-06-08 11:11:04","2026-06-01","1899-12-31 15:55:00",81
"Sarah","2026-06-08 11:11:04","2026-06-01","1899-12-31 16:00:00",84
"Sarah","2026-06-08 11:11:04","2026-06-01","1899-12-31 16:05:00",83
"Sarah","2026-06-08 11:11:04","2026-06-01","1899-12-31 16:10:00",92
"Sarah","2026-06-08 11:11:04","2026-06-01","1899-12-31 16:15:00",88
"Sarah","2026-06-08 11:11:04","2026-06-01","1899-12-31 16:20:00",85
"Sarah","2026-06-08 11:11:04","2026-06-01","1899-12-31 16:25:00",89
"Sarah","2026-06-08 11:11:04","2026-06-01","1899-12-31 16:30:00",80
"Sarah","2026-06-08 11:11:04","2026-06-01","1899-12-31 16:35:00",80
"Sarah","2026-06-08 11:11:04","2026-06-01","1899-12-31 16:40:00",78
"Sarah","2026-06-08 11:11:04","2026-06-01","1899-12-31 16:45:00",85
"Sarah","2026-06-08 11:11:04","2026-06-01","1899-12-31 16:50:00",86
"Sarah","2026-06-08 11:11:04","2026-06-01","1899-12-31 16:55:00",90
"Sarah","2026-06-08 11:11:04","2026-06-01","1899-12-31 17:00:00",84
"Sarah","2026-06-08 11:11:04","2026-06-01","1899-12-31 17:05:00",81
"Sarah","2026-06-08 11:11:04","2026-06-01","1899-12-31 17:10:00",83
"Sarah","2026-06-08 11:11:04","2026-06-01","1899-12-31 17:15:00",84
"Sarah","2026-06-08 11:11:04","2026-06-01","1899-12-31 17:20:00",85
"Sarah","2026-06-08 11:11:04","2026-06-01","1899-12-31 17:25:00",86
"Sarah","2026-06-08 11:11:04","2026-06-01","1899-12-31 17:30:00",84
"Sarah","2026-06-08 11:11:04","2026-06-01","1899-12-31 17:35:00",82
"Sarah","2026-06-08 11:11:04","2026-06-01","1899-12-31 17:40:00",79
"Sarah","2026-06-08 11:11:04","2026-06-01","1899-12-31 17:45:00",87
"Sarah","2026-06-08 11:11:04","2026-06-01","1899-12-31 17:50:00",85
"Sarah","2026-06-08 11:11:04","2026-06-01","1899-12-31 17:55:00",84
"Sarah","2026-06-08 11:11:04","2026-06-01","1899-12-31 18:00:00",81
"Sarah","2026-06-08 11:11:04","2026-06-01","1899-12-31 18:05:00",81
"Sarah","2026-06-08 11:11:04","2026-06-01","1899-12-31 18:10:00",91
"Sarah","2026-06-08 11:11:04","2026-06-01","1899-12-31 18:15:00",129
"Sarah","2026-06-08 11:11:04","2026-06-01","1899-12-31 18:20:00",115
"Sarah","2026-06-08 11:11:04","2026-06-01","1899-12-31 18:25:00",81
"Sarah","2026-06-08 11:11:04","2026-06-01","1899-12-31 18:30:00",82
"Sarah","2026-06-08 11:11:04","2026-06-01","1899-12-31 18:35:00",81
"Sarah","2026-06-08 11:11:04","2026-06-01","1899-12-31 18:40:00",85
"Sarah","2026-06-08 11:11:04","2026-06-01","1899-12-31 18:45:00",86
"Sarah","2026-06-08 11:11:04","2026-06-01","1899-12-31 18:50:00",88
"Sarah","2026-06-08 11:11:04","2026-06-01","1899-12-31 18:55:00",90
"Sarah","2026-06-08 11:11:04","2026-06-01","1899-12-31 19:00:00",86
"Sarah","2026-06-08 11:11:04","2026-06-01","1899-12-31 19:05:00",84
"Sarah","2026-06-08 11:11:04","2026-06-01","1899-12-31 19:10:00",86
"Sarah","2026-06-08 11:11:04","2026-06-01","1899-12-31 19:15:00",83
"Sarah","2026-06-08 11:11:04","2026-06-01","1899-12-31 19:20:00",81
"Sarah","2026-06-08 11:11:04","2026-06-01","1899-12-31 19:25:00",86
"Sarah","2026-06-08 11:11:04","2026-06-01","1899-12-31 19:30:00",90
"Sarah","2026-06-08 11:11:04","2026-06-01","1899-12-31 19:35:00",94
"Sarah","2026-06-08 11:11:04","2026-06-01","1899-12-31 19:40:00",88
"Sarah","2026-06-08 11:11:04","2026-06-01","1899-12-31 19:45:00",78
"Sarah","2026-06-08 11:11:04","2026-06-01","1899-12-31 19:50:00",79
"Sarah","2026-06-08 11:11:04","2026-06-01","1899-12-31 19:55:00",80
"Sarah","2026-06-08 11:11:04","2026-06-01","1899-12-31 20:00:00",98
"Sarah","2026-06-08 11:11:04","2026-06-01","1899-12-31 20:05:00",96
"Sarah","2026-06-08 11:11:04","2026-06-01","1899-12-31 20:10:00",101
"Sarah","2026-06-08 11:11:04","2026-06-01","1899-12-31 20:15:00",101
"Sarah","2026-06-08 11:11:04","2026-06-01","1899-12-31 20:20:00",101
"Sarah","2026-06-08 11:11:04","2026-06-01","1899-12-31 20:25:00",102
"Sarah","2026-06-08 11:11:04","2026-06-01","1899-12-31 20:30:00",106
"Sarah","2026-06-08 11:11:04","2026-06-01","1899-12-31 20:35:00",108
"Sarah","2026-06-08 11:11:04","2026-06-01","1899-12-31 20:40:00",109
"Sarah","2026-06-08 11:11:04","2026-06-01","1899-12-31 20:45:00",105
"Sarah","2026-06-08 11:11:04","2026-06-01","1899-12-31 20:50:00",102
"Sarah","2026-06-08 11:11:04","2026-06-01","1899-12-31 20:55:00",103
"Sarah","2026-06-08 11:11:04","2026-06-01","1899-12-31 21:00:00",102
"Sarah","2026-06-08 11:11:04","2026-06-01","1899-12-31 21:05:00",103
"Sarah","2026-06-08 11:11:04","2026-06-01","1899-12-31 21:10:00",100
"Sarah","2026-06-08 11:11:04","2026-06-01","1899-12-31 21:15:00",104
"Sarah","2026-06-08 11:11:04","2026-06-01","1899-12-31 21:20:00",102
"Sarah","2026-06-08 11:11:04","2026-06-01","1899-12-31 21:25:00",97
"Sarah","2026-06-08 11:11:04","2026-06-01","1899-12-31 21:30:00",99
"Sarah","2026-06-08 11:11:04","2026-06-01","1899-12-31 21:35:00",102
"Sarah","2026-06-08 11:11:04","2026-06-01","1899-12-31 21:40:00",101
"Sarah","2026-06-08 11:11:04","2026-06-01","1899-12-31 21:45:00",104
"Sarah","2026-06-08 11:11:04","2026-06-01","1899-12-31 21:50:00",102
"Sarah","2026-06-08 11:11:04","2026-06-01","1899-12-31 21:55:00",103
"Sarah","2026-06-08 11:11:04","2026-06-01","1899-12-31 22:00:00",103
"Sarah","2026-06-08 11:11:04","2026-06-01","1899-12-31 22:05:00",102
"Sarah","2026-06-08 11:11:04","2026-06-01","1899-12-31 22:10:00",100
"Sarah","2026-06-08 11:11:04","2026-06-01","1899-12-31 22:15:00",102
"Sarah","2026-06-08 11:11:04","2026-06-01","1899-12-31 22:20:00",100
"Sarah","2026-06-08 11:11:04","2026-06-01","1899-12-31 22:25:00",100
"Sarah","2026-06-08 11:11:04","2026-06-01","1899-12-31 22:30:00",99
"Sarah","2026-06-08 11:11:04","2026-06-01","1899-12-31 22:35:00",105
"Sarah","2026-06-08 11:11:04","2026-06-01","1899-12-31 22:40:00",106
"Sarah","2026-06-08 11:11:04","2026-06-01","1899-12-31 22:45:00",103
"Sarah","2026-06-08 11:11:04","2026-06-01","1899-12-31 22:50:00",103
"Sarah","2026-06-08 11:11:04","2026-06-01","1899-12-31 22:55:00",98
"Sarah","2026-06-08 11:11:04","2026-06-01","1899-12-31 23:00:00",96
"Sarah","2026-06-08 11:17:10","2026-06-02","1899-12-31",75
"Sarah","2026-06-08 11:17:10","2026-06-02","1899-12-31 00:05:00",74
"Sarah","2026-06-08 11:17:10","2026-06-02","1899-12-31 00:10:00",76
"Sarah","2026-06-08 11:17:10","2026-06-02","1899-12-31 00:15:00",76
"Sarah","2026-06-08 11:17:10","2026-06-02","1899-12-31 00:20:00",78
"Sarah","2026-06-08 11:17:10","2026-06-02","1899-12-31 00:25:00",76
"Sarah","2026-06-08 11:17:10","2026-06-02","1899-12-31 00:30:00",75
"Sarah","2026-06-08 11:17:10","2026-06-02","1899-12-31 00:35:00",72
"Sarah","2026-06-08 11:17:10","2026-06-02","1899-12-31 00:40:00",74
"Sarah","2026-06-08 11:17:10","2026-06-02","1899-12-31 00:45:00",76
"Sarah","2026-06-08 11:17:10","2026-06-02","1899-12-31 00:50:00",76
"Sarah","2026-06-08 11:17:10","2026-06-02","1899-12-31 00:55:00",76
"Sarah","2026-06-08 11:17:10","2026-06-02","1899-12-31 01:00:00",78
"Sarah","2026-06-08 11:17:10","2026-06-02","1899-12-31 01:05:00",79
"Sarah","2026-06-08 11:17:10","2026-06-02","1899-12-31 01:10:00",79
"Sarah","2026-06-08 11:17:10","2026-06-02","1899-12-31 01:15:00",79
"Sarah","2026-06-08 11:17:10","2026-06-02","1899-12-31 01:20:00",82
"Sarah","2026-06-08 11:17:10","2026-06-02","1899-12-31 01:25:00",81
"Sarah","2026-06-08 11:17:10","2026-06-02","1899-12-31 01:30:00",80
"Sarah","2026-06-08 11:17:10","2026-06-02","1899-12-31 01:35:00",79
"Sarah","2026-06-08 11:17:10","2026-06-02","1899-12-31 01:40:00",83
"Sarah","2026-06-08 11:17:10","2026-06-02","1899-12-31 01:45:00",86
"Sarah","2026-06-08 11:17:10","2026-06-02","1899-12-31 01:50:00",74
"Sarah","2026-06-08 11:17:10","2026-06-02","1899-12-31 01:55:00",74
"Sarah","2026-06-08 11:17:10","2026-06-02","1899-12-31 02:00:00",71
"Sarah","2026-06-08 11:17:10","2026-06-02","1899-12-31 02:05:00",70
"Sarah","2026-06-08 11:17:10","2026-06-02","1899-12-31 02:10:00",70
"Sarah","2026-06-08 11:17:10","2026-06-02","1899-12-31 02:15:00",70
"Sarah","2026-06-08 11:17:10","2026-06-02","1899-12-31 02:20:00",69
"Sarah","2026-06-08 11:17:10","2026-06-02","1899-12-31 02:25:00",69
"Sarah","2026-06-08 11:17:10","2026-06-02","1899-12-31 02:30:00",68
"Sarah","2026-06-08 11:17:10","2026-06-02","1899-12-31 02:35:00",67
"Sarah","2026-06-08 11:17:10","2026-06-02","1899-12-31 02:40:00",73
"Sarah","2026-06-08 11:17:10","2026-06-02","1899-12-31 02:45:00",70
"Sarah","2026-06-08 11:17:10","2026-06-02","1899-12-31 02:50:00",69
"Sarah","2026-06-08 11:17:10","2026-06-02","1899-12-31 02:55:00",70
"Sarah","2026-06-08 11:17:10","2026-06-02","1899-12-31 03:00:00",74
"Sarah","2026-06-08 11:17:10","2026-06-02","1899-12-31 03:05:00",76
"Sarah","2026-06-08 11:17:10","2026-06-02","1899-12-31 03:10:00",72
"Sarah","2026-06-08 11:17:10","2026-06-02","1899-12-31 03:15:00",75
"Sarah","2026-06-08 11:17:10","2026-06-02","1899-12-31 03:20:00",72
"Sarah","2026-06-08 11:17:10","2026-06-02","1899-12-31 03:25:00",71
"Sarah","2026-06-08 11:17:10","2026-06-02","1899-12-31 03:30:00",71
"Sarah","2026-06-08 11:17:10","2026-06-02","1899-12-31 03:35:00",70
"Sarah","2026-06-08 11:17:10","2026-06-02","1899-12-31 03:40:00",70
"Sarah","2026-06-08 11:17:10","2026-06-02","1899-12-31 03:45:00",72
"Sarah","2026-06-08 11:17:10","2026-06-02","1899-12-31 03:50:00",70
"Sarah","2026-06-08 11:17:10","2026-06-02","1899-12-31 03:55:00",68
"Sarah","2026-06-08 11:17:10","2026-06-02","1899-12-31 04:00:00",68
"Sarah","2026-06-08 11:17:10","2026-06-02","1899-12-31 04:05:00",69
"Sarah","2026-06-08 11:17:10","2026-06-02","1899-12-31 04:10:00",68
"Sarah","2026-06-08 11:17:10","2026-06-02","1899-12-31 04:15:00",68
"Sarah","2026-06-08 11:17:10","2026-06-02","1899-12-31 04:20:00",74
"Sarah","2026-06-08 11:17:10","2026-06-02","1899-12-31 04:25:00",73
"Sarah","2026-06-08 11:17:10","2026-06-02","1899-12-31 04:30:00",73
"Sarah","2026-06-08 11:17:10","2026-06-02","1899-12-31 04:35:00",73
"Sarah","2026-06-08 11:17:10","2026-06-02","1899-12-31 04:40:00",74
"Sarah","2026-06-08 11:17:10","2026-06-02","1899-12-31 04:45:00",74
"Sarah","2026-06-08 11:17:10","2026-06-02","1899-12-31 04:50:00",74
"Sarah","2026-06-08 11:17:10","2026-06-02","1899-12-31 04:55:00",74
"Sarah","2026-06-08 11:17:10","2026-06-02","1899-12-31 05:00:00",72
"Sarah","2026-06-08 11:17:10","2026-06-02","1899-12-31 05:05:00",71
"Sarah","2026-06-08 11:17:10","2026-06-02","1899-12-31 05:10:00",70
"Sarah","2026-06-08 11:17:10","2026-06-02","1899-12-31 05:15:00",69
"Sarah","2026-06-08 11:17:10","2026-06-02","1899-12-31 05:20:00",69
"Sarah","2026-06-08 11:17:10","2026-06-02","1899-12-31 05:25:00",70
"Sarah","2026-06-08 11:17:10","2026-06-02","1899-12-31 05:30:00",75
"Sarah","2026-06-08 11:17:10","2026-06-02","1899-12-31 05:35:00",71
"Sarah","2026-06-08 11:17:10","2026-06-02","1899-12-31 05:40:00",71
"Sarah","2026-06-08 11:17:10","2026-06-02","1899-12-31 05:45:00",71
"Sarah","2026-06-08 11:17:10","2026-06-02","1899-12-31 05:50:00",69
"Sarah","2026-06-08 11:17:10","2026-06-02","1899-12-31 05:55:00",82
"Sarah","2026-06-08 11:17:10","2026-06-02","1899-12-31 06:00:00",71
"Sarah","2026-06-08 11:17:10","2026-06-02","1899-12-31 06:05:00",65
"Sarah","2026-06-08 11:17:10","2026-06-02","1899-12-31 06:10:00",65
"Sarah","2026-06-08 11:17:10","2026-06-02","1899-12-31 06:15:00",66
"Sarah","2026-06-08 11:17:10","2026-06-02","1899-12-31 06:20:00",67
"Sarah","2026-06-08 11:17:10","2026-06-02","1899-12-31 06:25:00",66
"Sarah","2026-06-08 11:17:10","2026-06-02","1899-12-31 06:30:00",66
"Sarah","2026-06-08 11:17:10","2026-06-02","1899-12-31 06:35:00",68
"Sarah","2026-06-08 11:17:10","2026-06-02","1899-12-31 06:40:00",73
"Sarah","2026-06-08 11:17:10","2026-06-02","1899-12-31 06:45:00",72
"Sarah","2026-06-08 11:17:10","2026-06-02","1899-12-31 06:50:00",72
"Sarah","2026-06-08 11:17:10","2026-06-02","1899-12-31 06:55:00",72
"Sarah","2026-06-08 11:17:10","2026-06-02","1899-12-31 07:00:00",71
"Sarah","2026-06-08 11:17:10","2026-06-02","1899-12-31 07:05:00",73
"Sarah","2026-06-08 11:17:10","2026-06-02","1899-12-31 07:10:00",71
"Sarah","2026-06-08 11:17:10","2026-06-02","1899-12-31 07:15:00",72
"Sarah","2026-06-08 11:17:10","2026-06-02","1899-12-31 07:20:00",73
"Sarah","2026-06-08 11:17:10","2026-06-02","1899-12-31 07:25:00",72
"Sarah","2026-06-08 11:17:10","2026-06-02","1899-12-31 07:30:00",72
"Sarah","2026-06-08 11:17:10","2026-06-02","1899-12-31 07:35:00",70
"Sarah","2026-06-08 11:17:10","2026-06-02","1899-12-31 07:40:00",68
"Sarah","2026-06-08 11:17:10","2026-06-02","1899-12-31 07:45:00",69
"Sarah","2026-06-08 11:17:10","2026-06-02","1899-12-31 07:50:00",68
"Sarah","2026-06-08 11:17:10","2026-06-02","1899-12-31 07:55:00",66
"Sarah","2026-06-08 11:17:10","2026-06-02","1899-12-31 08:00:00",66
"Sarah","2026-06-08 11:17:10","2026-06-02","1899-12-31 08:05:00",66
"Sarah","2026-06-08 11:17:10","2026-06-02","1899-12-31 08:10:00",66
"Sarah","2026-06-08 11:17:10","2026-06-02","1899-12-31 08:15:00",61
"Sarah","2026-06-08 11:17:10","2026-06-02","1899-12-31 08:20:00",61
"Sarah","2026-06-08 11:17:10","2026-06-02","1899-12-31 08:25:00",61
"Sarah","2026-06-08 11:17:10","2026-06-02","1899-12-31 08:30:00",62
"Sarah","2026-06-08 11:17:10","2026-06-02","1899-12-31 08:35:00",61
"Sarah","2026-06-08 11:17:10","2026-06-02","1899-12-31 08:40:00",65
"Sarah","2026-06-08 11:17:10","2026-06-02","1899-12-31 08:45:00",66
"Sarah","2026-06-08 11:17:10","2026-06-02","1899-12-31 08:50:00",66
"Sarah","2026-06-08 11:17:10","2026-06-02","1899-12-31 08:55:00",66
"Sarah","2026-06-08 11:17:10","2026-06-02","1899-12-31 09:00:00",66
"Sarah","2026-06-08 11:17:10","2026-06-02","1899-12-31 09:05:00",69
"Sarah","2026-06-08 11:17:10","2026-06-02","1899-12-31 09:10:00",83
"Sarah","2026-06-08 11:17:10","2026-06-02","1899-12-31 09:15:00",88
"Sarah","2026-06-08 11:17:10","2026-06-02","1899-12-31 09:20:00",85
"Sarah","2026-06-08 11:17:10","2026-06-02","1899-12-31 09:25:00",78
"Sarah","2026-06-08 11:17:10","2026-06-02","1899-12-31 09:30:00",75
"Sarah","2026-06-08 11:17:10","2026-06-02","1899-12-31 09:35:00",80
"Sarah","2026-06-08 11:17:10","2026-06-02","1899-12-31 09:40:00",75
"Sarah","2026-06-08 11:17:10","2026-06-02","1899-12-31 09:45:00",78
"Sarah","2026-06-08 11:17:10","2026-06-02","1899-12-31 09:50:00",76
"Sarah","2026-06-08 11:17:10","2026-06-02","1899-12-31 09:55:00",77
"Sarah","2026-06-08 11:17:10","2026-06-02","1899-12-31 10:00:00",76
"Sarah","2026-06-08 11:17:10","2026-06-02","1899-12-31 10:05:00",78
"Sarah","2026-06-08 11:17:10","2026-06-02","1899-12-31 10:10:00",78
"Sarah","2026-06-08 11:17:10","2026-06-02","1899-12-31 10:15:00",79
"Sarah","2026-06-08 11:17:10","2026-06-02","1899-12-31 10:20:00",79
"Sarah","2026-06-08 11:17:10","2026-06-02","1899-12-31 10:25:00",78
"Sarah","2026-06-08 11:17:10","2026-06-02","1899-12-31 10:30:00",79
"Sarah","2026-06-08 11:17:10","2026-06-02","1899-12-31 10:35:00",79
"Sarah","2026-06-08 11:17:10","2026-06-02","1899-12-31 10:40:00",79
"Sarah","2026-06-08 11:17:10","2026-06-02","1899-12-31 10:45:00",78
"Sarah","2026-06-08 11:17:10","2026-06-02","1899-12-31 10:50:00",77
"Sarah","2026-06-08 11:17:10","2026-06-02","1899-12-31 10:55:00",77
"Sarah","2026-06-08 11:17:10","2026-06-02","1899-12-31 11:00:00",78
"Sarah","2026-06-08 11:17:10","2026-06-02","1899-12-31 11:05:00",80
"Sarah","2026-06-08 11:17:10","2026-06-02","1899-12-31 11:10:00",79
"Sarah","2026-06-08 11:17:10","2026-06-02","1899-12-31 11:15:00",80
"Sarah","2026-06-08 11:17:10","2026-06-02","1899-12-31 11:20:00",82
"Sarah","2026-06-08 11:17:10","2026-06-02","1899-12-31 11:25:00",85
"Sarah","2026-06-08 11:17:10","2026-06-02","1899-12-31 11:30:00",100
"Sarah","2026-06-08 11:17:10","2026-06-02","1899-12-31 11:35:00",101
"Sarah","2026-06-08 11:17:10","2026-06-02","1899-12-31 11:40:00",88
"Sarah","2026-06-08 11:17:10","2026-06-02","1899-12-31 11:45:00",78
"Sarah","2026-06-08 11:17:10","2026-06-02","1899-12-31 11:50:00",79
"Sarah","2026-06-08 11:17:10","2026-06-02","1899-12-31 11:55:00",82
"Sarah","2026-06-08 11:17:10","2026-06-02","1899-12-31 12:00:00",81
"Sarah","2026-06-08 11:17:10","2026-06-02","1899-12-31 12:05:00",77
"Sarah","2026-06-08 11:17:10","2026-06-02","1899-12-31 12:10:00",76
"Sarah","2026-06-08 11:17:10","2026-06-02","1899-12-31 12:15:00",76
"Sarah","2026-06-08 11:17:10","2026-06-02","1899-12-31 12:20:00",76
"Sarah","2026-06-08 11:17:10","2026-06-02","1899-12-31 12:25:00",77
"Sarah","2026-06-08 11:17:10","2026-06-02","1899-12-31 12:30:00",79
"Sarah","2026-06-08 11:17:10","2026-06-02","1899-12-31 12:35:00",81
"Sarah","2026-06-08 11:17:10","2026-06-02","1899-12-31 12:40:00",81
"Sarah","2026-06-08 11:17:10","2026-06-02","1899-12-31 12:45:00",86
"Sarah","2026-06-08 11:17:10","2026-06-02","1899-12-31 12:50:00",95
"Sarah","2026-06-08 11:17:10","2026-06-02","1899-12-31 12:55:00",96
"Sarah","2026-06-08 11:17:10","2026-06-02","1899-12-31 13:00:00",98
"Sarah","2026-06-08 11:17:10","2026-06-02","1899-12-31 13:05:00",99
"Sarah","2026-06-08 11:17:10","2026-06-02","1899-12-31 13:10:00",96
"Sarah","2026-06-08 11:17:10","2026-06-02","1899-12-31 13:15:00",88
"Sarah","2026-06-08 11:17:10","2026-06-02","1899-12-31 13:20:00",83
"Sarah","2026-06-08 11:17:10","2026-06-02","1899-12-31 13:25:00",79
"Sarah","2026-06-08 11:17:10","2026-06-02","1899-12-31 13:30:00",80
"Sarah","2026-06-08 11:17:10","2026-06-02","1899-12-31 13:35:00",85
"Sarah","2026-06-08 11:17:10","2026-06-02","1899-12-31 13:40:00",83
"Sarah","2026-06-08 11:17:10","2026-06-02","1899-12-31 13:45:00",81
"Sarah","2026-06-08 11:17:10","2026-06-02","1899-12-31 13:50:00",83
"Sarah","2026-06-08 11:17:10","2026-06-02","1899-12-31 13:55:00",83
"Sarah","2026-06-08 11:17:10","2026-06-02","1899-12-31 14:00:00",81
"Sarah","2026-06-08 11:17:10","2026-06-02","1899-12-31 14:05:00",83
"Sarah","2026-06-08 11:17:10","2026-06-02","1899-12-31 14:10:00",83
"Sarah","2026-06-08 11:17:10","2026-06-02","1899-12-31 14:15:00",83
"Sarah","2026-06-08 11:17:10","2026-06-02","1899-12-31 14:20:00",83
"Sarah","2026-06-08 11:17:10","2026-06-02","1899-12-31 14:25:00",81
"Sarah","2026-06-08 11:17:10","2026-06-02","1899-12-31 14:30:00",86
"Sarah","2026-06-08 11:17:10","2026-06-02","1899-12-31 14:35:00",99
"Sarah","2026-06-08 11:17:10","2026-06-02","1899-12-31 14:40:00",104
"Sarah","2026-06-08 11:17:10","2026-06-02","1899-12-31 14:45:00",107
"Sarah","2026-06-08 11:17:10","2026-06-02","1899-12-31 14:50:00",91
"Sarah","2026-06-08 11:17:10","2026-06-02","1899-12-31 14:55:00",84
"Sarah","2026-06-08 11:17:10","2026-06-02","1899-12-31 15:00:00",85
"Sarah","2026-06-08 11:17:10","2026-06-02","1899-12-31 15:05:00",85
"Sarah","2026-06-08 11:17:10","2026-06-02","1899-12-31 15:10:00",80
"Sarah","2026-06-08 11:17:10","2026-06-02","1899-12-31 15:15:00",81
"Sarah","2026-06-08 11:17:10","2026-06-02","1899-12-31 15:20:00",81
"Sarah","2026-06-08 11:17:10","2026-06-02","1899-12-31 15:25:00",81
"Sarah","2026-06-08 11:17:10","2026-06-02","1899-12-31 15:30:00",82
"Sarah","2026-06-08 11:17:10","2026-06-02","1899-12-31 15:35:00",83
"Sarah","2026-06-08 11:17:10","2026-06-02","1899-12-31 15:40:00",81
"Sarah","2026-06-08 11:17:10","2026-06-02","1899-12-31 15:45:00",82
"Sarah","2026-06-08 11:17:10","2026-06-02","1899-12-31 15:50:00",81
"Sarah","2026-06-08 11:17:10","2026-06-02","1899-12-31 15:55:00",81
"Sarah","2026-06-08 11:17:10","2026-06-02","1899-12-31 16:00:00",79
"Sarah","2026-06-08 11:17:10","2026-06-02","1899-12-31 16:05:00",80
"Sarah","2026-06-08 11:17:10","2026-06-02","1899-12-31 16:10:00",85
"Sarah","2026-06-08 11:17:10","2026-06-02","1899-12-31 16:15:00",82
"Sarah","2026-06-08 11:17:10","2026-06-02","1899-12-31 16:20:00",104
"Sarah","2026-06-08 11:17:10","2026-06-02","1899-12-31 16:25:00",106
"Sarah","2026-06-08 11:17:10","2026-06-02","1899-12-31 16:30:00",113
"Sarah","2026-06-08 11:17:10","2026-06-02","1899-12-31 16:35:00",109
"Sarah","2026-06-08 11:17:10","2026-06-02","1899-12-31 16:40:00",117
"Sarah","2026-06-08 11:17:10","2026-06-02","1899-12-31 16:45:00",102
"Sarah","2026-06-08 11:17:10","2026-06-02","1899-12-31 16:50:00",104
"Sarah","2026-06-08 11:17:10","2026-06-02","1899-12-31 16:55:00",109
"Sarah","2026-06-08 11:17:10","2026-06-02","1899-12-31 17:00:00",96
"Sarah","2026-06-08 11:17:10","2026-06-02","1899-12-31 17:05:00",88
"Sarah","2026-06-08 11:17:10","2026-06-02","1899-12-31 17:10:00",99
"Sarah","2026-06-08 11:17:10","2026-06-02","1899-12-31 17:15:00",104
"Sarah","2026-06-08 11:17:10","2026-06-02","1899-12-31 17:20:00",119
"Sarah","2026-06-08 11:17:10","2026-06-02","1899-12-31 17:25:00",104
"Sarah","2026-06-08 11:17:10","2026-06-02","1899-12-31 17:30:00",105
"Sarah","2026-06-08 11:17:10","2026-06-02","1899-12-31 17:35:00",104
"Sarah","2026-06-08 11:17:10","2026-06-02","1899-12-31 17:40:00",105
"Sarah","2026-06-08 11:17:10","2026-06-02","1899-12-31 17:45:00",103
"Sarah","2026-06-08 11:17:10","2026-06-02","1899-12-31 17:50:00",100
"Sarah","2026-06-08 11:17:10","2026-06-02","1899-12-31 17:55:00",99
"Sarah","2026-06-08 11:17:10","2026-06-02","1899-12-31 18:00:00",101
"Sarah","2026-06-08 11:17:10","2026-06-02","1899-12-31 18:05:00",107
"Sarah","2026-06-08 11:17:10","2026-06-02","1899-12-31 18:10:00",102
"Sarah","2026-06-08 11:17:10","2026-06-02","1899-12-31 18:15:00",98
"Sarah","2026-06-08 11:17:10","2026-06-02","1899-12-31 18:20:00",86
"Sarah","2026-06-08 11:17:10","2026-06-02","1899-12-31 18:25:00",114
"Sarah","2026-06-08 11:17:10","2026-06-02","1899-12-31 18:30:00",115
"Sarah","2026-06-08 11:17:10","2026-06-02","1899-12-31 18:35:00",125
"Sarah","2026-06-08 11:17:10","2026-06-02","1899-12-31 18:40:00",107
"Sarah","2026-06-08 11:17:10","2026-06-02","1899-12-31 18:45:00",113
"Sarah","2026-06-08 11:17:10","2026-06-02","1899-12-31 18:50:00",121
"Sarah","2026-06-08 11:17:10","2026-06-02","1899-12-31 18:55:00",113
"Sarah","2026-06-08 11:17:10","2026-06-02","1899-12-31 19:00:00",112
"Sarah","2026-06-08 11:17:10","2026-06-02","1899-12-31 19:05:00",112
"Sarah","2026-06-08 11:17:10","2026-06-02","1899-12-31 19:10:00",112
"Sarah","2026-06-08 11:17:10","2026-06-02","1899-12-31 19:15:00",109
"Sarah","2026-06-08 11:17:10","2026-06-02","1899-12-31 19:20:00",108
"Sarah","2026-06-08 11:17:10","2026-06-02","1899-12-31 19:25:00",104
"Sarah","2026-06-08 11:17:10","2026-06-02","1899-12-31 19:30:00",94
"Sarah","2026-06-08 11:17:10","2026-06-02","1899-12-31 19:35:00",92
"Sarah","2026-06-08 11:17:10","2026-06-02","1899-12-31 19:40:00",92
"Sarah","2026-06-08 11:17:10","2026-06-02","1899-12-31 19:45:00",90
"Sarah","2026-06-08 11:17:10","2026-06-02","1899-12-31 19:50:00",89
"Sarah","2026-06-08 11:46:28","2026-06-03","1899-12-31",84
"Sarah","2026-06-08 11:46:28","2026-06-03","1899-12-31 00:05:00",84
"Sarah","2026-06-08 11:46:28","2026-06-03","1899-12-31 00:10:00",85
"Sarah","2026-06-08 11:46:28","2026-06-03","1899-12-31 00:15:00",90
"Sarah","2026-06-08 11:46:28","2026-06-03","1899-12-31 00:20:00",100
"Sarah","2026-06-08 11:46:28","2026-06-03","1899-12-31 00:25:00",94
"Sarah","2026-06-08 11:46:28","2026-06-03","1899-12-31 00:30:00",93
"Sarah","2026-06-08 11:46:28","2026-06-03","1899-12-31 00:35:00",92
"Sarah","2026-06-08 11:46:28","2026-06-03","1899-12-31 00:40:00",95
"Sarah","2026-06-08 11:46:28","2026-06-03","1899-12-31 00:45:00",99
"Sarah","2026-06-08 11:46:28","2026-06-03","1899-12-31 00:50:00",81
"Sarah","2026-06-08 11:46:28","2026-06-03","1899-12-31 00:55:00",80
"Sarah","2026-06-08 11:46:28","2026-06-03","1899-12-31 01:00:00",79
"Sarah","2026-06-08 11:46:28","2026-06-03","1899-12-31 01:05:00",78
"Sarah","2026-06-08 11:46:28","2026-06-03","1899-12-31 01:10:00",78
"Sarah","2026-06-08 11:46:28","2026-06-03","1899-12-31 01:15:00",75
"Sarah","2026-06-08 11:46:28","2026-06-03","1899-12-31 01:20:00",74
"Sarah","2026-06-08 11:46:28","2026-06-03","1899-12-31 01:25:00",74
"Sarah","2026-06-08 11:46:28","2026-06-03","1899-12-31 01:30:00",74
"Sarah","2026-06-08 11:46:28","2026-06-03","1899-12-31 01:35:00",73
"Sarah","2026-06-08 11:46:28","2026-06-03","1899-12-31 01:40:00",74
"Sarah","2026-06-08 11:46:28","2026-06-03","1899-12-31 01:45:00",75
"Sarah","2026-06-08 11:46:28","2026-06-03","1899-12-31 01:50:00",76
"Sarah","2026-06-08 11:46:28","2026-06-03","1899-12-31 01:55:00",76
"Sarah","2026-06-08 11:46:28","2026-06-03","1899-12-31 02:00:00",77
"Sarah","2026-06-08 11:46:28","2026-06-03","1899-12-31 02:05:00",79
"Sarah","2026-06-08 11:46:28","2026-06-03","1899-12-31 02:10:00",80
"Sarah","2026-06-08 11:46:28","2026-06-03","1899-12-31 02:15:00",80
"Sarah","2026-06-08 11:46:28","2026-06-03","1899-12-31 02:20:00",81
"Sarah","2026-06-08 11:46:28","2026-06-03","1899-12-31 02:25:00",81
"Sarah","2026-06-08 11:46:28","2026-06-03","1899-12-31 02:30:00",79
"Sarah","2026-06-08 11:46:28","2026-06-03","1899-12-31 02:35:00",79
"Sarah","2026-06-08 11:46:28","2026-06-03","1899-12-31 02:40:00",79
"Sarah","2026-06-08 11:46:28","2026-06-03","1899-12-31 02:45:00",81
"Sarah","2026-06-08 11:46:28","2026-06-03","1899-12-31 02:50:00",79
"Sarah","2026-06-08 11:46:28","2026-06-03","1899-12-31 02:55:00",77
"Sarah","2026-06-08 11:46:28","2026-06-03","1899-12-31 03:00:00",77
"Sarah","2026-06-08 11:46:28","2026-06-03","1899-12-31 03:05:00",76
"Sarah","2026-06-08 11:46:28","2026-06-03","1899-12-31 03:10:00",76
"Sarah","2026-06-08 11:46:28","2026-06-03","1899-12-31 03:15:00",75
"Sarah","2026-06-08 11:46:28","2026-06-03","1899-12-31 03:20:00",75
"Sarah","2026-06-08 11:46:28","2026-06-03","1899-12-31 03:25:00",75
"Sarah","2026-06-08 11:46:28","2026-06-03","1899-12-31 03:30:00",75
"Sarah","2026-06-08 11:46:28","2026-06-03","1899-12-31 03:35:00",75
"Sarah","2026-06-08 11:46:28","2026-06-03","1899-12-31 03:40:00",76
"Sarah","2026-06-08 11:46:28","2026-06-03","1899-12-31 03:45:00",77
"Sarah","2026-06-08 11:46:28","2026-06-03","1899-12-31 03:50:00",79
"Sarah","2026-06-08 11:46:28","2026-06-03","1899-12-31 03:55:00",79
"Sarah","2026-06-08 11:46:28","2026-06-03","1899-12-31 04:00:00",79
"Sarah","2026-06-08 11:46:28","2026-06-03","1899-12-31 04:05:00",78
"Sarah","2026-06-08 11:46:28","2026-06-03","1899-12-31 04:10:00",79
"Sarah","2026-06-08 11:46:28","2026-06-03","1899-12-31 04:15:00",77
"Sarah","2026-06-08 11:46:28","2026-06-03","1899-12-31 04:20:00",76
"Sarah","2026-06-08 11:46:28","2026-06-03","1899-12-31 04:25:00",76
"Sarah","2026-06-08 11:46:28","2026-06-03","1899-12-31 04:30:00",75
"Sarah","2026-06-08 11:46:28","2026-06-03","1899-12-31 04:35:00",74
"Sarah","2026-06-08 11:46:28","2026-06-03","1899-12-31 04:40:00",74
"Sarah","2026-06-08 11:46:28","2026-06-03","1899-12-31 04:45:00",74
"Sarah","2026-06-08 11:46:28","2026-06-03","1899-12-31 04:50:00",73
"Sarah","2026-06-08 11:46:28","2026-06-03","1899-12-31 04:55:00",77
"Sarah","2026-06-08 11:46:28","2026-06-03","1899-12-31 05:00:00",74
"Sarah","2026-06-08 11:46:28","2026-06-03","1899-12-31 05:05:00",73
"Sarah","2026-06-08 11:46:28","2026-06-03","1899-12-31 05:10:00",72
"Sarah","2026-06-08 11:46:28","2026-06-03","1899-12-31 05:15:00",73
"Sarah","2026-06-08 11:46:28","2026-06-03","1899-12-31 05:20:00",73
"Sarah","2026-06-08 11:46:28","2026-06-03","1899-12-31 05:25:00",73
"Sarah","2026-06-08 11:46:28","2026-06-03","1899-12-31 05:30:00",77
"Sarah","2026-06-08 11:46:28","2026-06-03","1899-12-31 05:35:00",98
"Sarah","2026-06-08 11:46:28","2026-06-03","1899-12-31 05:40:00",102
"Sarah","2026-06-08 11:46:28","2026-06-03","1899-12-31 05:45:00",98
"Sarah","2026-06-08 11:46:28","2026-06-03","1899-12-31 05:50:00",102
"Sarah","2026-06-08 11:46:28","2026-06-03","1899-12-31 05:55:00",99
"Sarah","2026-06-08 11:46:28","2026-06-03","1899-12-31 06:00:00",103
"Sarah","2026-06-08 11:46:28","2026-06-03","1899-12-31 06:05:00",107
"Sarah","2026-06-08 11:46:28","2026-06-03","1899-12-31 06:10:00",100
"Sarah","2026-06-08 11:46:28","2026-06-03","1899-12-31 06:15:00",109
"Sarah","2026-06-08 11:46:28","2026-06-03","1899-12-31 06:20:00",114
"Sarah","2026-06-08 11:46:28","2026-06-03","1899-12-31 06:25:00",122
"Sarah","2026-06-08 11:46:28","2026-06-03","1899-12-31 06:30:00",117
"Sarah","2026-06-08 11:46:28","2026-06-03","1899-12-31 06:35:00",100
"Sarah","2026-06-08 11:46:28","2026-06-03","1899-12-31 06:40:00",95
"Sarah","2026-06-08 11:46:28","2026-06-03","1899-12-31 06:45:00",96
"Sarah","2026-06-08 11:46:28","2026-06-03","1899-12-31 06:50:00",93
"Sarah","2026-06-08 11:46:28","2026-06-03","1899-12-31 06:55:00",92
"Sarah","2026-06-08 11:46:28","2026-06-03","1899-12-31 07:00:00",101
"Sarah","2026-06-08 11:46:28","2026-06-03","1899-12-31 07:05:00",108
"Sarah","2026-06-08 11:46:28","2026-06-03","1899-12-31 07:10:00",117
"Sarah","2026-06-08 11:46:28","2026-06-03","1899-12-31 07:15:00",107
"Sarah","2026-06-08 11:46:28","2026-06-03","1899-12-31 07:20:00",111
"Sarah","2026-06-08 11:46:28","2026-06-03","1899-12-31 07:25:00",119
"Sarah","2026-06-08 11:46:28","2026-06-03","1899-12-31 07:30:00",100
"Sarah","2026-06-08 11:46:28","2026-06-03","1899-12-31 07:35:00",101
"Sarah","2026-06-08 11:46:28","2026-06-03","1899-12-31 07:40:00",101
"Sarah","2026-06-08 11:46:28","2026-06-03","1899-12-31 07:45:00",96
"Sarah","2026-06-08 11:46:28","2026-06-03","1899-12-31 07:50:00",103
"Sarah","2026-06-08 11:46:28","2026-06-03","1899-12-31 07:55:00",107
"Sarah","2026-06-08 11:46:28","2026-06-03","1899-12-31 08:00:00",94
"Sarah","2026-06-08 11:46:28","2026-06-03","1899-12-31 08:05:00",105
"Sarah","2026-06-08 11:46:28","2026-06-03","1899-12-31 08:10:00",99
"Sarah","2026-06-08 11:46:28","2026-06-03","1899-12-31 08:15:00",94
"Sarah","2026-06-08 11:46:28","2026-06-03","1899-12-31 08:20:00",92
"Sarah","2026-06-08 11:46:28","2026-06-03","1899-12-31 08:25:00",92
"Sarah","2026-06-08 11:46:28","2026-06-03","1899-12-31 08:30:00",98
"Sarah","2026-06-08 11:46:28","2026-06-03","1899-12-31 08:35:00",90
"Sarah","2026-06-08 11:46:28","2026-06-03","1899-12-31 08:40:00",86
"Sarah","2026-06-08 11:46:28","2026-06-03","1899-12-31 08:45:00",84
"Sarah","2026-06-08 11:46:28","2026-06-03","1899-12-31 08:50:00",84
"Sarah","2026-06-08 11:46:28","2026-06-03","1899-12-31 08:55:00",86
"Sarah","2026-06-08 11:46:28","2026-06-03","1899-12-31 09:00:00",88
"Sarah","2026-06-08 11:46:28","2026-06-03","1899-12-31 09:05:00",80
"Sarah","2026-06-08 11:46:28","2026-06-03","1899-12-31 09:10:00",101
"Sarah","2026-06-08 11:46:28","2026-06-03","1899-12-31 09:15:00",88
"Sarah","2026-06-08 11:46:28","2026-06-03","1899-12-31 09:20:00",84
"Sarah","2026-06-08 11:46:28","2026-06-03","1899-12-31 09:25:00",82
"Sarah","2026-06-08 11:46:28","2026-06-03","1899-12-31 09:30:00",78
"Sarah","2026-06-08 11:46:28","2026-06-03","1899-12-31 09:35:00",77
"Sarah","2026-06-08 11:46:28","2026-06-03","1899-12-31 09:40:00",76
"Sarah","2026-06-08 11:46:28","2026-06-03","1899-12-31 09:45:00",77
"Sarah","2026-06-08 11:46:28","2026-06-03","1899-12-31 09:50:00",75
"Sarah","2026-06-08 11:46:28","2026-06-03","1899-12-31 09:55:00",85
"Sarah","2026-06-08 11:46:28","2026-06-03","1899-12-31 10:00:00",90
"Sarah","2026-06-08 11:46:28","2026-06-03","1899-12-31 10:05:00",74
"Sarah","2026-06-08 11:46:28","2026-06-03","1899-12-31 10:10:00",75
"Sarah","2026-06-08 11:46:28","2026-06-03","1899-12-31 10:15:00",75
"Sarah","2026-06-08 11:46:28","2026-06-03","1899-12-31 10:20:00",71
"Sarah","2026-06-08 11:46:28","2026-06-03","1899-12-31 10:25:00",71
"Sarah","2026-06-08 11:46:28","2026-06-03","1899-12-31 10:30:00",74
"Sarah","2026-06-08 11:46:28","2026-06-03","1899-12-31 10:35:00",74
"Sarah","2026-06-08 11:46:28","2026-06-03","1899-12-31 10:40:00",75
"Sarah","2026-06-08 11:46:28","2026-06-03","1899-12-31 10:45:00",75
"Sarah","2026-06-08 11:46:28","2026-06-03","1899-12-31 10:50:00",73
"Sarah","2026-06-08 11:46:28","2026-06-03","1899-12-31 10:55:00",74
"Sarah","2026-06-08 11:46:28","2026-06-03","1899-12-31 11:00:00",84
"Sarah","2026-06-08 11:46:28","2026-06-03","1899-12-31 11:05:00",95
"Sarah","2026-06-08 11:46:28","2026-06-03","1899-12-31 11:10:00",98
"Sarah","2026-06-08 11:46:28","2026-06-03","1899-12-31 11:15:00",101
"Sarah","2026-06-08 11:46:28","2026-06-03","1899-12-31 11:20:00",104
"Sarah","2026-06-08 11:46:28","2026-06-03","1899-12-31 11:25:00",89
"Sarah","2026-06-08 11:46:28","2026-06-03","1899-12-31 11:30:00",78
"Sarah","2026-06-08 11:46:28","2026-06-03","1899-12-31 11:35:00",79
"Sarah","2026-06-08 11:46:28","2026-06-03","1899-12-31 11:40:00",80
"Sarah","2026-06-08 11:46:28","2026-06-03","1899-12-31 11:45:00",78
"Sarah","2026-06-08 11:46:28","2026-06-03","1899-12-31 11:50:00",75
"Sarah","2026-06-08 11:46:28","2026-06-03","1899-12-31 11:55:00",79
"Sarah","2026-06-08 11:46:28","2026-06-03","1899-12-31 12:00:00",84
"Sarah","2026-06-08 11:46:28","2026-06-03","1899-12-31 12:05:00",77
"Sarah","2026-06-08 11:46:28","2026-06-03","1899-12-31 12:10:00",77
"Sarah","2026-06-08 11:46:28","2026-06-03","1899-12-31 12:15:00",79
"Sarah","2026-06-08 11:46:28","2026-06-03","1899-12-31 12:20:00",80
"Sarah","2026-06-08 11:46:28","2026-06-03","1899-12-31 12:25:00",77
"Sarah","2026-06-08 11:46:28","2026-06-03","1899-12-31 12:30:00",77
"Sarah","2026-06-08 11:46:28","2026-06-03","1899-12-31 12:35:00",77
"Sarah","2026-06-08 11:46:28","2026-06-03","1899-12-31 12:40:00",94
"Sarah","2026-06-08 11:46:28","2026-06-03","1899-12-31 12:45:00",83
"Sarah","2026-06-08 11:46:28","2026-06-03","1899-12-31 12:50:00",79
"Sarah","2026-06-08 11:46:28","2026-06-03","1899-12-31 12:55:00",76
"Sarah","2026-06-08 11:46:28","2026-06-03","1899-12-31 13:00:00",77
"Sarah","2026-06-08 11:46:28","2026-06-03","1899-12-31 13:05:00",76
"Sarah","2026-06-08 11:46:28","2026-06-03","1899-12-31 13:10:00",75
"Sarah","2026-06-08 11:46:28","2026-06-03","1899-12-31 13:15:00",74
"Sarah","2026-06-08 11:46:28","2026-06-03","1899-12-31 13:20:00",77
"Sarah","2026-06-08 11:46:28","2026-06-03","1899-12-31 13:25:00",73
"Sarah","2026-06-08 11:46:28","2026-06-03","1899-12-31 13:30:00",72
"Sarah","2026-06-08 11:46:28","2026-06-03","1899-12-31 13:35:00",75
"Sarah","2026-06-08 11:46:28","2026-06-03","1899-12-31 13:40:00",74
"Sarah","2026-06-08 11:46:28","2026-06-03","1899-12-31 13:45:00",78
"Sarah","2026-06-08 11:46:28","2026-06-03","1899-12-31 13:50:00",75
"Sarah","2026-06-08 11:46:28","2026-06-03","1899-12-31 13:55:00",73
"Sarah","2026-06-08 11:46:28","2026-06-03","1899-12-31 14:00:00",90
"Sarah","2026-06-08 11:46:28","2026-06-03","1899-12-31 14:05:00",89
"Sarah","2026-06-08 11:46:28","2026-06-03","1899-12-31 14:10:00",86
"Sarah","2026-06-08 11:46:28","2026-06-03","1899-12-31 14:15:00",86
"Sarah","2026-06-08 11:46:28","2026-06-03","1899-12-31 14:20:00",93
"Sarah","2026-06-08 11:46:28","2026-06-03","1899-12-31 14:25:00",86
"Sarah","2026-06-08 11:46:28","2026-06-03","1899-12-31 14:30:00",87
"Sarah","2026-06-08 11:46:28","2026-06-03","1899-12-31 14:35:00",83
"Sarah","2026-06-08 11:46:28","2026-06-03","1899-12-31 14:40:00",82
"Sarah","2026-06-08 11:46:28","2026-06-03","1899-12-31 14:45:00",86
"Sarah","2026-06-08 11:46:28","2026-06-03","1899-12-31 14:50:00",84
"Sarah","2026-06-08 11:46:28","2026-06-03","1899-12-31 14:55:00",97
"Sarah","2026-06-08 11:46:28","2026-06-03","1899-12-31 15:00:00",95
"Sarah","2026-06-08 11:46:28","2026-06-03","1899-12-31 15:05:00",97
"Sarah","2026-06-08 11:46:28","2026-06-03","1899-12-31 15:10:00",83
"Sarah","2026-06-08 11:46:28","2026-06-03","1899-12-31 15:15:00",80
"Sarah","2026-06-08 11:46:28","2026-06-03","1899-12-31 15:20:00",93
"Sarah","2026-06-08 11:46:28","2026-06-03","1899-12-31 15:25:00",96
"Sarah","2026-06-08 11:46:28","2026-06-03","1899-12-31 15:30:00",105
"Sarah","2026-06-08 11:46:28","2026-06-03","1899-12-31 15:35:00",112
"Sarah","2026-06-08 11:46:28","2026-06-03","1899-12-31 15:40:00",95
"Sarah","2026-06-08 11:46:28","2026-06-03","1899-12-31 15:45:00",95
"Sarah","2026-06-08 11:46:28","2026-06-03","1899-12-31 15:50:00",98
"Sarah","2026-06-08 11:46:28","2026-06-03","1899-12-31 15:55:00",101
"Sarah","2026-06-08 11:46:28","2026-06-03","1899-12-31 16:00:00",119
"Sarah","2026-06-08 11:46:28","2026-06-03","1899-12-31 16:05:00",116
"Sarah","2026-06-08 11:46:28","2026-06-03","1899-12-31 16:10:00",104
"Sarah","2026-06-08 11:46:28","2026-06-03","1899-12-31 16:15:00",96
"Sarah","2026-06-08 11:46:28","2026-06-03","1899-12-31 16:20:00",94
"Sarah","2026-06-08 11:46:28","2026-06-03","1899-12-31 16:25:00",96
"Sarah","2026-06-08 11:46:28","2026-06-03","1899-12-31 16:30:00",100
"Sarah","2026-06-08 11:46:28","2026-06-03","1899-12-31 16:35:00",117
"Sarah","2026-06-08 11:46:28","2026-06-03","1899-12-31 16:40:00",125
"Sarah","2026-06-08 11:46:28","2026-06-03","1899-12-31 16:45:00",120
"Sarah","2026-06-08 11:46:28","2026-06-03","1899-12-31 16:50:00",115
"Sarah","2026-06-08 11:46:28","2026-06-03","1899-12-31 16:55:00",108
"Sarah","2026-06-08 11:46:28","2026-06-03","1899-12-31 17:00:00",106
"Sarah","2026-06-08 11:46:28","2026-06-03","1899-12-31 17:05:00",94
"Sarah","2026-06-08 11:46:28","2026-06-03","1899-12-31 17:10:00",88
"Sarah","2026-06-08 11:46:28","2026-06-03","1899-12-31 17:15:00",87
"Sarah","2026-06-08 11:46:28","2026-06-03","1899-12-31 17:20:00",89
"Sarah","2026-06-08 11:46:28","2026-06-03","1899-12-31 17:25:00",86
"Sarah","2026-06-08 11:46:28","2026-06-03","1899-12-31 17:30:00",89
"Sarah","2026-06-08 11:46:28","2026-06-03","1899-12-31 17:35:00",93
"Sarah","2026-06-08 11:46:28","2026-06-03","1899-12-31 17:40:00",99
"Sarah","2026-06-08 11:46:28","2026-06-03","1899-12-31 17:45:00",90
"Sarah","2026-06-08 12:21:42","2026-06-04","1899-12-31",76
"Sarah","2026-06-08 12:21:42","2026-06-04","1899-12-31 00:05:00",77
"Sarah","2026-06-08 12:21:42","2026-06-04","1899-12-31 00:10:00",76
"Sarah","2026-06-08 12:21:42","2026-06-04","1899-12-31 00:15:00",77
"Sarah","2026-06-08 12:21:42","2026-06-04","1899-12-31 00:20:00",77
"Sarah","2026-06-08 12:21:42","2026-06-04","1899-12-31 00:25:00",79
"Sarah","2026-06-08 12:21:42","2026-06-04","1899-12-31 00:30:00",79
"Sarah","2026-06-08 12:21:42","2026-06-04","1899-12-31 00:35:00",81
"Sarah","2026-06-08 12:21:42","2026-06-04","1899-12-31 00:40:00",81
"Sarah","2026-06-08 12:21:42","2026-06-04","1899-12-31 00:45:00",82
"Sarah","2026-06-08 12:21:42","2026-06-04","1899-12-31 00:50:00",82
"Sarah","2026-06-08 12:21:42","2026-06-04","1899-12-31 00:55:00",80
"Sarah","2026-06-08 12:21:42","2026-06-04","1899-12-31 01:00:00",80
"Sarah","2026-06-08 12:21:42","2026-06-04","1899-12-31 01:05:00",77
"Sarah","2026-06-08 12:21:42","2026-06-04","1899-12-31 01:10:00",77
"Sarah","2026-06-08 12:21:42","2026-06-04","1899-12-31 01:15:00",78
"Sarah","2026-06-08 12:21:42","2026-06-04","1899-12-31 01:20:00",78
"Sarah","2026-06-08 12:21:42","2026-06-04","1899-12-31 01:25:00",78
"Sarah","2026-06-08 12:21:42","2026-06-04","1899-12-31 01:30:00",76
"Sarah","2026-06-08 12:21:42","2026-06-04","1899-12-31 01:35:00",76
"Sarah","2026-06-08 12:21:42","2026-06-04","1899-12-31 01:40:00",76
"Sarah","2026-06-08 12:21:42","2026-06-04","1899-12-31 01:45:00",76
"Sarah","2026-06-08 12:21:42","2026-06-04","1899-12-31 01:50:00",78
"Sarah","2026-06-08 12:21:42","2026-06-04","1899-12-31 01:55:00",77
"Sarah","2026-06-08 12:21:42","2026-06-04","1899-12-31 02:00:00",79
"Sarah","2026-06-08 12:21:42","2026-06-04","1899-12-31 02:05:00",79
"Sarah","2026-06-08 12:21:42","2026-06-04","1899-12-31 02:10:00",80
"Sarah","2026-06-08 12:21:42","2026-06-04","1899-12-31 02:15:00",77
"Sarah","2026-06-08 12:21:42","2026-06-04","1899-12-31 02:20:00",77
"Sarah","2026-06-08 12:21:42","2026-06-04","1899-12-31 02:25:00",77
"Sarah","2026-06-08 12:21:42","2026-06-04","1899-12-31 02:30:00",77
"Sarah","2026-06-08 12:21:42","2026-06-04","1899-12-31 02:35:00",77
"Sarah","2026-06-08 12:21:42","2026-06-04","1899-12-31 02:40:00",89
"Sarah","2026-06-08 12:21:42","2026-06-04","1899-12-31 02:45:00",76
"Sarah","2026-06-08 12:21:42","2026-06-04","1899-12-31 02:50:00",72
"Sarah","2026-06-08 12:21:42","2026-06-04","1899-12-31 02:55:00",69
"Sarah","2026-06-08 12:21:42","2026-06-04","1899-12-31 03:00:00",68
"Sarah","2026-06-08 12:21:42","2026-06-04","1899-12-31 03:05:00",68
"Sarah","2026-06-08 12:21:42","2026-06-04","1899-12-31 03:10:00",67
"Sarah","2026-06-08 12:21:42","2026-06-04","1899-12-31 03:15:00",67
"Sarah","2026-06-08 12:21:42","2026-06-04","1899-12-31 03:20:00",67
"Sarah","2026-06-08 12:21:42","2026-06-04","1899-12-31 03:25:00",66
"Sarah","2026-06-08 12:21:42","2026-06-04","1899-12-31 03:30:00",67
"Sarah","2026-06-08 12:21:42","2026-06-04","1899-12-31 03:35:00",67
"Sarah","2026-06-08 12:21:42","2026-06-04","1899-12-31 03:40:00",71
"Sarah","2026-06-08 12:21:42","2026-06-04","1899-12-31 03:45:00",74
"Sarah","2026-06-08 12:21:42","2026-06-04","1899-12-31 03:50:00",73
"Sarah","2026-06-08 12:21:42","2026-06-04","1899-12-31 03:55:00",73
"Sarah","2026-06-08 12:21:42","2026-06-04","1899-12-31 04:00:00",71
"Sarah","2026-06-08 12:21:42","2026-06-04","1899-12-31 04:05:00",70
"Sarah","2026-06-08 12:21:42","2026-06-04","1899-12-31 04:10:00",68
"Sarah","2026-06-08 12:21:42","2026-06-04","1899-12-31 04:15:00",68
"Sarah","2026-06-08 12:21:42","2026-06-04","1899-12-31 04:20:00",72
"Sarah","2026-06-08 12:21:42","2026-06-04","1899-12-31 04:25:00",71
"Sarah","2026-06-08 12:21:42","2026-06-04","1899-12-31 04:30:00",69
"Sarah","2026-06-08 12:21:42","2026-06-04","1899-12-31 04:35:00",70
"Sarah","2026-06-08 12:21:42","2026-06-04","1899-12-31 04:40:00",72
"Sarah","2026-06-08 12:21:42","2026-06-04","1899-12-31 04:45:00",73
"Sarah","2026-06-08 12:21:42","2026-06-04","1899-12-31 04:50:00",73
"Sarah","2026-06-08 12:21:42","2026-06-04","1899-12-31 04:55:00",71
"Sarah","2026-06-08 12:21:42","2026-06-04","1899-12-31 05:00:00",73
"Sarah","2026-06-08 12:21:42","2026-06-04","1899-12-31 05:05:00",72
"Sarah","2026-06-08 12:21:42","2026-06-04","1899-12-31 05:10:00",71
"Sarah","2026-06-08 12:21:42","2026-06-04","1899-12-31 05:15:00",68
"Sarah","2026-06-08 12:21:42","2026-06-04","1899-12-31 05:20:00",69
"Sarah","2026-06-08 12:21:42","2026-06-04","1899-12-31 05:25:00",67
"Sarah","2026-06-08 12:21:42","2026-06-04","1899-12-31 05:30:00",66
"Sarah","2026-06-08 12:21:42","2026-06-04","1899-12-31 05:35:00",67
"Sarah","2026-06-08 12:21:42","2026-06-04","1899-12-31 05:40:00",69
"Sarah","2026-06-08 12:21:42","2026-06-04","1899-12-31 05:45:00",67
"Sarah","2026-06-08 12:21:42","2026-06-04","1899-12-31 05:50:00",65
"Sarah","2026-06-08 12:21:42","2026-06-04","1899-12-31 05:55:00",65
"Sarah","2026-06-08 12:21:42","2026-06-04","1899-12-31 06:00:00",66
"Sarah","2026-06-08 12:21:42","2026-06-04","1899-12-31 06:05:00",66
"Sarah","2026-06-08 12:21:42","2026-06-04","1899-12-31 06:10:00",67
"Sarah","2026-06-08 12:21:42","2026-06-04","1899-12-31 06:15:00",67
"Sarah","2026-06-08 12:21:42","2026-06-04","1899-12-31 06:20:00",67
"Sarah","2026-06-08 12:21:42","2026-06-04","1899-12-31 06:25:00",71
"Sarah","2026-06-08 12:21:42","2026-06-04","1899-12-31 06:30:00",71
"Sarah","2026-06-08 12:21:42","2026-06-04","1899-12-31 06:35:00",70
"Sarah","2026-06-08 12:21:42","2026-06-04","1899-12-31 06:40:00",70
"Sarah","2026-06-08 12:21:42","2026-06-04","1899-12-31 06:45:00",69
"Sarah","2026-06-08 12:21:42","2026-06-04","1899-12-31 06:50:00",69
"Sarah","2026-06-08 12:21:42","2026-06-04","1899-12-31 06:55:00",66
"Sarah","2026-06-08 12:21:42","2026-06-04","1899-12-31 07:00:00",67
"Sarah","2026-06-08 12:21:42","2026-06-04","1899-12-31 07:05:00",68
"Sarah","2026-06-08 12:21:42","2026-06-04","1899-12-31 07:10:00",67
"Sarah","2026-06-08 12:21:42","2026-06-04","1899-12-31 07:15:00",64
"Sarah","2026-06-08 12:21:42","2026-06-04","1899-12-31 07:20:00",65
"Sarah","2026-06-08 12:21:42","2026-06-04","1899-12-31 07:25:00",63
"Sarah","2026-06-08 12:21:42","2026-06-04","1899-12-31 07:30:00",64
"Sarah","2026-06-08 12:21:42","2026-06-04","1899-12-31 07:35:00",64
"Sarah","2026-06-08 12:21:42","2026-06-04","1899-12-31 07:40:00",64
"Sarah","2026-06-08 12:21:42","2026-06-04","1899-12-31 07:45:00",64
"Sarah","2026-06-08 12:21:42","2026-06-04","1899-12-31 07:50:00",64
"Sarah","2026-06-08 12:21:42","2026-06-04","1899-12-31 07:55:00",70
"Sarah","2026-06-08 12:21:42","2026-06-04","1899-12-31 08:00:00",71
"Sarah","2026-06-08 12:21:42","2026-06-04","1899-12-31 08:05:00",67
"Sarah","2026-06-08 12:21:42","2026-06-04","1899-12-31 08:10:00",65
"Sarah","2026-06-08 12:21:42","2026-06-04","1899-12-31 08:15:00",67
"Sarah","2026-06-08 12:21:42","2026-06-04","1899-12-31 08:20:00",67
"Sarah","2026-06-08 12:21:42","2026-06-04","1899-12-31 08:25:00",67
"Sarah","2026-06-08 12:21:42","2026-06-04","1899-12-31 08:30:00",66
"Sarah","2026-06-08 12:21:42","2026-06-04","1899-12-31 08:35:00",66
"Sarah","2026-06-08 12:21:42","2026-06-04","1899-12-31 08:40:00",63
"Sarah","2026-06-08 12:21:42","2026-06-04","1899-12-31 08:45:00",63
"Sarah","2026-06-08 12:21:42","2026-06-04","1899-12-31 08:50:00",62
"Sarah","2026-06-08 12:21:42","2026-06-04","1899-12-31 08:55:00",62
"Sarah","2026-06-08 12:21:42","2026-06-04","1899-12-31 09:00:00",62
"Sarah","2026-06-08 12:21:42","2026-06-04","1899-12-31 09:05:00",62
"Sarah","2026-06-08 12:21:42","2026-06-04","1899-12-31 09:10:00",64
"Sarah","2026-06-08 12:21:42","2026-06-04","1899-12-31 09:15:00",62
"Sarah","2026-06-08 12:21:42","2026-06-04","1899-12-31 09:20:00",65
"Sarah","2026-06-08 12:21:42","2026-06-04","1899-12-31 09:25:00",64
"Sarah","2026-06-08 12:21:42","2026-06-04","1899-12-31 09:30:00",66
"Sarah","2026-06-08 12:21:42","2026-06-04","1899-12-31 09:35:00",65
"Sarah","2026-06-08 12:21:42","2026-06-04","1899-12-31 09:40:00",68
"Sarah","2026-06-08 12:21:42","2026-06-04","1899-12-31 09:45:00",67
"Sarah","2026-06-08 12:21:42","2026-06-04","1899-12-31 09:50:00",67
"Sarah","2026-06-08 12:21:42","2026-06-04","1899-12-31 09:55:00",67
"Sarah","2026-06-08 12:21:42","2026-06-04","1899-12-31 10:00:00",65
"Sarah","2026-06-08 12:21:42","2026-06-04","1899-12-31 10:05:00",64
"Sarah","2026-06-08 12:21:42","2026-06-04","1899-12-31 10:10:00",63
"Sarah","2026-06-08 12:21:42","2026-06-04","1899-12-31 10:15:00",65
"Sarah","2026-06-08 12:21:42","2026-06-04","1899-12-31 10:20:00",62
"Sarah","2026-06-08 12:21:42","2026-06-04","1899-12-31 10:25:00",64
"Sarah","2026-06-08 12:21:42","2026-06-04","1899-12-31 10:30:00",65
"Sarah","2026-06-08 12:21:42","2026-06-04","1899-12-31 10:35:00",62
"Sarah","2026-06-08 12:21:42","2026-06-04","1899-12-31 10:40:00",64
"Sarah","2026-06-08 12:21:42","2026-06-04","1899-12-31 10:45:00",67
"Sarah","2026-06-08 12:21:42","2026-06-04","1899-12-31 10:50:00",66
"Sarah","2026-06-08 12:21:42","2026-06-04","1899-12-31 10:55:00",67
"Sarah","2026-06-08 12:21:42","2026-06-04","1899-12-31 11:00:00",67
"Sarah","2026-06-08 12:21:42","2026-06-04","1899-12-31 11:05:00",67
"Sarah","2026-06-08 12:21:42","2026-06-04","1899-12-31 11:10:00",68
"Sarah","2026-06-08 12:21:42","2026-06-04","1899-12-31 11:15:00",65
"Sarah","2026-06-08 12:21:42","2026-06-04","1899-12-31 11:20:00",62
"Sarah","2026-06-08 12:21:42","2026-06-04","1899-12-31 11:25:00",63
"Sarah","2026-06-08 12:21:42","2026-06-04","1899-12-31 11:30:00",63
"Sarah","2026-06-08 12:21:42","2026-06-04","1899-12-31 11:35:00",72
"Sarah","2026-06-08 12:21:42","2026-06-04","1899-12-31 11:40:00",95
"Sarah","2026-06-08 12:21:42","2026-06-04","1899-12-31 11:45:00",92
"Sarah","2026-06-08 12:21:42","2026-06-04","1899-12-31 11:50:00",87
"Sarah","2026-06-08 12:21:42","2026-06-04","1899-12-31 11:55:00",86
"Sarah","2026-06-08 12:21:42","2026-06-04","1899-12-31 12:00:00",82
"Sarah","2026-06-08 12:21:42","2026-06-04","1899-12-31 12:05:00",82
"Sarah","2026-06-08 12:21:42","2026-06-04","1899-12-31 12:10:00",80
"Sarah","2026-06-08 12:21:42","2026-06-04","1899-12-31 12:15:00",87
"Sarah","2026-06-08 12:21:42","2026-06-04","1899-12-31 12:20:00",86
"Sarah","2026-06-08 12:21:42","2026-06-04","1899-12-31 12:25:00",82
"Sarah","2026-06-08 12:21:42","2026-06-04","1899-12-31 12:30:00",82
"Sarah","2026-06-08 12:21:42","2026-06-04","1899-12-31 12:35:00",82
"Sarah","2026-06-08 12:21:42","2026-06-04","1899-12-31 12:40:00",84
"Sarah","2026-06-08 12:21:42","2026-06-04","1899-12-31 12:45:00",85
"Sarah","2026-06-08 12:21:42","2026-06-04","1899-12-31 12:50:00",85
"Sarah","2026-06-08 12:21:42","2026-06-04","1899-12-31 12:55:00",83
"Sarah","2026-06-08 12:21:42","2026-06-04","1899-12-31 13:00:00",86
"Sarah","2026-06-08 12:21:42","2026-06-04","1899-12-31 13:05:00",82
"Sarah","2026-06-08 12:21:42","2026-06-04","1899-12-31 13:10:00",80
"Sarah","2026-06-08 12:21:42","2026-06-04","1899-12-31 13:15:00",84
"Sarah","2026-06-08 12:21:42","2026-06-04","1899-12-31 13:20:00",83
"Sarah","2026-06-08 12:21:42","2026-06-04","1899-12-31 13:25:00",81
"Sarah","2026-06-08 12:21:42","2026-06-04","1899-12-31 13:30:00",81
"Sarah","2026-06-08 12:21:42","2026-06-04","1899-12-31 13:35:00",82
"Sarah","2026-06-08 12:21:42","2026-06-04","1899-12-31 13:40:00",87
"Sarah","2026-06-08 12:21:42","2026-06-04","1899-12-31 13:45:00",86
"Sarah","2026-06-08 12:21:42","2026-06-04","1899-12-31 13:50:00",78
"Sarah","2026-06-08 12:21:42","2026-06-04","1899-12-31 13:55:00",81
"Sarah","2026-06-08 12:21:42","2026-06-04","1899-12-31 14:00:00",80
"Sarah","2026-06-08 12:21:42","2026-06-04","1899-12-31 14:05:00",80
"Sarah","2026-06-08 12:21:42","2026-06-04","1899-12-31 14:10:00",81
"Sarah","2026-06-08 12:21:42","2026-06-04","1899-12-31 14:15:00",82
"Sarah","2026-06-08 12:21:42","2026-06-04","1899-12-31 14:20:00",82
"Sarah","2026-06-08 12:21:42","2026-06-04","1899-12-31 14:25:00",84
"Sarah","2026-06-08 12:21:42","2026-06-04","1899-12-31 14:30:00",83
"Sarah","2026-06-08 12:21:42","2026-06-04","1899-12-31 14:35:00",85
"Sarah","2026-06-08 12:21:42","2026-06-04","1899-12-31 14:40:00",83
"Sarah","2026-06-08 12:21:42","2026-06-04","1899-12-31 14:45:00",85
"Sarah","2026-06-08 12:21:42","2026-06-04","1899-12-31 14:50:00",97
"Sarah","2026-06-08 12:21:42","2026-06-04","1899-12-31 14:55:00",88
"Sarah","2026-06-08 12:21:42","2026-06-04","1899-12-31 15:00:00",87
"Sarah","2026-06-08 12:21:42","2026-06-04","1899-12-31 15:05:00",88
"Sarah","2026-06-08 12:21:42","2026-06-04","1899-12-31 15:10:00",87
"Sarah","2026-06-08 12:21:42","2026-06-04","1899-12-31 15:15:00",85
"Sarah","2026-06-08 12:21:42","2026-06-04","1899-12-31 15:20:00",90
"Sarah","2026-06-08 12:21:42","2026-06-04","1899-12-31 15:25:00",87
"Sarah","2026-06-08 12:21:42","2026-06-04","1899-12-31 15:30:00",88
"Sarah","2026-06-08 12:21:42","2026-06-04","1899-12-31 15:35:00",91
"Sarah","2026-06-08 12:21:42","2026-06-04","1899-12-31 15:40:00",94
"Sarah","2026-06-08 12:21:42","2026-06-04","1899-12-31 15:45:00",90
"Sarah","2026-06-08 12:21:42","2026-06-04","1899-12-31 15:50:00",91
"Sarah","2026-06-08 12:21:42","2026-06-04","1899-12-31 15:55:00",92
"Sarah","2026-06-08 12:21:42","2026-06-04","1899-12-31 16:00:00",89
"Sarah","2026-06-08 12:21:42","2026-06-04","1899-12-31 16:05:00",92
"Sarah","2026-06-08 12:21:42","2026-06-04","1899-12-31 16:10:00",93
"Sarah","2026-06-08 12:21:42","2026-06-04","1899-12-31 16:15:00",92
"Sarah","2026-06-08 12:21:42","2026-06-04","1899-12-31 16:20:00",91
"Sarah","2026-06-08 12:21:42","2026-06-04","1899-12-31 16:25:00",95
"Sarah","2026-06-08 12:21:42","2026-06-04","1899-12-31 16:30:00",94
"Sarah","2026-06-08 12:21:42","2026-06-04","1899-12-31 16:35:00",98
"Sarah","2026-06-08 12:21:42","2026-06-04","1899-12-31 16:40:00",88
"Sarah","2026-06-08 12:21:42","2026-06-04","1899-12-31 16:45:00",88
"Sarah","2026-06-08 12:21:42","2026-06-04","1899-12-31 16:50:00",88
"Sarah","2026-06-08 12:21:42","2026-06-04","1899-12-31 16:55:00",86
"Sarah","2026-06-08 12:21:42","2026-06-04","1899-12-31 17:00:00",87
"Sarah","2026-06-08 12:21:42","2026-06-04","1899-12-31 17:05:00",89
"Sarah","2026-06-08 12:21:42","2026-06-04","1899-12-31 17:10:00",87
"Sarah","2026-06-08 12:21:42","2026-06-04","1899-12-31 17:15:00",88
"Sarah","2026-06-08 12:21:42","2026-06-04","1899-12-31 17:20:00",86
"Sarah","2026-06-08 12:21:42","2026-06-04","1899-12-31 17:25:00",87
"Sarah","2026-06-08 12:21:42","2026-06-04","1899-12-31 17:30:00",87
"Sarah","2026-06-08 12:21:42","2026-06-04","1899-12-31 17:35:00",90
"Sarah","2026-06-08 12:21:42","2026-06-04","1899-12-31 17:40:00",86
"Sarah","2026-06-08 12:21:42","2026-06-04","1899-12-31 17:45:00",87
"Sarah","2026-06-08 12:21:42","2026-06-04","1899-12-31 17:50:00",92
"Sarah","2026-06-08 12:21:42","2026-06-04","1899-12-31 17:55:00",86
"Sarah","2026-06-08 12:21:42","2026-06-04","1899-12-31 18:00:00",85
"Sarah","2026-06-08 12:21:42","2026-06-04","1899-12-31 18:05:00",82
"Sarah","2026-06-08 12:21:42","2026-06-04","1899-12-31 18:10:00",84
"Sarah","2026-06-08 12:21:42","2026-06-04","1899-12-31 18:15:00",87
"Sarah","2026-06-08 12:21:42","2026-06-04","1899-12-31 18:20:00",85
"Sarah","2026-06-08 12:21:42","2026-06-04","1899-12-31 18:25:00",87
"Sarah","2026-06-08 12:21:42","2026-06-04","1899-12-31 18:30:00",91
"Sarah","2026-06-08 12:21:42","2026-06-04","1899-12-31 18:35:00",86
"Sarah","2026-06-08 12:21:42","2026-06-04","1899-12-31 18:40:00",88
"Sarah","2026-06-08 12:21:42","2026-06-04","1899-12-31 18:45:00",87
"Sarah","2026-06-08 12:21:42","2026-06-04","1899-12-31 18:50:00",90
"Sarah","2026-06-08 12:21:42","2026-06-04","1899-12-31 18:55:00",89
"Sarah","2026-06-08 12:21:42","2026-06-04","1899-12-31 19:00:00",86
"Sarah","2026-06-08 12:21:42","2026-06-04","1899-12-31 19:05:00",101
"Sarah","2026-06-08 12:21:42","2026-06-04","1899-12-31 19:10:00",95
"Sarah","2026-06-08 12:21:42","2026-06-04","1899-12-31 19:15:00",87
"Sarah","2026-06-08 12:21:42","2026-06-04","1899-12-31 19:20:00",85
"Sarah","2026-06-08 12:21:42","2026-06-04","1899-12-31 19:25:00",85
"Sarah","2026-06-08 12:21:42","2026-06-04","1899-12-31 19:30:00",86
"Sarah","2026-06-08 12:21:42","2026-06-04","1899-12-31 19:35:00",86
"Sarah","2026-06-08 12:21:42","2026-06-04","1899-12-31 19:40:00",84
"Sarah","2026-06-08 12:21:42","2026-06-04","1899-12-31 19:45:00",84
"Sarah","2026-06-08 12:21:42","2026-06-04","1899-12-31 19:50:00",83
"Sarah","2026-06-08 12:21:42","2026-06-04","1899-12-31 19:55:00",85
"Sarah","2026-06-08 12:21:42","2026-06-04","1899-12-31 20:00:00",88
"Sarah","2026-06-08 12:21:42","2026-06-04","1899-12-31 20:05:00",88
"Sarah","2026-06-08 12:21:42","2026-06-04","1899-12-31 20:10:00",86
"Sarah","2026-06-08 12:21:42","2026-06-04","1899-12-31 20:15:00",85
"Sarah","2026-06-08 12:21:42","2026-06-04","1899-12-31 20:20:00",84
"Sarah","2026-06-08 12:21:42","2026-06-04","1899-12-31 20:25:00",87
"Sarah","2026-06-08 12:21:42","2026-06-04","1899-12-31 20:30:00",86
"Sarah","2026-06-08 12:21:42","2026-06-04","1899-12-31 20:35:00",87
"Sarah","2026-06-08 12:21:42","2026-06-04","1899-12-31 20:40:00",86
"Sarah","2026-06-08 12:21:42","2026-06-04","1899-12-31 20:45:00",103
"Sarah","2026-06-08 12:21:42","2026-06-04","1899-12-31 20:50:00",111
"Sarah","2026-06-08 12:21:42","2026-06-04","1899-12-31 20:55:00",105
"Sarah","2026-06-08 12:21:42","2026-06-04","1899-12-31 21:00:00",96
"Sarah","2026-06-08 12:21:42","2026-06-04","1899-12-31 21:05:00",87
"Sarah","2026-06-08 12:21:42","2026-06-04","1899-12-31 21:10:00",86
"Sarah","2026-06-08 12:21:42","2026-06-04","1899-12-31 21:15:00",86
"Sarah","2026-06-08 12:21:42","2026-06-04","1899-12-31 21:20:00",84
"Sarah","2026-06-08 12:21:42","2026-06-04","1899-12-31 21:25:00",85
"Sarah","2026-06-08 12:21:42","2026-06-04","1899-12-31 21:30:00",83
"Sarah","2026-06-08 12:21:42","2026-06-04","1899-12-31 21:35:00",90
"Sarah","2026-06-08 12:21:42","2026-06-04","1899-12-31 21:40:00",82
"Sarah","2026-06-08 12:21:42","2026-06-04","1899-12-31 21:45:00",82
"Sarah","2026-06-08 12:21:42","2026-06-04","1899-12-31 21:50:00",84
"Sarah","2026-06-08 12:21:42","2026-06-04","1899-12-31 21:55:00",84
"Sarah","2026-06-08 12:21:42","2026-06-04","1899-12-31 22:00:00",83
"Sarah","2026-06-08 12:21:42","2026-06-04","1899-12-31 22:05:00",83
"Sarah","2026-06-08 12:21:42","2026-06-04","1899-12-31 22:10:00",82
"Sarah","2026-06-08 12:21:42","2026-06-04","1899-12-31 22:15:00",81
"Sarah","2026-06-08 12:21:42","2026-06-04","1899-12-31 22:20:00",80
"Sarah","2026-06-08 12:21:42","2026-06-04","1899-12-31 22:25:00",79
"Sarah","2026-06-08 12:21:42","2026-06-04","1899-12-31 22:30:00",80
"Sarah","2026-06-08 12:21:42","2026-06-04","1899-12-31 22:35:00",80
"Sarah","2026-06-08 12:21:42","2026-06-04","1899-12-31 22:40:00",78
"Sarah","2026-06-08 12:21:42","2026-06-04","1899-12-31 22:45:00",78
"Sarah","2026-06-08 12:21:42","2026-06-04","1899-12-31 22:50:00",79
"Sarah","2026-06-08 12:21:42","2026-06-04","1899-12-31 22:55:00",77
"Sarah","2026-06-08 12:21:42","2026-06-04","1899-12-31 23:00:00",76
"Sarah","2026-06-08 12:21:42","2026-06-04","1899-12-31 23:05:00",78
"Sarah","2026-06-08 12:21:42","2026-06-04","1899-12-31 23:10:00",77
"Sarah","2026-06-08 12:21:42","2026-06-04","1899-12-31 23:15:00",78
"Sarah","2026-06-08 12:21:42","2026-06-04","1899-12-31 23:20:00",89
"Sarah","2026-06-08 12:21:42","2026-06-04","1899-12-31 23:25:00",88
"Sarah","2026-06-08 12:21:42","2026-06-04","1899-12-31 23:30:00",77
"Sarah","2026-06-08 12:21:42","2026-06-04","1899-12-31 23:35:00",85
"Sarah","2026-06-08 12:21:42","2026-06-04","1899-12-31 23:40:00",77
"Sarah","2026-06-08 12:21:42","2026-06-04","1899-12-31 23:45:00",77
"Sarah","2026-06-08 12:21:42","2026-06-04","1899-12-31 23:50:00",77
"Sarah","2026-06-08 12:21:42","2026-06-04","1899-12-31 23:55:00",75
"Sarah","2026-06-08 12:31:32","2026-06-05","1899-12-31",85
"Sarah","2026-06-08 12:31:32","2026-06-05","1899-12-31 00:05:00",82
"Sarah","2026-06-08 12:31:32","2026-06-05","1899-12-31 00:10:00",84
"Sarah","2026-06-08 12:31:32","2026-06-05","1899-12-31 00:15:00",82
"Sarah","2026-06-08 12:31:32","2026-06-05","1899-12-31 00:20:00",82
"Sarah","2026-06-08 12:31:32","2026-06-05","1899-12-31 00:25:00",82
"Sarah","2026-06-08 12:31:32","2026-06-05","1899-12-31 00:30:00",80
"Sarah","2026-06-08 12:31:32","2026-06-05","1899-12-31 00:35:00",81
"Sarah","2026-06-08 12:31:32","2026-06-05","1899-12-31 00:40:00",82
"Sarah","2026-06-08 12:31:32","2026-06-05","1899-12-31 00:45:00",82
"Sarah","2026-06-08 12:31:32","2026-06-05","1899-12-31 00:50:00",82
"Sarah","2026-06-08 12:31:32","2026-06-05","1899-12-31 00:55:00",80
"Sarah","2026-06-08 12:31:32","2026-06-05","1899-12-31 01:00:00",81
"Sarah","2026-06-08 12:31:32","2026-06-05","1899-12-31 01:05:00",80
"Sarah","2026-06-08 12:31:32","2026-06-05","1899-12-31 01:10:00",80
"Sarah","2026-06-08 12:31:32","2026-06-05","1899-12-31 01:15:00",82
"Sarah","2026-06-08 12:31:32","2026-06-05","1899-12-31 01:20:00",80
"Sarah","2026-06-08 12:31:32","2026-06-05","1899-12-31 01:25:00",78
"Sarah","2026-06-08 12:31:32","2026-06-05","1899-12-31 01:30:00",79
"Sarah","2026-06-08 12:31:32","2026-06-05","1899-12-31 01:35:00",79
"Sarah","2026-06-08 12:31:32","2026-06-05","1899-12-31 01:40:00",80
"Sarah","2026-06-08 12:31:32","2026-06-05","1899-12-31 01:45:00",79
"Sarah","2026-06-08 12:31:32","2026-06-05","1899-12-31 01:50:00",78
"Sarah","2026-06-08 12:31:32","2026-06-05","1899-12-31 01:55:00",88
"Sarah","2026-06-08 12:31:32","2026-06-05","1899-12-31 02:00:00",94
"Sarah","2026-06-08 12:31:32","2026-06-05","1899-12-31 02:05:00",80
"Sarah","2026-06-08 12:31:32","2026-06-05","1899-12-31 02:10:00",77
"Sarah","2026-06-08 12:31:32","2026-06-05","1899-12-31 02:15:00",73
"Sarah","2026-06-08 12:31:32","2026-06-05","1899-12-31 02:20:00",73
"Sarah","2026-06-08 12:31:32","2026-06-05","1899-12-31 02:25:00",70
"Sarah","2026-06-08 12:31:32","2026-06-05","1899-12-31 02:30:00",70
"Sarah","2026-06-08 12:31:32","2026-06-05","1899-12-31 02:35:00",71
"Sarah","2026-06-08 12:31:32","2026-06-05","1899-12-31 02:40:00",72
"Sarah","2026-06-08 12:31:32","2026-06-05","1899-12-31 02:45:00",76
"Sarah","2026-06-08 12:31:32","2026-06-05","1899-12-31 02:50:00",73
"Sarah","2026-06-08 12:31:32","2026-06-05","1899-12-31 02:55:00",74
"Sarah","2026-06-08 12:31:32","2026-06-05","1899-12-31 03:00:00",74
"Sarah","2026-06-08 12:31:32","2026-06-05","1899-12-31 03:05:00",77
"Sarah","2026-06-08 12:31:32","2026-06-05","1899-12-31 03:10:00",81
"Sarah","2026-06-08 12:31:32","2026-06-05","1899-12-31 03:15:00",85
"Sarah","2026-06-08 12:31:32","2026-06-05","1899-12-31 03:20:00",80
"Sarah","2026-06-08 12:31:32","2026-06-05","1899-12-31 03:25:00",79
"Sarah","2026-06-08 12:31:32","2026-06-05","1899-12-31 03:30:00",76
"Sarah","2026-06-08 12:31:32","2026-06-05","1899-12-31 03:35:00",75
"Sarah","2026-06-08 12:31:32","2026-06-05","1899-12-31 03:40:00",75
"Sarah","2026-06-08 12:31:32","2026-06-05","1899-12-31 03:45:00",74
"Sarah","2026-06-08 12:31:32","2026-06-05","1899-12-31 03:50:00",75
"Sarah","2026-06-08 12:31:32","2026-06-05","1899-12-31 03:55:00",74
"Sarah","2026-06-08 12:31:32","2026-06-05","1899-12-31 04:00:00",74
"Sarah","2026-06-08 12:31:32","2026-06-05","1899-12-31 04:05:00",74
"Sarah","2026-06-08 12:31:32","2026-06-05","1899-12-31 04:10:00",76
"Sarah","2026-06-08 12:31:32","2026-06-05","1899-12-31 04:15:00",75
"Sarah","2026-06-08 12:31:32","2026-06-05","1899-12-31 04:20:00",78
"Sarah","2026-06-08 12:31:32","2026-06-05","1899-12-31 04:25:00",76
"Sarah","2026-06-08 12:31:32","2026-06-05","1899-12-31 04:30:00",77
"Sarah","2026-06-08 12:31:32","2026-06-05","1899-12-31 04:35:00",75
"Sarah","2026-06-08 12:31:32","2026-06-05","1899-12-31 04:40:00",75
"Sarah","2026-06-08 12:31:32","2026-06-05","1899-12-31 04:45:00",75
"Sarah","2026-06-08 12:31:32","2026-06-05","1899-12-31 04:50:00",76
"Sarah","2026-06-08 12:31:32","2026-06-05","1899-12-31 04:55:00",75
"Sarah","2026-06-08 12:31:32","2026-06-05","1899-12-31 05:00:00",73
"Sarah","2026-06-08 12:31:32","2026-06-05","1899-12-31 05:05:00",75
"Sarah","2026-06-08 12:31:32","2026-06-05","1899-12-31 05:10:00",73
"Sarah","2026-06-08 12:31:32","2026-06-05","1899-12-31 05:15:00",73
"Sarah","2026-06-08 12:31:32","2026-06-05","1899-12-31 05:20:00",77
"Sarah","2026-06-08 12:31:32","2026-06-05","1899-12-31 05:25:00",78
"Sarah","2026-06-08 12:31:32","2026-06-05","1899-12-31 05:30:00",76
"Sarah","2026-06-08 12:31:32","2026-06-05","1899-12-31 05:35:00",75
"Sarah","2026-06-08 12:31:32","2026-06-05","1899-12-31 05:40:00",76
"Sarah","2026-06-08 12:31:32","2026-06-05","1899-12-31 05:45:00",77
"Sarah","2026-06-08 12:31:32","2026-06-05","1899-12-31 05:50:00",75
"Sarah","2026-06-08 12:31:32","2026-06-05","1899-12-31 05:55:00",74
"Sarah","2026-06-08 12:31:32","2026-06-05","1899-12-31 06:00:00",73
"Sarah","2026-06-08 12:31:32","2026-06-05","1899-12-31 06:05:00",72
"Sarah","2026-06-08 12:31:32","2026-06-05","1899-12-31 06:10:00",73
"Sarah","2026-06-08 12:31:32","2026-06-05","1899-12-31 06:15:00",77
"Sarah","2026-06-08 12:31:32","2026-06-05","1899-12-31 06:20:00",71
"Sarah","2026-06-08 12:31:32","2026-06-05","1899-12-31 06:25:00",93
"Sarah","2026-06-08 12:31:32","2026-06-05","1899-12-31 06:30:00",100
"Sarah","2026-06-08 12:31:32","2026-06-05","1899-12-31 06:35:00",102
"Sarah","2026-06-08 12:31:32","2026-06-05","1899-12-31 06:40:00",89
"Sarah","2026-06-08 12:31:32","2026-06-05","1899-12-31 06:45:00",81
"Sarah","2026-06-08 12:31:32","2026-06-05","1899-12-31 06:50:00",77
"Sarah","2026-06-08 12:31:32","2026-06-05","1899-12-31 06:55:00",77
"Sarah","2026-06-08 12:31:32","2026-06-05","1899-12-31 07:00:00",80
"Sarah","2026-06-08 12:31:32","2026-06-05","1899-12-31 07:05:00",77
"Sarah","2026-06-08 12:31:32","2026-06-05","1899-12-31 07:10:00",79
"Sarah","2026-06-08 12:31:32","2026-06-05","1899-12-31 07:15:00",78
"Sarah","2026-06-08 12:31:32","2026-06-05","1899-12-31 07:20:00",84
"Sarah","2026-06-08 12:31:32","2026-06-05","1899-12-31 07:25:00",80
"Sarah","2026-06-08 12:31:32","2026-06-05","1899-12-31 07:30:00",112
"Sarah","2026-06-08 12:31:32","2026-06-05","1899-12-31 07:35:00",109
"Sarah","2026-06-08 12:31:32","2026-06-05","1899-12-31 07:40:00",87
"Sarah","2026-06-08 12:31:32","2026-06-05","1899-12-31 07:45:00",88
"Sarah","2026-06-08 12:31:32","2026-06-05","1899-12-31 07:50:00",100
"Sarah","2026-06-08 12:31:32","2026-06-05","1899-12-31 07:55:00",110
"Sarah","2026-06-08 12:31:32","2026-06-05","1899-12-31 08:00:00",91
"Sarah","2026-06-08 12:31:32","2026-06-05","1899-12-31 08:05:00",87
"Sarah","2026-06-08 12:31:32","2026-06-05","1899-12-31 08:10:00",93
"Sarah","2026-06-08 12:31:32","2026-06-05","1899-12-31 08:15:00",90
"Sarah","2026-06-08 12:31:32","2026-06-05","1899-12-31 08:20:00",84
"Sarah","2026-06-08 12:31:32","2026-06-05","1899-12-31 08:25:00",82
"Sarah","2026-06-08 12:31:32","2026-06-05","1899-12-31 08:30:00",80
"Sarah","2026-06-08 12:31:32","2026-06-05","1899-12-31 08:35:00",87
"Sarah","2026-06-08 12:31:32","2026-06-05","1899-12-31 08:40:00",81
"Sarah","2026-06-08 12:31:32","2026-06-05","1899-12-31 08:45:00",78
"Sarah","2026-06-08 12:31:32","2026-06-05","1899-12-31 08:50:00",84
"Sarah","2026-06-08 12:31:32","2026-06-05","1899-12-31 08:55:00",88
"Sarah","2026-06-08 12:31:32","2026-06-05","1899-12-31 09:00:00",80
"Sarah","2026-06-08 12:31:32","2026-06-05","1899-12-31 09:05:00",80
"Sarah","2026-06-08 12:31:32","2026-06-05","1899-12-31 09:10:00",89
"Sarah","2026-06-08 12:31:32","2026-06-05","1899-12-31 09:15:00",80
"Sarah","2026-06-08 12:31:32","2026-06-05","1899-12-31 09:20:00",78
"Sarah","2026-06-08 12:31:32","2026-06-05","1899-12-31 09:25:00",77
"Sarah","2026-06-08 12:31:32","2026-06-05","1899-12-31 09:30:00",75
"Sarah","2026-06-08 12:31:32","2026-06-05","1899-12-31 09:35:00",76
"Sarah","2026-06-08 12:31:32","2026-06-05","1899-12-31 09:40:00",77
"Sarah","2026-06-08 12:31:32","2026-06-05","1899-12-31 09:45:00",75
"Sarah","2026-06-08 12:31:32","2026-06-05","1899-12-31 09:50:00",75
"Sarah","2026-06-08 12:31:32","2026-06-05","1899-12-31 09:55:00",79
"Sarah","2026-06-08 12:31:32","2026-06-05","1899-12-31 10:00:00",74
"Sarah","2026-06-08 12:31:32","2026-06-05","1899-12-31 10:05:00",75
"Sarah","2026-06-08 12:31:32","2026-06-05","1899-12-31 10:10:00",75
"Sarah","2026-06-08 12:31:32","2026-06-05","1899-12-31 10:15:00",81
"Sarah","2026-06-08 12:31:32","2026-06-05","1899-12-31 10:20:00",97
"Sarah","2026-06-08 12:31:32","2026-06-05","1899-12-31 10:25:00",104
"Sarah","2026-06-08 12:31:32","2026-06-05","1899-12-31 10:30:00",102
"Sarah","2026-06-08 12:31:32","2026-06-05","1899-12-31 10:35:00",98
"Sarah","2026-06-08 12:31:32","2026-06-05","1899-12-31 10:40:00",79
"Sarah","2026-06-08 12:31:32","2026-06-05","1899-12-31 10:45:00",78
"Sarah","2026-06-08 12:31:32","2026-06-05","1899-12-31 10:50:00",73
"Sarah","2026-06-08 12:31:32","2026-06-05","1899-12-31 10:55:00",75
"Sarah","2026-06-08 12:31:32","2026-06-05","1899-12-31 11:00:00",72
"Sarah","2026-06-08 12:31:32","2026-06-05","1899-12-31 11:05:00",74
"Sarah","2026-06-08 12:31:32","2026-06-05","1899-12-31 11:10:00",78
"Sarah","2026-06-08 12:31:32","2026-06-05","1899-12-31 11:15:00",79
"Sarah","2026-06-08 12:31:32","2026-06-05","1899-12-31 11:20:00",82
"Sarah","2026-06-08 12:31:32","2026-06-05","1899-12-31 11:25:00",86
"Sarah","2026-06-08 12:31:32","2026-06-05","1899-12-31 11:30:00",73
"Sarah","2026-06-08 12:31:32","2026-06-05","1899-12-31 11:35:00",75
"Sarah","2026-06-08 12:31:32","2026-06-05","1899-12-31 11:40:00",76
"Sarah","2026-06-08 12:31:32","2026-06-05","1899-12-31 11:45:00",74
"Sarah","2026-06-08 12:31:32","2026-06-05","1899-12-31 11:50:00",74
"Sarah","2026-06-08 12:31:32","2026-06-05","1899-12-31 11:55:00",76
"Sarah","2026-06-08 12:31:32","2026-06-05","1899-12-31 12:00:00",73
"Sarah","2026-06-08 12:31:32","2026-06-05","1899-12-31 12:05:00",73
"Sarah","2026-06-08 12:31:32","2026-06-05","1899-12-31 12:10:00",72
"Sarah","2026-06-08 12:31:32","2026-06-05","1899-12-31 12:15:00",72
"Sarah","2026-06-08 12:31:32","2026-06-05","1899-12-31 12:20:00",72
"Sarah","2026-06-08 12:31:32","2026-06-05","1899-12-31 12:25:00",73
"Sarah","2026-06-08 12:31:32","2026-06-05","1899-12-31 12:30:00",75
"Sarah","2026-06-08 12:31:32","2026-06-05","1899-12-31 12:35:00",79
"Sarah","2026-06-08 12:31:32","2026-06-05","1899-12-31 12:40:00",84
"Sarah","2026-06-08 12:31:32","2026-06-05","1899-12-31 12:45:00",77
"Sarah","2026-06-08 12:31:32","2026-06-05","1899-12-31 12:50:00",77
"Sarah","2026-06-08 12:31:32","2026-06-05","1899-12-31 12:55:00",75
"Sarah","2026-06-08 12:31:32","2026-06-05","1899-12-31 13:00:00",73
"Sarah","2026-06-08 12:31:32","2026-06-05","1899-12-31 13:05:00",72
"Sarah","2026-06-08 12:31:32","2026-06-05","1899-12-31 13:10:00",72
"Sarah","2026-06-08 12:31:32","2026-06-05","1899-12-31 13:15:00",73
"Sarah","2026-06-08 12:31:32","2026-06-05","1899-12-31 13:20:00",70
"Sarah","2026-06-08 12:31:32","2026-06-05","1899-12-31 13:25:00",74
"Sarah","2026-06-08 12:31:32","2026-06-05","1899-12-31 13:30:00",74
"Sarah","2026-06-08 12:31:32","2026-06-05","1899-12-31 13:35:00",72
"Sarah","2026-06-08 12:31:32","2026-06-05","1899-12-31 13:40:00",73
"Sarah","2026-06-08 12:31:32","2026-06-05","1899-12-31 13:45:00",73
"Sarah","2026-06-08 12:31:32","2026-06-05","1899-12-31 13:50:00",82
"Sarah","2026-06-08 12:31:32","2026-06-05","1899-12-31 13:55:00",100
"Sarah","2026-06-08 12:31:32","2026-06-05","1899-12-31 14:00:00",88
"Sarah","2026-06-08 12:31:32","2026-06-05","1899-12-31 14:05:00",75
"Sarah","2026-06-08 12:31:32","2026-06-05","1899-12-31 14:10:00",72
"Sarah","2026-06-08 12:31:32","2026-06-05","1899-12-31 14:15:00",71
"Sarah","2026-06-08 12:31:32","2026-06-05","1899-12-31 14:20:00",71
"Sarah","2026-06-08 12:31:32","2026-06-05","1899-12-31 14:25:00",70
"Sarah","2026-06-08 12:31:32","2026-06-05","1899-12-31 14:30:00",74
"Sarah","2026-06-08 12:31:32","2026-06-05","1899-12-31 14:35:00",72
"Sarah","2026-06-08 12:31:32","2026-06-05","1899-12-31 14:40:00",70
"Sarah","2026-06-08 12:31:32","2026-06-05","1899-12-31 14:45:00",71
"Sarah","2026-06-08 12:31:32","2026-06-05","1899-12-31 14:50:00",70
"Sarah","2026-06-08 12:31:32","2026-06-05","1899-12-31 14:55:00",76
"Sarah","2026-06-08 12:31:32","2026-06-05","1899-12-31 15:00:00",85
"Sarah","2026-06-08 12:31:32","2026-06-05","1899-12-31 15:05:00",73
"Sarah","2026-06-08 12:31:32","2026-06-05","1899-12-31 15:10:00",73
"Sarah","2026-06-08 12:31:32","2026-06-05","1899-12-31 15:15:00",73
"Sarah","2026-06-08 12:31:32","2026-06-05","1899-12-31 15:20:00",89
"Sarah","2026-06-08 12:31:32","2026-06-05","1899-12-31 15:25:00",85
"Sarah","2026-06-08 12:31:32","2026-06-05","1899-12-31 15:30:00",75
"Sarah","2026-06-08 12:31:32","2026-06-05","1899-12-31 15:35:00",72
"Sarah","2026-06-08 12:31:32","2026-06-05","1899-12-31 15:40:00",74
"Sarah","2026-06-08 12:31:32","2026-06-05","1899-12-31 15:45:00",72
"Sarah","2026-06-08 12:31:32","2026-06-05","1899-12-31 15:50:00",74
"Sarah","2026-06-08 12:31:32","2026-06-05","1899-12-31 15:55:00",95
"Sarah","2026-06-08 12:31:32","2026-06-05","1899-12-31 16:00:00",88
"Sarah","2026-06-08 12:31:32","2026-06-05","1899-12-31 16:05:00",78
"Sarah","2026-06-08 12:31:32","2026-06-05","1899-12-31 16:10:00",96
"Sarah","2026-06-08 12:31:32","2026-06-05","1899-12-31 16:15:00",92
"Sarah","2026-06-08 12:31:32","2026-06-05","1899-12-31 16:20:00",91
"Sarah","2026-06-08 12:31:32","2026-06-05","1899-12-31 16:25:00",90
"Sarah","2026-06-08 12:31:32","2026-06-05","1899-12-31 16:30:00",90
"Sarah","2026-06-08 12:31:32","2026-06-05","1899-12-31 16:35:00",100
"Sarah","2026-06-08 12:31:32","2026-06-05","1899-12-31 16:40:00",89
"Sarah","2026-06-08 12:31:32","2026-06-05","1899-12-31 16:45:00",84
"Sarah","2026-06-08 12:31:32","2026-06-05","1899-12-31 16:50:00",79
"Sarah","2026-06-08 12:31:32","2026-06-05","1899-12-31 16:55:00",97
"Sarah","2026-06-08 12:31:32","2026-06-05","1899-12-31 17:00:00",110
"Sarah","2026-06-08 12:31:32","2026-06-05","1899-12-31 20:00:00",98
"Sarah","2026-06-08 12:31:32","2026-06-05","1899-12-31 20:05:00",100
"Sarah","2026-06-08 12:31:32","2026-06-05","1899-12-31 20:10:00",101
"Sarah","2026-06-08 12:31:32","2026-06-05","1899-12-31 20:15:00",107
"Sarah","2026-06-08 12:31:32","2026-06-05","1899-12-31 20:20:00",109
"Sarah","2026-06-08 12:31:32","2026-06-05","1899-12-31 20:25:00",109
"Sarah","2026-06-08 12:31:32","2026-06-05","1899-12-31 20:30:00",98
"Sarah","2026-06-08 12:31:32","2026-06-05","1899-12-31 20:35:00",90
"Sarah","2026-06-08 12:31:32","2026-06-05","1899-12-31 20:40:00",92
"Sarah","2026-06-08 12:31:32","2026-06-05","1899-12-31 20:45:00",89
"Sarah","2026-06-08 12:31:32","2026-06-05","1899-12-31 20:50:00",88
"Sarah","2026-06-08 12:31:32","2026-06-05","1899-12-31 20:55:00",88
"Sarah","2026-06-08 12:31:32","2026-06-05","1899-12-31 21:00:00",88
"Sarah","2026-06-08 12:31:32","2026-06-05","1899-12-31 21:05:00",96
"Sarah","2026-06-08 12:31:32","2026-06-05","1899-12-31 21:10:00",89
"Sarah","2026-06-08 12:31:32","2026-06-05","1899-12-31 21:15:00",90
"Sarah","2026-06-08 12:31:32","2026-06-05","1899-12-31 21:20:00",88
"Sarah","2026-06-08 12:31:32","2026-06-05","1899-12-31 21:25:00",88
"Sarah","2026-06-08 12:31:32","2026-06-05","1899-12-31 21:30:00",106
"Sarah","2026-06-08 12:31:32","2026-06-05","1899-12-31 21:35:00",101
"Sarah","2026-06-08 12:31:32","2026-06-05","1899-12-31 21:40:00",91
"Sarah","2026-06-08 12:31:32","2026-06-05","1899-12-31 21:45:00",90
"Sarah","2026-06-08 12:31:32","2026-06-05","1899-12-31 21:50:00",88
"Sarah","2026-06-08 12:31:32","2026-06-05","1899-12-31 21:55:00",86
"Sarah","2026-06-08 12:31:32","2026-06-05","1899-12-31 22:00:00",102
"Sarah","2026-06-08 12:31:32","2026-06-05","1899-12-31 22:05:00",88
"Sarah","2026-06-08 12:31:32","2026-06-05","1899-12-31 22:10:00",85
"Sarah","2026-06-08 12:31:32","2026-06-05","1899-12-31 22:15:00",83
"Sarah","2026-06-08 12:31:32","2026-06-05","1899-12-31 22:20:00",84
"Sarah","2026-06-08 12:31:32","2026-06-05","1899-12-31 22:25:00",83
"Sarah","2026-06-08 12:31:32","2026-06-05","1899-12-31 22:30:00",85
"Sarah","2026-06-08 12:31:32","2026-06-05","1899-12-31 22:35:00",84
"Sarah","2026-06-08 12:31:32","2026-06-05","1899-12-31 22:40:00",84
"Sarah","2026-06-08 12:31:32","2026-06-05","1899-12-31 22:45:00",85
"Sarah","2026-06-08 12:31:32","2026-06-05","1899-12-31 22:50:00",86
"Sarah","2026-06-08 12:31:32","2026-06-05","1899-12-31 22:55:00",86
"Sarah","2026-06-08 12:31:32","2026-06-05","1899-12-31 23:00:00",91
"Sarah","2026-06-08 12:31:32","2026-06-05","1899-12-31 23:05:00",90
"Sarah","2026-06-08 12:31:32","2026-06-05","1899-12-31 23:10:00",82
"Sarah","2026-06-08 12:31:32","2026-06-05","1899-12-31 23:15:00",80
"Sarah","2026-06-08 12:31:32","2026-06-05","1899-12-31 23:20:00",81
"Sarah","2026-06-08 12:31:32","2026-06-05","1899-12-31 23:25:00",81
"Sarah","2026-06-08 12:31:32","2026-06-05","1899-12-31 23:30:00",83
"Sarah","2026-06-08 12:31:32","2026-06-05","1899-12-31 23:35:00",82
"Sarah","2026-06-08 12:31:32","2026-06-05","1899-12-31 23:40:00",82
"Sarah","2026-06-08 12:31:32","2026-06-05","1899-12-31 23:45:00",90
"Sarah","2026-06-08 12:31:32","2026-06-05","1899-12-31 23:50:00",98
"Sarah","2026-06-08 12:31:32","2026-06-05","1899-12-31 23:55:00",101
"Sarah","2026-06-08 13:23:12","2026-06-06","1899-12-31 02:50:00",93
"Sarah","2026-06-08 13:23:12","2026-06-06","1899-12-31 02:55:00",84
"Sarah","2026-06-08 13:23:12","2026-06-06","1899-12-31 03:00:00",80
"Sarah","2026-06-08 13:23:12","2026-06-06","1899-12-31 03:05:00",81
"Sarah","2026-06-08 13:23:12","2026-06-06","1899-12-31 03:10:00",83
"Sarah","2026-06-08 13:23:12","2026-06-06","1899-12-31 03:15:00",83
"Sarah","2026-06-08 13:23:12","2026-06-06","1899-12-31 03:20:00",84
"Sarah","2026-06-08 13:23:12","2026-06-06","1899-12-31 03:25:00",83
"Sarah","2026-06-08 13:23:12","2026-06-06","1899-12-31 03:30:00",79
"Sarah","2026-06-08 13:23:12","2026-06-06","1899-12-31 03:35:00",74
"Sarah","2026-06-08 13:23:12","2026-06-06","1899-12-31 03:40:00",75
"Sarah","2026-06-08 13:23:12","2026-06-06","1899-12-31 03:45:00",76
"Sarah","2026-06-08 13:23:12","2026-06-06","1899-12-31 03:50:00",77
"Sarah","2026-06-08 13:23:12","2026-06-06","1899-12-31 03:55:00",77
"Sarah","2026-06-08 13:23:12","2026-06-06","1899-12-31 04:00:00",77
"Sarah","2026-06-08 13:23:12","2026-06-06","1899-12-31 04:05:00",77
"Sarah","2026-06-08 13:23:12","2026-06-06","1899-12-31 04:10:00",77
"Sarah","2026-06-08 13:23:12","2026-06-06","1899-12-31 04:15:00",79
"Sarah","2026-06-08 13:23:12","2026-06-06","1899-12-31 04:20:00",76
"Sarah","2026-06-08 13:23:12","2026-06-06","1899-12-31 04:25:00",79
"Sarah","2026-06-08 13:23:12","2026-06-06","1899-12-31 04:30:00",80
"Sarah","2026-06-08 13:23:12","2026-06-06","1899-12-31 04:35:00",77
"Sarah","2026-06-08 13:23:12","2026-06-06","1899-12-31 04:40:00",77
"Sarah","2026-06-08 13:23:12","2026-06-06","1899-12-31 04:45:00",78
"Sarah","2026-06-08 13:23:12","2026-06-06","1899-12-31 04:50:00",79
"Sarah","2026-06-08 13:23:12","2026-06-06","1899-12-31 04:55:00",79
"Sarah","2026-06-08 13:23:12","2026-06-06","1899-12-31 05:00:00",77
"Sarah","2026-06-08 13:23:12","2026-06-06","1899-12-31 05:05:00",76
"Sarah","2026-06-08 13:23:12","2026-06-06","1899-12-31 05:10:00",80
"Sarah","2026-06-08 13:23:12","2026-06-06","1899-12-31 05:15:00",75
"Sarah","2026-06-08 13:23:12","2026-06-06","1899-12-31 05:20:00",73
"Sarah","2026-06-08 13:23:12","2026-06-06","1899-12-31 05:25:00",73
"Sarah","2026-06-08 13:23:12","2026-06-06","1899-12-31 05:30:00",73
"Sarah","2026-06-08 13:23:12","2026-06-06","1899-12-31 05:35:00",73
"Sarah","2026-06-08 13:23:12","2026-06-06","1899-12-31 05:40:00",72
"Sarah","2026-06-08 13:23:12","2026-06-06","1899-12-31 05:45:00",72
"Sarah","2026-06-08 13:23:12","2026-06-06","1899-12-31 05:50:00",71
"Sarah","2026-06-08 13:23:12","2026-06-06","1899-12-31 05:55:00",71
"Sarah","2026-06-08 13:23:12","2026-06-06","1899-12-31 06:00:00",71
"Sarah","2026-06-08 13:23:12","2026-06-06","1899-12-31 06:05:00",74
"Sarah","2026-06-08 13:23:12","2026-06-06","1899-12-31 06:10:00",76
"Sarah","2026-06-08 13:23:12","2026-06-06","1899-12-31 06:15:00",74
"Sarah","2026-06-08 13:23:12","2026-06-06","1899-12-31 06:20:00",74
"Sarah","2026-06-08 13:23:12","2026-06-06","1899-12-31 06:25:00",75
"Sarah","2026-06-08 13:23:12","2026-06-06","1899-12-31 06:30:00",74
"Sarah","2026-06-08 13:23:12","2026-06-06","1899-12-31 06:35:00",74
"Sarah","2026-06-08 13:23:12","2026-06-06","1899-12-31 06:40:00",74
"Sarah","2026-06-08 13:23:12","2026-06-06","1899-12-31 06:45:00",73
"Sarah","2026-06-08 13:23:12","2026-06-06","1899-12-31 06:50:00",72
"Sarah","2026-06-08 13:23:12","2026-06-06","1899-12-31 06:55:00",73
"Sarah","2026-06-08 13:23:12","2026-06-06","1899-12-31 07:00:00",73
"Sarah","2026-06-08 13:23:12","2026-06-06","1899-12-31 07:05:00",72
"Sarah","2026-06-08 13:23:12","2026-06-06","1899-12-31 07:10:00",69
"Sarah","2026-06-08 13:23:12","2026-06-06","1899-12-31 07:15:00",68
"Sarah","2026-06-08 13:23:12","2026-06-06","1899-12-31 07:20:00",68
"Sarah","2026-06-08 13:23:12","2026-06-06","1899-12-31 07:25:00",67
"Sarah","2026-06-08 13:23:12","2026-06-06","1899-12-31 07:30:00",67
"Sarah","2026-06-08 13:23:12","2026-06-06","1899-12-31 07:35:00",68
"Sarah","2026-06-08 13:23:12","2026-06-06","1899-12-31 07:40:00",68
"Sarah","2026-06-08 13:23:12","2026-06-06","1899-12-31 07:45:00",67
"Sarah","2026-06-08 13:23:12","2026-06-06","1899-12-31 07:50:00",68
"Sarah","2026-06-08 13:23:12","2026-06-06","1899-12-31 07:55:00",70
"Sarah","2026-06-08 13:23:12","2026-06-06","1899-12-31 08:00:00",73
"Sarah","2026-06-08 13:23:12","2026-06-06","1899-12-31 08:05:00",71
"Sarah","2026-06-08 13:23:12","2026-06-06","1899-12-31 08:10:00",71
"Sarah","2026-06-08 13:23:12","2026-06-06","1899-12-31 08:15:00",70
"Sarah","2026-06-08 13:23:12","2026-06-06","1899-12-31 08:20:00",70
"Sarah","2026-06-08 13:23:12","2026-06-06","1899-12-31 08:25:00",69
"Sarah","2026-06-08 13:23:12","2026-06-06","1899-12-31 08:30:00",67
"Sarah","2026-06-08 13:23:12","2026-06-06","1899-12-31 08:35:00",67
"Sarah","2026-06-08 13:23:12","2026-06-06","1899-12-31 08:40:00",67
"Sarah","2026-06-08 13:23:12","2026-06-06","1899-12-31 08:45:00",67
"Sarah","2026-06-08 13:23:12","2026-06-06","1899-12-31 08:50:00",65
"Sarah","2026-06-08 13:23:12","2026-06-06","1899-12-31 08:55:00",65
"Sarah","2026-06-08 13:23:12","2026-06-06","1899-12-31 09:00:00",66
"Sarah","2026-06-08 13:23:12","2026-06-06","1899-12-31 09:05:00",70
"Sarah","2026-06-08 13:23:12","2026-06-06","1899-12-31 09:10:00",70
"Sarah","2026-06-08 13:23:12","2026-06-06","1899-12-31 09:15:00",72
"Sarah","2026-06-08 13:23:12","2026-06-06","1899-12-31 09:20:00",71
"Sarah","2026-06-08 13:23:12","2026-06-06","1899-12-31 09:25:00",72
"Sarah","2026-06-08 13:23:12","2026-06-06","1899-12-31 09:30:00",72
"Sarah","2026-06-08 13:23:12","2026-06-06","1899-12-31 09:35:00",71
"Sarah","2026-06-08 13:23:12","2026-06-06","1899-12-31 09:40:00",71
"Sarah","2026-06-08 13:23:12","2026-06-06","1899-12-31 09:45:00",71
"Sarah","2026-06-08 13:23:12","2026-06-06","1899-12-31 09:50:00",69
"Sarah","2026-06-08 13:23:12","2026-06-06","1899-12-31 09:55:00",67
"Sarah","2026-06-08 13:23:12","2026-06-06","1899-12-31 10:00:00",66
"Sarah","2026-06-08 13:23:12","2026-06-06","1899-12-31 10:05:00",66
"Sarah","2026-06-08 13:23:12","2026-06-06","1899-12-31 10:10:00",66
"Sarah","2026-06-08 13:23:12","2026-06-06","1899-12-31 10:15:00",65
"Sarah","2026-06-08 13:23:12","2026-06-06","1899-12-31 10:20:00",65
"Sarah","2026-06-08 13:23:12","2026-06-06","1899-12-31 10:25:00",68
"Sarah","2026-06-08 13:23:12","2026-06-06","1899-12-31 10:30:00",65
"Sarah","2026-06-08 13:23:12","2026-06-06","1899-12-31 10:35:00",65
"Sarah","2026-06-08 13:23:12","2026-06-06","1899-12-31 10:40:00",65
"Sarah","2026-06-08 13:23:12","2026-06-06","1899-12-31 10:45:00",73
"Sarah","2026-06-08 13:23:12","2026-06-06","1899-12-31 10:50:00",71
"Sarah","2026-06-08 13:23:12","2026-06-06","1899-12-31 10:55:00",67
"Sarah","2026-06-08 13:23:12","2026-06-06","1899-12-31 11:00:00",69
"Sarah","2026-06-08 13:23:12","2026-06-06","1899-12-31 11:05:00",67
"Sarah","2026-06-08 13:23:12","2026-06-06","1899-12-31 11:10:00",63
"Sarah","2026-06-08 13:23:12","2026-06-06","1899-12-31 11:15:00",69
"Sarah","2026-06-08 13:23:12","2026-06-06","1899-12-31 11:20:00",67
"Sarah","2026-06-08 13:23:12","2026-06-06","1899-12-31 11:25:00",83
"Sarah","2026-06-08 13:23:12","2026-06-06","1899-12-31 11:30:00",96
"Sarah","2026-06-08 13:23:12","2026-06-06","1899-12-31 11:35:00",97
"Sarah","2026-06-08 13:23:12","2026-06-06","1899-12-31 11:40:00",87
"Sarah","2026-06-08 13:23:12","2026-06-06","1899-12-31 11:45:00",80
"Sarah","2026-06-08 13:23:12","2026-06-06","1899-12-31 11:50:00",79
"Sarah","2026-06-08 13:23:12","2026-06-06","1899-12-31 11:55:00",80
"Sarah","2026-06-08 13:23:12","2026-06-06","1899-12-31 12:00:00",80
"Sarah","2026-06-08 13:23:12","2026-06-06","1899-12-31 12:05:00",80
"Sarah","2026-06-08 13:23:12","2026-06-06","1899-12-31 12:10:00",80
"Sarah","2026-06-08 13:23:12","2026-06-06","1899-12-31 12:15:00",79
"Sarah","2026-06-08 13:23:12","2026-06-06","1899-12-31 12:20:00",78
"Sarah","2026-06-08 13:23:12","2026-06-06","1899-12-31 12:25:00",78
"Sarah","2026-06-08 13:23:12","2026-06-06","1899-12-31 12:30:00",77
"Sarah","2026-06-08 13:23:12","2026-06-06","1899-12-31 12:35:00",79
"Sarah","2026-06-08 13:23:12","2026-06-06","1899-12-31 12:40:00",77
"Sarah","2026-06-08 13:23:12","2026-06-06","1899-12-31 12:45:00",76
"Sarah","2026-06-08 13:23:12","2026-06-06","1899-12-31 12:50:00",77
"Sarah","2026-06-08 13:23:12","2026-06-06","1899-12-31 12:55:00",79
"Sarah","2026-06-08 13:23:12","2026-06-06","1899-12-31 13:00:00",82
"Sarah","2026-06-08 13:23:12","2026-06-06","1899-12-31 13:05:00",94
"Sarah","2026-06-08 13:23:12","2026-06-06","1899-12-31 13:10:00",89
"Sarah","2026-06-08 13:23:12","2026-06-06","1899-12-31 13:15:00",81
"Sarah","2026-06-08 13:23:12","2026-06-06","1899-12-31 13:20:00",83
"Sarah","2026-06-08 13:23:12","2026-06-06","1899-12-31 13:25:00",85
"Sarah","2026-06-08 13:23:12","2026-06-06","1899-12-31 13:30:00",93
"Sarah","2026-06-08 13:23:12","2026-06-06","1899-12-31 13:35:00",81
"Sarah","2026-06-08 13:23:12","2026-06-06","1899-12-31 13:40:00",81
"Sarah","2026-06-08 13:23:12","2026-06-06","1899-12-31 13:45:00",82
"Sarah","2026-06-08 13:23:12","2026-06-06","1899-12-31 13:50:00",84
"Sarah","2026-06-08 13:23:12","2026-06-06","1899-12-31 13:55:00",84
"Sarah","2026-06-08 13:23:12","2026-06-06","1899-12-31 14:00:00",87
"Sarah","2026-06-08 13:23:12","2026-06-06","1899-12-31 14:05:00",91
"Sarah","2026-06-08 13:23:12","2026-06-06","1899-12-31 14:10:00",91
"Sarah","2026-06-08 13:23:12","2026-06-06","1899-12-31 14:15:00",96
"Sarah","2026-06-08 13:23:12","2026-06-06","1899-12-31 14:20:00",85
"Sarah","2026-06-08 13:23:12","2026-06-06","1899-12-31 14:25:00",91
"Sarah","2026-06-08 13:23:12","2026-06-06","1899-12-31 14:30:00",85
"Sarah","2026-06-08 13:23:12","2026-06-06","1899-12-31 14:35:00",81
"Sarah","2026-06-08 13:23:12","2026-06-06","1899-12-31 14:40:00",82
"Sarah","2026-06-08 13:23:12","2026-06-06","1899-12-31 14:45:00",80
"Sarah","2026-06-08 13:23:12","2026-06-06","1899-12-31 14:50:00",81
"Sarah","2026-06-08 13:23:12","2026-06-06","1899-12-31 14:55:00",82
"Sarah","2026-06-08 13:23:12","2026-06-06","1899-12-31 15:00:00",89
"Sarah","2026-06-08 13:23:12","2026-06-06","1899-12-31 15:05:00",95
"Sarah","2026-06-08 13:23:12","2026-06-06","1899-12-31 15:10:00",90
"Sarah","2026-06-08 13:23:12","2026-06-06","1899-12-31 15:15:00",88
"Sarah","2026-06-08 13:23:12","2026-06-06","1899-12-31 15:20:00",92
"Sarah","2026-06-08 13:23:12","2026-06-06","1899-12-31 15:25:00",91
"Sarah","2026-06-08 13:23:12","2026-06-06","1899-12-31 15:30:00",90
"Sarah","2026-06-08 13:23:12","2026-06-06","1899-12-31 15:35:00",89
"Sarah","2026-06-08 13:23:12","2026-06-06","1899-12-31 15:40:00",92
"Sarah","2026-06-08 13:23:12","2026-06-06","1899-12-31 15:45:00",92
"Sarah","2026-06-08 13:23:12","2026-06-06","1899-12-31 15:50:00",90
"Sarah","2026-06-08 13:23:12","2026-06-06","1899-12-31 15:55:00",90
"Sarah","2026-06-08 13:23:12","2026-06-06","1899-12-31 16:00:00",91
"Sarah","2026-06-08 13:23:12","2026-06-06","1899-12-31 16:05:00",88
"Sarah","2026-06-08 13:23:12","2026-06-06","1899-12-31 16:10:00",89
"Sarah","2026-06-08 13:23:12","2026-06-06","1899-12-31 16:15:00",88
"Sarah","2026-06-08 13:23:12","2026-06-06","1899-12-31 16:20:00",91
"Sarah","2026-06-08 13:23:12","2026-06-06","1899-12-31 16:25:00",99
"Sarah","2026-06-08 13:23:12","2026-06-06","1899-12-31 16:30:00",101
"Sarah","2026-06-08 13:23:12","2026-06-06","1899-12-31 16:35:00",90
"Sarah","2026-06-08 13:23:12","2026-06-06","1899-12-31 16:40:00",92
"Sarah","2026-06-08 13:23:12","2026-06-06","1899-12-31 16:45:00",92
"Sarah","2026-06-08 13:23:12","2026-06-06","1899-12-31 16:50:00",98
"Sarah","2026-06-08 13:23:12","2026-06-06","1899-12-31 16:55:00",102
"Sarah","2026-06-08 13:23:12","2026-06-06","1899-12-31 17:00:00",102
"Sarah","2026-06-08 13:23:12","2026-06-06","1899-12-31 17:05:00",104
"Sarah","2026-06-08 13:23:12","2026-06-06","1899-12-31 17:10:00",107
"Sarah","2026-06-08 13:23:12","2026-06-06","1899-12-31 17:15:00",106
"Sarah","2026-06-08 13:23:12","2026-06-06","1899-12-31 17:20:00",106
"Sarah","2026-06-08 13:23:12","2026-06-06","1899-12-31 17:25:00",111
"Sarah","2026-06-08 13:23:12","2026-06-06","1899-12-31 17:30:00",100
"Sarah","2026-06-08 13:23:12","2026-06-06","1899-12-31 17:35:00",89
"Sarah","2026-06-08 13:23:12","2026-06-06","1899-12-31 17:40:00",88
"Sarah","2026-06-08 13:23:12","2026-06-06","1899-12-31 17:45:00",88
"Sarah","2026-06-08 13:23:12","2026-06-06","1899-12-31 17:50:00",92
"Sarah","2026-06-08 13:23:12","2026-06-06","1899-12-31 17:55:00",98
"Sarah","2026-06-08 13:23:12","2026-06-06","1899-12-31 18:00:00",116
"Sarah","2026-06-08 13:23:12","2026-06-06","1899-12-31 18:05:00",94
"Sarah","2026-06-08 13:23:12","2026-06-06","1899-12-31 18:10:00",91
"Sarah","2026-06-08 13:23:12","2026-06-06","1899-12-31 18:15:00",98
"Sarah","2026-06-08 13:23:12","2026-06-06","1899-12-31 18:20:00",96
"Sarah","2026-06-08 13:23:12","2026-06-06","1899-12-31 18:25:00",90
"Sarah","2026-06-08 13:23:12","2026-06-06","1899-12-31 18:30:00",89
"Sarah","2026-06-08 13:23:12","2026-06-06","1899-12-31 18:35:00",86
"Sarah","2026-06-08 13:23:12","2026-06-06","1899-12-31 18:40:00",84
"Sarah","2026-06-08 13:23:12","2026-06-06","1899-12-31 18:45:00",91
"Sarah","2026-06-08 13:23:12","2026-06-06","1899-12-31 18:50:00",89
"Sarah","2026-06-08 13:23:12","2026-06-06","1899-12-31 18:55:00",85
"Sarah","2026-06-08 13:23:12","2026-06-06","1899-12-31 19:00:00",82
"Sarah","2026-06-08 13:23:12","2026-06-06","1899-12-31 19:05:00",85
"Sarah","2026-06-08 13:23:12","2026-06-06","1899-12-31 19:10:00",87
"Sarah","2026-06-08 13:23:12","2026-06-06","1899-12-31 19:15:00",89
"Sarah","2026-06-08 13:23:12","2026-06-06","1899-12-31 19:20:00",89
"Sarah","2026-06-08 13:23:12","2026-06-06","1899-12-31 19:25:00",101
"Sarah","2026-06-08 13:23:12","2026-06-06","1899-12-31 19:30:00",84
"Sarah","2026-06-08 13:23:12","2026-06-06","1899-12-31 19:35:00",83
"Sarah","2026-06-08 13:23:12","2026-06-06","1899-12-31 19:40:00",87
"Sarah","2026-06-08 13:23:12","2026-06-06","1899-12-31 19:45:00",93
"Sarah","2026-06-08 13:23:12","2026-06-06","1899-12-31 19:50:00",92
"Sarah","2026-06-08 13:23:12","2026-06-06","1899-12-31 19:55:00",90
"Sarah","2026-06-08 13:31:10","2026-06-07","1899-12-31",91
"Sarah","2026-06-08 13:31:10","2026-06-07","1899-12-31 00:05:00",85
"Sarah","2026-06-08 13:31:10","2026-06-07","1899-12-31 00:10:00",88
"Sarah","2026-06-08 13:31:10","2026-06-07","1899-12-31 00:15:00",89
"Sarah","2026-06-08 13:31:10","2026-06-07","1899-12-31 00:20:00",89
"Sarah","2026-06-08 13:31:10","2026-06-07","1899-12-31 00:25:00",93
"Sarah","2026-06-08 13:31:10","2026-06-07","1899-12-31 00:30:00",91
"Sarah","2026-06-08 13:31:10","2026-06-07","1899-12-31 00:35:00",98
"Sarah","2026-06-08 13:31:10","2026-06-07","1899-12-31 00:40:00",94
"Sarah","2026-06-08 13:31:10","2026-06-07","1899-12-31 00:45:00",88
"Sarah","2026-06-08 13:31:10","2026-06-07","1899-12-31 00:50:00",83
"Sarah","2026-06-08 13:31:10","2026-06-07","1899-12-31 00:55:00",79
"Sarah","2026-06-08 13:31:10","2026-06-07","1899-12-31 01:00:00",78
"Sarah","2026-06-08 13:31:10","2026-06-07","1899-12-31 01:05:00",78
"Sarah","2026-06-08 13:31:10","2026-06-07","1899-12-31 01:10:00",81
"Sarah","2026-06-08 13:31:10","2026-06-07","1899-12-31 01:15:00",88
"Sarah","2026-06-08 13:31:10","2026-06-07","1899-12-31 01:20:00",88
"Sarah","2026-06-08 13:31:10","2026-06-07","1899-12-31 01:25:00",81
"Sarah","2026-06-08 13:31:10","2026-06-07","1899-12-31 01:30:00",84
"Sarah","2026-06-08 13:31:10","2026-06-07","1899-12-31 01:35:00",87
"Sarah","2026-06-08 13:31:10","2026-06-07","1899-12-31 01:40:00",82
"Sarah","2026-06-08 13:31:10","2026-06-07","1899-12-31 01:45:00",78
"Sarah","2026-06-08 13:31:10","2026-06-07","1899-12-31 01:50:00",77
"Sarah","2026-06-08 13:31:10","2026-06-07","1899-12-31 01:55:00",82
"Sarah","2026-06-08 13:31:10","2026-06-07","1899-12-31 02:00:00",84
"Sarah","2026-06-08 13:31:10","2026-06-07","1899-12-31 02:05:00",88
"Sarah","2026-06-08 13:31:10","2026-06-07","1899-12-31 02:10:00",81
"Sarah","2026-06-08 13:31:10","2026-06-07","1899-12-31 02:15:00",79
"Sarah","2026-06-08 13:31:10","2026-06-07","1899-12-31 02:20:00",76
"Sarah","2026-06-08 13:31:10","2026-06-07","1899-12-31 02:25:00",76
"Sarah","2026-06-08 13:31:10","2026-06-07","1899-12-31 02:30:00",74
"Sarah","2026-06-08 13:31:10","2026-06-07","1899-12-31 02:35:00",73
"Sarah","2026-06-08 13:31:10","2026-06-07","1899-12-31 02:40:00",74
"Sarah","2026-06-08 13:31:10","2026-06-07","1899-12-31 02:45:00",79
"Sarah","2026-06-08 13:31:10","2026-06-07","1899-12-31 02:50:00",89
"Sarah","2026-06-08 13:31:10","2026-06-07","1899-12-31 02:55:00",77
"Sarah","2026-06-08 13:31:10","2026-06-07","1899-12-31 03:00:00",76
"Sarah","2026-06-08 13:31:10","2026-06-07","1899-12-31 03:05:00",79
"Sarah","2026-06-08 13:31:10","2026-06-07","1899-12-31 03:10:00",78
"Sarah","2026-06-08 13:31:10","2026-06-07","1899-12-31 03:15:00",71
"Sarah","2026-06-08 13:31:10","2026-06-07","1899-12-31 03:20:00",71
"Sarah","2026-06-08 13:31:10","2026-06-07","1899-12-31 03:25:00",69
"Sarah","2026-06-08 13:31:10","2026-06-07","1899-12-31 03:30:00",70
"Sarah","2026-06-08 13:31:10","2026-06-07","1899-12-31 03:35:00",70
"Sarah","2026-06-08 13:31:10","2026-06-07","1899-12-31 03:40:00",70
"Sarah","2026-06-08 13:31:10","2026-06-07","1899-12-31 03:45:00",70
"Sarah","2026-06-08 13:31:10","2026-06-07","1899-12-31 03:50:00",73
"Sarah","2026-06-08 13:31:10","2026-06-07","1899-12-31 03:55:00",75
"Sarah","2026-06-08 13:31:10","2026-06-07","1899-12-31 04:00:00",74
"Sarah","2026-06-08 13:31:10","2026-06-07","1899-12-31 04:05:00",73
"Sarah","2026-06-08 13:31:10","2026-06-07","1899-12-31 04:10:00",71
"Sarah","2026-06-08 13:31:10","2026-06-07","1899-12-31 04:15:00",70
"Sarah","2026-06-08 13:31:10","2026-06-07","1899-12-31 04:20:00",70
"Sarah","2026-06-08 13:31:10","2026-06-07","1899-12-31 04:25:00",70
"Sarah","2026-06-08 13:31:10","2026-06-07","1899-12-31 04:30:00",70
"Sarah","2026-06-08 13:31:10","2026-06-07","1899-12-31 04:35:00",70
"Sarah","2026-06-08 13:31:10","2026-06-07","1899-12-31 04:40:00",70
"Sarah","2026-06-08 13:31:10","2026-06-07","1899-12-31 04:45:00",70
"Sarah","2026-06-08 13:31:10","2026-06-07","1899-12-31 04:50:00",74
"Sarah","2026-06-08 13:31:10","2026-06-07","1899-12-31 04:55:00",71
"Sarah","2026-06-08 13:31:10","2026-06-07","1899-12-31 05:00:00",70
"Sarah","2026-06-08 13:31:10","2026-06-07","1899-12-31 05:05:00",70
"Sarah","2026-06-08 13:31:10","2026-06-07","1899-12-31 05:10:00",71
"Sarah","2026-06-08 13:31:10","2026-06-07","1899-12-31 05:15:00",72
"Sarah","2026-06-08 13:31:10","2026-06-07","1899-12-31 05:20:00",71
"Sarah","2026-06-08 13:31:10","2026-06-07","1899-12-31 05:25:00",72
"Sarah","2026-06-08 13:31:10","2026-06-07","1899-12-31 05:30:00",73
"Sarah","2026-06-08 13:31:10","2026-06-07","1899-12-31 05:35:00",76
"Sarah","2026-06-08 13:31:10","2026-06-07","1899-12-31 05:40:00",77
"Sarah","2026-06-08 13:31:10","2026-06-07","1899-12-31 05:45:00",77
"Sarah","2026-06-08 13:31:10","2026-06-07","1899-12-31 05:50:00",78
"Sarah","2026-06-08 13:31:10","2026-06-07","1899-12-31 05:55:00",77
"Sarah","2026-06-08 13:31:10","2026-06-07","1899-12-31 06:00:00",76
"Sarah","2026-06-08 13:31:10","2026-06-07","1899-12-31 06:05:00",77
"Sarah","2026-06-08 13:31:10","2026-06-07","1899-12-31 06:10:00",76
"Sarah","2026-06-08 13:31:10","2026-06-07","1899-12-31 06:15:00",76
"Sarah","2026-06-08 13:31:10","2026-06-07","1899-12-31 06:20:00",75
"Sarah","2026-06-08 13:31:10","2026-06-07","1899-12-31 06:25:00",74
"Sarah","2026-06-08 13:31:10","2026-06-07","1899-12-31 06:30:00",78
"Sarah","2026-06-08 13:31:10","2026-06-07","1899-12-31 06:35:00",74
"Sarah","2026-06-08 13:31:10","2026-06-07","1899-12-31 06:40:00",72
"Sarah","2026-06-08 13:31:10","2026-06-07","1899-12-31 06:45:00",72
"Sarah","2026-06-08 13:31:10","2026-06-07","1899-12-31 06:50:00",73
"Sarah","2026-06-08 13:31:10","2026-06-07","1899-12-31 06:55:00",73
"Sarah","2026-06-08 13:31:10","2026-06-07","1899-12-31 07:00:00",73
"Sarah","2026-06-08 13:31:10","2026-06-07","1899-12-31 07:05:00",73
"Sarah","2026-06-08 13:31:10","2026-06-07","1899-12-31 07:10:00",73
"Sarah","2026-06-08 13:31:10","2026-06-07","1899-12-31 07:15:00",74
"Sarah","2026-06-08 13:31:10","2026-06-07","1899-12-31 07:20:00",76
"Sarah","2026-06-08 13:31:10","2026-06-07","1899-12-31 07:25:00",76
"Sarah","2026-06-08 13:31:10","2026-06-07","1899-12-31 07:30:00",77
"Sarah","2026-06-08 13:31:10","2026-06-07","1899-12-31 07:35:00",75
"Sarah","2026-06-08 13:31:10","2026-06-07","1899-12-31 07:40:00",75
"Sarah","2026-06-08 13:31:10","2026-06-07","1899-12-31 07:45:00",75
"Sarah","2026-06-08 13:31:10","2026-06-07","1899-12-31 07:50:00",72
"Sarah","2026-06-08 13:31:10","2026-06-07","1899-12-31 07:55:00",71
"Sarah","2026-06-08 13:31:10","2026-06-07","1899-12-31 08:00:00",72
"Sarah","2026-06-08 13:31:10","2026-06-07","1899-12-31 08:05:00",71
"Sarah","2026-06-08 13:31:10","2026-06-07","1899-12-31 08:10:00",73
"Sarah","2026-06-08 13:31:10","2026-06-07","1899-12-31 08:15:00",73
"Sarah","2026-06-08 13:31:10","2026-06-07","1899-12-31 08:20:00",71
"Sarah","2026-06-08 13:31:10","2026-06-07","1899-12-31 08:25:00",69
"Sarah","2026-06-08 13:31:10","2026-06-07","1899-12-31 08:30:00",67
"Sarah","2026-06-08 13:31:10","2026-06-07","1899-12-31 08:35:00",68
"Sarah","2026-06-08 13:31:10","2026-06-07","1899-12-31 08:40:00",68
"Sarah","2026-06-08 13:31:10","2026-06-07","1899-12-31 08:45:00",69
"Sarah","2026-06-08 13:31:10","2026-06-07","1899-12-31 08:50:00",72
"Sarah","2026-06-08 13:31:10","2026-06-07","1899-12-31 08:55:00",73
"Sarah","2026-06-08 13:31:10","2026-06-07","1899-12-31 09:00:00",71
"Sarah","2026-06-08 13:31:10","2026-06-07","1899-12-31 09:05:00",72
"Sarah","2026-06-08 13:31:10","2026-06-07","1899-12-31 09:10:00",72
"Sarah","2026-06-08 13:31:10","2026-06-07","1899-12-31 09:15:00",70
"Sarah","2026-06-08 13:31:10","2026-06-07","1899-12-31 09:20:00",71
"Sarah","2026-06-08 13:31:10","2026-06-07","1899-12-31 09:25:00",72
"Sarah","2026-06-08 13:31:10","2026-06-07","1899-12-31 09:30:00",72
"Sarah","2026-06-08 13:31:10","2026-06-07","1899-12-31 09:35:00",72
"Sarah","2026-06-08 13:31:10","2026-06-07","1899-12-31 09:40:00",72
"Sarah","2026-06-08 13:31:10","2026-06-07","1899-12-31 09:45:00",72
"Sarah","2026-06-08 13:31:10","2026-06-07","1899-12-31 09:50:00",74
"Sarah","2026-06-08 13:31:10","2026-06-07","1899-12-31 09:55:00",70
"Sarah","2026-06-08 13:31:10","2026-06-07","1899-12-31 10:00:00",68
"Sarah","2026-06-08 13:31:10","2026-06-07","1899-12-31 10:05:00",67
"Sarah","2026-06-08 13:31:10","2026-06-07","1899-12-31 10:10:00",68
"Sarah","2026-06-08 13:31:10","2026-06-07","1899-12-31 10:15:00",67
"Sarah","2026-06-08 13:31:10","2026-06-07","1899-12-31 10:20:00",69
"Sarah","2026-06-08 13:31:10","2026-06-07","1899-12-31 10:25:00",67
"Sarah","2026-06-08 13:31:10","2026-06-07","1899-12-31 10:30:00",66
"Sarah","2026-06-08 13:31:10","2026-06-07","1899-12-31 10:35:00",68
"Sarah","2026-06-08 13:31:10","2026-06-07","1899-12-31 10:40:00",71
"Sarah","2026-06-08 13:31:10","2026-06-07","1899-12-31 10:45:00",71
"Sarah","2026-06-08 13:31:10","2026-06-07","1899-12-31 10:50:00",72
"Sarah","2026-06-08 13:31:10","2026-06-07","1899-12-31 10:55:00",75
"Sarah","2026-06-08 13:31:10","2026-06-07","1899-12-31 11:00:00",78
"Sarah","2026-06-08 13:31:10","2026-06-07","1899-12-31 11:05:00",90
"Sarah","2026-06-08 13:31:10","2026-06-07","1899-12-31 11:10:00",100
"Sarah","2026-06-08 13:31:10","2026-06-07","1899-12-31 11:15:00",95
"Sarah","2026-06-08 13:31:10","2026-06-07","1899-12-31 11:20:00",82
"Sarah","2026-06-08 13:31:10","2026-06-07","1899-12-31 11:25:00",77
"Sarah","2026-06-08 13:31:10","2026-06-07","1899-12-31 11:30:00",90
"Sarah","2026-06-08 13:31:10","2026-06-07","1899-12-31 11:35:00",97
"Sarah","2026-06-08 13:31:10","2026-06-07","1899-12-31 11:40:00",96
"Sarah","2026-06-08 13:31:10","2026-06-07","1899-12-31 11:45:00",93
"Sarah","2026-06-08 13:31:10","2026-06-07","1899-12-31 11:50:00",95
"Sarah","2026-06-08 13:31:10","2026-06-07","1899-12-31 11:55:00",89
"Sarah","2026-06-08 13:31:10","2026-06-07","1899-12-31 12:00:00",80
"Sarah","2026-06-08 13:31:10","2026-06-07","1899-12-31 12:05:00",81
"Sarah","2026-06-08 13:31:10","2026-06-07","1899-12-31 12:10:00",80
"Sarah","2026-06-08 13:31:10","2026-06-07","1899-12-31 12:15:00",78
"Sarah","2026-06-08 13:31:10","2026-06-07","1899-12-31 12:20:00",80
"Sarah","2026-06-08 13:31:10","2026-06-07","1899-12-31 12:25:00",98
"Sarah","2026-06-08 13:31:10","2026-06-07","1899-12-31 12:30:00",97
"Sarah","2026-06-08 13:31:10","2026-06-07","1899-12-31 12:35:00",89
"Sarah","2026-06-08 13:31:10","2026-06-07","1899-12-31 12:40:00",77
"Sarah","2026-06-08 13:31:10","2026-06-07","1899-12-31 12:45:00",84
"Sarah","2026-06-08 13:31:10","2026-06-07","1899-12-31 12:50:00",91
"Sarah","2026-06-08 13:31:10","2026-06-07","1899-12-31 12:55:00",98
"Sarah","2026-06-08 13:31:10","2026-06-07","1899-12-31 13:00:00",94
"Sarah","2026-06-08 13:31:10","2026-06-07","1899-12-31 13:05:00",98
"Sarah","2026-06-08 13:31:10","2026-06-07","1899-12-31 13:10:00",95
"Sarah","2026-06-08 13:31:10","2026-06-07","1899-12-31 13:15:00",84
"Sarah","2026-06-08 13:31:10","2026-06-07","1899-12-31 13:20:00",81
"Sarah","2026-06-08 13:31:10","2026-06-07","1899-12-31 13:25:00",81
"Sarah","2026-06-08 13:31:10","2026-06-07","1899-12-31 13:30:00",84
"Sarah","2026-06-08 13:31:10","2026-06-07","1899-12-31 13:35:00",82
"Sarah","2026-06-08 13:31:10","2026-06-07","1899-12-31 13:40:00",84
"Sarah","2026-06-08 13:31:10","2026-06-07","1899-12-31 13:45:00",84
"Sarah","2026-06-08 13:31:10","2026-06-07","1899-12-31 13:50:00",93
"Sarah","2026-06-08 13:31:10","2026-06-07","1899-12-31 13:55:00",83
"Sarah","2026-06-08 13:31:10","2026-06-07","1899-12-31 14:00:00",82
"Sarah","2026-06-08 13:31:10","2026-06-07","1899-12-31 14:05:00",85
"Sarah","2026-06-08 13:31:10","2026-06-07","1899-12-31 14:10:00",84
"Sarah","2026-06-08 13:31:10","2026-06-07","1899-12-31 14:15:00",86
"Sarah","2026-06-08 13:31:10","2026-06-07","1899-12-31 14:20:00",84
"Sarah","2026-06-08 13:31:10","2026-06-07","1899-12-31 14:25:00",83
"Sarah","2026-06-08 13:31:10","2026-06-07","1899-12-31 14:30:00",82
"Sarah","2026-06-08 13:31:10","2026-06-07","1899-12-31 14:35:00",81
"Sarah","2026-06-08 13:31:10","2026-06-07","1899-12-31 14:40:00",81
"Sarah","2026-06-08 13:31:10","2026-06-07","1899-12-31 14:45:00",80
"Sarah","2026-06-08 13:31:10","2026-06-07","1899-12-31 14:50:00",79
"Sarah","2026-06-08 13:31:10","2026-06-07","1899-12-31 14:55:00",79
"Sarah","2026-06-08 13:31:10","2026-06-07","1899-12-31 15:00:00",78
"Sarah","2026-06-08 13:31:10","2026-06-07","1899-12-31 15:05:00",77
"Sarah","2026-06-08 13:31:10","2026-06-07","1899-12-31 15:10:00",78
"Sarah","2026-06-08 13:31:10","2026-06-07","1899-12-31 15:15:00",78
"Sarah","2026-06-08 13:31:10","2026-06-07","1899-12-31 15:20:00",78
"Sarah","2026-06-08 13:31:10","2026-06-07","1899-12-31 15:25:00",76
"Sarah","2026-06-08 13:31:10","2026-06-07","1899-12-31 15:30:00",79
"Sarah","2026-06-08 13:31:10","2026-06-07","1899-12-31 15:35:00",79
"Sarah","2026-06-08 13:31:10","2026-06-07","1899-12-31 15:40:00",81
"Sarah","2026-06-08 13:31:10","2026-06-07","1899-12-31 15:45:00",82
"Sarah","2026-06-08 13:31:10","2026-06-07","1899-12-31 15:50:00",97
"Sarah","2026-06-08 13:31:10","2026-06-07","1899-12-31 15:55:00",103
"Sarah","2026-06-08 13:31:10","2026-06-07","1899-12-31 16:00:00",106
"Sarah","2026-06-08 13:31:10","2026-06-07","1899-12-31 16:05:00",107
"Sarah","2026-06-08 13:31:10","2026-06-07","1899-12-31 16:10:00",100
"Sarah","2026-06-08 13:31:10","2026-06-07","1899-12-31 16:15:00",99
"Sarah","2026-06-08 13:31:10","2026-06-07","1899-12-31 16:20:00",101
"Sarah","2026-06-08 13:31:10","2026-06-07","1899-12-31 16:25:00",100
"Sarah","2026-06-08 13:31:10","2026-06-07","1899-12-31 16:30:00",87
"Sarah","2026-06-08 13:31:10","2026-06-07","1899-12-31 16:35:00",79
"Sarah","2026-06-08 13:31:10","2026-06-07","1899-12-31 16:40:00",78
"Sarah","2026-06-08 13:31:10","2026-06-07","1899-12-31 16:45:00",79
"Sarah","2026-06-08 13:31:10","2026-06-07","1899-12-31 16:50:00",95
"Sarah","2026-06-08 13:31:10","2026-06-07","1899-12-31 16:55:00",101
"Sarah","2026-06-08 13:31:10","2026-06-07","1899-12-31 17:00:00",91
"Sarah","2026-06-08 13:31:10","2026-06-07","1899-12-31 17:05:00",80
"Sarah","2026-06-08 13:31:10","2026-06-07","1899-12-31 17:10:00",79
"Sarah","2026-06-08 13:31:10","2026-06-07","1899-12-31 17:15:00",79
"Sarah","2026-06-08 13:31:10","2026-06-07","1899-12-31 17:20:00",78
"Sarah","2026-06-08 13:31:10","2026-06-07","1899-12-31 17:25:00",83
"Sarah","2026-06-08 13:31:10","2026-06-07","1899-12-31 17:30:00",92
"Sarah","2026-06-08 13:31:10","2026-06-07","1899-12-31 17:35:00",94
"Sarah","2026-06-08 13:31:10","2026-06-07","1899-12-31 17:40:00",87
"Sarah","2026-06-08 13:31:10","2026-06-07","1899-12-31 17:45:00",77
"Sarah","2026-06-08 13:31:10","2026-06-07","1899-12-31 17:50:00",77
"Sarah","2026-06-08 13:31:10","2026-06-07","1899-12-31 17:55:00",83
"Sarah","2026-06-08 13:31:10","2026-06-07","1899-12-31 18:00:00",91
"Sarah","2026-06-08 13:31:10","2026-06-07","1899-12-31 18:05:00",94
"Sarah","2026-06-08 13:31:10","2026-06-07","1899-12-31 18:10:00",101
"Sarah","2026-06-08 13:31:10","2026-06-07","1899-12-31 18:15:00",97
"Sarah","2026-06-08 13:31:10","2026-06-07","1899-12-31 18:20:00",97
"Sarah","2026-06-08 13:31:10","2026-06-07","1899-12-31 18:25:00",89
"Sarah","2026-06-08 13:31:10","2026-06-07","1899-12-31 18:30:00",86
"Sarah","2026-06-08 13:31:10","2026-06-07","1899-12-31 18:35:00",83
"Sarah","2026-06-08 13:31:10","2026-06-07","1899-12-31 18:40:00",83
"Sarah","2026-06-08 13:31:10","2026-06-07","1899-12-31 18:45:00",85
"Sarah","2026-06-08 13:31:10","2026-06-07","1899-12-31 18:50:00",84
"Sarah","2026-06-08 13:31:10","2026-06-07","1899-12-31 18:55:00",84
"Sarah","2026-06-08 13:31:10","2026-06-07","1899-12-31 19:00:00",83
"Sarah","2026-06-08 13:31:10","2026-06-07","1899-12-31 19:05:00",81
"Sarah","2026-06-08 13:31:10","2026-06-07","1899-12-31 19:10:00",78
"Sarah","2026-06-08 13:31:10","2026-06-07","1899-12-31 19:15:00",78
"Sarah","2026-06-08 13:31:10","2026-06-07","1899-12-31 19:20:00",82
"Sarah","2026-06-08 13:31:10","2026-06-07","1899-12-31 19:25:00",85
"Sarah","2026-06-08 13:31:10","2026-06-07","1899-12-31 19:30:00",86
"Sarah","2026-06-08 13:31:10","2026-06-07","1899-12-31 19:35:00",79
"Sarah","2026-06-08 13:31:10","2026-06-07","1899-12-31 19:40:00",78
"Sarah","2026-06-08 13:31:10","2026-06-07","1899-12-31 19:45:00",78
"Sarah","2026-06-08 13:31:10","2026-06-07","1899-12-31 19:50:00",77
"Sarah","2026-06-08 13:31:10","2026-06-07","1899-12-31 19:55:00",81
"Sarah","2026-06-08 13:31:10","2026-06-07","1899-12-31 20:00:00",96
"Sarah","2026-06-08 13:31:10","2026-06-07","1899-12-31 20:05:00",96
"Sarah","2026-06-08 13:31:10","2026-06-07","1899-12-31 20:10:00",94
"Sarah","2026-06-08 13:31:10","2026-06-07","1899-12-31 20:15:00",96
"Sarah","2026-06-08 13:31:10","2026-06-07","1899-12-31 20:20:00",102
"Sarah","2026-06-08 13:31:10","2026-06-07","1899-12-31 20:25:00",106
"Sarah","2026-06-08 13:31:10","2026-06-07","1899-12-31 20:30:00",100
"Sarah","2026-06-08 13:31:10","2026-06-07","1899-12-31 20:35:00",95
"Sarah","2026-06-08 13:31:10","2026-06-07","1899-12-31 20:40:00",95
"Sarah","2026-06-08 13:31:10","2026-06-07","1899-12-31 20:45:00",98
"Sarah","2026-06-08 13:31:10","2026-06-07","1899-12-31 20:50:00",98
"Sarah","2026-06-08 13:31:10","2026-06-07","1899-12-31 20:55:00",90
"Sarah","2026-06-08 13:31:10","2026-06-07","1899-12-31 21:00:00",87
"Sarah","2026-06-08 13:31:10","2026-06-07","1899-12-31 21:05:00",90
"Sarah","2026-06-08 13:31:10","2026-06-07","1899-12-31 21:10:00",90
"Sarah","2026-06-08 13:31:10","2026-06-07","1899-12-31 21:15:00",88
"Sarah","2026-06-08 13:31:10","2026-06-07","1899-12-31 21:20:00",97
"Sarah","2026-06-08 13:31:10","2026-06-07","1899-12-31 21:25:00",104
"Sarah","2026-06-08 13:31:10","2026-06-07","1899-12-31 21:30:00",120
"Sarah","2026-06-08 13:31:10","2026-06-07","1899-12-31 21:35:00",123
"Sarah","2026-06-08 13:31:10","2026-06-07","1899-12-31 21:40:00",108
"Sarah","2026-06-08 13:31:10","2026-06-07","1899-12-31 21:45:00",101
"Sarah","2026-06-08 13:31:10","2026-06-07","1899-12-31 21:50:00",98
"Sarah","2026-06-08 13:31:10","2026-06-07","1899-12-31 21:55:00",105
"Sarah","2026-06-08 13:31:10","2026-06-07","1899-12-31 22:00:00",105
"Sarah","2026-06-08 13:31:10","2026-06-07","1899-12-31 22:05:00",104
"Sarah","2026-06-08 13:31:10","2026-06-07","1899-12-31 22:10:00",96
"Sarah","2026-06-08 13:31:10","2026-06-07","1899-12-31 22:15:00",90
"Sarah","2026-06-08 13:31:10","2026-06-07","1899-12-31 22:20:00",89
"Sarah","2026-06-08 13:31:10","2026-06-07","1899-12-31 22:25:00",85
"Sarah","2026-06-08 13:31:10","2026-06-07","1899-12-31 22:30:00",87
"Sarah","2026-06-08 13:31:10","2026-06-07","1899-12-31 22:35:00",84
"Sarah","2026-06-08 13:31:10","2026-06-07","1899-12-31 22:40:00",83
"Sarah","2026-06-08 13:31:10","2026-06-07","1899-12-31 22:45:00",91
"Sarah","2026-06-08 13:31:10","2026-06-07","1899-12-31 22:50:00",95
"Sarah","2026-06-08 13:31:10","2026-06-07","1899-12-31 22:55:00",99
"Sarah","2026-06-08 13:31:10","2026-06-07","1899-12-31 23:00:00",90
"Sarah","2026-06-08 13:31:10","2026-06-07","1899-12-31 23:05:00",84
"Sarah","2026-06-08 13:31:10","2026-06-07","1899-12-31 23:10:00",83
"Sarah","2026-06-08 13:31:10","2026-06-07","1899-12-31 23:15:00",92
"Sarah","2026-06-08 13:31:10","2026-06-07","1899-12-31 23:20:00",94
"Sarah","2026-06-08 13:31:10","2026-06-07","1899-12-31 23:25:00",96
"Sarah","2026-06-08 13:31:10","2026-06-07","1899-12-31 23:30:00",98
"Sarah","2026-06-08 13:31:10","2026-06-07","1899-12-31 23:35:00",88
"Sarah","2026-06-08 13:31:10","2026-06-07","1899-12-31 23:40:00",86
"Sarah","2026-06-08 13:31:10","2026-06-07","1899-12-31 23:45:00",93
"Sarah","2026-06-08 13:31:10","2026-06-07","1899-12-31 23:50:00",93
"Sarah","2026-06-08 13:31:10","2026-06-07","1899-12-31 23:55:00",91
"Sarah","2026-06-08 16:36:18","2026-06-08","1899-12-31",81
"Sarah","2026-06-08 16:36:18","2026-06-08","1899-12-31 00:05:00",91
"Sarah","2026-06-08 16:36:18","2026-06-08","1899-12-31 00:10:00",92
"Sarah","2026-06-08 16:36:18","2026-06-08","1899-12-31 00:15:00",77
"Sarah","2026-06-08 16:36:18","2026-06-08","1899-12-31 00:20:00",75
"Sarah","2026-06-08 16:36:18","2026-06-08","1899-12-31 00:25:00",76
"Sarah","2026-06-08 16:36:18","2026-06-08","1899-12-31 00:30:00",77
"Sarah","2026-06-08 16:36:18","2026-06-08","1899-12-31 00:35:00",76
"Sarah","2026-06-08 16:36:18","2026-06-08","1899-12-31 00:40:00",77
"Sarah","2026-06-08 16:36:18","2026-06-08","1899-12-31 00:45:00",87
"Sarah","2026-06-08 16:36:18","2026-06-08","1899-12-31 00:50:00",83
"Sarah","2026-06-08 16:36:18","2026-06-08","1899-12-31 00:55:00",75
"Sarah","2026-06-08 16:36:18","2026-06-08","1899-12-31 01:00:00",74
"Sarah","2026-06-08 16:36:18","2026-06-08","1899-12-31 01:05:00",74
"Sarah","2026-06-08 16:36:18","2026-06-08","1899-12-31 01:10:00",74
"Sarah","2026-06-08 16:36:18","2026-06-08","1899-12-31 01:15:00",72
"Sarah","2026-06-08 16:36:18","2026-06-08","1899-12-31 01:20:00",73
"Sarah","2026-06-08 16:36:18","2026-06-08","1899-12-31 01:25:00",73
"Sarah","2026-06-08 16:36:18","2026-06-08","1899-12-31 01:30:00",72
"Sarah","2026-06-08 16:36:18","2026-06-08","1899-12-31 01:35:00",74
"Sarah","2026-06-08 16:36:18","2026-06-08","1899-12-31 01:40:00",76
"Sarah","2026-06-08 16:36:18","2026-06-08","1899-12-31 01:45:00",73
"Sarah","2026-06-08 16:36:18","2026-06-08","1899-12-31 01:50:00",75
"Sarah","2026-06-08 16:36:18","2026-06-08","1899-12-31 01:55:00",74
"Sarah","2026-06-08 16:36:18","2026-06-08","1899-12-31 02:00:00",74
"Sarah","2026-06-08 16:36:18","2026-06-08","1899-12-31 02:05:00",75
"Sarah","2026-06-08 16:36:18","2026-06-08","1899-12-31 02:10:00",74
"Sarah","2026-06-08 16:36:18","2026-06-08","1899-12-31 02:15:00",81
"Sarah","2026-06-08 16:36:18","2026-06-08","1899-12-31 02:20:00",77
"Sarah","2026-06-08 16:36:18","2026-06-08","1899-12-31 02:25:00",76
"Sarah","2026-06-08 16:36:18","2026-06-08","1899-12-31 02:30:00",77
"Sarah","2026-06-08 16:36:18","2026-06-08","1899-12-31 02:35:00",76
"Sarah","2026-06-08 16:36:18","2026-06-08","1899-12-31 02:40:00",75
"Sarah","2026-06-08 16:36:18","2026-06-08","1899-12-31 02:45:00",76
"Sarah","2026-06-08 16:36:18","2026-06-08","1899-12-31 02:50:00",74
"Sarah","2026-06-08 16:36:18","2026-06-08","1899-12-31 02:55:00",73
"Sarah","2026-06-08 16:36:18","2026-06-08","1899-12-31 03:00:00",72
"Sarah","2026-06-08 16:36:18","2026-06-08","1899-12-31 03:05:00",74
"Sarah","2026-06-08 16:36:18","2026-06-08","1899-12-31 03:10:00",78
"Sarah","2026-06-08 16:36:18","2026-06-08","1899-12-31 03:15:00",75
"Sarah","2026-06-08 16:36:18","2026-06-08","1899-12-31 03:20:00",74
"Sarah","2026-06-08 16:36:18","2026-06-08","1899-12-31 03:25:00",74
"Sarah","2026-06-08 16:36:18","2026-06-08","1899-12-31 03:30:00",72
"Sarah","2026-06-08 16:36:18","2026-06-08","1899-12-31 03:35:00",72
"Sarah","2026-06-08 16:36:18","2026-06-08","1899-12-31 03:40:00",72
"Sarah","2026-06-08 16:36:18","2026-06-08","1899-12-31 03:45:00",73
"Sarah","2026-06-08 16:36:18","2026-06-08","1899-12-31 03:50:00",79
"Sarah","2026-06-08 16:36:18","2026-06-08","1899-12-31 03:55:00",74
"Sarah","2026-06-08 16:36:18","2026-06-08","1899-12-31 04:00:00",71
"Sarah","2026-06-08 16:36:18","2026-06-08","1899-12-31 04:05:00",72
"Sarah","2026-06-08 16:36:18","2026-06-08","1899-12-31 04:10:00",73
"Sarah","2026-06-08 16:36:18","2026-06-08","1899-12-31 04:15:00",72
"Sarah","2026-06-08 16:36:18","2026-06-08","1899-12-31 04:20:00",72
"Sarah","2026-06-08 16:36:18","2026-06-08","1899-12-31 04:25:00",72
"Sarah","2026-06-08 16:36:18","2026-06-08","1899-12-31 04:30:00",73
"Sarah","2026-06-08 16:36:18","2026-06-08","1899-12-31 20:00:00",76
"Sarah","2026-06-08 16:36:18","2026-06-08","1899-12-31 20:05:00",77
"Sarah","2026-06-08 16:36:18","2026-06-08","1899-12-31 20:10:00",77
"Sarah","2026-06-08 16:36:18","2026-06-08","1899-12-31 20:15:00",76
"Sarah","2026-06-08 16:36:18","2026-06-08","1899-12-31 20:20:00",76
"Sarah","2026-06-08 16:36:18","2026-06-08","1899-12-31 20:25:00",83
"Sarah","2026-06-08 16:36:18","2026-06-08","1899-12-31 20:30:00",78
"Sarah","2026-06-08 16:36:18","2026-06-08","1899-12-31 20:35:00",76
"Sarah","2026-06-08 16:36:18","2026-06-08","1899-12-31 20:40:00",76
"Sarah","2026-06-08 16:36:18","2026-06-08","1899-12-31 20:45:00",78
"Sarah","2026-06-08 16:36:18","2026-06-08","1899-12-31 20:50:00",77
"Sarah","2026-06-08 16:36:18","2026-06-08","1899-12-31 20:55:00",78
"Sarah","2026-06-08 16:36:18","2026-06-08","1899-12-31 21:00:00",79
"Sarah","2026-06-08 16:36:18","2026-06-08","1899-12-31 21:05:00",78
"Sarah","2026-06-08 16:36:18","2026-06-08","1899-12-31 21:10:00",77
"Sarah","2026-06-08 16:36:18","2026-06-08","1899-12-31 21:15:00",82
"Sarah","2026-06-08 16:36:18","2026-06-08","1899-12-31 21:20:00",91
"Sarah","2026-06-08 16:36:18","2026-06-08","1899-12-31 21:25:00",85
"Sarah","2026-06-08 16:36:18","2026-06-08","1899-12-31 21:30:00",81
"Sarah","2026-06-08 16:36:18","2026-06-08","1899-12-31 21:35:00",77
"Sarah","2026-06-08 16:36:18","2026-06-08","1899-12-31 21:40:00",80
"Sarah","2026-06-08 16:36:18","2026-06-08","1899-12-31 21:45:00",82
"Sarah","2026-06-08 16:36:18","2026-06-08","1899-12-31 21:50:00",80
"Sarah","2026-06-08 16:36:18","2026-06-08","1899-12-31 21:55:00",77
"Sarah","2026-06-08 16:36:18","2026-06-08","1899-12-31 22:00:00",90
"Sarah","2026-06-08 16:36:18","2026-06-08","1899-12-31 22:05:00",89
"Sarah","2026-06-08 16:36:18","2026-06-08","1899-12-31 22:10:00",85
"Sarah","2026-06-08 16:36:18","2026-06-08","1899-12-31 22:15:00",81
"Sarah","2026-06-08 16:36:18","2026-06-08","1899-12-31 22:20:00",80
"Sarah","2026-06-08 16:36:18","2026-06-08","1899-12-31 22:25:00",80
"Sarah","2026-06-08 16:36:18","2026-06-08","1899-12-31 22:30:00",81
"Sarah","2026-06-08 16:36:18","2026-06-08","1899-12-31 22:35:00",77
"Sarah","2026-06-08 16:36:18","2026-06-08","1899-12-31 22:40:00",79
"Sarah","2026-06-08 16:36:18","2026-06-08","1899-12-31 22:45:00",79
"Sarah","2026-06-08 16:36:18","2026-06-08","1899-12-31 22:50:00",78
"Sarah","2026-06-08 16:36:18","2026-06-08","1899-12-31 22:55:00",77
"Sarah","2026-06-08 16:36:18","2026-06-08","1899-12-31 23:00:00",89
"Sarah","2026-06-08 16:36:18","2026-06-08","1899-12-31 23:05:00",78
"Sarah","2026-06-08 16:36:18","2026-06-08","1899-12-31 23:10:00",79
"Sarah","2026-06-08 16:36:18","2026-06-08","1899-12-31 23:15:00",80
"Sarah","2026-06-08 16:36:18","2026-06-08","1899-12-31 23:20:00",79
"Sarah","2026-06-08 16:36:18","2026-06-08","1899-12-31 23:25:00",80
"Sarah","2026-06-08 16:36:18","2026-06-08","1899-12-31 23:30:00",78
"Sarah","2026-06-08 16:36:18","2026-06-08","1899-12-31 23:35:00",77
"Sarah","2026-06-08 16:36:18","2026-06-08","1899-12-31 23:40:00",77
"Sarah","2026-06-08 16:36:18","2026-06-08","1899-12-31 23:45:00",80
"Sarah","2026-06-08 16:36:18","2026-06-08","1899-12-31 23:50:00",81
"Sarah","2026-06-08 16:36:18","2026-06-08","1899-12-31 23:55:00",81
"Josh","2026-06-08 09:32:42","2026-05-28","1899-12-31",58
"Josh","2026-06-08 09:32:42","2026-05-28","1899-12-31 00:05:00",57
"Josh","2026-06-08 09:32:42","2026-05-28","1899-12-31 00:10:00",56
"Josh","2026-06-08 09:32:42","2026-05-28","1899-12-31 00:15:00",57
"Josh","2026-06-08 09:32:42","2026-05-28","1899-12-31 00:20:00",59
"Josh","2026-06-08 09:32:42","2026-05-28","1899-12-31 00:25:00",57
"Josh","2026-06-08 09:32:42","2026-05-28","1899-12-31 00:30:00",59
"Josh","2026-06-08 09:32:42","2026-05-28","1899-12-31 00:35:00",59
"Josh","2026-06-08 09:32:42","2026-05-28","1899-12-31 00:40:00",58
"Josh","2026-06-08 09:32:42","2026-05-28","1899-12-31 00:45:00",56
"Josh","2026-06-08 09:32:42","2026-05-28","1899-12-31 00:50:00",56
"Josh","2026-06-08 09:32:42","2026-05-28","1899-12-31 00:55:00",56
"Josh","2026-06-08 09:32:42","2026-05-28","1899-12-31 01:00:00",56
"Josh","2026-06-08 09:32:42","2026-05-28","1899-12-31 01:05:00",56
"Josh","2026-06-08 09:32:42","2026-05-28","1899-12-31 01:10:00",56
"Josh","2026-06-08 09:32:42","2026-05-28","1899-12-31 01:15:00",56
"Josh","2026-06-08 09:32:42","2026-05-28","1899-12-31 01:20:00",55
"Josh","2026-06-08 09:32:42","2026-05-28","1899-12-31 01:25:00",56
"Josh","2026-06-08 09:32:42","2026-05-28","1899-12-31 01:30:00",59
"Josh","2026-06-08 09:32:42","2026-05-28","1899-12-31 01:35:00",59
"Josh","2026-06-08 09:32:42","2026-05-28","1899-12-31 01:40:00",58
"Josh","2026-06-08 09:32:42","2026-05-28","1899-12-31 01:45:00",58
"Josh","2026-06-08 09:32:42","2026-05-28","1899-12-31 01:50:00",57
"Josh","2026-06-08 09:32:42","2026-05-28","1899-12-31 01:55:00",56
"Josh","2026-06-08 09:32:42","2026-05-28","1899-12-31 02:00:00",56
"Josh","2026-06-08 09:32:42","2026-05-28","1899-12-31 02:05:00",56
"Josh","2026-06-08 09:32:42","2026-05-28","1899-12-31 02:10:00",56
"Josh","2026-06-08 09:32:42","2026-05-28","1899-12-31 02:15:00",56
"Josh","2026-06-08 09:32:42","2026-05-28","1899-12-31 02:20:00",55
"Josh","2026-06-08 09:32:42","2026-05-28","1899-12-31 02:25:00",55
"Josh","2026-06-08 09:32:42","2026-05-28","1899-12-31 02:30:00",55
"Josh","2026-06-08 09:32:42","2026-05-28","1899-12-31 02:35:00",56
"Josh","2026-06-08 09:32:42","2026-05-28","1899-12-31 02:40:00",57
"Josh","2026-06-08 09:32:42","2026-05-28","1899-12-31 02:45:00",57
"Josh","2026-06-08 09:32:42","2026-05-28","1899-12-31 02:50:00",56
"Josh","2026-06-08 09:32:42","2026-05-28","1899-12-31 02:55:00",55
"Josh","2026-06-08 09:32:42","2026-05-28","1899-12-31 03:00:00",56
"Josh","2026-06-08 09:32:42","2026-05-28","1899-12-31 03:05:00",56
"Josh","2026-06-08 09:32:42","2026-05-28","1899-12-31 03:10:00",57
"Josh","2026-06-08 09:32:42","2026-05-28","1899-12-31 03:15:00",57
"Josh","2026-06-08 09:32:42","2026-05-28","1899-12-31 03:20:00",57
"Josh","2026-06-08 09:32:42","2026-05-28","1899-12-31 03:25:00",57
"Josh","2026-06-08 09:32:42","2026-05-28","1899-12-31 03:30:00",56
"Josh","2026-06-08 09:32:42","2026-05-28","1899-12-31 03:35:00",57
"Josh","2026-06-08 09:32:42","2026-05-28","1899-12-31 03:40:00",57
"Josh","2026-06-08 09:32:42","2026-05-28","1899-12-31 03:45:00",57
"Josh","2026-06-08 09:32:42","2026-05-28","1899-12-31 03:50:00",56
"Josh","2026-06-08 09:32:42","2026-05-28","1899-12-31 03:55:00",56
"Josh","2026-06-08 09:32:42","2026-05-28","1899-12-31 04:00:00",55
"Josh","2026-06-08 09:32:42","2026-05-28","1899-12-31 04:05:00",55
"Josh","2026-06-08 09:32:42","2026-05-28","1899-12-31 04:10:00",55
"Josh","2026-06-08 09:32:42","2026-05-28","1899-12-31 04:15:00",56
"Josh","2026-06-08 09:32:42","2026-05-28","1899-12-31 04:20:00",56
"Josh","2026-06-08 09:32:42","2026-05-28","1899-12-31 04:25:00",56
"Josh","2026-06-08 09:32:42","2026-05-28","1899-12-31 04:30:00",57
"Josh","2026-06-08 09:32:42","2026-05-28","1899-12-31 04:35:00",56
"Josh","2026-06-08 09:32:42","2026-05-28","1899-12-31 04:40:00",55
"Josh","2026-06-08 09:32:42","2026-05-28","1899-12-31 04:45:00",56
"Josh","2026-06-08 09:32:42","2026-05-28","1899-12-31 04:50:00",56
"Josh","2026-06-08 09:32:42","2026-05-28","1899-12-31 04:55:00",56
"Josh","2026-06-08 09:32:42","2026-05-28","1899-12-31 05:00:00",55
"Josh","2026-06-08 09:32:42","2026-05-28","1899-12-31 05:05:00",55
"Josh","2026-06-08 09:32:42","2026-05-28","1899-12-31 05:10:00",55
"Josh","2026-06-08 09:32:42","2026-05-28","1899-12-31 05:15:00",55
"Josh","2026-06-08 09:32:42","2026-05-28","1899-12-31 05:20:00",55
"Josh","2026-06-08 09:32:42","2026-05-28","1899-12-31 05:25:00",56
"Josh","2026-06-08 09:32:42","2026-05-28","1899-12-31 05:30:00",56
"Josh","2026-06-08 09:32:42","2026-05-28","1899-12-31 05:35:00",56
"Josh","2026-06-08 09:32:42","2026-05-28","1899-12-31 05:40:00",57
"Josh","2026-06-08 09:32:42","2026-05-28","1899-12-31 05:45:00",57
"Josh","2026-06-08 09:32:42","2026-05-28","1899-12-31 05:50:00",56
"Josh","2026-06-08 09:32:42","2026-05-28","1899-12-31 05:55:00",56
"Josh","2026-06-08 09:32:42","2026-05-28","1899-12-31 06:00:00",56
"Josh","2026-06-08 09:32:42","2026-05-28","1899-12-31 06:05:00",56
"Josh","2026-06-08 09:32:42","2026-05-28","1899-12-31 06:10:00",55
"Josh","2026-06-08 09:32:42","2026-05-28","1899-12-31 06:15:00",56
"Josh","2026-06-08 09:32:42","2026-05-28","1899-12-31 06:20:00",57
"Josh","2026-06-08 09:32:42","2026-05-28","1899-12-31 06:25:00",56
"Josh","2026-06-08 09:32:42","2026-05-28","1899-12-31 06:30:00",57
"Josh","2026-06-08 09:32:42","2026-05-28","1899-12-31 06:35:00",57
"Josh","2026-06-08 09:32:42","2026-05-28","1899-12-31 06:40:00",57
"Josh","2026-06-08 09:32:42","2026-05-28","1899-12-31 06:45:00",57
"Josh","2026-06-08 09:32:42","2026-05-28","1899-12-31 06:50:00",56
"Josh","2026-06-08 09:32:42","2026-05-28","1899-12-31 06:55:00",56
"Josh","2026-06-08 09:32:42","2026-05-28","1899-12-31 07:00:00",56
"Josh","2026-06-08 09:32:42","2026-05-28","1899-12-31 07:05:00",57
"Josh","2026-06-08 09:32:42","2026-05-28","1899-12-31 07:10:00",56
"Josh","2026-06-08 09:32:42","2026-05-28","1899-12-31 07:15:00",59
"Josh","2026-06-08 09:32:42","2026-05-28","1899-12-31 07:20:00",57
"Josh","2026-06-08 09:32:42","2026-05-28","1899-12-31 07:25:00",59
"Josh","2026-06-08 09:32:42","2026-05-28","1899-12-31 07:30:00",57
"Josh","2026-06-08 09:32:42","2026-05-28","1899-12-31 07:35:00",57
"Josh","2026-06-08 09:32:42","2026-05-28","1899-12-31 07:40:00",57
"Josh","2026-06-08 09:32:42","2026-05-28","1899-12-31 07:45:00",58
"Josh","2026-06-08 09:32:42","2026-05-28","1899-12-31 07:50:00",59
"Josh","2026-06-08 09:32:42","2026-05-28","1899-12-31 07:55:00",60
"Josh","2026-06-08 09:32:42","2026-05-28","1899-12-31 08:00:00",61
"Josh","2026-06-08 09:32:42","2026-05-28","1899-12-31 08:05:00",60
"Josh","2026-06-08 09:32:42","2026-05-28","1899-12-31 08:10:00",61
"Josh","2026-06-08 09:32:42","2026-05-28","1899-12-31 08:15:00",60
"Josh","2026-06-08 09:32:42","2026-05-28","1899-12-31 08:20:00",76
"Josh","2026-06-08 09:32:42","2026-05-28","1899-12-31 08:25:00",82
"Josh","2026-06-08 09:32:42","2026-05-28","1899-12-31 08:30:00",86
"Josh","2026-06-08 09:32:42","2026-05-28","1899-12-31 08:35:00",91
"Josh","2026-06-08 09:32:42","2026-05-28","1899-12-31 08:40:00",84
"Josh","2026-06-08 09:32:42","2026-05-28","1899-12-31 08:45:00",82
"Josh","2026-06-08 09:32:42","2026-05-28","1899-12-31 08:50:00",73
"Josh","2026-06-08 09:32:42","2026-05-28","1899-12-31 08:55:00",71
"Josh","2026-06-08 09:32:42","2026-05-28","1899-12-31 09:00:00",69
"Josh","2026-06-08 09:32:42","2026-05-28","1899-12-31 09:05:00",67
"Josh","2026-06-08 09:32:42","2026-05-28","1899-12-31 09:10:00",65
"Josh","2026-06-08 09:32:42","2026-05-28","1899-12-31 09:15:00",65
"Josh","2026-06-08 09:32:42","2026-05-28","1899-12-31 09:20:00",65
"Josh","2026-06-08 09:32:42","2026-05-28","1899-12-31 09:25:00",63
"Josh","2026-06-08 09:32:42","2026-05-28","1899-12-31 09:30:00",61
"Josh","2026-06-08 09:32:42","2026-05-28","1899-12-31 09:35:00",60
"Josh","2026-06-08 09:32:42","2026-05-28","1899-12-31 09:40:00",63
"Josh","2026-06-08 09:32:42","2026-05-28","1899-12-31 09:45:00",63
"Josh","2026-06-08 09:32:42","2026-05-28","1899-12-31 09:50:00",63
"Josh","2026-06-08 09:32:42","2026-05-28","1899-12-31 09:55:00",63
"Josh","2026-06-08 09:32:42","2026-05-28","1899-12-31 10:00:00",63
"Josh","2026-06-08 09:32:42","2026-05-28","1899-12-31 10:05:00",64
"Josh","2026-06-08 09:32:42","2026-05-28","1899-12-31 10:10:00",62
"Josh","2026-06-08 09:32:42","2026-05-28","1899-12-31 10:15:00",64
"Josh","2026-06-08 09:32:42","2026-05-28","1899-12-31 10:20:00",66
"Josh","2026-06-08 09:32:42","2026-05-28","1899-12-31 10:25:00",67
"Josh","2026-06-08 09:32:42","2026-05-28","1899-12-31 10:30:00",64
"Josh","2026-06-08 09:32:42","2026-05-28","1899-12-31 10:35:00",62
"Josh","2026-06-08 09:32:42","2026-05-28","1899-12-31 10:40:00",63
"Josh","2026-06-08 09:32:42","2026-05-28","1899-12-31 10:45:00",63
"Josh","2026-06-08 09:32:42","2026-05-28","1899-12-31 10:50:00",61
"Josh","2026-06-08 09:32:42","2026-05-28","1899-12-31 10:55:00",61
"Josh","2026-06-08 09:32:42","2026-05-28","1899-12-31 11:00:00",61
"Josh","2026-06-08 09:32:42","2026-05-28","1899-12-31 11:05:00",61
"Josh","2026-06-08 09:32:42","2026-05-28","1899-12-31 11:10:00",63
"Josh","2026-06-08 09:32:42","2026-05-28","1899-12-31 11:15:00",64
"Josh","2026-06-08 09:32:42","2026-05-28","1899-12-31 11:20:00",62
"Josh","2026-06-08 09:32:42","2026-05-28","1899-12-31 11:25:00",63
"Josh","2026-06-08 09:32:42","2026-05-28","1899-12-31 11:30:00",62
"Josh","2026-06-08 09:32:42","2026-05-28","1899-12-31 11:35:00",62
"Josh","2026-06-08 09:32:42","2026-05-28","1899-12-31 11:40:00",63
"Josh","2026-06-08 09:32:42","2026-05-28","1899-12-31 11:45:00",62
"Josh","2026-06-08 09:32:42","2026-05-28","1899-12-31 11:50:00",61
"Josh","2026-06-08 09:32:42","2026-05-28","1899-12-31 11:55:00",63
"Josh","2026-06-08 09:32:42","2026-05-28","1899-12-31 12:00:00",78
"Josh","2026-06-08 09:32:42","2026-05-28","1899-12-31 12:05:00",83
"Josh","2026-06-08 09:32:42","2026-05-28","1899-12-31 12:10:00",88
"Josh","2026-06-08 09:32:42","2026-05-28","1899-12-31 12:15:00",90
"Josh","2026-06-08 09:32:42","2026-05-28","1899-12-31 12:20:00",96
"Josh","2026-06-08 09:32:42","2026-05-28","1899-12-31 12:25:00",98
"Josh","2026-06-08 09:32:42","2026-05-28","1899-12-31 12:30:00",96
"Josh","2026-06-08 09:32:42","2026-05-28","1899-12-31 12:35:00",96
"Josh","2026-06-08 09:32:42","2026-05-28","1899-12-31 12:40:00",100
"Josh","2026-06-08 09:32:42","2026-05-28","1899-12-31 12:45:00",98
"Josh","2026-06-08 09:32:42","2026-05-28","1899-12-31 12:50:00",98
"Josh","2026-06-08 09:32:42","2026-05-28","1899-12-31 12:55:00",94
"Josh","2026-06-08 09:32:42","2026-05-28","1899-12-31 13:00:00",88
"Josh","2026-06-08 09:32:42","2026-05-28","1899-12-31 13:05:00",80
"Josh","2026-06-08 09:32:42","2026-05-28","1899-12-31 13:10:00",74
"Josh","2026-06-08 09:32:42","2026-05-28","1899-12-31 13:15:00",69
"Josh","2026-06-08 09:32:42","2026-05-28","1899-12-31 13:20:00",67
"Josh","2026-06-08 09:32:42","2026-05-28","1899-12-31 13:25:00",63
"Josh","2026-06-08 09:32:42","2026-05-28","1899-12-31 13:30:00",62
"Josh","2026-06-08 09:32:42","2026-05-28","1899-12-31 13:35:00",63
"Josh","2026-06-08 09:32:42","2026-05-28","1899-12-31 13:40:00",61
"Josh","2026-06-08 09:32:42","2026-05-28","1899-12-31 13:45:00",62
"Josh","2026-06-08 09:32:42","2026-05-28","1899-12-31 13:50:00",62
"Josh","2026-06-08 09:32:42","2026-05-28","1899-12-31 13:55:00",63
"Josh","2026-06-08 09:32:42","2026-05-28","1899-12-31 14:00:00",63
"Josh","2026-06-08 09:32:42","2026-05-28","1899-12-31 14:05:00",63
"Josh","2026-06-08 09:32:42","2026-05-28","1899-12-31 14:10:00",64
"Josh","2026-06-08 09:32:42","2026-05-28","1899-12-31 14:15:00",66
"Josh","2026-06-08 09:32:42","2026-05-28","1899-12-31 14:20:00",66
"Josh","2026-06-08 09:32:42","2026-05-28","1899-12-31 14:25:00",64
"Josh","2026-06-08 09:32:42","2026-05-28","1899-12-31 14:30:00",63
"Josh","2026-06-08 09:32:42","2026-05-28","1899-12-31 14:35:00",63
"Josh","2026-06-08 09:32:42","2026-05-28","1899-12-31 14:40:00",62
"Josh","2026-06-08 09:32:42","2026-05-28","1899-12-31 14:45:00",60
"Josh","2026-06-08 09:32:42","2026-05-28","1899-12-31 14:50:00",63
"Josh","2026-06-08 09:32:42","2026-05-28","1899-12-31 14:55:00",64
"Josh","2026-06-08 09:32:42","2026-05-28","1899-12-31 15:00:00",62
"Josh","2026-06-08 09:32:42","2026-05-28","1899-12-31 15:05:00",62
"Josh","2026-06-08 09:32:42","2026-05-28","1899-12-31 15:10:00",60
"Josh","2026-06-08 09:32:42","2026-05-28","1899-12-31 15:15:00",59
"Josh","2026-06-08 09:32:42","2026-05-28","1899-12-31 15:20:00",62
"Josh","2026-06-08 09:32:42","2026-05-28","1899-12-31 15:25:00",63
"Josh","2026-06-08 09:32:42","2026-05-28","1899-12-31 15:30:00",64
"Josh","2026-06-08 09:32:42","2026-05-28","1899-12-31 15:35:00",65
"Josh","2026-06-08 09:32:42","2026-05-28","1899-12-31 15:40:00",63
"Josh","2026-06-08 09:32:42","2026-05-28","1899-12-31 15:45:00",61
"Josh","2026-06-08 09:32:42","2026-05-28","1899-12-31 15:50:00",63
"Josh","2026-06-08 09:32:42","2026-05-28","1899-12-31 15:55:00",61
"Josh","2026-06-08 09:32:42","2026-05-28","1899-12-31 16:00:00",61
"Josh","2026-06-08 09:32:42","2026-05-28","1899-12-31 16:05:00",60
"Josh","2026-06-08 09:32:42","2026-05-28","1899-12-31 16:10:00",63
"Josh","2026-06-08 09:32:42","2026-05-28","1899-12-31 16:15:00",61
"Josh","2026-06-08 09:32:42","2026-05-28","1899-12-31 16:20:00",64
"Josh","2026-06-08 09:32:42","2026-05-28","1899-12-31 16:25:00",63
"Josh","2026-06-08 09:32:42","2026-05-28","1899-12-31 16:30:00",63
"Josh","2026-06-08 09:32:42","2026-05-28","1899-12-31 16:35:00",61
"Josh","2026-06-08 09:32:42","2026-05-28","1899-12-31 16:40:00",63
"Josh","2026-06-08 09:32:42","2026-05-28","1899-12-31 16:45:00",62
"Josh","2026-06-08 09:32:42","2026-05-28","1899-12-31 16:50:00",64
"Josh","2026-06-08 09:32:42","2026-05-28","1899-12-31 16:55:00",65
"Josh","2026-06-08 09:32:42","2026-05-28","1899-12-31 17:00:00",62
"Josh","2026-06-08 09:32:42","2026-05-28","1899-12-31 17:05:00",64
"Josh","2026-06-08 09:32:42","2026-05-28","1899-12-31 17:10:00",62
"Josh","2026-06-08 09:32:42","2026-05-28","1899-12-31 17:15:00",63
"Josh","2026-06-08 09:32:42","2026-05-28","1899-12-31 17:20:00",65
"Josh","2026-06-08 09:32:42","2026-05-28","1899-12-31 17:25:00",66
"Josh","2026-06-08 09:32:42","2026-05-28","1899-12-31 17:30:00",91
"Josh","2026-06-08 09:32:42","2026-05-28","1899-12-31 17:35:00",106
"Josh","2026-06-08 09:32:42","2026-05-28","1899-12-31 17:40:00",129
"Josh","2026-06-08 09:32:42","2026-05-28","1899-12-31 17:45:00",140
"Josh","2026-06-08 09:32:42","2026-05-28","1899-12-31 17:50:00",146
"Josh","2026-06-08 09:32:42","2026-05-28","1899-12-31 17:55:00",149
"Josh","2026-06-08 09:32:42","2026-05-28","1899-12-31 18:00:00",152
"Josh","2026-06-08 09:32:42","2026-05-28","1899-12-31 18:05:00",153
"Josh","2026-06-08 09:32:42","2026-05-28","1899-12-31 18:10:00",154
"Josh","2026-06-08 09:32:42","2026-05-28","1899-12-31 18:15:00",156
"Josh","2026-06-08 09:32:42","2026-05-28","1899-12-31 18:20:00",154
"Josh","2026-06-08 09:32:42","2026-05-28","1899-12-31 18:25:00",152
"Josh","2026-06-08 09:32:42","2026-05-28","1899-12-31 18:30:00",150
"Josh","2026-06-08 09:32:42","2026-05-28","1899-12-31 18:35:00",148
"Josh","2026-06-08 09:32:42","2026-05-28","1899-12-31 18:40:00",138
"Josh","2026-06-08 09:32:42","2026-05-28","1899-12-31 18:45:00",125
"Josh","2026-06-08 09:32:42","2026-05-28","1899-12-31 18:50:00",109
"Josh","2026-06-08 09:32:42","2026-05-28","1899-12-31 18:55:00",91
"Josh","2026-06-08 09:32:42","2026-05-28","1899-12-31 19:00:00",78
"Josh","2026-06-08 09:32:42","2026-05-28","1899-12-31 19:05:00",70
"Josh","2026-06-08 09:32:42","2026-05-28","1899-12-31 19:10:00",68
"Josh","2026-06-08 09:32:42","2026-05-28","1899-12-31 19:15:00",68
"Josh","2026-06-08 09:32:42","2026-05-28","1899-12-31 19:20:00",68
"Josh","2026-06-08 09:32:42","2026-05-28","1899-12-31 19:25:00",64
"Josh","2026-06-08 09:32:42","2026-05-28","1899-12-31 19:30:00",62
"Josh","2026-06-08 09:32:42","2026-05-28","1899-12-31 19:35:00",64
"Josh","2026-06-08 09:32:42","2026-05-28","1899-12-31 19:40:00",63
"Josh","2026-06-08 09:32:42","2026-05-28","1899-12-31 19:45:00",64
"Josh","2026-06-08 09:32:42","2026-05-28","1899-12-31 19:50:00",63
"Josh","2026-06-08 09:32:42","2026-05-28","1899-12-31 19:55:00",62
"Josh","2026-06-08 09:32:42","2026-05-28","1899-12-31 20:00:00",62
"Josh","2026-06-08 09:32:42","2026-05-28","1899-12-31 20:05:00",61
"Josh","2026-06-08 09:32:42","2026-05-28","1899-12-31 20:10:00",61
"Josh","2026-06-08 09:32:42","2026-05-28","1899-12-31 20:15:00",62
"Josh","2026-06-08 09:32:42","2026-05-28","1899-12-31 20:20:00",62
"Josh","2026-06-08 09:32:42","2026-05-28","1899-12-31 20:25:00",61
"Josh","2026-06-08 09:32:42","2026-05-28","1899-12-31 20:30:00",63
"Josh","2026-06-08 09:32:42","2026-05-28","1899-12-31 20:35:00",64
"Josh","2026-06-08 09:32:42","2026-05-28","1899-12-31 20:40:00",63
"Josh","2026-06-08 09:32:42","2026-05-28","1899-12-31 20:45:00",65
"Josh","2026-06-08 09:32:42","2026-05-28","1899-12-31 20:50:00",66
"Josh","2026-06-08 09:32:42","2026-05-28","1899-12-31 20:55:00",66
"Josh","2026-06-08 09:32:42","2026-05-28","1899-12-31 21:00:00",63
"Josh","2026-06-08 09:32:42","2026-05-28","1899-12-31 21:05:00",65
"Josh","2026-06-08 09:32:42","2026-05-28","1899-12-31 21:10:00",65
"Josh","2026-06-08 09:32:42","2026-05-28","1899-12-31 21:15:00",64
"Josh","2026-06-08 09:32:42","2026-05-28","1899-12-31 21:20:00",66
"Josh","2026-06-08 09:32:42","2026-05-28","1899-12-31 21:25:00",63
"Josh","2026-06-08 09:32:42","2026-05-28","1899-12-31 21:30:00",62
"Josh","2026-06-08 09:32:42","2026-05-28","1899-12-31 21:35:00",62
"Josh","2026-06-08 09:32:42","2026-05-28","1899-12-31 21:40:00",61
"Josh","2026-06-08 09:32:42","2026-05-28","1899-12-31 21:45:00",60
"Josh","2026-06-08 09:32:42","2026-05-28","1899-12-31 21:50:00",62
"Josh","2026-06-08 09:32:42","2026-05-28","1899-12-31 21:55:00",61
"Josh","2026-06-08 09:32:42","2026-05-28","1899-12-31 22:00:00",61
"Josh","2026-06-08 09:32:42","2026-05-28","1899-12-31 22:05:00",61
"Josh","2026-06-08 09:32:42","2026-05-28","1899-12-31 22:10:00",63
"Josh","2026-06-08 09:32:42","2026-05-28","1899-12-31 22:15:00",62
"Josh","2026-06-08 09:32:42","2026-05-28","1899-12-31 22:20:00",62
"Josh","2026-06-08 09:32:42","2026-05-28","1899-12-31 22:25:00",62
"Josh","2026-06-08 09:32:42","2026-05-28","1899-12-31 22:30:00",64
"Josh","2026-06-08 09:32:42","2026-05-28","1899-12-31 22:35:00",66
"Josh","2026-06-08 09:32:42","2026-05-28","1899-12-31 22:40:00",64
"Josh","2026-06-08 09:32:42","2026-05-28","1899-12-31 22:45:00",65
"Josh","2026-06-08 09:32:42","2026-05-28","1899-12-31 22:50:00",65
"Josh","2026-06-08 09:32:42","2026-05-28","1899-12-31 22:55:00",64
"Josh","2026-06-08 09:32:42","2026-05-28","1899-12-31 23:00:00",62
"Josh","2026-06-08 09:32:42","2026-05-28","1899-12-31 23:05:00",61
"Josh","2026-06-08 09:32:42","2026-05-28","1899-12-31 23:10:00",64
"Josh","2026-06-08 09:32:42","2026-05-28","1899-12-31 23:15:00",64
"Josh","2026-06-08 09:32:42","2026-05-28","1899-12-31 23:20:00",63
"Josh","2026-06-08 09:32:42","2026-05-28","1899-12-31 23:25:00",61
"Josh","2026-06-08 09:32:42","2026-05-28","1899-12-31 23:30:00",60
"Josh","2026-06-08 09:32:42","2026-05-28","1899-12-31 23:35:00",61
"Josh","2026-06-08 09:32:42","2026-05-28","1899-12-31 23:40:00",61
"Josh","2026-06-08 09:32:42","2026-05-28","1899-12-31 23:45:00",64
"Josh","2026-06-08 09:32:42","2026-05-28","1899-12-31 23:50:00",63
"Josh","2026-06-08 09:32:42","2026-05-28","1899-12-31 23:55:00",62
"Josh","2026-06-08 09:32:42","2026-05-29","1899-12-31",57
"Josh","2026-06-08 09:32:42","2026-05-29","1899-12-31 00:05:00",57
"Josh","2026-06-08 09:32:42","2026-05-29","1899-12-31 00:10:00",59
"Josh","2026-06-08 09:32:42","2026-05-29","1899-12-31 00:15:00",57
"Josh","2026-06-08 09:32:42","2026-05-29","1899-12-31 00:20:00",57
"Josh","2026-06-08 09:32:42","2026-05-29","1899-12-31 00:25:00",56
"Josh","2026-06-08 09:32:42","2026-05-29","1899-12-31 00:30:00",55
"Josh","2026-06-08 09:32:42","2026-05-29","1899-12-31 00:35:00",55
"Josh","2026-06-08 09:32:42","2026-05-29","1899-12-31 00:40:00",55
"Josh","2026-06-08 09:32:42","2026-05-29","1899-12-31 00:45:00",55
"Josh","2026-06-08 09:32:42","2026-05-29","1899-12-31 00:50:00",56
"Josh","2026-06-08 09:32:42","2026-05-29","1899-12-31 00:55:00",56
"Josh","2026-06-08 09:32:42","2026-05-29","1899-12-31 01:00:00",56
"Josh","2026-06-08 09:32:42","2026-05-29","1899-12-31 01:05:00",56
"Josh","2026-06-08 09:32:42","2026-05-29","1899-12-31 01:10:00",56
"Josh","2026-06-08 09:32:42","2026-05-29","1899-12-31 01:15:00",55
"Josh","2026-06-08 09:32:42","2026-05-29","1899-12-31 01:20:00",55
"Josh","2026-06-08 09:32:42","2026-05-29","1899-12-31 01:25:00",56
"Josh","2026-06-08 09:32:42","2026-05-29","1899-12-31 01:30:00",56
"Josh","2026-06-08 09:32:42","2026-05-29","1899-12-31 01:35:00",55
"Josh","2026-06-08 09:32:42","2026-05-29","1899-12-31 01:40:00",55
"Josh","2026-06-08 09:32:42","2026-05-29","1899-12-31 01:45:00",55
"Josh","2026-06-08 09:32:42","2026-05-29","1899-12-31 01:50:00",56
"Josh","2026-06-08 09:32:42","2026-05-29","1899-12-31 01:55:00",56
"Josh","2026-06-08 09:32:42","2026-05-29","1899-12-31 02:00:00",56
"Josh","2026-06-08 09:32:42","2026-05-29","1899-12-31 02:05:00",56
"Josh","2026-06-08 09:32:42","2026-05-29","1899-12-31 02:10:00",56
"Josh","2026-06-08 09:32:42","2026-05-29","1899-12-31 02:15:00",57
"Josh","2026-06-08 09:32:42","2026-05-29","1899-12-31 02:20:00",57
"Josh","2026-06-08 09:32:42","2026-05-29","1899-12-31 02:25:00",56
"Josh","2026-06-08 09:32:42","2026-05-29","1899-12-31 02:30:00",56
"Josh","2026-06-08 09:32:42","2026-05-29","1899-12-31 02:35:00",59
"Josh","2026-06-08 09:32:42","2026-05-29","1899-12-31 02:40:00",58
"Josh","2026-06-08 09:32:42","2026-05-29","1899-12-31 02:45:00",57
"Josh","2026-06-08 09:32:42","2026-05-29","1899-12-31 02:50:00",57
"Josh","2026-06-08 09:32:42","2026-05-29","1899-12-31 02:55:00",57
"Josh","2026-06-08 09:32:42","2026-05-29","1899-12-31 03:00:00",56
"Josh","2026-06-08 09:32:42","2026-05-29","1899-12-31 03:05:00",55
"Josh","2026-06-08 09:32:42","2026-05-29","1899-12-31 03:10:00",56
"Josh","2026-06-08 09:32:42","2026-05-29","1899-12-31 03:15:00",56
"Josh","2026-06-08 09:32:42","2026-05-29","1899-12-31 03:20:00",55
"Josh","2026-06-08 09:32:42","2026-05-29","1899-12-31 03:25:00",55
"Josh","2026-06-08 09:32:42","2026-05-29","1899-12-31 03:30:00",55
"Josh","2026-06-08 09:32:42","2026-05-29","1899-12-31 03:35:00",55
"Josh","2026-06-08 09:32:42","2026-05-29","1899-12-31 03:40:00",56
"Josh","2026-06-08 09:32:42","2026-05-29","1899-12-31 03:45:00",56
"Josh","2026-06-08 09:32:42","2026-05-29","1899-12-31 03:50:00",56
"Josh","2026-06-08 09:32:42","2026-05-29","1899-12-31 03:55:00",56
"Josh","2026-06-08 09:32:42","2026-05-29","1899-12-31 04:00:00",56
"Josh","2026-06-08 09:32:42","2026-05-29","1899-12-31 04:05:00",56
"Josh","2026-06-08 09:32:42","2026-05-29","1899-12-31 04:10:00",55
"Josh","2026-06-08 09:32:42","2026-05-29","1899-12-31 04:15:00",55
"Josh","2026-06-08 09:32:42","2026-05-29","1899-12-31 04:20:00",56
"Josh","2026-06-08 09:32:42","2026-05-29","1899-12-31 04:25:00",56
"Josh","2026-06-08 09:32:42","2026-05-29","1899-12-31 04:30:00",56
"Josh","2026-06-08 09:32:42","2026-05-29","1899-12-31 04:35:00",57
"Josh","2026-06-08 09:32:42","2026-05-29","1899-12-31 04:40:00",56
"Josh","2026-06-08 09:32:42","2026-05-29","1899-12-31 04:45:00",56
"Josh","2026-06-08 09:32:42","2026-05-29","1899-12-31 04:50:00",57
"Josh","2026-06-08 09:32:42","2026-05-29","1899-12-31 04:55:00",56
"Josh","2026-06-08 09:32:42","2026-05-29","1899-12-31 05:00:00",56
"Josh","2026-06-08 09:32:42","2026-05-29","1899-12-31 05:05:00",58
"Josh","2026-06-08 09:32:42","2026-05-29","1899-12-31 05:10:00",58
"Josh","2026-06-08 09:32:42","2026-05-29","1899-12-31 05:15:00",56
"Josh","2026-06-08 09:32:42","2026-05-29","1899-12-31 05:20:00",57
"Josh","2026-06-08 09:32:42","2026-05-29","1899-12-31 05:25:00",57
"Josh","2026-06-08 09:32:42","2026-05-29","1899-12-31 05:30:00",56
"Josh","2026-06-08 09:32:42","2026-05-29","1899-12-31 05:35:00",55
"Josh","2026-06-08 09:32:42","2026-05-29","1899-12-31 05:40:00",55
"Josh","2026-06-08 09:32:42","2026-05-29","1899-12-31 05:45:00",55
"Josh","2026-06-08 09:32:42","2026-05-29","1899-12-31 05:50:00",56
"Josh","2026-06-08 09:32:42","2026-05-29","1899-12-31 05:55:00",57
"Josh","2026-06-08 09:32:42","2026-05-29","1899-12-31 06:00:00",56
"Josh","2026-06-08 09:32:42","2026-05-29","1899-12-31 06:05:00",56
"Josh","2026-06-08 09:32:42","2026-05-29","1899-12-31 06:10:00",57
"Josh","2026-06-08 09:32:42","2026-05-29","1899-12-31 06:15:00",57
"Josh","2026-06-08 09:32:42","2026-05-29","1899-12-31 06:20:00",57
"Josh","2026-06-08 09:32:42","2026-05-29","1899-12-31 06:25:00",57
"Josh","2026-06-08 09:32:42","2026-05-29","1899-12-31 06:30:00",56
"Josh","2026-06-08 09:32:42","2026-05-29","1899-12-31 06:35:00",56
"Josh","2026-06-08 09:32:42","2026-05-29","1899-12-31 06:40:00",56
"Josh","2026-06-08 09:32:42","2026-05-29","1899-12-31 06:45:00",56
"Josh","2026-06-08 09:32:42","2026-05-29","1899-12-31 06:50:00",57
"Josh","2026-06-08 09:32:42","2026-05-29","1899-12-31 06:55:00",56
"Josh","2026-06-08 09:32:42","2026-05-29","1899-12-31 07:00:00",55
"Josh","2026-06-08 09:32:42","2026-05-29","1899-12-31 07:05:00",55
"Josh","2026-06-08 09:32:42","2026-05-29","1899-12-31 07:10:00",55
"Josh","2026-06-08 09:32:42","2026-05-29","1899-12-31 07:15:00",55
"Josh","2026-06-08 09:32:42","2026-05-29","1899-12-31 07:20:00",55
"Josh","2026-06-08 09:32:42","2026-05-29","1899-12-31 07:25:00",55
"Josh","2026-06-08 09:32:42","2026-05-29","1899-12-31 07:30:00",55
"Josh","2026-06-08 09:32:42","2026-05-29","1899-12-31 07:35:00",55
"Josh","2026-06-08 09:32:42","2026-05-29","1899-12-31 07:40:00",56
"Josh","2026-06-08 09:32:42","2026-05-29","1899-12-31 07:45:00",57
"Josh","2026-06-08 09:32:42","2026-05-29","1899-12-31 07:50:00",59
"Josh","2026-06-08 09:32:42","2026-05-29","1899-12-31 07:55:00",60
"Josh","2026-06-08 09:32:42","2026-05-29","1899-12-31 08:00:00",61
"Josh","2026-06-08 09:32:42","2026-05-29","1899-12-31 08:05:00",62
"Josh","2026-06-08 09:32:42","2026-05-29","1899-12-31 08:10:00",64
"Josh","2026-06-08 09:32:42","2026-05-29","1899-12-31 08:15:00",64
"Josh","2026-06-08 09:32:42","2026-05-29","1899-12-31 08:20:00",77
"Josh","2026-06-08 09:32:42","2026-05-29","1899-12-31 08:25:00",80
"Josh","2026-06-08 09:32:42","2026-05-29","1899-12-31 08:30:00",84
"Josh","2026-06-08 09:32:42","2026-05-29","1899-12-31 08:35:00",89
"Josh","2026-06-08 09:32:42","2026-05-29","1899-12-31 08:40:00",92
"Josh","2026-06-08 09:32:42","2026-05-29","1899-12-31 08:45:00",96
"Josh","2026-06-08 09:32:42","2026-05-29","1899-12-31 08:50:00",81
"Josh","2026-06-08 09:32:42","2026-05-29","1899-12-31 08:55:00",75
"Josh","2026-06-08 09:32:42","2026-05-29","1899-12-31 09:00:00",71
"Josh","2026-06-08 09:32:42","2026-05-29","1899-12-31 09:05:00",69
"Josh","2026-06-08 09:32:42","2026-05-29","1899-12-31 09:10:00",65
"Josh","2026-06-08 09:32:42","2026-05-29","1899-12-31 09:15:00",64
"Josh","2026-06-08 09:32:42","2026-05-29","1899-12-31 09:20:00",63
"Josh","2026-06-08 09:32:42","2026-05-29","1899-12-31 09:25:00",63
"Josh","2026-06-08 09:32:42","2026-05-29","1899-12-31 09:30:00",63
"Josh","2026-06-08 09:32:42","2026-05-29","1899-12-31 09:35:00",64
"Josh","2026-06-08 09:32:42","2026-05-29","1899-12-31 09:40:00",65
"Josh","2026-06-08 09:32:42","2026-05-29","1899-12-31 09:45:00",66
"Josh","2026-06-08 09:32:42","2026-05-29","1899-12-31 09:50:00",64
"Josh","2026-06-08 09:32:42","2026-05-29","1899-12-31 09:55:00",64
"Josh","2026-06-08 09:32:42","2026-05-29","1899-12-31 10:00:00",63
"Josh","2026-06-08 09:32:42","2026-05-29","1899-12-31 10:05:00",63
"Josh","2026-06-08 09:32:42","2026-05-29","1899-12-31 10:10:00",63
"Josh","2026-06-08 09:32:42","2026-05-29","1899-12-31 10:15:00",64
"Josh","2026-06-08 09:32:42","2026-05-29","1899-12-31 10:20:00",62
"Josh","2026-06-08 09:32:42","2026-05-29","1899-12-31 10:25:00",63
"Josh","2026-06-08 09:32:42","2026-05-29","1899-12-31 10:30:00",63
"Josh","2026-06-08 09:32:42","2026-05-29","1899-12-31 10:35:00",65
"Josh","2026-06-08 09:32:42","2026-05-29","1899-12-31 10:40:00",66
"Josh","2026-06-08 09:32:42","2026-05-29","1899-12-31 10:45:00",65
"Josh","2026-06-08 09:32:42","2026-05-29","1899-12-31 10:50:00",63
"Josh","2026-06-08 09:32:42","2026-05-29","1899-12-31 10:55:00",64
"Josh","2026-06-08 09:32:42","2026-05-29","1899-12-31 11:00:00",62
"Josh","2026-06-08 09:32:42","2026-05-29","1899-12-31 11:05:00",64
"Josh","2026-06-08 09:32:42","2026-05-29","1899-12-31 11:10:00",65
"Josh","2026-06-08 09:32:42","2026-05-29","1899-12-31 11:15:00",62
"Josh","2026-06-08 09:32:42","2026-05-29","1899-12-31 11:20:00",63
"Josh","2026-06-08 09:32:42","2026-05-29","1899-12-31 11:25:00",65
"Josh","2026-06-08 09:32:42","2026-05-29","1899-12-31 11:30:00",66
"Josh","2026-06-08 09:32:42","2026-05-29","1899-12-31 11:35:00",67
"Josh","2026-06-08 09:32:42","2026-05-29","1899-12-31 11:40:00",63
"Josh","2026-06-08 09:32:42","2026-05-29","1899-12-31 11:45:00",61
"Josh","2026-06-08 09:32:42","2026-05-29","1899-12-31 11:50:00",64
"Josh","2026-06-08 09:32:42","2026-05-29","1899-12-31 11:55:00",64
"Josh","2026-06-08 09:32:42","2026-05-29","1899-12-31 12:00:00",72
"Josh","2026-06-08 09:32:42","2026-05-29","1899-12-31 12:05:00",86
"Josh","2026-06-08 09:32:42","2026-05-29","1899-12-31 12:10:00",96
"Josh","2026-06-08 09:32:42","2026-05-29","1899-12-31 12:15:00",100
"Josh","2026-06-08 09:32:42","2026-05-29","1899-12-31 12:20:00",102
"Josh","2026-06-08 09:32:42","2026-05-29","1899-12-31 12:25:00",104
"Josh","2026-06-08 09:32:42","2026-05-29","1899-12-31 12:30:00",106
"Josh","2026-06-08 09:32:42","2026-05-29","1899-12-31 12:35:00",107
"Josh","2026-06-08 09:32:42","2026-05-29","1899-12-31 12:40:00",107
"Josh","2026-06-08 09:32:42","2026-05-29","1899-12-31 12:45:00",106
"Josh","2026-06-08 09:32:42","2026-05-29","1899-12-31 12:50:00",106
"Josh","2026-06-08 09:32:42","2026-05-29","1899-12-31 12:55:00",100
"Josh","2026-06-08 09:32:42","2026-05-29","1899-12-31 13:00:00",91
"Josh","2026-06-08 09:32:42","2026-05-29","1899-12-31 13:05:00",81
"Josh","2026-06-08 09:32:42","2026-05-29","1899-12-31 13:10:00",73
"Josh","2026-06-08 09:32:42","2026-05-29","1899-12-31 13:15:00",69
"Josh","2026-06-08 09:32:42","2026-05-29","1899-12-31 13:20:00",66
"Josh","2026-06-08 09:32:42","2026-05-29","1899-12-31 13:25:00",63
"Josh","2026-06-08 09:32:42","2026-05-29","1899-12-31 13:30:00",64
"Josh","2026-06-08 09:32:42","2026-05-29","1899-12-31 13:35:00",62
"Josh","2026-06-08 09:32:42","2026-05-29","1899-12-31 13:40:00",64
"Josh","2026-06-08 09:32:42","2026-05-29","1899-12-31 13:45:00",62
"Josh","2026-06-08 09:32:42","2026-05-29","1899-12-31 13:50:00",62
"Josh","2026-06-08 09:32:42","2026-05-29","1899-12-31 13:55:00",62
"Josh","2026-06-08 09:32:42","2026-05-29","1899-12-31 14:00:00",64
"Josh","2026-06-08 09:32:42","2026-05-29","1899-12-31 14:05:00",62
"Josh","2026-06-08 09:32:42","2026-05-29","1899-12-31 14:10:00",64
"Josh","2026-06-08 09:32:42","2026-05-29","1899-12-31 14:15:00",62
"Josh","2026-06-08 09:32:42","2026-05-29","1899-12-31 14:20:00",60
"Josh","2026-06-08 09:32:42","2026-05-29","1899-12-31 14:25:00",60
"Josh","2026-06-08 09:32:42","2026-05-29","1899-12-31 14:30:00",60
"Josh","2026-06-08 09:32:42","2026-05-29","1899-12-31 14:35:00",59
"Josh","2026-06-08 09:32:42","2026-05-29","1899-12-31 14:40:00",62
"Josh","2026-06-08 09:32:42","2026-05-29","1899-12-31 14:45:00",61
"Josh","2026-06-08 09:32:42","2026-05-29","1899-12-31 14:50:00",61
"Josh","2026-06-08 09:32:42","2026-05-29","1899-12-31 14:55:00",61
"Josh","2026-06-08 09:32:42","2026-05-29","1899-12-31 15:00:00",63
"Josh","2026-06-08 09:32:42","2026-05-29","1899-12-31 15:05:00",65
"Josh","2026-06-08 09:32:42","2026-05-29","1899-12-31 15:10:00",63
"Josh","2026-06-08 09:32:42","2026-05-29","1899-12-31 15:15:00",65
"Josh","2026-06-08 09:32:42","2026-05-29","1899-12-31 15:20:00",63
"Josh","2026-06-08 09:32:42","2026-05-29","1899-12-31 15:25:00",64
"Josh","2026-06-08 09:32:42","2026-05-29","1899-12-31 15:30:00",63
"Josh","2026-06-08 09:32:42","2026-05-29","1899-12-31 15:35:00",63
"Josh","2026-06-08 09:32:42","2026-05-29","1899-12-31 15:40:00",62
"Josh","2026-06-08 09:32:42","2026-05-29","1899-12-31 15:45:00",64
"Josh","2026-06-08 09:32:42","2026-05-29","1899-12-31 15:50:00",65
"Josh","2026-06-08 09:32:42","2026-05-29","1899-12-31 15:55:00",63
"Josh","2026-06-08 09:32:42","2026-05-29","1899-12-31 16:00:00",62
"Josh","2026-06-08 09:32:42","2026-05-29","1899-12-31 16:05:00",62
"Josh","2026-06-08 09:32:42","2026-05-29","1899-12-31 16:10:00",61
"Josh","2026-06-08 09:32:42","2026-05-29","1899-12-31 16:15:00",63
"Josh","2026-06-08 09:32:42","2026-05-29","1899-12-31 16:20:00",61
"Josh","2026-06-08 09:32:42","2026-05-29","1899-12-31 16:25:00",61
"Josh","2026-06-08 09:32:42","2026-05-29","1899-12-31 16:30:00",63
"Josh","2026-06-08 09:32:42","2026-05-29","1899-12-31 16:35:00",65
"Josh","2026-06-08 09:32:42","2026-05-29","1899-12-31 16:40:00",65
"Josh","2026-06-08 09:32:42","2026-05-29","1899-12-31 16:45:00",65
"Josh","2026-06-08 09:32:42","2026-05-29","1899-12-31 16:50:00",63
"Josh","2026-06-08 09:32:42","2026-05-29","1899-12-31 16:55:00",61
"Josh","2026-06-08 09:32:42","2026-05-29","1899-12-31 17:00:00",63
"Josh","2026-06-08 09:32:42","2026-05-29","1899-12-31 17:05:00",65
"Josh","2026-06-08 09:32:42","2026-05-29","1899-12-31 17:10:00",63
"Josh","2026-06-08 09:32:42","2026-05-29","1899-12-31 17:15:00",61
"Josh","2026-06-08 09:32:42","2026-05-29","1899-12-31 17:20:00",61
"Josh","2026-06-08 09:32:42","2026-05-29","1899-12-31 17:25:00",64
"Josh","2026-06-08 09:32:42","2026-05-29","1899-12-31 17:30:00",73
"Josh","2026-06-08 09:32:42","2026-05-29","1899-12-31 17:35:00",95
"Josh","2026-06-08 09:32:42","2026-05-29","1899-12-31 17:40:00",109
"Josh","2026-06-08 09:32:42","2026-05-29","1899-12-31 17:45:00",122
"Josh","2026-06-08 09:32:42","2026-05-29","1899-12-31 17:50:00",134
"Josh","2026-06-08 09:32:42","2026-05-29","1899-12-31 17:55:00",142
"Josh","2026-06-08 09:32:42","2026-05-29","1899-12-31 18:00:00",146
"Josh","2026-06-08 09:32:42","2026-05-29","1899-12-31 18:05:00",145
"Josh","2026-06-08 09:32:42","2026-05-29","1899-12-31 18:10:00",150
"Josh","2026-06-08 09:32:42","2026-05-29","1899-12-31 18:15:00",150
"Josh","2026-06-08 09:32:42","2026-05-29","1899-12-31 18:20:00",146
"Josh","2026-06-08 09:32:42","2026-05-29","1899-12-31 18:25:00",149
"Josh","2026-06-08 09:32:42","2026-05-29","1899-12-31 18:30:00",146
"Josh","2026-06-08 09:32:42","2026-05-29","1899-12-31 18:35:00",144
"Josh","2026-06-08 09:32:42","2026-05-29","1899-12-31 18:40:00",142
"Josh","2026-06-08 09:32:42","2026-05-29","1899-12-31 18:45:00",134
"Josh","2026-06-08 09:32:42","2026-05-29","1899-12-31 18:50:00",122
"Josh","2026-06-08 09:32:42","2026-05-29","1899-12-31 18:55:00",107
"Josh","2026-06-08 09:32:42","2026-05-29","1899-12-31 19:00:00",91
"Josh","2026-06-08 09:32:42","2026-05-29","1899-12-31 19:05:00",81
"Josh","2026-06-08 09:32:42","2026-05-29","1899-12-31 19:10:00",73
"Josh","2026-06-08 09:32:42","2026-05-29","1899-12-31 19:15:00",69
"Josh","2026-06-08 09:32:42","2026-05-29","1899-12-31 19:20:00",65
"Josh","2026-06-08 09:32:42","2026-05-29","1899-12-31 19:25:00",65
"Josh","2026-06-08 09:32:42","2026-05-29","1899-12-31 19:30:00",66
"Josh","2026-06-08 09:32:42","2026-05-29","1899-12-31 19:35:00",64
"Josh","2026-06-08 09:32:42","2026-05-29","1899-12-31 19:40:00",65
"Josh","2026-06-08 09:32:42","2026-05-29","1899-12-31 19:45:00",72
"Josh","2026-06-08 09:32:42","2026-05-29","1899-12-31 19:50:00",70
"Josh","2026-06-08 09:32:42","2026-05-29","1899-12-31 19:55:00",68
"Josh","2026-06-08 09:32:42","2026-05-29","1899-12-31 20:00:00",72
"Josh","2026-06-08 09:32:42","2026-05-29","1899-12-31 20:05:00",69
"Josh","2026-06-08 09:32:42","2026-05-29","1899-12-31 20:10:00",68
"Josh","2026-06-08 09:32:42","2026-05-29","1899-12-31 20:15:00",66
"Josh","2026-06-08 09:32:42","2026-05-29","1899-12-31 20:20:00",65
"Josh","2026-06-08 09:32:42","2026-05-29","1899-12-31 20:25:00",63
"Josh","2026-06-08 09:32:42","2026-05-29","1899-12-31 20:30:00",61
"Josh","2026-06-08 09:32:42","2026-05-29","1899-12-31 20:35:00",61
"Josh","2026-06-08 09:32:42","2026-05-29","1899-12-31 20:40:00",63
"Josh","2026-06-08 09:32:42","2026-05-29","1899-12-31 20:45:00",62
"Josh","2026-06-08 09:32:42","2026-05-29","1899-12-31 20:50:00",63
"Josh","2026-06-08 09:32:42","2026-05-29","1899-12-31 20:55:00",65
"Josh","2026-06-08 09:32:42","2026-05-29","1899-12-31 21:00:00",66
"Josh","2026-06-08 09:32:42","2026-05-29","1899-12-31 21:05:00",67
"Josh","2026-06-08 09:32:42","2026-05-29","1899-12-31 21:10:00",66
"Josh","2026-06-08 09:32:42","2026-05-29","1899-12-31 21:15:00",65
"Josh","2026-06-08 09:32:42","2026-05-29","1899-12-31 21:20:00",62
"Josh","2026-06-08 09:32:42","2026-05-29","1899-12-31 21:25:00",63
"Josh","2026-06-08 09:32:42","2026-05-29","1899-12-31 21:30:00",63
"Josh","2026-06-08 09:32:42","2026-05-29","1899-12-31 21:35:00",62
"Josh","2026-06-08 09:32:42","2026-05-29","1899-12-31 21:40:00",63
"Josh","2026-06-08 09:32:42","2026-05-29","1899-12-31 21:45:00",62
"Josh","2026-06-08 09:32:42","2026-05-29","1899-12-31 21:50:00",62
"Josh","2026-06-08 09:32:42","2026-05-29","1899-12-31 21:55:00",62
"Josh","2026-06-08 09:32:42","2026-05-29","1899-12-31 22:00:00",62
"Josh","2026-06-08 09:32:42","2026-05-29","1899-12-31 22:05:00",62
"Josh","2026-06-08 09:32:42","2026-05-29","1899-12-31 22:10:00",64
"Josh","2026-06-08 09:32:42","2026-05-29","1899-12-31 22:15:00",63
"Josh","2026-06-08 09:32:42","2026-05-29","1899-12-31 22:20:00",64
"Josh","2026-06-08 09:32:42","2026-05-29","1899-12-31 22:25:00",62
"Josh","2026-06-08 09:32:42","2026-05-29","1899-12-31 22:30:00",64
"Josh","2026-06-08 09:32:42","2026-05-29","1899-12-31 22:35:00",63
"Josh","2026-06-08 09:32:42","2026-05-29","1899-12-31 22:40:00",61
"Josh","2026-06-08 09:32:42","2026-05-29","1899-12-31 22:45:00",61
"Josh","2026-06-08 09:32:42","2026-05-29","1899-12-31 22:50:00",62
"Josh","2026-06-08 09:32:42","2026-05-29","1899-12-31 22:55:00",63
"Josh","2026-06-08 09:32:42","2026-05-29","1899-12-31 23:00:00",64
"Josh","2026-06-08 09:32:42","2026-05-29","1899-12-31 23:05:00",63
"Josh","2026-06-08 09:32:42","2026-05-29","1899-12-31 23:10:00",64
"Josh","2026-06-08 09:32:42","2026-05-29","1899-12-31 23:15:00",66
"Josh","2026-06-08 09:32:42","2026-05-29","1899-12-31 23:20:00",66
"Josh","2026-06-08 09:32:42","2026-05-29","1899-12-31 23:25:00",66
"Josh","2026-06-08 09:32:42","2026-05-29","1899-12-31 23:30:00",63
"Josh","2026-06-08 09:32:42","2026-05-29","1899-12-31 23:35:00",61
"Josh","2026-06-08 09:32:42","2026-05-29","1899-12-31 23:40:00",61
"Josh","2026-06-08 09:32:42","2026-05-29","1899-12-31 23:45:00",61
"Josh","2026-06-08 09:32:42","2026-05-29","1899-12-31 23:50:00",62
"Josh","2026-06-08 09:32:42","2026-05-29","1899-12-31 23:55:00",62
"Josh","2026-06-08 09:32:42","2026-05-30","1899-12-31",57
"Josh","2026-06-08 09:32:42","2026-05-30","1899-12-31 00:05:00",57
"Josh","2026-06-08 09:32:42","2026-05-30","1899-12-31 00:10:00",57
"Josh","2026-06-08 09:32:42","2026-05-30","1899-12-31 00:15:00",57
"Josh","2026-06-08 09:32:42","2026-05-30","1899-12-31 00:20:00",57
"Josh","2026-06-08 09:32:42","2026-05-30","1899-12-31 00:25:00",57
"Josh","2026-06-08 09:32:42","2026-05-30","1899-12-31 00:30:00",56
"Josh","2026-06-08 09:32:42","2026-05-30","1899-12-31 00:35:00",57
"Josh","2026-06-08 09:32:42","2026-05-30","1899-12-31 00:40:00",56
"Josh","2026-06-08 09:32:42","2026-05-30","1899-12-31 00:45:00",56
"Josh","2026-06-08 09:32:42","2026-05-30","1899-12-31 00:50:00",57
"Josh","2026-06-08 09:32:42","2026-05-30","1899-12-31 00:55:00",57
"Josh","2026-06-08 09:32:42","2026-05-30","1899-12-31 01:00:00",56
"Josh","2026-06-08 09:32:42","2026-05-30","1899-12-31 01:05:00",56
"Josh","2026-06-08 09:32:42","2026-05-30","1899-12-31 01:10:00",56
"Josh","2026-06-08 09:32:42","2026-05-30","1899-12-31 01:15:00",57
"Josh","2026-06-08 09:32:42","2026-05-30","1899-12-31 01:20:00",56
"Josh","2026-06-08 09:32:42","2026-05-30","1899-12-31 01:25:00",57
"Josh","2026-06-08 09:32:42","2026-05-30","1899-12-31 01:30:00",56
"Josh","2026-06-08 09:32:42","2026-05-30","1899-12-31 01:35:00",56
"Josh","2026-06-08 09:32:42","2026-05-30","1899-12-31 01:40:00",55
"Josh","2026-06-08 09:32:42","2026-05-30","1899-12-31 01:45:00",56
"Josh","2026-06-08 09:32:42","2026-05-30","1899-12-31 01:50:00",56
"Josh","2026-06-08 09:32:42","2026-05-30","1899-12-31 01:55:00",55
"Josh","2026-06-08 09:32:42","2026-05-30","1899-12-31 02:00:00",56
"Josh","2026-06-08 09:32:42","2026-05-30","1899-12-31 02:05:00",55
"Josh","2026-06-08 09:32:42","2026-05-30","1899-12-31 02:10:00",55
"Josh","2026-06-08 09:32:42","2026-05-30","1899-12-31 02:15:00",55
"Josh","2026-06-08 09:32:42","2026-05-30","1899-12-31 02:20:00",56
"Josh","2026-06-08 09:32:42","2026-05-30","1899-12-31 02:25:00",55
"Josh","2026-06-08 09:32:42","2026-05-30","1899-12-31 02:30:00",55
"Josh","2026-06-08 09:32:42","2026-05-30","1899-12-31 02:35:00",56
"Josh","2026-06-08 09:32:42","2026-05-30","1899-12-31 02:40:00",57
"Josh","2026-06-08 09:32:42","2026-05-30","1899-12-31 02:45:00",57
"Josh","2026-06-08 09:32:42","2026-05-30","1899-12-31 02:50:00",57
"Josh","2026-06-08 09:32:42","2026-05-30","1899-12-31 02:55:00",57
"Josh","2026-06-08 09:32:42","2026-05-30","1899-12-31 03:00:00",57
"Josh","2026-06-08 09:32:42","2026-05-30","1899-12-31 03:05:00",56
"Josh","2026-06-08 09:32:42","2026-05-30","1899-12-31 03:10:00",55
"Josh","2026-06-08 09:32:42","2026-05-30","1899-12-31 03:15:00",55
"Josh","2026-06-08 09:32:42","2026-05-30","1899-12-31 03:20:00",55
"Josh","2026-06-08 09:32:42","2026-05-30","1899-12-31 03:25:00",55
"Josh","2026-06-08 09:32:42","2026-05-30","1899-12-31 03:30:00",58
"Josh","2026-06-08 09:32:42","2026-05-30","1899-12-31 03:35:00",58
"Josh","2026-06-08 09:32:42","2026-05-30","1899-12-31 03:40:00",58
"Josh","2026-06-08 09:32:42","2026-05-30","1899-12-31 03:45:00",56
"Josh","2026-06-08 09:32:42","2026-05-30","1899-12-31 03:50:00",56
"Josh","2026-06-08 09:32:42","2026-05-30","1899-12-31 03:55:00",58
"Josh","2026-06-08 09:32:42","2026-05-30","1899-12-31 04:00:00",57
"Josh","2026-06-08 09:32:42","2026-05-30","1899-12-31 04:05:00",57
"Josh","2026-06-08 09:32:42","2026-05-30","1899-12-31 04:10:00",56
"Josh","2026-06-08 09:32:42","2026-05-30","1899-12-31 04:15:00",57
"Josh","2026-06-08 09:32:42","2026-05-30","1899-12-31 04:20:00",56
"Josh","2026-06-08 09:32:42","2026-05-30","1899-12-31 04:25:00",58
"Josh","2026-06-08 09:32:42","2026-05-30","1899-12-31 04:30:00",57
"Josh","2026-06-08 09:32:42","2026-05-30","1899-12-31 04:35:00",57
"Josh","2026-06-08 09:32:42","2026-05-30","1899-12-31 04:40:00",57
"Josh","2026-06-08 09:32:42","2026-05-30","1899-12-31 04:45:00",57
"Josh","2026-06-08 09:32:42","2026-05-30","1899-12-31 04:50:00",57
"Josh","2026-06-08 09:32:42","2026-05-30","1899-12-31 04:55:00",57
"Josh","2026-06-08 09:32:42","2026-05-30","1899-12-31 05:00:00",60
"Josh","2026-06-08 09:32:42","2026-05-30","1899-12-31 05:05:00",58
"Josh","2026-06-08 09:32:42","2026-05-30","1899-12-31 05:10:00",56
"Josh","2026-06-08 09:32:42","2026-05-30","1899-12-31 05:15:00",57
"Josh","2026-06-08 09:32:42","2026-05-30","1899-12-31 05:20:00",56
"Josh","2026-06-08 09:32:42","2026-05-30","1899-12-31 05:25:00",56
"Josh","2026-06-08 09:32:42","2026-05-30","1899-12-31 05:30:00",56
"Josh","2026-06-08 09:32:42","2026-05-30","1899-12-31 05:35:00",56
"Josh","2026-06-08 09:32:42","2026-05-30","1899-12-31 05:40:00",56
"Josh","2026-06-08 09:32:42","2026-05-30","1899-12-31 05:45:00",56
"Josh","2026-06-08 09:32:42","2026-05-30","1899-12-31 05:50:00",56
"Josh","2026-06-08 09:32:42","2026-05-30","1899-12-31 05:55:00",56
"Josh","2026-06-08 09:32:42","2026-05-30","1899-12-31 06:00:00",56
"Josh","2026-06-08 09:32:42","2026-05-30","1899-12-31 06:05:00",55
"Josh","2026-06-08 09:32:42","2026-05-30","1899-12-31 06:10:00",55
"Josh","2026-06-08 09:32:42","2026-05-30","1899-12-31 06:15:00",56
"Josh","2026-06-08 09:32:42","2026-05-30","1899-12-31 06:20:00",56
"Josh","2026-06-08 09:32:42","2026-05-30","1899-12-31 06:25:00",58
"Josh","2026-06-08 09:32:42","2026-05-30","1899-12-31 06:30:00",57
"Josh","2026-06-08 09:32:42","2026-05-30","1899-12-31 06:35:00",56
"Josh","2026-06-08 09:32:42","2026-05-30","1899-12-31 06:40:00",56
"Josh","2026-06-08 09:32:42","2026-05-30","1899-12-31 06:45:00",55
"Josh","2026-06-08 09:32:42","2026-05-30","1899-12-31 06:50:00",56
"Josh","2026-06-08 09:32:42","2026-05-30","1899-12-31 06:55:00",55
"Josh","2026-06-08 09:32:42","2026-05-30","1899-12-31 07:00:00",55
"Josh","2026-06-08 09:32:42","2026-05-30","1899-12-31 07:05:00",56
"Josh","2026-06-08 09:32:42","2026-05-30","1899-12-31 07:10:00",55
"Josh","2026-06-08 09:32:42","2026-05-30","1899-12-31 07:15:00",56
"Josh","2026-06-08 09:32:42","2026-05-30","1899-12-31 07:20:00",56
"Josh","2026-06-08 09:32:42","2026-05-30","1899-12-31 07:25:00",56
"Josh","2026-06-08 09:32:42","2026-05-30","1899-12-31 07:30:00",57
"Josh","2026-06-08 09:32:42","2026-05-30","1899-12-31 07:35:00",56
"Josh","2026-06-08 09:32:42","2026-05-30","1899-12-31 07:40:00",55
"Josh","2026-06-08 09:32:42","2026-05-30","1899-12-31 07:45:00",55
"Josh","2026-06-08 09:32:42","2026-05-30","1899-12-31 07:50:00",55
"Josh","2026-06-08 09:32:42","2026-05-30","1899-12-31 07:55:00",55
"Josh","2026-06-08 09:32:42","2026-05-30","1899-12-31 08:00:00",55
"Josh","2026-06-08 09:32:42","2026-05-30","1899-12-31 08:05:00",55
"Josh","2026-06-08 09:32:42","2026-05-30","1899-12-31 08:10:00",55
"Josh","2026-06-08 09:32:42","2026-05-30","1899-12-31 08:15:00",56
"Josh","2026-06-08 09:32:42","2026-05-30","1899-12-31 08:20:00",57
"Josh","2026-06-08 09:32:42","2026-05-30","1899-12-31 08:25:00",58
"Josh","2026-06-08 09:32:42","2026-05-30","1899-12-31 08:30:00",60
"Josh","2026-06-08 09:32:42","2026-05-30","1899-12-31 08:35:00",61
"Josh","2026-06-08 09:32:42","2026-05-30","1899-12-31 08:40:00",61
"Josh","2026-06-08 09:32:42","2026-05-30","1899-12-31 08:45:00",62
"Josh","2026-06-08 09:32:42","2026-05-30","1899-12-31 08:50:00",63
"Josh","2026-06-08 09:32:42","2026-05-30","1899-12-31 08:55:00",64
"Josh","2026-06-08 09:32:42","2026-05-30","1899-12-31 09:00:00",84
"Josh","2026-06-08 09:32:42","2026-05-30","1899-12-31 09:05:00",102
"Josh","2026-06-08 09:32:42","2026-05-30","1899-12-31 09:10:00",113
"Josh","2026-06-08 09:32:42","2026-05-30","1899-12-31 09:15:00",127
"Josh","2026-06-08 09:32:42","2026-05-30","1899-12-31 09:20:00",131
"Josh","2026-06-08 09:32:42","2026-05-30","1899-12-31 09:25:00",137
"Josh","2026-06-08 09:32:42","2026-05-30","1899-12-31 09:30:00",138
"Josh","2026-06-08 09:32:42","2026-05-30","1899-12-31 09:35:00",142
"Josh","2026-06-08 09:32:42","2026-05-30","1899-12-31 09:40:00",140
"Josh","2026-06-08 09:32:42","2026-05-30","1899-12-31 09:45:00",138
"Josh","2026-06-08 09:32:42","2026-05-30","1899-12-31 09:50:00",139
"Josh","2026-06-08 09:32:42","2026-05-30","1899-12-31 09:55:00",142
"Josh","2026-06-08 09:32:42","2026-05-30","1899-12-31 10:00:00",142
"Josh","2026-06-08 09:32:42","2026-05-30","1899-12-31 10:05:00",145
"Josh","2026-06-08 09:32:42","2026-05-30","1899-12-31 10:10:00",141
"Josh","2026-06-08 09:32:42","2026-05-30","1899-12-31 10:15:00",138
"Josh","2026-06-08 09:32:42","2026-05-30","1899-12-31 10:20:00",108
"Josh","2026-06-08 09:32:42","2026-05-30","1899-12-31 10:25:00",115
"Josh","2026-06-08 09:32:42","2026-05-30","1899-12-31 10:30:00",113
"Josh","2026-06-08 09:32:42","2026-05-30","1899-12-31 10:35:00",105
"Josh","2026-06-08 09:32:42","2026-05-30","1899-12-31 10:40:00",94
"Josh","2026-06-08 09:32:42","2026-05-30","1899-12-31 10:45:00",83
"Josh","2026-06-08 09:32:42","2026-05-30","1899-12-31 10:50:00",77
"Josh","2026-06-08 09:32:42","2026-05-30","1899-12-31 10:55:00",72
"Josh","2026-06-08 09:32:42","2026-05-30","1899-12-31 11:00:00",72
"Josh","2026-06-08 09:32:42","2026-05-30","1899-12-31 11:05:00",69
"Josh","2026-06-08 09:32:42","2026-05-30","1899-12-31 11:10:00",68
"Josh","2026-06-08 09:32:42","2026-05-30","1899-12-31 11:15:00",67
"Josh","2026-06-08 09:32:42","2026-05-30","1899-12-31 11:20:00",70
"Josh","2026-06-08 09:32:42","2026-05-30","1899-12-31 11:25:00",67
"Josh","2026-06-08 09:32:42","2026-05-30","1899-12-31 11:30:00",67
"Josh","2026-06-08 09:32:42","2026-05-30","1899-12-31 11:35:00",67
"Josh","2026-06-08 09:32:42","2026-05-30","1899-12-31 11:40:00",66
"Josh","2026-06-08 09:32:42","2026-05-30","1899-12-31 11:45:00",66
"Josh","2026-06-08 09:32:42","2026-05-30","1899-12-31 11:50:00",65
"Josh","2026-06-08 09:32:42","2026-05-30","1899-12-31 11:55:00",68
"Josh","2026-06-08 09:32:42","2026-05-30","1899-12-31 12:00:00",65
"Josh","2026-06-08 09:32:42","2026-05-30","1899-12-31 12:05:00",66
"Josh","2026-06-08 09:32:42","2026-05-30","1899-12-31 12:10:00",65
"Josh","2026-06-08 09:32:42","2026-05-30","1899-12-31 12:15:00",68
"Josh","2026-06-08 09:32:42","2026-05-30","1899-12-31 12:20:00",66
"Josh","2026-06-08 09:32:42","2026-05-30","1899-12-31 12:25:00",63
"Josh","2026-06-08 09:32:42","2026-05-30","1899-12-31 12:30:00",63
"Josh","2026-06-08 09:32:42","2026-05-30","1899-12-31 12:35:00",64
"Josh","2026-06-08 09:32:42","2026-05-30","1899-12-31 12:40:00",71
"Josh","2026-06-08 09:32:42","2026-05-30","1899-12-31 12:45:00",68
"Josh","2026-06-08 09:32:42","2026-05-30","1899-12-31 12:50:00",66
"Josh","2026-06-08 09:32:42","2026-05-30","1899-12-31 12:55:00",67
"Josh","2026-06-08 09:32:42","2026-05-30","1899-12-31 13:00:00",75
"Josh","2026-06-08 09:32:42","2026-05-30","1899-12-31 13:05:00",86
"Josh","2026-06-08 09:32:42","2026-05-30","1899-12-31 13:10:00",94
"Josh","2026-06-08 09:32:42","2026-05-30","1899-12-31 13:15:00",96
"Josh","2026-06-08 09:32:42","2026-05-30","1899-12-31 13:20:00",98
"Josh","2026-06-08 09:32:42","2026-05-30","1899-12-31 13:25:00",85
"Josh","2026-06-08 09:32:42","2026-05-30","1899-12-31 13:30:00",89
"Josh","2026-06-08 09:32:42","2026-05-30","1899-12-31 13:35:00",86
"Josh","2026-06-08 09:32:42","2026-05-30","1899-12-31 13:40:00",80
"Josh","2026-06-08 09:32:42","2026-05-30","1899-12-31 13:45:00",74
"Josh","2026-06-08 09:32:42","2026-05-30","1899-12-31 13:50:00",68
"Josh","2026-06-08 09:32:42","2026-05-30","1899-12-31 13:55:00",67
"Josh","2026-06-08 09:32:42","2026-05-30","1899-12-31 14:00:00",66
"Josh","2026-06-08 09:32:42","2026-05-30","1899-12-31 14:05:00",63
"Josh","2026-06-08 09:32:42","2026-05-30","1899-12-31 14:10:00",62
"Josh","2026-06-08 09:32:42","2026-05-30","1899-12-31 14:15:00",68
"Josh","2026-06-08 09:32:42","2026-05-30","1899-12-31 14:20:00",68
"Josh","2026-06-08 09:32:42","2026-05-30","1899-12-31 14:25:00",65
"Josh","2026-06-08 09:32:42","2026-05-30","1899-12-31 14:30:00",63
"Josh","2026-06-08 09:32:42","2026-05-30","1899-12-31 14:35:00",64
"Josh","2026-06-08 09:32:42","2026-05-30","1899-12-31 14:40:00",63
"Josh","2026-06-08 09:32:42","2026-05-30","1899-12-31 14:45:00",63
"Josh","2026-06-08 09:32:42","2026-05-30","1899-12-31 14:50:00",65
"Josh","2026-06-08 09:32:42","2026-05-30","1899-12-31 14:55:00",71
"Josh","2026-06-08 09:32:42","2026-05-30","1899-12-31 15:00:00",68
"Josh","2026-06-08 09:32:42","2026-05-30","1899-12-31 15:05:00",68
"Josh","2026-06-08 09:32:42","2026-05-30","1899-12-31 15:10:00",75
"Josh","2026-06-08 09:32:42","2026-05-30","1899-12-31 15:15:00",70
"Josh","2026-06-08 09:32:42","2026-05-30","1899-12-31 15:20:00",69
"Josh","2026-06-08 09:32:42","2026-05-30","1899-12-31 15:25:00",68
"Josh","2026-06-08 09:32:42","2026-05-30","1899-12-31 15:30:00",66
"Josh","2026-06-08 09:32:42","2026-05-30","1899-12-31 15:35:00",65
"Josh","2026-06-08 09:32:42","2026-05-30","1899-12-31 15:40:00",66
"Josh","2026-06-08 09:32:42","2026-05-30","1899-12-31 15:45:00",66
"Josh","2026-06-08 09:32:42","2026-05-30","1899-12-31 15:50:00",71
"Josh","2026-06-08 09:32:42","2026-05-30","1899-12-31 15:55:00",66
"Josh","2026-06-08 09:32:42","2026-05-30","1899-12-31 16:00:00",66
"Josh","2026-06-08 09:32:42","2026-05-30","1899-12-31 16:05:00",63
"Josh","2026-06-08 09:32:42","2026-05-30","1899-12-31 16:10:00",74
"Josh","2026-06-08 09:32:42","2026-05-30","1899-12-31 16:15:00",72
"Josh","2026-06-08 09:32:42","2026-05-30","1899-12-31 16:20:00",70
"Josh","2026-06-08 09:32:42","2026-05-30","1899-12-31 16:25:00",67
"Josh","2026-06-08 09:32:42","2026-05-30","1899-12-31 16:30:00",65
"Josh","2026-06-08 09:32:42","2026-05-30","1899-12-31 16:35:00",63
"Josh","2026-06-08 09:32:42","2026-05-30","1899-12-31 16:40:00",63
"Josh","2026-06-08 09:32:42","2026-05-30","1899-12-31 16:45:00",61
"Josh","2026-06-08 09:32:42","2026-05-30","1899-12-31 16:50:00",64
"Josh","2026-06-08 09:32:42","2026-05-30","1899-12-31 16:55:00",62
"Josh","2026-06-08 09:32:42","2026-05-30","1899-12-31 17:00:00",63
"Josh","2026-06-08 09:32:42","2026-05-30","1899-12-31 17:05:00",62
"Josh","2026-06-08 09:32:42","2026-05-30","1899-12-31 17:10:00",62
"Josh","2026-06-08 09:32:42","2026-05-30","1899-12-31 17:15:00",60
"Josh","2026-06-08 09:32:42","2026-05-30","1899-12-31 17:20:00",59
"Josh","2026-06-08 09:32:42","2026-05-30","1899-12-31 17:25:00",61
"Josh","2026-06-08 09:32:42","2026-05-30","1899-12-31 17:30:00",60
"Josh","2026-06-08 09:32:42","2026-05-30","1899-12-31 17:35:00",61
"Josh","2026-06-08 09:32:42","2026-05-30","1899-12-31 17:40:00",62
"Josh","2026-06-08 09:32:42","2026-05-30","1899-12-31 17:45:00",62
"Josh","2026-06-08 09:32:42","2026-05-30","1899-12-31 17:50:00",63
"Josh","2026-06-08 09:32:42","2026-05-30","1899-12-31 17:55:00",62
"Josh","2026-06-08 09:32:42","2026-05-30","1899-12-31 18:00:00",62
"Josh","2026-06-08 09:32:42","2026-05-30","1899-12-31 18:05:00",64
"Josh","2026-06-08 09:32:42","2026-05-30","1899-12-31 18:10:00",64
"Josh","2026-06-08 09:32:42","2026-05-30","1899-12-31 18:15:00",65
"Josh","2026-06-08 09:32:42","2026-05-30","1899-12-31 18:20:00",66
"Josh","2026-06-08 09:32:42","2026-05-30","1899-12-31 18:25:00",64
"Josh","2026-06-08 09:32:42","2026-05-30","1899-12-31 18:30:00",62
"Josh","2026-06-08 09:32:42","2026-05-30","1899-12-31 18:35:00",61
"Josh","2026-06-08 09:32:42","2026-05-30","1899-12-31 18:40:00",60
"Josh","2026-06-08 09:32:42","2026-05-30","1899-12-31 18:45:00",63
"Josh","2026-06-08 09:32:42","2026-05-30","1899-12-31 18:50:00",63
"Josh","2026-06-08 09:32:42","2026-05-30","1899-12-31 18:55:00",65
"Josh","2026-06-08 09:32:42","2026-05-30","1899-12-31 19:00:00",66
"Josh","2026-06-08 09:32:42","2026-05-30","1899-12-31 19:05:00",64
"Josh","2026-06-08 09:32:42","2026-05-30","1899-12-31 19:10:00",64
"Josh","2026-06-08 09:32:42","2026-05-30","1899-12-31 19:15:00",65
"Josh","2026-06-08 09:32:42","2026-05-30","1899-12-31 19:20:00",63
"Josh","2026-06-08 09:32:42","2026-05-30","1899-12-31 19:25:00",62
"Josh","2026-06-08 09:32:42","2026-05-30","1899-12-31 19:30:00",63
"Josh","2026-06-08 09:32:42","2026-05-30","1899-12-31 19:35:00",65
"Josh","2026-06-08 09:32:42","2026-05-30","1899-12-31 19:40:00",64
"Josh","2026-06-08 09:32:42","2026-05-30","1899-12-31 19:45:00",64
"Josh","2026-06-08 09:32:42","2026-05-30","1899-12-31 19:50:00",63
"Josh","2026-06-08 09:32:42","2026-05-30","1899-12-31 19:55:00",65
"Josh","2026-06-08 09:32:42","2026-05-30","1899-12-31 20:00:00",62
"Josh","2026-06-08 09:32:42","2026-05-30","1899-12-31 20:05:00",63
"Josh","2026-06-08 09:32:42","2026-05-30","1899-12-31 20:10:00",63
"Josh","2026-06-08 09:32:42","2026-05-30","1899-12-31 20:15:00",65
"Josh","2026-06-08 09:32:42","2026-05-30","1899-12-31 20:20:00",65
"Josh","2026-06-08 09:32:42","2026-05-30","1899-12-31 20:25:00",63
"Josh","2026-06-08 09:32:42","2026-05-30","1899-12-31 20:30:00",61
"Josh","2026-06-08 09:32:42","2026-05-30","1899-12-31 20:35:00",63
"Josh","2026-06-08 09:32:42","2026-05-30","1899-12-31 20:40:00",63
"Josh","2026-06-08 09:32:42","2026-05-30","1899-12-31 20:45:00",65
"Josh","2026-06-08 09:32:42","2026-05-30","1899-12-31 20:50:00",69
"Josh","2026-06-08 09:32:42","2026-05-30","1899-12-31 20:55:00",69
"Josh","2026-06-08 09:32:42","2026-05-30","1899-12-31 21:00:00",67
"Josh","2026-06-08 09:32:42","2026-05-30","1899-12-31 21:05:00",65
"Josh","2026-06-08 09:32:42","2026-05-30","1899-12-31 21:10:00",65
"Josh","2026-06-08 09:32:42","2026-05-30","1899-12-31 21:15:00",64
"Josh","2026-06-08 09:32:42","2026-05-30","1899-12-31 21:20:00",63
"Josh","2026-06-08 09:32:42","2026-05-30","1899-12-31 21:25:00",63
"Josh","2026-06-08 09:32:42","2026-05-30","1899-12-31 21:30:00",64
"Josh","2026-06-08 09:32:42","2026-05-30","1899-12-31 21:35:00",62
"Josh","2026-06-08 09:32:42","2026-05-30","1899-12-31 21:40:00",62
"Josh","2026-06-08 09:32:42","2026-05-30","1899-12-31 21:45:00",63
"Josh","2026-06-08 09:32:42","2026-05-30","1899-12-31 21:50:00",65
"Josh","2026-06-08 09:32:42","2026-05-30","1899-12-31 21:55:00",69
"Josh","2026-06-08 09:32:42","2026-05-30","1899-12-31 22:00:00",68
"Josh","2026-06-08 09:32:42","2026-05-30","1899-12-31 22:05:00",66
"Josh","2026-06-08 09:32:42","2026-05-30","1899-12-31 22:10:00",64
"Josh","2026-06-08 09:32:42","2026-05-30","1899-12-31 22:15:00",62
"Josh","2026-06-08 09:32:42","2026-05-30","1899-12-31 22:20:00",64
"Josh","2026-06-08 09:32:42","2026-05-30","1899-12-31 22:25:00",64
"Josh","2026-06-08 09:32:42","2026-05-30","1899-12-31 22:30:00",63
"Josh","2026-06-08 09:32:42","2026-05-30","1899-12-31 22:35:00",61
"Josh","2026-06-08 09:32:42","2026-05-30","1899-12-31 22:40:00",63
"Josh","2026-06-08 09:32:42","2026-05-30","1899-12-31 22:45:00",65
"Josh","2026-06-08 09:32:42","2026-05-30","1899-12-31 22:50:00",62
"Josh","2026-06-08 09:32:42","2026-05-30","1899-12-31 22:55:00",64
"Josh","2026-06-08 09:32:42","2026-05-30","1899-12-31 23:00:00",64
"Josh","2026-06-08 09:32:42","2026-05-30","1899-12-31 23:05:00",63
"Josh","2026-06-08 09:32:42","2026-05-30","1899-12-31 23:10:00",62
"Josh","2026-06-08 09:32:42","2026-05-30","1899-12-31 23:15:00",64
"Josh","2026-06-08 09:32:42","2026-05-30","1899-12-31 23:20:00",64
"Josh","2026-06-08 09:32:42","2026-05-30","1899-12-31 23:25:00",63
"Josh","2026-06-08 09:32:42","2026-05-30","1899-12-31 23:30:00",65
"Josh","2026-06-08 09:32:42","2026-05-30","1899-12-31 23:35:00",63
"Josh","2026-06-08 09:32:42","2026-05-30","1899-12-31 23:40:00",65
"Josh","2026-06-08 09:32:42","2026-05-30","1899-12-31 23:45:00",64
"Josh","2026-06-08 09:32:42","2026-05-30","1899-12-31 23:50:00",66
"Josh","2026-06-08 09:32:42","2026-05-30","1899-12-31 23:55:00",67
"Josh","2026-06-08 09:32:42","2026-05-31","1899-12-31",56
"Josh","2026-06-08 09:32:42","2026-05-31","1899-12-31 00:05:00",55
"Josh","2026-06-08 09:32:42","2026-05-31","1899-12-31 00:10:00",58
"Josh","2026-06-08 09:32:42","2026-05-31","1899-12-31 00:15:00",57
"Josh","2026-06-08 09:32:42","2026-05-31","1899-12-31 00:20:00",57
"Josh","2026-06-08 09:32:42","2026-05-31","1899-12-31 00:25:00",57
"Josh","2026-06-08 09:32:42","2026-05-31","1899-12-31 00:30:00",56
"Josh","2026-06-08 09:32:42","2026-05-31","1899-12-31 00:35:00",56
"Josh","2026-06-08 09:32:42","2026-05-31","1899-12-31 00:40:00",56
"Josh","2026-06-08 09:32:42","2026-05-31","1899-12-31 00:45:00",56
"Josh","2026-06-08 09:32:42","2026-05-31","1899-12-31 00:50:00",56
"Josh","2026-06-08 09:32:42","2026-05-31","1899-12-31 00:55:00",56
"Josh","2026-06-08 09:32:42","2026-05-31","1899-12-31 01:00:00",56
"Josh","2026-06-08 09:32:42","2026-05-31","1899-12-31 01:05:00",56
"Josh","2026-06-08 09:32:42","2026-05-31","1899-12-31 01:10:00",56
"Josh","2026-06-08 09:32:42","2026-05-31","1899-12-31 01:15:00",56
"Josh","2026-06-08 09:32:42","2026-05-31","1899-12-31 01:20:00",56
"Josh","2026-06-08 09:32:42","2026-05-31","1899-12-31 01:25:00",57
"Josh","2026-06-08 09:32:42","2026-05-31","1899-12-31 01:30:00",60
"Josh","2026-06-08 09:32:42","2026-05-31","1899-12-31 01:35:00",58
"Josh","2026-06-08 09:32:42","2026-05-31","1899-12-31 01:40:00",57
"Josh","2026-06-08 09:32:42","2026-05-31","1899-12-31 01:45:00",57
"Josh","2026-06-08 09:32:42","2026-05-31","1899-12-31 01:50:00",56
"Josh","2026-06-08 09:32:42","2026-05-31","1899-12-31 01:55:00",57
"Josh","2026-06-08 09:32:42","2026-05-31","1899-12-31 02:00:00",57
"Josh","2026-06-08 09:32:42","2026-05-31","1899-12-31 02:05:00",57
"Josh","2026-06-08 09:32:42","2026-05-31","1899-12-31 02:10:00",56
"Josh","2026-06-08 09:32:42","2026-05-31","1899-12-31 02:15:00",56
"Josh","2026-06-08 09:32:42","2026-05-31","1899-12-31 02:20:00",56
"Josh","2026-06-08 09:32:42","2026-05-31","1899-12-31 02:25:00",55
"Josh","2026-06-08 09:32:42","2026-05-31","1899-12-31 02:30:00",55
"Josh","2026-06-08 09:32:42","2026-05-31","1899-12-31 02:35:00",56
"Josh","2026-06-08 09:32:42","2026-05-31","1899-12-31 02:40:00",56
"Josh","2026-06-08 09:32:42","2026-05-31","1899-12-31 02:45:00",56
"Josh","2026-06-08 09:32:42","2026-05-31","1899-12-31 02:50:00",56
"Josh","2026-06-08 09:32:42","2026-05-31","1899-12-31 02:55:00",57
"Josh","2026-06-08 09:32:42","2026-05-31","1899-12-31 03:00:00",56
"Josh","2026-06-08 09:32:42","2026-05-31","1899-12-31 03:05:00",55
"Josh","2026-06-08 09:32:42","2026-05-31","1899-12-31 03:10:00",56
"Josh","2026-06-08 09:32:42","2026-05-31","1899-12-31 03:15:00",58
"Josh","2026-06-08 09:32:42","2026-05-31","1899-12-31 03:20:00",57
"Josh","2026-06-08 09:32:42","2026-05-31","1899-12-31 03:25:00",56
"Josh","2026-06-08 09:32:42","2026-05-31","1899-12-31 03:30:00",55
"Josh","2026-06-08 09:32:42","2026-05-31","1899-12-31 03:35:00",55
"Josh","2026-06-08 09:32:42","2026-05-31","1899-12-31 03:40:00",58
"Josh","2026-06-08 09:32:42","2026-05-31","1899-12-31 03:45:00",57
"Josh","2026-06-08 09:32:42","2026-05-31","1899-12-31 03:50:00",57
"Josh","2026-06-08 09:32:42","2026-05-31","1899-12-31 03:55:00",56
"Josh","2026-06-08 09:32:42","2026-05-31","1899-12-31 04:00:00",57
"Josh","2026-06-08 09:32:42","2026-05-31","1899-12-31 04:05:00",56
"Josh","2026-06-08 09:32:42","2026-05-31","1899-12-31 04:10:00",56
"Josh","2026-06-08 09:32:42","2026-05-31","1899-12-31 04:15:00",57
"Josh","2026-06-08 09:32:42","2026-05-31","1899-12-31 04:20:00",57
"Josh","2026-06-08 09:32:42","2026-05-31","1899-12-31 04:25:00",56
"Josh","2026-06-08 09:32:42","2026-05-31","1899-12-31 04:30:00",56
"Josh","2026-06-08 09:32:42","2026-05-31","1899-12-31 04:35:00",56
"Josh","2026-06-08 09:32:42","2026-05-31","1899-12-31 04:40:00",61
"Josh","2026-06-08 09:32:42","2026-05-31","1899-12-31 04:45:00",59
"Josh","2026-06-08 09:32:42","2026-05-31","1899-12-31 04:50:00",59
"Josh","2026-06-08 09:32:42","2026-05-31","1899-12-31 04:55:00",57
"Josh","2026-06-08 09:32:42","2026-05-31","1899-12-31 05:00:00",56
"Josh","2026-06-08 09:32:42","2026-05-31","1899-12-31 05:05:00",56
"Josh","2026-06-08 09:32:42","2026-05-31","1899-12-31 05:10:00",56
"Josh","2026-06-08 09:32:42","2026-05-31","1899-12-31 05:15:00",55
"Josh","2026-06-08 09:32:42","2026-05-31","1899-12-31 05:20:00",55
"Josh","2026-06-08 09:32:42","2026-05-31","1899-12-31 05:25:00",56
"Josh","2026-06-08 09:32:42","2026-05-31","1899-12-31 05:30:00",55
"Josh","2026-06-08 09:32:42","2026-05-31","1899-12-31 05:35:00",55
"Josh","2026-06-08 09:32:42","2026-05-31","1899-12-31 05:40:00",55
"Josh","2026-06-08 09:32:42","2026-05-31","1899-12-31 05:45:00",55
"Josh","2026-06-08 09:32:42","2026-05-31","1899-12-31 05:50:00",55
"Josh","2026-06-08 09:32:42","2026-05-31","1899-12-31 05:55:00",56
"Josh","2026-06-08 09:32:42","2026-05-31","1899-12-31 06:00:00",58
"Josh","2026-06-08 09:32:42","2026-05-31","1899-12-31 06:05:00",58
"Josh","2026-06-08 09:32:42","2026-05-31","1899-12-31 06:10:00",56
"Josh","2026-06-08 09:32:42","2026-05-31","1899-12-31 06:15:00",58
"Josh","2026-06-08 09:32:42","2026-05-31","1899-12-31 06:20:00",57
"Josh","2026-06-08 09:32:42","2026-05-31","1899-12-31 06:25:00",56
"Josh","2026-06-08 09:32:42","2026-05-31","1899-12-31 06:30:00",57
"Josh","2026-06-08 09:32:42","2026-05-31","1899-12-31 06:35:00",57
"Josh","2026-06-08 09:32:42","2026-05-31","1899-12-31 06:40:00",57
"Josh","2026-06-08 09:32:42","2026-05-31","1899-12-31 06:45:00",57
"Josh","2026-06-08 09:32:42","2026-05-31","1899-12-31 06:50:00",57
"Josh","2026-06-08 09:32:42","2026-05-31","1899-12-31 06:55:00",56
"Josh","2026-06-08 09:32:42","2026-05-31","1899-12-31 07:00:00",55
"Josh","2026-06-08 09:32:42","2026-05-31","1899-12-31 07:05:00",56
"Josh","2026-06-08 09:32:42","2026-05-31","1899-12-31 07:10:00",56
"Josh","2026-06-08 09:32:42","2026-05-31","1899-12-31 07:15:00",56
"Josh","2026-06-08 09:32:42","2026-05-31","1899-12-31 07:20:00",56
"Josh","2026-06-08 09:32:42","2026-05-31","1899-12-31 07:25:00",55
"Josh","2026-06-08 09:32:42","2026-05-31","1899-12-31 07:30:00",55
"Josh","2026-06-08 09:32:42","2026-05-31","1899-12-31 07:35:00",55
"Josh","2026-06-08 09:32:42","2026-05-31","1899-12-31 07:40:00",60
"Josh","2026-06-08 09:32:42","2026-05-31","1899-12-31 07:45:00",58
"Josh","2026-06-08 09:32:42","2026-05-31","1899-12-31 07:50:00",56
"Josh","2026-06-08 09:32:42","2026-05-31","1899-12-31 07:55:00",56
"Josh","2026-06-08 09:32:42","2026-05-31","1899-12-31 08:00:00",60
"Josh","2026-06-08 09:32:42","2026-05-31","1899-12-31 08:05:00",59
"Josh","2026-06-08 09:32:42","2026-05-31","1899-12-31 08:10:00",58
"Josh","2026-06-08 09:32:42","2026-05-31","1899-12-31 08:15:00",58
"Josh","2026-06-08 09:32:42","2026-05-31","1899-12-31 08:20:00",58
"Josh","2026-06-08 09:32:42","2026-05-31","1899-12-31 08:25:00",59
"Josh","2026-06-08 09:32:42","2026-05-31","1899-12-31 08:30:00",60
"Josh","2026-06-08 09:32:42","2026-05-31","1899-12-31 08:35:00",61
"Josh","2026-06-08 09:32:42","2026-05-31","1899-12-31 08:40:00",60
"Josh","2026-06-08 09:32:42","2026-05-31","1899-12-31 08:45:00",62
"Josh","2026-06-08 09:32:42","2026-05-31","1899-12-31 08:50:00",62
"Josh","2026-06-08 09:32:42","2026-05-31","1899-12-31 08:55:00",64
"Josh","2026-06-08 09:32:42","2026-05-31","1899-12-31 09:00:00",86
"Josh","2026-06-08 09:32:42","2026-05-31","1899-12-31 09:05:00",103
"Josh","2026-06-08 09:32:42","2026-05-31","1899-12-31 09:10:00",115
"Josh","2026-06-08 09:32:42","2026-05-31","1899-12-31 09:15:00",128
"Josh","2026-06-08 09:32:42","2026-05-31","1899-12-31 09:20:00",139
"Josh","2026-06-08 09:32:42","2026-05-31","1899-12-31 09:25:00",145
"Josh","2026-06-08 09:32:42","2026-05-31","1899-12-31 09:30:00",150
"Josh","2026-06-08 09:32:42","2026-05-31","1899-12-31 09:35:00",150
"Josh","2026-06-08 09:32:42","2026-05-31","1899-12-31 09:40:00",155
"Josh","2026-06-08 09:32:42","2026-05-31","1899-12-31 09:45:00",154
"Josh","2026-06-08 09:32:42","2026-05-31","1899-12-31 09:50:00",152
"Josh","2026-06-08 09:32:42","2026-05-31","1899-12-31 09:55:00",156
"Josh","2026-06-08 09:32:42","2026-05-31","1899-12-31 10:00:00",155
"Josh","2026-06-08 09:32:42","2026-05-31","1899-12-31 10:05:00",153
"Josh","2026-06-08 09:32:42","2026-05-31","1899-12-31 10:10:00",151
"Josh","2026-06-08 09:32:42","2026-05-31","1899-12-31 10:15:00",149
"Josh","2026-06-08 09:32:42","2026-05-31","1899-12-31 10:20:00",148
"Josh","2026-06-08 09:32:42","2026-05-31","1899-12-31 10:25:00",140
"Josh","2026-06-08 09:32:42","2026-05-31","1899-12-31 10:30:00",127
"Josh","2026-06-08 09:32:42","2026-05-31","1899-12-31 10:35:00",112
"Josh","2026-06-08 09:32:42","2026-05-31","1899-12-31 10:40:00",92
"Josh","2026-06-08 09:32:42","2026-05-31","1899-12-31 10:45:00",87
"Josh","2026-06-08 09:32:42","2026-05-31","1899-12-31 10:50:00",77
"Josh","2026-06-08 09:32:42","2026-05-31","1899-12-31 10:55:00",72
"Josh","2026-06-08 09:32:42","2026-05-31","1899-12-31 11:00:00",70
"Josh","2026-06-08 09:32:42","2026-05-31","1899-12-31 11:05:00",69
"Josh","2026-06-08 09:32:42","2026-05-31","1899-12-31 11:10:00",68
"Josh","2026-06-08 09:32:42","2026-05-31","1899-12-31 11:15:00",68
"Josh","2026-06-08 09:32:42","2026-05-31","1899-12-31 11:20:00",68
"Josh","2026-06-08 09:32:42","2026-05-31","1899-12-31 11:25:00",67
"Josh","2026-06-08 09:32:42","2026-05-31","1899-12-31 11:30:00",63
"Josh","2026-06-08 09:32:42","2026-05-31","1899-12-31 11:35:00",65
"Josh","2026-06-08 09:32:42","2026-05-31","1899-12-31 11:40:00",66
"Josh","2026-06-08 09:32:42","2026-05-31","1899-12-31 11:45:00",64
"Josh","2026-06-08 09:32:42","2026-05-31","1899-12-31 11:50:00",62
"Josh","2026-06-08 09:32:42","2026-05-31","1899-12-31 11:55:00",61
"Josh","2026-06-08 09:32:42","2026-05-31","1899-12-31 12:00:00",61
"Josh","2026-06-08 09:32:42","2026-05-31","1899-12-31 12:05:00",61
"Josh","2026-06-08 09:32:42","2026-05-31","1899-12-31 12:10:00",62
"Josh","2026-06-08 09:32:42","2026-05-31","1899-12-31 12:15:00",62
"Josh","2026-06-08 09:32:42","2026-05-31","1899-12-31 12:20:00",60
"Josh","2026-06-08 09:32:42","2026-05-31","1899-12-31 12:25:00",60
"Josh","2026-06-08 09:32:42","2026-05-31","1899-12-31 12:30:00",60
"Josh","2026-06-08 09:32:42","2026-05-31","1899-12-31 12:35:00",63
"Josh","2026-06-08 09:32:42","2026-05-31","1899-12-31 12:40:00",65
"Josh","2026-06-08 09:32:42","2026-05-31","1899-12-31 12:45:00",65
"Josh","2026-06-08 09:32:42","2026-05-31","1899-12-31 12:50:00",63
"Josh","2026-06-08 09:32:42","2026-05-31","1899-12-31 12:55:00",62
"Josh","2026-06-08 09:32:42","2026-05-31","1899-12-31 13:00:00",70
"Josh","2026-06-08 09:32:42","2026-05-31","1899-12-31 13:05:00",69
"Josh","2026-06-08 09:32:42","2026-05-31","1899-12-31 13:10:00",65
"Josh","2026-06-08 09:32:42","2026-05-31","1899-12-31 13:15:00",63
"Josh","2026-06-08 09:32:42","2026-05-31","1899-12-31 13:20:00",64
"Josh","2026-06-08 09:32:42","2026-05-31","1899-12-31 13:25:00",63
"Josh","2026-06-08 09:32:42","2026-05-31","1899-12-31 13:30:00",63
"Josh","2026-06-08 09:32:42","2026-05-31","1899-12-31 13:35:00",68
"Josh","2026-06-08 09:32:42","2026-05-31","1899-12-31 13:40:00",67
"Josh","2026-06-08 09:32:42","2026-05-31","1899-12-31 13:45:00",65
"Josh","2026-06-08 09:32:42","2026-05-31","1899-12-31 13:50:00",63
"Josh","2026-06-08 09:32:42","2026-05-31","1899-12-31 13:55:00",63
"Josh","2026-06-08 09:32:42","2026-05-31","1899-12-31 14:00:00",63
"Josh","2026-06-08 09:32:42","2026-05-31","1899-12-31 14:05:00",63
"Josh","2026-06-08 09:32:42","2026-05-31","1899-12-31 14:10:00",65
"Josh","2026-06-08 09:32:42","2026-05-31","1899-12-31 14:15:00",71
"Josh","2026-06-08 09:32:42","2026-05-31","1899-12-31 14:20:00",66
"Josh","2026-06-08 09:32:42","2026-05-31","1899-12-31 14:25:00",63
"Josh","2026-06-08 09:32:42","2026-05-31","1899-12-31 14:30:00",62
"Josh","2026-06-08 09:32:42","2026-05-31","1899-12-31 14:35:00",61
"Josh","2026-06-08 09:32:42","2026-05-31","1899-12-31 14:40:00",63
"Josh","2026-06-08 09:32:42","2026-05-31","1899-12-31 14:45:00",61
"Josh","2026-06-08 09:32:42","2026-05-31","1899-12-31 14:50:00",64
"Josh","2026-06-08 09:32:42","2026-05-31","1899-12-31 14:55:00",67
"Josh","2026-06-08 09:32:42","2026-05-31","1899-12-31 15:00:00",65
"Josh","2026-06-08 09:32:42","2026-05-31","1899-12-31 15:05:00",65
"Josh","2026-06-08 09:32:42","2026-05-31","1899-12-31 15:10:00",71
"Josh","2026-06-08 09:32:42","2026-05-31","1899-12-31 15:15:00",76
"Josh","2026-06-08 09:32:42","2026-05-31","1899-12-31 15:20:00",84
"Josh","2026-06-08 09:32:42","2026-05-31","1899-12-31 15:25:00",90
"Josh","2026-06-08 09:32:42","2026-05-31","1899-12-31 15:30:00",94
"Josh","2026-06-08 09:32:42","2026-05-31","1899-12-31 15:35:00",96
"Josh","2026-06-08 09:32:42","2026-05-31","1899-12-31 15:40:00",93
"Josh","2026-06-08 09:32:42","2026-05-31","1899-12-31 15:45:00",87
"Josh","2026-06-08 09:32:42","2026-05-31","1899-12-31 15:50:00",80
"Josh","2026-06-08 09:32:42","2026-05-31","1899-12-31 15:55:00",74
"Josh","2026-06-08 09:32:42","2026-05-31","1899-12-31 16:00:00",68
"Josh","2026-06-08 09:32:42","2026-05-31","1899-12-31 16:05:00",66
"Josh","2026-06-08 09:32:42","2026-05-31","1899-12-31 16:10:00",78
"Josh","2026-06-08 09:32:42","2026-05-31","1899-12-31 16:15:00",70
"Josh","2026-06-08 09:32:42","2026-05-31","1899-12-31 16:20:00",67
"Josh","2026-06-08 09:32:42","2026-05-31","1899-12-31 16:25:00",67
"Josh","2026-06-08 09:32:42","2026-05-31","1899-12-31 16:30:00",67
"Josh","2026-06-08 09:32:42","2026-05-31","1899-12-31 16:35:00",67
"Josh","2026-06-08 09:32:42","2026-05-31","1899-12-31 16:40:00",66
"Josh","2026-06-08 09:32:42","2026-05-31","1899-12-31 16:45:00",66
"Josh","2026-06-08 09:32:42","2026-05-31","1899-12-31 16:50:00",67
"Josh","2026-06-08 09:32:42","2026-05-31","1899-12-31 16:55:00",65
"Josh","2026-06-08 09:32:42","2026-05-31","1899-12-31 17:00:00",62
"Josh","2026-06-08 09:32:42","2026-05-31","1899-12-31 17:05:00",62
"Josh","2026-06-08 09:32:42","2026-05-31","1899-12-31 17:10:00",63
"Josh","2026-06-08 09:32:42","2026-05-31","1899-12-31 17:15:00",65
"Josh","2026-06-08 09:32:42","2026-05-31","1899-12-31 17:20:00",62
"Josh","2026-06-08 09:32:42","2026-05-31","1899-12-31 17:25:00",60
"Josh","2026-06-08 09:32:42","2026-05-31","1899-12-31 17:30:00",60
"Josh","2026-06-08 09:32:42","2026-05-31","1899-12-31 17:35:00",61
"Josh","2026-06-08 09:32:42","2026-05-31","1899-12-31 17:40:00",61
"Josh","2026-06-08 09:32:42","2026-05-31","1899-12-31 17:45:00",61
"Josh","2026-06-08 09:32:42","2026-05-31","1899-12-31 17:50:00",61
"Josh","2026-06-08 09:32:42","2026-05-31","1899-12-31 17:55:00",61
"Josh","2026-06-08 09:32:42","2026-05-31","1899-12-31 18:00:00",62
"Josh","2026-06-08 09:32:42","2026-05-31","1899-12-31 18:05:00",61
"Josh","2026-06-08 09:32:42","2026-05-31","1899-12-31 18:10:00",65
"Josh","2026-06-08 09:32:42","2026-05-31","1899-12-31 18:15:00",65
"Josh","2026-06-08 09:32:42","2026-05-31","1899-12-31 18:20:00",65
"Josh","2026-06-08 09:32:42","2026-05-31","1899-12-31 18:25:00",63
"Josh","2026-06-08 09:32:42","2026-05-31","1899-12-31 18:30:00",62
"Josh","2026-06-08 09:32:42","2026-05-31","1899-12-31 18:35:00",63
"Josh","2026-06-08 09:32:42","2026-05-31","1899-12-31 18:40:00",64
"Josh","2026-06-08 09:32:42","2026-05-31","1899-12-31 18:45:00",63
"Josh","2026-06-08 09:32:42","2026-05-31","1899-12-31 18:50:00",64
"Josh","2026-06-08 09:32:42","2026-05-31","1899-12-31 18:55:00",65
"Josh","2026-06-08 09:32:42","2026-05-31","1899-12-31 19:00:00",66
"Josh","2026-06-08 09:32:42","2026-05-31","1899-12-31 19:05:00",65
"Josh","2026-06-08 09:32:42","2026-05-31","1899-12-31 19:10:00",67
"Josh","2026-06-08 09:32:42","2026-05-31","1899-12-31 19:15:00",66
"Josh","2026-06-08 09:32:42","2026-05-31","1899-12-31 19:20:00",63
"Josh","2026-06-08 09:32:42","2026-05-31","1899-12-31 19:25:00",63
"Josh","2026-06-08 09:32:42","2026-05-31","1899-12-31 19:30:00",61
"Josh","2026-06-08 09:32:42","2026-05-31","1899-12-31 19:35:00",63
"Josh","2026-06-08 09:32:42","2026-05-31","1899-12-31 19:40:00",61
"Josh","2026-06-08 09:32:42","2026-05-31","1899-12-31 19:45:00",62
"Josh","2026-06-08 09:32:42","2026-05-31","1899-12-31 19:50:00",64
"Josh","2026-06-08 09:32:42","2026-05-31","1899-12-31 19:55:00",64
"Josh","2026-06-08 09:32:42","2026-05-31","1899-12-31 20:00:00",65
"Josh","2026-06-08 09:32:42","2026-05-31","1899-12-31 20:05:00",65
"Josh","2026-06-08 09:32:42","2026-05-31","1899-12-31 20:10:00",66
"Josh","2026-06-08 09:32:42","2026-05-31","1899-12-31 20:15:00",65
"Josh","2026-06-08 09:32:42","2026-05-31","1899-12-31 20:20:00",64
"Josh","2026-06-08 09:32:42","2026-05-31","1899-12-31 20:25:00",62
"Josh","2026-06-08 09:32:42","2026-05-31","1899-12-31 20:30:00",63
"Josh","2026-06-08 09:32:42","2026-05-31","1899-12-31 20:35:00",61
"Josh","2026-06-08 09:32:42","2026-05-31","1899-12-31 20:40:00",62
"Josh","2026-06-08 09:32:42","2026-05-31","1899-12-31 20:45:00",61
"Josh","2026-06-08 09:32:42","2026-05-31","1899-12-31 20:50:00",63
"Josh","2026-06-08 09:32:42","2026-05-31","1899-12-31 20:55:00",64
"Josh","2026-06-08 09:32:42","2026-05-31","1899-12-31 21:00:00",64
"Josh","2026-06-08 09:32:42","2026-05-31","1899-12-31 21:05:00",62
"Josh","2026-06-08 09:32:42","2026-05-31","1899-12-31 21:10:00",63
"Josh","2026-06-08 09:32:42","2026-05-31","1899-12-31 21:15:00",61
"Josh","2026-06-08 09:32:42","2026-05-31","1899-12-31 21:20:00",61
"Josh","2026-06-08 09:32:42","2026-05-31","1899-12-31 21:25:00",62
"Josh","2026-06-08 09:32:42","2026-05-31","1899-12-31 21:30:00",64
"Josh","2026-06-08 09:32:42","2026-05-31","1899-12-31 21:35:00",64
"Josh","2026-06-08 09:32:42","2026-05-31","1899-12-31 21:40:00",65
"Josh","2026-06-08 09:32:42","2026-05-31","1899-12-31 21:45:00",63
"Josh","2026-06-08 09:32:42","2026-05-31","1899-12-31 21:50:00",63
"Josh","2026-06-08 09:32:42","2026-05-31","1899-12-31 21:55:00",63
"Josh","2026-06-08 09:32:42","2026-05-31","1899-12-31 22:00:00",63
"Josh","2026-06-08 09:32:42","2026-05-31","1899-12-31 22:05:00",62
"Josh","2026-06-08 09:32:42","2026-05-31","1899-12-31 22:10:00",62
"Josh","2026-06-08 09:32:42","2026-05-31","1899-12-31 22:15:00",61
"Josh","2026-06-08 09:32:42","2026-05-31","1899-12-31 22:20:00",60
"Josh","2026-06-08 09:32:42","2026-05-31","1899-12-31 22:25:00",62
"Josh","2026-06-08 09:32:42","2026-05-31","1899-12-31 22:30:00",64
"Josh","2026-06-08 09:32:42","2026-05-31","1899-12-31 22:35:00",62
"Josh","2026-06-08 09:32:42","2026-05-31","1899-12-31 22:40:00",64
"Josh","2026-06-08 09:32:42","2026-05-31","1899-12-31 22:45:00",65
"Josh","2026-06-08 09:32:42","2026-05-31","1899-12-31 22:50:00",63
"Josh","2026-06-08 09:32:42","2026-05-31","1899-12-31 22:55:00",63
"Josh","2026-06-08 09:32:42","2026-05-31","1899-12-31 23:00:00",63
"Josh","2026-06-08 09:32:42","2026-05-31","1899-12-31 23:05:00",65
"Josh","2026-06-08 09:32:42","2026-05-31","1899-12-31 23:10:00",63
"Josh","2026-06-08 09:32:42","2026-05-31","1899-12-31 23:15:00",62
"Josh","2026-06-08 09:32:42","2026-05-31","1899-12-31 23:20:00",61
"Josh","2026-06-08 09:32:42","2026-05-31","1899-12-31 23:25:00",61
"Josh","2026-06-08 09:32:42","2026-05-31","1899-12-31 23:30:00",61
"Josh","2026-06-08 09:32:42","2026-05-31","1899-12-31 23:35:00",61
"Josh","2026-06-08 09:32:42","2026-05-31","1899-12-31 23:40:00",61
"Josh","2026-06-08 09:32:42","2026-05-31","1899-12-31 23:45:00",63
"Josh","2026-06-08 09:32:42","2026-05-31","1899-12-31 23:50:00",62
"Josh","2026-06-08 09:32:42","2026-05-31","1899-12-31 23:55:00",64
"Josh","2026-06-09 09:02:07","2026-06-01","1899-12-31",56
"Josh","2026-06-09 09:02:07","2026-06-01","1899-12-31 00:05:00",56
"Josh","2026-06-09 09:02:07","2026-06-01","1899-12-31 00:10:00",57
"Josh","2026-06-09 09:02:07","2026-06-01","1899-12-31 00:15:00",57
"Josh","2026-06-09 09:02:07","2026-06-01","1899-12-31 00:20:00",57
"Josh","2026-06-09 09:02:07","2026-06-01","1899-12-31 00:25:00",57
"Josh","2026-06-09 09:02:07","2026-06-01","1899-12-31 00:30:00",57
"Josh","2026-06-09 09:02:07","2026-06-01","1899-12-31 00:35:00",56
"Josh","2026-06-09 09:02:07","2026-06-01","1899-12-31 00:40:00",56
"Josh","2026-06-09 09:02:07","2026-06-01","1899-12-31 00:45:00",60
"Josh","2026-06-09 09:02:07","2026-06-01","1899-12-31 00:50:00",58
"Josh","2026-06-09 09:02:07","2026-06-01","1899-12-31 00:55:00",60
"Josh","2026-06-09 09:02:07","2026-06-01","1899-12-31 01:00:00",62
"Josh","2026-06-09 09:02:07","2026-06-01","1899-12-31 01:05:00",59
"Josh","2026-06-09 09:02:07","2026-06-01","1899-12-31 01:10:00",59
"Josh","2026-06-09 09:02:07","2026-06-01","1899-12-31 01:15:00",59
"Josh","2026-06-09 09:02:07","2026-06-01","1899-12-31 01:20:00",57
"Josh","2026-06-09 09:02:07","2026-06-01","1899-12-31 01:25:00",57
"Josh","2026-06-09 09:02:07","2026-06-01","1899-12-31 01:30:00",57
"Josh","2026-06-09 09:02:07","2026-06-01","1899-12-31 01:35:00",57
"Josh","2026-06-09 09:02:07","2026-06-01","1899-12-31 01:40:00",56
"Josh","2026-06-09 09:02:07","2026-06-01","1899-12-31 01:45:00",56
"Josh","2026-06-09 09:02:07","2026-06-01","1899-12-31 01:50:00",55
"Josh","2026-06-09 09:02:07","2026-06-01","1899-12-31 01:55:00",59
"Josh","2026-06-09 09:02:07","2026-06-01","1899-12-31 02:00:00",58
"Josh","2026-06-09 09:02:07","2026-06-01","1899-12-31 02:05:00",58
"Josh","2026-06-09 09:02:07","2026-06-01","1899-12-31 02:10:00",57
"Josh","2026-06-09 09:02:07","2026-06-01","1899-12-31 02:15:00",57
"Josh","2026-06-09 09:02:07","2026-06-01","1899-12-31 02:20:00",57
"Josh","2026-06-09 09:02:07","2026-06-01","1899-12-31 02:25:00",56
"Josh","2026-06-09 09:02:07","2026-06-01","1899-12-31 02:30:00",58
"Josh","2026-06-09 09:02:07","2026-06-01","1899-12-31 02:35:00",58
"Josh","2026-06-09 09:02:07","2026-06-01","1899-12-31 02:40:00",57
"Josh","2026-06-09 09:02:07","2026-06-01","1899-12-31 02:45:00",57
"Josh","2026-06-09 09:02:07","2026-06-01","1899-12-31 02:50:00",57
"Josh","2026-06-09 09:02:07","2026-06-01","1899-12-31 02:55:00",56
"Josh","2026-06-09 09:02:07","2026-06-01","1899-12-31 03:00:00",56
"Josh","2026-06-09 09:02:07","2026-06-01","1899-12-31 03:05:00",56
"Josh","2026-06-09 09:02:07","2026-06-01","1899-12-31 03:10:00",55
"Josh","2026-06-09 09:02:07","2026-06-01","1899-12-31 03:15:00",56
"Josh","2026-06-09 09:02:07","2026-06-01","1899-12-31 03:20:00",56
"Josh","2026-06-09 09:02:07","2026-06-01","1899-12-31 03:25:00",57
"Josh","2026-06-09 09:02:07","2026-06-01","1899-12-31 03:30:00",57
"Josh","2026-06-09 09:02:07","2026-06-01","1899-12-31 03:35:00",56
"Josh","2026-06-09 09:02:07","2026-06-01","1899-12-31 03:40:00",56
"Josh","2026-06-09 09:02:07","2026-06-01","1899-12-31 03:45:00",56
"Josh","2026-06-09 09:02:07","2026-06-01","1899-12-31 03:50:00",56
"Josh","2026-06-09 09:02:07","2026-06-01","1899-12-31 03:55:00",56
"Josh","2026-06-09 09:02:07","2026-06-01","1899-12-31 04:00:00",56
"Josh","2026-06-09 09:02:07","2026-06-01","1899-12-31 04:05:00",55
"Josh","2026-06-09 09:02:07","2026-06-01","1899-12-31 04:10:00",56
"Josh","2026-06-09 09:02:07","2026-06-01","1899-12-31 04:15:00",59
"Josh","2026-06-09 09:02:07","2026-06-01","1899-12-31 04:20:00",59
"Josh","2026-06-09 09:02:07","2026-06-01","1899-12-31 04:25:00",58
"Josh","2026-06-09 09:02:07","2026-06-01","1899-12-31 04:30:00",57
"Josh","2026-06-09 09:02:07","2026-06-01","1899-12-31 04:35:00",57
"Josh","2026-06-09 09:02:07","2026-06-01","1899-12-31 04:40:00",56
"Josh","2026-06-09 09:02:07","2026-06-01","1899-12-31 04:45:00",55
"Josh","2026-06-09 09:02:07","2026-06-01","1899-12-31 04:50:00",55
"Josh","2026-06-09 09:02:07","2026-06-01","1899-12-31 04:55:00",56
"Josh","2026-06-09 09:02:07","2026-06-01","1899-12-31 05:00:00",56
"Josh","2026-06-09 09:02:07","2026-06-01","1899-12-31 05:05:00",56
"Josh","2026-06-09 09:02:07","2026-06-01","1899-12-31 05:10:00",56
"Josh","2026-06-09 09:02:07","2026-06-01","1899-12-31 05:15:00",56
"Josh","2026-06-09 09:02:07","2026-06-01","1899-12-31 05:20:00",57
"Josh","2026-06-09 09:02:07","2026-06-01","1899-12-31 05:25:00",57
"Josh","2026-06-09 09:02:07","2026-06-01","1899-12-31 05:30:00",57
"Josh","2026-06-09 09:02:07","2026-06-01","1899-12-31 05:35:00",57
"Josh","2026-06-09 09:02:07","2026-06-01","1899-12-31 05:40:00",56
"Josh","2026-06-09 09:02:07","2026-06-01","1899-12-31 05:45:00",56
"Josh","2026-06-09 09:02:07","2026-06-01","1899-12-31 05:50:00",55
"Josh","2026-06-09 09:02:07","2026-06-01","1899-12-31 05:55:00",55
"Josh","2026-06-09 09:02:07","2026-06-01","1899-12-31 06:00:00",55
"Josh","2026-06-09 09:02:07","2026-06-01","1899-12-31 06:05:00",56
"Josh","2026-06-09 09:02:07","2026-06-01","1899-12-31 06:10:00",56
"Josh","2026-06-09 09:02:07","2026-06-01","1899-12-31 06:15:00",56
"Josh","2026-06-09 09:02:07","2026-06-01","1899-12-31 06:20:00",57
"Josh","2026-06-09 09:02:07","2026-06-01","1899-12-31 06:25:00",57
"Josh","2026-06-09 09:02:07","2026-06-01","1899-12-31 06:30:00",56
"Josh","2026-06-09 09:02:07","2026-06-01","1899-12-31 06:35:00",56
"Josh","2026-06-09 09:02:07","2026-06-01","1899-12-31 06:40:00",60
"Josh","2026-06-09 09:02:07","2026-06-01","1899-12-31 06:45:00",58
"Josh","2026-06-09 09:02:07","2026-06-01","1899-12-31 06:50:00",56
"Josh","2026-06-09 09:02:07","2026-06-01","1899-12-31 06:55:00",55
"Josh","2026-06-09 09:02:07","2026-06-01","1899-12-31 07:00:00",55
"Josh","2026-06-09 09:02:07","2026-06-01","1899-12-31 07:05:00",55
"Josh","2026-06-09 09:02:07","2026-06-01","1899-12-31 07:10:00",59
"Josh","2026-06-09 09:02:07","2026-06-01","1899-12-31 07:15:00",58
"Josh","2026-06-09 09:02:07","2026-06-01","1899-12-31 07:20:00",57
"Josh","2026-06-09 09:02:07","2026-06-01","1899-12-31 07:25:00",57
"Josh","2026-06-09 09:02:07","2026-06-01","1899-12-31 07:30:00",56
"Josh","2026-06-09 09:02:07","2026-06-01","1899-12-31 07:35:00",56
"Josh","2026-06-09 09:02:07","2026-06-01","1899-12-31 07:40:00",57
"Josh","2026-06-09 09:02:07","2026-06-01","1899-12-31 07:45:00",58
"Josh","2026-06-09 09:02:07","2026-06-01","1899-12-31 07:50:00",59
"Josh","2026-06-09 09:02:07","2026-06-01","1899-12-31 07:55:00",60
"Josh","2026-06-09 09:02:07","2026-06-01","1899-12-31 08:00:00",61
"Josh","2026-06-09 09:02:07","2026-06-01","1899-12-31 08:05:00",60
"Josh","2026-06-09 09:02:07","2026-06-01","1899-12-31 08:10:00",66
"Josh","2026-06-09 09:02:07","2026-06-01","1899-12-31 08:15:00",64
"Josh","2026-06-09 09:02:07","2026-06-01","1899-12-31 08:20:00",74
"Josh","2026-06-09 09:02:07","2026-06-01","1899-12-31 08:25:00",85
"Josh","2026-06-09 09:02:07","2026-06-01","1899-12-31 08:30:00",91
"Josh","2026-06-09 09:02:07","2026-06-01","1899-12-31 08:35:00",93
"Josh","2026-06-09 09:02:07","2026-06-01","1899-12-31 08:40:00",91
"Josh","2026-06-09 09:02:07","2026-06-01","1899-12-31 08:45:00",87
"Josh","2026-06-09 09:02:07","2026-06-01","1899-12-31 08:50:00",77
"Josh","2026-06-09 09:02:07","2026-06-01","1899-12-31 08:55:00",71
"Josh","2026-06-09 09:02:07","2026-06-01","1899-12-31 09:00:00",67
"Josh","2026-06-09 09:02:07","2026-06-01","1899-12-31 09:05:00",64
"Josh","2026-06-09 09:02:07","2026-06-01","1899-12-31 09:10:00",62
"Josh","2026-06-09 09:02:07","2026-06-01","1899-12-31 09:15:00",62
"Josh","2026-06-09 09:02:07","2026-06-01","1899-12-31 09:20:00",63
"Josh","2026-06-09 09:02:07","2026-06-01","1899-12-31 09:25:00",65
"Josh","2026-06-09 09:02:07","2026-06-01","1899-12-31 09:30:00",66
"Josh","2026-06-09 09:02:07","2026-06-01","1899-12-31 09:35:00",66
"Josh","2026-06-09 09:02:07","2026-06-01","1899-12-31 09:40:00",63
"Josh","2026-06-09 09:02:07","2026-06-01","1899-12-31 09:45:00",61
"Josh","2026-06-09 09:02:07","2026-06-01","1899-12-31 09:50:00",63
"Josh","2026-06-09 09:02:07","2026-06-01","1899-12-31 09:55:00",65
"Josh","2026-06-09 09:02:07","2026-06-01","1899-12-31 10:00:00",65
"Josh","2026-06-09 09:02:07","2026-06-01","1899-12-31 10:05:00",62
"Josh","2026-06-09 09:02:07","2026-06-01","1899-12-31 10:10:00",64
"Josh","2026-06-09 09:02:07","2026-06-01","1899-12-31 10:15:00",65
"Josh","2026-06-09 09:02:07","2026-06-01","1899-12-31 10:20:00",66
"Josh","2026-06-09 09:02:07","2026-06-01","1899-12-31 10:25:00",64
"Josh","2026-06-09 09:02:07","2026-06-01","1899-12-31 10:30:00",62
"Josh","2026-06-09 09:02:07","2026-06-01","1899-12-31 10:35:00",62
"Josh","2026-06-09 09:02:07","2026-06-01","1899-12-31 10:40:00",63
"Josh","2026-06-09 09:02:07","2026-06-01","1899-12-31 10:45:00",61
"Josh","2026-06-09 09:02:07","2026-06-01","1899-12-31 10:50:00",63
"Josh","2026-06-09 09:02:07","2026-06-01","1899-12-31 10:55:00",63
"Josh","2026-06-09 09:02:07","2026-06-01","1899-12-31 11:00:00",62
"Josh","2026-06-09 09:02:07","2026-06-01","1899-12-31 11:05:00",64
"Josh","2026-06-09 09:02:07","2026-06-01","1899-12-31 11:10:00",64
"Josh","2026-06-09 09:02:07","2026-06-01","1899-12-31 11:15:00",62
"Josh","2026-06-09 09:02:07","2026-06-01","1899-12-31 11:20:00",64
"Josh","2026-06-09 09:02:07","2026-06-01","1899-12-31 11:25:00",66
"Josh","2026-06-09 09:02:07","2026-06-01","1899-12-31 11:30:00",63
"Josh","2026-06-09 09:02:07","2026-06-01","1899-12-31 11:35:00",64
"Josh","2026-06-09 09:02:07","2026-06-01","1899-12-31 11:40:00",64
"Josh","2026-06-09 09:02:07","2026-06-01","1899-12-31 11:45:00",62
"Josh","2026-06-09 09:02:07","2026-06-01","1899-12-31 11:50:00",64
"Josh","2026-06-09 09:02:07","2026-06-01","1899-12-31 11:55:00",65
"Josh","2026-06-09 09:02:07","2026-06-01","1899-12-31 12:00:00",79
"Josh","2026-06-09 09:02:07","2026-06-01","1899-12-31 12:05:00",90
"Josh","2026-06-09 09:02:07","2026-06-01","1899-12-31 12:10:00",102
"Josh","2026-06-09 09:02:07","2026-06-01","1899-12-31 12:15:00",107
"Josh","2026-06-09 09:02:07","2026-06-01","1899-12-31 12:20:00",110
"Josh","2026-06-09 09:02:07","2026-06-01","1899-12-31 12:25:00",109
"Josh","2026-06-09 09:02:07","2026-06-01","1899-12-31 12:30:00",111
"Josh","2026-06-09 09:02:07","2026-06-01","1899-12-31 12:35:00",112
"Josh","2026-06-09 09:02:07","2026-06-01","1899-12-31 12:40:00",110
"Josh","2026-06-09 09:02:07","2026-06-01","1899-12-31 12:45:00",109
"Josh","2026-06-09 09:02:07","2026-06-01","1899-12-31 12:50:00",107
"Josh","2026-06-09 09:02:07","2026-06-01","1899-12-31 12:55:00",101
"Josh","2026-06-09 09:02:07","2026-06-01","1899-12-31 13:00:00",91
"Josh","2026-06-09 09:02:07","2026-06-01","1899-12-31 13:05:00",79
"Josh","2026-06-09 09:02:07","2026-06-01","1899-12-31 13:10:00",71
"Josh","2026-06-09 09:02:07","2026-06-01","1899-12-31 13:15:00",68
"Josh","2026-06-09 09:02:07","2026-06-01","1899-12-31 13:20:00",64
"Josh","2026-06-09 09:02:07","2026-06-01","1899-12-31 13:25:00",64
"Josh","2026-06-09 09:02:07","2026-06-01","1899-12-31 13:30:00",63
"Josh","2026-06-09 09:02:07","2026-06-01","1899-12-31 13:35:00",65
"Josh","2026-06-09 09:02:07","2026-06-01","1899-12-31 13:40:00",66
"Josh","2026-06-09 09:02:07","2026-06-01","1899-12-31 13:45:00",63
"Josh","2026-06-09 09:02:07","2026-06-01","1899-12-31 13:50:00",65
"Josh","2026-06-09 09:02:07","2026-06-01","1899-12-31 13:55:00",64
"Josh","2026-06-09 09:02:07","2026-06-01","1899-12-31 14:00:00",62
"Josh","2026-06-09 09:02:07","2026-06-01","1899-12-31 14:05:00",60
"Josh","2026-06-09 09:02:07","2026-06-01","1899-12-31 14:10:00",61
"Josh","2026-06-09 09:02:07","2026-06-01","1899-12-31 14:15:00",63
"Josh","2026-06-09 09:02:07","2026-06-01","1899-12-31 14:20:00",63
"Josh","2026-06-09 09:02:07","2026-06-01","1899-12-31 14:25:00",65
"Josh","2026-06-09 09:02:07","2026-06-01","1899-12-31 14:30:00",63
"Josh","2026-06-09 09:02:07","2026-06-01","1899-12-31 14:35:00",65
"Josh","2026-06-09 09:02:07","2026-06-01","1899-12-31 14:40:00",65
"Josh","2026-06-09 09:02:07","2026-06-01","1899-12-31 14:45:00",65
"Josh","2026-06-09 09:02:07","2026-06-01","1899-12-31 14:50:00",66
"Josh","2026-06-09 09:02:07","2026-06-01","1899-12-31 14:55:00",64
"Josh","2026-06-09 09:02:07","2026-06-01","1899-12-31 15:00:00",62
"Josh","2026-06-09 09:02:07","2026-06-01","1899-12-31 15:05:00",61
"Josh","2026-06-09 09:02:07","2026-06-01","1899-12-31 15:10:00",63
"Josh","2026-06-09 09:02:07","2026-06-01","1899-12-31 15:15:00",61
"Josh","2026-06-09 09:02:07","2026-06-01","1899-12-31 15:20:00",61
"Josh","2026-06-09 09:02:07","2026-06-01","1899-12-31 15:25:00",61
"Josh","2026-06-09 09:02:07","2026-06-01","1899-12-31 15:30:00",60
"Josh","2026-06-09 09:02:07","2026-06-01","1899-12-31 15:35:00",60
"Josh","2026-06-09 09:02:07","2026-06-01","1899-12-31 15:40:00",59
"Josh","2026-06-09 09:02:07","2026-06-01","1899-12-31 15:45:00",61
"Josh","2026-06-09 09:02:07","2026-06-01","1899-12-31 15:50:00",61
"Josh","2026-06-09 09:02:07","2026-06-01","1899-12-31 15:55:00",63
"Josh","2026-06-09 09:02:07","2026-06-01","1899-12-31 16:00:00",63
"Josh","2026-06-09 09:02:07","2026-06-01","1899-12-31 16:05:00",64
"Josh","2026-06-09 09:02:07","2026-06-01","1899-12-31 16:10:00",64
"Josh","2026-06-09 09:02:07","2026-06-01","1899-12-31 16:15:00",63
"Josh","2026-06-09 09:02:07","2026-06-01","1899-12-31 16:20:00",61
"Josh","2026-06-09 09:02:07","2026-06-01","1899-12-31 16:25:00",64
"Josh","2026-06-09 09:02:07","2026-06-01","1899-12-31 16:30:00",63
"Josh","2026-06-09 09:02:07","2026-06-01","1899-12-31 16:35:00",63
"Josh","2026-06-09 09:02:07","2026-06-01","1899-12-31 16:40:00",63
"Josh","2026-06-09 09:02:07","2026-06-01","1899-12-31 16:45:00",61
"Josh","2026-06-09 09:02:07","2026-06-01","1899-12-31 16:50:00",64
"Josh","2026-06-09 09:02:07","2026-06-01","1899-12-31 16:55:00",64
"Josh","2026-06-09 09:02:07","2026-06-01","1899-12-31 17:00:00",63
"Josh","2026-06-09 09:02:07","2026-06-01","1899-12-31 17:05:00",61
"Josh","2026-06-09 09:02:07","2026-06-01","1899-12-31 17:10:00",62
"Josh","2026-06-09 09:02:07","2026-06-01","1899-12-31 17:15:00",63
"Josh","2026-06-09 09:02:07","2026-06-01","1899-12-31 17:20:00",63
"Josh","2026-06-09 09:02:07","2026-06-01","1899-12-31 17:25:00",64
"Josh","2026-06-09 09:02:07","2026-06-01","1899-12-31 17:30:00",77
"Josh","2026-06-09 09:02:07","2026-06-01","1899-12-31 17:35:00",98
"Josh","2026-06-09 09:02:07","2026-06-01","1899-12-31 17:40:00",110
"Josh","2026-06-09 09:02:07","2026-06-01","1899-12-31 17:45:00",128
"Josh","2026-06-09 09:02:07","2026-06-01","1899-12-31 17:50:00",136
"Josh","2026-06-09 09:02:07","2026-06-01","1899-12-31 17:55:00",145
"Josh","2026-06-09 09:02:07","2026-06-01","1899-12-31 18:00:00",151
"Josh","2026-06-09 09:02:07","2026-06-01","1899-12-31 18:05:00",153
"Josh","2026-06-09 09:02:07","2026-06-01","1899-12-31 18:10:00",156
"Josh","2026-06-09 09:02:07","2026-06-01","1899-12-31 18:15:00",154
"Josh","2026-06-09 09:02:07","2026-06-01","1899-12-31 18:20:00",151
"Josh","2026-06-09 09:02:07","2026-06-01","1899-12-31 18:25:00",153
"Josh","2026-06-09 09:02:07","2026-06-01","1899-12-31 18:30:00",150
"Josh","2026-06-09 09:02:07","2026-06-01","1899-12-31 18:35:00",147
"Josh","2026-06-09 09:02:07","2026-06-01","1899-12-31 18:40:00",143
"Josh","2026-06-09 09:02:07","2026-06-01","1899-12-31 18:45:00",133
"Josh","2026-06-09 09:02:07","2026-06-01","1899-12-31 18:50:00",120
"Josh","2026-06-09 09:02:07","2026-06-01","1899-12-31 18:55:00",104
"Josh","2026-06-09 09:02:07","2026-06-01","1899-12-31 19:00:00",89
"Josh","2026-06-09 09:02:07","2026-06-01","1899-12-31 19:05:00",78
"Josh","2026-06-09 09:02:07","2026-06-01","1899-12-31 19:10:00",77
"Josh","2026-06-09 09:02:07","2026-06-01","1899-12-31 19:15:00",70
"Josh","2026-06-09 09:02:07","2026-06-01","1899-12-31 19:20:00",66
"Josh","2026-06-09 09:02:07","2026-06-01","1899-12-31 19:25:00",65
"Josh","2026-06-09 09:02:07","2026-06-01","1899-12-31 19:30:00",66
"Josh","2026-06-09 09:02:07","2026-06-01","1899-12-31 19:35:00",64
"Josh","2026-06-09 09:02:07","2026-06-01","1899-12-31 19:40:00",63
"Josh","2026-06-09 09:02:07","2026-06-01","1899-12-31 19:45:00",64
"Josh","2026-06-09 09:02:07","2026-06-01","1899-12-31 19:50:00",65
"Josh","2026-06-09 09:02:07","2026-06-01","1899-12-31 19:55:00",65
"Josh","2026-06-09 09:02:07","2026-06-01","1899-12-31 20:00:00",63
"Josh","2026-06-09 09:02:07","2026-06-01","1899-12-31 20:05:00",64
"Josh","2026-06-09 09:02:07","2026-06-01","1899-12-31 20:10:00",64
"Josh","2026-06-09 09:02:07","2026-06-01","1899-12-31 20:15:00",64
"Josh","2026-06-09 09:02:07","2026-06-01","1899-12-31 20:20:00",62
"Josh","2026-06-09 09:02:07","2026-06-01","1899-12-31 20:25:00",62
"Josh","2026-06-09 09:02:07","2026-06-01","1899-12-31 20:30:00",64
"Josh","2026-06-09 09:02:07","2026-06-01","1899-12-31 20:35:00",64
"Josh","2026-06-09 09:02:07","2026-06-01","1899-12-31 20:40:00",63
"Josh","2026-06-09 09:02:07","2026-06-01","1899-12-31 20:45:00",65
"Josh","2026-06-09 09:02:07","2026-06-01","1899-12-31 20:50:00",62
"Josh","2026-06-09 09:02:07","2026-06-01","1899-12-31 20:55:00",61
"Josh","2026-06-09 09:02:07","2026-06-01","1899-12-31 21:00:00",64
"Josh","2026-06-09 09:02:07","2026-06-01","1899-12-31 21:05:00",66
"Josh","2026-06-09 09:02:07","2026-06-01","1899-12-31 21:10:00",65
"Josh","2026-06-09 09:02:07","2026-06-01","1899-12-31 21:15:00",64
"Josh","2026-06-09 09:02:07","2026-06-01","1899-12-31 21:20:00",65
"Josh","2026-06-09 09:02:07","2026-06-01","1899-12-31 21:25:00",66
"Josh","2026-06-09 09:02:07","2026-06-01","1899-12-31 21:30:00",64
"Josh","2026-06-09 09:02:07","2026-06-01","1899-12-31 21:35:00",62
"Josh","2026-06-09 09:02:07","2026-06-01","1899-12-31 21:40:00",61
"Josh","2026-06-09 09:02:07","2026-06-01","1899-12-31 21:45:00",63
"Josh","2026-06-09 09:02:07","2026-06-01","1899-12-31 21:50:00",65
"Josh","2026-06-09 09:02:07","2026-06-01","1899-12-31 21:55:00",65
"Josh","2026-06-09 09:02:07","2026-06-01","1899-12-31 22:00:00",62
"Josh","2026-06-09 09:02:07","2026-06-01","1899-12-31 22:05:00",61
"Josh","2026-06-09 09:02:07","2026-06-01","1899-12-31 22:10:00",60
"Josh","2026-06-09 09:02:07","2026-06-01","1899-12-31 22:15:00",60
"Josh","2026-06-09 09:02:07","2026-06-01","1899-12-31 22:20:00",63
"Josh","2026-06-09 09:02:07","2026-06-01","1899-12-31 22:25:00",63
"Josh","2026-06-09 09:02:07","2026-06-01","1899-12-31 22:30:00",63
"Josh","2026-06-09 09:02:07","2026-06-01","1899-12-31 22:35:00",63
"Josh","2026-06-09 09:02:07","2026-06-01","1899-12-31 22:40:00",65
"Josh","2026-06-09 09:02:07","2026-06-01","1899-12-31 22:45:00",62
"Josh","2026-06-09 09:02:07","2026-06-01","1899-12-31 22:50:00",64
"Josh","2026-06-09 09:02:07","2026-06-01","1899-12-31 22:55:00",62
"Josh","2026-06-09 09:02:07","2026-06-01","1899-12-31 23:00:00",64
"Josh","2026-06-09 09:02:07","2026-06-01","1899-12-31 23:05:00",64
"Josh","2026-06-09 09:02:07","2026-06-01","1899-12-31 23:10:00",64
"Josh","2026-06-09 09:02:07","2026-06-01","1899-12-31 23:15:00",64
"Josh","2026-06-09 09:02:07","2026-06-01","1899-12-31 23:20:00",64
"Josh","2026-06-09 09:02:07","2026-06-01","1899-12-31 23:25:00",62
"Josh","2026-06-09 09:02:07","2026-06-01","1899-12-31 23:30:00",64
"Josh","2026-06-09 09:02:07","2026-06-01","1899-12-31 23:35:00",62
"Josh","2026-06-09 09:02:07","2026-06-01","1899-12-31 23:40:00",64
"Josh","2026-06-09 09:02:07","2026-06-01","1899-12-31 23:45:00",64
"Josh","2026-06-09 09:02:07","2026-06-01","1899-12-31 23:50:00",64
"Josh","2026-06-09 09:02:07","2026-06-01","1899-12-31 23:55:00",64
"Josh","2026-06-09 09:02:07","2026-06-02","1899-12-31",57
"Josh","2026-06-09 09:02:07","2026-06-02","1899-12-31 00:05:00",58
"Josh","2026-06-09 09:02:07","2026-06-02","1899-12-31 00:10:00",58
"Josh","2026-06-09 09:02:07","2026-06-02","1899-12-31 00:15:00",58
"Josh","2026-06-09 09:02:07","2026-06-02","1899-12-31 00:20:00",57
"Josh","2026-06-09 09:02:07","2026-06-02","1899-12-31 00:25:00",56
"Josh","2026-06-09 09:02:07","2026-06-02","1899-12-31 00:30:00",56
"Josh","2026-06-09 09:02:07","2026-06-02","1899-12-31 00:35:00",56
"Josh","2026-06-09 09:02:07","2026-06-02","1899-12-31 00:40:00",56
"Josh","2026-06-09 09:02:07","2026-06-02","1899-12-31 00:45:00",56
"Josh","2026-06-09 09:02:07","2026-06-02","1899-12-31 00:50:00",56
"Josh","2026-06-09 09:02:07","2026-06-02","1899-12-31 00:55:00",56
"Josh","2026-06-09 09:02:07","2026-06-02","1899-12-31 01:00:00",55
"Josh","2026-06-09 09:02:07","2026-06-02","1899-12-31 01:05:00",55
"Josh","2026-06-09 09:02:07","2026-06-02","1899-12-31 01:10:00",55
"Josh","2026-06-09 09:02:07","2026-06-02","1899-12-31 01:15:00",55
"Josh","2026-06-09 09:02:07","2026-06-02","1899-12-31 01:20:00",56
"Josh","2026-06-09 09:02:07","2026-06-02","1899-12-31 01:25:00",56
"Josh","2026-06-09 09:02:07","2026-06-02","1899-12-31 01:30:00",56
"Josh","2026-06-09 09:02:07","2026-06-02","1899-12-31 01:35:00",55
"Josh","2026-06-09 09:02:07","2026-06-02","1899-12-31 01:40:00",56
"Josh","2026-06-09 09:02:07","2026-06-02","1899-12-31 01:45:00",57
"Josh","2026-06-09 09:02:07","2026-06-02","1899-12-31 01:50:00",59
"Josh","2026-06-09 09:02:07","2026-06-02","1899-12-31 01:55:00",58
"Josh","2026-06-09 09:02:07","2026-06-02","1899-12-31 02:00:00",58
"Josh","2026-06-09 09:02:07","2026-06-02","1899-12-31 02:05:00",56
"Josh","2026-06-09 09:02:07","2026-06-02","1899-12-31 02:10:00",56
"Josh","2026-06-09 09:02:07","2026-06-02","1899-12-31 02:15:00",56
"Josh","2026-06-09 09:02:07","2026-06-02","1899-12-31 02:20:00",57
"Josh","2026-06-09 09:02:07","2026-06-02","1899-12-31 02:25:00",57
"Josh","2026-06-09 09:02:07","2026-06-02","1899-12-31 02:30:00",56
"Josh","2026-06-09 09:02:07","2026-06-02","1899-12-31 02:35:00",56
"Josh","2026-06-09 09:02:07","2026-06-02","1899-12-31 02:40:00",55
"Josh","2026-06-09 09:02:07","2026-06-02","1899-12-31 02:45:00",56
"Josh","2026-06-09 09:02:07","2026-06-02","1899-12-31 02:50:00",56
"Josh","2026-06-09 09:02:07","2026-06-02","1899-12-31 02:55:00",56
"Josh","2026-06-09 09:02:07","2026-06-02","1899-12-31 03:00:00",57
"Josh","2026-06-09 09:02:07","2026-06-02","1899-12-31 03:05:00",56
"Josh","2026-06-09 09:02:07","2026-06-02","1899-12-31 03:10:00",57
"Josh","2026-06-09 09:02:07","2026-06-02","1899-12-31 03:15:00",57
"Josh","2026-06-09 09:02:07","2026-06-02","1899-12-31 03:20:00",56
"Josh","2026-06-09 09:02:07","2026-06-02","1899-12-31 03:25:00",56
"Josh","2026-06-09 09:02:07","2026-06-02","1899-12-31 03:30:00",57
"Josh","2026-06-09 09:02:07","2026-06-02","1899-12-31 03:35:00",57
"Josh","2026-06-09 09:02:07","2026-06-02","1899-12-31 03:40:00",57
"Josh","2026-06-09 09:02:07","2026-06-02","1899-12-31 03:45:00",61
"Josh","2026-06-09 09:02:07","2026-06-02","1899-12-31 03:50:00",58
"Josh","2026-06-09 09:02:07","2026-06-02","1899-12-31 03:55:00",58
"Josh","2026-06-09 09:02:07","2026-06-02","1899-12-31 04:00:00",57
"Josh","2026-06-09 09:02:07","2026-06-02","1899-12-31 04:05:00",57
"Josh","2026-06-09 09:02:07","2026-06-02","1899-12-31 04:10:00",56
"Josh","2026-06-09 09:02:07","2026-06-02","1899-12-31 04:15:00",57
"Josh","2026-06-09 09:02:07","2026-06-02","1899-12-31 04:20:00",57
"Josh","2026-06-09 09:02:07","2026-06-02","1899-12-31 04:25:00",57
"Josh","2026-06-09 09:02:07","2026-06-02","1899-12-31 04:30:00",56
"Josh","2026-06-09 09:02:07","2026-06-02","1899-12-31 04:35:00",56
"Josh","2026-06-09 09:02:07","2026-06-02","1899-12-31 04:40:00",56
"Josh","2026-06-09 09:02:07","2026-06-02","1899-12-31 04:45:00",56
"Josh","2026-06-09 09:02:07","2026-06-02","1899-12-31 04:50:00",56
"Josh","2026-06-09 09:02:07","2026-06-02","1899-12-31 04:55:00",56
"Josh","2026-06-09 09:02:07","2026-06-02","1899-12-31 05:00:00",56
"Josh","2026-06-09 09:02:07","2026-06-02","1899-12-31 05:05:00",56
"Josh","2026-06-09 09:02:07","2026-06-02","1899-12-31 05:10:00",57
"Josh","2026-06-09 09:02:07","2026-06-02","1899-12-31 05:15:00",57
"Josh","2026-06-09 09:02:07","2026-06-02","1899-12-31 05:20:00",56
"Josh","2026-06-09 09:02:07","2026-06-02","1899-12-31 05:25:00",56
"Josh","2026-06-09 09:02:07","2026-06-02","1899-12-31 05:30:00",55
"Josh","2026-06-09 09:02:07","2026-06-02","1899-12-31 05:35:00",56
"Josh","2026-06-09 09:02:07","2026-06-02","1899-12-31 05:40:00",56
"Josh","2026-06-09 09:02:07","2026-06-02","1899-12-31 05:45:00",56
"Josh","2026-06-09 09:02:07","2026-06-02","1899-12-31 05:50:00",57
"Josh","2026-06-09 09:02:07","2026-06-02","1899-12-31 05:55:00",56
"Josh","2026-06-09 09:02:07","2026-06-02","1899-12-31 06:00:00",56
"Josh","2026-06-09 09:02:07","2026-06-02","1899-12-31 06:05:00",56
"Josh","2026-06-09 09:02:07","2026-06-02","1899-12-31 06:10:00",56
"Josh","2026-06-09 09:02:07","2026-06-02","1899-12-31 06:15:00",55
"Josh","2026-06-09 09:02:07","2026-06-02","1899-12-31 06:20:00",56
"Josh","2026-06-09 09:02:07","2026-06-02","1899-12-31 06:25:00",56
"Josh","2026-06-09 09:02:07","2026-06-02","1899-12-31 06:30:00",58
"Josh","2026-06-09 09:02:07","2026-06-02","1899-12-31 06:35:00",58
"Josh","2026-06-09 09:02:07","2026-06-02","1899-12-31 06:40:00",58
"Josh","2026-06-09 09:02:07","2026-06-02","1899-12-31 06:45:00",56
"Josh","2026-06-09 09:02:07","2026-06-02","1899-12-31 06:50:00",56
"Josh","2026-06-09 09:02:07","2026-06-02","1899-12-31 06:55:00",56
"Josh","2026-06-09 09:02:07","2026-06-02","1899-12-31 07:00:00",56
"Josh","2026-06-09 09:02:07","2026-06-02","1899-12-31 07:05:00",60
"Josh","2026-06-09 09:02:07","2026-06-02","1899-12-31 07:10:00",58
"Josh","2026-06-09 09:02:07","2026-06-02","1899-12-31 07:15:00",60
"Josh","2026-06-09 09:02:07","2026-06-02","1899-12-31 07:20:00",59
"Josh","2026-06-09 09:02:07","2026-06-02","1899-12-31 07:25:00",58
"Josh","2026-06-09 09:02:07","2026-06-02","1899-12-31 07:30:00",58
"Josh","2026-06-09 09:02:07","2026-06-02","1899-12-31 07:35:00",57
"Josh","2026-06-09 09:02:07","2026-06-02","1899-12-31 07:40:00",57
"Josh","2026-06-09 09:02:07","2026-06-02","1899-12-31 07:45:00",58
"Josh","2026-06-09 09:02:07","2026-06-02","1899-12-31 07:50:00",59
"Josh","2026-06-09 09:02:07","2026-06-02","1899-12-31 07:55:00",60
"Josh","2026-06-09 09:02:07","2026-06-02","1899-12-31 08:00:00",61
"Josh","2026-06-09 09:02:07","2026-06-02","1899-12-31 08:05:00",65
"Josh","2026-06-09 09:02:07","2026-06-02","1899-12-31 08:10:00",63
"Josh","2026-06-09 09:02:07","2026-06-02","1899-12-31 08:15:00",61
"Josh","2026-06-09 09:02:07","2026-06-02","1899-12-31 08:20:00",75
"Josh","2026-06-09 09:02:07","2026-06-02","1899-12-31 08:25:00",83
"Josh","2026-06-09 09:02:07","2026-06-02","1899-12-31 08:30:00",87
"Josh","2026-06-09 09:02:07","2026-06-02","1899-12-31 08:35:00",83
"Josh","2026-06-09 09:02:07","2026-06-02","1899-12-31 08:40:00",88
"Josh","2026-06-09 09:02:07","2026-06-02","1899-12-31 08:45:00",88
"Josh","2026-06-09 09:02:07","2026-06-02","1899-12-31 08:50:00",77
"Josh","2026-06-09 09:02:07","2026-06-02","1899-12-31 08:55:00",73
"Josh","2026-06-09 09:02:07","2026-06-02","1899-12-31 09:00:00",70
"Josh","2026-06-09 09:02:07","2026-06-02","1899-12-31 09:05:00",68
"Josh","2026-06-09 09:02:07","2026-06-02","1899-12-31 09:10:00",67
"Josh","2026-06-09 09:02:07","2026-06-02","1899-12-31 09:15:00",63
"Josh","2026-06-09 09:02:07","2026-06-02","1899-12-31 09:20:00",61
"Josh","2026-06-09 09:02:07","2026-06-02","1899-12-31 09:25:00",60
"Josh","2026-06-09 09:02:07","2026-06-02","1899-12-31 09:30:00",60
"Josh","2026-06-09 09:02:07","2026-06-02","1899-12-31 09:35:00",61
"Josh","2026-06-09 09:02:07","2026-06-02","1899-12-31 09:40:00",63
"Josh","2026-06-09 09:02:07","2026-06-02","1899-12-31 09:45:00",64
"Josh","2026-06-09 09:02:07","2026-06-02","1899-12-31 09:50:00",64
"Josh","2026-06-09 09:02:07","2026-06-02","1899-12-31 09:55:00",62
"Josh","2026-06-09 09:02:07","2026-06-02","1899-12-31 10:00:00",64
"Josh","2026-06-09 09:02:07","2026-06-02","1899-12-31 10:05:00",65
"Josh","2026-06-09 09:02:07","2026-06-02","1899-12-31 10:10:00",63
"Josh","2026-06-09 09:02:07","2026-06-02","1899-12-31 10:15:00",63
"Josh","2026-06-09 09:02:07","2026-06-02","1899-12-31 10:20:00",65
"Josh","2026-06-09 09:02:07","2026-06-02","1899-12-31 10:25:00",64
"Josh","2026-06-09 09:02:07","2026-06-02","1899-12-31 10:30:00",62
"Josh","2026-06-09 09:02:07","2026-06-02","1899-12-31 10:35:00",63
"Josh","2026-06-09 09:02:07","2026-06-02","1899-12-31 10:40:00",65
"Josh","2026-06-09 09:02:07","2026-06-02","1899-12-31 10:45:00",64
"Josh","2026-06-09 09:02:07","2026-06-02","1899-12-31 10:50:00",65
"Josh","2026-06-09 09:02:07","2026-06-02","1899-12-31 10:55:00",64
"Josh","2026-06-09 09:02:07","2026-06-02","1899-12-31 11:00:00",65
"Josh","2026-06-09 09:02:07","2026-06-02","1899-12-31 11:05:00",65
"Josh","2026-06-09 09:02:07","2026-06-02","1899-12-31 11:10:00",65
"Josh","2026-06-09 09:02:07","2026-06-02","1899-12-31 11:15:00",65
"Josh","2026-06-09 09:02:07","2026-06-02","1899-12-31 11:20:00",66
"Josh","2026-06-09 09:02:07","2026-06-02","1899-12-31 11:25:00",64
"Josh","2026-06-09 09:02:07","2026-06-02","1899-12-31 11:30:00",64
"Josh","2026-06-09 09:02:07","2026-06-02","1899-12-31 11:35:00",62
"Josh","2026-06-09 09:02:07","2026-06-02","1899-12-31 11:40:00",62
"Josh","2026-06-09 09:02:07","2026-06-02","1899-12-31 11:45:00",62
"Josh","2026-06-09 09:02:07","2026-06-02","1899-12-31 11:50:00",64
"Josh","2026-06-09 09:02:07","2026-06-02","1899-12-31 11:55:00",62
"Josh","2026-06-09 09:02:07","2026-06-02","1899-12-31 12:00:00",71
"Josh","2026-06-09 09:02:07","2026-06-02","1899-12-31 12:05:00",80
"Josh","2026-06-09 09:02:07","2026-06-02","1899-12-31 12:10:00",86
"Josh","2026-06-09 09:02:07","2026-06-02","1899-12-31 12:15:00",88
"Josh","2026-06-09 09:02:07","2026-06-02","1899-12-31 12:20:00",92
"Josh","2026-06-09 09:02:07","2026-06-02","1899-12-31 12:25:00",94
"Josh","2026-06-09 09:02:07","2026-06-02","1899-12-31 12:30:00",96
"Josh","2026-06-09 09:02:07","2026-06-02","1899-12-31 12:35:00",96
"Josh","2026-06-09 09:02:07","2026-06-02","1899-12-31 12:40:00",92
"Josh","2026-06-09 09:02:07","2026-06-02","1899-12-31 12:45:00",90
"Josh","2026-06-09 09:02:07","2026-06-02","1899-12-31 12:50:00",90
"Josh","2026-06-09 09:02:07","2026-06-02","1899-12-31 12:55:00",86
"Josh","2026-06-09 09:02:07","2026-06-02","1899-12-31 13:00:00",81
"Josh","2026-06-09 09:02:07","2026-06-02","1899-12-31 13:05:00",76
"Josh","2026-06-09 09:02:07","2026-06-02","1899-12-31 13:10:00",72
"Josh","2026-06-09 09:02:07","2026-06-02","1899-12-31 13:15:00",70
"Josh","2026-06-09 09:02:07","2026-06-02","1899-12-31 13:20:00",66
"Josh","2026-06-09 09:02:07","2026-06-02","1899-12-31 13:25:00",63
"Josh","2026-06-09 09:02:07","2026-06-02","1899-12-31 13:30:00",65
"Josh","2026-06-09 09:02:07","2026-06-02","1899-12-31 13:35:00",65
"Josh","2026-06-09 09:02:07","2026-06-02","1899-12-31 13:40:00",63
"Josh","2026-06-09 09:02:07","2026-06-02","1899-12-31 13:45:00",64
"Josh","2026-06-09 09:02:07","2026-06-02","1899-12-31 13:50:00",66
"Josh","2026-06-09 09:02:07","2026-06-02","1899-12-31 13:55:00",66
"Josh","2026-06-09 09:02:07","2026-06-02","1899-12-31 14:00:00",65
"Josh","2026-06-09 09:02:07","2026-06-02","1899-12-31 14:05:00",63
"Josh","2026-06-09 09:02:07","2026-06-02","1899-12-31 14:10:00",65
"Josh","2026-06-09 09:02:07","2026-06-02","1899-12-31 14:15:00",63
"Josh","2026-06-09 09:02:07","2026-06-02","1899-12-31 14:20:00",61
"Josh","2026-06-09 09:02:07","2026-06-02","1899-12-31 14:25:00",63
"Josh","2026-06-09 09:02:07","2026-06-02","1899-12-31 14:30:00",61
"Josh","2026-06-09 09:02:07","2026-06-02","1899-12-31 14:35:00",61
"Josh","2026-06-09 09:02:07","2026-06-02","1899-12-31 14:40:00",60
"Josh","2026-06-09 09:02:07","2026-06-02","1899-12-31 14:45:00",62
"Josh","2026-06-09 09:02:07","2026-06-02","1899-12-31 14:50:00",62
"Josh","2026-06-09 09:02:07","2026-06-02","1899-12-31 14:55:00",63
"Josh","2026-06-09 09:02:07","2026-06-02","1899-12-31 15:00:00",62
"Josh","2026-06-09 09:02:07","2026-06-02","1899-12-31 15:05:00",63
"Josh","2026-06-09 09:02:07","2026-06-02","1899-12-31 15:10:00",62
"Josh","2026-06-09 09:02:07","2026-06-02","1899-12-31 15:15:00",63
"Josh","2026-06-09 09:02:07","2026-06-02","1899-12-31 15:20:00",64
"Josh","2026-06-09 09:02:07","2026-06-02","1899-12-31 15:25:00",65
"Josh","2026-06-09 09:02:07","2026-06-02","1899-12-31 15:30:00",65
"Josh","2026-06-09 09:02:07","2026-06-02","1899-12-31 15:35:00",62
"Josh","2026-06-09 09:02:07","2026-06-02","1899-12-31 15:40:00",61
"Josh","2026-06-09 09:02:07","2026-06-02","1899-12-31 15:45:00",63
"Josh","2026-06-09 09:02:07","2026-06-02","1899-12-31 15:50:00",62
"Josh","2026-06-09 09:02:07","2026-06-02","1899-12-31 15:55:00",64
"Josh","2026-06-09 09:02:07","2026-06-02","1899-12-31 16:00:00",64
"Josh","2026-06-09 09:02:07","2026-06-02","1899-12-31 16:05:00",66
"Josh","2026-06-09 09:02:07","2026-06-02","1899-12-31 16:10:00",66
"Josh","2026-06-09 09:02:07","2026-06-02","1899-12-31 16:15:00",66
"Josh","2026-06-09 09:02:07","2026-06-02","1899-12-31 16:20:00",65
"Josh","2026-06-09 09:02:07","2026-06-02","1899-12-31 16:25:00",64
"Josh","2026-06-09 09:02:07","2026-06-02","1899-12-31 16:30:00",62
"Josh","2026-06-09 09:02:07","2026-06-02","1899-12-31 16:35:00",63
"Josh","2026-06-09 09:02:07","2026-06-02","1899-12-31 16:40:00",64
"Josh","2026-06-09 09:02:07","2026-06-02","1899-12-31 16:45:00",64
"Josh","2026-06-09 09:02:07","2026-06-02","1899-12-31 16:50:00",65
"Josh","2026-06-09 09:02:07","2026-06-02","1899-12-31 16:55:00",64
"Josh","2026-06-09 09:02:07","2026-06-02","1899-12-31 17:00:00",66
"Josh","2026-06-09 09:02:07","2026-06-02","1899-12-31 17:05:00",67
"Josh","2026-06-09 09:02:07","2026-06-02","1899-12-31 17:10:00",67
"Josh","2026-06-09 09:02:07","2026-06-02","1899-12-31 17:15:00",65
"Josh","2026-06-09 09:02:07","2026-06-02","1899-12-31 17:20:00",66
"Josh","2026-06-09 09:02:07","2026-06-02","1899-12-31 17:25:00",66
"Josh","2026-06-09 09:02:07","2026-06-02","1899-12-31 17:30:00",91
"Josh","2026-06-09 09:02:07","2026-06-02","1899-12-31 17:35:00",106
"Josh","2026-06-09 09:02:07","2026-06-02","1899-12-31 17:40:00",124
"Josh","2026-06-09 09:02:07","2026-06-02","1899-12-31 17:45:00",135
"Josh","2026-06-09 09:02:07","2026-06-02","1899-12-31 17:50:00",142
"Josh","2026-06-09 09:02:07","2026-06-02","1899-12-31 17:55:00",147
"Josh","2026-06-09 09:02:07","2026-06-02","1899-12-31 18:00:00",149
"Josh","2026-06-09 09:02:07","2026-06-02","1899-12-31 18:05:00",151
"Josh","2026-06-09 09:02:07","2026-06-02","1899-12-31 18:10:00",152
"Josh","2026-06-09 09:02:07","2026-06-02","1899-12-31 18:15:00",152
"Josh","2026-06-09 09:02:07","2026-06-02","1899-12-31 18:20:00",155
"Josh","2026-06-09 09:02:07","2026-06-02","1899-12-31 18:25:00",151
"Josh","2026-06-09 09:02:07","2026-06-02","1899-12-31 18:30:00",148
"Josh","2026-06-09 09:02:07","2026-06-02","1899-12-31 18:35:00",144
"Josh","2026-06-09 09:02:07","2026-06-02","1899-12-31 18:40:00",134
"Josh","2026-06-09 09:02:07","2026-06-02","1899-12-31 18:45:00",120
"Josh","2026-06-09 09:02:07","2026-06-02","1899-12-31 18:50:00",104
"Josh","2026-06-09 09:02:07","2026-06-02","1899-12-31 18:55:00",87
"Josh","2026-06-09 09:02:07","2026-06-02","1899-12-31 19:00:00",77
"Josh","2026-06-09 09:02:07","2026-06-02","1899-12-31 19:05:00",70
"Josh","2026-06-09 09:02:07","2026-06-02","1899-12-31 19:10:00",69
"Josh","2026-06-09 09:02:07","2026-06-02","1899-12-31 19:15:00",69
"Josh","2026-06-09 09:02:07","2026-06-02","1899-12-31 19:20:00",68
"Josh","2026-06-09 09:02:07","2026-06-02","1899-12-31 19:25:00",71
"Josh","2026-06-09 09:02:07","2026-06-02","1899-12-31 19:30:00",68
"Josh","2026-06-09 09:02:07","2026-06-02","1899-12-31 19:35:00",66
"Josh","2026-06-09 09:02:07","2026-06-02","1899-12-31 19:40:00",64
"Josh","2026-06-09 09:02:07","2026-06-02","1899-12-31 19:45:00",63
"Josh","2026-06-09 09:02:07","2026-06-02","1899-12-31 19:50:00",61
"Josh","2026-06-09 09:02:07","2026-06-02","1899-12-31 19:55:00",61
"Josh","2026-06-09 09:02:07","2026-06-02","1899-12-31 20:00:00",69
"Josh","2026-06-09 09:02:07","2026-06-02","1899-12-31 20:05:00",65
"Josh","2026-06-09 09:02:07","2026-06-02","1899-12-31 20:10:00",64
"Josh","2026-06-09 09:02:07","2026-06-02","1899-12-31 20:15:00",64
"Josh","2026-06-09 09:02:07","2026-06-02","1899-12-31 20:20:00",66
"Josh","2026-06-09 09:02:07","2026-06-02","1899-12-31 20:25:00",64
"Josh","2026-06-09 09:02:07","2026-06-02","1899-12-31 20:30:00",64
"Josh","2026-06-09 09:02:07","2026-06-02","1899-12-31 20:35:00",63
"Josh","2026-06-09 09:02:07","2026-06-02","1899-12-31 20:40:00",62
"Josh","2026-06-09 09:02:07","2026-06-02","1899-12-31 20:45:00",64
"Josh","2026-06-09 09:02:07","2026-06-02","1899-12-31 20:50:00",63
"Josh","2026-06-09 09:02:07","2026-06-02","1899-12-31 20:55:00",64
"Josh","2026-06-09 09:02:07","2026-06-02","1899-12-31 21:00:00",63
"Josh","2026-06-09 09:02:07","2026-06-02","1899-12-31 21:05:00",62
"Josh","2026-06-09 09:02:07","2026-06-02","1899-12-31 21:10:00",61
"Josh","2026-06-09 09:02:07","2026-06-02","1899-12-31 21:15:00",63
"Josh","2026-06-09 09:02:07","2026-06-02","1899-12-31 21:20:00",65
"Josh","2026-06-09 09:02:07","2026-06-02","1899-12-31 21:25:00",63
"Josh","2026-06-09 09:02:07","2026-06-02","1899-12-31 21:30:00",62
"Josh","2026-06-09 09:02:07","2026-06-02","1899-12-31 21:35:00",60
"Josh","2026-06-09 09:02:07","2026-06-02","1899-12-31 21:40:00",63
"Josh","2026-06-09 09:02:07","2026-06-02","1899-12-31 21:45:00",64
"Josh","2026-06-09 09:02:07","2026-06-02","1899-12-31 21:50:00",63
"Josh","2026-06-09 09:02:07","2026-06-02","1899-12-31 21:55:00",65
"Josh","2026-06-09 09:02:07","2026-06-02","1899-12-31 22:00:00",63
"Josh","2026-06-09 09:02:07","2026-06-02","1899-12-31 22:05:00",61
"Josh","2026-06-09 09:02:07","2026-06-02","1899-12-31 22:10:00",60
"Josh","2026-06-09 09:02:07","2026-06-02","1899-12-31 22:15:00",62
"Josh","2026-06-09 09:02:07","2026-06-02","1899-12-31 22:20:00",62
"Josh","2026-06-09 09:02:07","2026-06-02","1899-12-31 22:25:00",63
"Josh","2026-06-09 09:02:07","2026-06-02","1899-12-31 22:30:00",61
"Josh","2026-06-09 09:02:07","2026-06-02","1899-12-31 22:35:00",64
"Josh","2026-06-09 09:02:07","2026-06-02","1899-12-31 22:40:00",62
"Josh","2026-06-09 09:02:07","2026-06-02","1899-12-31 22:45:00",60
"Josh","2026-06-09 09:02:07","2026-06-02","1899-12-31 22:50:00",62
"Josh","2026-06-09 09:02:07","2026-06-02","1899-12-31 22:55:00",61
"Josh","2026-06-09 09:02:07","2026-06-02","1899-12-31 23:00:00",62
"Josh","2026-06-09 09:02:07","2026-06-02","1899-12-31 23:05:00",64
"Josh","2026-06-09 09:02:07","2026-06-02","1899-12-31 23:10:00",64
"Josh","2026-06-09 09:02:07","2026-06-02","1899-12-31 23:15:00",64
"Josh","2026-06-09 09:02:07","2026-06-02","1899-12-31 23:20:00",66
"Josh","2026-06-09 09:02:07","2026-06-02","1899-12-31 23:25:00",64
"Josh","2026-06-09 09:02:07","2026-06-02","1899-12-31 23:30:00",63
"Josh","2026-06-09 09:02:07","2026-06-02","1899-12-31 23:35:00",63
"Josh","2026-06-09 09:02:07","2026-06-02","1899-12-31 23:40:00",63
"Josh","2026-06-09 09:02:07","2026-06-02","1899-12-31 23:45:00",65
"Josh","2026-06-09 09:02:07","2026-06-02","1899-12-31 23:50:00",62
"Josh","2026-06-09 09:02:07","2026-06-02","1899-12-31 23:55:00",61
"Josh","2026-06-09 09:02:07","2026-06-03","1899-12-31",57
"Josh","2026-06-09 09:02:07","2026-06-03","1899-12-31 00:05:00",56
"Josh","2026-06-09 09:02:07","2026-06-03","1899-12-31 00:10:00",56
"Josh","2026-06-09 09:02:07","2026-06-03","1899-12-31 00:15:00",56
"Josh","2026-06-09 09:02:07","2026-06-03","1899-12-31 00:20:00",55
"Josh","2026-06-09 09:02:07","2026-06-03","1899-12-31 00:25:00",56
"Josh","2026-06-09 09:02:07","2026-06-03","1899-12-31 00:30:00",56
"Josh","2026-06-09 09:02:07","2026-06-03","1899-12-31 00:35:00",56
"Josh","2026-06-09 09:02:07","2026-06-03","1899-12-31 00:40:00",55
"Josh","2026-06-09 09:02:07","2026-06-03","1899-12-31 00:45:00",56
"Josh","2026-06-09 09:02:07","2026-06-03","1899-12-31 00:50:00",56
"Josh","2026-06-09 09:02:07","2026-06-03","1899-12-31 00:55:00",57
"Josh","2026-06-09 09:02:07","2026-06-03","1899-12-31 01:00:00",56
"Josh","2026-06-09 09:02:07","2026-06-03","1899-12-31 01:05:00",56
"Josh","2026-06-09 09:02:07","2026-06-03","1899-12-31 01:10:00",55
"Josh","2026-06-09 09:02:07","2026-06-03","1899-12-31 01:15:00",56
"Josh","2026-06-09 09:02:07","2026-06-03","1899-12-31 01:20:00",58
"Josh","2026-06-09 09:02:07","2026-06-03","1899-12-31 01:25:00",57
"Josh","2026-06-09 09:02:07","2026-06-03","1899-12-31 01:30:00",56
"Josh","2026-06-09 09:02:07","2026-06-03","1899-12-31 01:35:00",56
"Josh","2026-06-09 09:02:07","2026-06-03","1899-12-31 01:40:00",57
"Josh","2026-06-09 09:02:07","2026-06-03","1899-12-31 01:45:00",57
"Josh","2026-06-09 09:02:07","2026-06-03","1899-12-31 01:50:00",56
"Josh","2026-06-09 09:02:07","2026-06-03","1899-12-31 01:55:00",56
"Josh","2026-06-09 09:02:07","2026-06-03","1899-12-31 02:00:00",58
"Josh","2026-06-09 09:02:07","2026-06-03","1899-12-31 02:05:00",57
"Josh","2026-06-09 09:02:07","2026-06-03","1899-12-31 02:10:00",57
"Josh","2026-06-09 09:02:07","2026-06-03","1899-12-31 02:15:00",57
"Josh","2026-06-09 09:02:07","2026-06-03","1899-12-31 02:20:00",61
"Josh","2026-06-09 09:02:07","2026-06-03","1899-12-31 02:25:00",59
"Josh","2026-06-09 09:02:07","2026-06-03","1899-12-31 02:30:00",57
"Josh","2026-06-09 09:02:07","2026-06-03","1899-12-31 02:35:00",57
"Josh","2026-06-09 09:02:07","2026-06-03","1899-12-31 02:40:00",57
"Josh","2026-06-09 09:02:07","2026-06-03","1899-12-31 02:45:00",57
"Josh","2026-06-09 09:02:07","2026-06-03","1899-12-31 02:50:00",57
"Josh","2026-06-09 09:02:07","2026-06-03","1899-12-31 02:55:00",56
"Josh","2026-06-09 09:02:07","2026-06-03","1899-12-31 03:00:00",56
"Josh","2026-06-09 09:02:07","2026-06-03","1899-12-31 03:05:00",56
"Josh","2026-06-09 09:02:07","2026-06-03","1899-12-31 03:10:00",57
"Josh","2026-06-09 09:02:07","2026-06-03","1899-12-31 03:15:00",57
"Josh","2026-06-09 09:02:07","2026-06-03","1899-12-31 03:20:00",57
"Josh","2026-06-09 09:02:07","2026-06-03","1899-12-31 03:25:00",56
"Josh","2026-06-09 09:02:07","2026-06-03","1899-12-31 03:30:00",57
"Josh","2026-06-09 09:02:07","2026-06-03","1899-12-31 03:35:00",56
"Josh","2026-06-09 09:02:07","2026-06-03","1899-12-31 03:40:00",57
"Josh","2026-06-09 09:02:07","2026-06-03","1899-12-31 03:45:00",56
"Josh","2026-06-09 09:02:07","2026-06-03","1899-12-31 03:50:00",58
"Josh","2026-06-09 09:02:07","2026-06-03","1899-12-31 03:55:00",58
"Josh","2026-06-09 09:02:07","2026-06-03","1899-12-31 04:00:00",58
"Josh","2026-06-09 09:02:07","2026-06-03","1899-12-31 04:05:00",57
"Josh","2026-06-09 09:02:07","2026-06-03","1899-12-31 04:10:00",57
"Josh","2026-06-09 09:02:07","2026-06-03","1899-12-31 04:15:00",56
"Josh","2026-06-09 09:02:07","2026-06-03","1899-12-31 04:20:00",56
"Josh","2026-06-09 09:02:07","2026-06-03","1899-12-31 04:25:00",57
"Josh","2026-06-09 09:02:07","2026-06-03","1899-12-31 04:30:00",56
"Josh","2026-06-09 09:02:07","2026-06-03","1899-12-31 04:35:00",57
"Josh","2026-06-09 09:02:07","2026-06-03","1899-12-31 04:40:00",60
"Josh","2026-06-09 09:02:07","2026-06-03","1899-12-31 04:45:00",58
"Josh","2026-06-09 09:02:07","2026-06-03","1899-12-31 04:50:00",58
"Josh","2026-06-09 09:02:07","2026-06-03","1899-12-31 04:55:00",56
"Josh","2026-06-09 09:02:07","2026-06-03","1899-12-31 05:00:00",60
"Josh","2026-06-09 09:02:07","2026-06-03","1899-12-31 05:05:00",58
"Josh","2026-06-09 09:02:07","2026-06-03","1899-12-31 05:10:00",58
"Josh","2026-06-09 09:02:07","2026-06-03","1899-12-31 05:15:00",56
"Josh","2026-06-09 09:02:07","2026-06-03","1899-12-31 05:20:00",59
"Josh","2026-06-09 09:02:07","2026-06-03","1899-12-31 05:25:00",57
"Josh","2026-06-09 09:02:07","2026-06-03","1899-12-31 05:30:00",57
"Josh","2026-06-09 09:02:07","2026-06-03","1899-12-31 05:35:00",57
"Josh","2026-06-09 09:02:07","2026-06-03","1899-12-31 05:40:00",57
"Josh","2026-06-09 09:02:07","2026-06-03","1899-12-31 05:45:00",57
"Josh","2026-06-09 09:02:07","2026-06-03","1899-12-31 05:50:00",57
"Josh","2026-06-09 09:02:07","2026-06-03","1899-12-31 05:55:00",57
"Josh","2026-06-09 09:02:07","2026-06-03","1899-12-31 06:00:00",56
"Josh","2026-06-09 09:02:07","2026-06-03","1899-12-31 06:05:00",56
"Josh","2026-06-09 09:02:07","2026-06-03","1899-12-31 06:10:00",55
"Josh","2026-06-09 09:02:07","2026-06-03","1899-12-31 06:15:00",56
"Josh","2026-06-09 09:02:07","2026-06-03","1899-12-31 06:20:00",57
"Josh","2026-06-09 09:02:07","2026-06-03","1899-12-31 06:25:00",57
"Josh","2026-06-09 09:02:07","2026-06-03","1899-12-31 06:30:00",56
"Josh","2026-06-09 09:02:07","2026-06-03","1899-12-31 06:35:00",56
"Josh","2026-06-09 09:02:07","2026-06-03","1899-12-31 06:40:00",59
"Josh","2026-06-09 09:02:07","2026-06-03","1899-12-31 06:45:00",58
"Josh","2026-06-09 09:02:07","2026-06-03","1899-12-31 06:50:00",56
"Josh","2026-06-09 09:02:07","2026-06-03","1899-12-31 06:55:00",55
"Josh","2026-06-09 09:02:07","2026-06-03","1899-12-31 07:00:00",55
"Josh","2026-06-09 09:02:07","2026-06-03","1899-12-31 07:05:00",55
"Josh","2026-06-09 09:02:07","2026-06-03","1899-12-31 07:10:00",55
"Josh","2026-06-09 09:02:07","2026-06-03","1899-12-31 07:15:00",55
"Josh","2026-06-09 09:02:07","2026-06-03","1899-12-31 07:20:00",55
"Josh","2026-06-09 09:02:07","2026-06-03","1899-12-31 07:25:00",55
"Josh","2026-06-09 09:02:07","2026-06-03","1899-12-31 07:30:00",56
"Josh","2026-06-09 09:02:07","2026-06-03","1899-12-31 07:35:00",56
"Josh","2026-06-09 09:02:07","2026-06-03","1899-12-31 07:40:00",57
"Josh","2026-06-09 09:02:07","2026-06-03","1899-12-31 07:45:00",58
"Josh","2026-06-09 09:02:07","2026-06-03","1899-12-31 07:50:00",59
"Josh","2026-06-09 09:02:07","2026-06-03","1899-12-31 07:55:00",60
"Josh","2026-06-09 09:02:07","2026-06-03","1899-12-31 08:00:00",61
"Josh","2026-06-09 09:02:07","2026-06-03","1899-12-31 08:05:00",63
"Josh","2026-06-09 09:02:07","2026-06-03","1899-12-31 08:10:00",65
"Josh","2026-06-09 09:02:07","2026-06-03","1899-12-31 08:15:00",64
"Josh","2026-06-09 09:02:07","2026-06-03","1899-12-31 08:20:00",75
"Josh","2026-06-09 09:02:07","2026-06-03","1899-12-31 08:25:00",75
"Josh","2026-06-09 09:02:07","2026-06-03","1899-12-31 08:30:00",74
"Josh","2026-06-09 09:02:07","2026-06-03","1899-12-31 08:35:00",76
"Josh","2026-06-09 09:02:07","2026-06-03","1899-12-31 08:40:00",86
"Josh","2026-06-09 09:02:07","2026-06-03","1899-12-31 08:45:00",88
"Josh","2026-06-09 09:02:07","2026-06-03","1899-12-31 08:50:00",78
"Josh","2026-06-09 09:02:07","2026-06-03","1899-12-31 08:55:00",72
"Josh","2026-06-09 09:02:07","2026-06-03","1899-12-31 09:00:00",68
"Josh","2026-06-09 09:02:07","2026-06-03","1899-12-31 09:05:00",64
"Josh","2026-06-09 09:02:07","2026-06-03","1899-12-31 09:10:00",65
"Josh","2026-06-09 09:02:07","2026-06-03","1899-12-31 09:15:00",66
"Josh","2026-06-09 09:02:07","2026-06-03","1899-12-31 09:20:00",64
"Josh","2026-06-09 09:02:07","2026-06-03","1899-12-31 09:25:00",66
"Josh","2026-06-09 09:02:07","2026-06-03","1899-12-31 09:30:00",67
"Josh","2026-06-09 09:02:07","2026-06-03","1899-12-31 09:35:00",66
"Josh","2026-06-09 09:02:07","2026-06-03","1899-12-31 09:40:00",66
"Josh","2026-06-09 09:02:07","2026-06-03","1899-12-31 09:45:00",66
"Josh","2026-06-09 09:02:07","2026-06-03","1899-12-31 09:50:00",63
"Josh","2026-06-09 09:02:07","2026-06-03","1899-12-31 09:55:00",63
"Josh","2026-06-09 09:02:07","2026-06-03","1899-12-31 10:00:00",65
"Josh","2026-06-09 09:02:07","2026-06-03","1899-12-31 10:05:00",66
"Josh","2026-06-09 09:02:07","2026-06-03","1899-12-31 10:10:00",65
"Josh","2026-06-09 09:02:07","2026-06-03","1899-12-31 10:15:00",65
"Josh","2026-06-09 09:02:07","2026-06-03","1899-12-31 10:20:00",64
"Josh","2026-06-09 09:02:07","2026-06-03","1899-12-31 10:25:00",64
"Josh","2026-06-09 09:02:07","2026-06-03","1899-12-31 10:30:00",64
"Josh","2026-06-09 09:02:07","2026-06-03","1899-12-31 10:35:00",62
"Josh","2026-06-09 09:02:07","2026-06-03","1899-12-31 10:40:00",62
"Josh","2026-06-09 09:02:07","2026-06-03","1899-12-31 10:45:00",63
"Josh","2026-06-09 09:02:07","2026-06-03","1899-12-31 10:50:00",62
"Josh","2026-06-09 09:02:07","2026-06-03","1899-12-31 10:55:00",64
"Josh","2026-06-09 09:02:07","2026-06-03","1899-12-31 11:00:00",64
"Josh","2026-06-09 09:02:07","2026-06-03","1899-12-31 11:05:00",63
"Josh","2026-06-09 09:02:07","2026-06-03","1899-12-31 11:10:00",62
"Josh","2026-06-09 09:02:07","2026-06-03","1899-12-31 11:15:00",62
"Josh","2026-06-09 09:02:07","2026-06-03","1899-12-31 11:20:00",61
"Josh","2026-06-09 09:02:07","2026-06-03","1899-12-31 11:25:00",63
"Josh","2026-06-09 09:02:07","2026-06-03","1899-12-31 11:30:00",61
"Josh","2026-06-09 09:02:07","2026-06-03","1899-12-31 11:35:00",63
"Josh","2026-06-09 09:02:07","2026-06-03","1899-12-31 11:40:00",63
"Josh","2026-06-09 09:02:07","2026-06-03","1899-12-31 11:45:00",63
"Josh","2026-06-09 09:02:07","2026-06-03","1899-12-31 11:50:00",64
"Josh","2026-06-09 09:02:07","2026-06-03","1899-12-31 11:55:00",65
"Josh","2026-06-09 09:02:07","2026-06-03","1899-12-31 12:00:00",74
"Josh","2026-06-09 09:02:07","2026-06-03","1899-12-31 12:05:00",78
"Josh","2026-06-09 09:02:07","2026-06-03","1899-12-31 12:10:00",86
"Josh","2026-06-09 09:02:07","2026-06-03","1899-12-31 12:15:00",90
"Josh","2026-06-09 09:02:07","2026-06-03","1899-12-31 12:20:00",93
"Josh","2026-06-09 09:02:07","2026-06-03","1899-12-31 12:25:00",94
"Josh","2026-06-09 09:02:07","2026-06-03","1899-12-31 12:30:00",96
"Josh","2026-06-09 09:02:07","2026-06-03","1899-12-31 12:35:00",99
"Josh","2026-06-09 09:02:07","2026-06-03","1899-12-31 12:40:00",97
"Josh","2026-06-09 09:02:07","2026-06-03","1899-12-31 12:45:00",98
"Josh","2026-06-09 09:02:07","2026-06-03","1899-12-31 12:50:00",96
"Josh","2026-06-09 09:02:07","2026-06-03","1899-12-31 12:55:00",94
"Josh","2026-06-09 09:02:07","2026-06-03","1899-12-31 13:00:00",89
"Josh","2026-06-09 09:02:07","2026-06-03","1899-12-31 13:05:00",82
"Josh","2026-06-09 09:02:07","2026-06-03","1899-12-31 13:10:00",74
"Josh","2026-06-09 09:02:07","2026-06-03","1899-12-31 13:15:00",68
"Josh","2026-06-09 09:02:07","2026-06-03","1899-12-31 13:20:00",66
"Josh","2026-06-09 09:02:07","2026-06-03","1899-12-31 13:25:00",65
"Josh","2026-06-09 09:02:07","2026-06-03","1899-12-31 13:30:00",66
"Josh","2026-06-09 09:02:07","2026-06-03","1899-12-31 13:35:00",66
"Josh","2026-06-09 09:02:07","2026-06-03","1899-12-31 13:40:00",66
"Josh","2026-06-09 09:02:07","2026-06-03","1899-12-31 13:45:00",63
"Josh","2026-06-09 09:02:07","2026-06-03","1899-12-31 13:50:00",61
"Josh","2026-06-09 09:02:07","2026-06-03","1899-12-31 13:55:00",61
"Josh","2026-06-09 09:02:07","2026-06-03","1899-12-31 14:00:00",63
"Josh","2026-06-09 09:02:07","2026-06-03","1899-12-31 14:05:00",65
"Josh","2026-06-09 09:02:07","2026-06-03","1899-12-31 14:10:00",65
"Josh","2026-06-09 09:02:07","2026-06-03","1899-12-31 14:15:00",63
"Josh","2026-06-09 09:02:07","2026-06-03","1899-12-31 14:20:00",64
"Josh","2026-06-09 09:02:07","2026-06-03","1899-12-31 14:25:00",63
"Josh","2026-06-09 09:02:07","2026-06-03","1899-12-31 14:30:00",63
"Josh","2026-06-09 09:02:07","2026-06-03","1899-12-31 14:35:00",63
"Josh","2026-06-09 09:02:07","2026-06-03","1899-12-31 14:40:00",61
"Josh","2026-06-09 09:02:07","2026-06-03","1899-12-31 14:45:00",61
"Josh","2026-06-09 09:02:07","2026-06-03","1899-12-31 14:50:00",61
"Josh","2026-06-09 09:02:07","2026-06-03","1899-12-31 14:55:00",60
"Josh","2026-06-09 09:02:07","2026-06-03","1899-12-31 15:00:00",62
"Josh","2026-06-09 09:02:07","2026-06-03","1899-12-31 15:05:00",62
"Josh","2026-06-09 09:02:07","2026-06-03","1899-12-31 15:10:00",64
"Josh","2026-06-09 09:02:07","2026-06-03","1899-12-31 15:15:00",63
"Josh","2026-06-09 09:02:07","2026-06-03","1899-12-31 15:20:00",63
"Josh","2026-06-09 09:02:07","2026-06-03","1899-12-31 15:25:00",62
"Josh","2026-06-09 09:02:07","2026-06-03","1899-12-31 15:30:00",64
"Josh","2026-06-09 09:02:07","2026-06-03","1899-12-31 15:35:00",64
"Josh","2026-06-09 09:02:07","2026-06-03","1899-12-31 15:40:00",63
"Josh","2026-06-09 09:02:07","2026-06-03","1899-12-31 15:45:00",63
"Josh","2026-06-09 09:02:07","2026-06-03","1899-12-31 15:50:00",64
"Josh","2026-06-09 09:02:07","2026-06-03","1899-12-31 15:55:00",65
"Josh","2026-06-09 09:02:07","2026-06-03","1899-12-31 16:00:00",66
"Josh","2026-06-09 09:02:07","2026-06-03","1899-12-31 16:05:00",65
"Josh","2026-06-09 09:02:07","2026-06-03","1899-12-31 16:10:00",64
"Josh","2026-06-09 09:02:07","2026-06-03","1899-12-31 16:15:00",63
"Josh","2026-06-09 09:02:07","2026-06-03","1899-12-31 16:20:00",63
"Josh","2026-06-09 09:02:07","2026-06-03","1899-12-31 16:25:00",64
"Josh","2026-06-09 09:02:07","2026-06-03","1899-12-31 16:30:00",64
"Josh","2026-06-09 09:02:07","2026-06-03","1899-12-31 16:35:00",64
"Josh","2026-06-09 09:02:07","2026-06-03","1899-12-31 16:40:00",62
"Josh","2026-06-09 09:02:07","2026-06-03","1899-12-31 16:45:00",63
"Josh","2026-06-09 09:02:07","2026-06-03","1899-12-31 16:50:00",63
"Josh","2026-06-09 09:02:07","2026-06-03","1899-12-31 16:55:00",62
"Josh","2026-06-09 09:02:07","2026-06-03","1899-12-31 17:00:00",62
"Josh","2026-06-09 09:02:07","2026-06-03","1899-12-31 17:05:00",62
"Josh","2026-06-09 09:02:07","2026-06-03","1899-12-31 17:10:00",63
"Josh","2026-06-09 09:02:07","2026-06-03","1899-12-31 17:15:00",61
"Josh","2026-06-09 09:02:07","2026-06-03","1899-12-31 17:20:00",63
"Josh","2026-06-09 09:02:07","2026-06-03","1899-12-31 17:25:00",62
"Josh","2026-06-09 09:02:07","2026-06-03","1899-12-31 17:30:00",72
"Josh","2026-06-09 09:02:07","2026-06-03","1899-12-31 17:35:00",95
"Josh","2026-06-09 09:02:07","2026-06-03","1899-12-31 17:40:00",109
"Josh","2026-06-09 09:02:07","2026-06-03","1899-12-31 17:45:00",121
"Josh","2026-06-09 09:02:07","2026-06-03","1899-12-31 17:50:00",132
"Josh","2026-06-09 09:02:07","2026-06-03","1899-12-31 17:55:00",140
"Josh","2026-06-09 09:02:07","2026-06-03","1899-12-31 18:00:00",144
"Josh","2026-06-09 09:02:07","2026-06-03","1899-12-31 18:05:00",144
"Josh","2026-06-09 09:02:07","2026-06-03","1899-12-31 18:10:00",145
"Josh","2026-06-09 09:02:07","2026-06-03","1899-12-31 18:15:00",147
"Josh","2026-06-09 09:02:07","2026-06-03","1899-12-31 18:20:00",147
"Josh","2026-06-09 09:02:07","2026-06-03","1899-12-31 18:25:00",149
"Josh","2026-06-09 09:02:07","2026-06-03","1899-12-31 18:30:00",146
"Josh","2026-06-09 09:02:07","2026-06-03","1899-12-31 18:35:00",143
"Josh","2026-06-09 09:02:07","2026-06-03","1899-12-31 18:40:00",141
"Josh","2026-06-09 09:02:07","2026-06-03","1899-12-31 18:45:00",133
"Josh","2026-06-09 09:02:07","2026-06-03","1899-12-31 18:50:00",121
"Josh","2026-06-09 09:02:07","2026-06-03","1899-12-31 18:55:00",107
"Josh","2026-06-09 09:02:07","2026-06-03","1899-12-31 19:00:00",91
"Josh","2026-06-09 09:02:07","2026-06-03","1899-12-31 19:05:00",82
"Josh","2026-06-09 09:02:07","2026-06-03","1899-12-31 19:10:00",74
"Josh","2026-06-09 09:02:07","2026-06-03","1899-12-31 19:15:00",69
"Josh","2026-06-09 09:02:07","2026-06-03","1899-12-31 19:20:00",67
"Josh","2026-06-09 09:02:07","2026-06-03","1899-12-31 19:25:00",67
"Josh","2026-06-09 09:02:07","2026-06-03","1899-12-31 19:30:00",66
"Josh","2026-06-09 09:02:07","2026-06-03","1899-12-31 19:35:00",66
"Josh","2026-06-09 09:02:07","2026-06-03","1899-12-31 19:40:00",64
"Josh","2026-06-09 09:02:07","2026-06-03","1899-12-31 19:45:00",64
"Josh","2026-06-09 09:02:07","2026-06-03","1899-12-31 19:50:00",62
"Josh","2026-06-09 09:02:07","2026-06-03","1899-12-31 19:55:00",61
"Josh","2026-06-09 09:02:07","2026-06-03","1899-12-31 20:00:00",63
"Josh","2026-06-09 09:02:07","2026-06-03","1899-12-31 20:05:00",64
"Josh","2026-06-09 09:02:07","2026-06-03","1899-12-31 20:10:00",62
"Josh","2026-06-09 09:02:07","2026-06-03","1899-12-31 20:15:00",64
"Josh","2026-06-09 09:02:07","2026-06-03","1899-12-31 20:20:00",66
"Josh","2026-06-09 09:02:07","2026-06-03","1899-12-31 20:25:00",63
"Josh","2026-06-09 09:02:07","2026-06-03","1899-12-31 20:30:00",64
"Josh","2026-06-09 09:02:07","2026-06-03","1899-12-31 20:35:00",62
"Josh","2026-06-09 09:02:07","2026-06-03","1899-12-31 20:40:00",61
"Josh","2026-06-09 09:02:07","2026-06-03","1899-12-31 20:45:00",64
"Josh","2026-06-09 09:02:07","2026-06-03","1899-12-31 20:50:00",62
"Josh","2026-06-09 09:02:07","2026-06-03","1899-12-31 20:55:00",60
"Josh","2026-06-09 09:02:07","2026-06-03","1899-12-31 21:00:00",62
"Josh","2026-06-09 09:02:07","2026-06-03","1899-12-31 21:05:00",61
"Josh","2026-06-09 09:02:07","2026-06-03","1899-12-31 21:10:00",64
"Josh","2026-06-09 09:02:07","2026-06-03","1899-12-31 21:15:00",63
"Josh","2026-06-09 09:02:07","2026-06-03","1899-12-31 21:20:00",61
"Josh","2026-06-09 09:02:07","2026-06-03","1899-12-31 21:25:00",61
"Josh","2026-06-09 09:02:07","2026-06-03","1899-12-31 21:30:00",60
"Josh","2026-06-09 09:02:07","2026-06-03","1899-12-31 21:35:00",60
"Josh","2026-06-09 09:02:07","2026-06-03","1899-12-31 21:40:00",62
"Josh","2026-06-09 09:02:07","2026-06-03","1899-12-31 21:45:00",63
"Josh","2026-06-09 09:02:07","2026-06-03","1899-12-31 21:50:00",63
"Josh","2026-06-09 09:02:07","2026-06-03","1899-12-31 21:55:00",61
"Josh","2026-06-09 09:02:07","2026-06-03","1899-12-31 22:00:00",63
"Josh","2026-06-09 09:02:07","2026-06-03","1899-12-31 22:05:00",65
"Josh","2026-06-09 09:02:07","2026-06-03","1899-12-31 22:10:00",66
"Josh","2026-06-09 09:02:07","2026-06-03","1899-12-31 22:15:00",66
"Josh","2026-06-09 09:02:07","2026-06-03","1899-12-31 22:20:00",66
"Josh","2026-06-09 09:02:07","2026-06-03","1899-12-31 22:25:00",67
"Josh","2026-06-09 09:02:07","2026-06-03","1899-12-31 22:30:00",66
"Josh","2026-06-09 09:02:07","2026-06-03","1899-12-31 22:35:00",63
"Josh","2026-06-09 09:02:07","2026-06-03","1899-12-31 22:40:00",61
"Josh","2026-06-09 09:02:07","2026-06-03","1899-12-31 22:45:00",63
"Josh","2026-06-09 09:02:07","2026-06-03","1899-12-31 22:50:00",64
"Josh","2026-06-09 09:02:07","2026-06-03","1899-12-31 22:55:00",64
"Josh","2026-06-09 09:02:07","2026-06-03","1899-12-31 23:00:00",62
"Josh","2026-06-09 09:02:07","2026-06-03","1899-12-31 23:05:00",60
"Josh","2026-06-09 09:02:07","2026-06-03","1899-12-31 23:10:00",62
"Josh","2026-06-09 09:02:07","2026-06-03","1899-12-31 23:15:00",62
"Josh","2026-06-09 09:02:07","2026-06-03","1899-12-31 23:20:00",64
"Josh","2026-06-09 09:02:07","2026-06-03","1899-12-31 23:25:00",63
"Josh","2026-06-09 09:02:07","2026-06-03","1899-12-31 23:30:00",61
"Josh","2026-06-09 09:02:07","2026-06-03","1899-12-31 23:35:00",63
"Josh","2026-06-09 09:02:07","2026-06-03","1899-12-31 23:40:00",65
"Josh","2026-06-09 09:02:07","2026-06-03","1899-12-31 23:45:00",65
"Josh","2026-06-09 09:02:07","2026-06-03","1899-12-31 23:50:00",63
"Josh","2026-06-09 09:02:07","2026-06-03","1899-12-31 23:55:00",61
"Josh","2026-06-09 09:02:07","2026-06-04","1899-12-31",56
"Josh","2026-06-09 09:02:07","2026-06-04","1899-12-31 00:05:00",56
"Josh","2026-06-09 09:02:07","2026-06-04","1899-12-31 00:10:00",57
"Josh","2026-06-09 09:02:07","2026-06-04","1899-12-31 00:15:00",57
"Josh","2026-06-09 09:02:07","2026-06-04","1899-12-31 00:20:00",60
"Josh","2026-06-09 09:02:07","2026-06-04","1899-12-31 00:25:00",59
"Josh","2026-06-09 09:02:07","2026-06-04","1899-12-31 00:30:00",57
"Josh","2026-06-09 09:02:07","2026-06-04","1899-12-31 00:35:00",56
"Josh","2026-06-09 09:02:07","2026-06-04","1899-12-31 00:40:00",55
"Josh","2026-06-09 09:02:07","2026-06-04","1899-12-31 00:45:00",56
"Josh","2026-06-09 09:02:07","2026-06-04","1899-12-31 00:50:00",58
"Josh","2026-06-09 09:02:07","2026-06-04","1899-12-31 00:55:00",57
"Josh","2026-06-09 09:02:07","2026-06-04","1899-12-31 01:00:00",57
"Josh","2026-06-09 09:02:07","2026-06-04","1899-12-31 01:05:00",57
"Josh","2026-06-09 09:02:07","2026-06-04","1899-12-31 01:10:00",56
"Josh","2026-06-09 09:02:07","2026-06-04","1899-12-31 01:15:00",55
"Josh","2026-06-09 09:02:07","2026-06-04","1899-12-31 01:20:00",56
"Josh","2026-06-09 09:02:07","2026-06-04","1899-12-31 01:25:00",55
"Josh","2026-06-09 09:02:07","2026-06-04","1899-12-31 01:30:00",55
"Josh","2026-06-09 09:02:07","2026-06-04","1899-12-31 01:35:00",56
"Josh","2026-06-09 09:02:07","2026-06-04","1899-12-31 01:40:00",56
"Josh","2026-06-09 09:02:07","2026-06-04","1899-12-31 01:45:00",58
"Josh","2026-06-09 09:02:07","2026-06-04","1899-12-31 01:50:00",58
"Josh","2026-06-09 09:02:07","2026-06-04","1899-12-31 01:55:00",58
"Josh","2026-06-09 09:02:07","2026-06-04","1899-12-31 02:00:00",57
"Josh","2026-06-09 09:02:07","2026-06-04","1899-12-31 02:05:00",56
"Josh","2026-06-09 09:02:07","2026-06-04","1899-12-31 02:10:00",56
"Josh","2026-06-09 09:02:07","2026-06-04","1899-12-31 02:15:00",57
"Josh","2026-06-09 09:02:07","2026-06-04","1899-12-31 02:20:00",56
"Josh","2026-06-09 09:02:07","2026-06-04","1899-12-31 02:25:00",55
"Josh","2026-06-09 09:02:07","2026-06-04","1899-12-31 02:30:00",58
"Josh","2026-06-09 09:02:07","2026-06-04","1899-12-31 02:35:00",57
"Josh","2026-06-09 09:02:07","2026-06-04","1899-12-31 02:40:00",57
"Josh","2026-06-09 09:02:07","2026-06-04","1899-12-31 02:45:00",57
"Josh","2026-06-09 09:02:07","2026-06-04","1899-12-31 02:50:00",57
"Josh","2026-06-09 09:02:07","2026-06-04","1899-12-31 02:55:00",59
"Josh","2026-06-09 09:02:07","2026-06-04","1899-12-31 03:00:00",58
"Josh","2026-06-09 09:02:07","2026-06-04","1899-12-31 03:05:00",57
"Josh","2026-06-09 09:02:07","2026-06-04","1899-12-31 03:10:00",57
"Josh","2026-06-09 09:02:07","2026-06-04","1899-12-31 03:15:00",57
"Josh","2026-06-09 09:02:07","2026-06-04","1899-12-31 03:20:00",56
"Josh","2026-06-09 09:02:07","2026-06-04","1899-12-31 03:25:00",56
"Josh","2026-06-09 09:02:07","2026-06-04","1899-12-31 03:30:00",55
"Josh","2026-06-09 09:02:07","2026-06-04","1899-12-31 03:35:00",55
"Josh","2026-06-09 09:02:07","2026-06-04","1899-12-31 03:40:00",55
"Josh","2026-06-09 09:02:07","2026-06-04","1899-12-31 03:45:00",55
"Josh","2026-06-09 09:02:07","2026-06-04","1899-12-31 03:50:00",57
"Josh","2026-06-09 09:02:07","2026-06-04","1899-12-31 03:55:00",57
"Josh","2026-06-09 09:02:07","2026-06-04","1899-12-31 04:00:00",57
"Josh","2026-06-09 09:02:07","2026-06-04","1899-12-31 04:05:00",56
"Josh","2026-06-09 09:02:07","2026-06-04","1899-12-31 04:10:00",56
"Josh","2026-06-09 09:02:07","2026-06-04","1899-12-31 04:15:00",57
"Josh","2026-06-09 09:02:07","2026-06-04","1899-12-31 04:20:00",56
"Josh","2026-06-09 09:02:07","2026-06-04","1899-12-31 04:25:00",57
"Josh","2026-06-09 09:02:07","2026-06-04","1899-12-31 04:30:00",57
"Josh","2026-06-09 09:02:07","2026-06-04","1899-12-31 04:35:00",60
"Josh","2026-06-09 09:02:07","2026-06-04","1899-12-31 04:40:00",59
"Josh","2026-06-09 09:02:07","2026-06-04","1899-12-31 04:45:00",59
"Josh","2026-06-09 09:02:07","2026-06-04","1899-12-31 04:50:00",57
"Josh","2026-06-09 09:02:07","2026-06-04","1899-12-31 04:55:00",56
"Josh","2026-06-09 09:02:07","2026-06-04","1899-12-31 05:00:00",56
"Josh","2026-06-09 09:02:07","2026-06-04","1899-12-31 05:05:00",56
"Josh","2026-06-09 09:02:07","2026-06-04","1899-12-31 05:10:00",58
"Josh","2026-06-09 09:02:07","2026-06-04","1899-12-31 05:15:00",57
"Josh","2026-06-09 09:02:07","2026-06-04","1899-12-31 05:20:00",57
"Josh","2026-06-09 09:02:07","2026-06-04","1899-12-31 05:25:00",57
"Josh","2026-06-09 09:02:07","2026-06-04","1899-12-31 05:30:00",56
"Josh","2026-06-09 09:02:07","2026-06-04","1899-12-31 05:35:00",56
"Josh","2026-06-09 09:02:07","2026-06-04","1899-12-31 05:40:00",56
"Josh","2026-06-09 09:02:07","2026-06-04","1899-12-31 05:45:00",56
"Josh","2026-06-09 09:02:07","2026-06-04","1899-12-31 05:50:00",56
"Josh","2026-06-09 09:02:07","2026-06-04","1899-12-31 05:55:00",57
"Josh","2026-06-09 09:02:07","2026-06-04","1899-12-31 06:00:00",57
"Josh","2026-06-09 09:02:07","2026-06-04","1899-12-31 06:05:00",57
"Josh","2026-06-09 09:02:07","2026-06-04","1899-12-31 06:10:00",57
"Josh","2026-06-09 09:02:07","2026-06-04","1899-12-31 06:15:00",57
"Josh","2026-06-09 09:02:07","2026-06-04","1899-12-31 06:20:00",56
"Josh","2026-06-09 09:02:07","2026-06-04","1899-12-31 06:25:00",56
"Josh","2026-06-09 09:02:07","2026-06-04","1899-12-31 06:30:00",56
"Josh","2026-06-09 09:02:07","2026-06-04","1899-12-31 06:35:00",56
"Josh","2026-06-09 09:02:07","2026-06-04","1899-12-31 06:40:00",56
"Josh","2026-06-09 09:02:07","2026-06-04","1899-12-31 06:45:00",56
"Josh","2026-06-09 09:02:07","2026-06-04","1899-12-31 06:50:00",56
"Josh","2026-06-09 09:02:07","2026-06-04","1899-12-31 06:55:00",57
"Josh","2026-06-09 09:02:07","2026-06-04","1899-12-31 07:00:00",57
"Josh","2026-06-09 09:02:07","2026-06-04","1899-12-31 07:05:00",61
"Josh","2026-06-09 09:02:07","2026-06-04","1899-12-31 07:10:00",59
"Josh","2026-06-09 09:02:07","2026-06-04","1899-12-31 07:15:00",57
"Josh","2026-06-09 09:02:07","2026-06-04","1899-12-31 07:20:00",57
"Josh","2026-06-09 09:02:07","2026-06-04","1899-12-31 07:25:00",56
"Josh","2026-06-09 09:02:07","2026-06-04","1899-12-31 07:30:00",56
"Josh","2026-06-09 09:02:07","2026-06-04","1899-12-31 07:35:00",56
"Josh","2026-06-09 09:02:07","2026-06-04","1899-12-31 07:40:00",57
"Josh","2026-06-09 09:02:07","2026-06-04","1899-12-31 07:45:00",58
"Josh","2026-06-09 09:02:07","2026-06-04","1899-12-31 07:50:00",59
"Josh","2026-06-09 09:02:07","2026-06-04","1899-12-31 07:55:00",60
"Josh","2026-06-09 09:02:07","2026-06-04","1899-12-31 08:00:00",61
"Josh","2026-06-09 09:02:07","2026-06-04","1899-12-31 08:05:00",61
"Josh","2026-06-09 09:02:07","2026-06-04","1899-12-31 08:10:00",69
"Josh","2026-06-09 09:02:07","2026-06-04","1899-12-31 08:15:00",66
"Josh","2026-06-09 09:02:07","2026-06-04","1899-12-31 08:20:00",76
"Josh","2026-06-09 09:02:07","2026-06-04","1899-12-31 08:25:00",82
"Josh","2026-06-09 09:02:07","2026-06-04","1899-12-31 08:30:00",84
"Josh","2026-06-09 09:02:07","2026-06-04","1899-12-31 08:35:00",89
"Josh","2026-06-09 09:02:07","2026-06-04","1899-12-31 08:40:00",92
"Josh","2026-06-09 09:02:07","2026-06-04","1899-12-31 08:45:00",90
"Josh","2026-06-09 09:02:07","2026-06-04","1899-12-31 08:50:00",80
"Josh","2026-06-09 09:02:07","2026-06-04","1899-12-31 08:55:00",75
"Josh","2026-06-09 09:02:07","2026-06-04","1899-12-31 09:00:00",71
"Josh","2026-06-09 09:02:07","2026-06-04","1899-12-31 09:05:00",69
"Josh","2026-06-09 09:02:07","2026-06-04","1899-12-31 09:10:00",67
"Josh","2026-06-09 09:02:07","2026-06-04","1899-12-31 09:15:00",67
"Josh","2026-06-09 09:02:07","2026-06-04","1899-12-31 09:20:00",67
"Josh","2026-06-09 09:02:07","2026-06-04","1899-12-31 09:25:00",66
"Josh","2026-06-09 09:02:07","2026-06-04","1899-12-31 09:30:00",66
"Josh","2026-06-09 09:02:07","2026-06-04","1899-12-31 09:35:00",63
"Josh","2026-06-09 09:02:07","2026-06-04","1899-12-31 09:40:00",63
"Josh","2026-06-09 09:02:07","2026-06-04","1899-12-31 09:45:00",64
"Josh","2026-06-09 09:02:07","2026-06-04","1899-12-31 09:50:00",65
"Josh","2026-06-09 09:02:07","2026-06-04","1899-12-31 09:55:00",66
"Josh","2026-06-09 09:02:07","2026-06-04","1899-12-31 10:00:00",63
"Josh","2026-06-09 09:02:07","2026-06-04","1899-12-31 10:05:00",61
"Josh","2026-06-09 09:02:07","2026-06-04","1899-12-31 10:10:00",61
"Josh","2026-06-09 09:02:07","2026-06-04","1899-12-31 10:15:00",64
"Josh","2026-06-09 09:02:07","2026-06-04","1899-12-31 10:20:00",66
"Josh","2026-06-09 09:02:07","2026-06-04","1899-12-31 10:25:00",65
"Josh","2026-06-09 09:02:07","2026-06-04","1899-12-31 10:30:00",63
"Josh","2026-06-09 09:02:07","2026-06-04","1899-12-31 10:35:00",65
"Josh","2026-06-09 09:02:07","2026-06-04","1899-12-31 10:40:00",66
"Josh","2026-06-09 09:02:07","2026-06-04","1899-12-31 10:45:00",63
"Josh","2026-06-09 09:02:07","2026-06-04","1899-12-31 10:50:00",65
"Josh","2026-06-09 09:02:07","2026-06-04","1899-12-31 10:55:00",66
"Josh","2026-06-09 09:02:07","2026-06-04","1899-12-31 11:00:00",67
"Josh","2026-06-09 09:02:07","2026-06-04","1899-12-31 11:05:00",67
"Josh","2026-06-09 09:02:07","2026-06-04","1899-12-31 11:10:00",66
"Josh","2026-06-09 09:02:07","2026-06-04","1899-12-31 11:15:00",65
"Josh","2026-06-09 09:02:07","2026-06-04","1899-12-31 11:20:00",65
"Josh","2026-06-09 09:02:07","2026-06-04","1899-12-31 11:25:00",63
"Josh","2026-06-09 09:02:07","2026-06-04","1899-12-31 11:30:00",61
"Josh","2026-06-09 09:02:07","2026-06-04","1899-12-31 11:35:00",60
"Josh","2026-06-09 09:02:07","2026-06-04","1899-12-31 11:40:00",61
"Josh","2026-06-09 09:02:07","2026-06-04","1899-12-31 11:45:00",61
"Josh","2026-06-09 09:02:07","2026-06-04","1899-12-31 11:50:00",63
"Josh","2026-06-09 09:02:07","2026-06-04","1899-12-31 11:55:00",64
"Josh","2026-06-09 09:02:07","2026-06-04","1899-12-31 12:00:00",79
"Josh","2026-06-09 09:02:07","2026-06-04","1899-12-31 12:05:00",82
"Josh","2026-06-09 09:02:07","2026-06-04","1899-12-31 12:10:00",92
"Josh","2026-06-09 09:02:07","2026-06-04","1899-12-31 12:15:00",98
"Josh","2026-06-09 09:02:07","2026-06-04","1899-12-31 12:20:00",101
"Josh","2026-06-09 09:02:07","2026-06-04","1899-12-31 12:25:00",101
"Josh","2026-06-09 09:02:07","2026-06-04","1899-12-31 12:30:00",102
"Josh","2026-06-09 09:02:07","2026-06-04","1899-12-31 12:35:00",102
"Josh","2026-06-09 09:02:07","2026-06-04","1899-12-31 12:40:00",102
"Josh","2026-06-09 09:02:07","2026-06-04","1899-12-31 12:45:00",100
"Josh","2026-06-09 09:02:07","2026-06-04","1899-12-31 12:50:00",100
"Josh","2026-06-09 09:02:07","2026-06-04","1899-12-31 12:55:00",96
"Josh","2026-06-09 09:02:07","2026-06-04","1899-12-31 13:00:00",89
"Josh","2026-06-09 09:02:07","2026-06-04","1899-12-31 13:05:00",81
"Josh","2026-06-09 09:02:07","2026-06-04","1899-12-31 13:10:00",73
"Josh","2026-06-09 09:02:07","2026-06-04","1899-12-31 13:15:00",69
"Josh","2026-06-09 09:02:07","2026-06-04","1899-12-31 13:20:00",65
"Josh","2026-06-09 09:02:07","2026-06-04","1899-12-31 13:25:00",65
"Josh","2026-06-09 09:02:07","2026-06-04","1899-12-31 13:30:00",63
"Josh","2026-06-09 09:02:07","2026-06-04","1899-12-31 13:35:00",63
"Josh","2026-06-09 09:02:07","2026-06-04","1899-12-31 13:40:00",63
"Josh","2026-06-09 09:02:07","2026-06-04","1899-12-31 13:45:00",61
"Josh","2026-06-09 09:02:07","2026-06-04","1899-12-31 13:50:00",60
"Josh","2026-06-09 09:02:07","2026-06-04","1899-12-31 13:55:00",60
"Josh","2026-06-09 09:02:07","2026-06-04","1899-12-31 14:00:00",61
"Josh","2026-06-09 09:02:07","2026-06-04","1899-12-31 14:05:00",61
"Josh","2026-06-09 09:02:07","2026-06-04","1899-12-31 14:10:00",62
"Josh","2026-06-09 09:02:07","2026-06-04","1899-12-31 14:15:00",63
"Josh","2026-06-09 09:02:07","2026-06-04","1899-12-31 14:20:00",62
"Josh","2026-06-09 09:02:07","2026-06-04","1899-12-31 14:25:00",64
"Josh","2026-06-09 09:02:07","2026-06-04","1899-12-31 14:30:00",64
"Josh","2026-06-09 09:02:07","2026-06-04","1899-12-31 14:35:00",64
"Josh","2026-06-09 09:02:07","2026-06-04","1899-12-31 14:40:00",64
"Josh","2026-06-09 09:02:07","2026-06-04","1899-12-31 14:45:00",62
"Josh","2026-06-09 09:02:07","2026-06-04","1899-12-31 14:50:00",63
"Josh","2026-06-09 09:02:07","2026-06-04","1899-12-31 14:55:00",64
"Josh","2026-06-09 09:02:07","2026-06-04","1899-12-31 15:00:00",64
"Josh","2026-06-09 09:02:07","2026-06-04","1899-12-31 15:05:00",62
"Josh","2026-06-09 09:02:07","2026-06-04","1899-12-31 15:10:00",62
"Josh","2026-06-09 09:02:07","2026-06-04","1899-12-31 15:15:00",60
"Josh","2026-06-09 09:02:07","2026-06-04","1899-12-31 15:20:00",60
"Josh","2026-06-09 09:02:07","2026-06-04","1899-12-31 15:25:00",59
"Josh","2026-06-09 09:02:07","2026-06-04","1899-12-31 15:30:00",61
"Josh","2026-06-09 09:02:07","2026-06-04","1899-12-31 15:35:00",64
"Josh","2026-06-09 09:02:07","2026-06-04","1899-12-31 15:40:00",62
"Josh","2026-06-09 09:02:07","2026-06-04","1899-12-31 15:45:00",64
"Josh","2026-06-09 09:02:07","2026-06-04","1899-12-31 15:50:00",62
"Josh","2026-06-09 09:02:07","2026-06-04","1899-12-31 15:55:00",62
"Josh","2026-06-09 09:02:07","2026-06-04","1899-12-31 16:00:00",64
"Josh","2026-06-09 09:02:07","2026-06-04","1899-12-31 16:05:00",62
"Josh","2026-06-09 09:02:07","2026-06-04","1899-12-31 16:10:00",64
"Josh","2026-06-09 09:02:07","2026-06-04","1899-12-31 16:15:00",62
"Josh","2026-06-09 09:02:07","2026-06-04","1899-12-31 16:20:00",62
"Josh","2026-06-09 09:02:07","2026-06-04","1899-12-31 16:25:00",64
"Josh","2026-06-09 09:02:07","2026-06-04","1899-12-31 16:30:00",64
"Josh","2026-06-09 09:02:07","2026-06-04","1899-12-31 16:35:00",64
"Josh","2026-06-09 09:02:07","2026-06-04","1899-12-31 16:40:00",63
"Josh","2026-06-09 09:02:07","2026-06-04","1899-12-31 16:45:00",63
"Josh","2026-06-09 09:02:07","2026-06-04","1899-12-31 16:50:00",65
"Josh","2026-06-09 09:02:07","2026-06-04","1899-12-31 16:55:00",63
"Josh","2026-06-09 09:02:07","2026-06-04","1899-12-31 17:00:00",62
"Josh","2026-06-09 09:02:07","2026-06-04","1899-12-31 17:05:00",64
"Josh","2026-06-09 09:02:07","2026-06-04","1899-12-31 17:10:00",66
"Josh","2026-06-09 09:02:07","2026-06-04","1899-12-31 17:15:00",65
"Josh","2026-06-09 09:02:07","2026-06-04","1899-12-31 17:20:00",65
"Josh","2026-06-09 09:02:07","2026-06-04","1899-12-31 17:25:00",62
"Josh","2026-06-09 09:02:07","2026-06-04","1899-12-31 17:30:00",73
"Josh","2026-06-09 09:02:07","2026-06-04","1899-12-31 17:35:00",95
"Josh","2026-06-09 09:02:07","2026-06-04","1899-12-31 17:40:00",112
"Josh","2026-06-09 09:02:07","2026-06-04","1899-12-31 17:45:00",131
"Josh","2026-06-09 09:02:07","2026-06-04","1899-12-31 17:50:00",142
"Josh","2026-06-09 09:02:07","2026-06-04","1899-12-31 17:55:00",148
"Josh","2026-06-09 09:02:07","2026-06-04","1899-12-31 18:00:00",147
"Josh","2026-06-09 09:02:07","2026-06-04","1899-12-31 18:05:00",149
"Josh","2026-06-09 09:02:07","2026-06-04","1899-12-31 18:10:00",150
"Josh","2026-06-09 09:02:07","2026-06-04","1899-12-31 18:15:00",151
"Josh","2026-06-09 09:02:07","2026-06-04","1899-12-31 18:20:00",149
"Josh","2026-06-09 09:02:07","2026-06-04","1899-12-31 18:25:00",149
"Josh","2026-06-09 09:02:07","2026-06-04","1899-12-31 18:30:00",147
"Josh","2026-06-09 09:02:07","2026-06-04","1899-12-31 18:35:00",115
"Josh","2026-06-09 09:02:07","2026-06-04","1899-12-31 18:40:00",123
"Josh","2026-06-09 09:02:07","2026-06-04","1899-12-31 18:45:00",120
"Josh","2026-06-09 09:02:07","2026-06-04","1899-12-31 18:50:00",110
"Josh","2026-06-09 09:02:07","2026-06-04","1899-12-31 18:55:00",97
"Josh","2026-06-09 09:02:07","2026-06-04","1899-12-31 19:00:00",84
"Josh","2026-06-09 09:02:07","2026-06-04","1899-12-31 19:05:00",74
"Josh","2026-06-09 09:02:07","2026-06-04","1899-12-31 19:10:00",69
"Josh","2026-06-09 09:02:07","2026-06-04","1899-12-31 19:15:00",69
"Josh","2026-06-09 09:02:07","2026-06-04","1899-12-31 19:20:00",67
"Josh","2026-06-09 09:02:07","2026-06-04","1899-12-31 19:25:00",67
"Josh","2026-06-09 09:02:07","2026-06-04","1899-12-31 19:30:00",67
"Josh","2026-06-09 09:02:07","2026-06-04","1899-12-31 19:35:00",65
"Josh","2026-06-09 09:02:07","2026-06-04","1899-12-31 19:40:00",66
"Josh","2026-06-09 09:02:07","2026-06-04","1899-12-31 19:45:00",70
"Josh","2026-06-09 09:02:07","2026-06-04","1899-12-31 19:50:00",69
"Josh","2026-06-09 09:02:07","2026-06-04","1899-12-31 19:55:00",67
"Josh","2026-06-09 09:02:07","2026-06-04","1899-12-31 20:00:00",67
"Josh","2026-06-09 09:02:07","2026-06-04","1899-12-31 20:05:00",64
"Josh","2026-06-09 09:02:07","2026-06-04","1899-12-31 20:10:00",64
"Josh","2026-06-09 09:02:07","2026-06-04","1899-12-31 20:15:00",64
"Josh","2026-06-09 09:02:07","2026-06-04","1899-12-31 20:20:00",64
"Josh","2026-06-09 09:02:07","2026-06-04","1899-12-31 20:25:00",65
"Josh","2026-06-09 09:02:07","2026-06-04","1899-12-31 20:30:00",63
"Josh","2026-06-09 09:02:07","2026-06-04","1899-12-31 20:35:00",65
"Josh","2026-06-09 09:02:07","2026-06-04","1899-12-31 20:40:00",64
"Josh","2026-06-09 09:02:07","2026-06-04","1899-12-31 20:45:00",65
"Josh","2026-06-09 09:02:07","2026-06-04","1899-12-31 20:50:00",66
"Josh","2026-06-09 09:02:07","2026-06-04","1899-12-31 20:55:00",63
"Josh","2026-06-09 09:02:07","2026-06-04","1899-12-31 21:00:00",65
"Josh","2026-06-09 09:02:07","2026-06-04","1899-12-31 21:05:00",63
"Josh","2026-06-09 09:02:07","2026-06-04","1899-12-31 21:10:00",63
"Josh","2026-06-09 09:02:07","2026-06-04","1899-12-31 21:15:00",61
"Josh","2026-06-09 09:02:07","2026-06-04","1899-12-31 21:20:00",61
"Josh","2026-06-09 09:02:07","2026-06-04","1899-12-31 21:25:00",61
"Josh","2026-06-09 09:02:07","2026-06-04","1899-12-31 21:30:00",60
"Josh","2026-06-09 09:02:07","2026-06-04","1899-12-31 21:35:00",60
"Josh","2026-06-09 09:02:07","2026-06-04","1899-12-31 21:40:00",61
"Josh","2026-06-09 09:02:07","2026-06-04","1899-12-31 21:45:00",61
"Josh","2026-06-09 09:02:07","2026-06-04","1899-12-31 21:50:00",63
"Josh","2026-06-09 09:02:07","2026-06-04","1899-12-31 21:55:00",63
"Josh","2026-06-09 09:02:07","2026-06-04","1899-12-31 22:00:00",63
"Josh","2026-06-09 09:02:07","2026-06-04","1899-12-31 22:05:00",65
"Josh","2026-06-09 09:02:07","2026-06-04","1899-12-31 22:10:00",63
"Josh","2026-06-09 09:02:07","2026-06-04","1899-12-31 22:15:00",65
"Josh","2026-06-09 09:02:07","2026-06-04","1899-12-31 22:20:00",65
"Josh","2026-06-09 09:02:07","2026-06-04","1899-12-31 22:25:00",65
"Josh","2026-06-09 09:02:07","2026-06-04","1899-12-31 22:30:00",63
"Josh","2026-06-09 09:02:07","2026-06-04","1899-12-31 22:35:00",64
"Josh","2026-06-09 09:02:07","2026-06-04","1899-12-31 22:40:00",66
"Josh","2026-06-09 09:02:07","2026-06-04","1899-12-31 22:45:00",66
"Josh","2026-06-09 09:02:07","2026-06-04","1899-12-31 22:50:00",67
"Josh","2026-06-09 09:02:07","2026-06-04","1899-12-31 22:55:00",64
"Josh","2026-06-09 09:02:07","2026-06-04","1899-12-31 23:00:00",65
"Josh","2026-06-09 09:02:07","2026-06-04","1899-12-31 23:05:00",63
"Josh","2026-06-09 09:02:07","2026-06-04","1899-12-31 23:10:00",64
"Josh","2026-06-09 09:02:07","2026-06-04","1899-12-31 23:15:00",63
"Josh","2026-06-09 09:02:07","2026-06-04","1899-12-31 23:20:00",62
"Josh","2026-06-09 09:02:07","2026-06-04","1899-12-31 23:25:00",61
"Josh","2026-06-09 09:02:07","2026-06-04","1899-12-31 23:30:00",62
"Josh","2026-06-09 09:02:07","2026-06-04","1899-12-31 23:35:00",63
"Josh","2026-06-09 09:02:07","2026-06-04","1899-12-31 23:40:00",65
"Josh","2026-06-09 09:02:07","2026-06-04","1899-12-31 23:45:00",62
"Josh","2026-06-09 09:02:07","2026-06-04","1899-12-31 23:50:00",62
"Josh","2026-06-09 09:02:07","2026-06-04","1899-12-31 23:55:00",60
"Josh","2026-06-10 09:10:30","2026-06-05","1899-12-31",57
"Josh","2026-06-10 09:10:30","2026-06-05","1899-12-31 00:05:00",57
"Josh","2026-06-10 09:10:30","2026-06-05","1899-12-31 00:10:00",57
"Josh","2026-06-10 09:10:30","2026-06-05","1899-12-31 00:15:00",57
"Josh","2026-06-10 09:10:30","2026-06-05","1899-12-31 00:20:00",57
"Josh","2026-06-10 09:10:30","2026-06-05","1899-12-31 00:25:00",57
"Josh","2026-06-10 09:10:30","2026-06-05","1899-12-31 00:30:00",56
"Josh","2026-06-10 09:10:30","2026-06-05","1899-12-31 00:35:00",56
"Josh","2026-06-10 09:10:30","2026-06-05","1899-12-31 00:40:00",56
"Josh","2026-06-10 09:10:30","2026-06-05","1899-12-31 00:45:00",56
"Josh","2026-06-10 09:10:30","2026-06-05","1899-12-31 00:50:00",56
"Josh","2026-06-10 09:10:30","2026-06-05","1899-12-31 00:55:00",56
"Josh","2026-06-10 09:10:30","2026-06-05","1899-12-31 01:00:00",55
"Josh","2026-06-10 09:10:30","2026-06-05","1899-12-31 01:05:00",55
"Josh","2026-06-10 09:10:30","2026-06-05","1899-12-31 01:10:00",55
"Josh","2026-06-10 09:10:30","2026-06-05","1899-12-31 01:15:00",55
"Josh","2026-06-10 09:10:30","2026-06-05","1899-12-31 01:20:00",56
"Josh","2026-06-10 09:10:30","2026-06-05","1899-12-31 01:25:00",56
"Josh","2026-06-10 09:10:30","2026-06-05","1899-12-31 01:30:00",56
"Josh","2026-06-10 09:10:30","2026-06-05","1899-12-31 01:35:00",55
"Josh","2026-06-10 09:10:30","2026-06-05","1899-12-31 01:40:00",55
"Josh","2026-06-10 09:10:30","2026-06-05","1899-12-31 01:45:00",55
"Josh","2026-06-10 09:10:30","2026-06-05","1899-12-31 01:50:00",55
"Josh","2026-06-10 09:10:30","2026-06-05","1899-12-31 01:55:00",55
"Josh","2026-06-10 09:10:30","2026-06-05","1899-12-31 02:00:00",56
"Josh","2026-06-10 09:10:30","2026-06-05","1899-12-31 02:05:00",57
"Josh","2026-06-10 09:10:30","2026-06-05","1899-12-31 02:10:00",56
"Josh","2026-06-10 09:10:30","2026-06-05","1899-12-31 02:15:00",56
"Josh","2026-06-10 09:10:30","2026-06-05","1899-12-31 02:20:00",55
"Josh","2026-06-10 09:10:30","2026-06-05","1899-12-31 02:25:00",56
"Josh","2026-06-10 09:10:30","2026-06-05","1899-12-31 02:30:00",57
"Josh","2026-06-10 09:10:30","2026-06-05","1899-12-31 02:35:00",57
"Josh","2026-06-10 09:10:30","2026-06-05","1899-12-31 02:40:00",57
"Josh","2026-06-10 09:10:30","2026-06-05","1899-12-31 02:45:00",57
"Josh","2026-06-10 09:10:30","2026-06-05","1899-12-31 02:50:00",56
"Josh","2026-06-10 09:10:30","2026-06-05","1899-12-31 02:55:00",56
"Josh","2026-06-10 09:10:30","2026-06-05","1899-12-31 03:00:00",56
"Josh","2026-06-10 09:10:30","2026-06-05","1899-12-31 03:05:00",56
"Josh","2026-06-10 09:10:30","2026-06-05","1899-12-31 03:10:00",56
"Josh","2026-06-10 09:10:30","2026-06-05","1899-12-31 03:15:00",56
"Josh","2026-06-10 09:10:30","2026-06-05","1899-12-31 03:20:00",56
"Josh","2026-06-10 09:10:30","2026-06-05","1899-12-31 03:25:00",57
"Josh","2026-06-10 09:10:30","2026-06-05","1899-12-31 03:30:00",57
"Josh","2026-06-10 09:10:30","2026-06-05","1899-12-31 03:35:00",56
"Josh","2026-06-10 09:10:30","2026-06-05","1899-12-31 03:40:00",55
"Josh","2026-06-10 09:10:30","2026-06-05","1899-12-31 03:45:00",55
"Josh","2026-06-10 09:10:30","2026-06-05","1899-12-31 03:50:00",55
"Josh","2026-06-10 09:10:30","2026-06-05","1899-12-31 03:55:00",56
"Josh","2026-06-10 09:10:30","2026-06-05","1899-12-31 04:00:00",55
"Josh","2026-06-10 09:10:30","2026-06-05","1899-12-31 04:05:00",55
"Josh","2026-06-10 09:10:30","2026-06-05","1899-12-31 04:10:00",56
"Josh","2026-06-10 09:10:30","2026-06-05","1899-12-31 04:15:00",56
"Josh","2026-06-10 09:10:30","2026-06-05","1899-12-31 04:20:00",57
"Josh","2026-06-10 09:10:30","2026-06-05","1899-12-31 04:25:00",57
"Josh","2026-06-10 09:10:30","2026-06-05","1899-12-31 04:30:00",57
"Josh","2026-06-10 09:10:30","2026-06-05","1899-12-31 04:35:00",57
"Josh","2026-06-10 09:10:30","2026-06-05","1899-12-31 04:40:00",57
"Josh","2026-06-10 09:10:30","2026-06-05","1899-12-31 04:45:00",57
"Josh","2026-06-10 09:10:30","2026-06-05","1899-12-31 04:50:00",59
"Josh","2026-06-10 09:10:30","2026-06-05","1899-12-31 04:55:00",62
"Josh","2026-06-10 09:10:30","2026-06-05","1899-12-31 05:00:00",59
"Josh","2026-06-10 09:10:30","2026-06-05","1899-12-31 05:05:00",57
"Josh","2026-06-10 09:10:30","2026-06-05","1899-12-31 05:10:00",57
"Josh","2026-06-10 09:10:30","2026-06-05","1899-12-31 05:15:00",56
"Josh","2026-06-10 09:10:30","2026-06-05","1899-12-31 05:20:00",56
"Josh","2026-06-10 09:10:30","2026-06-05","1899-12-31 05:25:00",56
"Josh","2026-06-10 09:10:30","2026-06-05","1899-12-31 05:30:00",56
"Josh","2026-06-10 09:10:30","2026-06-05","1899-12-31 05:35:00",56
"Josh","2026-06-10 09:10:30","2026-06-05","1899-12-31 05:40:00",59
"Josh","2026-06-10 09:10:30","2026-06-05","1899-12-31 05:45:00",58
"Josh","2026-06-10 09:10:30","2026-06-05","1899-12-31 05:50:00",57
"Josh","2026-06-10 09:10:30","2026-06-05","1899-12-31 05:55:00",56
"Josh","2026-06-10 09:10:30","2026-06-05","1899-12-31 06:00:00",55
"Josh","2026-06-10 09:10:30","2026-06-05","1899-12-31 06:05:00",55
"Josh","2026-06-10 09:10:30","2026-06-05","1899-12-31 06:10:00",55
"Josh","2026-06-10 09:10:30","2026-06-05","1899-12-31 06:15:00",59
"Josh","2026-06-10 09:10:30","2026-06-05","1899-12-31 06:20:00",58
"Josh","2026-06-10 09:10:30","2026-06-05","1899-12-31 06:25:00",58
"Josh","2026-06-10 09:10:30","2026-06-05","1899-12-31 06:30:00",60
"Josh","2026-06-10 09:10:30","2026-06-05","1899-12-31 06:35:00",58
"Josh","2026-06-10 09:10:30","2026-06-05","1899-12-31 06:40:00",56
"Josh","2026-06-10 09:10:30","2026-06-05","1899-12-31 06:45:00",56
"Josh","2026-06-10 09:10:30","2026-06-05","1899-12-31 06:50:00",56
"Josh","2026-06-10 09:10:30","2026-06-05","1899-12-31 06:55:00",56
"Josh","2026-06-10 09:10:30","2026-06-05","1899-12-31 07:00:00",59
"Josh","2026-06-10 09:10:30","2026-06-05","1899-12-31 07:05:00",57
"Josh","2026-06-10 09:10:30","2026-06-05","1899-12-31 07:10:00",56
"Josh","2026-06-10 09:10:30","2026-06-05","1899-12-31 07:15:00",56
"Josh","2026-06-10 09:10:30","2026-06-05","1899-12-31 07:20:00",56
"Josh","2026-06-10 09:10:30","2026-06-05","1899-12-31 07:25:00",57
"Josh","2026-06-10 09:10:30","2026-06-05","1899-12-31 07:30:00",56
"Josh","2026-06-10 09:10:30","2026-06-05","1899-12-31 07:35:00",56
"Josh","2026-06-10 09:10:30","2026-06-05","1899-12-31 07:40:00",57
"Josh","2026-06-10 09:10:30","2026-06-05","1899-12-31 07:45:00",58
"Josh","2026-06-10 09:10:30","2026-06-05","1899-12-31 07:50:00",59
"Josh","2026-06-10 09:10:30","2026-06-05","1899-12-31 07:55:00",60
"Josh","2026-06-10 09:10:30","2026-06-05","1899-12-31 08:00:00",61
"Josh","2026-06-10 09:10:30","2026-06-05","1899-12-31 08:05:00",60
"Josh","2026-06-10 09:10:30","2026-06-05","1899-12-31 08:10:00",65
"Josh","2026-06-10 09:10:30","2026-06-05","1899-12-31 08:15:00",63
"Josh","2026-06-10 09:10:30","2026-06-05","1899-12-31 08:20:00",79
"Josh","2026-06-10 09:10:30","2026-06-05","1899-12-31 08:25:00",86
"Josh","2026-06-10 09:10:30","2026-06-05","1899-12-31 08:30:00",90
"Josh","2026-06-10 09:10:30","2026-06-05","1899-12-31 08:35:00",93
"Josh","2026-06-10 09:10:30","2026-06-05","1899-12-31 08:40:00",93
"Josh","2026-06-10 09:10:30","2026-06-05","1899-12-31 08:45:00",91
"Josh","2026-06-10 09:10:30","2026-06-05","1899-12-31 08:50:00",79
"Josh","2026-06-10 09:10:30","2026-06-05","1899-12-31 08:55:00",72
"Josh","2026-06-10 09:10:30","2026-06-05","1899-12-31 09:00:00",70
"Josh","2026-06-10 09:10:30","2026-06-05","1899-12-31 09:05:00",66
"Josh","2026-06-10 09:10:30","2026-06-05","1899-12-31 09:10:00",64
"Josh","2026-06-10 09:10:30","2026-06-05","1899-12-31 09:15:00",65
"Josh","2026-06-10 09:10:30","2026-06-05","1899-12-31 09:20:00",66
"Josh","2026-06-10 09:10:30","2026-06-05","1899-12-31 09:25:00",66
"Josh","2026-06-10 09:10:30","2026-06-05","1899-12-31 09:30:00",66
"Josh","2026-06-10 09:10:30","2026-06-05","1899-12-31 09:35:00",64
"Josh","2026-06-10 09:10:30","2026-06-05","1899-12-31 09:40:00",62
"Josh","2026-06-10 09:10:30","2026-06-05","1899-12-31 09:45:00",64
"Josh","2026-06-10 09:10:30","2026-06-05","1899-12-31 09:50:00",63
"Josh","2026-06-10 09:10:30","2026-06-05","1899-12-31 09:55:00",62
"Josh","2026-06-10 09:10:30","2026-06-05","1899-12-31 10:00:00",64
"Josh","2026-06-10 09:10:30","2026-06-05","1899-12-31 10:05:00",65
"Josh","2026-06-10 09:10:30","2026-06-05","1899-12-31 10:10:00",65
"Josh","2026-06-10 09:10:30","2026-06-05","1899-12-31 10:15:00",63
"Josh","2026-06-10 09:10:30","2026-06-05","1899-12-31 10:20:00",63
"Josh","2026-06-10 09:10:30","2026-06-05","1899-12-31 10:25:00",63
"Josh","2026-06-10 09:10:30","2026-06-05","1899-12-31 10:30:00",65
"Josh","2026-06-10 09:10:30","2026-06-05","1899-12-31 10:35:00",62
"Josh","2026-06-10 09:10:30","2026-06-05","1899-12-31 10:40:00",62
"Josh","2026-06-10 09:10:30","2026-06-05","1899-12-31 10:45:00",63
"Josh","2026-06-10 09:10:30","2026-06-05","1899-12-31 10:50:00",63
"Josh","2026-06-10 09:10:30","2026-06-05","1899-12-31 10:55:00",61
"Josh","2026-06-10 09:10:30","2026-06-05","1899-12-31 11:00:00",61
"Josh","2026-06-10 09:10:30","2026-06-05","1899-12-31 11:05:00",63
"Josh","2026-06-10 09:10:30","2026-06-05","1899-12-31 11:10:00",65
"Josh","2026-06-10 09:10:30","2026-06-05","1899-12-31 11:15:00",66
"Josh","2026-06-10 09:10:30","2026-06-05","1899-12-31 11:20:00",63
"Josh","2026-06-10 09:10:30","2026-06-05","1899-12-31 11:25:00",64
"Josh","2026-06-10 09:10:30","2026-06-05","1899-12-31 11:30:00",62
"Josh","2026-06-10 09:10:30","2026-06-05","1899-12-31 11:35:00",62
"Josh","2026-06-10 09:10:30","2026-06-05","1899-12-31 11:40:00",62
"Josh","2026-06-10 09:10:30","2026-06-05","1899-12-31 11:45:00",61
"Josh","2026-06-10 09:10:30","2026-06-05","1899-12-31 11:50:00",62
"Josh","2026-06-10 09:10:30","2026-06-05","1899-12-31 11:55:00",64
"Josh","2026-06-10 09:10:30","2026-06-05","1899-12-31 12:00:00",77
"Josh","2026-06-10 09:10:30","2026-06-05","1899-12-31 12:05:00",80
"Josh","2026-06-10 09:10:30","2026-06-05","1899-12-31 12:10:00",92
"Josh","2026-06-10 09:10:30","2026-06-05","1899-12-31 12:15:00",100
"Josh","2026-06-10 09:10:30","2026-06-05","1899-12-31 12:20:00",106
"Josh","2026-06-10 09:10:30","2026-06-05","1899-12-31 12:25:00",106
"Josh","2026-06-10 09:10:30","2026-06-05","1899-12-31 12:30:00",110
"Josh","2026-06-10 09:10:30","2026-06-05","1899-12-31 12:35:00",110
"Josh","2026-06-10 09:10:30","2026-06-05","1899-12-31 12:40:00",112
"Josh","2026-06-10 09:10:30","2026-06-05","1899-12-31 12:45:00",109
"Josh","2026-06-10 09:10:30","2026-06-05","1899-12-31 12:50:00",107
"Josh","2026-06-10 09:10:30","2026-06-05","1899-12-31 12:55:00",104
"Josh","2026-06-10 09:10:30","2026-06-05","1899-12-31 13:00:00",97
"Josh","2026-06-10 09:10:30","2026-06-05","1899-12-31 13:05:00",87
"Josh","2026-06-10 09:10:30","2026-06-05","1899-12-31 13:10:00",76
"Josh","2026-06-10 09:10:30","2026-06-05","1899-12-31 13:15:00",70
"Josh","2026-06-10 09:10:30","2026-06-05","1899-12-31 13:20:00",66
"Josh","2026-06-10 09:10:30","2026-06-05","1899-12-31 13:25:00",63
"Josh","2026-06-10 09:10:30","2026-06-05","1899-12-31 13:30:00",61
"Josh","2026-06-10 09:10:30","2026-06-05","1899-12-31 13:35:00",62
"Josh","2026-06-10 09:10:30","2026-06-05","1899-12-31 13:40:00",64
"Josh","2026-06-10 09:10:30","2026-06-05","1899-12-31 13:45:00",63
"Josh","2026-06-10 09:10:30","2026-06-05","1899-12-31 13:50:00",65
"Josh","2026-06-10 09:10:30","2026-06-05","1899-12-31 13:55:00",65
"Josh","2026-06-10 09:10:30","2026-06-05","1899-12-31 14:00:00",65
"Josh","2026-06-10 09:10:30","2026-06-05","1899-12-31 14:05:00",65
"Josh","2026-06-10 09:10:30","2026-06-05","1899-12-31 14:10:00",65
"Josh","2026-06-10 09:10:30","2026-06-05","1899-12-31 14:15:00",63
"Josh","2026-06-10 09:10:30","2026-06-05","1899-12-31 14:20:00",65
"Josh","2026-06-10 09:10:30","2026-06-05","1899-12-31 14:25:00",65
"Josh","2026-06-10 09:10:30","2026-06-05","1899-12-31 14:30:00",65
"Josh","2026-06-10 09:10:30","2026-06-05","1899-12-31 14:35:00",66
"Josh","2026-06-10 09:10:30","2026-06-05","1899-12-31 14:40:00",64
"Josh","2026-06-10 09:10:30","2026-06-05","1899-12-31 14:45:00",63
"Josh","2026-06-10 09:10:30","2026-06-05","1899-12-31 14:50:00",61
"Josh","2026-06-10 09:10:30","2026-06-05","1899-12-31 14:55:00",61
"Josh","2026-06-10 09:10:30","2026-06-05","1899-12-31 15:00:00",60
"Josh","2026-06-10 09:10:30","2026-06-05","1899-12-31 15:05:00",62
"Josh","2026-06-10 09:10:30","2026-06-05","1899-12-31 15:10:00",62
"Josh","2026-06-10 09:10:30","2026-06-05","1899-12-31 15:15:00",61
"Josh","2026-06-10 09:10:30","2026-06-05","1899-12-31 15:20:00",63
"Josh","2026-06-10 09:10:30","2026-06-05","1899-12-31 15:25:00",63
"Josh","2026-06-10 09:10:30","2026-06-05","1899-12-31 15:30:00",63
"Josh","2026-06-10 09:10:30","2026-06-05","1899-12-31 15:35:00",65
"Josh","2026-06-10 09:10:30","2026-06-05","1899-12-31 15:40:00",66
"Josh","2026-06-10 09:10:30","2026-06-05","1899-12-31 15:45:00",67
"Josh","2026-06-10 09:10:30","2026-06-05","1899-12-31 15:50:00",67
"Josh","2026-06-10 09:10:30","2026-06-05","1899-12-31 15:55:00",67
"Josh","2026-06-10 09:10:30","2026-06-05","1899-12-31 16:00:00",64
"Josh","2026-06-10 09:10:30","2026-06-05","1899-12-31 16:05:00",63
"Josh","2026-06-10 09:10:30","2026-06-05","1899-12-31 16:10:00",63
"Josh","2026-06-10 09:10:30","2026-06-05","1899-12-31 16:15:00",62
"Josh","2026-06-10 09:10:30","2026-06-05","1899-12-31 16:20:00",60
"Josh","2026-06-10 09:10:30","2026-06-05","1899-12-31 16:25:00",60
"Josh","2026-06-10 09:10:30","2026-06-05","1899-12-31 16:30:00",60
"Josh","2026-06-10 09:10:30","2026-06-05","1899-12-31 16:35:00",62
"Josh","2026-06-10 09:10:30","2026-06-05","1899-12-31 16:40:00",61
"Josh","2026-06-10 09:10:30","2026-06-05","1899-12-31 16:45:00",63
"Josh","2026-06-10 09:10:30","2026-06-05","1899-12-31 16:50:00",65
"Josh","2026-06-10 09:10:30","2026-06-05","1899-12-31 16:55:00",66
"Josh","2026-06-10 09:10:30","2026-06-05","1899-12-31 17:00:00",63
"Josh","2026-06-10 09:10:30","2026-06-05","1899-12-31 17:05:00",63
"Josh","2026-06-10 09:10:30","2026-06-05","1899-12-31 17:10:00",65
"Josh","2026-06-10 09:10:30","2026-06-05","1899-12-31 17:15:00",66
"Josh","2026-06-10 09:10:30","2026-06-05","1899-12-31 17:20:00",64
"Josh","2026-06-10 09:10:30","2026-06-05","1899-12-31 17:25:00",62
"Josh","2026-06-10 09:10:30","2026-06-05","1899-12-31 17:30:00",89
"Josh","2026-06-10 09:10:30","2026-06-05","1899-12-31 17:35:00",105
"Josh","2026-06-10 09:10:30","2026-06-05","1899-12-31 17:40:00",124
"Josh","2026-06-10 09:10:30","2026-06-05","1899-12-31 17:45:00",137
"Josh","2026-06-10 09:10:30","2026-06-05","1899-12-31 17:50:00",143
"Josh","2026-06-10 09:10:30","2026-06-05","1899-12-31 17:55:00",149
"Josh","2026-06-10 09:10:30","2026-06-05","1899-12-31 18:00:00",157
"Josh","2026-06-10 09:10:30","2026-06-05","1899-12-31 18:05:00",160
"Josh","2026-06-10 09:10:30","2026-06-05","1899-12-31 18:10:00",164
"Josh","2026-06-10 09:10:30","2026-06-05","1899-12-31 18:15:00",166
"Josh","2026-06-10 09:10:30","2026-06-05","1899-12-31 18:20:00",164
"Josh","2026-06-10 09:10:30","2026-06-05","1899-12-31 18:25:00",160
"Josh","2026-06-10 09:10:30","2026-06-05","1899-12-31 18:30:00",157
"Josh","2026-06-10 09:10:30","2026-06-05","1899-12-31 18:35:00",157
"Josh","2026-06-10 09:10:30","2026-06-05","1899-12-31 18:40:00",149
"Josh","2026-06-10 09:10:30","2026-06-05","1899-12-31 18:45:00",135
"Josh","2026-06-10 09:10:30","2026-06-05","1899-12-31 18:50:00",119
"Josh","2026-06-10 09:10:30","2026-06-05","1899-12-31 18:55:00",95
"Josh","2026-06-10 09:10:30","2026-06-05","1899-12-31 19:00:00",80
"Josh","2026-06-10 09:10:30","2026-06-05","1899-12-31 19:05:00",73
"Josh","2026-06-10 09:10:30","2026-06-05","1899-12-31 19:10:00",69
"Josh","2026-06-10 09:10:30","2026-06-05","1899-12-31 19:15:00",66
"Josh","2026-06-10 09:10:30","2026-06-05","1899-12-31 19:20:00",66
"Josh","2026-06-10 09:10:30","2026-06-05","1899-12-31 19:25:00",68
"Josh","2026-06-10 09:10:30","2026-06-05","1899-12-31 19:30:00",66
"Josh","2026-06-10 09:10:30","2026-06-05","1899-12-31 19:35:00",66
"Josh","2026-06-10 09:10:30","2026-06-05","1899-12-31 19:40:00",67
"Josh","2026-06-10 09:10:30","2026-06-05","1899-12-31 19:45:00",64
"Josh","2026-06-10 09:10:30","2026-06-05","1899-12-31 19:50:00",64
"Josh","2026-06-10 09:10:30","2026-06-05","1899-12-31 19:55:00",64
"Josh","2026-06-10 09:10:30","2026-06-05","1899-12-31 20:00:00",65
"Josh","2026-06-10 09:10:30","2026-06-05","1899-12-31 20:05:00",64
"Josh","2026-06-10 09:10:30","2026-06-05","1899-12-31 20:10:00",62
"Josh","2026-06-10 09:10:30","2026-06-05","1899-12-31 20:15:00",63
"Josh","2026-06-10 09:10:30","2026-06-05","1899-12-31 20:20:00",65
"Josh","2026-06-10 09:10:30","2026-06-05","1899-12-31 20:25:00",63
"Josh","2026-06-10 09:10:30","2026-06-05","1899-12-31 20:30:00",63
"Josh","2026-06-10 09:10:30","2026-06-05","1899-12-31 20:35:00",62
"Josh","2026-06-10 09:10:30","2026-06-05","1899-12-31 20:40:00",62
"Josh","2026-06-10 09:10:30","2026-06-05","1899-12-31 20:45:00",61
"Josh","2026-06-10 09:10:30","2026-06-05","1899-12-31 20:50:00",63
"Josh","2026-06-10 09:10:30","2026-06-05","1899-12-31 20:55:00",65
"Josh","2026-06-10 09:10:30","2026-06-05","1899-12-31 21:00:00",63
"Josh","2026-06-10 09:10:30","2026-06-05","1899-12-31 21:05:00",62
"Josh","2026-06-10 09:10:30","2026-06-05","1899-12-31 21:10:00",64
"Josh","2026-06-10 09:10:30","2026-06-05","1899-12-31 21:15:00",62
"Josh","2026-06-10 09:10:30","2026-06-05","1899-12-31 21:20:00",60
"Josh","2026-06-10 09:10:30","2026-06-05","1899-12-31 21:25:00",59
"Josh","2026-06-10 09:10:30","2026-06-05","1899-12-31 21:30:00",60
"Josh","2026-06-10 09:10:30","2026-06-05","1899-12-31 21:35:00",59
"Josh","2026-06-10 09:10:30","2026-06-05","1899-12-31 21:40:00",61
"Josh","2026-06-10 09:10:30","2026-06-05","1899-12-31 21:45:00",62
"Josh","2026-06-10 09:10:30","2026-06-05","1899-12-31 21:50:00",63
"Josh","2026-06-10 09:10:30","2026-06-05","1899-12-31 21:55:00",62
"Josh","2026-06-10 09:10:30","2026-06-05","1899-12-31 22:00:00",61
"Josh","2026-06-10 09:10:30","2026-06-05","1899-12-31 22:05:00",60
"Josh","2026-06-10 09:10:30","2026-06-05","1899-12-31 22:10:00",62
"Josh","2026-06-10 09:10:30","2026-06-05","1899-12-31 22:15:00",64
"Josh","2026-06-10 09:10:30","2026-06-05","1899-12-31 22:20:00",64
"Josh","2026-06-10 09:10:30","2026-06-05","1899-12-31 22:25:00",63
"Josh","2026-06-10 09:10:30","2026-06-05","1899-12-31 22:30:00",63
"Josh","2026-06-10 09:10:30","2026-06-05","1899-12-31 22:35:00",62
"Josh","2026-06-10 09:10:30","2026-06-05","1899-12-31 22:40:00",63
"Josh","2026-06-10 09:10:30","2026-06-05","1899-12-31 22:45:00",63
"Josh","2026-06-10 09:10:30","2026-06-05","1899-12-31 22:50:00",63
"Josh","2026-06-10 09:10:30","2026-06-05","1899-12-31 22:55:00",61
"Josh","2026-06-10 09:10:30","2026-06-05","1899-12-31 23:00:00",63
"Josh","2026-06-10 09:10:30","2026-06-05","1899-12-31 23:05:00",63
"Josh","2026-06-10 09:10:30","2026-06-05","1899-12-31 23:10:00",61
"Josh","2026-06-10 09:10:30","2026-06-05","1899-12-31 23:15:00",63
"Josh","2026-06-10 09:10:30","2026-06-05","1899-12-31 23:20:00",65
"Josh","2026-06-10 09:10:30","2026-06-05","1899-12-31 23:25:00",62
"Josh","2026-06-10 09:10:30","2026-06-05","1899-12-31 23:30:00",61
"Josh","2026-06-10 09:10:30","2026-06-05","1899-12-31 23:35:00",61
"Josh","2026-06-10 09:10:30","2026-06-05","1899-12-31 23:40:00",63
"Josh","2026-06-10 09:10:30","2026-06-05","1899-12-31 23:45:00",61
"Josh","2026-06-10 09:10:30","2026-06-05","1899-12-31 23:50:00",62
"Josh","2026-06-10 09:10:30","2026-06-05","1899-12-31 23:55:00",61
"Josh","2026-06-10 09:10:30","2026-06-06","1899-12-31",57
"Josh","2026-06-10 09:10:30","2026-06-06","1899-12-31 00:05:00",57
"Josh","2026-06-10 09:10:30","2026-06-06","1899-12-31 00:10:00",57
"Josh","2026-06-10 09:10:30","2026-06-06","1899-12-31 00:15:00",57
"Josh","2026-06-10 09:10:30","2026-06-06","1899-12-31 00:20:00",57
"Josh","2026-06-10 09:10:30","2026-06-06","1899-12-31 00:25:00",57
"Josh","2026-06-10 09:10:30","2026-06-06","1899-12-31 00:30:00",57
"Josh","2026-06-10 09:10:30","2026-06-06","1899-12-31 00:35:00",57
"Josh","2026-06-10 09:10:30","2026-06-06","1899-12-31 00:40:00",56
"Josh","2026-06-10 09:10:30","2026-06-06","1899-12-31 00:45:00",57
"Josh","2026-06-10 09:10:30","2026-06-06","1899-12-31 00:50:00",56
"Josh","2026-06-10 09:10:30","2026-06-06","1899-12-31 00:55:00",60
"Josh","2026-06-10 09:10:30","2026-06-06","1899-12-31 01:00:00",58
"Josh","2026-06-10 09:10:30","2026-06-06","1899-12-31 01:05:00",56
"Josh","2026-06-10 09:10:30","2026-06-06","1899-12-31 01:10:00",55
"Josh","2026-06-10 09:10:30","2026-06-06","1899-12-31 01:15:00",56
"Josh","2026-06-10 09:10:30","2026-06-06","1899-12-31 01:20:00",56
"Josh","2026-06-10 09:10:30","2026-06-06","1899-12-31 01:25:00",57
"Josh","2026-06-10 09:10:30","2026-06-06","1899-12-31 01:30:00",57
"Josh","2026-06-10 09:10:30","2026-06-06","1899-12-31 01:35:00",56
"Josh","2026-06-10 09:10:30","2026-06-06","1899-12-31 01:40:00",56
"Josh","2026-06-10 09:10:30","2026-06-06","1899-12-31 01:45:00",57
"Josh","2026-06-10 09:10:30","2026-06-06","1899-12-31 01:50:00",57
"Josh","2026-06-10 09:10:30","2026-06-06","1899-12-31 01:55:00",57
"Josh","2026-06-10 09:10:30","2026-06-06","1899-12-31 02:00:00",56
"Josh","2026-06-10 09:10:30","2026-06-06","1899-12-31 02:05:00",57
"Josh","2026-06-10 09:10:30","2026-06-06","1899-12-31 02:10:00",60
"Josh","2026-06-10 09:10:30","2026-06-06","1899-12-31 02:15:00",58
"Josh","2026-06-10 09:10:30","2026-06-06","1899-12-31 02:20:00",57
"Josh","2026-06-10 09:10:30","2026-06-06","1899-12-31 02:25:00",57
"Josh","2026-06-10 09:10:30","2026-06-06","1899-12-31 02:30:00",57
"Josh","2026-06-10 09:10:30","2026-06-06","1899-12-31 02:35:00",57
"Josh","2026-06-10 09:10:30","2026-06-06","1899-12-31 02:40:00",57
"Josh","2026-06-10 09:10:30","2026-06-06","1899-12-31 02:45:00",56
"Josh","2026-06-10 09:10:30","2026-06-06","1899-12-31 02:50:00",57
"Josh","2026-06-10 09:10:30","2026-06-06","1899-12-31 02:55:00",56
"Josh","2026-06-10 09:10:30","2026-06-06","1899-12-31 03:00:00",56
"Josh","2026-06-10 09:10:30","2026-06-06","1899-12-31 03:05:00",55
"Josh","2026-06-10 09:10:30","2026-06-06","1899-12-31 03:10:00",55
"Josh","2026-06-10 09:10:30","2026-06-06","1899-12-31 03:15:00",56
"Josh","2026-06-10 09:10:30","2026-06-06","1899-12-31 03:20:00",55
"Josh","2026-06-10 09:10:30","2026-06-06","1899-12-31 03:25:00",55
"Josh","2026-06-10 09:10:30","2026-06-06","1899-12-31 03:30:00",60
"Josh","2026-06-10 09:10:30","2026-06-06","1899-12-31 03:35:00",58
"Josh","2026-06-10 09:10:30","2026-06-06","1899-12-31 03:40:00",57
"Josh","2026-06-10 09:10:30","2026-06-06","1899-12-31 03:45:00",57
"Josh","2026-06-10 09:10:30","2026-06-06","1899-12-31 03:50:00",57
"Josh","2026-06-10 09:10:30","2026-06-06","1899-12-31 03:55:00",59
"Josh","2026-06-10 09:10:30","2026-06-06","1899-12-31 04:00:00",58
"Josh","2026-06-10 09:10:30","2026-06-06","1899-12-31 04:05:00",58
"Josh","2026-06-10 09:10:30","2026-06-06","1899-12-31 04:10:00",58
"Josh","2026-06-10 09:10:30","2026-06-06","1899-12-31 04:15:00",57
"Josh","2026-06-10 09:10:30","2026-06-06","1899-12-31 04:20:00",56
"Josh","2026-06-10 09:10:30","2026-06-06","1899-12-31 04:25:00",56
"Josh","2026-06-10 09:10:30","2026-06-06","1899-12-31 04:30:00",56
"Josh","2026-06-10 09:10:30","2026-06-06","1899-12-31 04:35:00",55
"Josh","2026-06-10 09:10:30","2026-06-06","1899-12-31 04:40:00",55
"Josh","2026-06-10 09:10:30","2026-06-06","1899-12-31 04:45:00",56
"Josh","2026-06-10 09:10:30","2026-06-06","1899-12-31 04:50:00",56
"Josh","2026-06-10 09:10:30","2026-06-06","1899-12-31 04:55:00",56
"Josh","2026-06-10 09:10:30","2026-06-06","1899-12-31 05:00:00",55
"Josh","2026-06-10 09:10:30","2026-06-06","1899-12-31 05:05:00",55
"Josh","2026-06-10 09:10:30","2026-06-06","1899-12-31 05:10:00",59
"Josh","2026-06-10 09:10:30","2026-06-06","1899-12-31 05:15:00",58
"Josh","2026-06-10 09:10:30","2026-06-06","1899-12-31 05:20:00",58
"Josh","2026-06-10 09:10:30","2026-06-06","1899-12-31 05:25:00",58
"Josh","2026-06-10 09:10:30","2026-06-06","1899-12-31 05:30:00",57
"Josh","2026-06-10 09:10:30","2026-06-06","1899-12-31 05:35:00",56
"Josh","2026-06-10 09:10:30","2026-06-06","1899-12-31 05:40:00",56
"Josh","2026-06-10 09:10:30","2026-06-06","1899-12-31 05:45:00",55
"Josh","2026-06-10 09:10:30","2026-06-06","1899-12-31 05:50:00",56
"Josh","2026-06-10 09:10:30","2026-06-06","1899-12-31 05:55:00",56
"Josh","2026-06-10 09:10:30","2026-06-06","1899-12-31 06:00:00",57
"Josh","2026-06-10 09:10:30","2026-06-06","1899-12-31 06:05:00",56
"Josh","2026-06-10 09:10:30","2026-06-06","1899-12-31 06:10:00",56
"Josh","2026-06-10 09:10:30","2026-06-06","1899-12-31 06:15:00",57
"Josh","2026-06-10 09:10:30","2026-06-06","1899-12-31 06:20:00",57
"Josh","2026-06-10 09:10:30","2026-06-06","1899-12-31 06:25:00",57
"Josh","2026-06-10 09:10:30","2026-06-06","1899-12-31 06:30:00",57
"Josh","2026-06-10 09:10:30","2026-06-06","1899-12-31 06:35:00",57
"Josh","2026-06-10 09:10:30","2026-06-06","1899-12-31 06:40:00",57
"Josh","2026-06-10 09:10:30","2026-06-06","1899-12-31 06:45:00",57
"Josh","2026-06-10 09:10:30","2026-06-06","1899-12-31 06:50:00",56
"Josh","2026-06-10 09:10:30","2026-06-06","1899-12-31 06:55:00",60
"Josh","2026-06-10 09:10:30","2026-06-06","1899-12-31 07:00:00",61
"Josh","2026-06-10 09:10:30","2026-06-06","1899-12-31 07:05:00",60
"Josh","2026-06-10 09:10:30","2026-06-06","1899-12-31 07:10:00",59
"Josh","2026-06-10 09:10:30","2026-06-06","1899-12-31 07:15:00",57
"Josh","2026-06-10 09:10:30","2026-06-06","1899-12-31 07:20:00",56
"Josh","2026-06-10 09:10:30","2026-06-06","1899-12-31 07:25:00",55
"Josh","2026-06-10 09:10:30","2026-06-06","1899-12-31 07:30:00",55
"Josh","2026-06-10 09:10:30","2026-06-06","1899-12-31 07:35:00",56
"Josh","2026-06-10 09:10:30","2026-06-06","1899-12-31 07:40:00",56
"Josh","2026-06-10 09:10:30","2026-06-06","1899-12-31 07:45:00",57
"Josh","2026-06-10 09:10:30","2026-06-06","1899-12-31 07:50:00",57
"Josh","2026-06-10 09:10:30","2026-06-06","1899-12-31 07:55:00",56
"Josh","2026-06-10 09:10:30","2026-06-06","1899-12-31 08:00:00",56
"Josh","2026-06-10 09:10:30","2026-06-06","1899-12-31 08:05:00",57
"Josh","2026-06-10 09:10:30","2026-06-06","1899-12-31 08:10:00",57
"Josh","2026-06-10 09:10:30","2026-06-06","1899-12-31 08:15:00",57
"Josh","2026-06-10 09:10:30","2026-06-06","1899-12-31 08:20:00",58
"Josh","2026-06-10 09:10:30","2026-06-06","1899-12-31 08:25:00",59
"Josh","2026-06-10 09:10:30","2026-06-06","1899-12-31 08:30:00",60
"Josh","2026-06-10 09:10:30","2026-06-06","1899-12-31 08:35:00",61
"Josh","2026-06-10 09:10:30","2026-06-06","1899-12-31 08:40:00",61
"Josh","2026-06-10 09:10:30","2026-06-06","1899-12-31 08:45:00",63
"Josh","2026-06-10 09:10:30","2026-06-06","1899-12-31 08:50:00",64
"Josh","2026-06-10 09:10:30","2026-06-06","1899-12-31 08:55:00",63
"Josh","2026-06-10 09:10:30","2026-06-06","1899-12-31 09:00:00",89
"Josh","2026-06-10 09:10:30","2026-06-06","1899-12-31 09:05:00",105
"Josh","2026-06-10 09:10:30","2026-06-06","1899-12-31 09:10:00",118
"Josh","2026-06-10 09:10:30","2026-06-06","1899-12-31 09:15:00",128
"Josh","2026-06-10 09:10:30","2026-06-06","1899-12-31 09:20:00",138
"Josh","2026-06-10 09:10:30","2026-06-06","1899-12-31 09:25:00",138
"Josh","2026-06-10 09:10:30","2026-06-06","1899-12-31 09:30:00",138
"Josh","2026-06-10 09:10:30","2026-06-06","1899-12-31 09:35:00",138
"Josh","2026-06-10 09:10:30","2026-06-06","1899-12-31 09:40:00",140
"Josh","2026-06-10 09:10:30","2026-06-06","1899-12-31 09:45:00",142
"Josh","2026-06-10 09:10:30","2026-06-06","1899-12-31 09:50:00",140
"Josh","2026-06-10 09:10:30","2026-06-06","1899-12-31 09:55:00",145
"Josh","2026-06-10 09:10:30","2026-06-06","1899-12-31 10:00:00",148
"Josh","2026-06-10 09:10:30","2026-06-06","1899-12-31 10:05:00",144
"Josh","2026-06-10 09:10:30","2026-06-06","1899-12-31 10:10:00",142
"Josh","2026-06-10 09:10:30","2026-06-06","1899-12-31 10:15:00",139
"Josh","2026-06-10 09:10:30","2026-06-06","1899-12-31 10:20:00",137
"Josh","2026-06-10 09:10:30","2026-06-06","1899-12-31 10:25:00",129
"Josh","2026-06-10 09:10:30","2026-06-06","1899-12-31 10:30:00",118
"Josh","2026-06-10 09:10:30","2026-06-06","1899-12-31 10:35:00",104
"Josh","2026-06-10 09:10:30","2026-06-06","1899-12-31 10:40:00",88
"Josh","2026-06-10 09:10:30","2026-06-06","1899-12-31 10:45:00",85
"Josh","2026-06-10 09:10:30","2026-06-06","1899-12-31 10:50:00",75
"Josh","2026-06-10 09:10:30","2026-06-06","1899-12-31 10:55:00",70
"Josh","2026-06-10 09:10:30","2026-06-06","1899-12-31 11:00:00",70
"Josh","2026-06-10 09:10:30","2026-06-06","1899-12-31 11:05:00",65
"Josh","2026-06-10 09:10:30","2026-06-06","1899-12-31 11:10:00",63
"Josh","2026-06-10 09:10:30","2026-06-06","1899-12-31 11:15:00",65
"Josh","2026-06-10 09:10:30","2026-06-06","1899-12-31 11:20:00",63
"Josh","2026-06-10 09:10:30","2026-06-06","1899-12-31 11:25:00",61
"Josh","2026-06-10 09:10:30","2026-06-06","1899-12-31 11:30:00",63
"Josh","2026-06-10 09:10:30","2026-06-06","1899-12-31 11:35:00",68
"Josh","2026-06-10 09:10:30","2026-06-06","1899-12-31 11:40:00",64
"Josh","2026-06-10 09:10:30","2026-06-06","1899-12-31 11:45:00",64
"Josh","2026-06-10 09:10:30","2026-06-06","1899-12-31 11:50:00",66
"Josh","2026-06-10 09:10:30","2026-06-06","1899-12-31 11:55:00",65
"Josh","2026-06-10 09:10:30","2026-06-06","1899-12-31 12:00:00",66
"Josh","2026-06-10 09:10:30","2026-06-06","1899-12-31 12:05:00",63
"Josh","2026-06-10 09:10:30","2026-06-06","1899-12-31 12:10:00",63
"Josh","2026-06-10 09:10:30","2026-06-06","1899-12-31 12:15:00",63
"Josh","2026-06-10 09:10:30","2026-06-06","1899-12-31 12:20:00",63
"Josh","2026-06-10 09:10:30","2026-06-06","1899-12-31 12:25:00",62
"Josh","2026-06-10 09:10:30","2026-06-06","1899-12-31 12:30:00",61
"Josh","2026-06-10 09:10:30","2026-06-06","1899-12-31 12:35:00",62
"Josh","2026-06-10 09:10:30","2026-06-06","1899-12-31 12:40:00",64
"Josh","2026-06-10 09:10:30","2026-06-06","1899-12-31 12:45:00",64
"Josh","2026-06-10 09:10:30","2026-06-06","1899-12-31 12:50:00",66
"Josh","2026-06-10 09:10:30","2026-06-06","1899-12-31 12:55:00",65
"Josh","2026-06-10 09:10:30","2026-06-06","1899-12-31 13:00:00",68
"Josh","2026-06-10 09:10:30","2026-06-06","1899-12-31 13:05:00",67
"Josh","2026-06-10 09:10:30","2026-06-06","1899-12-31 13:10:00",67
"Josh","2026-06-10 09:10:30","2026-06-06","1899-12-31 13:15:00",65
"Josh","2026-06-10 09:10:30","2026-06-06","1899-12-31 13:20:00",63
"Josh","2026-06-10 09:10:30","2026-06-06","1899-12-31 13:25:00",65
"Josh","2026-06-10 09:10:30","2026-06-06","1899-12-31 13:30:00",66
"Josh","2026-06-10 09:10:30","2026-06-06","1899-12-31 13:35:00",68
"Josh","2026-06-10 09:10:30","2026-06-06","1899-12-31 13:40:00",66
"Josh","2026-06-10 09:10:30","2026-06-06","1899-12-31 13:45:00",64
"Josh","2026-06-10 09:10:30","2026-06-06","1899-12-31 13:50:00",63
"Josh","2026-06-10 09:10:30","2026-06-06","1899-12-31 13:55:00",62
"Josh","2026-06-10 09:10:30","2026-06-06","1899-12-31 14:00:00",73
"Josh","2026-06-10 09:10:30","2026-06-06","1899-12-31 14:05:00",84
"Josh","2026-06-10 09:10:30","2026-06-06","1899-12-31 14:10:00",86
"Josh","2026-06-10 09:10:30","2026-06-06","1899-12-31 14:15:00",92
"Josh","2026-06-10 09:10:30","2026-06-06","1899-12-31 14:20:00",91
"Josh","2026-06-10 09:10:30","2026-06-06","1899-12-31 14:25:00",91
"Josh","2026-06-10 09:10:30","2026-06-06","1899-12-31 14:30:00",87
"Josh","2026-06-10 09:10:30","2026-06-06","1899-12-31 14:35:00",93
"Josh","2026-06-10 09:10:30","2026-06-06","1899-12-31 14:40:00",82
"Josh","2026-06-10 09:10:30","2026-06-06","1899-12-31 14:45:00",73
"Josh","2026-06-10 09:10:30","2026-06-06","1899-12-31 14:50:00",71
"Josh","2026-06-10 09:10:30","2026-06-06","1899-12-31 14:55:00",68
"Josh","2026-06-10 09:10:30","2026-06-06","1899-12-31 15:00:00",68
"Josh","2026-06-10 09:10:30","2026-06-06","1899-12-31 15:05:00",65
"Josh","2026-06-10 09:10:30","2026-06-06","1899-12-31 15:10:00",66
"Josh","2026-06-10 09:10:30","2026-06-06","1899-12-31 15:15:00",66
"Josh","2026-06-10 09:10:30","2026-06-06","1899-12-31 15:20:00",63
"Josh","2026-06-10 09:10:30","2026-06-06","1899-12-31 15:25:00",64
"Josh","2026-06-10 09:10:30","2026-06-06","1899-12-31 15:30:00",67
"Josh","2026-06-10 09:10:30","2026-06-06","1899-12-31 15:35:00",65
"Josh","2026-06-10 09:10:30","2026-06-06","1899-12-31 15:40:00",63
"Josh","2026-06-10 09:10:30","2026-06-06","1899-12-31 15:45:00",62
"Josh","2026-06-10 09:10:30","2026-06-06","1899-12-31 15:50:00",62
"Josh","2026-06-10 09:10:30","2026-06-06","1899-12-31 15:55:00",62
"Josh","2026-06-10 09:10:30","2026-06-06","1899-12-31 16:00:00",61
"Josh","2026-06-10 09:10:30","2026-06-06","1899-12-31 16:05:00",64
"Josh","2026-06-10 09:10:30","2026-06-06","1899-12-31 16:10:00",62
"Josh","2026-06-10 09:10:30","2026-06-06","1899-12-31 16:15:00",64
"Josh","2026-06-10 09:10:30","2026-06-06","1899-12-31 16:20:00",66
"Josh","2026-06-10 09:10:30","2026-06-06","1899-12-31 16:25:00",65
"Josh","2026-06-10 09:10:30","2026-06-06","1899-12-31 16:30:00",65
"Josh","2026-06-10 09:10:30","2026-06-06","1899-12-31 16:35:00",62
"Josh","2026-06-10 09:10:30","2026-06-06","1899-12-31 16:40:00",62
"Josh","2026-06-10 09:10:30","2026-06-06","1899-12-31 16:45:00",62
"Josh","2026-06-10 09:10:30","2026-06-06","1899-12-31 16:50:00",62
"Josh","2026-06-10 09:10:30","2026-06-06","1899-12-31 16:55:00",61
"Josh","2026-06-10 09:10:30","2026-06-06","1899-12-31 17:00:00",62
"Josh","2026-06-10 09:10:30","2026-06-06","1899-12-31 17:05:00",62
"Josh","2026-06-10 09:10:30","2026-06-06","1899-12-31 17:10:00",61
"Josh","2026-06-10 09:10:30","2026-06-06","1899-12-31 17:15:00",60
"Josh","2026-06-10 09:10:30","2026-06-06","1899-12-31 17:20:00",59
"Josh","2026-06-10 09:10:30","2026-06-06","1899-12-31 17:25:00",61
"Josh","2026-06-10 09:10:30","2026-06-06","1899-12-31 17:30:00",63
"Josh","2026-06-10 09:10:30","2026-06-06","1899-12-31 17:35:00",63
"Josh","2026-06-10 09:10:30","2026-06-06","1899-12-31 17:40:00",62
"Josh","2026-06-10 09:10:30","2026-06-06","1899-12-31 17:45:00",63
"Josh","2026-06-10 09:10:30","2026-06-06","1899-12-31 17:50:00",64
"Josh","2026-06-10 09:10:30","2026-06-06","1899-12-31 17:55:00",64
"Josh","2026-06-10 09:10:30","2026-06-06","1899-12-31 18:00:00",64
"Josh","2026-06-10 09:10:30","2026-06-06","1899-12-31 18:05:00",65
"Josh","2026-06-10 09:10:30","2026-06-06","1899-12-31 18:10:00",65
"Josh","2026-06-10 09:10:30","2026-06-06","1899-12-31 18:15:00",63
"Josh","2026-06-10 09:10:30","2026-06-06","1899-12-31 18:20:00",64
"Josh","2026-06-10 09:10:30","2026-06-06","1899-12-31 18:25:00",65
"Josh","2026-06-10 09:10:30","2026-06-06","1899-12-31 18:30:00",66
"Josh","2026-06-10 09:10:30","2026-06-06","1899-12-31 18:35:00",67
"Josh","2026-06-10 09:10:30","2026-06-06","1899-12-31 18:40:00",65
"Josh","2026-06-10 09:10:30","2026-06-06","1899-12-31 18:45:00",63
"Josh","2026-06-10 09:10:30","2026-06-06","1899-12-31 18:50:00",64
"Josh","2026-06-10 09:10:30","2026-06-06","1899-12-31 18:55:00",62
"Josh","2026-06-10 09:10:30","2026-06-06","1899-12-31 19:00:00",60
"Josh","2026-06-10 09:10:30","2026-06-06","1899-12-31 19:05:00",61
"Josh","2026-06-10 09:10:30","2026-06-06","1899-12-31 19:10:00",60
"Josh","2026-06-10 09:10:30","2026-06-06","1899-12-31 19:15:00",61
"Josh","2026-06-10 09:10:30","2026-06-06","1899-12-31 19:20:00",61
"Josh","2026-06-10 09:10:30","2026-06-06","1899-12-31 19:25:00",60
"Josh","2026-06-10 09:10:30","2026-06-06","1899-12-31 19:30:00",60
"Josh","2026-06-10 09:10:30","2026-06-06","1899-12-31 19:35:00",61
"Josh","2026-06-10 09:10:30","2026-06-06","1899-12-31 19:40:00",61
"Josh","2026-06-10 09:10:30","2026-06-06","1899-12-31 19:45:00",62
"Josh","2026-06-10 09:10:30","2026-06-06","1899-12-31 19:50:00",61
"Josh","2026-06-10 09:10:30","2026-06-06","1899-12-31 19:55:00",60
"Josh","2026-06-10 09:10:30","2026-06-06","1899-12-31 20:00:00",62
"Josh","2026-06-10 09:10:30","2026-06-06","1899-12-31 20:05:00",61
"Josh","2026-06-10 09:10:30","2026-06-06","1899-12-31 20:10:00",62
"Josh","2026-06-10 09:10:30","2026-06-06","1899-12-31 20:15:00",69
"Josh","2026-06-10 09:10:30","2026-06-06","1899-12-31 20:20:00",68
"Josh","2026-06-10 09:10:30","2026-06-06","1899-12-31 20:25:00",67
"Josh","2026-06-10 09:10:30","2026-06-06","1899-12-31 20:30:00",63
"Josh","2026-06-10 09:10:30","2026-06-06","1899-12-31 20:35:00",63
"Josh","2026-06-10 09:10:30","2026-06-06","1899-12-31 20:40:00",65
"Josh","2026-06-10 09:10:30","2026-06-06","1899-12-31 20:45:00",63
"Josh","2026-06-10 09:10:30","2026-06-06","1899-12-31 20:50:00",69
"Josh","2026-06-10 09:10:30","2026-06-06","1899-12-31 20:55:00",67
"Josh","2026-06-10 09:10:30","2026-06-06","1899-12-31 21:00:00",64
"Josh","2026-06-10 09:10:30","2026-06-06","1899-12-31 21:05:00",62
"Josh","2026-06-10 09:10:30","2026-06-06","1899-12-31 21:10:00",61
"Josh","2026-06-10 09:10:30","2026-06-06","1899-12-31 21:15:00",62
"Josh","2026-06-10 09:10:30","2026-06-06","1899-12-31 21:20:00",62
"Josh","2026-06-10 09:10:30","2026-06-06","1899-12-31 21:25:00",62
"Josh","2026-06-10 09:10:30","2026-06-06","1899-12-31 21:30:00",63
"Josh","2026-06-10 09:10:30","2026-06-06","1899-12-31 21:35:00",64
"Josh","2026-06-10 09:10:30","2026-06-06","1899-12-31 21:40:00",65
"Josh","2026-06-10 09:10:30","2026-06-06","1899-12-31 21:45:00",64
"Josh","2026-06-10 09:10:30","2026-06-06","1899-12-31 21:50:00",66
"Josh","2026-06-10 09:10:30","2026-06-06","1899-12-31 21:55:00",64
"Josh","2026-06-10 09:10:30","2026-06-06","1899-12-31 22:00:00",63
"Josh","2026-06-10 09:10:30","2026-06-06","1899-12-31 22:05:00",62
"Josh","2026-06-10 09:10:30","2026-06-06","1899-12-31 22:10:00",61
"Josh","2026-06-10 09:10:30","2026-06-06","1899-12-31 22:15:00",60
"Josh","2026-06-10 09:10:30","2026-06-06","1899-12-31 22:20:00",62
"Josh","2026-06-10 09:10:30","2026-06-06","1899-12-31 22:25:00",64
"Josh","2026-06-10 09:10:30","2026-06-06","1899-12-31 22:30:00",65
"Josh","2026-06-10 09:10:30","2026-06-06","1899-12-31 22:35:00",65
"Josh","2026-06-10 09:10:30","2026-06-06","1899-12-31 22:40:00",63
"Josh","2026-06-10 09:10:30","2026-06-06","1899-12-31 22:45:00",61
"Josh","2026-06-10 09:10:30","2026-06-06","1899-12-31 22:50:00",62
"Josh","2026-06-10 09:10:30","2026-06-06","1899-12-31 22:55:00",60
"Josh","2026-06-10 09:10:30","2026-06-06","1899-12-31 23:00:00",62
"Josh","2026-06-10 09:10:30","2026-06-06","1899-12-31 23:05:00",61
"Josh","2026-06-10 09:10:30","2026-06-06","1899-12-31 23:10:00",61
"Josh","2026-06-10 09:10:30","2026-06-06","1899-12-31 23:15:00",64
"Josh","2026-06-10 09:10:30","2026-06-06","1899-12-31 23:20:00",66
"Josh","2026-06-10 09:10:30","2026-06-06","1899-12-31 23:25:00",66
"Josh","2026-06-10 09:10:30","2026-06-06","1899-12-31 23:30:00",66
"Josh","2026-06-10 09:10:30","2026-06-06","1899-12-31 23:35:00",64
"Josh","2026-06-10 09:10:30","2026-06-06","1899-12-31 23:40:00",62
"Josh","2026-06-10 09:10:30","2026-06-06","1899-12-31 23:45:00",60
"Josh","2026-06-10 09:10:30","2026-06-06","1899-12-31 23:50:00",60
"Josh","2026-06-10 09:10:30","2026-06-06","1899-12-31 23:55:00",60
"Josh","2026-06-10 09:10:30","2026-06-07","1899-12-31",57
"Josh","2026-06-10 09:10:30","2026-06-07","1899-12-31 00:05:00",57
"Josh","2026-06-10 09:10:30","2026-06-07","1899-12-31 00:10:00",57
"Josh","2026-06-10 09:10:30","2026-06-07","1899-12-31 00:15:00",57
"Josh","2026-06-10 09:10:30","2026-06-07","1899-12-31 00:20:00",57
"Josh","2026-06-10 09:10:30","2026-06-07","1899-12-31 00:25:00",57
"Josh","2026-06-10 09:10:30","2026-06-07","1899-12-31 00:30:00",57
"Josh","2026-06-10 09:10:30","2026-06-07","1899-12-31 00:35:00",57
"Josh","2026-06-10 09:10:30","2026-06-07","1899-12-31 00:40:00",56
"Josh","2026-06-10 09:10:30","2026-06-07","1899-12-31 00:45:00",56
"Josh","2026-06-10 09:10:30","2026-06-07","1899-12-31 00:50:00",56
"Josh","2026-06-10 09:10:30","2026-06-07","1899-12-31 00:55:00",56
"Josh","2026-06-10 09:10:30","2026-06-07","1899-12-31 01:00:00",55
"Josh","2026-06-10 09:10:30","2026-06-07","1899-12-31 01:05:00",55
"Josh","2026-06-10 09:10:30","2026-06-07","1899-12-31 01:10:00",56
"Josh","2026-06-10 09:10:30","2026-06-07","1899-12-31 01:15:00",57
"Josh","2026-06-10 09:10:30","2026-06-07","1899-12-31 01:20:00",56
"Josh","2026-06-10 09:10:30","2026-06-07","1899-12-31 01:25:00",57
"Josh","2026-06-10 09:10:30","2026-06-07","1899-12-31 01:30:00",57
"Josh","2026-06-10 09:10:30","2026-06-07","1899-12-31 01:35:00",57
"Josh","2026-06-10 09:10:30","2026-06-07","1899-12-31 01:40:00",56
"Josh","2026-06-10 09:10:30","2026-06-07","1899-12-31 01:45:00",55
"Josh","2026-06-10 09:10:30","2026-06-07","1899-12-31 01:50:00",55
"Josh","2026-06-10 09:10:30","2026-06-07","1899-12-31 01:55:00",56
"Josh","2026-06-10 09:10:30","2026-06-07","1899-12-31 02:00:00",57
"Josh","2026-06-10 09:10:30","2026-06-07","1899-12-31 02:05:00",57
"Josh","2026-06-10 09:10:30","2026-06-07","1899-12-31 02:10:00",56
"Josh","2026-06-10 09:10:30","2026-06-07","1899-12-31 02:15:00",56
"Josh","2026-06-10 09:10:30","2026-06-07","1899-12-31 02:20:00",60
"Josh","2026-06-10 09:10:30","2026-06-07","1899-12-31 02:25:00",59
"Josh","2026-06-10 09:10:30","2026-06-07","1899-12-31 02:30:00",57
"Josh","2026-06-10 09:10:30","2026-06-07","1899-12-31 02:35:00",57
"Josh","2026-06-10 09:10:30","2026-06-07","1899-12-31 02:40:00",56
"Josh","2026-06-10 09:10:30","2026-06-07","1899-12-31 02:45:00",57
"Josh","2026-06-10 09:10:30","2026-06-07","1899-12-31 02:50:00",57
"Josh","2026-06-10 09:10:30","2026-06-07","1899-12-31 02:55:00",57
"Josh","2026-06-10 09:10:30","2026-06-07","1899-12-31 03:00:00",56
"Josh","2026-06-10 09:10:30","2026-06-07","1899-12-31 03:05:00",57
"Josh","2026-06-10 09:10:30","2026-06-07","1899-12-31 03:10:00",57
"Josh","2026-06-10 09:10:30","2026-06-07","1899-12-31 03:15:00",56
"Josh","2026-06-10 09:10:30","2026-06-07","1899-12-31 03:20:00",57
"Josh","2026-06-10 09:10:30","2026-06-07","1899-12-31 03:25:00",56
"Josh","2026-06-10 09:10:30","2026-06-07","1899-12-31 03:30:00",57
"Josh","2026-06-10 09:10:30","2026-06-07","1899-12-31 03:35:00",57
"Josh","2026-06-10 09:10:30","2026-06-07","1899-12-31 03:40:00",57
"Josh","2026-06-10 09:10:30","2026-06-07","1899-12-31 03:45:00",57
"Josh","2026-06-10 09:10:30","2026-06-07","1899-12-31 03:50:00",57
"Josh","2026-06-10 09:10:30","2026-06-07","1899-12-31 03:55:00",59
"Josh","2026-06-10 09:10:30","2026-06-07","1899-12-31 04:00:00",58
"Josh","2026-06-10 09:10:30","2026-06-07","1899-12-31 04:05:00",58
"Josh","2026-06-10 09:10:30","2026-06-07","1899-12-31 04:10:00",60
"Josh","2026-06-10 09:10:30","2026-06-07","1899-12-31 04:15:00",61
"Josh","2026-06-10 09:10:30","2026-06-07","1899-12-31 04:20:00",59
"Josh","2026-06-10 09:10:30","2026-06-07","1899-12-31 04:25:00",57
"Josh","2026-06-10 09:10:30","2026-06-07","1899-12-31 04:30:00",57
"Josh","2026-06-10 09:10:30","2026-06-07","1899-12-31 04:35:00",57
"Josh","2026-06-10 09:10:30","2026-06-07","1899-12-31 04:40:00",56
"Josh","2026-06-10 09:10:30","2026-06-07","1899-12-31 04:45:00",56
"Josh","2026-06-10 09:10:30","2026-06-07","1899-12-31 04:50:00",56
"Josh","2026-06-10 09:10:30","2026-06-07","1899-12-31 04:55:00",56
"Josh","2026-06-10 09:10:30","2026-06-07","1899-12-31 05:00:00",56
"Josh","2026-06-10 09:10:30","2026-06-07","1899-12-31 05:05:00",55
"Josh","2026-06-10 09:10:30","2026-06-07","1899-12-31 05:10:00",55
"Josh","2026-06-10 09:10:30","2026-06-07","1899-12-31 05:15:00",56
"Josh","2026-06-10 09:10:30","2026-06-07","1899-12-31 05:20:00",57
"Josh","2026-06-10 09:10:30","2026-06-07","1899-12-31 05:25:00",56
"Josh","2026-06-10 09:10:30","2026-06-07","1899-12-31 05:30:00",59
"Josh","2026-06-10 09:10:30","2026-06-07","1899-12-31 05:35:00",59
"Josh","2026-06-10 09:10:30","2026-06-07","1899-12-31 05:40:00",59
"Josh","2026-06-10 09:10:30","2026-06-07","1899-12-31 05:45:00",57
"Josh","2026-06-10 09:10:30","2026-06-07","1899-12-31 05:50:00",56
"Josh","2026-06-10 09:10:30","2026-06-07","1899-12-31 05:55:00",57
"Josh","2026-06-10 09:10:30","2026-06-07","1899-12-31 06:00:00",57
"Josh","2026-06-10 09:10:30","2026-06-07","1899-12-31 06:05:00",57
"Josh","2026-06-10 09:10:30","2026-06-07","1899-12-31 06:10:00",57
"Josh","2026-06-10 09:10:30","2026-06-07","1899-12-31 06:15:00",56
"Josh","2026-06-10 09:10:30","2026-06-07","1899-12-31 06:20:00",56
"Josh","2026-06-10 09:10:30","2026-06-07","1899-12-31 06:25:00",57
"Josh","2026-06-10 09:10:30","2026-06-07","1899-12-31 06:30:00",57
"Josh","2026-06-10 09:10:30","2026-06-07","1899-12-31 06:35:00",57
"Josh","2026-06-10 09:10:30","2026-06-07","1899-12-31 06:40:00",57
"Josh","2026-06-10 09:10:30","2026-06-07","1899-12-31 06:45:00",56
"Josh","2026-06-10 09:10:30","2026-06-07","1899-12-31 06:50:00",60
"Josh","2026-06-10 09:10:30","2026-06-07","1899-12-31 06:55:00",59
"Josh","2026-06-10 09:10:30","2026-06-07","1899-12-31 07:00:00",57
"Josh","2026-06-10 09:10:30","2026-06-07","1899-12-31 07:05:00",56
"Josh","2026-06-10 09:10:30","2026-06-07","1899-12-31 07:10:00",56
"Josh","2026-06-10 09:10:30","2026-06-07","1899-12-31 07:15:00",61
"Josh","2026-06-10 09:10:30","2026-06-07","1899-12-31 07:20:00",58
"Josh","2026-06-10 09:10:30","2026-06-07","1899-12-31 07:25:00",57
"Josh","2026-06-10 09:10:30","2026-06-07","1899-12-31 07:30:00",57
"Josh","2026-06-10 09:10:30","2026-06-07","1899-12-31 07:35:00",56
"Josh","2026-06-10 09:10:30","2026-06-07","1899-12-31 07:40:00",56
"Josh","2026-06-10 09:10:30","2026-06-07","1899-12-31 07:45:00",56
"Josh","2026-06-10 09:10:30","2026-06-07","1899-12-31 07:50:00",56
"Josh","2026-06-10 09:10:30","2026-06-07","1899-12-31 07:55:00",56
"Josh","2026-06-10 09:10:30","2026-06-07","1899-12-31 08:00:00",56
"Josh","2026-06-10 09:10:30","2026-06-07","1899-12-31 08:05:00",57
"Josh","2026-06-10 09:10:30","2026-06-07","1899-12-31 08:10:00",57
"Josh","2026-06-10 09:10:30","2026-06-07","1899-12-31 08:15:00",57
"Josh","2026-06-10 09:10:30","2026-06-07","1899-12-31 08:20:00",58
"Josh","2026-06-10 09:10:30","2026-06-07","1899-12-31 08:25:00",59
"Josh","2026-06-10 09:10:30","2026-06-07","1899-12-31 08:30:00",60
"Josh","2026-06-10 09:10:30","2026-06-07","1899-12-31 08:35:00",61
"Josh","2026-06-10 09:10:30","2026-06-07","1899-12-31 08:40:00",62
"Josh","2026-06-10 09:10:30","2026-06-07","1899-12-31 08:45:00",64
"Josh","2026-06-10 09:10:30","2026-06-07","1899-12-31 08:50:00",62
"Josh","2026-06-10 09:10:30","2026-06-07","1899-12-31 08:55:00",60
"Josh","2026-06-10 09:10:30","2026-06-07","1899-12-31 09:00:00",88
"Josh","2026-06-10 09:10:30","2026-06-07","1899-12-31 09:05:00",104
"Josh","2026-06-10 09:10:30","2026-06-07","1899-12-31 09:10:00",118
"Josh","2026-06-10 09:10:30","2026-06-07","1899-12-31 09:15:00",133
"Josh","2026-06-10 09:10:30","2026-06-07","1899-12-31 09:20:00",140
"Josh","2026-06-10 09:10:30","2026-06-07","1899-12-31 09:25:00",144
"Josh","2026-06-10 09:10:30","2026-06-07","1899-12-31 09:30:00",146
"Josh","2026-06-10 09:10:30","2026-06-07","1899-12-31 09:35:00",145
"Josh","2026-06-10 09:10:30","2026-06-07","1899-12-31 09:40:00",149
"Josh","2026-06-10 09:10:30","2026-06-07","1899-12-31 09:45:00",146
"Josh","2026-06-10 09:10:30","2026-06-07","1899-12-31 09:50:00",148
"Josh","2026-06-10 09:10:30","2026-06-07","1899-12-31 09:55:00",148
"Josh","2026-06-10 09:10:30","2026-06-07","1899-12-31 10:00:00",149
"Josh","2026-06-10 09:10:30","2026-06-07","1899-12-31 10:05:00",149
"Josh","2026-06-10 09:10:30","2026-06-07","1899-12-31 10:10:00",146
"Josh","2026-06-10 09:10:30","2026-06-07","1899-12-31 10:15:00",143
"Josh","2026-06-10 09:10:30","2026-06-07","1899-12-31 10:20:00",142
"Josh","2026-06-10 09:10:30","2026-06-07","1899-12-31 10:25:00",135
"Josh","2026-06-10 09:10:30","2026-06-07","1899-12-31 10:30:00",123
"Josh","2026-06-10 09:10:30","2026-06-07","1899-12-31 10:35:00",109
"Josh","2026-06-10 09:10:30","2026-06-07","1899-12-31 10:40:00",90
"Josh","2026-06-10 09:10:30","2026-06-07","1899-12-31 10:45:00",78
"Josh","2026-06-10 09:10:30","2026-06-07","1899-12-31 10:50:00",73
"Josh","2026-06-10 09:10:30","2026-06-07","1899-12-31 10:55:00",68
"Josh","2026-06-10 09:10:30","2026-06-07","1899-12-31 11:00:00",69
"Josh","2026-06-10 09:10:30","2026-06-07","1899-12-31 11:05:00",68
"Josh","2026-06-10 09:10:30","2026-06-07","1899-12-31 11:10:00",66
"Josh","2026-06-10 09:10:30","2026-06-07","1899-12-31 11:15:00",67
"Josh","2026-06-10 09:10:30","2026-06-07","1899-12-31 11:20:00",65
"Josh","2026-06-10 09:10:30","2026-06-07","1899-12-31 11:25:00",66
"Josh","2026-06-10 09:10:30","2026-06-07","1899-12-31 11:30:00",64
"Josh","2026-06-10 09:10:30","2026-06-07","1899-12-31 11:35:00",62
"Josh","2026-06-10 09:10:30","2026-06-07","1899-12-31 11:40:00",64
"Josh","2026-06-10 09:10:30","2026-06-07","1899-12-31 11:45:00",64
"Josh","2026-06-10 09:10:30","2026-06-07","1899-12-31 11:50:00",63
"Josh","2026-06-10 09:10:30","2026-06-07","1899-12-31 11:55:00",67
"Josh","2026-06-10 09:10:30","2026-06-07","1899-12-31 12:00:00",66
"Josh","2026-06-10 09:10:30","2026-06-07","1899-12-31 12:05:00",65
"Josh","2026-06-10 09:10:30","2026-06-07","1899-12-31 12:10:00",65
"Josh","2026-06-10 09:10:30","2026-06-07","1899-12-31 12:15:00",62
"Josh","2026-06-10 09:10:30","2026-06-07","1899-12-31 12:20:00",64
"Josh","2026-06-10 09:10:30","2026-06-07","1899-12-31 12:25:00",65
"Josh","2026-06-10 09:10:30","2026-06-07","1899-12-31 12:30:00",63
"Josh","2026-06-10 09:10:30","2026-06-07","1899-12-31 12:35:00",63
"Josh","2026-06-10 09:10:30","2026-06-07","1899-12-31 12:40:00",62
"Josh","2026-06-10 09:10:30","2026-06-07","1899-12-31 12:45:00",64
"Josh","2026-06-10 09:10:30","2026-06-07","1899-12-31 12:50:00",65
"Josh","2026-06-10 09:10:30","2026-06-07","1899-12-31 12:55:00",66
"Josh","2026-06-10 09:10:30","2026-06-07","1899-12-31 13:00:00",66
"Josh","2026-06-10 09:10:30","2026-06-07","1899-12-31 13:05:00",67
"Josh","2026-06-10 09:10:30","2026-06-07","1899-12-31 13:10:00",65
"Josh","2026-06-10 09:10:30","2026-06-07","1899-12-31 13:15:00",79
"Josh","2026-06-10 09:10:30","2026-06-07","1899-12-31 13:20:00",87
"Josh","2026-06-10 09:10:30","2026-06-07","1899-12-31 13:25:00",91
"Josh","2026-06-10 09:10:30","2026-06-07","1899-12-31 13:30:00",96
"Josh","2026-06-10 09:10:30","2026-06-07","1899-12-31 13:35:00",98
"Josh","2026-06-10 09:10:30","2026-06-07","1899-12-31 13:40:00",98
"Josh","2026-06-10 09:10:30","2026-06-07","1899-12-31 13:45:00",94
"Josh","2026-06-10 09:10:30","2026-06-07","1899-12-31 13:50:00",88
"Josh","2026-06-10 09:10:30","2026-06-07","1899-12-31 13:55:00",92
"Josh","2026-06-10 09:10:30","2026-06-07","1899-12-31 14:00:00",79
"Josh","2026-06-10 09:10:30","2026-06-07","1899-12-31 14:05:00",72
"Josh","2026-06-10 09:10:30","2026-06-07","1899-12-31 14:10:00",70
"Josh","2026-06-10 09:10:30","2026-06-07","1899-12-31 14:15:00",75
"Josh","2026-06-10 09:10:30","2026-06-07","1899-12-31 14:20:00",69
"Josh","2026-06-10 09:10:30","2026-06-07","1899-12-31 14:25:00",69
"Josh","2026-06-10 09:10:30","2026-06-07","1899-12-31 14:30:00",67
"Josh","2026-06-10 09:10:30","2026-06-07","1899-12-31 14:35:00",75
"Josh","2026-06-10 09:10:30","2026-06-07","1899-12-31 14:40:00",69
"Josh","2026-06-10 09:10:30","2026-06-07","1899-12-31 14:45:00",67
"Josh","2026-06-10 09:10:30","2026-06-07","1899-12-31 14:50:00",65
"Josh","2026-06-10 09:10:30","2026-06-07","1899-12-31 14:55:00",64
"Josh","2026-06-10 09:10:30","2026-06-07","1899-12-31 15:00:00",64
"Josh","2026-06-10 09:10:30","2026-06-07","1899-12-31 15:05:00",64
"Josh","2026-06-10 09:10:30","2026-06-07","1899-12-31 15:10:00",68
"Josh","2026-06-10 09:10:30","2026-06-07","1899-12-31 15:15:00",66
"Josh","2026-06-10 09:10:30","2026-06-07","1899-12-31 15:20:00",66
"Josh","2026-06-10 09:10:30","2026-06-07","1899-12-31 15:25:00",64
"Josh","2026-06-10 09:10:30","2026-06-07","1899-12-31 15:30:00",69
"Josh","2026-06-10 09:10:30","2026-06-07","1899-12-31 15:35:00",65
"Josh","2026-06-10 09:10:30","2026-06-07","1899-12-31 15:40:00",65
"Josh","2026-06-10 09:10:30","2026-06-07","1899-12-31 15:45:00",62
"Josh","2026-06-10 09:10:30","2026-06-07","1899-12-31 15:50:00",64
"Josh","2026-06-10 09:10:30","2026-06-07","1899-12-31 15:55:00",65
"Josh","2026-06-10 09:10:30","2026-06-07","1899-12-31 16:00:00",66
"Josh","2026-06-10 09:10:30","2026-06-07","1899-12-31 16:05:00",66
"Josh","2026-06-10 09:10:30","2026-06-07","1899-12-31 16:10:00",68
"Josh","2026-06-10 09:10:30","2026-06-07","1899-12-31 16:15:00",67
"Josh","2026-06-10 09:10:30","2026-06-07","1899-12-31 16:20:00",65
"Josh","2026-06-10 09:10:30","2026-06-07","1899-12-31 16:25:00",65
"Josh","2026-06-10 09:10:30","2026-06-07","1899-12-31 16:30:00",67
"Josh","2026-06-10 09:10:30","2026-06-07","1899-12-31 16:35:00",67
"Josh","2026-06-10 09:10:30","2026-06-07","1899-12-31 16:40:00",66
"Josh","2026-06-10 09:10:30","2026-06-07","1899-12-31 16:45:00",66
"Josh","2026-06-10 09:10:30","2026-06-07","1899-12-31 16:50:00",64
"Josh","2026-06-10 09:10:30","2026-06-07","1899-12-31 16:55:00",64
"Josh","2026-06-10 09:10:30","2026-06-07","1899-12-31 17:00:00",62
"Josh","2026-06-10 09:10:30","2026-06-07","1899-12-31 17:05:00",61
"Josh","2026-06-10 09:10:30","2026-06-07","1899-12-31 17:10:00",61
"Josh","2026-06-10 09:10:30","2026-06-07","1899-12-31 17:15:00",61
"Josh","2026-06-10 09:10:30","2026-06-07","1899-12-31 17:20:00",62
"Josh","2026-06-10 09:10:30","2026-06-07","1899-12-31 17:25:00",63
"Josh","2026-06-10 09:10:30","2026-06-07","1899-12-31 17:30:00",65
"Josh","2026-06-10 09:10:30","2026-06-07","1899-12-31 17:35:00",65
"Josh","2026-06-10 09:10:30","2026-06-07","1899-12-31 17:40:00",63
"Josh","2026-06-10 09:10:30","2026-06-07","1899-12-31 17:45:00",68
"Josh","2026-06-10 09:10:30","2026-06-07","1899-12-31 17:50:00",65
"Josh","2026-06-10 09:10:30","2026-06-07","1899-12-31 17:55:00",63
"Josh","2026-06-10 09:10:30","2026-06-07","1899-12-31 18:00:00",64
"Josh","2026-06-10 09:10:30","2026-06-07","1899-12-31 18:05:00",64
"Josh","2026-06-10 09:10:30","2026-06-07","1899-12-31 18:10:00",66
"Josh","2026-06-10 09:10:30","2026-06-07","1899-12-31 18:15:00",64
"Josh","2026-06-10 09:10:30","2026-06-07","1899-12-31 18:20:00",64
"Josh","2026-06-10 09:10:30","2026-06-07","1899-12-31 18:25:00",66
"Josh","2026-06-10 09:10:30","2026-06-07","1899-12-31 18:30:00",63
"Josh","2026-06-10 09:10:30","2026-06-07","1899-12-31 18:35:00",61
"Josh","2026-06-10 09:10:30","2026-06-07","1899-12-31 18:40:00",63
"Josh","2026-06-10 09:10:30","2026-06-07","1899-12-31 18:45:00",63
"Josh","2026-06-10 09:10:30","2026-06-07","1899-12-31 18:50:00",62
"Josh","2026-06-10 09:10:30","2026-06-07","1899-12-31 18:55:00",61
"Josh","2026-06-10 09:10:30","2026-06-07","1899-12-31 19:00:00",63
"Josh","2026-06-10 09:10:30","2026-06-07","1899-12-31 19:05:00",62
"Josh","2026-06-10 09:10:30","2026-06-07","1899-12-31 19:10:00",63
"Josh","2026-06-10 09:10:30","2026-06-07","1899-12-31 19:15:00",61
"Josh","2026-06-10 09:10:30","2026-06-07","1899-12-31 19:20:00",61
"Josh","2026-06-10 09:10:30","2026-06-07","1899-12-31 19:25:00",63
"Josh","2026-06-10 09:10:30","2026-06-07","1899-12-31 19:30:00",63
"Josh","2026-06-10 09:10:30","2026-06-07","1899-12-31 19:35:00",65
"Josh","2026-06-10 09:10:30","2026-06-07","1899-12-31 19:40:00",65
"Josh","2026-06-10 09:10:30","2026-06-07","1899-12-31 19:45:00",65
"Josh","2026-06-10 09:10:30","2026-06-07","1899-12-31 19:50:00",65
"Josh","2026-06-10 09:10:30","2026-06-07","1899-12-31 19:55:00",65
"Josh","2026-06-10 09:10:30","2026-06-07","1899-12-31 20:00:00",65
"Josh","2026-06-10 09:10:30","2026-06-07","1899-12-31 20:05:00",62
"Josh","2026-06-10 09:10:30","2026-06-07","1899-12-31 20:10:00",60
"Josh","2026-06-10 09:10:30","2026-06-07","1899-12-31 20:15:00",67
"Josh","2026-06-10 09:10:30","2026-06-07","1899-12-31 20:20:00",65
"Josh","2026-06-10 09:10:30","2026-06-07","1899-12-31 20:25:00",64
"Josh","2026-06-10 09:10:30","2026-06-07","1899-12-31 20:30:00",62
"Josh","2026-06-10 09:10:30","2026-06-07","1899-12-31 20:35:00",62
"Josh","2026-06-10 09:10:30","2026-06-07","1899-12-31 20:40:00",64
"Josh","2026-06-10 09:10:30","2026-06-07","1899-12-31 20:45:00",63
"Josh","2026-06-10 09:10:30","2026-06-07","1899-12-31 20:50:00",61
"Josh","2026-06-10 09:10:30","2026-06-07","1899-12-31 20:55:00",64
"Josh","2026-06-10 09:10:30","2026-06-07","1899-12-31 21:00:00",62
"Josh","2026-06-10 09:10:30","2026-06-07","1899-12-31 21:05:00",64
"Josh","2026-06-10 09:10:30","2026-06-07","1899-12-31 21:10:00",63
"Josh","2026-06-10 09:10:30","2026-06-07","1899-12-31 21:15:00",62
"Josh","2026-06-10 09:10:30","2026-06-07","1899-12-31 21:20:00",62
"Josh","2026-06-10 09:10:30","2026-06-07","1899-12-31 21:25:00",62
"Josh","2026-06-10 09:10:30","2026-06-07","1899-12-31 21:30:00",61
"Josh","2026-06-10 09:10:30","2026-06-07","1899-12-31 21:35:00",60
"Josh","2026-06-10 09:10:30","2026-06-07","1899-12-31 21:40:00",62
"Josh","2026-06-10 09:10:30","2026-06-07","1899-12-31 21:45:00",64
"Josh","2026-06-10 09:10:30","2026-06-07","1899-12-31 21:50:00",65
"Josh","2026-06-10 09:10:30","2026-06-07","1899-12-31 21:55:00",64
"Josh","2026-06-10 09:10:30","2026-06-07","1899-12-31 22:00:00",62
"Josh","2026-06-10 09:10:30","2026-06-07","1899-12-31 22:05:00",61
"Josh","2026-06-10 09:10:30","2026-06-07","1899-12-31 22:10:00",60
"Josh","2026-06-10 09:10:30","2026-06-07","1899-12-31 22:15:00",61
"Josh","2026-06-10 09:10:30","2026-06-07","1899-12-31 22:20:00",61
"Josh","2026-06-10 09:10:30","2026-06-07","1899-12-31 22:25:00",63
"Josh","2026-06-10 09:10:30","2026-06-07","1899-12-31 22:30:00",64
"Josh","2026-06-10 09:10:30","2026-06-07","1899-12-31 22:35:00",65
"Josh","2026-06-10 09:10:30","2026-06-07","1899-12-31 22:40:00",65
"Josh","2026-06-10 09:10:30","2026-06-07","1899-12-31 22:45:00",64
"Josh","2026-06-10 09:10:30","2026-06-07","1899-12-31 22:50:00",64
"Josh","2026-06-10 09:10:30","2026-06-07","1899-12-31 22:55:00",66
"Josh","2026-06-10 09:10:30","2026-06-07","1899-12-31 23:00:00",64
"Josh","2026-06-10 09:10:30","2026-06-07","1899-12-31 23:05:00",64
"Josh","2026-06-10 09:10:30","2026-06-07","1899-12-31 23:10:00",64
"Josh","2026-06-10 09:10:30","2026-06-07","1899-12-31 23:15:00",64
"Josh","2026-06-10 09:10:30","2026-06-07","1899-12-31 23:20:00",63
"Josh","2026-06-10 09:10:30","2026-06-07","1899-12-31 23:25:00",62
"Josh","2026-06-10 09:10:30","2026-06-07","1899-12-31 23:30:00",63
"Josh","2026-06-10 09:10:30","2026-06-07","1899-12-31 23:35:00",61
"Josh","2026-06-10 09:10:30","2026-06-07","1899-12-31 23:40:00",61
"Josh","2026-06-10 09:10:30","2026-06-07","1899-12-31 23:45:00",61
"Josh","2026-06-10 09:10:30","2026-06-07","1899-12-31 23:50:00",61
"Josh","2026-06-10 09:10:30","2026-06-07","1899-12-31 23:55:00",61
"Josh","2026-06-11 10:05:59","2026-06-08","1899-12-31",56
"Josh","2026-06-11 10:05:59","2026-06-08","1899-12-31 00:05:00",56
"Josh","2026-06-11 10:05:59","2026-06-08","1899-12-31 00:10:00",55
"Josh","2026-06-11 10:05:59","2026-06-08","1899-12-31 00:15:00",55
"Josh","2026-06-11 10:05:59","2026-06-08","1899-12-31 00:20:00",58
"Josh","2026-06-11 10:05:59","2026-06-08","1899-12-31 00:25:00",56
"Josh","2026-06-11 10:05:59","2026-06-08","1899-12-31 00:30:00",57
"Josh","2026-06-11 10:05:59","2026-06-08","1899-12-31 00:35:00",57
"Josh","2026-06-11 10:05:59","2026-06-08","1899-12-31 00:40:00",56
"Josh","2026-06-11 10:05:59","2026-06-08","1899-12-31 00:45:00",56
"Josh","2026-06-11 10:05:59","2026-06-08","1899-12-31 00:50:00",56
"Josh","2026-06-11 10:05:59","2026-06-08","1899-12-31 00:55:00",55
"Josh","2026-06-11 10:05:59","2026-06-08","1899-12-31 01:00:00",55
"Josh","2026-06-11 10:05:59","2026-06-08","1899-12-31 01:05:00",55
"Josh","2026-06-11 10:05:59","2026-06-08","1899-12-31 01:10:00",55
"Josh","2026-06-11 10:05:59","2026-06-08","1899-12-31 01:15:00",55
"Josh","2026-06-11 10:05:59","2026-06-08","1899-12-31 01:20:00",56
"Josh","2026-06-11 10:05:59","2026-06-08","1899-12-31 01:25:00",55
"Josh","2026-06-11 10:05:59","2026-06-08","1899-12-31 01:30:00",56
"Josh","2026-06-11 10:05:59","2026-06-08","1899-12-31 01:35:00",56
"Josh","2026-06-11 10:05:59","2026-06-08","1899-12-31 01:40:00",57
"Josh","2026-06-11 10:05:59","2026-06-08","1899-12-31 01:45:00",57
"Josh","2026-06-11 10:05:59","2026-06-08","1899-12-31 01:50:00",57
"Josh","2026-06-11 10:05:59","2026-06-08","1899-12-31 01:55:00",57
"Josh","2026-06-11 10:05:59","2026-06-08","1899-12-31 02:00:00",56
"Josh","2026-06-11 10:05:59","2026-06-08","1899-12-31 02:05:00",56
"Josh","2026-06-11 10:05:59","2026-06-08","1899-12-31 02:10:00",57
"Josh","2026-06-11 10:05:59","2026-06-08","1899-12-31 02:15:00",56
"Josh","2026-06-11 10:05:59","2026-06-08","1899-12-31 02:20:00",56
"Josh","2026-06-11 10:05:59","2026-06-08","1899-12-31 02:25:00",55
"Josh","2026-06-11 10:05:59","2026-06-08","1899-12-31 02:30:00",55
"Josh","2026-06-11 10:05:59","2026-06-08","1899-12-31 02:35:00",55
"Josh","2026-06-11 10:05:59","2026-06-08","1899-12-31 02:40:00",55
"Josh","2026-06-11 10:05:59","2026-06-08","1899-12-31 02:45:00",55
"Josh","2026-06-11 10:05:59","2026-06-08","1899-12-31 02:50:00",55
"Josh","2026-06-11 10:05:59","2026-06-08","1899-12-31 02:55:00",55
"Josh","2026-06-11 10:05:59","2026-06-08","1899-12-31 03:00:00",55
"Josh","2026-06-11 10:05:59","2026-06-08","1899-12-31 03:05:00",55
"Josh","2026-06-11 10:05:59","2026-06-08","1899-12-31 03:10:00",55
"Josh","2026-06-11 10:05:59","2026-06-08","1899-12-31 03:15:00",57
"Josh","2026-06-11 10:05:59","2026-06-08","1899-12-31 03:20:00",56
"Josh","2026-06-11 10:05:59","2026-06-08","1899-12-31 03:25:00",56
"Josh","2026-06-11 10:05:59","2026-06-08","1899-12-31 03:30:00",56
"Josh","2026-06-11 10:05:59","2026-06-08","1899-12-31 03:35:00",55
"Josh","2026-06-11 10:05:59","2026-06-08","1899-12-31 03:40:00",55
"Josh","2026-06-11 10:05:59","2026-06-08","1899-12-31 03:45:00",56
"Josh","2026-06-11 10:05:59","2026-06-08","1899-12-31 03:50:00",56
"Josh","2026-06-11 10:05:59","2026-06-08","1899-12-31 03:55:00",56
"Josh","2026-06-11 10:05:59","2026-06-08","1899-12-31 04:00:00",56
"Josh","2026-06-11 10:05:59","2026-06-08","1899-12-31 04:05:00",56
"Josh","2026-06-11 10:05:59","2026-06-08","1899-12-31 04:10:00",55
"Josh","2026-06-11 10:05:59","2026-06-08","1899-12-31 04:15:00",55
"Josh","2026-06-11 10:05:59","2026-06-08","1899-12-31 04:20:00",56
"Josh","2026-06-11 10:05:59","2026-06-08","1899-12-31 04:25:00",57
"Josh","2026-06-11 10:05:59","2026-06-08","1899-12-31 04:30:00",56
"Josh","2026-06-11 10:05:59","2026-06-08","1899-12-31 04:35:00",56
"Josh","2026-06-11 10:05:59","2026-06-08","1899-12-31 04:40:00",56
"Josh","2026-06-11 10:05:59","2026-06-08","1899-12-31 04:45:00",56
"Josh","2026-06-11 10:05:59","2026-06-08","1899-12-31 04:50:00",56
"Josh","2026-06-11 10:05:59","2026-06-08","1899-12-31 04:55:00",55
"Josh","2026-06-11 10:05:59","2026-06-08","1899-12-31 05:00:00",59
"Josh","2026-06-11 10:05:59","2026-06-08","1899-12-31 05:05:00",59
"Josh","2026-06-11 10:05:59","2026-06-08","1899-12-31 05:10:00",59
"Josh","2026-06-11 10:05:59","2026-06-08","1899-12-31 05:15:00",57
"Josh","2026-06-11 10:05:59","2026-06-08","1899-12-31 05:20:00",57
"Josh","2026-06-11 10:05:59","2026-06-08","1899-12-31 05:25:00",57
"Josh","2026-06-11 10:05:59","2026-06-08","1899-12-31 05:30:00",56
"Josh","2026-06-11 10:05:59","2026-06-08","1899-12-31 05:35:00",56
"Josh","2026-06-11 10:05:59","2026-06-08","1899-12-31 05:40:00",57
"Josh","2026-06-11 10:05:59","2026-06-08","1899-12-31 05:45:00",61
"Josh","2026-06-11 10:05:59","2026-06-08","1899-12-31 05:50:00",59
"Josh","2026-06-11 10:05:59","2026-06-08","1899-12-31 05:55:00",58
"Josh","2026-06-11 10:05:59","2026-06-08","1899-12-31 06:00:00",60
"Josh","2026-06-11 10:05:59","2026-06-08","1899-12-31 06:05:00",58
"Josh","2026-06-11 10:05:59","2026-06-08","1899-12-31 06:10:00",59
"Josh","2026-06-11 10:05:59","2026-06-08","1899-12-31 06:15:00",59
"Josh","2026-06-11 10:05:59","2026-06-08","1899-12-31 06:20:00",58
"Josh","2026-06-11 10:05:59","2026-06-08","1899-12-31 06:25:00",56
"Josh","2026-06-11 10:05:59","2026-06-08","1899-12-31 06:30:00",57
"Josh","2026-06-11 10:05:59","2026-06-08","1899-12-31 06:35:00",57
"Josh","2026-06-11 10:05:59","2026-06-08","1899-12-31 06:40:00",56
"Josh","2026-06-11 10:05:59","2026-06-08","1899-12-31 06:45:00",55
"Josh","2026-06-11 10:05:59","2026-06-08","1899-12-31 06:50:00",59
"Josh","2026-06-11 10:05:59","2026-06-08","1899-12-31 06:55:00",57
"Josh","2026-06-11 10:05:59","2026-06-08","1899-12-31 07:00:00",57
"Josh","2026-06-11 10:05:59","2026-06-08","1899-12-31 07:05:00",57
"Josh","2026-06-11 10:05:59","2026-06-08","1899-12-31 07:10:00",57
"Josh","2026-06-11 10:05:59","2026-06-08","1899-12-31 07:15:00",57
"Josh","2026-06-11 10:05:59","2026-06-08","1899-12-31 07:20:00",57
"Josh","2026-06-11 10:05:59","2026-06-08","1899-12-31 07:25:00",56
"Josh","2026-06-11 10:05:59","2026-06-08","1899-12-31 07:30:00",56
"Josh","2026-06-11 10:05:59","2026-06-08","1899-12-31 07:35:00",56
"Josh","2026-06-11 10:05:59","2026-06-08","1899-12-31 07:40:00",57
"Josh","2026-06-11 10:05:59","2026-06-08","1899-12-31 07:45:00",58
"Josh","2026-06-11 10:05:59","2026-06-08","1899-12-31 07:50:00",59
"Josh","2026-06-11 10:05:59","2026-06-08","1899-12-31 07:55:00",60
"Josh","2026-06-11 10:05:59","2026-06-08","1899-12-31 08:00:00",61
"Josh","2026-06-11 10:05:59","2026-06-08","1899-12-31 08:05:00",63
"Josh","2026-06-11 10:05:59","2026-06-08","1899-12-31 08:10:00",65
"Josh","2026-06-11 10:05:59","2026-06-08","1899-12-31 08:15:00",70
"Josh","2026-06-11 10:05:59","2026-06-08","1899-12-31 08:20:00",74
"Josh","2026-06-11 10:05:59","2026-06-08","1899-12-31 08:25:00",76
"Josh","2026-06-11 10:05:59","2026-06-08","1899-12-31 08:30:00",84
"Josh","2026-06-11 10:05:59","2026-06-08","1899-12-31 08:35:00",90
"Josh","2026-06-11 10:05:59","2026-06-08","1899-12-31 08:40:00",89
"Josh","2026-06-11 10:05:59","2026-06-08","1899-12-31 08:45:00",82
"Josh","2026-06-11 10:05:59","2026-06-08","1899-12-31 08:50:00",76
"Josh","2026-06-11 10:05:59","2026-06-08","1899-12-31 08:55:00",70
"Josh","2026-06-11 10:05:59","2026-06-08","1899-12-31 09:00:00",65
"Josh","2026-06-11 10:05:59","2026-06-08","1899-12-31 09:05:00",64
"Josh","2026-06-11 10:05:59","2026-06-08","1899-12-31 09:10:00",64
"Josh","2026-06-11 10:05:59","2026-06-08","1899-12-31 09:15:00",66
"Josh","2026-06-11 10:05:59","2026-06-08","1899-12-31 09:20:00",64
"Josh","2026-06-11 10:05:59","2026-06-08","1899-12-31 09:25:00",65
"Josh","2026-06-11 10:05:59","2026-06-08","1899-12-31 09:30:00",65
"Josh","2026-06-11 10:05:59","2026-06-08","1899-12-31 09:35:00",64
"Josh","2026-06-11 10:05:59","2026-06-08","1899-12-31 09:40:00",62
"Josh","2026-06-11 10:05:59","2026-06-08","1899-12-31 09:45:00",60
"Josh","2026-06-11 10:05:59","2026-06-08","1899-12-31 09:50:00",60
"Josh","2026-06-11 10:05:59","2026-06-08","1899-12-31 09:55:00",62
"Josh","2026-06-11 10:05:59","2026-06-08","1899-12-31 10:00:00",61
"Josh","2026-06-11 10:05:59","2026-06-08","1899-12-31 10:05:00",62
"Josh","2026-06-11 10:05:59","2026-06-08","1899-12-31 10:10:00",61
"Josh","2026-06-11 10:05:59","2026-06-08","1899-12-31 10:15:00",61
"Josh","2026-06-11 10:05:59","2026-06-08","1899-12-31 10:20:00",63
"Josh","2026-06-11 10:05:59","2026-06-08","1899-12-31 10:25:00",62
"Josh","2026-06-11 10:05:59","2026-06-08","1899-12-31 10:30:00",62
"Josh","2026-06-11 10:05:59","2026-06-08","1899-12-31 10:35:00",61
"Josh","2026-06-11 10:05:59","2026-06-08","1899-12-31 10:40:00",62
"Josh","2026-06-11 10:05:59","2026-06-08","1899-12-31 10:45:00",62
"Josh","2026-06-11 10:05:59","2026-06-08","1899-12-31 10:50:00",63
"Josh","2026-06-11 10:05:59","2026-06-08","1899-12-31 10:55:00",62
"Josh","2026-06-11 10:05:59","2026-06-08","1899-12-31 11:00:00",62
"Josh","2026-06-11 10:05:59","2026-06-08","1899-12-31 11:05:00",61
"Josh","2026-06-11 10:05:59","2026-06-08","1899-12-31 11:10:00",62
"Josh","2026-06-11 10:05:59","2026-06-08","1899-12-31 11:15:00",60
"Josh","2026-06-11 10:05:59","2026-06-08","1899-12-31 11:20:00",63
"Josh","2026-06-11 10:05:59","2026-06-08","1899-12-31 11:25:00",65
"Josh","2026-06-11 10:05:59","2026-06-08","1899-12-31 11:30:00",66
"Josh","2026-06-11 10:05:59","2026-06-08","1899-12-31 11:35:00",63
"Josh","2026-06-11 10:05:59","2026-06-08","1899-12-31 11:40:00",64
"Josh","2026-06-11 10:05:59","2026-06-08","1899-12-31 11:45:00",64
"Josh","2026-06-11 10:05:59","2026-06-08","1899-12-31 11:50:00",66
"Josh","2026-06-11 10:05:59","2026-06-08","1899-12-31 11:55:00",66
"Josh","2026-06-11 10:05:59","2026-06-08","1899-12-31 12:00:00",80
"Josh","2026-06-11 10:05:59","2026-06-08","1899-12-31 12:05:00",85
"Josh","2026-06-11 10:05:59","2026-06-08","1899-12-31 12:10:00",87
"Josh","2026-06-11 10:05:59","2026-06-08","1899-12-31 12:15:00",91
"Josh","2026-06-11 10:05:59","2026-06-08","1899-12-31 12:20:00",90
"Josh","2026-06-11 10:05:59","2026-06-08","1899-12-31 12:25:00",93
"Josh","2026-06-11 10:05:59","2026-06-08","1899-12-31 12:30:00",96
"Josh","2026-06-11 10:05:59","2026-06-08","1899-12-31 12:35:00",93
"Josh","2026-06-11 10:05:59","2026-06-08","1899-12-31 12:40:00",95
"Josh","2026-06-11 10:05:59","2026-06-08","1899-12-31 12:45:00",93
"Josh","2026-06-11 10:05:59","2026-06-08","1899-12-31 12:50:00",92
"Josh","2026-06-11 10:05:59","2026-06-08","1899-12-31 12:55:00",88
"Josh","2026-06-11 10:05:59","2026-06-08","1899-12-31 13:00:00",82
"Josh","2026-06-11 10:05:59","2026-06-08","1899-12-31 13:05:00",76
"Josh","2026-06-11 10:05:59","2026-06-08","1899-12-31 13:10:00",70
"Josh","2026-06-11 10:05:59","2026-06-08","1899-12-31 13:15:00",69
"Josh","2026-06-11 10:05:59","2026-06-08","1899-12-31 13:20:00",65
"Josh","2026-06-11 10:05:59","2026-06-08","1899-12-31 13:25:00",63
"Josh","2026-06-11 10:05:59","2026-06-08","1899-12-31 13:30:00",61
"Josh","2026-06-11 10:05:59","2026-06-08","1899-12-31 13:35:00",62
"Josh","2026-06-11 10:05:59","2026-06-08","1899-12-31 13:40:00",64
"Josh","2026-06-11 10:05:59","2026-06-08","1899-12-31 13:45:00",65
"Josh","2026-06-11 10:05:59","2026-06-08","1899-12-31 13:50:00",66
"Josh","2026-06-11 10:05:59","2026-06-08","1899-12-31 13:55:00",65
"Josh","2026-06-11 10:05:59","2026-06-08","1899-12-31 14:00:00",65
"Josh","2026-06-11 10:05:59","2026-06-08","1899-12-31 14:05:00",65
"Josh","2026-06-11 10:05:59","2026-06-08","1899-12-31 14:10:00",65
"Josh","2026-06-11 10:05:59","2026-06-08","1899-12-31 14:15:00",66
"Josh","2026-06-11 10:05:59","2026-06-08","1899-12-31 14:20:00",64
"Josh","2026-06-11 10:05:59","2026-06-08","1899-12-31 14:25:00",63
"Josh","2026-06-11 10:05:59","2026-06-08","1899-12-31 14:30:00",63
"Josh","2026-06-11 10:05:59","2026-06-08","1899-12-31 14:35:00",63
"Josh","2026-06-11 10:05:59","2026-06-08","1899-12-31 14:40:00",63
"Josh","2026-06-11 10:05:59","2026-06-08","1899-12-31 14:45:00",64
"Josh","2026-06-11 10:05:59","2026-06-08","1899-12-31 14:50:00",62
"Josh","2026-06-11 10:05:59","2026-06-08","1899-12-31 14:55:00",61
"Josh","2026-06-11 10:05:59","2026-06-08","1899-12-31 15:00:00",62
"Josh","2026-06-11 10:05:59","2026-06-08","1899-12-31 15:05:00",64
"Josh","2026-06-11 10:05:59","2026-06-08","1899-12-31 15:10:00",65
"Josh","2026-06-11 10:05:59","2026-06-08","1899-12-31 15:15:00",64
"Josh","2026-06-11 10:05:59","2026-06-08","1899-12-31 15:20:00",65
"Josh","2026-06-11 10:05:59","2026-06-08","1899-12-31 15:25:00",64
"Josh","2026-06-11 10:05:59","2026-06-08","1899-12-31 15:30:00",65
"Josh","2026-06-11 10:05:59","2026-06-08","1899-12-31 15:35:00",66
"Josh","2026-06-11 10:05:59","2026-06-08","1899-12-31 15:40:00",64
"Josh","2026-06-11 10:05:59","2026-06-08","1899-12-31 15:45:00",63
"Josh","2026-06-11 10:05:59","2026-06-08","1899-12-31 15:50:00",62
"Josh","2026-06-11 10:05:59","2026-06-08","1899-12-31 15:55:00",64
"Josh","2026-06-11 10:05:59","2026-06-08","1899-12-31 16:00:00",63
"Josh","2026-06-11 10:05:59","2026-06-08","1899-12-31 16:05:00",65
"Josh","2026-06-11 10:05:59","2026-06-08","1899-12-31 16:10:00",64
"Josh","2026-06-11 10:05:59","2026-06-08","1899-12-31 16:15:00",66
"Josh","2026-06-11 10:05:59","2026-06-08","1899-12-31 16:20:00",64
"Josh","2026-06-11 10:05:59","2026-06-08","1899-12-31 16:25:00",66
"Josh","2026-06-11 10:05:59","2026-06-08","1899-12-31 16:30:00",64
"Josh","2026-06-11 10:05:59","2026-06-08","1899-12-31 16:35:00",65
"Josh","2026-06-11 10:05:59","2026-06-08","1899-12-31 16:40:00",65
"Josh","2026-06-11 10:05:59","2026-06-08","1899-12-31 16:45:00",66
"Josh","2026-06-11 10:05:59","2026-06-08","1899-12-31 16:50:00",65
"Josh","2026-06-11 10:05:59","2026-06-08","1899-12-31 16:55:00",63
"Josh","2026-06-11 10:05:59","2026-06-08","1899-12-31 17:00:00",63
"Josh","2026-06-11 10:05:59","2026-06-08","1899-12-31 17:05:00",64
"Josh","2026-06-11 10:05:59","2026-06-08","1899-12-31 17:10:00",64
"Josh","2026-06-11 10:05:59","2026-06-08","1899-12-31 17:15:00",65
"Josh","2026-06-11 10:05:59","2026-06-08","1899-12-31 17:20:00",66
"Josh","2026-06-11 10:05:59","2026-06-08","1899-12-31 17:25:00",67
"Josh","2026-06-11 10:05:59","2026-06-08","1899-12-31 17:30:00",79
"Josh","2026-06-11 10:05:59","2026-06-08","1899-12-31 17:35:00",99
"Josh","2026-06-11 10:05:59","2026-06-08","1899-12-31 17:40:00",117
"Josh","2026-06-11 10:05:59","2026-06-08","1899-12-31 17:45:00",132
"Josh","2026-06-11 10:05:59","2026-06-08","1899-12-31 17:50:00",143
"Josh","2026-06-11 10:05:59","2026-06-08","1899-12-31 17:55:00",144
"Josh","2026-06-11 10:05:59","2026-06-08","1899-12-31 18:00:00",151
"Josh","2026-06-11 10:05:59","2026-06-08","1899-12-31 18:05:00",150
"Josh","2026-06-11 10:05:59","2026-06-08","1899-12-31 18:10:00",148
"Josh","2026-06-11 10:05:59","2026-06-08","1899-12-31 18:15:00",152
"Josh","2026-06-11 10:05:59","2026-06-08","1899-12-31 18:20:00",151
"Josh","2026-06-11 10:05:59","2026-06-08","1899-12-31 18:25:00",150
"Josh","2026-06-11 10:05:59","2026-06-08","1899-12-31 18:30:00",148
"Josh","2026-06-11 10:05:59","2026-06-08","1899-12-31 18:35:00",149
"Josh","2026-06-11 10:05:59","2026-06-08","1899-12-31 18:40:00",142
"Josh","2026-06-11 10:05:59","2026-06-08","1899-12-31 18:45:00",130
"Josh","2026-06-11 10:05:59","2026-06-08","1899-12-31 18:50:00",115
"Josh","2026-06-11 10:05:59","2026-06-08","1899-12-31 18:55:00",94
"Josh","2026-06-11 10:05:59","2026-06-08","1899-12-31 19:00:00",80
"Josh","2026-06-11 10:05:59","2026-06-08","1899-12-31 19:05:00",73
"Josh","2026-06-11 10:05:59","2026-06-08","1899-12-31 19:10:00",71
"Josh","2026-06-11 10:05:59","2026-06-08","1899-12-31 19:15:00",67
"Josh","2026-06-11 10:05:59","2026-06-08","1899-12-31 19:20:00",64
"Josh","2026-06-11 10:05:59","2026-06-08","1899-12-31 19:25:00",62
"Josh","2026-06-11 10:05:59","2026-06-08","1899-12-31 19:30:00",62
"Josh","2026-06-11 10:05:59","2026-06-08","1899-12-31 19:35:00",62
"Josh","2026-06-11 10:05:59","2026-06-08","1899-12-31 19:40:00",64
"Josh","2026-06-11 10:05:59","2026-06-08","1899-12-31 19:45:00",62
"Josh","2026-06-11 10:05:59","2026-06-08","1899-12-31 19:50:00",62
"Josh","2026-06-11 10:05:59","2026-06-08","1899-12-31 19:55:00",63
"Josh","2026-06-11 10:05:59","2026-06-08","1899-12-31 20:00:00",61
"Josh","2026-06-11 10:05:59","2026-06-08","1899-12-31 20:05:00",63
"Josh","2026-06-11 10:05:59","2026-06-08","1899-12-31 20:10:00",65
"Josh","2026-06-11 10:05:59","2026-06-08","1899-12-31 20:15:00",65
"Josh","2026-06-11 10:05:59","2026-06-08","1899-12-31 20:20:00",63
"Josh","2026-06-11 10:05:59","2026-06-08","1899-12-31 20:25:00",65
"Josh","2026-06-11 10:05:59","2026-06-08","1899-12-31 20:30:00",65
"Josh","2026-06-11 10:05:59","2026-06-08","1899-12-31 20:35:00",65
"Josh","2026-06-11 10:05:59","2026-06-08","1899-12-31 20:40:00",63
"Josh","2026-06-11 10:05:59","2026-06-08","1899-12-31 20:45:00",64
"Josh","2026-06-11 10:05:59","2026-06-08","1899-12-31 20:50:00",63
"Josh","2026-06-11 10:05:59","2026-06-08","1899-12-31 20:55:00",65
"Josh","2026-06-11 10:05:59","2026-06-08","1899-12-31 21:00:00",62
"Josh","2026-06-11 10:05:59","2026-06-08","1899-12-31 21:05:00",63
"Josh","2026-06-11 10:05:59","2026-06-08","1899-12-31 21:10:00",63
"Josh","2026-06-11 10:05:59","2026-06-08","1899-12-31 21:15:00",63
"Josh","2026-06-11 10:05:59","2026-06-08","1899-12-31 21:20:00",65
"Josh","2026-06-11 10:05:59","2026-06-08","1899-12-31 21:25:00",64
"Josh","2026-06-11 10:05:59","2026-06-08","1899-12-31 21:30:00",65
"Josh","2026-06-11 10:05:59","2026-06-08","1899-12-31 21:35:00",62
"Josh","2026-06-11 10:05:59","2026-06-08","1899-12-31 21:40:00",60
"Josh","2026-06-11 10:05:59","2026-06-08","1899-12-31 21:45:00",61
"Josh","2026-06-11 10:05:59","2026-06-08","1899-12-31 21:50:00",61
"Josh","2026-06-11 10:05:59","2026-06-08","1899-12-31 21:55:00",63
"Josh","2026-06-11 10:05:59","2026-06-08","1899-12-31 22:00:00",64
"Josh","2026-06-11 10:05:59","2026-06-08","1899-12-31 22:05:00",63
"Josh","2026-06-11 10:05:59","2026-06-08","1899-12-31 22:10:00",65
"Josh","2026-06-11 10:05:59","2026-06-08","1899-12-31 22:15:00",66
"Josh","2026-06-11 10:05:59","2026-06-08","1899-12-31 22:20:00",65
"Josh","2026-06-11 10:05:59","2026-06-08","1899-12-31 22:25:00",66
"Josh","2026-06-11 10:05:59","2026-06-08","1899-12-31 22:30:00",66
"Josh","2026-06-11 10:05:59","2026-06-08","1899-12-31 22:35:00",66
"Josh","2026-06-11 10:05:59","2026-06-08","1899-12-31 22:40:00",64
"Josh","2026-06-11 10:05:59","2026-06-08","1899-12-31 22:45:00",63
"Josh","2026-06-11 10:05:59","2026-06-08","1899-12-31 22:50:00",63
"Josh","2026-06-11 10:05:59","2026-06-08","1899-12-31 22:55:00",64
"Josh","2026-06-11 10:05:59","2026-06-08","1899-12-31 23:00:00",62
"Josh","2026-06-11 10:05:59","2026-06-08","1899-12-31 23:05:00",64
"Josh","2026-06-11 10:05:59","2026-06-08","1899-12-31 23:10:00",62
"Josh","2026-06-11 10:05:59","2026-06-08","1899-12-31 23:15:00",61
"Josh","2026-06-11 10:05:59","2026-06-08","1899-12-31 23:20:00",61
"Josh","2026-06-11 10:05:59","2026-06-08","1899-12-31 23:25:00",63
"Josh","2026-06-11 10:05:59","2026-06-08","1899-12-31 23:30:00",61
"Josh","2026-06-11 10:05:59","2026-06-08","1899-12-31 23:35:00",62
"Josh","2026-06-11 10:05:59","2026-06-08","1899-12-31 23:40:00",60
"Josh","2026-06-11 10:05:59","2026-06-08","1899-12-31 23:45:00",62
"Josh","2026-06-11 10:05:59","2026-06-08","1899-12-31 23:50:00",62
"Josh","2026-06-11 10:05:59","2026-06-08","1899-12-31 23:55:00",64
"Josh","2026-06-11 10:05:59","2026-06-09","1899-12-31",57
"Josh","2026-06-11 10:05:59","2026-06-09","1899-12-31 00:05:00",57
"Josh","2026-06-11 10:05:59","2026-06-09","1899-12-31 00:10:00",56
"Josh","2026-06-11 10:05:59","2026-06-09","1899-12-31 00:15:00",58
"Josh","2026-06-11 10:05:59","2026-06-09","1899-12-31 00:20:00",62
"Josh","2026-06-11 10:05:59","2026-06-09","1899-12-31 00:25:00",60
"Josh","2026-06-11 10:05:59","2026-06-09","1899-12-31 00:30:00",58
"Josh","2026-06-11 10:05:59","2026-06-09","1899-12-31 00:35:00",58
"Josh","2026-06-11 10:05:59","2026-06-09","1899-12-31 00:40:00",56
"Josh","2026-06-11 10:05:59","2026-06-09","1899-12-31 00:45:00",56
"Josh","2026-06-11 10:05:59","2026-06-09","1899-12-31 00:50:00",56
"Josh","2026-06-11 10:05:59","2026-06-09","1899-12-31 00:55:00",57
"Josh","2026-06-11 10:05:59","2026-06-09","1899-12-31 01:00:00",57
"Josh","2026-06-11 10:05:59","2026-06-09","1899-12-31 01:05:00",56
"Josh","2026-06-11 10:05:59","2026-06-09","1899-12-31 01:10:00",56
"Josh","2026-06-11 10:05:59","2026-06-09","1899-12-31 01:15:00",56
"Josh","2026-06-11 10:05:59","2026-06-09","1899-12-31 01:20:00",56
"Josh","2026-06-11 10:05:59","2026-06-09","1899-12-31 01:25:00",57
"Josh","2026-06-11 10:05:59","2026-06-09","1899-12-31 01:30:00",57
"Josh","2026-06-11 10:05:59","2026-06-09","1899-12-31 01:35:00",56
"Josh","2026-06-11 10:05:59","2026-06-09","1899-12-31 01:40:00",56
"Josh","2026-06-11 10:05:59","2026-06-09","1899-12-31 01:45:00",57
"Josh","2026-06-11 10:05:59","2026-06-09","1899-12-31 01:50:00",56
"Josh","2026-06-11 10:05:59","2026-06-09","1899-12-31 01:55:00",56
"Josh","2026-06-11 10:05:59","2026-06-09","1899-12-31 02:00:00",55
"Josh","2026-06-11 10:05:59","2026-06-09","1899-12-31 02:05:00",56
"Josh","2026-06-11 10:05:59","2026-06-09","1899-12-31 02:10:00",55
"Josh","2026-06-11 10:05:59","2026-06-09","1899-12-31 02:15:00",55
"Josh","2026-06-11 10:05:59","2026-06-09","1899-12-31 02:20:00",56
"Josh","2026-06-11 10:05:59","2026-06-09","1899-12-31 02:25:00",55
"Josh","2026-06-11 10:05:59","2026-06-09","1899-12-31 02:30:00",55
"Josh","2026-06-11 10:05:59","2026-06-09","1899-12-31 02:35:00",55
"Josh","2026-06-11 10:05:59","2026-06-09","1899-12-31 02:40:00",55
"Josh","2026-06-11 10:05:59","2026-06-09","1899-12-31 02:45:00",56
"Josh","2026-06-11 10:05:59","2026-06-09","1899-12-31 02:50:00",55
"Josh","2026-06-11 10:05:59","2026-06-09","1899-12-31 02:55:00",55
"Josh","2026-06-11 10:05:59","2026-06-09","1899-12-31 03:00:00",56
"Josh","2026-06-11 10:05:59","2026-06-09","1899-12-31 03:05:00",56
"Josh","2026-06-11 10:05:59","2026-06-09","1899-12-31 03:10:00",56
"Josh","2026-06-11 10:05:59","2026-06-09","1899-12-31 03:15:00",55
"Josh","2026-06-11 10:05:59","2026-06-09","1899-12-31 03:20:00",59
"Josh","2026-06-11 10:05:59","2026-06-09","1899-12-31 03:25:00",59
"Josh","2026-06-11 10:05:59","2026-06-09","1899-12-31 03:30:00",57
"Josh","2026-06-11 10:05:59","2026-06-09","1899-12-31 03:35:00",57
"Josh","2026-06-11 10:05:59","2026-06-09","1899-12-31 03:40:00",57
"Josh","2026-06-11 10:05:59","2026-06-09","1899-12-31 03:45:00",57
"Josh","2026-06-11 10:05:59","2026-06-09","1899-12-31 03:50:00",57
"Josh","2026-06-11 10:05:59","2026-06-09","1899-12-31 03:55:00",57
"Josh","2026-06-11 10:05:59","2026-06-09","1899-12-31 04:00:00",57
"Josh","2026-06-11 10:05:59","2026-06-09","1899-12-31 04:05:00",61
"Josh","2026-06-11 10:05:59","2026-06-09","1899-12-31 04:10:00",63
"Josh","2026-06-11 10:05:59","2026-06-09","1899-12-31 04:15:00",65
"Josh","2026-06-11 10:05:59","2026-06-09","1899-12-31 04:20:00",61
"Josh","2026-06-11 10:05:59","2026-06-09","1899-12-31 04:25:00",60
"Josh","2026-06-11 10:05:59","2026-06-09","1899-12-31 04:30:00",58
"Josh","2026-06-11 10:05:59","2026-06-09","1899-12-31 04:35:00",57
"Josh","2026-06-11 10:05:59","2026-06-09","1899-12-31 04:40:00",57
"Josh","2026-06-11 10:05:59","2026-06-09","1899-12-31 04:45:00",56
"Josh","2026-06-11 10:05:59","2026-06-09","1899-12-31 04:50:00",57
"Josh","2026-06-11 10:05:59","2026-06-09","1899-12-31 04:55:00",57
"Josh","2026-06-11 10:05:59","2026-06-09","1899-12-31 05:00:00",57
"Josh","2026-06-11 10:05:59","2026-06-09","1899-12-31 05:05:00",56
"Josh","2026-06-11 10:05:59","2026-06-09","1899-12-31 05:10:00",56
"Josh","2026-06-11 10:05:59","2026-06-09","1899-12-31 05:15:00",55
"Josh","2026-06-11 10:05:59","2026-06-09","1899-12-31 05:20:00",56
"Josh","2026-06-11 10:05:59","2026-06-09","1899-12-31 05:25:00",58
"Josh","2026-06-11 10:05:59","2026-06-09","1899-12-31 05:30:00",58
"Josh","2026-06-11 10:05:59","2026-06-09","1899-12-31 05:35:00",56
"Josh","2026-06-11 10:05:59","2026-06-09","1899-12-31 05:40:00",56
"Josh","2026-06-11 10:05:59","2026-06-09","1899-12-31 05:45:00",57
"Josh","2026-06-11 10:05:59","2026-06-09","1899-12-31 05:50:00",56
"Josh","2026-06-11 10:05:59","2026-06-09","1899-12-31 05:55:00",56
"Josh","2026-06-11 10:05:59","2026-06-09","1899-12-31 06:00:00",56
"Josh","2026-06-11 10:05:59","2026-06-09","1899-12-31 06:05:00",57
"Josh","2026-06-11 10:05:59","2026-06-09","1899-12-31 06:10:00",57
"Josh","2026-06-11 10:05:59","2026-06-09","1899-12-31 06:15:00",61
"Josh","2026-06-11 10:05:59","2026-06-09","1899-12-31 06:20:00",58
"Josh","2026-06-11 10:05:59","2026-06-09","1899-12-31 06:25:00",57
"Josh","2026-06-11 10:05:59","2026-06-09","1899-12-31 06:30:00",57
"Josh","2026-06-11 10:05:59","2026-06-09","1899-12-31 06:35:00",57
"Josh","2026-06-11 10:05:59","2026-06-09","1899-12-31 06:40:00",56
"Josh","2026-06-11 10:05:59","2026-06-09","1899-12-31 06:45:00",59
"Josh","2026-06-11 10:05:59","2026-06-09","1899-12-31 06:50:00",58
"Josh","2026-06-11 10:05:59","2026-06-09","1899-12-31 06:55:00",57
"Josh","2026-06-11 10:05:59","2026-06-09","1899-12-31 07:00:00",57
"Josh","2026-06-11 10:05:59","2026-06-09","1899-12-31 07:05:00",56
"Josh","2026-06-11 10:05:59","2026-06-09","1899-12-31 07:10:00",56
"Josh","2026-06-11 10:05:59","2026-06-09","1899-12-31 07:15:00",56
"Josh","2026-06-11 10:05:59","2026-06-09","1899-12-31 07:20:00",56
"Josh","2026-06-11 10:05:59","2026-06-09","1899-12-31 07:25:00",56
"Josh","2026-06-11 10:05:59","2026-06-09","1899-12-31 07:30:00",56
"Josh","2026-06-11 10:05:59","2026-06-09","1899-12-31 07:35:00",56
"Josh","2026-06-11 10:05:59","2026-06-09","1899-12-31 07:40:00",57
"Josh","2026-06-11 10:05:59","2026-06-09","1899-12-31 07:45:00",58
"Josh","2026-06-11 10:05:59","2026-06-09","1899-12-31 07:50:00",59
"Josh","2026-06-11 10:05:59","2026-06-09","1899-12-31 07:55:00",60
"Josh","2026-06-11 10:05:59","2026-06-09","1899-12-31 08:00:00",61
"Josh","2026-06-11 10:05:59","2026-06-09","1899-12-31 08:05:00",67
"Josh","2026-06-11 10:05:59","2026-06-09","1899-12-31 08:10:00",64
"Josh","2026-06-11 10:05:59","2026-06-09","1899-12-31 08:15:00",66
"Josh","2026-06-11 10:05:59","2026-06-09","1899-12-31 08:20:00",77
"Josh","2026-06-11 10:05:59","2026-06-09","1899-12-31 08:25:00",86
"Josh","2026-06-11 10:05:59","2026-06-09","1899-12-31 08:30:00",91
"Josh","2026-06-11 10:05:59","2026-06-09","1899-12-31 08:35:00",94
"Josh","2026-06-11 10:05:59","2026-06-09","1899-12-31 08:40:00",94
"Josh","2026-06-11 10:05:59","2026-06-09","1899-12-31 08:45:00",94
"Josh","2026-06-11 10:05:59","2026-06-09","1899-12-31 08:50:00",82
"Josh","2026-06-11 10:05:59","2026-06-09","1899-12-31 08:55:00",76
"Josh","2026-06-11 10:05:59","2026-06-09","1899-12-31 09:00:00",69
"Josh","2026-06-11 10:05:59","2026-06-09","1899-12-31 09:05:00",65
"Josh","2026-06-11 10:05:59","2026-06-09","1899-12-31 09:10:00",66
"Josh","2026-06-11 10:05:59","2026-06-09","1899-12-31 09:15:00",66
"Josh","2026-06-11 10:05:59","2026-06-09","1899-12-31 09:20:00",63
"Josh","2026-06-11 10:05:59","2026-06-09","1899-12-31 09:25:00",63
"Josh","2026-06-11 10:05:59","2026-06-09","1899-12-31 09:30:00",62
"Josh","2026-06-11 10:05:59","2026-06-09","1899-12-31 09:35:00",64
"Josh","2026-06-11 10:05:59","2026-06-09","1899-12-31 09:40:00",63
"Josh","2026-06-11 10:05:59","2026-06-09","1899-12-31 09:45:00",63
"Josh","2026-06-11 10:05:59","2026-06-09","1899-12-31 09:50:00",65
"Josh","2026-06-11 10:05:59","2026-06-09","1899-12-31 09:55:00",63
"Josh","2026-06-11 10:05:59","2026-06-09","1899-12-31 10:00:00",61
"Josh","2026-06-11 10:05:59","2026-06-09","1899-12-31 10:05:00",60
"Josh","2026-06-11 10:05:59","2026-06-09","1899-12-31 10:10:00",62
"Josh","2026-06-11 10:05:59","2026-06-09","1899-12-31 10:15:00",64
"Josh","2026-06-11 10:05:59","2026-06-09","1899-12-31 10:20:00",62
"Josh","2026-06-11 10:05:59","2026-06-09","1899-12-31 10:25:00",64
"Josh","2026-06-11 10:05:59","2026-06-09","1899-12-31 10:30:00",65
"Josh","2026-06-11 10:05:59","2026-06-09","1899-12-31 10:35:00",65
"Josh","2026-06-11 10:05:59","2026-06-09","1899-12-31 10:40:00",66
"Josh","2026-06-11 10:05:59","2026-06-09","1899-12-31 10:45:00",64
"Josh","2026-06-11 10:05:59","2026-06-09","1899-12-31 10:50:00",62
"Josh","2026-06-11 10:05:59","2026-06-09","1899-12-31 10:55:00",64
"Josh","2026-06-11 10:05:59","2026-06-09","1899-12-31 11:00:00",63
"Josh","2026-06-11 10:05:59","2026-06-09","1899-12-31 11:05:00",64
"Josh","2026-06-11 10:05:59","2026-06-09","1899-12-31 11:10:00",65
"Josh","2026-06-11 10:05:59","2026-06-09","1899-12-31 11:15:00",65
"Josh","2026-06-11 10:05:59","2026-06-09","1899-12-31 11:20:00",66
"Josh","2026-06-11 10:05:59","2026-06-09","1899-12-31 11:25:00",64
"Josh","2026-06-11 10:05:59","2026-06-09","1899-12-31 11:30:00",64
"Josh","2026-06-11 10:05:59","2026-06-09","1899-12-31 11:35:00",64
"Josh","2026-06-11 10:05:59","2026-06-09","1899-12-31 11:40:00",63
"Josh","2026-06-11 10:05:59","2026-06-09","1899-12-31 11:45:00",65
"Josh","2026-06-11 10:05:59","2026-06-09","1899-12-31 11:50:00",64
"Josh","2026-06-11 10:05:59","2026-06-09","1899-12-31 11:55:00",62
"Josh","2026-06-11 10:05:59","2026-06-09","1899-12-31 12:00:00",76
"Josh","2026-06-11 10:05:59","2026-06-09","1899-12-31 12:05:00",79
"Josh","2026-06-11 10:05:59","2026-06-09","1899-12-31 12:10:00",93
"Josh","2026-06-11 10:05:59","2026-06-09","1899-12-31 12:15:00",101
"Josh","2026-06-11 10:05:59","2026-06-09","1899-12-31 12:20:00",103
"Josh","2026-06-11 10:05:59","2026-06-09","1899-12-31 12:25:00",107
"Josh","2026-06-11 10:05:59","2026-06-09","1899-12-31 12:30:00",109
"Josh","2026-06-11 10:05:59","2026-06-09","1899-12-31 12:35:00",111
"Josh","2026-06-11 10:05:59","2026-06-09","1899-12-31 12:40:00",109
"Josh","2026-06-11 10:05:59","2026-06-09","1899-12-31 12:45:00",112
"Josh","2026-06-11 10:05:59","2026-06-09","1899-12-31 12:50:00",110
"Josh","2026-06-11 10:05:59","2026-06-09","1899-12-31 12:55:00",108
"Josh","2026-06-11 10:05:59","2026-06-09","1899-12-31 13:00:00",101
"Josh","2026-06-11 10:05:59","2026-06-09","1899-12-31 13:05:00",91
"Josh","2026-06-11 10:05:59","2026-06-09","1899-12-31 13:10:00",79
"Josh","2026-06-11 10:05:59","2026-06-09","1899-12-31 13:15:00",74
"Josh","2026-06-11 10:05:59","2026-06-09","1899-12-31 13:20:00",68
"Josh","2026-06-11 10:05:59","2026-06-09","1899-12-31 13:25:00",67
"Josh","2026-06-11 10:05:59","2026-06-09","1899-12-31 13:30:00",64
"Josh","2026-06-11 10:05:59","2026-06-09","1899-12-31 13:35:00",62
"Josh","2026-06-11 10:05:59","2026-06-09","1899-12-31 13:40:00",64
"Josh","2026-06-11 10:05:59","2026-06-09","1899-12-31 13:45:00",65
"Josh","2026-06-11 10:05:59","2026-06-09","1899-12-31 13:50:00",66
"Josh","2026-06-11 10:05:59","2026-06-09","1899-12-31 13:55:00",64
"Josh","2026-06-11 10:05:59","2026-06-09","1899-12-31 14:00:00",64
"Josh","2026-06-11 10:05:59","2026-06-09","1899-12-31 14:05:00",64
"Josh","2026-06-11 10:05:59","2026-06-09","1899-12-31 14:10:00",62
"Josh","2026-06-11 10:05:59","2026-06-09","1899-12-31 14:15:00",62
"Josh","2026-06-11 10:05:59","2026-06-09","1899-12-31 14:20:00",63
"Josh","2026-06-11 10:05:59","2026-06-09","1899-12-31 14:25:00",62
"Josh","2026-06-11 10:05:59","2026-06-09","1899-12-31 14:30:00",61
"Josh","2026-06-11 10:05:59","2026-06-09","1899-12-31 14:35:00",61
"Josh","2026-06-11 10:05:59","2026-06-09","1899-12-31 14:40:00",62
"Josh","2026-06-11 10:05:59","2026-06-09","1899-12-31 14:45:00",62
"Josh","2026-06-11 10:05:59","2026-06-09","1899-12-31 14:50:00",60
"Josh","2026-06-11 10:05:59","2026-06-09","1899-12-31 14:55:00",63
"Josh","2026-06-11 10:05:59","2026-06-09","1899-12-31 15:00:00",62
"Josh","2026-06-11 10:05:59","2026-06-09","1899-12-31 15:05:00",64
"Josh","2026-06-11 10:05:59","2026-06-09","1899-12-31 15:10:00",64
"Josh","2026-06-11 10:05:59","2026-06-09","1899-12-31 15:15:00",64
"Josh","2026-06-11 10:05:59","2026-06-09","1899-12-31 15:20:00",64
"Josh","2026-06-11 10:05:59","2026-06-09","1899-12-31 15:25:00",64
"Josh","2026-06-11 10:05:59","2026-06-09","1899-12-31 15:30:00",62
"Josh","2026-06-11 10:05:59","2026-06-09","1899-12-31 15:35:00",60
"Josh","2026-06-11 10:05:59","2026-06-09","1899-12-31 15:40:00",63
"Josh","2026-06-11 10:05:59","2026-06-09","1899-12-31 15:45:00",63
"Josh","2026-06-11 10:05:59","2026-06-09","1899-12-31 15:50:00",61
"Josh","2026-06-11 10:05:59","2026-06-09","1899-12-31 15:55:00",63
"Josh","2026-06-11 10:05:59","2026-06-09","1899-12-31 16:00:00",65
"Josh","2026-06-11 10:05:59","2026-06-09","1899-12-31 16:05:00",64
"Josh","2026-06-11 10:05:59","2026-06-09","1899-12-31 16:10:00",63
"Josh","2026-06-11 10:05:59","2026-06-09","1899-12-31 16:15:00",65
"Josh","2026-06-11 10:05:59","2026-06-09","1899-12-31 16:20:00",65
"Josh","2026-06-11 10:05:59","2026-06-09","1899-12-31 16:25:00",66
"Josh","2026-06-11 10:05:59","2026-06-09","1899-12-31 16:30:00",64
"Josh","2026-06-11 10:05:59","2026-06-09","1899-12-31 16:35:00",64
"Josh","2026-06-11 10:05:59","2026-06-09","1899-12-31 16:40:00",66
"Josh","2026-06-11 10:05:59","2026-06-09","1899-12-31 16:45:00",65
"Josh","2026-06-11 10:05:59","2026-06-09","1899-12-31 16:50:00",64
"Josh","2026-06-11 10:05:59","2026-06-09","1899-12-31 16:55:00",65
"Josh","2026-06-11 10:05:59","2026-06-09","1899-12-31 17:00:00",66
"Josh","2026-06-11 10:05:59","2026-06-09","1899-12-31 17:05:00",63
"Josh","2026-06-11 10:05:59","2026-06-09","1899-12-31 17:10:00",64
"Josh","2026-06-11 10:05:59","2026-06-09","1899-12-31 17:15:00",63
"Josh","2026-06-11 10:05:59","2026-06-09","1899-12-31 17:20:00",63
"Josh","2026-06-11 10:05:59","2026-06-09","1899-12-31 17:25:00",62
"Josh","2026-06-11 10:05:59","2026-06-09","1899-12-31 17:30:00",77
"Josh","2026-06-11 10:05:59","2026-06-09","1899-12-31 17:35:00",98
"Josh","2026-06-11 10:05:59","2026-06-09","1899-12-31 17:40:00",111
"Josh","2026-06-11 10:05:59","2026-06-09","1899-12-31 17:45:00",131
"Josh","2026-06-11 10:05:59","2026-06-09","1899-12-31 17:50:00",142
"Josh","2026-06-11 10:05:59","2026-06-09","1899-12-31 17:55:00",149
"Josh","2026-06-11 10:05:59","2026-06-09","1899-12-31 18:00:00",155
"Josh","2026-06-11 10:05:59","2026-06-09","1899-12-31 18:05:00",158
"Josh","2026-06-11 10:05:59","2026-06-09","1899-12-31 18:10:00",154
"Josh","2026-06-11 10:05:59","2026-06-09","1899-12-31 18:15:00",158
"Josh","2026-06-11 10:05:59","2026-06-09","1899-12-31 18:20:00",156
"Josh","2026-06-11 10:05:59","2026-06-09","1899-12-31 18:25:00",158
"Josh","2026-06-11 10:05:59","2026-06-09","1899-12-31 18:30:00",154
"Josh","2026-06-11 10:05:59","2026-06-09","1899-12-31 18:35:00",151
"Josh","2026-06-11 10:05:59","2026-06-09","1899-12-31 18:40:00",149
"Josh","2026-06-11 10:05:59","2026-06-09","1899-12-31 18:45:00",139
"Josh","2026-06-11 10:05:59","2026-06-09","1899-12-31 18:50:00",125
"Josh","2026-06-11 10:05:59","2026-06-09","1899-12-31 18:55:00",109
"Josh","2026-06-11 10:05:59","2026-06-09","1899-12-31 19:00:00",93
"Josh","2026-06-11 10:05:59","2026-06-09","1899-12-31 19:05:00",81
"Josh","2026-06-11 10:05:59","2026-06-09","1899-12-31 19:10:00",73
"Josh","2026-06-11 10:05:59","2026-06-09","1899-12-31 19:15:00",68
"Josh","2026-06-11 10:05:59","2026-06-09","1899-12-31 19:20:00",65
"Josh","2026-06-11 10:05:59","2026-06-09","1899-12-31 19:25:00",63
"Josh","2026-06-11 10:05:59","2026-06-09","1899-12-31 19:30:00",63
"Josh","2026-06-11 10:05:59","2026-06-09","1899-12-31 19:35:00",65
"Josh","2026-06-11 10:05:59","2026-06-09","1899-12-31 19:40:00",63
"Josh","2026-06-11 10:05:59","2026-06-09","1899-12-31 19:45:00",70
"Josh","2026-06-11 10:05:59","2026-06-09","1899-12-31 19:50:00",66
"Josh","2026-06-11 10:05:59","2026-06-09","1899-12-31 19:55:00",65
"Josh","2026-06-11 10:05:59","2026-06-09","1899-12-31 20:00:00",64
"Josh","2026-06-11 10:05:59","2026-06-09","1899-12-31 20:05:00",62
"Josh","2026-06-11 10:05:59","2026-06-09","1899-12-31 20:10:00",63
"Josh","2026-06-11 10:05:59","2026-06-09","1899-12-31 20:15:00",65
"Josh","2026-06-11 10:05:59","2026-06-09","1899-12-31 20:20:00",65
"Josh","2026-06-11 10:05:59","2026-06-09","1899-12-31 20:25:00",65
"Josh","2026-06-11 10:05:59","2026-06-09","1899-12-31 20:30:00",63
"Josh","2026-06-11 10:05:59","2026-06-09","1899-12-31 20:35:00",65
"Josh","2026-06-11 10:05:59","2026-06-09","1899-12-31 20:40:00",63
"Josh","2026-06-11 10:05:59","2026-06-09","1899-12-31 20:45:00",65
"Josh","2026-06-11 10:05:59","2026-06-09","1899-12-31 20:50:00",65
"Josh","2026-06-11 10:05:59","2026-06-09","1899-12-31 20:55:00",62
"Josh","2026-06-11 10:05:59","2026-06-09","1899-12-31 21:00:00",62
"Josh","2026-06-11 10:05:59","2026-06-09","1899-12-31 21:05:00",60
"Josh","2026-06-11 10:05:59","2026-06-09","1899-12-31 21:10:00",60
"Josh","2026-06-11 10:05:59","2026-06-09","1899-12-31 21:15:00",63
"Josh","2026-06-11 10:05:59","2026-06-09","1899-12-31 21:20:00",65
"Josh","2026-06-11 10:05:59","2026-06-09","1899-12-31 21:25:00",63
"Josh","2026-06-11 10:05:59","2026-06-09","1899-12-31 21:30:00",62
"Josh","2026-06-11 10:05:59","2026-06-09","1899-12-31 21:35:00",64
"Josh","2026-06-11 10:05:59","2026-06-09","1899-12-31 21:40:00",65
"Josh","2026-06-11 10:05:59","2026-06-09","1899-12-31 21:45:00",62
"Josh","2026-06-11 10:05:59","2026-06-09","1899-12-31 21:50:00",64
"Josh","2026-06-11 10:05:59","2026-06-09","1899-12-31 21:55:00",62
"Josh","2026-06-11 10:05:59","2026-06-09","1899-12-31 22:00:00",60
"Josh","2026-06-11 10:05:59","2026-06-09","1899-12-31 22:05:00",60
"Josh","2026-06-11 10:05:59","2026-06-09","1899-12-31 22:10:00",61
"Josh","2026-06-11 10:05:59","2026-06-09","1899-12-31 22:15:00",61
"Josh","2026-06-11 10:05:59","2026-06-09","1899-12-31 22:20:00",63
"Josh","2026-06-11 10:05:59","2026-06-09","1899-12-31 22:25:00",63
"Josh","2026-06-11 10:05:59","2026-06-09","1899-12-31 22:30:00",65
"Josh","2026-06-11 10:05:59","2026-06-09","1899-12-31 22:35:00",66
"Josh","2026-06-11 10:05:59","2026-06-09","1899-12-31 22:40:00",67
"Josh","2026-06-11 10:05:59","2026-06-09","1899-12-31 22:45:00",63
"Josh","2026-06-11 10:05:59","2026-06-09","1899-12-31 22:50:00",65
"Josh","2026-06-11 10:05:59","2026-06-09","1899-12-31 22:55:00",64
"Josh","2026-06-11 10:05:59","2026-06-09","1899-12-31 23:00:00",62
"Josh","2026-06-11 10:05:59","2026-06-09","1899-12-31 23:05:00",62
"Josh","2026-06-11 10:05:59","2026-06-09","1899-12-31 23:10:00",63
"Josh","2026-06-11 10:05:59","2026-06-09","1899-12-31 23:15:00",65
"Josh","2026-06-11 10:05:59","2026-06-09","1899-12-31 23:20:00",65
"Josh","2026-06-11 10:05:59","2026-06-09","1899-12-31 23:25:00",65
"Josh","2026-06-11 10:05:59","2026-06-09","1899-12-31 23:30:00",63
"Josh","2026-06-11 10:05:59","2026-06-09","1899-12-31 23:35:00",62
"Josh","2026-06-11 10:05:59","2026-06-09","1899-12-31 23:40:00",63
"Josh","2026-06-11 10:05:59","2026-06-09","1899-12-31 23:45:00",65
"Josh","2026-06-11 10:05:59","2026-06-09","1899-12-31 23:50:00",63
"Josh","2026-06-11 10:05:59","2026-06-09","1899-12-31 23:55:00",65
"Josh","2026-06-11 10:05:59","2026-06-10","1899-12-31",56
"Josh","2026-06-11 10:05:59","2026-06-10","1899-12-31 00:05:00",57
"Josh","2026-06-11 10:05:59","2026-06-10","1899-12-31 00:10:00",57
"Josh","2026-06-11 10:05:59","2026-06-10","1899-12-31 00:15:00",57
"Josh","2026-06-11 10:05:59","2026-06-10","1899-12-31 00:20:00",56
"Josh","2026-06-11 10:05:59","2026-06-10","1899-12-31 00:25:00",56
"Josh","2026-06-11 10:05:59","2026-06-10","1899-12-31 00:30:00",56
"Josh","2026-06-11 10:05:59","2026-06-10","1899-12-31 00:35:00",57
"Josh","2026-06-11 10:05:59","2026-06-10","1899-12-31 00:40:00",56
"Josh","2026-06-11 10:05:59","2026-06-10","1899-12-31 00:45:00",56
"Josh","2026-06-11 10:05:59","2026-06-10","1899-12-31 00:50:00",57
"Josh","2026-06-11 10:05:59","2026-06-10","1899-12-31 00:55:00",57
"Josh","2026-06-11 10:05:59","2026-06-10","1899-12-31 01:00:00",56
"Josh","2026-06-11 10:05:59","2026-06-10","1899-12-31 01:05:00",56
"Josh","2026-06-11 10:05:59","2026-06-10","1899-12-31 01:10:00",57
"Josh","2026-06-11 10:05:59","2026-06-10","1899-12-31 01:15:00",57
"Josh","2026-06-11 10:05:59","2026-06-10","1899-12-31 01:20:00",57
"Josh","2026-06-11 10:05:59","2026-06-10","1899-12-31 01:25:00",57
"Josh","2026-06-11 10:05:59","2026-06-10","1899-12-31 01:30:00",57
"Josh","2026-06-11 10:05:59","2026-06-10","1899-12-31 01:35:00",57
"Josh","2026-06-11 10:05:59","2026-06-10","1899-12-31 01:40:00",57
"Josh","2026-06-11 10:05:59","2026-06-10","1899-12-31 01:45:00",56
"Josh","2026-06-11 10:05:59","2026-06-10","1899-12-31 01:50:00",56
"Josh","2026-06-11 10:05:59","2026-06-10","1899-12-31 01:55:00",55
"Josh","2026-06-11 10:05:59","2026-06-10","1899-12-31 02:00:00",56
"Josh","2026-06-11 10:05:59","2026-06-10","1899-12-31 02:05:00",59
"Josh","2026-06-11 10:05:59","2026-06-10","1899-12-31 02:10:00",57
"Josh","2026-06-11 10:05:59","2026-06-10","1899-12-31 02:15:00",56
"Josh","2026-06-11 10:05:59","2026-06-10","1899-12-31 02:20:00",56
"Josh","2026-06-11 10:05:59","2026-06-10","1899-12-31 02:25:00",56
"Josh","2026-06-11 10:05:59","2026-06-10","1899-12-31 02:30:00",55
"Josh","2026-06-11 10:05:59","2026-06-10","1899-12-31 02:35:00",56
"Josh","2026-06-11 10:05:59","2026-06-10","1899-12-31 02:40:00",57
"Josh","2026-06-11 10:05:59","2026-06-10","1899-12-31 02:45:00",57
"Josh","2026-06-11 10:05:59","2026-06-10","1899-12-31 02:50:00",57
"Josh","2026-06-11 10:05:59","2026-06-10","1899-12-31 02:55:00",57
"Josh","2026-06-11 10:05:59","2026-06-10","1899-12-31 03:00:00",57
"Josh","2026-06-11 10:05:59","2026-06-10","1899-12-31 03:05:00",57
"Josh","2026-06-11 10:05:59","2026-06-10","1899-12-31 03:10:00",57
"Josh","2026-06-11 10:05:59","2026-06-10","1899-12-31 03:15:00",57
"Josh","2026-06-11 10:05:59","2026-06-10","1899-12-31 03:20:00",57
"Josh","2026-06-11 10:05:59","2026-06-10","1899-12-31 03:25:00",56
"Josh","2026-06-11 10:05:59","2026-06-10","1899-12-31 03:30:00",56
"Josh","2026-06-11 10:05:59","2026-06-10","1899-12-31 03:35:00",56
"Josh","2026-06-11 10:05:59","2026-06-10","1899-12-31 03:40:00",57
"Josh","2026-06-11 10:05:59","2026-06-10","1899-12-31 03:45:00",57
"Josh","2026-06-11 10:05:59","2026-06-10","1899-12-31 03:50:00",57
"Josh","2026-06-11 10:05:59","2026-06-10","1899-12-31 03:55:00",56
"Josh","2026-06-11 10:05:59","2026-06-10","1899-12-31 04:00:00",55
"Josh","2026-06-11 10:05:59","2026-06-10","1899-12-31 04:05:00",55
"Josh","2026-06-11 10:05:59","2026-06-10","1899-12-31 04:10:00",56
"Josh","2026-06-11 10:05:59","2026-06-10","1899-12-31 04:15:00",55
"Josh","2026-06-11 10:05:59","2026-06-10","1899-12-31 04:20:00",55
"Josh","2026-06-11 10:05:59","2026-06-10","1899-12-31 04:25:00",55
"Josh","2026-06-11 10:05:59","2026-06-10","1899-12-31 04:30:00",56
"Josh","2026-06-11 10:05:59","2026-06-10","1899-12-31 04:35:00",57
"Josh","2026-06-11 10:05:59","2026-06-10","1899-12-31 04:40:00",61
"Josh","2026-06-11 10:05:59","2026-06-10","1899-12-31 04:45:00",59
"Josh","2026-06-11 10:05:59","2026-06-10","1899-12-31 04:50:00",62
"Josh","2026-06-11 10:05:59","2026-06-10","1899-12-31 04:55:00",60
"Josh","2026-06-11 10:05:59","2026-06-10","1899-12-31 05:00:00",58
"Josh","2026-06-11 10:05:59","2026-06-10","1899-12-31 05:05:00",58
"Josh","2026-06-11 10:05:59","2026-06-10","1899-12-31 05:10:00",57
"Josh","2026-06-11 10:05:59","2026-06-10","1899-12-31 05:15:00",56
"Josh","2026-06-11 10:05:59","2026-06-10","1899-12-31 05:20:00",55
"Josh","2026-06-11 10:05:59","2026-06-10","1899-12-31 05:25:00",55
"Josh","2026-06-11 10:05:59","2026-06-10","1899-12-31 05:30:00",56
"Josh","2026-06-11 10:05:59","2026-06-10","1899-12-31 05:35:00",56
"Josh","2026-06-11 10:05:59","2026-06-10","1899-12-31 05:40:00",56
"Josh","2026-06-11 10:05:59","2026-06-10","1899-12-31 05:45:00",55
"Josh","2026-06-11 10:05:59","2026-06-10","1899-12-31 05:50:00",56
"Josh","2026-06-11 10:05:59","2026-06-10","1899-12-31 05:55:00",57
"Josh","2026-06-11 10:05:59","2026-06-10","1899-12-31 06:00:00",57
"Josh","2026-06-11 10:05:59","2026-06-10","1899-12-31 06:05:00",57
"Josh","2026-06-11 10:05:59","2026-06-10","1899-12-31 06:10:00",56
"Josh","2026-06-11 10:05:59","2026-06-10","1899-12-31 06:15:00",56
"Josh","2026-06-11 10:05:59","2026-06-10","1899-12-31 06:20:00",56
"Josh","2026-06-11 10:05:59","2026-06-10","1899-12-31 06:25:00",57
"Josh","2026-06-11 10:05:59","2026-06-10","1899-12-31 06:30:00",56
"Josh","2026-06-11 10:05:59","2026-06-10","1899-12-31 06:35:00",56
"Josh","2026-06-11 10:05:59","2026-06-10","1899-12-31 06:40:00",57
"Josh","2026-06-11 10:05:59","2026-06-10","1899-12-31 06:45:00",57
"Josh","2026-06-11 10:05:59","2026-06-10","1899-12-31 06:50:00",57
"Josh","2026-06-11 10:05:59","2026-06-10","1899-12-31 06:55:00",57
"Josh","2026-06-11 10:05:59","2026-06-10","1899-12-31 07:00:00",57
"Josh","2026-06-11 10:05:59","2026-06-10","1899-12-31 07:05:00",56
"Josh","2026-06-11 10:05:59","2026-06-10","1899-12-31 07:10:00",56
"Josh","2026-06-11 10:05:59","2026-06-10","1899-12-31 07:15:00",57
"Josh","2026-06-11 10:05:59","2026-06-10","1899-12-31 07:20:00",57
"Josh","2026-06-11 10:05:59","2026-06-10","1899-12-31 07:25:00",56
"Josh","2026-06-11 10:05:59","2026-06-10","1899-12-31 07:30:00",56
"Josh","2026-06-11 10:05:59","2026-06-10","1899-12-31 07:35:00",56
"Josh","2026-06-11 10:05:59","2026-06-10","1899-12-31 07:40:00",57
"Josh","2026-06-11 10:05:59","2026-06-10","1899-12-31 07:45:00",58
"Josh","2026-06-11 10:05:59","2026-06-10","1899-12-31 07:50:00",59
"Josh","2026-06-11 10:05:59","2026-06-10","1899-12-31 07:55:00",60
"Josh","2026-06-11 10:05:59","2026-06-10","1899-12-31 08:00:00",61
"Josh","2026-06-11 10:05:59","2026-06-10","1899-12-31 08:05:00",61
"Josh","2026-06-11 10:05:59","2026-06-10","1899-12-31 08:10:00",62
"Josh","2026-06-11 10:05:59","2026-06-10","1899-12-31 08:15:00",63
"Josh","2026-06-11 10:05:59","2026-06-10","1899-12-31 08:20:00",68
"Josh","2026-06-11 10:05:59","2026-06-10","1899-12-31 08:25:00",81
"Josh","2026-06-11 10:05:59","2026-06-10","1899-12-31 08:30:00",80
"Josh","2026-06-11 10:05:59","2026-06-10","1899-12-31 08:35:00",82
"Josh","2026-06-11 10:05:59","2026-06-10","1899-12-31 08:40:00",86
"Josh","2026-06-11 10:05:59","2026-06-10","1899-12-31 08:45:00",88
"Josh","2026-06-11 10:05:59","2026-06-10","1899-12-31 08:50:00",78
"Josh","2026-06-11 10:05:59","2026-06-10","1899-12-31 08:55:00",70
"Josh","2026-06-11 10:05:59","2026-06-10","1899-12-31 09:00:00",68
"Josh","2026-06-11 10:05:59","2026-06-10","1899-12-31 09:05:00",68
"Josh","2026-06-11 10:05:59","2026-06-10","1899-12-31 09:10:00",66
"Josh","2026-06-11 10:05:59","2026-06-10","1899-12-31 09:15:00",63
"Josh","2026-06-11 10:05:59","2026-06-10","1899-12-31 09:20:00",64
"Josh","2026-06-11 10:05:59","2026-06-10","1899-12-31 09:25:00",62
"Josh","2026-06-11 10:05:59","2026-06-10","1899-12-31 09:30:00",63
"Josh","2026-06-11 10:05:59","2026-06-10","1899-12-31 09:35:00",63
"Josh","2026-06-11 10:05:59","2026-06-10","1899-12-31 09:40:00",63
"Josh","2026-06-11 10:05:59","2026-06-10","1899-12-31 09:45:00",62
"Josh","2026-06-11 10:05:59","2026-06-10","1899-12-31 09:50:00",64
"Josh","2026-06-11 10:05:59","2026-06-10","1899-12-31 09:55:00",63
"Josh","2026-06-11 10:05:59","2026-06-10","1899-12-31 10:00:00",62
"Josh","2026-06-11 10:05:59","2026-06-10","1899-12-31 10:05:00",64
"Josh","2026-06-11 10:05:59","2026-06-10","1899-12-31 10:10:00",63
"Josh","2026-06-11 10:05:59","2026-06-10","1899-12-31 10:15:00",64
"Josh","2026-06-11 10:05:59","2026-06-10","1899-12-31 10:20:00",63
"Josh","2026-06-11 10:05:59","2026-06-10","1899-12-31 10:25:00",62
"Josh","2026-06-11 10:05:59","2026-06-10","1899-12-31 10:30:00",62
"Josh","2026-06-11 10:05:59","2026-06-10","1899-12-31 10:35:00",62
"Josh","2026-06-11 10:05:59","2026-06-10","1899-12-31 10:40:00",62
"Josh","2026-06-11 10:05:59","2026-06-10","1899-12-31 10:45:00",62
"Josh","2026-06-11 10:05:59","2026-06-10","1899-12-31 10:50:00",62
"Josh","2026-06-11 10:05:59","2026-06-10","1899-12-31 10:55:00",62
"Josh","2026-06-11 10:05:59","2026-06-10","1899-12-31 11:00:00",64
"Josh","2026-06-11 10:05:59","2026-06-10","1899-12-31 11:05:00",64
"Josh","2026-06-11 10:05:59","2026-06-10","1899-12-31 11:10:00",62
"Josh","2026-06-11 10:05:59","2026-06-10","1899-12-31 11:15:00",61
"Josh","2026-06-11 10:05:59","2026-06-10","1899-12-31 11:20:00",60
"Josh","2026-06-11 10:05:59","2026-06-10","1899-12-31 11:25:00",60
"Josh","2026-06-11 10:05:59","2026-06-10","1899-12-31 11:30:00",63
"Josh","2026-06-11 10:05:59","2026-06-10","1899-12-31 11:35:00",65
"Josh","2026-06-11 10:05:59","2026-06-10","1899-12-31 11:40:00",65
"Josh","2026-06-11 10:05:59","2026-06-10","1899-12-31 11:45:00",66
"Josh","2026-06-11 10:05:59","2026-06-10","1899-12-31 11:50:00",63
"Josh","2026-06-11 10:05:59","2026-06-10","1899-12-31 11:55:00",64
"Josh","2026-06-11 10:05:59","2026-06-10","1899-12-31 12:00:00",72
"Josh","2026-06-11 10:05:59","2026-06-10","1899-12-31 12:05:00",80
"Josh","2026-06-11 10:05:59","2026-06-10","1899-12-31 12:10:00",88
"Josh","2026-06-11 10:05:59","2026-06-10","1899-12-31 12:15:00",92
"Josh","2026-06-11 10:05:59","2026-06-10","1899-12-31 12:20:00",96
"Josh","2026-06-11 10:05:59","2026-06-10","1899-12-31 12:25:00",97
"Josh","2026-06-11 10:05:59","2026-06-10","1899-12-31 12:30:00",98
"Josh","2026-06-11 10:05:59","2026-06-10","1899-12-31 12:35:00",100
"Josh","2026-06-11 10:05:59","2026-06-10","1899-12-31 12:40:00",99
"Josh","2026-06-11 10:05:59","2026-06-10","1899-12-31 12:45:00",97
"Josh","2026-06-11 10:05:59","2026-06-10","1899-12-31 12:50:00",96
"Josh","2026-06-11 10:05:59","2026-06-10","1899-12-31 12:55:00",91
"Josh","2026-06-11 10:05:59","2026-06-10","1899-12-31 13:00:00",84
"Josh","2026-06-11 10:05:59","2026-06-10","1899-12-31 13:05:00",76
"Josh","2026-06-11 10:05:59","2026-06-10","1899-12-31 13:10:00",71
"Josh","2026-06-11 10:05:59","2026-06-10","1899-12-31 13:15:00",67
"Josh","2026-06-11 10:05:59","2026-06-10","1899-12-31 13:20:00",67
"Josh","2026-06-11 10:05:59","2026-06-10","1899-12-31 13:25:00",64
"Josh","2026-06-11 10:05:59","2026-06-10","1899-12-31 13:30:00",62
"Josh","2026-06-11 10:05:59","2026-06-10","1899-12-31 13:35:00",64
"Josh","2026-06-11 10:05:59","2026-06-10","1899-12-31 13:40:00",64
"Josh","2026-06-11 10:05:59","2026-06-10","1899-12-31 13:45:00",64
"Josh","2026-06-11 10:05:59","2026-06-10","1899-12-31 13:50:00",65
"Josh","2026-06-11 10:05:59","2026-06-10","1899-12-31 13:55:00",62
"Josh","2026-06-11 10:05:59","2026-06-10","1899-12-31 14:00:00",64
"Josh","2026-06-11 10:05:59","2026-06-10","1899-12-31 14:05:00",64
"Josh","2026-06-11 10:05:59","2026-06-10","1899-12-31 14:10:00",64
"Josh","2026-06-11 10:05:59","2026-06-10","1899-12-31 14:15:00",66
"Josh","2026-06-11 10:05:59","2026-06-10","1899-12-31 14:20:00",64
"Josh","2026-06-11 10:05:59","2026-06-10","1899-12-31 14:25:00",64
"Josh","2026-06-11 10:05:59","2026-06-10","1899-12-31 14:30:00",62
"Josh","2026-06-11 10:05:59","2026-06-10","1899-12-31 14:35:00",64
"Josh","2026-06-11 10:05:59","2026-06-10","1899-12-31 14:40:00",64
"Josh","2026-06-11 10:05:59","2026-06-10","1899-12-31 14:45:00",64
"Josh","2026-06-11 10:05:59","2026-06-10","1899-12-31 14:50:00",62
"Josh","2026-06-11 10:05:59","2026-06-10","1899-12-31 14:55:00",60
"Josh","2026-06-11 10:05:59","2026-06-10","1899-12-31 15:00:00",63
"Josh","2026-06-11 10:05:59","2026-06-10","1899-12-31 15:05:00",62
"Josh","2026-06-11 10:05:59","2026-06-10","1899-12-31 15:10:00",63
"Josh","2026-06-11 10:05:59","2026-06-10","1899-12-31 15:15:00",65
"Josh","2026-06-11 10:05:59","2026-06-10","1899-12-31 15:20:00",63
"Josh","2026-06-11 10:05:59","2026-06-10","1899-12-31 15:25:00",63
"Josh","2026-06-11 10:05:59","2026-06-10","1899-12-31 15:30:00",63
"Josh","2026-06-11 10:05:59","2026-06-10","1899-12-31 15:35:00",65
"Josh","2026-06-11 10:05:59","2026-06-10","1899-12-31 15:40:00",64
"Josh","2026-06-11 10:05:59","2026-06-10","1899-12-31 15:45:00",62
"Josh","2026-06-11 10:05:59","2026-06-10","1899-12-31 15:50:00",64
"Josh","2026-06-11 10:05:59","2026-06-10","1899-12-31 15:55:00",63
"Josh","2026-06-11 10:05:59","2026-06-10","1899-12-31 16:00:00",62
"Josh","2026-06-11 10:05:59","2026-06-10","1899-12-31 16:05:00",62
"Josh","2026-06-11 10:05:59","2026-06-10","1899-12-31 16:10:00",63
"Josh","2026-06-11 10:05:59","2026-06-10","1899-12-31 16:15:00",65
"Josh","2026-06-11 10:05:59","2026-06-10","1899-12-31 16:20:00",64
"Josh","2026-06-11 10:05:59","2026-06-10","1899-12-31 16:25:00",64
"Josh","2026-06-11 10:05:59","2026-06-10","1899-12-31 16:30:00",62
"Josh","2026-06-11 10:05:59","2026-06-10","1899-12-31 16:35:00",63
"Josh","2026-06-11 10:05:59","2026-06-10","1899-12-31 16:40:00",63
"Josh","2026-06-11 10:05:59","2026-06-10","1899-12-31 16:45:00",62
"Josh","2026-06-11 10:05:59","2026-06-10","1899-12-31 16:50:00",63
"Josh","2026-06-11 10:05:59","2026-06-10","1899-12-31 16:55:00",63
"Josh","2026-06-11 10:05:59","2026-06-10","1899-12-31 17:00:00",63
"Josh","2026-06-11 10:05:59","2026-06-10","1899-12-31 17:05:00",63
"Josh","2026-06-11 10:05:59","2026-06-10","1899-12-31 17:10:00",63
"Josh","2026-06-11 10:05:59","2026-06-10","1899-12-31 17:15:00",64
"Josh","2026-06-11 10:05:59","2026-06-10","1899-12-31 17:20:00",62
"Josh","2026-06-11 10:05:59","2026-06-10","1899-12-31 17:25:00",64
"Josh","2026-06-11 10:05:59","2026-06-10","1899-12-31 17:30:00",74
"Josh","2026-06-11 10:05:59","2026-06-10","1899-12-31 17:35:00",96
"Josh","2026-06-11 10:05:59","2026-06-10","1899-12-31 17:40:00",115
"Josh","2026-06-11 10:05:59","2026-06-10","1899-12-31 17:45:00",133
"Josh","2026-06-11 10:05:59","2026-06-10","1899-12-31 17:50:00",142
"Josh","2026-06-11 10:05:59","2026-06-10","1899-12-31 17:55:00",150
"Josh","2026-06-11 10:05:59","2026-06-10","1899-12-31 18:00:00",154
"Josh","2026-06-11 10:05:59","2026-06-10","1899-12-31 18:05:00",159
"Josh","2026-06-11 10:05:59","2026-06-10","1899-12-31 18:10:00",161
"Josh","2026-06-11 10:05:59","2026-06-10","1899-12-31 18:15:00",160
"Josh","2026-06-11 10:05:59","2026-06-10","1899-12-31 18:20:00",159
"Josh","2026-06-11 10:05:59","2026-06-10","1899-12-31 18:25:00",157
"Josh","2026-06-11 10:05:59","2026-06-10","1899-12-31 18:30:00",155
"Josh","2026-06-11 10:05:59","2026-06-10","1899-12-31 18:35:00",156
"Josh","2026-06-11 10:05:59","2026-06-10","1899-12-31 18:40:00",148
"Josh","2026-06-11 10:05:59","2026-06-10","1899-12-31 18:45:00",135
"Josh","2026-06-11 10:05:59","2026-06-10","1899-12-31 18:50:00",119
"Josh","2026-06-11 10:05:59","2026-06-10","1899-12-31 18:55:00",97
"Josh","2026-06-11 10:05:59","2026-06-10","1899-12-31 19:00:00",84
"Josh","2026-06-11 10:05:59","2026-06-10","1899-12-31 19:05:00",74
"Josh","2026-06-11 10:05:59","2026-06-10","1899-12-31 19:10:00",72
"Josh","2026-06-11 10:05:59","2026-06-10","1899-12-31 19:15:00",70
"Josh","2026-06-11 10:05:59","2026-06-10","1899-12-31 19:20:00",68
"Josh","2026-06-11 10:05:59","2026-06-10","1899-12-31 19:25:00",66
"Josh","2026-06-11 10:05:59","2026-06-10","1899-12-31 19:30:00",66
"Josh","2026-06-11 10:05:59","2026-06-10","1899-12-31 19:35:00",64
"Josh","2026-06-11 10:05:59","2026-06-10","1899-12-31 19:40:00",63
"Josh","2026-06-11 10:05:59","2026-06-10","1899-12-31 19:45:00",64
"Josh","2026-06-11 10:05:59","2026-06-10","1899-12-31 19:50:00",65
"Josh","2026-06-11 10:05:59","2026-06-10","1899-12-31 19:55:00",62
"Josh","2026-06-11 10:05:59","2026-06-10","1899-12-31 20:00:00",63
"Josh","2026-06-11 10:05:59","2026-06-10","1899-12-31 20:05:00",61
"Josh","2026-06-11 10:05:59","2026-06-10","1899-12-31 20:10:00",61
"Josh","2026-06-11 10:05:59","2026-06-10","1899-12-31 20:15:00",60
"Josh","2026-06-11 10:05:59","2026-06-10","1899-12-31 20:20:00",60
"Josh","2026-06-11 10:05:59","2026-06-10","1899-12-31 20:25:00",61
"Josh","2026-06-11 10:05:59","2026-06-10","1899-12-31 20:30:00",63
"Josh","2026-06-11 10:05:59","2026-06-10","1899-12-31 20:35:00",65
"Josh","2026-06-11 10:05:59","2026-06-10","1899-12-31 20:40:00",63
"Josh","2026-06-11 10:05:59","2026-06-10","1899-12-31 20:45:00",64
"Josh","2026-06-11 10:05:59","2026-06-10","1899-12-31 20:50:00",64
"Josh","2026-06-11 10:05:59","2026-06-10","1899-12-31 20:55:00",63
"Josh","2026-06-11 10:05:59","2026-06-10","1899-12-31 21:00:00",63
"Josh","2026-06-11 10:05:59","2026-06-10","1899-12-31 21:05:00",63
"Josh","2026-06-11 10:05:59","2026-06-10","1899-12-31 21:10:00",64
"Josh","2026-06-11 10:05:59","2026-06-10","1899-12-31 21:15:00",65
"Josh","2026-06-11 10:05:59","2026-06-10","1899-12-31 21:20:00",64
"Josh","2026-06-11 10:05:59","2026-06-10","1899-12-31 21:25:00",64
"Josh","2026-06-11 10:05:59","2026-06-10","1899-12-31 21:30:00",62
"Josh","2026-06-11 10:05:59","2026-06-10","1899-12-31 21:35:00",63
"Josh","2026-06-11 10:05:59","2026-06-10","1899-12-31 21:40:00",61
"Josh","2026-06-11 10:05:59","2026-06-10","1899-12-31 21:45:00",62
"Josh","2026-06-11 10:05:59","2026-06-10","1899-12-31 21:50:00",64
"Josh","2026-06-11 10:05:59","2026-06-10","1899-12-31 21:55:00",65
"Josh","2026-06-11 10:05:59","2026-06-10","1899-12-31 22:00:00",63
"Josh","2026-06-11 10:05:59","2026-06-10","1899-12-31 22:05:00",65
"Josh","2026-06-11 10:05:59","2026-06-10","1899-12-31 22:10:00",66
"Josh","2026-06-11 10:05:59","2026-06-10","1899-12-31 22:15:00",67
"Josh","2026-06-11 10:05:59","2026-06-10","1899-12-31 22:20:00",67
"Josh","2026-06-11 10:05:59","2026-06-10","1899-12-31 22:25:00",67
"Josh","2026-06-11 10:05:59","2026-06-10","1899-12-31 22:30:00",64
"Josh","2026-06-11 10:05:59","2026-06-10","1899-12-31 22:35:00",63
"Josh","2026-06-11 10:05:59","2026-06-10","1899-12-31 22:40:00",63
"Josh","2026-06-11 10:05:59","2026-06-10","1899-12-31 22:45:00",63
"Josh","2026-06-11 10:05:59","2026-06-10","1899-12-31 22:50:00",65
"Josh","2026-06-11 10:05:59","2026-06-10","1899-12-31 22:55:00",65
"Josh","2026-06-11 10:05:59","2026-06-10","1899-12-31 23:00:00",65
"Josh","2026-06-11 10:05:59","2026-06-10","1899-12-31 23:05:00",65
"Josh","2026-06-11 10:05:59","2026-06-10","1899-12-31 23:10:00",63
"Josh","2026-06-11 10:05:59","2026-06-10","1899-12-31 23:15:00",63
"Josh","2026-06-11 10:05:59","2026-06-10","1899-12-31 23:20:00",65
"Josh","2026-06-11 10:05:59","2026-06-10","1899-12-31 23:25:00",64
"Josh","2026-06-11 10:05:59","2026-06-10","1899-12-31 23:30:00",64
"Josh","2026-06-11 10:05:59","2026-06-10","1899-12-31 23:35:00",66
"Josh","2026-06-11 10:05:59","2026-06-10","1899-12-31 23:40:00",64
"Josh","2026-06-11 10:05:59","2026-06-10","1899-12-31 23:45:00",62
"Josh","2026-06-11 10:05:59","2026-06-10","1899-12-31 23:50:00",64
"Josh","2026-06-11 10:05:59","2026-06-10","1899-12-31 23:55:00",64
